TP_FUNDO_CLASSE;CNPJ_FUNDO_CLASSE;DENOM_SOCIAL;DT_COMPTC;ID_DOC;TP_APLIC;VL_VENDA_NEGOC;VL_AQUIS_NEGOC;VL_MERC_POS_FINAL;VL_CUSTO_POS_FINAL;DT_CONFID_APLIC
CLASSES - FIAGRO;28.152.777/0001-90;SUNO AGRO - FIAGRO RESPONSABILIDADE LIMITADA;2026-03-31;1199137;Cotas de Fundos;0;0;117743157;;2026-06-29
CLASSES - FIAGRO;28.152.777/0001-90;SUNO AGRO - FIAGRO RESPONSABILIDADE LIMITADA;2026-03-31;1199137;Disponibilidades;;;5000;;2026-06-29
CLASSES - FIAGRO;28.152.777/0001-90;SUNO AGRO - FIAGRO RESPONSABILIDADE LIMITADA;2026-03-31;1199137;Outras aplicações;;;54846456;;2026-06-29
CLASSES - FIAGRO;28.152.777/0001-90;SUNO AGRO - FIAGRO RESPONSABILIDADE LIMITADA;2026-03-31;1199137;Títulos ligados ao agronegócio;;;493655720;;2026-06-29
CLASSES - FIAGRO;28.152.777/0001-90;SUNO AGRO - FIAGRO RESPONSABILIDADE LIMITADA;2026-03-31;1199137;Títulos Públicos;0;0;15501413;;2026-06-29
CLASSES - FIAGRO;28.152.777/0001-90;SUNO AGRO - FIAGRO RESPONSABILIDADE LIMITADA;2026-03-31;1199137;Valores a pagar;;;9539725;;2026-06-29
CLASSES - FIAGRO;28.152.777/0001-90;SUNO AGRO - FIAGRO RESPONSABILIDADE LIMITADA;2026-03-31;1199137;Valores a receber;;;2429373;;2026-06-29
CLASSES - FIAGRO;30.283.448/0001-20;FATOR INNOVATION FIAGRO - DIREITOS CREDITÓRIOS;2026-03-31;1199154;Cotas de Fundos;0;0;24245275;;2026-06-29
CLASSES - FIAGRO;30.283.448/0001-20;FATOR INNOVATION FIAGRO - DIREITOS CREDITÓRIOS;2026-03-31;1199154;Disponibilidades;;;188;;2026-06-29
CLASSES - FIAGRO;30.283.448/0001-20;FATOR INNOVATION FIAGRO - DIREITOS CREDITÓRIOS;2026-03-31;1199154;Obrigações por venda a termo a entregar;;;2732773;;2026-06-29
CLASSES - FIAGRO;30.283.448/0001-20;FATOR INNOVATION FIAGRO - DIREITOS CREDITÓRIOS;2026-03-31;1199154;Outras aplicações;;;1464107;;2026-06-29
CLASSES - FIAGRO;30.283.448/0001-20;FATOR INNOVATION FIAGRO - DIREITOS CREDITÓRIOS;2026-03-31;1199154;Títulos ligados ao agronegócio;;;9010698;;2026-06-29
CLASSES - FIAGRO;30.283.448/0001-20;FATOR INNOVATION FIAGRO - DIREITOS CREDITÓRIOS;2026-03-31;1199154;Títulos Públicos;0;0;74813;;2026-06-29
CLASSES - FIAGRO;30.283.448/0001-20;FATOR INNOVATION FIAGRO - DIREITOS CREDITÓRIOS;2026-03-31;1199154;Valores a pagar;;;62488;;2026-06-29
CLASSES - FIAGRO;30.283.448/0001-20;FATOR INNOVATION FIAGRO - DIREITOS CREDITÓRIOS;2026-03-31;1199154;Valores a receber;;;765;;2026-06-29
CLASSES - FIAGRO;37.037.297/0001-70;GALAPAGOS RECEBÍVEIS DO AGRONEGÓCIO - FIAGRO-IMOBILIÁRIO RESPONSABILIDADE LIMITADA;2026-03-31;1199131;Cotas de Fundos;0;0;53322382;;2026-06-29
CLASSES - FIAGRO;37.037.297/0001-70;GALAPAGOS RECEBÍVEIS DO AGRONEGÓCIO - FIAGRO-IMOBILIÁRIO RESPONSABILIDADE LIMITADA;2026-03-31;1199131;Disponibilidades;;;288;;2026-06-29
CLASSES - FIAGRO;37.037.297/0001-70;GALAPAGOS RECEBÍVEIS DO AGRONEGÓCIO - FIAGRO-IMOBILIÁRIO RESPONSABILIDADE LIMITADA;2026-03-31;1199131;Operações Compromissadas;;;1531049;;2026-06-29
CLASSES - FIAGRO;37.037.297/0001-70;GALAPAGOS RECEBÍVEIS DO AGRONEGÓCIO - FIAGRO-IMOBILIÁRIO RESPONSABILIDADE LIMITADA;2026-03-31;1199131;Outras aplicações;;;27447916;;2026-06-29
CLASSES - FIAGRO;37.037.297/0001-70;GALAPAGOS RECEBÍVEIS DO AGRONEGÓCIO - FIAGRO-IMOBILIÁRIO RESPONSABILIDADE LIMITADA;2026-03-31;1199131;Títulos ligados ao agronegócio;;;73234929;;2026-06-29
CLASSES - FIAGRO;37.037.297/0001-70;GALAPAGOS RECEBÍVEIS DO AGRONEGÓCIO - FIAGRO-IMOBILIÁRIO RESPONSABILIDADE LIMITADA;2026-03-31;1199131;Valores a pagar;;;1686381;;2026-06-29
CLASSES - FIAGRO;37.037.297/0001-70;GALAPAGOS RECEBÍVEIS DO AGRONEGÓCIO - FIAGRO-IMOBILIÁRIO RESPONSABILIDADE LIMITADA;2026-03-31;1199131;Valores a receber;;;25034;;2026-06-29
CLASSES - FIAGRO;37.645.417/0001-11;UBYFOL AGRO III FUNDO DE INVESTIMENTO NAS CADEIAS PRODUTIVAS DO  AGRONEGÓCIO - RESP LIMITADA;2026-03-31;1192384;Cotas de Fundos;;;7013067;;2026-06-29
CLASSES - FIAGRO;37.645.417/0001-11;UBYFOL AGRO III FUNDO DE INVESTIMENTO NAS CADEIAS PRODUTIVAS DO  AGRONEGÓCIO - RESP LIMITADA;2026-03-31;1192384;Disponibilidades;;;356742;;2026-06-29
CLASSES - FIAGRO;37.645.417/0001-11;UBYFOL AGRO III FUNDO DE INVESTIMENTO NAS CADEIAS PRODUTIVAS DO  AGRONEGÓCIO - RESP LIMITADA;2026-03-31;1192384;Outras aplicações;0;0;17778427;;2026-06-29
CLASSES - FIAGRO;37.645.417/0001-11;UBYFOL AGRO III FUNDO DE INVESTIMENTO NAS CADEIAS PRODUTIVAS DO  AGRONEGÓCIO - RESP LIMITADA;2026-03-31;1192384;Títulos Públicos;0;0;1408201;;2026-06-29
CLASSES - FIAGRO;37.645.417/0001-11;UBYFOL AGRO III FUNDO DE INVESTIMENTO NAS CADEIAS PRODUTIVAS DO  AGRONEGÓCIO - RESP LIMITADA;2026-03-31;1192384;Valores a pagar;;;11826475;;2026-06-29
CLASSES - FIAGRO;41.218.352/0001-03;OURINVEST INNOVATION - FIAGRO RESPONSABILIDADE LIMITADA;2026-03-31;1199134;Cotas de Fundos;0;0;61508046;;2026-06-29
CLASSES - FIAGRO;41.218.352/0001-03;OURINVEST INNOVATION - FIAGRO RESPONSABILIDADE LIMITADA;2026-03-31;1199134;Disponibilidades;;;187;;2026-06-29
CLASSES - FIAGRO;41.218.352/0001-03;OURINVEST INNOVATION - FIAGRO RESPONSABILIDADE LIMITADA;2026-03-31;1199134;Outras aplicações;;;4444316;;2026-06-29
CLASSES - FIAGRO;41.218.352/0001-03;OURINVEST INNOVATION - FIAGRO RESPONSABILIDADE LIMITADA;2026-03-31;1199134;Títulos ligados ao agronegócio;;;23069682;;2026-06-29
CLASSES - FIAGRO;41.218.352/0001-03;OURINVEST INNOVATION - FIAGRO RESPONSABILIDADE LIMITADA;2026-03-31;1199134;Valores a pagar;;;235574;;2026-06-29
CLASSES - FIAGRO;41.218.352/0001-03;OURINVEST INNOVATION - FIAGRO RESPONSABILIDADE LIMITADA;2026-03-31;1199134;Valores a receber;;;13127;;2026-06-29
CLASSES - FIAGRO;41.520.452/0001-81;AGROFORTE - FUNDO DE INVESTIMENTO NAS CADEIAS PRODUTIVAS AGROINDUSTRIAIS - RESPONSABILIDADE LIMITADA;2026-03-31;1199127;Disponibilidades;;;447;;2026-06-29
CLASSES - FIAGRO;41.520.452/0001-81;AGROFORTE - FUNDO DE INVESTIMENTO NAS CADEIAS PRODUTIVAS AGROINDUSTRIAIS - RESPONSABILIDADE LIMITADA;2026-03-31;1199127;Operações Compromissadas;;;12427742;;2026-06-29
CLASSES - FIAGRO;41.520.452/0001-81;AGROFORTE - FUNDO DE INVESTIMENTO NAS CADEIAS PRODUTIVAS AGROINDUSTRIAIS - RESPONSABILIDADE LIMITADA;2026-03-31;1199127;Outras aplicações;;;8678817;;2026-06-29
CLASSES - FIAGRO;41.520.452/0001-81;AGROFORTE - FUNDO DE INVESTIMENTO NAS CADEIAS PRODUTIVAS AGROINDUSTRIAIS - RESPONSABILIDADE LIMITADA;2026-03-31;1199127;Valores a pagar;;;890819;;2026-06-29
CLASSES - FIAGRO;41.520.452/0001-81;AGROFORTE - FUNDO DE INVESTIMENTO NAS CADEIAS PRODUTIVAS AGROINDUSTRIAIS - RESPONSABILIDADE LIMITADA;2026-03-31;1199127;Valores a receber;;;152912870;;2026-06-29
CLASSES - FIAGRO;42.133.756/0001-59;NAGRO GHIA FUNDO DE INVESTIMENTO NAS CADEIAS PRODUTIVAS AGROINDUSTRIAIS - DIREITOS CREDITÓRIOS;2026-03-31;1192538;Valores a pagar;;;17475;;2026-06-29
CLASSES - FIAGRO;42.133.756/0001-59;NAGRO GHIA FUNDO DE INVESTIMENTO NAS CADEIAS PRODUTIVAS AGROINDUSTRIAIS - DIREITOS CREDITÓRIOS;2026-03-31;1192538;Valores a receber;;;1195;;2026-06-29
CLASSES - FIAGRO;44.272.584/0001-20;LAVORO AGRO FIDC DAS CADEIAS PRODUTIVAS AGROINDUSTRIAIS - REPONSABILIDADE LIMITADA;2026-03-31;1192379;Cotas de Fundos;;;270574;;2026-06-29
CLASSES - FIAGRO;44.272.584/0001-20;LAVORO AGRO FIDC DAS CADEIAS PRODUTIVAS AGROINDUSTRIAIS - REPONSABILIDADE LIMITADA;2026-03-31;1192379;Disponibilidades;;;324156;;2026-06-29
CLASSES - FIAGRO;44.272.584/0001-20;LAVORO AGRO FIDC DAS CADEIAS PRODUTIVAS AGROINDUSTRIAIS - REPONSABILIDADE LIMITADA;2026-03-31;1192379;Outras aplicações;3800000;0;40815538;;2026-06-29
CLASSES - FIAGRO;44.272.584/0001-20;LAVORO AGRO FIDC DAS CADEIAS PRODUTIVAS AGROINDUSTRIAIS - REPONSABILIDADE LIMITADA;2026-03-31;1192379;Valores a pagar;;;43027274;;2026-06-29
CLASSES - FIAGRO;44.272.584/0001-20;LAVORO AGRO FIDC DAS CADEIAS PRODUTIVAS AGROINDUSTRIAIS - REPONSABILIDADE LIMITADA;2026-03-31;1192379;Valores a receber;;;1456236;;2026-06-29
CLASSES - FIAGRO;44.302.001/0001-66;CULTTIVO CRÉDITO AGRÍCOLA FIAGRO - DIREITOS CREDITÓRIOS DE RESPONSABILIDADE LIMITADA;2026-03-31;1192410;Cotas de Fundos;;;595189;;2026-06-29
CLASSES - FIAGRO;44.302.001/0001-66;CULTTIVO CRÉDITO AGRÍCOLA FIAGRO - DIREITOS CREDITÓRIOS DE RESPONSABILIDADE LIMITADA;2026-03-31;1192410;Disponibilidades;;;11947;;2026-06-29
CLASSES - FIAGRO;44.302.001/0001-66;CULTTIVO CRÉDITO AGRÍCOLA FIAGRO - DIREITOS CREDITÓRIOS DE RESPONSABILIDADE LIMITADA;2026-03-31;1192410;Outras aplicações;0;1960000;193316750;;2026-06-29
CLASSES - FIAGRO;44.302.001/0001-66;CULTTIVO CRÉDITO AGRÍCOLA FIAGRO - DIREITOS CREDITÓRIOS DE RESPONSABILIDADE LIMITADA;2026-03-31;1192410;Títulos de Crédito Privado;;;803042;;2026-06-29
CLASSES - FIAGRO;44.302.001/0001-66;CULTTIVO CRÉDITO AGRÍCOLA FIAGRO - DIREITOS CREDITÓRIOS DE RESPONSABILIDADE LIMITADA;2026-03-31;1192410;Títulos ligados ao agronegócio;;;13765020;;2026-06-29
CLASSES - FIAGRO;44.302.001/0001-66;CULTTIVO CRÉDITO AGRÍCOLA FIAGRO - DIREITOS CREDITÓRIOS DE RESPONSABILIDADE LIMITADA;2026-03-31;1192410;Valores a pagar;;;10431427;;2026-06-29
CLASSES - FIAGRO;44.302.001/0001-66;CULTTIVO CRÉDITO AGRÍCOLA FIAGRO - DIREITOS CREDITÓRIOS DE RESPONSABILIDADE LIMITADA;2026-03-31;1192410;Valores a receber;;;582233;;2026-06-29
CLASSES - FIAGRO;47.846.916/0001-20;FIAGRO SINAI PRIME FUNDO DE INVESTIMENTO IMOBILIÁRIO DE CLASSE ÚNICA;2026-03-31;1199130;Cotas de Fundos;0;0;571327;;2026-06-29
CLASSES - FIAGRO;47.846.916/0001-20;FIAGRO SINAI PRIME FUNDO DE INVESTIMENTO IMOBILIÁRIO DE CLASSE ÚNICA;2026-03-31;1199130;Disponibilidades;;;0;;2026-06-29
CLASSES - FIAGRO;47.846.916/0001-20;FIAGRO SINAI PRIME FUNDO DE INVESTIMENTO IMOBILIÁRIO DE CLASSE ÚNICA;2026-03-31;1199130;Outras aplicações;;;821;;2026-06-29
CLASSES - FIAGRO;47.846.916/0001-20;FIAGRO SINAI PRIME FUNDO DE INVESTIMENTO IMOBILIÁRIO DE CLASSE ÚNICA;2026-03-31;1199130;Títulos ligados ao agronegócio;;;7414778;;2026-06-29
CLASSES - FIAGRO;47.846.916/0001-20;FIAGRO SINAI PRIME FUNDO DE INVESTIMENTO IMOBILIÁRIO DE CLASSE ÚNICA;2026-03-31;1199130;Valores a pagar;;;58090;;2026-06-29
CLASSES - FIAGRO;47.846.916/0001-20;FIAGRO SINAI PRIME FUNDO DE INVESTIMENTO IMOBILIÁRIO DE CLASSE ÚNICA;2026-03-31;1199130;Valores a receber;;;510;;2026-06-29
CLASSES - FIAGRO;47.936.340/0001-92;FUNDO DE INVESTIMENTO NAS CADEIAS PRODUTIVAS AGROINDUSTRIAIS OPEA AGRO INSUMOS RESPONSABILIDADE LIMI;2026-03-31;1192382;Cotas de Fundos;;;128114204;;2026-06-29
CLASSES - FIAGRO;47.936.340/0001-92;FUNDO DE INVESTIMENTO NAS CADEIAS PRODUTIVAS AGROINDUSTRIAIS OPEA AGRO INSUMOS RESPONSABILIDADE LIMI;2026-03-31;1192382;DIFERENCIAL DE SWAP A PAGAR;;;1119179;;2026-06-29
CLASSES - FIAGRO;47.936.340/0001-92;FUNDO DE INVESTIMENTO NAS CADEIAS PRODUTIVAS AGROINDUSTRIAIS OPEA AGRO INSUMOS RESPONSABILIDADE LIMI;2026-03-31;1192382;DIFERENCIAL DE SWAP A RECEBER;;;10379;;2026-06-29
CLASSES - FIAGRO;47.936.340/0001-92;FUNDO DE INVESTIMENTO NAS CADEIAS PRODUTIVAS AGROINDUSTRIAIS OPEA AGRO INSUMOS RESPONSABILIDADE LIMI;2026-03-31;1192382;Disponibilidades;;;5913008;;2026-06-29
CLASSES - FIAGRO;47.936.340/0001-92;FUNDO DE INVESTIMENTO NAS CADEIAS PRODUTIVAS AGROINDUSTRIAIS OPEA AGRO INSUMOS RESPONSABILIDADE LIMI;2026-03-31;1192382;Outras aplicações;0;0;-13516230;;2026-06-29
CLASSES - FIAGRO;47.936.340/0001-92;FUNDO DE INVESTIMENTO NAS CADEIAS PRODUTIVAS AGROINDUSTRIAIS OPEA AGRO INSUMOS RESPONSABILIDADE LIMI;2026-03-31;1192382;Valores a pagar;;;107207506;;2026-06-29
CLASSES - FIAGRO;47.936.340/0001-92;FUNDO DE INVESTIMENTO NAS CADEIAS PRODUTIVAS AGROINDUSTRIAIS OPEA AGRO INSUMOS RESPONSABILIDADE LIMI;2026-03-31;1192382;Valores a receber;;;80042;;2026-06-29
CLASSES - FIAGRO;48.946.335/0001-23;NAGRO OIKOS FUNDO DE INVESTIMENTO NAS CADEIAS PRODUTIVAS AGROINDUSTRIAIS - DIREITOS CREDITÓRIOS;2026-03-31;1192381;Cotas de Fundos;;;1485407;;2026-06-29
CLASSES - FIAGRO;48.946.335/0001-23;NAGRO OIKOS FUNDO DE INVESTIMENTO NAS CADEIAS PRODUTIVAS AGROINDUSTRIAIS - DIREITOS CREDITÓRIOS;2026-03-31;1192381;Outras aplicações;3000000;7260856;82313246;;2026-06-29
CLASSES - FIAGRO;48.946.335/0001-23;NAGRO OIKOS FUNDO DE INVESTIMENTO NAS CADEIAS PRODUTIVAS AGROINDUSTRIAIS - DIREITOS CREDITÓRIOS;2026-03-31;1192381;Outros valores mobiliários registrados na CVM objeto de oferta pública;0;0;2835007;;2026-06-29
CLASSES - FIAGRO;48.946.335/0001-23;NAGRO OIKOS FUNDO DE INVESTIMENTO NAS CADEIAS PRODUTIVAS AGROINDUSTRIAIS - DIREITOS CREDITÓRIOS;2026-03-31;1192381;Títulos ligados ao agronegócio;;;11442029;;2026-06-29
CLASSES - FIAGRO;48.946.335/0001-23;NAGRO OIKOS FUNDO DE INVESTIMENTO NAS CADEIAS PRODUTIVAS AGROINDUSTRIAIS - DIREITOS CREDITÓRIOS;2026-03-31;1192381;Valores a pagar;;;26454004;;2026-06-29
CLASSES - FIAGRO;48.946.335/0001-23;NAGRO OIKOS FUNDO DE INVESTIMENTO NAS CADEIAS PRODUTIVAS AGROINDUSTRIAIS - DIREITOS CREDITÓRIOS;2026-03-31;1192381;Valores a receber;;;5124273;;2026-06-29
CLASSES - FIAGRO;50.089.559/0001-08;AGRICONNECTION FIAGRO - DIREITOS CREDITÓRIOS;2026-03-31;1199126;Cotas de Fundos;0;0;5921692;;2026-06-29
CLASSES - FIAGRO;50.089.559/0001-08;AGRICONNECTION FIAGRO - DIREITOS CREDITÓRIOS;2026-03-31;1199126;Disponibilidades;;;363;;2026-06-29
CLASSES - FIAGRO;50.089.559/0001-08;AGRICONNECTION FIAGRO - DIREITOS CREDITÓRIOS;2026-03-31;1199126;Outras aplicações;;;234013;;2026-06-29
CLASSES - FIAGRO;50.089.559/0001-08;AGRICONNECTION FIAGRO - DIREITOS CREDITÓRIOS;2026-03-31;1199126;Títulos Públicos;0;0;205767;;2026-06-29
CLASSES - FIAGRO;50.089.559/0001-08;AGRICONNECTION FIAGRO - DIREITOS CREDITÓRIOS;2026-03-31;1199126;Valores a pagar;;;76762;;2026-06-29
CLASSES - FIAGRO;50.089.559/0001-08;AGRICONNECTION FIAGRO - DIREITOS CREDITÓRIOS;2026-03-31;1199126;Valores a receber;;;170337666;;2026-06-29
CLASSES - FIAGRO;50.749.446/0001-91;CAETÊ FIAGRO - FUNDO DE INVESTIMENTO EM DIREITOS  CREDITÓRIOS;2026-03-31;1192413;Cotas de Fundos;;;143552;;2026-06-29
CLASSES - FIAGRO;50.749.446/0001-91;CAETÊ FIAGRO - FUNDO DE INVESTIMENTO EM DIREITOS  CREDITÓRIOS;2026-03-31;1192413;Outras aplicações;0;548893;-1;;2026-06-29
CLASSES - FIAGRO;50.749.446/0001-91;CAETÊ FIAGRO - FUNDO DE INVESTIMENTO EM DIREITOS  CREDITÓRIOS;2026-03-31;1192413;Valores a pagar;;;66070;;2026-06-29
CLASSES - FIAGRO;50.749.446/0001-91;CAETÊ FIAGRO - FUNDO DE INVESTIMENTO EM DIREITOS  CREDITÓRIOS;2026-03-31;1192413;Valores a receber;;;30320936;;2026-06-29
CLASSES - FIAGRO;50.860.854/0001-16;THRÉPSI FIAGRO FUNDO DE INVESTIMENTO EM DIREITOS CREDITÓRIOS DE RESPONSABILIDADE LIMITADA;2026-03-31;1179238;Cotas de Fundos;;;1060464;;2026-06-29
CLASSES - FIAGRO;50.860.854/0001-16;THRÉPSI FIAGRO FUNDO DE INVESTIMENTO EM DIREITOS CREDITÓRIOS DE RESPONSABILIDADE LIMITADA;2026-03-31;1179238;Disponibilidades;;;4741614;;2026-06-29
CLASSES - FIAGRO;50.860.854/0001-16;THRÉPSI FIAGRO FUNDO DE INVESTIMENTO EM DIREITOS CREDITÓRIOS DE RESPONSABILIDADE LIMITADA;2026-03-31;1179238;Títulos ligados ao agronegócio;;;18502930;;2026-06-29
CLASSES - FIAGRO;50.860.854/0001-16;THRÉPSI FIAGRO FUNDO DE INVESTIMENTO EM DIREITOS CREDITÓRIOS DE RESPONSABILIDADE LIMITADA;2026-03-31;1179238;Valores a pagar;;;162476;;2026-06-29
CLASSES - FIAGRO;50.860.854/0001-16;THRÉPSI FIAGRO FUNDO DE INVESTIMENTO EM DIREITOS CREDITÓRIOS DE RESPONSABILIDADE LIMITADA;2026-03-31;1179238;Valores a receber;;;61;;2026-06-29
CLASSES - FIAGRO;51.707.901/0001-59;BAVIERA PURA ORIGEM FIAGRO - RESPONSABILIDADE LIMITADA;2026-03-31;1199128;Cotas de Fundos;0;0;2630935;;2026-06-29
CLASSES - FIAGRO;51.707.901/0001-59;BAVIERA PURA ORIGEM FIAGRO - RESPONSABILIDADE LIMITADA;2026-03-31;1199128;Disponibilidades;;;208003;;2026-06-29
CLASSES - FIAGRO;51.707.901/0001-59;BAVIERA PURA ORIGEM FIAGRO - RESPONSABILIDADE LIMITADA;2026-03-31;1199128;Outras aplicações;;;2438083;;2026-06-29
CLASSES - FIAGRO;51.707.901/0001-59;BAVIERA PURA ORIGEM FIAGRO - RESPONSABILIDADE LIMITADA;2026-03-31;1199128;Valores a pagar;;;112118;;2026-06-29
CLASSES - FIAGRO;51.707.901/0001-59;BAVIERA PURA ORIGEM FIAGRO - RESPONSABILIDADE LIMITADA;2026-03-31;1199128;Valores a receber;;;49901197;;2026-06-29
CLASSES - FIAGRO;52.286.115/0001-98;AGROGALAXY FORNECEDORES FI NAS CADEIAS PRODUTIVAS AGROINDUSTRIAIS FIAGRO DC - RESP LIMITADA;2026-03-31;1192502;Cotas de Fundos;;;3026478;;2026-06-29
CLASSES - FIAGRO;52.286.115/0001-98;AGROGALAXY FORNECEDORES FI NAS CADEIAS PRODUTIVAS AGROINDUSTRIAIS FIAGRO DC - RESP LIMITADA;2026-03-31;1192502;Disponibilidades;;;152;;2026-06-29
CLASSES - FIAGRO;52.286.115/0001-98;AGROGALAXY FORNECEDORES FI NAS CADEIAS PRODUTIVAS AGROINDUSTRIAIS FIAGRO DC - RESP LIMITADA;2026-03-31;1192502;Outras aplicações;0;0;320124462;;2026-06-29
CLASSES - FIAGRO;52.286.115/0001-98;AGROGALAXY FORNECEDORES FI NAS CADEIAS PRODUTIVAS AGROINDUSTRIAIS FIAGRO DC - RESP LIMITADA;2026-03-31;1192502;Títulos de Crédito Privado;;;304160206;;2026-06-29
CLASSES - FIAGRO;52.286.115/0001-98;AGROGALAXY FORNECEDORES FI NAS CADEIAS PRODUTIVAS AGROINDUSTRIAIS FIAGRO DC - RESP LIMITADA;2026-03-31;1192502;Valores a pagar;;;530282924;;2026-06-29
CLASSES - FIAGRO;52.908.543/0001-05;FIAGRO OPEA BIOFINANCE - DIREITOS CREDITÓRIOS RESPONSABILIDADE LIMITADA;2026-03-31;1192370;Ações;0;0;425146;;2026-06-29
CLASSES - FIAGRO;52.908.543/0001-05;FIAGRO OPEA BIOFINANCE - DIREITOS CREDITÓRIOS RESPONSABILIDADE LIMITADA;2026-03-31;1192370;Cotas de Fundos;;;57796711;;2026-06-29
CLASSES - FIAGRO;52.908.543/0001-05;FIAGRO OPEA BIOFINANCE - DIREITOS CREDITÓRIOS RESPONSABILIDADE LIMITADA;2026-03-31;1192370;Disponibilidades;;;82883;;2026-06-29
CLASSES - FIAGRO;52.908.543/0001-05;FIAGRO OPEA BIOFINANCE - DIREITOS CREDITÓRIOS RESPONSABILIDADE LIMITADA;2026-03-31;1192370;Outras aplicações;0;0;146437362;;2026-06-29
CLASSES - FIAGRO;52.908.543/0001-05;FIAGRO OPEA BIOFINANCE - DIREITOS CREDITÓRIOS RESPONSABILIDADE LIMITADA;2026-03-31;1192370;Valores a pagar;;;7345561;;2026-06-29
CLASSES - FIAGRO;52.908.543/0001-05;FIAGRO OPEA BIOFINANCE - DIREITOS CREDITÓRIOS RESPONSABILIDADE LIMITADA;2026-03-31;1192370;Valores a receber;;;184256;;2026-06-29
CLASSES - FIAGRO;53.215.017/0001-22;MULTITÉCNICA FIAGRO RESPONSABILIDADE LIMITADA;2026-03-31;1199153;Cotas de Fundos;0;0;56977415;;2026-06-29
CLASSES - FIAGRO;53.215.017/0001-22;MULTITÉCNICA FIAGRO RESPONSABILIDADE LIMITADA;2026-03-31;1199153;Disponibilidades;;;0;;2026-06-29
CLASSES - FIAGRO;53.215.017/0001-22;MULTITÉCNICA FIAGRO RESPONSABILIDADE LIMITADA;2026-03-31;1199153;Títulos ligados ao agronegócio;;;75207015;;2026-06-29
CLASSES - FIAGRO;53.215.017/0001-22;MULTITÉCNICA FIAGRO RESPONSABILIDADE LIMITADA;2026-03-31;1199153;Valores a pagar;;;204812;;2026-06-29
CLASSES - FIAGRO;53.215.017/0001-22;MULTITÉCNICA FIAGRO RESPONSABILIDADE LIMITADA;2026-03-31;1199153;Valores a receber;;;29898193;;2026-06-29
CLASSES - FIAGRO;53.313.475/0001-02;SUNO FAZENDAS FIAGRO - IMOBILIÁRIO;2026-03-31;1199138;Cotas de Fundos;0;0;951143;;2026-06-29
CLASSES - FIAGRO;53.313.475/0001-02;SUNO FAZENDAS FIAGRO - IMOBILIÁRIO;2026-03-31;1199138;Disponibilidades;;;5000;;2026-06-29
CLASSES - FIAGRO;53.313.475/0001-02;SUNO FAZENDAS FIAGRO - IMOBILIÁRIO;2026-03-31;1199138;Obrigações por compra a termo a pagar;;;51657376;;2026-06-29
CLASSES - FIAGRO;53.313.475/0001-02;SUNO FAZENDAS FIAGRO - IMOBILIÁRIO;2026-03-31;1199138;Outras aplicações;;;90051831;;2026-06-29
CLASSES - FIAGRO;53.313.475/0001-02;SUNO FAZENDAS FIAGRO - IMOBILIÁRIO;2026-03-31;1199138;Títulos ligados ao agronegócio;;;81230105;;2026-06-29
CLASSES - FIAGRO;53.313.475/0001-02;SUNO FAZENDAS FIAGRO - IMOBILIÁRIO;2026-03-31;1199138;Valores a pagar;;;1367253;;2026-06-29
CLASSES - FIAGRO;53.313.475/0001-02;SUNO FAZENDAS FIAGRO - IMOBILIÁRIO;2026-03-31;1199138;Valores a receber;;;134176;;2026-06-29
CLASSES - FIAGRO;53.560.992/0001-78;NOOA FIAGRO RESPONSABILIDADE LIMITADA;2026-03-31;1199133;Cotas de Fundos;0;0;1327149;;2026-06-29
CLASSES - FIAGRO;53.560.992/0001-78;NOOA FIAGRO RESPONSABILIDADE LIMITADA;2026-03-31;1199133;Disponibilidades;;;2000;;2026-06-29
CLASSES - FIAGRO;53.560.992/0001-78;NOOA FIAGRO RESPONSABILIDADE LIMITADA;2026-03-31;1199133;Outras aplicações;;;6184141;;2026-06-29
CLASSES - FIAGRO;53.560.992/0001-78;NOOA FIAGRO RESPONSABILIDADE LIMITADA;2026-03-31;1199133;Valores a pagar;;;65775;;2026-06-29
CLASSES - FIAGRO;53.560.992/0001-78;NOOA FIAGRO RESPONSABILIDADE LIMITADA;2026-03-31;1199133;Valores a receber;;;44897861;;2026-06-29
CLASSES - FIAGRO;55.476.342/0001-74;LAVORO AGRO II FIDC DAS CADEIAS PRODUTIVAS AGROINDUSTRIAIS FIAGRO - DIREITOS CREDITÓRIOS RESP LTDA;2026-03-31;1192182;Disponibilidades;;;3393478;;2026-06-29
CLASSES - FIAGRO;55.476.342/0001-74;LAVORO AGRO II FIDC DAS CADEIAS PRODUTIVAS AGROINDUSTRIAIS FIAGRO - DIREITOS CREDITÓRIOS RESP LTDA;2026-03-31;1192182;Outras aplicações;0;0;107939886;;2026-06-29
CLASSES - FIAGRO;55.476.342/0001-74;LAVORO AGRO II FIDC DAS CADEIAS PRODUTIVAS AGROINDUSTRIAIS FIAGRO - DIREITOS CREDITÓRIOS RESP LTDA;2026-03-31;1192182;Valores a pagar;;;113778934;;2026-06-29
CLASSES - FIAGRO;55.657.680/0001-02;BOCOM BBM FIAGRO - RESPONSABILIDADE LIMITADA;2026-03-31;1182501;DIFERENCIAL DE SWAP A PAGAR;;;1144575;;2026-06-29
CLASSES - FIAGRO;55.657.680/0001-02;BOCOM BBM FIAGRO - RESPONSABILIDADE LIMITADA;2026-03-31;1182501;DIFERENCIAL DE SWAP A RECEBER;;;13448059;;2026-06-29
CLASSES - FIAGRO;55.657.680/0001-02;BOCOM BBM FIAGRO - RESPONSABILIDADE LIMITADA;2026-03-31;1182501;Disponibilidades;;;26483;;2026-06-29
CLASSES - FIAGRO;55.657.680/0001-02;BOCOM BBM FIAGRO - RESPONSABILIDADE LIMITADA;2026-03-31;1182501;Operações Compromissadas;;;7285746;;2026-06-29
CLASSES - FIAGRO;55.657.680/0001-02;BOCOM BBM FIAGRO - RESPONSABILIDADE LIMITADA;2026-03-31;1182501;Outras aplicações;;;73128;;2026-06-29
CLASSES - FIAGRO;55.657.680/0001-02;BOCOM BBM FIAGRO - RESPONSABILIDADE LIMITADA;2026-03-31;1182501;Títulos ligados ao agronegócio;;;149511670;;2026-06-29
CLASSES - FIAGRO;55.657.680/0001-02;BOCOM BBM FIAGRO - RESPONSABILIDADE LIMITADA;2026-03-31;1182501;Valores a pagar;;;2506547;;2026-06-29
CLASSES - FIAGRO;55.657.680/0001-02;BOCOM BBM FIAGRO - RESPONSABILIDADE LIMITADA;2026-03-31;1182501;Valores a receber;;;64033;;2026-06-29
CLASSES - FIAGRO;56.936.116/0001-91;FATOR TARKEN FIAGRO;2026-03-31;1199129;Cotas de Fundos;0;0;2902900;;2026-06-29
CLASSES - FIAGRO;56.936.116/0001-91;FATOR TARKEN FIAGRO;2026-03-31;1199129;Disponibilidades;;;102;;2026-06-29
CLASSES - FIAGRO;56.936.116/0001-91;FATOR TARKEN FIAGRO;2026-03-31;1199129;Outras aplicações;;;310882;;2026-06-29
CLASSES - FIAGRO;56.936.116/0001-91;FATOR TARKEN FIAGRO;2026-03-31;1199129;Valores a pagar;;;363429;;2026-06-29
CLASSES - FIAGRO;56.936.116/0001-91;FATOR TARKEN FIAGRO;2026-03-31;1199129;Valores a receber;;;156108120;;2026-06-29
CLASSES - FIAGRO;57.131.490/0001-82;PONTO RURAL FIAGRO RESPONSABILIDADE LIMITADA;2026-03-31;1199135;Cotas de Fundos;0;0;13520038;;2026-06-29
CLASSES - FIAGRO;57.131.490/0001-82;PONTO RURAL FIAGRO RESPONSABILIDADE LIMITADA;2026-03-31;1199135;Disponibilidades;;;97;;2026-06-29
CLASSES - FIAGRO;57.131.490/0001-82;PONTO RURAL FIAGRO RESPONSABILIDADE LIMITADA;2026-03-31;1199135;Outras aplicações;;;79;;2026-06-29
CLASSES - FIAGRO;57.131.490/0001-82;PONTO RURAL FIAGRO RESPONSABILIDADE LIMITADA;2026-03-31;1199135;Títulos Públicos;0;0;187008;;2026-06-29
CLASSES - FIAGRO;57.131.490/0001-82;PONTO RURAL FIAGRO RESPONSABILIDADE LIMITADA;2026-03-31;1199135;Valores a pagar;;;103637;;2026-06-29
CLASSES - FIAGRO;57.131.490/0001-82;PONTO RURAL FIAGRO RESPONSABILIDADE LIMITADA;2026-03-31;1199135;Valores a receber;;;119882132;;2026-06-29
CLASSES - FIAGRO;57.305.969/0001-98;POLLI FIAGRO -DIREITOS CREDITÓRIOS - RESPONSABILIDADE LIMITADA;2026-03-31;1192465;Cotas de Fundos;;;826375;;2026-06-29
CLASSES - FIAGRO;57.305.969/0001-98;POLLI FIAGRO -DIREITOS CREDITÓRIOS - RESPONSABILIDADE LIMITADA;2026-03-31;1192465;Disponibilidades;;;118972;;2026-06-29
CLASSES - FIAGRO;57.305.969/0001-98;POLLI FIAGRO -DIREITOS CREDITÓRIOS - RESPONSABILIDADE LIMITADA;2026-03-31;1192465;Outras aplicações;0;0;1414938;;2026-06-29
CLASSES - FIAGRO;57.305.969/0001-98;POLLI FIAGRO -DIREITOS CREDITÓRIOS - RESPONSABILIDADE LIMITADA;2026-03-31;1192465;Títulos de Crédito Privado;;;1418111;;2026-06-29
CLASSES - FIAGRO;57.305.969/0001-98;POLLI FIAGRO -DIREITOS CREDITÓRIOS - RESPONSABILIDADE LIMITADA;2026-03-31;1192465;Valores a pagar;;;392933;;2026-06-29
CLASSES - FIAGRO;57.933.661/0001-97;CLASSE ÚNICA DO CIBRA FIAGRO - DIREITOS CREDITÓRIOS COMERCIAIS RESPONSABILIDADE LIMITADA;2026-03-31;1192373;Cotas de Fundos;;;20191369;;2026-06-29
CLASSES - FIAGRO;57.933.661/0001-97;CLASSE ÚNICA DO CIBRA FIAGRO - DIREITOS CREDITÓRIOS COMERCIAIS RESPONSABILIDADE LIMITADA;2026-03-31;1192373;Outras aplicações;0;0;106740200;;2026-06-29
CLASSES - FIAGRO;57.933.661/0001-97;CLASSE ÚNICA DO CIBRA FIAGRO - DIREITOS CREDITÓRIOS COMERCIAIS RESPONSABILIDADE LIMITADA;2026-03-31;1192373;Valores a pagar;;;6741201;;2026-06-29
CLASSES - FIAGRO;58.056.955/0001-40;SANTA ROSA FUNDO DE INVESTIMENTO EM CADEIAS PRODUTIVAS AGROINDUSTRIAIS - DIREITOS CREDITÓRIOS;2026-03-31;1192179;Disponibilidades;;;4270;;2026-06-29
CLASSES - FIAGRO;58.056.955/0001-40;SANTA ROSA FUNDO DE INVESTIMENTO EM CADEIAS PRODUTIVAS AGROINDUSTRIAIS - DIREITOS CREDITÓRIOS;2026-03-31;1192179;Operações Compromissadas;;;1188313;;2026-06-29
CLASSES - FIAGRO;58.056.955/0001-40;SANTA ROSA FUNDO DE INVESTIMENTO EM CADEIAS PRODUTIVAS AGROINDUSTRIAIS - DIREITOS CREDITÓRIOS;2026-03-31;1192179;Outras aplicações;0;0;42781506;;2026-06-29
CLASSES - FIAGRO;58.056.955/0001-40;SANTA ROSA FUNDO DE INVESTIMENTO EM CADEIAS PRODUTIVAS AGROINDUSTRIAIS - DIREITOS CREDITÓRIOS;2026-03-31;1192179;Títulos ligados ao agronegócio;;;51689067;;2026-06-29
CLASSES - FIAGRO;58.056.955/0001-40;SANTA ROSA FUNDO DE INVESTIMENTO EM CADEIAS PRODUTIVAS AGROINDUSTRIAIS - DIREITOS CREDITÓRIOS;2026-03-31;1192179;Valores a pagar;;;43392410;;2026-06-29
CLASSES - FIAGRO;58.056.955/0001-40;SANTA ROSA FUNDO DE INVESTIMENTO EM CADEIAS PRODUTIVAS AGROINDUSTRIAIS - DIREITOS CREDITÓRIOS;2026-03-31;1192179;Valores a receber;;;3228257;;2026-06-29
CLASSES - FIAGRO;58.291.962/0001-27;HELM FUNDO DE INVESTIMENTO NAS CADEIAS PRODUTIVAS DO AGRONEGÓCIO - RESPONSABILIDADE LIMITADA;2026-03-31;1192378;Cotas de Fundos;;;23326930;;2026-06-29
CLASSES - FIAGRO;58.291.962/0001-27;HELM FUNDO DE INVESTIMENTO NAS CADEIAS PRODUTIVAS DO AGRONEGÓCIO - RESPONSABILIDADE LIMITADA;2026-03-31;1192378;Outras aplicações;0;0;105688554;;2026-06-29
CLASSES - FIAGRO;58.291.962/0001-27;HELM FUNDO DE INVESTIMENTO NAS CADEIAS PRODUTIVAS DO AGRONEGÓCIO - RESPONSABILIDADE LIMITADA;2026-03-31;1192378;Valores a pagar;;;4815391;;2026-06-29
CLASSES - FIAGRO;58.291.962/0001-27;HELM FUNDO DE INVESTIMENTO NAS CADEIAS PRODUTIVAS DO AGRONEGÓCIO - RESPONSABILIDADE LIMITADA;2026-03-31;1192378;Valores a receber;;;2436209;;2026-06-29
CLASSES - FIAGRO;60.456.937/0001-06;SPAÇO AGRÍCOLA FIAGRO;2026-03-31;1199136;Cotas de Fundos;0;0;5780836;;2026-06-29
CLASSES - FIAGRO;60.456.937/0001-06;SPAÇO AGRÍCOLA FIAGRO;2026-03-31;1199136;Disponibilidades;;;107;;2026-06-29
CLASSES - FIAGRO;60.456.937/0001-06;SPAÇO AGRÍCOLA FIAGRO;2026-03-31;1199136;Outras aplicações;;;46312;;2026-06-29
CLASSES - FIAGRO;60.456.937/0001-06;SPAÇO AGRÍCOLA FIAGRO;2026-03-31;1199136;Valores a pagar;;;65039;;2026-06-29
CLASSES - FIAGRO;60.456.937/0001-06;SPAÇO AGRÍCOLA FIAGRO;2026-03-31;1199136;Valores a receber;;;20253110;;2026-06-29
CLASSES - FIAGRO;60.852.265/0001-40;BOCOM BBM FIAGRO II - FUNDO DE INVESTIMENTO NAS CADEIAS PRODUTIVAS DO AGRONEGÓCIO RESP LIMITADA;2026-03-31;1182505;DIFERENCIAL DE SWAP A RECEBER;;;20892850;;2026-06-29
CLASSES - FIAGRO;60.852.265/0001-40;BOCOM BBM FIAGRO II - FUNDO DE INVESTIMENTO NAS CADEIAS PRODUTIVAS DO AGRONEGÓCIO RESP LIMITADA;2026-03-31;1182505;Disponibilidades;;;34168;;2026-06-29
CLASSES - FIAGRO;60.852.265/0001-40;BOCOM BBM FIAGRO II - FUNDO DE INVESTIMENTO NAS CADEIAS PRODUTIVAS DO AGRONEGÓCIO RESP LIMITADA;2026-03-31;1182505;Operações Compromissadas;;;9399432;;2026-06-29
CLASSES - FIAGRO;60.852.265/0001-40;BOCOM BBM FIAGRO II - FUNDO DE INVESTIMENTO NAS CADEIAS PRODUTIVAS DO AGRONEGÓCIO RESP LIMITADA;2026-03-31;1182505;Outras aplicações;;;6350;;2026-06-29
CLASSES - FIAGRO;60.852.265/0001-40;BOCOM BBM FIAGRO II - FUNDO DE INVESTIMENTO NAS CADEIAS PRODUTIVAS DO AGRONEGÓCIO RESP LIMITADA;2026-03-31;1182505;Títulos ligados ao agronegócio;;;287075901;;2026-06-29
CLASSES - FIAGRO;60.852.265/0001-40;BOCOM BBM FIAGRO II - FUNDO DE INVESTIMENTO NAS CADEIAS PRODUTIVAS DO AGRONEGÓCIO RESP LIMITADA;2026-03-31;1182505;Valores a pagar;;;1548222;;2026-06-29
CLASSES - FIAGRO;60.852.265/0001-40;BOCOM BBM FIAGRO II - FUNDO DE INVESTIMENTO NAS CADEIAS PRODUTIVAS DO AGRONEGÓCIO RESP LIMITADA;2026-03-31;1182505;Valores a receber;;;22973;;2026-06-29
CLASSES - FIAGRO;61.007.751/0001-24;LAVOURA FIAGRO - DIREITOS CREDITÓRIOS;2026-03-31;1195786;Outras aplicações;0;0;27816;;2026-06-29
CLASSES - FIAGRO;61.007.751/0001-24;LAVOURA FIAGRO - DIREITOS CREDITÓRIOS;2026-03-31;1195786;Valores a pagar;;;1061188;;2026-06-29
CLASSES - FIAGRO;61.700.572/0001-78;CRIALT INSUMOS FUNDO DE INVESTIMENTO NAS CADEIAS PRODUTIVAS DO AGRONEGÓCIO RESPONSABILIDADE LIMITADA;2026-03-31;1192374;Cotas de Fundos;;;754971;;2026-06-29
CLASSES - FIAGRO;61.700.572/0001-78;CRIALT INSUMOS FUNDO DE INVESTIMENTO NAS CADEIAS PRODUTIVAS DO AGRONEGÓCIO RESPONSABILIDADE LIMITADA;2026-03-31;1192374;Disponibilidades;;;1000;;2026-06-29
CLASSES - FIAGRO;61.700.572/0001-78;CRIALT INSUMOS FUNDO DE INVESTIMENTO NAS CADEIAS PRODUTIVAS DO AGRONEGÓCIO RESPONSABILIDADE LIMITADA;2026-03-31;1192374;Outras aplicações;0;0;7838277;;2026-06-29
CLASSES - FIAGRO;61.700.572/0001-78;CRIALT INSUMOS FUNDO DE INVESTIMENTO NAS CADEIAS PRODUTIVAS DO AGRONEGÓCIO RESPONSABILIDADE LIMITADA;2026-03-31;1192374;Valores a pagar;;;366288;;2026-06-29
CLASSES - FIAGRO;61.700.572/0001-78;CRIALT INSUMOS FUNDO DE INVESTIMENTO NAS CADEIAS PRODUTIVAS DO AGRONEGÓCIO RESPONSABILIDADE LIMITADA;2026-03-31;1192374;Valores a receber;;;550455;;2026-06-29
CLASSES - FIAGRO;61.865.683/0001-34;SANTO REIS FIAGRO IMOBILIÁRIO RESPONSABILIDADE LIMITADA;2026-03-31;1192460;Disponibilidades;;;1280;;2026-06-29
CLASSES - FIAGRO;61.865.683/0001-34;SANTO REIS FIAGRO IMOBILIÁRIO RESPONSABILIDADE LIMITADA;2026-03-31;1192460;Operações Compromissadas;;;74852095;;2026-06-29
CLASSES - FIAGRO;61.865.683/0001-34;SANTO REIS FIAGRO IMOBILIÁRIO RESPONSABILIDADE LIMITADA;2026-03-31;1192460;Títulos ligados ao agronegócio;;;97093807;;2026-06-29
CLASSES - FIAGRO;61.865.683/0001-34;SANTO REIS FIAGRO IMOBILIÁRIO RESPONSABILIDADE LIMITADA;2026-03-31;1192460;Valores a pagar;;;3339258;;2026-06-29
CLASSES - FIAGRO;61.865.683/0001-34;SANTO REIS FIAGRO IMOBILIÁRIO RESPONSABILIDADE LIMITADA;2026-03-31;1192460;Valores a receber;;;7824094;;2026-06-29
CLASSES - FIAGRO;62.134.120/0001-39;FIAGRO SINOVA RESPONSABILIDADE LIMITADA;2026-03-31;1192383;Cotas de Fundos;;;11812582;;2026-06-29
CLASSES - FIAGRO;62.134.120/0001-39;FIAGRO SINOVA RESPONSABILIDADE LIMITADA;2026-03-31;1192383;DIFERENCIAL DE SWAP A PAGAR;;;43231;;2026-06-29
CLASSES - FIAGRO;62.134.120/0001-39;FIAGRO SINOVA RESPONSABILIDADE LIMITADA;2026-03-31;1192383;DIFERENCIAL DE SWAP A RECEBER;;;32;;2026-06-29
CLASSES - FIAGRO;62.134.120/0001-39;FIAGRO SINOVA RESPONSABILIDADE LIMITADA;2026-03-31;1192383;Disponibilidades;;;1000;;2026-06-29
CLASSES - FIAGRO;62.134.120/0001-39;FIAGRO SINOVA RESPONSABILIDADE LIMITADA;2026-03-31;1192383;Outras aplicações;0;0;264967634;;2026-06-29
CLASSES - FIAGRO;62.134.120/0001-39;FIAGRO SINOVA RESPONSABILIDADE LIMITADA;2026-03-31;1192383;Outras operações passivas e exigibilidades;;;58933;;2026-06-29
CLASSES - FIAGRO;62.134.120/0001-39;FIAGRO SINOVA RESPONSABILIDADE LIMITADA;2026-03-31;1192383;Valores a pagar;;;4928654;;2026-06-29
CLASSES - FIAGRO;62.193.937/0001-88;AGD FUNDO DE INVESTIMENTO NAS CADEIAS PRODUTIVAS DO AGRONEGÓCIO RESPONSABILIDADE LIMITADA;2026-03-31;1192524;Cotas de Fundos;;;67900;;2026-06-29
CLASSES - FIAGRO;62.193.937/0001-88;AGD FUNDO DE INVESTIMENTO NAS CADEIAS PRODUTIVAS DO AGRONEGÓCIO RESPONSABILIDADE LIMITADA;2026-03-31;1192524;Outras aplicações;0;0;7439344;;2026-06-29
CLASSES - FIAGRO;62.193.937/0001-88;AGD FUNDO DE INVESTIMENTO NAS CADEIAS PRODUTIVAS DO AGRONEGÓCIO RESPONSABILIDADE LIMITADA;2026-03-31;1192524;Valores a pagar;;;20350;;2026-06-29
CLASSES - FIAGRO;62.587.224/0001-07;NATURAL ONE FIAGRO DIREITOS CREDITÓRIOS - RESPONSABILIDADE LIMITADA;2026-03-31;1192380;Cotas de Fundos;;;14137008;;2026-06-29
CLASSES - FIAGRO;62.587.224/0001-07;NATURAL ONE FIAGRO DIREITOS CREDITÓRIOS - RESPONSABILIDADE LIMITADA;2026-03-31;1192380;Disponibilidades;;;1000;;2026-06-29
CLASSES - FIAGRO;62.587.224/0001-07;NATURAL ONE FIAGRO DIREITOS CREDITÓRIOS - RESPONSABILIDADE LIMITADA;2026-03-31;1192380;Outras aplicações;0;0;6972017;;2026-06-29
CLASSES - FIAGRO;62.587.224/0001-07;NATURAL ONE FIAGRO DIREITOS CREDITÓRIOS - RESPONSABILIDADE LIMITADA;2026-03-31;1192380;Valores a pagar;;;2077698;;2026-06-29
CLASSES - FIAGRO;62.588.649/0001-22;AGROGALAXY FORNECEDORES III FUNDO DE INVESTIMENTO NAS CADEIAS PRODUTIVAS DO AGRONEGOCIO - RESPONSABI;2026-03-31;1192376;Cotas de Fundos;;;12364627;;2026-06-29
CLASSES - FIAGRO;62.588.649/0001-22;AGROGALAXY FORNECEDORES III FUNDO DE INVESTIMENTO NAS CADEIAS PRODUTIVAS DO AGRONEGOCIO - RESPONSABI;2026-03-31;1192376;Disponibilidades;;;1000;;2026-06-29
CLASSES - FIAGRO;62.588.649/0001-22;AGROGALAXY FORNECEDORES III FUNDO DE INVESTIMENTO NAS CADEIAS PRODUTIVAS DO AGRONEGOCIO - RESPONSABI;2026-03-31;1192376;Outras aplicações;54187758;0;130045837;;2026-06-29
CLASSES - FIAGRO;62.588.649/0001-22;AGROGALAXY FORNECEDORES III FUNDO DE INVESTIMENTO NAS CADEIAS PRODUTIVAS DO AGRONEGOCIO - RESPONSABI;2026-03-31;1192376;Valores a pagar;;;736424;;2026-06-29
CLASSES - FIAGRO;62.588.649/0001-22;AGROGALAXY FORNECEDORES III FUNDO DE INVESTIMENTO NAS CADEIAS PRODUTIVAS DO AGRONEGOCIO - RESPONSABI;2026-03-31;1192376;Valores a receber;;;564223;;2026-06-29
CLASSES - FIAGRO;62.861.162/0001-71;GS3 II FUNDO DE INVESTIMENTO NAS CADEIAS PRODUTIVAS DO AGRONEGÓCIO - RESPONSABILIDADE LIMITADA;2026-03-31;1192377;Cotas de Fundos;;;25855178;;2026-06-29
CLASSES - FIAGRO;62.861.162/0001-71;GS3 II FUNDO DE INVESTIMENTO NAS CADEIAS PRODUTIVAS DO AGRONEGÓCIO - RESPONSABILIDADE LIMITADA;2026-03-31;1192377;Outras aplicações;0;0;-22318039;;2026-06-29
CLASSES - FIAGRO;62.861.162/0001-71;GS3 II FUNDO DE INVESTIMENTO NAS CADEIAS PRODUTIVAS DO AGRONEGÓCIO - RESPONSABILIDADE LIMITADA;2026-03-31;1192377;Valores a pagar;;;109299;;2026-06-29
CLASSES - FIAGRO;62.910.733/0001-10;SICOOB PRIME FLEX FIAGRO - RESPONSABILIDADE LIMITADA;2026-03-31;1192184;Disponibilidades;;;3394;;2026-06-29
CLASSES - FIAGRO;62.910.733/0001-10;SICOOB PRIME FLEX FIAGRO - RESPONSABILIDADE LIMITADA;2026-03-31;1192184;Operações Compromissadas;;;13718784;;2026-06-29
CLASSES - FIAGRO;62.910.733/0001-10;SICOOB PRIME FLEX FIAGRO - RESPONSABILIDADE LIMITADA;2026-03-31;1192184;Outras aplicações;0;0;-26625711;;2026-06-29
CLASSES - FIAGRO;62.910.733/0001-10;SICOOB PRIME FLEX FIAGRO - RESPONSABILIDADE LIMITADA;2026-03-31;1192184;Outros valores mobiliários registrados na CVM objeto de oferta pública;0;0;11512886;;2026-06-29
CLASSES - FIAGRO;62.910.733/0001-10;SICOOB PRIME FLEX FIAGRO - RESPONSABILIDADE LIMITADA;2026-03-31;1192184;Títulos ligados ao agronegócio;;;13466241;;2026-06-29
CLASSES - FIAGRO;62.910.733/0001-10;SICOOB PRIME FLEX FIAGRO - RESPONSABILIDADE LIMITADA;2026-03-31;1192184;Valores a pagar;;;62374;;2026-06-29
CLASSES - FIAGRO;62.910.733/0001-10;SICOOB PRIME FLEX FIAGRO - RESPONSABILIDADE LIMITADA;2026-03-31;1192184;Valores a receber;;;2768598;;2026-06-29
CLASSES - FIAGRO;63.087.508/0001-99;ECOAGRO III - FIAGRO - RESPONSABILIDADE LIMITADA;2026-03-31;1192375;Cotas de Fundos;;;6323557;;2026-06-29
CLASSES - FIAGRO;63.087.508/0001-99;ECOAGRO III - FIAGRO - RESPONSABILIDADE LIMITADA;2026-03-31;1192375;Outras aplicações;0;0;-34071287;;2026-06-29
CLASSES - FIAGRO;63.087.508/0001-99;ECOAGRO III - FIAGRO - RESPONSABILIDADE LIMITADA;2026-03-31;1192375;Outros valores mobiliários registrados na CVM objeto de oferta pública;0;993041;31688316;;2026-06-29
CLASSES - FIAGRO;63.087.508/0001-99;ECOAGRO III - FIAGRO - RESPONSABILIDADE LIMITADA;2026-03-31;1192375;Valores a pagar;;;64467;;2026-06-29
CLASSES - FIAGRO;63.087.508/0001-99;ECOAGRO III - FIAGRO - RESPONSABILIDADE LIMITADA;2026-03-31;1192375;Valores a receber;;;6010;;2026-06-29
CLASSES - FIAGRO;63.194.165/0001-61;CIBRA OCP FIAGRO DIREITOS CREDITÓRIOS COMERCIAIS RESPONSABILIDADE LIMITADA;2026-03-31;1192372;Cotas de Fundos;;;16204724;;2026-06-29
CLASSES - FIAGRO;63.194.165/0001-61;CIBRA OCP FIAGRO DIREITOS CREDITÓRIOS COMERCIAIS RESPONSABILIDADE LIMITADA;2026-03-31;1192372;Disponibilidades;;;1469473;;2026-06-29
CLASSES - FIAGRO;63.194.165/0001-61;CIBRA OCP FIAGRO DIREITOS CREDITÓRIOS COMERCIAIS RESPONSABILIDADE LIMITADA;2026-03-31;1192372;Outras aplicações;0;0;25081558;;2026-06-29
CLASSES - FIAGRO;63.194.165/0001-61;CIBRA OCP FIAGRO DIREITOS CREDITÓRIOS COMERCIAIS RESPONSABILIDADE LIMITADA;2026-03-31;1192372;Valores a pagar;;;2196877;;2026-06-29
CLASSES - FIAGRO;63.194.165/0001-61;CIBRA OCP FIAGRO DIREITOS CREDITÓRIOS COMERCIAIS RESPONSABILIDADE LIMITADA;2026-03-31;1192372;Valores a receber;;;6320;;2026-06-29
CLASSES - FIAGRO;63.654.286/0001-49;MBS FAZENDA I FIAGRO RESPONSABILIDADE LIMITADA;2026-03-31;1199132;Cotas de Fundos;0;0;39206997;;2026-06-29
CLASSES - FIAGRO;63.654.286/0001-49;MBS FAZENDA I FIAGRO RESPONSABILIDADE LIMITADA;2026-03-31;1199132;Disponibilidades;;;8095;;2026-06-29
CLASSES - FIAGRO;63.654.286/0001-49;MBS FAZENDA I FIAGRO RESPONSABILIDADE LIMITADA;2026-03-31;1199132;Obrigações por compra a termo a pagar;;;35327688;;2026-06-29
CLASSES - FIAGRO;63.654.286/0001-49;MBS FAZENDA I FIAGRO RESPONSABILIDADE LIMITADA;2026-03-31;1199132;Outras aplicações;;;61884367;;2026-06-29
CLASSES - FIAGRO;63.654.286/0001-49;MBS FAZENDA I FIAGRO RESPONSABILIDADE LIMITADA;2026-03-31;1199132;Valores a pagar;;;189805;;2026-06-29
CLASSES - FIAGRO;63.654.286/0001-49;MBS FAZENDA I FIAGRO RESPONSABILIDADE LIMITADA;2026-03-31;1199132;Valores a receber;;;6115;;2026-06-29
CLASSES - FIAGRO;63.866.936/0001-10;GRUPO AGRO FIAGRO - DIREITOS CREDITÓRIOS - RESPONSABILIDADE LIMITADA;2026-03-31;1192482;Cotas de Fundos;;;144717;;2026-06-29
CLASSES - FIAGRO;63.866.936/0001-10;GRUPO AGRO FIAGRO - DIREITOS CREDITÓRIOS - RESPONSABILIDADE LIMITADA;2026-03-31;1192482;Disponibilidades;;;907411;;2026-06-29
CLASSES - FIAGRO;63.866.936/0001-10;GRUPO AGRO FIAGRO - DIREITOS CREDITÓRIOS - RESPONSABILIDADE LIMITADA;2026-03-31;1192482;Outras aplicações;0;0;4239061;;2026-06-29
CLASSES - FIAGRO;63.866.936/0001-10;GRUPO AGRO FIAGRO - DIREITOS CREDITÓRIOS - RESPONSABILIDADE LIMITADA;2026-03-31;1192482;Títulos de Crédito Privado;;;1386405;;2026-06-29
CLASSES - FIAGRO;63.866.936/0001-10;GRUPO AGRO FIAGRO - DIREITOS CREDITÓRIOS - RESPONSABILIDADE LIMITADA;2026-03-31;1192482;Valores a pagar;;;3837748;;2026-06-29
CLASSES - FIAGRO;64.008.175/0001-28;UP NORTH FIAGRO - DIREITOS CREDITÓRIOS - RESPONSABILIDADE LIMITADA;2026-03-31;1192487;Cotas de Fundos;;;13947361;;2026-06-29
CLASSES - FIAGRO;64.008.175/0001-28;UP NORTH FIAGRO - DIREITOS CREDITÓRIOS - RESPONSABILIDADE LIMITADA;2026-03-31;1192487;Disponibilidades;;;22297;;2026-06-29
CLASSES - FIAGRO;64.008.175/0001-28;UP NORTH FIAGRO - DIREITOS CREDITÓRIOS - RESPONSABILIDADE LIMITADA;2026-03-31;1192487;Outras aplicações;0;6640438;-2085840;;2026-06-29
CLASSES - FIAGRO;64.008.175/0001-28;UP NORTH FIAGRO - DIREITOS CREDITÓRIOS - RESPONSABILIDADE LIMITADA;2026-03-31;1192487;Títulos de Crédito Privado;;;1278146;;2026-06-29
CLASSES - FIAGRO;64.008.175/0001-28;UP NORTH FIAGRO - DIREITOS CREDITÓRIOS - RESPONSABILIDADE LIMITADA;2026-03-31;1192487;Valores a pagar;;;252547;;2026-06-29
CLASSES - FIAGRO;64.027.096/0001-64;VALORIZA FUNDO DE INVESTIMENTO NAS CADEIAS PRODUTIVAS DO AGRONEGÓCIO RESPONSABILIDADE LIMITADA;2026-03-31;1192385;Cotas de Fundos;;;392086;;2026-06-29
CLASSES - FIAGRO;64.027.096/0001-64;VALORIZA FUNDO DE INVESTIMENTO NAS CADEIAS PRODUTIVAS DO AGRONEGÓCIO RESPONSABILIDADE LIMITADA;2026-03-31;1192385;Outras aplicações;0;0;14096212;;2026-06-29
CLASSES - FIAGRO;64.027.096/0001-64;VALORIZA FUNDO DE INVESTIMENTO NAS CADEIAS PRODUTIVAS DO AGRONEGÓCIO RESPONSABILIDADE LIMITADA;2026-03-31;1192385;Valores a pagar;;;95587;;2026-06-29
CLASSES - FIAGRO;64.027.096/0001-64;VALORIZA FUNDO DE INVESTIMENTO NAS CADEIAS PRODUTIVAS DO AGRONEGÓCIO RESPONSABILIDADE LIMITADA;2026-03-31;1192385;Valores a receber;;;61897;;2026-06-29
CLASSES - FIAGRO;64.064.212/0001-15;BLU MARE FUNDO DE INVESTIMENTO NAS CADEIAS PRODUTIVAS DO AGRONEGÓCIO - RESPONSABILIDADE LIMITADA;2026-03-31;1192371;Cotas de Fundos;;;1497873;;2026-06-29
CLASSES - FIAGRO;64.064.212/0001-15;BLU MARE FUNDO DE INVESTIMENTO NAS CADEIAS PRODUTIVAS DO AGRONEGÓCIO - RESPONSABILIDADE LIMITADA;2026-03-31;1192371;Disponibilidades;;;1000;;2026-06-29
CLASSES - FIAGRO;64.064.212/0001-15;BLU MARE FUNDO DE INVESTIMENTO NAS CADEIAS PRODUTIVAS DO AGRONEGÓCIO - RESPONSABILIDADE LIMITADA;2026-03-31;1192371;Outras aplicações;0;0;0;;2026-06-29
CLASSES - FIAGRO;64.064.212/0001-15;BLU MARE FUNDO DE INVESTIMENTO NAS CADEIAS PRODUTIVAS DO AGRONEGÓCIO - RESPONSABILIDADE LIMITADA;2026-03-31;1192371;Títulos ligados ao agronegócio;;;43589269;;2026-06-29
CLASSES - FIAGRO;64.064.212/0001-15;BLU MARE FUNDO DE INVESTIMENTO NAS CADEIAS PRODUTIVAS DO AGRONEGÓCIO - RESPONSABILIDADE LIMITADA;2026-03-31;1192371;Valores a pagar;;;618353;;2026-06-29
CLASSES - FIAGRO;64.957.407/0001-94;AGROLÓGICA FUNDO DE INVESTIMENTO NAS CADEIAS PRODUTIVAS DO AGRONEGÓCIO RESPONSABILIDADE LIMITADA;2026-03-31;1192514;Cotas de Fundos;;;15645701;;2026-06-29
CLASSES - FIAGRO;64.957.407/0001-94;AGROLÓGICA FUNDO DE INVESTIMENTO NAS CADEIAS PRODUTIVAS DO AGRONEGÓCIO RESPONSABILIDADE LIMITADA;2026-03-31;1192514;Outras aplicações;0;0;-7238528;;2026-06-29
CLASSES - FIAGRO;64.957.407/0001-94;AGROLÓGICA FUNDO DE INVESTIMENTO NAS CADEIAS PRODUTIVAS DO AGRONEGÓCIO RESPONSABILIDADE LIMITADA;2026-03-31;1192514;Valores a pagar;;;45168;;2026-06-29
CLASSES - FIAGRO;64.957.407/0001-94;AGROLÓGICA FUNDO DE INVESTIMENTO NAS CADEIAS PRODUTIVAS DO AGRONEGÓCIO RESPONSABILIDADE LIMITADA;2026-03-31;1192514;Valores a receber;;;286937;;2026-06-29
CLASSES - FIAGRO;65.626.240/0001-41;AGRO AMAZÔNIA FUNDO DE INVESTIMENTO NAS CADEIAS PRODUTIVAS DO AGRONEGÓCIO FIAGRO RESPONSABILIDADE LI;2026-03-31;1192209;Cotas de Fundos;;;3268747;;2026-06-29
CLASSES - FIAGRO;65.626.240/0001-41;AGRO AMAZÔNIA FUNDO DE INVESTIMENTO NAS CADEIAS PRODUTIVAS DO AGRONEGÓCIO FIAGRO RESPONSABILIDADE LI;2026-03-31;1192209;Outras aplicações;0;0;-3629801;;2026-06-29
CLASSES - FIAGRO;65.626.240/0001-41;AGRO AMAZÔNIA FUNDO DE INVESTIMENTO NAS CADEIAS PRODUTIVAS DO AGRONEGÓCIO FIAGRO RESPONSABILIDADE LI;2026-03-31;1192209;Valores a pagar;;;16000;;2026-06-29
CLASSES - FIAGRO;65.626.240/0001-41;AGRO AMAZÔNIA FUNDO DE INVESTIMENTO NAS CADEIAS PRODUTIVAS DO AGRONEGÓCIO FIAGRO RESPONSABILIDADE LI;2026-03-31;1192209;Valores a receber;;;526948;;2026-06-29
CLASSES - FIDC;09.260.031/0001-56;FUNDO DE INVESTIMENTO EM QUOTAS DE FUNDO DE INVESTIMENTO EM DIREITOS CREDITÓRIOS NÃO PADRONIZADO SRM;2026-03-31;1154496;Cotas de Fundos;0;0;78433976;;2026-06-29
CLASSES - FIDC;09.260.031/0001-56;FUNDO DE INVESTIMENTO EM QUOTAS DE FUNDO DE INVESTIMENTO EM DIREITOS CREDITÓRIOS NÃO PADRONIZADO SRM;2026-03-31;1154496;Valores a pagar;;;20503;;2026-06-29
CLASSES - FIDC;09.260.031/0001-56;FUNDO DE INVESTIMENTO EM QUOTAS DE FUNDO DE INVESTIMENTO EM DIREITOS CREDITÓRIOS NÃO PADRONIZADO SRM;2026-03-31;1154496;Valores a receber;;;414347;;2026-06-29
CLASSES - FIDC;11.702.303/0001-72;CAPITAL ONE FUNDO DE INVESTIMENTO EM COTAS DE FUNDOS DE INVESTIMENTO DIREITOS CREDITÓRIOS;2026-03-31;1156176;Cotas de Fundos;;;57890217;;2026-06-29
CLASSES - FIDC;11.702.303/0001-72;CAPITAL ONE FUNDO DE INVESTIMENTO EM COTAS DE FUNDOS DE INVESTIMENTO DIREITOS CREDITÓRIOS;2026-03-31;1156176;Outras aplicações;;;1579184;;2026-06-29
CLASSES - FIDC;11.702.303/0001-72;CAPITAL ONE FUNDO DE INVESTIMENTO EM COTAS DE FUNDOS DE INVESTIMENTO DIREITOS CREDITÓRIOS;2026-03-31;1156176;Títulos Públicos;0;0;3637847;;2026-06-29
CLASSES - FIDC;11.702.303/0001-72;CAPITAL ONE FUNDO DE INVESTIMENTO EM COTAS DE FUNDOS DE INVESTIMENTO DIREITOS CREDITÓRIOS;2026-03-31;1156176;Valores a pagar;;;17016;;2026-06-29
CLASSES - FIDC;11.702.303/0001-72;CAPITAL ONE FUNDO DE INVESTIMENTO EM COTAS DE FUNDOS DE INVESTIMENTO DIREITOS CREDITÓRIOS;2026-03-31;1156176;Valores a receber;;;9995;;2026-06-29
CLASSES - FIDC;11.827.500/0001-18;FC FI EM COTAS DE FUNDO DE INVESTIMENTO EM DIREITOS CREDITÓRIOS - RESPONSABILIDADE LIMITADA;2026-03-31;1161749;Disponibilidades;;;0;;2026-06-29
CLASSES - FIDC;11.827.500/0001-18;FC FI EM COTAS DE FUNDO DE INVESTIMENTO EM DIREITOS CREDITÓRIOS - RESPONSABILIDADE LIMITADA;2026-03-31;1161749;Outras operações passivas e exigibilidades;;;1431593;;2026-06-29
CLASSES - FIDC;11.827.500/0001-18;FC FI EM COTAS DE FUNDO DE INVESTIMENTO EM DIREITOS CREDITÓRIOS - RESPONSABILIDADE LIMITADA;2026-03-31;1161749;Valores a pagar;;;2952455;;2026-06-29
CLASSES - FIDC;11.827.500/0001-18;FC FI EM COTAS DE FUNDO DE INVESTIMENTO EM DIREITOS CREDITÓRIOS - RESPONSABILIDADE LIMITADA;2026-03-31;1161749;Valores a receber;;;24521;;2026-06-29
CLASSES - FIDC;12.565.143/0001-20;FC2 FIC DE FUNDO DE INVESTIMENTO EM DIREITOS CREDITÓRIOS RESPONSABILIDADE LIMITADA;2026-03-31;1161750;Disponibilidades;;;0;;2026-06-29
CLASSES - FIDC;12.565.143/0001-20;FC2 FIC DE FUNDO DE INVESTIMENTO EM DIREITOS CREDITÓRIOS RESPONSABILIDADE LIMITADA;2026-03-31;1161750;Outras operações passivas e exigibilidades;;;45466;;2026-06-29
CLASSES - FIDC;12.565.143/0001-20;FC2 FIC DE FUNDO DE INVESTIMENTO EM DIREITOS CREDITÓRIOS RESPONSABILIDADE LIMITADA;2026-03-31;1161750;Valores a pagar;;;242462;;2026-06-29
CLASSES - FIDC;12.565.143/0001-20;FC2 FIC DE FUNDO DE INVESTIMENTO EM DIREITOS CREDITÓRIOS RESPONSABILIDADE LIMITADA;2026-03-31;1161750;Valores a receber;;;2901;;2026-06-29
CLASSES - FIDC;12.660.458/0001-56;FC4 FIC DE FUNDO DE INVESTIMENTO EM DIREITOS CREDITÓRIOS RESPONSABILIDADE LIMITADA;2026-03-31;1161754;Disponibilidades;;;0;;2026-06-29
CLASSES - FIDC;12.660.458/0001-56;FC4 FIC DE FUNDO DE INVESTIMENTO EM DIREITOS CREDITÓRIOS RESPONSABILIDADE LIMITADA;2026-03-31;1161754;Outras operações passivas e exigibilidades;;;128051;;2026-06-29
CLASSES - FIDC;12.660.458/0001-56;FC4 FIC DE FUNDO DE INVESTIMENTO EM DIREITOS CREDITÓRIOS RESPONSABILIDADE LIMITADA;2026-03-31;1161754;Valores a pagar;;;401467;;2026-06-29
CLASSES - FIDC;12.660.458/0001-56;FC4 FIC DE FUNDO DE INVESTIMENTO EM DIREITOS CREDITÓRIOS RESPONSABILIDADE LIMITADA;2026-03-31;1161754;Valores a receber;;;4103;;2026-06-29
CLASSES - FIDC;12.660.462/0001-14;FC3 FI EM COTAS DE FUNDO DE INVESTIMENTO EM DIREITOS CREDITÓRIOS - RESPONSABILIDA LIMITADA;2026-03-31;1161753;Disponibilidades;;;0;;2026-06-29
CLASSES - FIDC;12.660.462/0001-14;FC3 FI EM COTAS DE FUNDO DE INVESTIMENTO EM DIREITOS CREDITÓRIOS - RESPONSABILIDA LIMITADA;2026-03-31;1161753;Outras operações passivas e exigibilidades;;;172629;;2026-06-29
CLASSES - FIDC;12.660.462/0001-14;FC3 FI EM COTAS DE FUNDO DE INVESTIMENTO EM DIREITOS CREDITÓRIOS - RESPONSABILIDA LIMITADA;2026-03-31;1161753;Valores a pagar;;;468342;;2026-06-29
CLASSES - FIDC;12.660.462/0001-14;FC3 FI EM COTAS DE FUNDO DE INVESTIMENTO EM DIREITOS CREDITÓRIOS - RESPONSABILIDA LIMITADA;2026-03-31;1161753;Valores a receber;;;4700;;2026-06-29
CLASSES - FIDC;12.660.468/0001-91;FC5 FI EM COTAS DE FUNDO DE INVESTIMENTO EM DIREITOS CREDITÓRIOS - RESPONSABILIDA LIMITADA;2026-03-31;1161756;Disponibilidades;;;0;;2026-06-29
CLASSES - FIDC;12.660.468/0001-91;FC5 FI EM COTAS DE FUNDO DE INVESTIMENTO EM DIREITOS CREDITÓRIOS - RESPONSABILIDA LIMITADA;2026-03-31;1161756;Outras operações passivas e exigibilidades;;;45466;;2026-06-29
CLASSES - FIDC;12.660.468/0001-91;FC5 FI EM COTAS DE FUNDO DE INVESTIMENTO EM DIREITOS CREDITÓRIOS - RESPONSABILIDA LIMITADA;2026-03-31;1161756;Valores a pagar;;;244830;;2026-06-29
CLASSES - FIDC;12.660.468/0001-91;FC5 FI EM COTAS DE FUNDO DE INVESTIMENTO EM DIREITOS CREDITÓRIOS - RESPONSABILIDA LIMITADA;2026-03-31;1161756;Valores a receber;;;2900;;2026-06-29
CLASSES - FIDC;12.674.257/0001-08;FC6 FIC DE FUNDO DE INVESTIMENTO EM DIREITOS CREDITÓRIOS RESPONSABILIDADE LIMITADA;2026-03-31;1161759;Disponibilidades;;;0;;2026-06-29
CLASSES - FIDC;12.674.257/0001-08;FC6 FIC DE FUNDO DE INVESTIMENTO EM DIREITOS CREDITÓRIOS RESPONSABILIDADE LIMITADA;2026-03-31;1161759;Outras operações passivas e exigibilidades;;;137666;;2026-06-29
CLASSES - FIDC;12.674.257/0001-08;FC6 FIC DE FUNDO DE INVESTIMENTO EM DIREITOS CREDITÓRIOS RESPONSABILIDADE LIMITADA;2026-03-31;1161759;Valores a pagar;;;404107;;2026-06-29
CLASSES - FIDC;12.674.257/0001-08;FC6 FIC DE FUNDO DE INVESTIMENTO EM DIREITOS CREDITÓRIOS RESPONSABILIDADE LIMITADA;2026-03-31;1161759;Valores a receber;;;4233;;2026-06-29
CLASSES - FIDC;14.744.913/0001-27;MULTIPLIX FIC DE FUNDOS DE INVESTIMENTO EM DIREITOS CREDITÓRIOS - RESPONSABILIDADE LIMITADA;2026-03-31;1152365;Cotas de Fundos;0;0;47449541;;2026-06-29
CLASSES - FIDC;14.744.913/0001-27;MULTIPLIX FIC DE FUNDOS DE INVESTIMENTO EM DIREITOS CREDITÓRIOS - RESPONSABILIDADE LIMITADA;2026-03-31;1152365;Valores a pagar;;;14833;;2026-06-29
CLASSES - FIDC;14.744.913/0001-27;MULTIPLIX FIC DE FUNDOS DE INVESTIMENTO EM DIREITOS CREDITÓRIOS - RESPONSABILIDADE LIMITADA;2026-03-31;1152365;Valores a receber;;;2147;;2026-06-29
CLASSES - FIDC;17.198.845/0001-36;INVISTA I FIC FIDC MULTISSETORIAL NAO PADRONIZADO;2026-03-31;1152993;Cotas de Fundos;0;0;2135498424;;2026-06-29
CLASSES - FIDC;17.198.845/0001-36;INVISTA I FIC FIDC MULTISSETORIAL NAO PADRONIZADO;2026-03-31;1152993;Valores a pagar;;;38203;;2026-06-29
CLASSES - FIDC;17.198.845/0001-36;INVISTA I FIC FIDC MULTISSETORIAL NAO PADRONIZADO;2026-03-31;1152993;Valores a receber;;;9832;;2026-06-29
CLASSES - FIDC;18.048.642/0001-26;BLC FUNDO DE INVESTIMENTO EM COTAS DE FUNDOS DE INVESTIMENTO EM DIREITOS CREDITÓRIOS NÃO-PADRONIZADO;2026-03-31;1156168;Cotas de Fundos;;;221588964;;2026-06-29
CLASSES - FIDC;18.048.642/0001-26;BLC FUNDO DE INVESTIMENTO EM COTAS DE FUNDOS DE INVESTIMENTO EM DIREITOS CREDITÓRIOS NÃO-PADRONIZADO;2026-03-31;1156168;Valores a pagar;;;501461;;2026-06-29
CLASSES - FIDC;18.048.642/0001-26;BLC FUNDO DE INVESTIMENTO EM COTAS DE FUNDOS DE INVESTIMENTO EM DIREITOS CREDITÓRIOS NÃO-PADRONIZADO;2026-03-31;1156168;Valores a receber;;;1061995325;;2026-06-29
CLASSES - FIDC;20.997.817/0001-93;SPECIAL SITUATIONS II FI EM COTAS DE FUNDO DE INVESTIMENTO EM DIREITOS CREDITÓRIOS MULTICARTEIRA;2026-03-31;1161747;Cotas de Fundos;;;9370785;;2026-06-29
CLASSES - FIDC;20.997.817/0001-93;SPECIAL SITUATIONS II FI EM COTAS DE FUNDO DE INVESTIMENTO EM DIREITOS CREDITÓRIOS MULTICARTEIRA;2026-03-31;1161747;Disponibilidades;;;382;;2026-06-29
CLASSES - FIDC;20.997.817/0001-93;SPECIAL SITUATIONS II FI EM COTAS DE FUNDO DE INVESTIMENTO EM DIREITOS CREDITÓRIOS MULTICARTEIRA;2026-03-31;1161747;Títulos Públicos;18518;0;112186;;2026-06-29
CLASSES - FIDC;20.997.817/0001-93;SPECIAL SITUATIONS II FI EM COTAS DE FUNDO DE INVESTIMENTO EM DIREITOS CREDITÓRIOS MULTICARTEIRA;2026-03-31;1161747;Valores a pagar;;;18294;;2026-06-29
CLASSES - FIDC;20.997.817/0001-93;SPECIAL SITUATIONS II FI EM COTAS DE FUNDO DE INVESTIMENTO EM DIREITOS CREDITÓRIOS MULTICARTEIRA;2026-03-31;1161747;Valores a receber;;;3581;;2026-06-29
CLASSES - FIDC;20.997.818/0001-38;SPECIAL SITUATIONS I FI EM COTAS DE FUNDO DE INVESTIMENTO EM DIREITOS CREDITÓRIOS MULTICARTEIRA;2026-03-31;1161745;Cotas de Fundos;;;10318635;;2026-06-29
CLASSES - FIDC;20.997.818/0001-38;SPECIAL SITUATIONS I FI EM COTAS DE FUNDO DE INVESTIMENTO EM DIREITOS CREDITÓRIOS MULTICARTEIRA;2026-03-31;1161745;Disponibilidades;;;13404;;2026-06-29
CLASSES - FIDC;20.997.818/0001-38;SPECIAL SITUATIONS I FI EM COTAS DE FUNDO DE INVESTIMENTO EM DIREITOS CREDITÓRIOS MULTICARTEIRA;2026-03-31;1161745;Títulos Públicos;18697;0;56093;;2026-06-29
CLASSES - FIDC;20.997.818/0001-38;SPECIAL SITUATIONS I FI EM COTAS DE FUNDO DE INVESTIMENTO EM DIREITOS CREDITÓRIOS MULTICARTEIRA;2026-03-31;1161745;Valores a pagar;;;20654;;2026-06-29
CLASSES - FIDC;20.997.818/0001-38;SPECIAL SITUATIONS I FI EM COTAS DE FUNDO DE INVESTIMENTO EM DIREITOS CREDITÓRIOS MULTICARTEIRA;2026-03-31;1161745;Valores a receber;;;5372;;2026-06-29
CLASSES - FIDC;22.150.467/0001-50;VINCI CRÉDITO ESTRUTURADO SELECTION ADVISORY FIC DE DIREITOS CREDITÓRIOS - RESP LIMITADA;2026-03-31;1162620;Cotas de Fundos;;;366474396;;2026-06-29
CLASSES - FIDC;22.150.467/0001-50;VINCI CRÉDITO ESTRUTURADO SELECTION ADVISORY FIC DE DIREITOS CREDITÓRIOS - RESP LIMITADA;2026-03-31;1162620;Disponibilidades;;;500;;2026-06-29
CLASSES - FIDC;22.150.467/0001-50;VINCI CRÉDITO ESTRUTURADO SELECTION ADVISORY FIC DE DIREITOS CREDITÓRIOS - RESP LIMITADA;2026-03-31;1162620;Operações Compromissadas;;;62192395;;2026-06-29
CLASSES - FIDC;22.150.467/0001-50;VINCI CRÉDITO ESTRUTURADO SELECTION ADVISORY FIC DE DIREITOS CREDITÓRIOS - RESP LIMITADA;2026-03-31;1162620;Valores a pagar;;;711049;;2026-06-29
CLASSES - FIDC;22.150.467/0001-50;VINCI CRÉDITO ESTRUTURADO SELECTION ADVISORY FIC DE DIREITOS CREDITÓRIOS - RESP LIMITADA;2026-03-31;1162620;Valores a receber;;;0;;2026-06-29
CLASSES - FIDC;22.282.621/0001-48;VINCI CRÉDITO ESTRUTURADO SELEÇÃO FIC DE FIDC - RESP LIMITADA;2026-03-31;1162622;Cotas de Fundos;;;107495532;;2026-06-29
CLASSES - FIDC;22.282.621/0001-48;VINCI CRÉDITO ESTRUTURADO SELEÇÃO FIC DE FIDC - RESP LIMITADA;2026-03-31;1162622;Disponibilidades;;;1000;;2026-06-29
CLASSES - FIDC;22.282.621/0001-48;VINCI CRÉDITO ESTRUTURADO SELEÇÃO FIC DE FIDC - RESP LIMITADA;2026-03-31;1162622;Operações Compromissadas;;;12473768;;2026-06-29
CLASSES - FIDC;22.282.621/0001-48;VINCI CRÉDITO ESTRUTURADO SELEÇÃO FIC DE FIDC - RESP LIMITADA;2026-03-31;1162622;Valores a pagar;;;240357;;2026-06-29
CLASSES - FIDC;22.282.621/0001-48;VINCI CRÉDITO ESTRUTURADO SELEÇÃO FIC DE FIDC - RESP LIMITADA;2026-03-31;1162622;Valores a receber;;;0;;2026-06-29
CLASSES - FIDC;22.282.646/0001-41;VINCI CRÉDITO ESTRUTURADO SELECTION MASTER FIC DE FIDC - RESP LIMITADA;2026-03-31;1162623;Cotas de Fundos;;;470053463;;2026-06-29
CLASSES - FIDC;22.282.646/0001-41;VINCI CRÉDITO ESTRUTURADO SELECTION MASTER FIC DE FIDC - RESP LIMITADA;2026-03-31;1162623;Disponibilidades;;;1000;;2026-06-29
CLASSES - FIDC;22.282.646/0001-41;VINCI CRÉDITO ESTRUTURADO SELECTION MASTER FIC DE FIDC - RESP LIMITADA;2026-03-31;1162623;Operações Compromissadas;;;1153229;;2026-06-29
CLASSES - FIDC;22.282.646/0001-41;VINCI CRÉDITO ESTRUTURADO SELECTION MASTER FIC DE FIDC - RESP LIMITADA;2026-03-31;1162623;Valores a pagar;;;58878;;2026-06-29
CLASSES - FIDC;22.282.646/0001-41;VINCI CRÉDITO ESTRUTURADO SELECTION MASTER FIC DE FIDC - RESP LIMITADA;2026-03-31;1162623;Valores a receber;;;181085;;2026-06-29
CLASSES - FIDC;22.282.851/0001-07;VIRGÍNIA FIC DE FIDC MULTISSETORIAL - RESPONSABILIDADE LIMITADA;2026-03-31;1151375;Cotas de Fundos;0;0;30716035;;2026-06-29
CLASSES - FIDC;22.282.851/0001-07;VIRGÍNIA FIC DE FIDC MULTISSETORIAL - RESPONSABILIDADE LIMITADA;2026-03-31;1151375;Valores a pagar;;;19823;;2026-06-29
CLASSES - FIDC;22.282.851/0001-07;VIRGÍNIA FIC DE FIDC MULTISSETORIAL - RESPONSABILIDADE LIMITADA;2026-03-31;1151375;Valores a receber;;;9423;;2026-06-29
CLASSES - FIDC;23.980.344/0001-00;NOBEL FUNDO DE INVESTIMENTO EM COTAS DE FUNDOS DE INVESTIMENTO EM DIREITOS CREDITÓRIOS;2026-03-31;1152585;Cotas de Fundos;0;0;29220192;;2026-06-29
CLASSES - FIDC;23.980.344/0001-00;NOBEL FUNDO DE INVESTIMENTO EM COTAS DE FUNDOS DE INVESTIMENTO EM DIREITOS CREDITÓRIOS;2026-03-31;1152585;Valores a pagar;;;11548;;2026-06-29
CLASSES - FIDC;23.980.344/0001-00;NOBEL FUNDO DE INVESTIMENTO EM COTAS DE FUNDOS DE INVESTIMENTO EM DIREITOS CREDITÓRIOS;2026-03-31;1152585;Valores a receber;;;1753;;2026-06-29
CLASSES - FIDC;24.331.364/0001-12;CIPA FUNDO DE INVESTIMENTO EM COTAS DE FUNDOS DE INVESTIMENTO EM DIREITOS CREDITORIOS;2026-03-31;1153277;Cotas de Fundos;0;0;101112679;;2026-06-29
CLASSES - FIDC;24.331.364/0001-12;CIPA FUNDO DE INVESTIMENTO EM COTAS DE FUNDOS DE INVESTIMENTO EM DIREITOS CREDITORIOS;2026-03-31;1153277;Valores a pagar;;;10104;;2026-06-29
CLASSES - FIDC;24.331.364/0001-12;CIPA FUNDO DE INVESTIMENTO EM COTAS DE FUNDOS DE INVESTIMENTO EM DIREITOS CREDITORIOS;2026-03-31;1153277;Valores a receber;;;2884;;2026-06-29
CLASSES - FIDC;26.207.801/0001-16;AQUIRAZ FIC DE FUNDOS DE INVESTIMENTO EM DIREITOS CREDITORIOS MULTISSETORIAL;2026-03-31;1165191;Cotas de Fundos;0;0;117356720;;2026-06-29
CLASSES - FIDC;26.207.801/0001-16;AQUIRAZ FIC DE FUNDOS DE INVESTIMENTO EM DIREITOS CREDITORIOS MULTISSETORIAL;2026-03-31;1165191;Valores a pagar;;;248598;;2026-06-29
CLASSES - FIDC;26.207.801/0001-16;AQUIRAZ FIC DE FUNDOS DE INVESTIMENTO EM DIREITOS CREDITORIOS MULTISSETORIAL;2026-03-31;1165191;Valores a receber;;;10587;;2026-06-29
CLASSES - FIDC;27.500.576/0001-74;HOD MULTIPLICA 90 FUNDO DE INVESTIMENTO EM COTAS DE FUNDO DE  INVESTIMENTO EM DIREITOS CREDITÓRIOS;2026-03-31;1163984;Cotas de Fundos;18150000;16373313;178901659;;2026-06-29
CLASSES - FIDC;27.500.576/0001-74;HOD MULTIPLICA 90 FUNDO DE INVESTIMENTO EM COTAS DE FUNDO DE  INVESTIMENTO EM DIREITOS CREDITÓRIOS;2026-03-31;1163984;Disponibilidades;;;5903;;2026-06-29
CLASSES - FIDC;27.500.576/0001-74;HOD MULTIPLICA 90 FUNDO DE INVESTIMENTO EM COTAS DE FUNDO DE  INVESTIMENTO EM DIREITOS CREDITÓRIOS;2026-03-31;1163984;Títulos Públicos;0;8519;4093;;2026-06-29
CLASSES - FIDC;27.500.576/0001-74;HOD MULTIPLICA 90 FUNDO DE INVESTIMENTO EM COTAS DE FUNDO DE  INVESTIMENTO EM DIREITOS CREDITÓRIOS;2026-03-31;1163984;Valores a pagar;;;509525;;2026-06-29
CLASSES - FIDC;27.500.576/0001-74;HOD MULTIPLICA 90 FUNDO DE INVESTIMENTO EM COTAS DE FUNDO DE  INVESTIMENTO EM DIREITOS CREDITÓRIOS;2026-03-31;1163984;Valores a receber;;;4238;;2026-06-29
CLASSES - FIDC;27.944.627/0001-57;RESQ II FUNDO DE INVESTIMENTO EM COTAS DE FUNDOS DE INVESTIMENTO EM DIREITOS CREDITÓRIOS NP;2026-03-31;1153284;Cotas de Fundos;0;0;263201295;;2026-06-29
CLASSES - FIDC;27.944.627/0001-57;RESQ II FUNDO DE INVESTIMENTO EM COTAS DE FUNDOS DE INVESTIMENTO EM DIREITOS CREDITÓRIOS NP;2026-03-31;1153284;Títulos Públicos;0;0;56102;;2026-06-29
CLASSES - FIDC;27.944.627/0001-57;RESQ II FUNDO DE INVESTIMENTO EM COTAS DE FUNDOS DE INVESTIMENTO EM DIREITOS CREDITÓRIOS NP;2026-03-31;1153284;Valores a pagar;;;220692;;2026-06-29
CLASSES - FIDC;27.944.627/0001-57;RESQ II FUNDO DE INVESTIMENTO EM COTAS DE FUNDOS DE INVESTIMENTO EM DIREITOS CREDITÓRIOS NP;2026-03-31;1153284;Valores a receber;;;254601;;2026-06-29
CLASSES - FIDC;28.079.865/0001-04;XPLORER FUNDO DE INVESTIMENTO EM COTAS DE FUNDOS DE INVESTIMENTO EM DIREITOS CREDITÓRIOS;2026-03-31;1153220;Cotas de Fundos;0;0;33003830;;2026-06-29
CLASSES - FIDC;28.079.865/0001-04;XPLORER FUNDO DE INVESTIMENTO EM COTAS DE FUNDOS DE INVESTIMENTO EM DIREITOS CREDITÓRIOS;2026-03-31;1153220;Valores a pagar;;;13398;;2026-06-29
CLASSES - FIDC;28.079.865/0001-04;XPLORER FUNDO DE INVESTIMENTO EM COTAS DE FUNDOS DE INVESTIMENTO EM DIREITOS CREDITÓRIOS;2026-03-31;1153220;Valores a receber;;;13305;;2026-06-29
CLASSES - FIDC;28.819.664/0001-04;TREVYS FUNDO DE INVESTIMENTO EM COTAS DE FUNDOS DE INVESTIMENTO EM DIREITOS CREDITÓRIOS;2026-03-31;1152820;Cotas de Fundos;0;0;17171879;;2026-06-29
CLASSES - FIDC;28.819.664/0001-04;TREVYS FUNDO DE INVESTIMENTO EM COTAS DE FUNDOS DE INVESTIMENTO EM DIREITOS CREDITÓRIOS;2026-03-31;1152820;Valores a pagar;;;15688;;2026-06-29
CLASSES - FIDC;28.819.664/0001-04;TREVYS FUNDO DE INVESTIMENTO EM COTAS DE FUNDOS DE INVESTIMENTO EM DIREITOS CREDITÓRIOS;2026-03-31;1152820;Valores a receber;;;888;;2026-06-29
CLASSES - FIDC;29.152.737/0001-01;POUSO ALEGRE FIC FIDC MULTISSETORIAL - RESPONSABILIDADE LIMITADA;2026-03-31;1153201;Cotas de Fundos;0;0;28011698;;2026-06-29
CLASSES - FIDC;29.152.737/0001-01;POUSO ALEGRE FIC FIDC MULTISSETORIAL - RESPONSABILIDADE LIMITADA;2026-03-31;1153201;Valores a pagar;;;6142;;2026-06-29
CLASSES - FIDC;29.152.737/0001-01;POUSO ALEGRE FIC FIDC MULTISSETORIAL - RESPONSABILIDADE LIMITADA;2026-03-31;1153201;Valores a receber;;;11597;;2026-06-29
CLASSES - FIDC;29.226.492/0001-10;TAURUS FUNDO DE INVESTIMENTO EM COTAS DE FUNDO DE INVESTIMENTO EM DIREITOS CREDITÓRIOS NÃO PADRONIZA;2026-03-31;1153558;Cotas de Fundos;0;0;360473714;;2026-06-29
CLASSES - FIDC;29.226.492/0001-10;TAURUS FUNDO DE INVESTIMENTO EM COTAS DE FUNDO DE INVESTIMENTO EM DIREITOS CREDITÓRIOS NÃO PADRONIZA;2026-03-31;1153558;Valores a pagar;;;8365;;2026-06-29
CLASSES - FIDC;29.226.492/0001-10;TAURUS FUNDO DE INVESTIMENTO EM COTAS DE FUNDO DE INVESTIMENTO EM DIREITOS CREDITÓRIOS NÃO PADRONIZA;2026-03-31;1153558;Valores a receber;;;3277;;2026-06-29
CLASSES - FIDC;29.242.992/0001-45;UNIQUE FUNDO DE INVESTIMENTO EM COTAS DE FUNDO DE INVESTIMENTO EM DIREITOS CREDITÓRIOS NÃO PADRONIZA;2026-03-31;1152810;Cotas de Fundos;0;0;69860122;;2026-06-29
CLASSES - FIDC;29.242.992/0001-45;UNIQUE FUNDO DE INVESTIMENTO EM COTAS DE FUNDO DE INVESTIMENTO EM DIREITOS CREDITÓRIOS NÃO PADRONIZA;2026-03-31;1152810;Valores a pagar;;;7495;;2026-06-29
CLASSES - FIDC;29.242.992/0001-45;UNIQUE FUNDO DE INVESTIMENTO EM COTAS DE FUNDO DE INVESTIMENTO EM DIREITOS CREDITÓRIOS NÃO PADRONIZA;2026-03-31;1152810;Valores a receber;;;1024;;2026-06-29
CLASSES - FIDC;29.284.735/0001-76;ACREDITAR FUNDO DE INVESTIMENTO EM COTAS DE FUNDOS DE INVESTIMENTO EM DIREITOS CREDITÓRIOS;2026-03-31;1152807;Cotas de Fundos;0;0;102228826;;2026-06-29
CLASSES - FIDC;29.284.735/0001-76;ACREDITAR FUNDO DE INVESTIMENTO EM COTAS DE FUNDOS DE INVESTIMENTO EM DIREITOS CREDITÓRIOS;2026-03-31;1152807;Valores a pagar;;;18246;;2026-06-29
CLASSES - FIDC;29.284.735/0001-76;ACREDITAR FUNDO DE INVESTIMENTO EM COTAS DE FUNDOS DE INVESTIMENTO EM DIREITOS CREDITÓRIOS;2026-03-31;1152807;Valores a receber;;;5524;;2026-06-29
CLASSES - FIDC;30.144.052/0001-00;DSX FUNDO DE INVESTIMENTO EM COTAS DE FUNDOS DE INVESTIMENTO DE DIREITOS CREDITÓRIOS;2026-03-31;1152624;Cotas de Fundos;0;0;13853224;;2026-06-29
CLASSES - FIDC;30.144.052/0001-00;DSX FUNDO DE INVESTIMENTO EM COTAS DE FUNDOS DE INVESTIMENTO DE DIREITOS CREDITÓRIOS;2026-03-31;1152624;Valores a pagar;;;8270;;2026-06-29
CLASSES - FIDC;30.144.052/0001-00;DSX FUNDO DE INVESTIMENTO EM COTAS DE FUNDOS DE INVESTIMENTO DE DIREITOS CREDITÓRIOS;2026-03-31;1152624;Valores a receber;;;1071;;2026-06-29
CLASSES - FIDC;31.770.515/0001-02;CASA 5 FUNDO DE INVESTIMENTO EM COTAS DE FUNDO DE INVESTIMENTO EM DIREITOS CREDITÓRIOS;2026-03-31;1152962;Cotas de Fundos;0;0;39946068;;2026-06-29
CLASSES - FIDC;31.770.515/0001-02;CASA 5 FUNDO DE INVESTIMENTO EM COTAS DE FUNDO DE INVESTIMENTO EM DIREITOS CREDITÓRIOS;2026-03-31;1152962;Valores a pagar;;;7728;;2026-06-29
CLASSES - FIDC;31.770.515/0001-02;CASA 5 FUNDO DE INVESTIMENTO EM COTAS DE FUNDO DE INVESTIMENTO EM DIREITOS CREDITÓRIOS;2026-03-31;1152962;Valores a receber;;;1117;;2026-06-29
CLASSES - FIDC;31.962.028/0001-33;TIME MACHINE FUNDO DE INVESTIMENTO EM COTAS DE FUNDO DE INVESTIMENTO EM DIREITOS CREDITÓRIOS;2026-03-31;1156140;Cotas de Fundos;;;82554062;;2026-06-29
CLASSES - FIDC;31.962.028/0001-33;TIME MACHINE FUNDO DE INVESTIMENTO EM COTAS DE FUNDO DE INVESTIMENTO EM DIREITOS CREDITÓRIOS;2026-03-31;1156140;Valores a pagar;;;51659;;2026-06-29
CLASSES - FIDC;31.962.028/0001-33;TIME MACHINE FUNDO DE INVESTIMENTO EM COTAS DE FUNDO DE INVESTIMENTO EM DIREITOS CREDITÓRIOS;2026-03-31;1156140;Valores a receber;;;18194;;2026-06-29
CLASSES - FIDC;32.525.937/0001-77;CONFIANÇA FUNDO DE INVESTIMENTO EM COTAS DE FUNDO DE INVESTIMENTO EM DIREITOS CREDITÓRIOS;2026-03-31;1152654;Cotas de Fundos;0;0;66382299;;2026-06-29
CLASSES - FIDC;32.525.937/0001-77;CONFIANÇA FUNDO DE INVESTIMENTO EM COTAS DE FUNDO DE INVESTIMENTO EM DIREITOS CREDITÓRIOS;2026-03-31;1152654;Valores a pagar;;;18918;;2026-06-29
CLASSES - FIDC;32.525.937/0001-77;CONFIANÇA FUNDO DE INVESTIMENTO EM COTAS DE FUNDO DE INVESTIMENTO EM DIREITOS CREDITÓRIOS;2026-03-31;1152654;Valores a receber;;;1138;;2026-06-29
CLASSES - FIDC;32.525.986/0001-00;PARAGON FUNDO DE INVESTIMENTO EM COTAS DE FUNDO DE INVESTIMENTO EM DIREITOS CREDITÓRIOS;2026-03-31;1153202;Cotas de Fundos;0;0;56694995;;2026-06-29
CLASSES - FIDC;32.525.986/0001-00;PARAGON FUNDO DE INVESTIMENTO EM COTAS DE FUNDO DE INVESTIMENTO EM DIREITOS CREDITÓRIOS;2026-03-31;1153202;Valores a pagar;;;25538;;2026-06-29
CLASSES - FIDC;32.525.986/0001-00;PARAGON FUNDO DE INVESTIMENTO EM COTAS DE FUNDO DE INVESTIMENTO EM DIREITOS CREDITÓRIOS;2026-03-31;1153202;Valores a receber;;;1020;;2026-06-29
CLASSES - FIDC;32.999.032/0001-39;DCASH FUNDO DE INVESTIMENTO EM COTAS DE FUNDOS DE INVESTIMENTO EM DIREITOS CREDITÓRIOS;2026-03-31;1153054;Cotas de Fundos;0;0;76226714;;2026-06-29
CLASSES - FIDC;32.999.032/0001-39;DCASH FUNDO DE INVESTIMENTO EM COTAS DE FUNDOS DE INVESTIMENTO EM DIREITOS CREDITÓRIOS;2026-03-31;1153054;Valores a pagar;;;54444;;2026-06-29
CLASSES - FIDC;32.999.032/0001-39;DCASH FUNDO DE INVESTIMENTO EM COTAS DE FUNDOS DE INVESTIMENTO EM DIREITOS CREDITÓRIOS;2026-03-31;1153054;Valores a receber;;;1261;;2026-06-29
CLASSES - FIDC;33.632.618/0001-23;NOVA CAPITAL FUNDO DE INVESTIMENTO EM QUOTAS FUNDOS DE INVESTIMENTO EM DIREITOS CREDITORIOS;2026-03-31;1153664;Cotas de Fundos;0;0;60133383;;2026-06-29
CLASSES - FIDC;33.632.618/0001-23;NOVA CAPITAL FUNDO DE INVESTIMENTO EM QUOTAS FUNDOS DE INVESTIMENTO EM DIREITOS CREDITORIOS;2026-03-31;1153664;Valores a pagar;;;7657;;2026-06-29
CLASSES - FIDC;33.632.618/0001-23;NOVA CAPITAL FUNDO DE INVESTIMENTO EM QUOTAS FUNDOS DE INVESTIMENTO EM DIREITOS CREDITORIOS;2026-03-31;1153664;Valores a receber;;;9653;;2026-06-29
CLASSES - FIDC;35.871.456/0001-01;SEJA FUNDO DE INVESTIMENTO EM COTAS DE FUNDO DE INVESTIMENTO EM DIREITOS CREDITÓRIOS;2026-03-31;1152997;Cotas de Fundos;0;0;47736272;;2026-06-29
CLASSES - FIDC;35.871.456/0001-01;SEJA FUNDO DE INVESTIMENTO EM COTAS DE FUNDO DE INVESTIMENTO EM DIREITOS CREDITÓRIOS;2026-03-31;1152997;Valores a pagar;;;44626;;2026-06-29
CLASSES - FIDC;35.871.456/0001-01;SEJA FUNDO DE INVESTIMENTO EM COTAS DE FUNDO DE INVESTIMENTO EM DIREITOS CREDITÓRIOS;2026-03-31;1152997;Valores a receber;;;1031;;2026-06-29
CLASSES - FIDC;36.113.052/0001-11;POSITANO FUNDO DE INVESTIMENTO EM COTAS DE FUNDO DE INVESTIMENTO EM DIREITOS CREDITÓRIOS;2026-03-31;1152428;Cotas de Fundos;0;0;29756189;;2026-06-29
CLASSES - FIDC;36.113.052/0001-11;POSITANO FUNDO DE INVESTIMENTO EM COTAS DE FUNDO DE INVESTIMENTO EM DIREITOS CREDITÓRIOS;2026-03-31;1152428;Títulos Públicos;0;0;1317780;;2026-06-29
CLASSES - FIDC;36.113.052/0001-11;POSITANO FUNDO DE INVESTIMENTO EM COTAS DE FUNDO DE INVESTIMENTO EM DIREITOS CREDITÓRIOS;2026-03-31;1152428;Valores a pagar;;;52068;;2026-06-29
CLASSES - FIDC;36.113.052/0001-11;POSITANO FUNDO DE INVESTIMENTO EM COTAS DE FUNDO DE INVESTIMENTO EM DIREITOS CREDITÓRIOS;2026-03-31;1152428;Valores a receber;;;3597;;2026-06-29
CLASSES - FIDC;36.293.650/0001-10;VIA CAPITAL MATRAMERUS FUNDO DE INVESTIMENTO EM COTAS DE FUNDOS DE INVESTIMENTO EM DIREITOS CREDITÓR;2026-03-31;1150990;Cotas de Fundos;0;0;19317778;;2026-06-29
CLASSES - FIDC;36.293.650/0001-10;VIA CAPITAL MATRAMERUS FUNDO DE INVESTIMENTO EM COTAS DE FUNDOS DE INVESTIMENTO EM DIREITOS CREDITÓR;2026-03-31;1150990;Valores a pagar;;;202820;;2026-06-29
CLASSES - FIDC;36.293.650/0001-10;VIA CAPITAL MATRAMERUS FUNDO DE INVESTIMENTO EM COTAS DE FUNDOS DE INVESTIMENTO EM DIREITOS CREDITÓR;2026-03-31;1150990;Valores a receber;;;1141;;2026-06-29
CLASSES - FIDC;36.420.767/0001-17;U.NIC FUNDO DE INVESTIMENTO EM COTAS DE FUNDO DE INVESTIMENTOS EM DIREITOS CREDITÓRIOS;2026-03-31;1152596;Cotas de Fundos;0;0;5723463;;2026-06-29
CLASSES - FIDC;36.420.767/0001-17;U.NIC FUNDO DE INVESTIMENTO EM COTAS DE FUNDO DE INVESTIMENTOS EM DIREITOS CREDITÓRIOS;2026-03-31;1152596;Valores a receber;;;15799;;2026-06-29
CLASSES - FIDC;37.121.165/0001-21;COOPERA FEEDER FUNDO DE INVESTIMENTO EM DIREITOS CREDITÓRIOS;2026-03-31;1153211;Cotas de Fundos;0;0;78123722;;2026-06-29
CLASSES - FIDC;37.121.165/0001-21;COOPERA FEEDER FUNDO DE INVESTIMENTO EM DIREITOS CREDITÓRIOS;2026-03-31;1153211;Valores a pagar;;;27211;;2026-06-29
CLASSES - FIDC;37.121.165/0001-21;COOPERA FEEDER FUNDO DE INVESTIMENTO EM DIREITOS CREDITÓRIOS;2026-03-31;1153211;Valores a receber;;;1121;;2026-06-29
CLASSES - FIDC;39.285.627/0001-71;GV LAGUNA FUNDO DE INVESTIMENTO EM COTAS DE FUNDO DE INVESTIMENTO EM DIREITOS CREDITÓRIOS;2026-03-31;1161871;Cotas de Fundos;;;206573524;;2026-06-29
CLASSES - FIDC;39.285.627/0001-71;GV LAGUNA FUNDO DE INVESTIMENTO EM COTAS DE FUNDO DE INVESTIMENTO EM DIREITOS CREDITÓRIOS;2026-03-31;1161871;Disponibilidades;;;12;;2026-06-29
CLASSES - FIDC;39.285.627/0001-71;GV LAGUNA FUNDO DE INVESTIMENTO EM COTAS DE FUNDO DE INVESTIMENTO EM DIREITOS CREDITÓRIOS;2026-03-31;1161871;Valores a pagar;;;156885;;2026-06-29
CLASSES - FIDC;39.285.627/0001-71;GV LAGUNA FUNDO DE INVESTIMENTO EM COTAS DE FUNDO DE INVESTIMENTO EM DIREITOS CREDITÓRIOS;2026-03-31;1161871;Valores a receber;;;1632;;2026-06-29
CLASSES - FIDC;39.469.191/0001-70;EVEREST K2 FUNDO DE INVESTIMENTO EM COTAS DE FUNDO DE INVESTIMENTO EM DIREITOS CREDITÓRIOS;2026-03-31;1153219;Cotas de Fundos;0;0;4290411;;2026-06-29
CLASSES - FIDC;39.469.191/0001-70;EVEREST K2 FUNDO DE INVESTIMENTO EM COTAS DE FUNDO DE INVESTIMENTO EM DIREITOS CREDITÓRIOS;2026-03-31;1153219;Valores a pagar;;;76084;;2026-06-29
CLASSES - FIDC;39.469.191/0001-70;EVEREST K2 FUNDO DE INVESTIMENTO EM COTAS DE FUNDO DE INVESTIMENTO EM DIREITOS CREDITÓRIOS;2026-03-31;1153219;Valores a receber;;;438;;2026-06-29
CLASSES - FIDC;39.806.180/0001-39;BM INFRA FUNDO DE INVESTIMENTO EM COTAS DE FUNDOS DE  INVESTIMENTO EM DIREITOS CREDITÓRIO;2026-03-31;1153638;Cotas de Fundos;0;0;219690235;;2026-06-29
CLASSES - FIDC;39.806.180/0001-39;BM INFRA FUNDO DE INVESTIMENTO EM COTAS DE FUNDOS DE  INVESTIMENTO EM DIREITOS CREDITÓRIO;2026-03-31;1153638;Valores a pagar;;;-747951;;2026-06-29
CLASSES - FIDC;39.806.180/0001-39;BM INFRA FUNDO DE INVESTIMENTO EM COTAS DE FUNDOS DE  INVESTIMENTO EM DIREITOS CREDITÓRIO;2026-03-31;1153638;Valores a receber;;;3277;;2026-06-29
CLASSES - FIDC;40.902.151/0001-50;JP CAPITAL FUNDO DE INVESTIMENTO EM COTAS DE  FUNDOS DE INVESTIMENTO EM DIREITOS CREDITÓRIOS;2026-03-31;1153195;Cotas de Fundos;0;0;49798027;;2026-06-29
CLASSES - FIDC;40.902.151/0001-50;JP CAPITAL FUNDO DE INVESTIMENTO EM COTAS DE  FUNDOS DE INVESTIMENTO EM DIREITOS CREDITÓRIOS;2026-03-31;1153195;Valores a pagar;;;5254;;2026-06-29
CLASSES - FIDC;40.902.151/0001-50;JP CAPITAL FUNDO DE INVESTIMENTO EM COTAS DE  FUNDOS DE INVESTIMENTO EM DIREITOS CREDITÓRIOS;2026-03-31;1153195;Valores a receber;;;972;;2026-06-29
CLASSES - FIDC;40.989.019/0001-27;FUNDO DE INVESTIMENTO EM COTAS DE FUNDOS DE INVESTIMENTO EM DIREITOS CREDITÓRIOS GRAMADO;2026-03-31;1153193;Cotas de Fundos;0;0;105232357;;2026-06-29
CLASSES - FIDC;40.989.019/0001-27;FUNDO DE INVESTIMENTO EM COTAS DE FUNDOS DE INVESTIMENTO EM DIREITOS CREDITÓRIOS GRAMADO;2026-03-31;1153193;Valores a pagar;;;30962;;2026-06-29
CLASSES - FIDC;40.989.019/0001-27;FUNDO DE INVESTIMENTO EM COTAS DE FUNDOS DE INVESTIMENTO EM DIREITOS CREDITÓRIOS GRAMADO;2026-03-31;1153193;Valores a receber;;;2653;;2026-06-29
CLASSES - FIDC;41.163.552/0001-06;BRAVE RAGNAR FUNDO DE INVESTIMENTO EM COTAS DE FUNDO DE INVESTIMENTO EM DIREITOS CREDITÓRIOS;2026-03-31;1152873;Cotas de Fundos;0;0;6925504;;2026-06-29
CLASSES - FIDC;41.163.552/0001-06;BRAVE RAGNAR FUNDO DE INVESTIMENTO EM COTAS DE FUNDO DE INVESTIMENTO EM DIREITOS CREDITÓRIOS;2026-03-31;1152873;Valores a pagar;;;27260;;2026-06-29
CLASSES - FIDC;41.163.552/0001-06;BRAVE RAGNAR FUNDO DE INVESTIMENTO EM COTAS DE FUNDO DE INVESTIMENTO EM DIREITOS CREDITÓRIOS;2026-03-31;1152873;Valores a receber;;;289341;;2026-06-29
CLASSES - FIDC;41.251.476/0001-82;RDP FUNDO DE INVESTIMENTO EM COTAS DE  FUNDOS DE INVESTIMENTO EM DIREITOS CREDITÓRIOS NÃO PADRONIZAD;2026-03-31;1152565;Cotas de Fundos;0;0;52784415;;2026-06-29
CLASSES - FIDC;41.251.476/0001-82;RDP FUNDO DE INVESTIMENTO EM COTAS DE  FUNDOS DE INVESTIMENTO EM DIREITOS CREDITÓRIOS NÃO PADRONIZAD;2026-03-31;1152565;Valores a pagar;;;538;;2026-06-29
CLASSES - FIDC;41.251.476/0001-82;RDP FUNDO DE INVESTIMENTO EM COTAS DE  FUNDOS DE INVESTIMENTO EM DIREITOS CREDITÓRIOS NÃO PADRONIZAD;2026-03-31;1152565;Valores a receber;;;1024;;2026-06-29
CLASSES - FIDC;41.351.648/0001-90;ACCESS FUNDO DE INVESTIMENTO EM COTAS DE FUNDOS DE INVESTIMENTO EM DIREITOS CREDITÓRIOS;2026-03-31;1153631;Cotas de Fundos;0;0;24871348;;2026-06-29
CLASSES - FIDC;41.351.648/0001-90;ACCESS FUNDO DE INVESTIMENTO EM COTAS DE FUNDOS DE INVESTIMENTO EM DIREITOS CREDITÓRIOS;2026-03-31;1153631;Valores a pagar;;;4692;;2026-06-29
CLASSES - FIDC;41.351.648/0001-90;ACCESS FUNDO DE INVESTIMENTO EM COTAS DE FUNDOS DE INVESTIMENTO EM DIREITOS CREDITÓRIOS;2026-03-31;1153631;Valores a receber;;;1282;;2026-06-29
CLASSES - FIDC;41.395.100/0001-41;BARU FUNDO DE INVESTIMENTO EM COTAS DE FUNDO DE INVESTIMENTO EM DIREITOS CREDITÓRIOS;2026-03-31;1152885;Cotas de Fundos;0;0;25153476;;2026-06-29
CLASSES - FIDC;41.395.100/0001-41;BARU FUNDO DE INVESTIMENTO EM COTAS DE FUNDO DE INVESTIMENTO EM DIREITOS CREDITÓRIOS;2026-03-31;1152885;Valores a pagar;;;4925;;2026-06-29
CLASSES - FIDC;41.395.100/0001-41;BARU FUNDO DE INVESTIMENTO EM COTAS DE FUNDO DE INVESTIMENTO EM DIREITOS CREDITÓRIOS;2026-03-31;1152885;Valores a receber;;;576;;2026-06-29
CLASSES - FIDC;41.673.339/0001-36;SSE FUNDO DE INVESTIMENTO EM COTAS DE FUNDOS DE INVESTIMENTO EM DIREITOS CREDITÓRIOS NÃO PADRONIZADO;2026-03-31;1152400;Cotas de Fundos;0;0;302069417;;2026-06-29
CLASSES - FIDC;41.673.339/0001-36;SSE FUNDO DE INVESTIMENTO EM COTAS DE FUNDOS DE INVESTIMENTO EM DIREITOS CREDITÓRIOS NÃO PADRONIZADO;2026-03-31;1152400;Valores a pagar;;;35677;;2026-06-29
CLASSES - FIDC;41.673.339/0001-36;SSE FUNDO DE INVESTIMENTO EM COTAS DE FUNDOS DE INVESTIMENTO EM DIREITOS CREDITÓRIOS NÃO PADRONIZADO;2026-03-31;1152400;Valores a receber;;;3277;;2026-06-29
CLASSES - FIDC;41.992.676/0001-96;STARS BANK FUNDO DE INVESTIMENTO EM COTAS DE FUNDO DE INVESTIMENTO EM DIREITOS CREDITÓRIOS;2026-03-31;1159333;Cotas de Fundos;0;0;441473057;;2026-06-29
CLASSES - FIDC;41.992.676/0001-96;STARS BANK FUNDO DE INVESTIMENTO EM COTAS DE FUNDO DE INVESTIMENTO EM DIREITOS CREDITÓRIOS;2026-03-31;1159333;Valores a pagar;;;-588318;;2026-06-29
CLASSES - FIDC;41.992.676/0001-96;STARS BANK FUNDO DE INVESTIMENTO EM COTAS DE FUNDO DE INVESTIMENTO EM DIREITOS CREDITÓRIOS;2026-03-31;1159333;Valores a receber;;;2458;;2026-06-29
CLASSES - FIDC;42.067.232/0001-07;JPI FUNDO DE INVESTIMENTO EM COTAS DE FUNDO DE INVESTIMENTO EM DIREITOS CREDITÓRIOS;2026-03-31;1152560;Cotas de Fundos;0;0;48533862;;2026-06-29
CLASSES - FIDC;42.067.232/0001-07;JPI FUNDO DE INVESTIMENTO EM COTAS DE FUNDO DE INVESTIMENTO EM DIREITOS CREDITÓRIOS;2026-03-31;1152560;Valores a pagar;;;37886;;2026-06-29
CLASSES - FIDC;42.067.232/0001-07;JPI FUNDO DE INVESTIMENTO EM COTAS DE FUNDO DE INVESTIMENTO EM DIREITOS CREDITÓRIOS;2026-03-31;1152560;Valores a receber;;;1290;;2026-06-29
CLASSES - FIDC;42.196.288/0001-61;FUNDO DE INVESTIMENTO EM COTAS DE FUNDOS DE INVESTIMENTO EM DIREITOS CREDITÓRIOS EXODUS INSTITUCIONA;2026-03-31;1152568;Cotas de Fundos;0;0;412995812;;2026-06-29
CLASSES - FIDC;42.196.288/0001-61;FUNDO DE INVESTIMENTO EM COTAS DE FUNDOS DE INVESTIMENTO EM DIREITOS CREDITÓRIOS EXODUS INSTITUCIONA;2026-03-31;1152568;Valores a pagar;;;419319;;2026-06-29
CLASSES - FIDC;42.196.288/0001-61;FUNDO DE INVESTIMENTO EM COTAS DE FUNDOS DE INVESTIMENTO EM DIREITOS CREDITÓRIOS EXODUS INSTITUCIONA;2026-03-31;1152568;Valores a receber;;;200720;;2026-06-29
CLASSES - FIDC;42.533.772/0001-39;CAMPINAS FUNDO DE INVESTIMENTO EM COTAS DE FUNDOS DE INVESTIMENTO EM DIREITOS CREDITÓRIOS - RESPONSA;2026-03-31;1152574;Cotas de Fundos;0;0;264821640;;2026-06-29
CLASSES - FIDC;42.533.772/0001-39;CAMPINAS FUNDO DE INVESTIMENTO EM COTAS DE FUNDOS DE INVESTIMENTO EM DIREITOS CREDITÓRIOS - RESPONSA;2026-03-31;1152574;Valores a pagar;;;85588;;2026-06-29
CLASSES - FIDC;42.533.772/0001-39;CAMPINAS FUNDO DE INVESTIMENTO EM COTAS DE FUNDOS DE INVESTIMENTO EM DIREITOS CREDITÓRIOS - RESPONSA;2026-03-31;1152574;Valores a receber;;;2873;;2026-06-29
CLASSES - FIDC;43.551.156/0001-73;ORRAM CORE FUNDO DE INVESTIMENTO EM COTAS DE FUNDO DE INVESTIMENTO EM DIREITOS CREDITÓRIOS;2026-03-31;1152295;Cotas de Fundos;0;0;690439710;;2026-06-29
CLASSES - FIDC;43.551.156/0001-73;ORRAM CORE FUNDO DE INVESTIMENTO EM COTAS DE FUNDO DE INVESTIMENTO EM DIREITOS CREDITÓRIOS;2026-03-31;1152295;Títulos Públicos;0;0;118775;;2026-06-29
CLASSES - FIDC;43.551.156/0001-73;ORRAM CORE FUNDO DE INVESTIMENTO EM COTAS DE FUNDO DE INVESTIMENTO EM DIREITOS CREDITÓRIOS;2026-03-31;1152295;Valores a pagar;;;237738;;2026-06-29
CLASSES - FIDC;43.551.156/0001-73;ORRAM CORE FUNDO DE INVESTIMENTO EM COTAS DE FUNDO DE INVESTIMENTO EM DIREITOS CREDITÓRIOS;2026-03-31;1152295;Valores a receber;;;3264;;2026-06-29
CLASSES - FIDC;43.551.206/0001-12;ORRAM 60 FUNDO DE INVESTIMENTO EM COTAS DE FUNDO DE INVESTIMENTO EM DIREITOS CREDITÓRIOS;2026-03-31;1152297;Cotas de Fundos;0;0;330167974;;2026-06-29
CLASSES - FIDC;43.551.206/0001-12;ORRAM 60 FUNDO DE INVESTIMENTO EM COTAS DE FUNDO DE INVESTIMENTO EM DIREITOS CREDITÓRIOS;2026-03-31;1152297;Títulos Públicos;0;0;93504;;2026-06-29
CLASSES - FIDC;43.551.206/0001-12;ORRAM 60 FUNDO DE INVESTIMENTO EM COTAS DE FUNDO DE INVESTIMENTO EM DIREITOS CREDITÓRIOS;2026-03-31;1152297;Valores a pagar;;;623625;;2026-06-29
CLASSES - FIDC;43.551.206/0001-12;ORRAM 60 FUNDO DE INVESTIMENTO EM COTAS DE FUNDO DE INVESTIMENTO EM DIREITOS CREDITÓRIOS;2026-03-31;1152297;Valores a receber;;;25928;;2026-06-29
CLASSES - FIDC;44.002.502/0001-27;KP GUARDIAN FUNDO DE INVESTIMENTO EM COTAS DE FIDC RESPONSABILIDADE LIMITADA;2026-03-31;1153058;Cotas de Fundos;0;0;16746963;;2026-06-29
CLASSES - FIDC;44.002.502/0001-27;KP GUARDIAN FUNDO DE INVESTIMENTO EM COTAS DE FIDC RESPONSABILIDADE LIMITADA;2026-03-31;1153058;Valores a pagar;;;7678;;2026-06-29
CLASSES - FIDC;44.002.502/0001-27;KP GUARDIAN FUNDO DE INVESTIMENTO EM COTAS DE FIDC RESPONSABILIDADE LIMITADA;2026-03-31;1153058;Valores a receber;;;576;;2026-06-29
CLASSES - FIDC;44.571.204/0001-58;SABIA CREDIT FEEDER FUNDO DE INVESTIMENTO EM COTAS DE FUNDOS DE INVESTIMENTO EM DIREITOS CREDITÓRIOS;2026-03-31;1152841;Cotas de Fundos;0;0;53472694;;2026-06-29
CLASSES - FIDC;44.571.204/0001-58;SABIA CREDIT FEEDER FUNDO DE INVESTIMENTO EM COTAS DE FUNDOS DE INVESTIMENTO EM DIREITOS CREDITÓRIOS;2026-03-31;1152841;Valores a pagar;;;73639;;2026-06-29
CLASSES - FIDC;44.571.204/0001-58;SABIA CREDIT FEEDER FUNDO DE INVESTIMENTO EM COTAS DE FUNDOS DE INVESTIMENTO EM DIREITOS CREDITÓRIOS;2026-03-31;1152841;Valores a receber;;;1322;;2026-06-29
CLASSES - FIDC;44.705.452/0001-44;SEVEN CAPITAL FUNDO DE INVESTIMENTO EM COTAS DE FUNDO DE INVESTIMENTO EM DIREITOS CREDITÓRIOS;2026-03-31;1153183;Cotas de Fundos;0;0;43233711;;2026-06-29
CLASSES - FIDC;44.705.452/0001-44;SEVEN CAPITAL FUNDO DE INVESTIMENTO EM COTAS DE FUNDO DE INVESTIMENTO EM DIREITOS CREDITÓRIOS;2026-03-31;1153183;Títulos Públicos;0;0;26153;;2026-06-29
CLASSES - FIDC;44.705.452/0001-44;SEVEN CAPITAL FUNDO DE INVESTIMENTO EM COTAS DE FUNDO DE INVESTIMENTO EM DIREITOS CREDITÓRIOS;2026-03-31;1153183;Valores a pagar;;;6422;;2026-06-29
CLASSES - FIDC;44.705.452/0001-44;SEVEN CAPITAL FUNDO DE INVESTIMENTO EM COTAS DE FUNDO DE INVESTIMENTO EM DIREITOS CREDITÓRIOS;2026-03-31;1153183;Valores a receber;;;2348;;2026-06-29
CLASSES - FIDC;44.705.662/0001-32;OPERA I FUNDO DE INVESTIMENTO EM COTAS DE FUNDO DE INVESTIMENTO EM DIREITOS CREDITÓRIOS;2026-03-31;1152567;Cotas de Fundos;0;0;21446101;;2026-06-29
CLASSES - FIDC;44.705.662/0001-32;OPERA I FUNDO DE INVESTIMENTO EM COTAS DE FUNDO DE INVESTIMENTO EM DIREITOS CREDITÓRIOS;2026-03-31;1152567;Títulos Públicos;0;0;12281;;2026-06-29
CLASSES - FIDC;44.705.662/0001-32;OPERA I FUNDO DE INVESTIMENTO EM COTAS DE FUNDO DE INVESTIMENTO EM DIREITOS CREDITÓRIOS;2026-03-31;1152567;Valores a pagar;;;6357;;2026-06-29
CLASSES - FIDC;44.705.662/0001-32;OPERA I FUNDO DE INVESTIMENTO EM COTAS DE FUNDO DE INVESTIMENTO EM DIREITOS CREDITÓRIOS;2026-03-31;1152567;Valores a receber;;;576;;2026-06-29
CLASSES - FIDC;45.025.014/0001-06;OC FUNDO DE INVESTIMENTO EM COTAS DE FUNDO DE INVESTIMENTO EM DIREITOS CREDITÓRIOS;2026-03-31;1152393;Cotas de Fundos;0;0;26627390;;2026-06-29
CLASSES - FIDC;45.025.014/0001-06;OC FUNDO DE INVESTIMENTO EM COTAS DE FUNDO DE INVESTIMENTO EM DIREITOS CREDITÓRIOS;2026-03-31;1152393;Valores a pagar;;;3806;;2026-06-29
CLASSES - FIDC;45.025.014/0001-06;OC FUNDO DE INVESTIMENTO EM COTAS DE FUNDO DE INVESTIMENTO EM DIREITOS CREDITÓRIOS;2026-03-31;1152393;Valores a receber;;;576;;2026-06-29
CLASSES - FIDC;45.026.487/0001-10;EVEREST 30 FUNDO DE INVESTIMENTO EM COTAS DE FUNDO DE INVESTIMENTO EM DIREITOS CREDITÓRIOS;2026-03-31;1161861;Cotas de Fundos;;;30900440;;2026-06-29
CLASSES - FIDC;45.026.487/0001-10;EVEREST 30 FUNDO DE INVESTIMENTO EM COTAS DE FUNDO DE INVESTIMENTO EM DIREITOS CREDITÓRIOS;2026-03-31;1161861;Disponibilidades;;;50;;2026-06-29
CLASSES - FIDC;45.026.487/0001-10;EVEREST 30 FUNDO DE INVESTIMENTO EM COTAS DE FUNDO DE INVESTIMENTO EM DIREITOS CREDITÓRIOS;2026-03-31;1161861;Valores a pagar;;;141698;;2026-06-29
CLASSES - FIDC;45.026.487/0001-10;EVEREST 30 FUNDO DE INVESTIMENTO EM COTAS DE FUNDO DE INVESTIMENTO EM DIREITOS CREDITÓRIOS;2026-03-31;1161861;Valores a receber;;;765;;2026-06-29
CLASSES - FIDC;45.756.256/0001-61;OP QI FUNDO DE INVESTIMENTO EM COTAS DE FUNDOS DE INVESTIMENTO EM DIREITOS CREDITÓRIOS;2026-03-31;1152317;Cotas de Fundos;0;0;30057819;;2026-06-29
CLASSES - FIDC;45.756.256/0001-61;OP QI FUNDO DE INVESTIMENTO EM COTAS DE FUNDOS DE INVESTIMENTO EM DIREITOS CREDITÓRIOS;2026-03-31;1152317;Valores a pagar;;;23704;;2026-06-29
CLASSES - FIDC;45.756.256/0001-61;OP QI FUNDO DE INVESTIMENTO EM COTAS DE FUNDOS DE INVESTIMENTO EM DIREITOS CREDITÓRIOS;2026-03-31;1152317;Valores a receber;;;2608;;2026-06-29
CLASSES - FIDC;45.777.614/0001-12;MR FUNDO DE INVESTIMENTO EM COTAS DE FUNDOS DE INVESTIMENTO EM DIREITOS CREDITÓRIOS;2026-03-31;1153020;Cotas de Fundos;0;0;40903975;;2026-06-29
CLASSES - FIDC;45.777.614/0001-12;MR FUNDO DE INVESTIMENTO EM COTAS DE FUNDOS DE INVESTIMENTO EM DIREITOS CREDITÓRIOS;2026-03-31;1153020;Valores a pagar;;;15153;;2026-06-29
CLASSES - FIDC;45.777.614/0001-12;MR FUNDO DE INVESTIMENTO EM COTAS DE FUNDOS DE INVESTIMENTO EM DIREITOS CREDITÓRIOS;2026-03-31;1153020;Valores a receber;;;393491;;2026-06-29
CLASSES - FIDC;46.339.885/0001-59;V8 GTO CIC DE CLASSES DE INVESTIMENTO EM DIREITOS CREDITÓRIOS - RESP LIMITADA;2026-03-31;1156420;Cotas de Fundos;15680571;25507763;114373126;;2026-06-29
CLASSES - FIDC;46.339.885/0001-59;V8 GTO CIC DE CLASSES DE INVESTIMENTO EM DIREITOS CREDITÓRIOS - RESP LIMITADA;2026-03-31;1156420;Disponibilidades;;;11046;;2026-06-29
CLASSES - FIDC;46.339.885/0001-59;V8 GTO CIC DE CLASSES DE INVESTIMENTO EM DIREITOS CREDITÓRIOS - RESP LIMITADA;2026-03-31;1156420;Valores a pagar;;;550637;;2026-06-29
CLASSES - FIDC;46.339.885/0001-59;V8 GTO CIC DE CLASSES DE INVESTIMENTO EM DIREITOS CREDITÓRIOS - RESP LIMITADA;2026-03-31;1156420;Valores a receber;;;36616;;2026-06-29
CLASSES - FIDC;46.390.338/0001-06;VTR OP FUNDO DE INVESTIMENTO EM COTAS DE FUNDOS DE INVESTIMENTO EM DIREITOS CREDITÓRIOS - RESPONSABI;2026-03-31;1153181;Cotas de Fundos;0;0;41729249;;2026-06-29
CLASSES - FIDC;46.390.338/0001-06;VTR OP FUNDO DE INVESTIMENTO EM COTAS DE FUNDOS DE INVESTIMENTO EM DIREITOS CREDITÓRIOS - RESPONSABI;2026-03-31;1153181;Valores a pagar;;;4002;;2026-06-29
CLASSES - FIDC;46.390.338/0001-06;VTR OP FUNDO DE INVESTIMENTO EM COTAS DE FUNDOS DE INVESTIMENTO EM DIREITOS CREDITÓRIOS - RESPONSABI;2026-03-31;1153181;Valores a receber;;;1514;;2026-06-29
CLASSES - FIDC;46.801.085/0001-08;CARAJÁS FUNDO DE INVESTIMENTO EM COTAS DE FUNDOS DE INVESTIMENTO EM DIREITOS CREDITÒRIOS;2026-03-31;1153214;Cotas de Fundos;0;0;13160352;;2026-06-29
CLASSES - FIDC;46.801.085/0001-08;CARAJÁS FUNDO DE INVESTIMENTO EM COTAS DE FUNDOS DE INVESTIMENTO EM DIREITOS CREDITÒRIOS;2026-03-31;1153214;Valores a pagar;;;5685;;2026-06-29
CLASSES - FIDC;46.801.085/0001-08;CARAJÁS FUNDO DE INVESTIMENTO EM COTAS DE FUNDOS DE INVESTIMENTO EM DIREITOS CREDITÒRIOS;2026-03-31;1153214;Valores a receber;;;384;;2026-06-29
CLASSES - FIDC;47.167.977/0001-61;FMD INVESTIMENTOS FUNDO DE INVESTIMENTO EM DIREITOS CREDITÓRIOS;2026-03-31;1166618;Cotas de Fundos;0;0;44841508;;2026-06-29
CLASSES - FIDC;47.167.977/0001-61;FMD INVESTIMENTOS FUNDO DE INVESTIMENTO EM DIREITOS CREDITÓRIOS;2026-03-31;1166618;Debêntures;;;2016301;;2026-06-29
CLASSES - FIDC;47.167.977/0001-61;FMD INVESTIMENTOS FUNDO DE INVESTIMENTO EM DIREITOS CREDITÓRIOS;2026-03-31;1166618;Valores a pagar;;;6857;;2026-06-29
CLASSES - FIDC;47.167.977/0001-61;FMD INVESTIMENTOS FUNDO DE INVESTIMENTO EM DIREITOS CREDITÓRIOS;2026-03-31;1166618;Valores a receber;;;2176197;;2026-06-29
CLASSES - FIDC;47.168.002/0001-58;MOBI FUNDO DE INVESTIMENTO EM COTAS DE FUNDO DE INVESTIMENTO EM DIREITOS CREDITÓRIOS;2026-03-31;1152985;Cotas de Fundos;0;0;16983788;;2026-06-29
CLASSES - FIDC;47.168.002/0001-58;MOBI FUNDO DE INVESTIMENTO EM COTAS DE FUNDO DE INVESTIMENTO EM DIREITOS CREDITÓRIOS;2026-03-31;1152985;Valores a pagar;;;13100;;2026-06-29
CLASSES - FIDC;47.168.002/0001-58;MOBI FUNDO DE INVESTIMENTO EM COTAS DE FUNDO DE INVESTIMENTO EM DIREITOS CREDITÓRIOS;2026-03-31;1152985;Valores a receber;;;41495;;2026-06-29
CLASSES - FIDC;47.715.992/0001-05;FUNDO DE INVESTIMENTO EM COTAS DE FUNDO DE INVESTIMENTO EM DIREITOS CREDITÓRIOS SRM 360;2026-03-31;1153213;Cotas de Fundos;0;0;18461612;;2026-06-29
CLASSES - FIDC;47.715.992/0001-05;FUNDO DE INVESTIMENTO EM COTAS DE FUNDO DE INVESTIMENTO EM DIREITOS CREDITÓRIOS SRM 360;2026-03-31;1153213;Valores a pagar;;;6771;;2026-06-29
CLASSES - FIDC;47.715.992/0001-05;FUNDO DE INVESTIMENTO EM COTAS DE FUNDO DE INVESTIMENTO EM DIREITOS CREDITÓRIOS SRM 360;2026-03-31;1153213;Valores a receber;;;344;;2026-06-29
CLASSES - FIDC;47.859.989/0001-57;MATCHPOINT  FUNDO DE INVESTIMENTO EM COTAS DE FUNDO DE INVESTIMENTO EM DIREITOS CREDITÓRIOS;2026-03-31;1152748;Cotas de Fundos;0;0;48945419;;2026-06-29
CLASSES - FIDC;47.859.989/0001-57;MATCHPOINT  FUNDO DE INVESTIMENTO EM COTAS DE FUNDO DE INVESTIMENTO EM DIREITOS CREDITÓRIOS;2026-03-31;1152748;Valores a pagar;;;32750;;2026-06-29
CLASSES - FIDC;47.859.989/0001-57;MATCHPOINT  FUNDO DE INVESTIMENTO EM COTAS DE FUNDO DE INVESTIMENTO EM DIREITOS CREDITÓRIOS;2026-03-31;1152748;Valores a receber;;;1721;;2026-06-29
CLASSES - FIDC;48.360.157/0001-54;XPLORE FUNDO DE INVESTIMENTO EM COTAS DE FUNDOS DE INVESTIMENTO EM DIREITOS  CREDITÓRIOS;2026-03-31;1156375;Cotas de Fundos;;;26876516;;2026-06-29
CLASSES - FIDC;48.360.157/0001-54;XPLORE FUNDO DE INVESTIMENTO EM COTAS DE FUNDOS DE INVESTIMENTO EM DIREITOS  CREDITÓRIOS;2026-03-31;1156375;Valores a pagar;;;11953;;2026-06-29
CLASSES - FIDC;48.360.157/0001-54;XPLORE FUNDO DE INVESTIMENTO EM COTAS DE FUNDOS DE INVESTIMENTO EM DIREITOS  CREDITÓRIOS;2026-03-31;1156375;Valores a receber;;;85;;2026-06-29
CLASSES - FIDC;48.360.202/0001-70;GUIMMAR FI EM COTAS DE FUNDOS DE INVESTIMENTO EM DIREITOS CREDITÓRIOS RESPONSABILIDADE LIMITADA;2026-03-31;1156212;Cotas de Fundos;;;20254438;;2026-06-29
CLASSES - FIDC;48.360.202/0001-70;GUIMMAR FI EM COTAS DE FUNDOS DE INVESTIMENTO EM DIREITOS CREDITÓRIOS RESPONSABILIDADE LIMITADA;2026-03-31;1156212;Valores a pagar;;;10239;;2026-06-29
CLASSES - FIDC;48.360.202/0001-70;GUIMMAR FI EM COTAS DE FUNDOS DE INVESTIMENTO EM DIREITOS CREDITÓRIOS RESPONSABILIDADE LIMITADA;2026-03-31;1156212;Valores a receber;;;796;;2026-06-29
CLASSES - FIDC;49.000.918/0001-20;SARDENHA FUNDO DE INVESTIMENTO EM COTAS DE FUNDO DE INVESTIMENTO EM DIREITOS CREDITÓRIOS;2026-03-31;1152786;Cotas de Fundos;0;0;9113446;;2026-06-29
CLASSES - FIDC;49.000.918/0001-20;SARDENHA FUNDO DE INVESTIMENTO EM COTAS DE FUNDO DE INVESTIMENTO EM DIREITOS CREDITÓRIOS;2026-03-31;1152786;Valores a pagar;;;25917;;2026-06-29
CLASSES - FIDC;49.000.918/0001-20;SARDENHA FUNDO DE INVESTIMENTO EM COTAS DE FUNDO DE INVESTIMENTO EM DIREITOS CREDITÓRIOS;2026-03-31;1152786;Valores a receber;;;3025;;2026-06-29
CLASSES - FIDC;49.726.804/0001-61;GALAPAGOS INSTITUCIONAL FUNDO DE INVESTIMENTO EM COTAS DE FUNDOS DE INVESTIMENTO EM DIREITOS CREDITÓ;2026-03-31;1152432;Cotas de Fundos;0;0;107907086;;2026-06-29
CLASSES - FIDC;49.726.804/0001-61;GALAPAGOS INSTITUCIONAL FUNDO DE INVESTIMENTO EM COTAS DE FUNDOS DE INVESTIMENTO EM DIREITOS CREDITÓ;2026-03-31;1152432;Valores a pagar;;;183681;;2026-06-29
CLASSES - FIDC;49.726.804/0001-61;GALAPAGOS INSTITUCIONAL FUNDO DE INVESTIMENTO EM COTAS DE FUNDOS DE INVESTIMENTO EM DIREITOS CREDITÓ;2026-03-31;1152432;Valores a receber;;;37256;;2026-06-29
CLASSES - FIDC;49.916.055/0001-35;ASA FIC DE FUNDO DE INVESTIMENTO EM  DIREITOS CREDITÓRIOS 90 RESPONSABILIDADE LIMITADA;2026-03-31;1152631;Cotas de Fundos;0;0;103758367;;2026-06-29
CLASSES - FIDC;49.916.055/0001-35;ASA FIC DE FUNDO DE INVESTIMENTO EM  DIREITOS CREDITÓRIOS 90 RESPONSABILIDADE LIMITADA;2026-03-31;1152631;Valores a pagar;;;40337;;2026-06-29
CLASSES - FIDC;49.916.055/0001-35;ASA FIC DE FUNDO DE INVESTIMENTO EM  DIREITOS CREDITÓRIOS 90 RESPONSABILIDADE LIMITADA;2026-03-31;1152631;Valores a receber;;;2419;;2026-06-29
CLASSES - FIDC;49.916.151/0001-83;ASA LONGO PRAZO FUNDO DE INVESTIMENTO EM COTAS DE FUNDO DE INVEST EM DIREITOS CREDITÓRIOS RESP. LTDA;2026-03-31;1153204;Cotas de Fundos;0;0;1013802700;;2026-06-29
CLASSES - FIDC;49.916.151/0001-83;ASA LONGO PRAZO FUNDO DE INVESTIMENTO EM COTAS DE FUNDO DE INVEST EM DIREITOS CREDITÓRIOS RESP. LTDA;2026-03-31;1153204;DIFERENCIAL DE SWAP A PAGAR;;;1799019;;2026-06-29
CLASSES - FIDC;49.916.151/0001-83;ASA LONGO PRAZO FUNDO DE INVESTIMENTO EM COTAS DE FUNDO DE INVEST EM DIREITOS CREDITÓRIOS RESP. LTDA;2026-03-31;1153204;Valores a pagar;;;649507;;2026-06-29
CLASSES - FIDC;49.916.151/0001-83;ASA LONGO PRAZO FUNDO DE INVESTIMENTO EM COTAS DE FUNDO DE INVEST EM DIREITOS CREDITÓRIOS RESP. LTDA;2026-03-31;1153204;Valores a receber;;;8223;;2026-06-29
CLASSES - FIDC;50.059.717/0001-87;TK 180 FUNDO DE INVESTIMENTO EM COTAS DE FIDC - RESPONSABILIDADE LIMITADA;2026-03-31;1161872;Cotas de Fundos;;;26436217;;2026-06-29
CLASSES - FIDC;50.059.717/0001-87;TK 180 FUNDO DE INVESTIMENTO EM COTAS DE FIDC - RESPONSABILIDADE LIMITADA;2026-03-31;1161872;Disponibilidades;;;93;;2026-06-29
CLASSES - FIDC;50.059.717/0001-87;TK 180 FUNDO DE INVESTIMENTO EM COTAS DE FIDC - RESPONSABILIDADE LIMITADA;2026-03-31;1161872;Valores a pagar;;;20469;;2026-06-29
CLASSES - FIDC;50.059.717/0001-87;TK 180 FUNDO DE INVESTIMENTO EM COTAS DE FIDC - RESPONSABILIDADE LIMITADA;2026-03-31;1161872;Valores a receber;;;573;;2026-06-29
CLASSES - FIDC;50.284.896/0001-56;VSG FUNDO DE INVESTIMENTO EM COTAS DE FUNDO DE INVESTIMENTO EM DIREITOS CREDITÓRIOS;2026-03-31;1152983;Cotas de Fundos;0;0;33268223;;2026-06-29
CLASSES - FIDC;50.284.896/0001-56;VSG FUNDO DE INVESTIMENTO EM COTAS DE FUNDO DE INVESTIMENTO EM DIREITOS CREDITÓRIOS;2026-03-31;1152983;Valores a pagar;;;14796;;2026-06-29
CLASSES - FIDC;50.284.896/0001-56;VSG FUNDO DE INVESTIMENTO EM COTAS DE FUNDO DE INVESTIMENTO EM DIREITOS CREDITÓRIOS;2026-03-31;1152983;Valores a receber;;;5837;;2026-06-29
CLASSES - FIDC;50.398.792/0001-72;ERFOLG MACRO FC FUNDO DE INVESTIMENTO EM DIREITOS CREDITÓRIOS RESPONSABILIDADE LIMITADA;2026-03-31;1152834;Cotas de Fundos;0;0;5272562;;2026-06-29
CLASSES - FIDC;50.398.792/0001-72;ERFOLG MACRO FC FUNDO DE INVESTIMENTO EM DIREITOS CREDITÓRIOS RESPONSABILIDADE LIMITADA;2026-03-31;1152834;Disponibilidades;;;5149792;;2026-06-29
CLASSES - FIDC;50.398.792/0001-72;ERFOLG MACRO FC FUNDO DE INVESTIMENTO EM DIREITOS CREDITÓRIOS RESPONSABILIDADE LIMITADA;2026-03-31;1152834;Operações Compromissadas;;;18108;;2026-06-29
CLASSES - FIDC;50.398.792/0001-72;ERFOLG MACRO FC FUNDO DE INVESTIMENTO EM DIREITOS CREDITÓRIOS RESPONSABILIDADE LIMITADA;2026-03-31;1152834;Títulos Públicos;0;0;168131;;2026-06-29
CLASSES - FIDC;50.398.792/0001-72;ERFOLG MACRO FC FUNDO DE INVESTIMENTO EM DIREITOS CREDITÓRIOS RESPONSABILIDADE LIMITADA;2026-03-31;1152834;Valores a pagar;;;5159513;;2026-06-29
CLASSES - FIDC;50.398.792/0001-72;ERFOLG MACRO FC FUNDO DE INVESTIMENTO EM DIREITOS CREDITÓRIOS RESPONSABILIDADE LIMITADA;2026-03-31;1152834;Valores a receber;;;2588;;2026-06-29
CLASSES - FIDC;50.655.268/0001-30;LONGSHIP FUNDO DE INVESTIMENTO EM COTAS DE FUNDO DE INVESTIMENTO EM DIREITOS CREDITÓRIOS;2026-03-31;1153661;Cotas de Fundos;0;0;90116992;;2026-06-29
CLASSES - FIDC;50.655.268/0001-30;LONGSHIP FUNDO DE INVESTIMENTO EM COTAS DE FUNDO DE INVESTIMENTO EM DIREITOS CREDITÓRIOS;2026-03-31;1153661;Valores a pagar;;;205055;;2026-06-29
CLASSES - FIDC;50.655.268/0001-30;LONGSHIP FUNDO DE INVESTIMENTO EM COTAS DE FUNDO DE INVESTIMENTO EM DIREITOS CREDITÓRIOS;2026-03-31;1153661;Valores a receber;;;768;;2026-06-29
CLASSES - FIDC;50.808.063/0001-47;FUNDO DE INVESTIMENTO EM COTAS DE FUNDOS DE INVESTIMENTO EM DIREITOS CREDITÓRIOS ALION MZ;2026-03-31;1153632;Cotas de Fundos;0;0;66239363;;2026-06-29
CLASSES - FIDC;50.808.063/0001-47;FUNDO DE INVESTIMENTO EM COTAS DE FUNDOS DE INVESTIMENTO EM DIREITOS CREDITÓRIOS ALION MZ;2026-03-31;1153632;Títulos Públicos;0;0;18669;;2026-06-29
CLASSES - FIDC;50.808.063/0001-47;FUNDO DE INVESTIMENTO EM COTAS DE FUNDOS DE INVESTIMENTO EM DIREITOS CREDITÓRIOS ALION MZ;2026-03-31;1153632;Valores a pagar;;;30446;;2026-06-29
CLASSES - FIDC;50.808.063/0001-47;FUNDO DE INVESTIMENTO EM COTAS DE FUNDOS DE INVESTIMENTO EM DIREITOS CREDITÓRIOS ALION MZ;2026-03-31;1153632;Valores a receber;;;5755;;2026-06-29
CLASSES - FIDC;50.901.127/0001-50;IOX 90 FUNDO DE INVESTIMENTO EM COTAS DE FUNDO DE INVESTIMENTO EM DIREITOS CREDITÓRIOS;2026-03-31;1153209;Cotas de Fundos;0;0;13364773;;2026-06-29
CLASSES - FIDC;50.901.127/0001-50;IOX 90 FUNDO DE INVESTIMENTO EM COTAS DE FUNDO DE INVESTIMENTO EM DIREITOS CREDITÓRIOS;2026-03-31;1153209;Valores a pagar;;;12649;;2026-06-29
CLASSES - FIDC;50.901.127/0001-50;IOX 90 FUNDO DE INVESTIMENTO EM COTAS DE FUNDO DE INVESTIMENTO EM DIREITOS CREDITÓRIOS;2026-03-31;1153209;Valores a receber;;;524894;;2026-06-29
CLASSES - FIDC;51.364.521/0001-69;ORRAM 90 FUNDO DE INVESTIMENTO EM COTAS DE FUNDO DE INVESTIMENTO EM DIREITOS CREDITÓRIOS;2026-03-31;1153227;Cotas de Fundos;0;0;74233190;;2026-06-29
CLASSES - FIDC;51.364.521/0001-69;ORRAM 90 FUNDO DE INVESTIMENTO EM COTAS DE FUNDO DE INVESTIMENTO EM DIREITOS CREDITÓRIOS;2026-03-31;1153227;Títulos Públicos;0;0;74766;;2026-06-29
CLASSES - FIDC;51.364.521/0001-69;ORRAM 90 FUNDO DE INVESTIMENTO EM COTAS DE FUNDO DE INVESTIMENTO EM DIREITOS CREDITÓRIOS;2026-03-31;1153227;Valores a pagar;;;209789;;2026-06-29
CLASSES - FIDC;51.364.521/0001-69;ORRAM 90 FUNDO DE INVESTIMENTO EM COTAS DE FUNDO DE INVESTIMENTO EM DIREITOS CREDITÓRIOS;2026-03-31;1153227;Valores a receber;;;573;;2026-06-29
CLASSES - FIDC;51.476.020/0001-74;ORRAM HIGH YIELD FUNDO DE INVESTIMENTO EM QUOTAS DE FUNDO DE INVESTIMENTO EM DIREITOS CREDITÓRIOS;2026-03-31;1151081;Cotas de Fundos;0;0;25669437;;2026-06-29
CLASSES - FIDC;51.476.020/0001-74;ORRAM HIGH YIELD FUNDO DE INVESTIMENTO EM QUOTAS DE FUNDO DE INVESTIMENTO EM DIREITOS CREDITÓRIOS;2026-03-31;1151081;Títulos Públicos;0;0;4002;;2026-06-29
CLASSES - FIDC;51.476.020/0001-74;ORRAM HIGH YIELD FUNDO DE INVESTIMENTO EM QUOTAS DE FUNDO DE INVESTIMENTO EM DIREITOS CREDITÓRIOS;2026-03-31;1151081;Valores a pagar;;;20830;;2026-06-29
CLASSES - FIDC;51.476.020/0001-74;ORRAM HIGH YIELD FUNDO DE INVESTIMENTO EM QUOTAS DE FUNDO DE INVESTIMENTO EM DIREITOS CREDITÓRIOS;2026-03-31;1151081;Valores a receber;;;904;;2026-06-29
CLASSES - FIDC;51.497.417/0001-42;FLEX FUNDO DE INVESTIMENTO EM COTAS DE FUNDO DE INVESTIMENTO EM DIREITOS CREDITÓRIOS;2026-03-31;1150824;Cotas de Fundos;0;0;5648775;;2026-06-29
CLASSES - FIDC;51.497.417/0001-42;FLEX FUNDO DE INVESTIMENTO EM COTAS DE FUNDO DE INVESTIMENTO EM DIREITOS CREDITÓRIOS;2026-03-31;1150824;Valores a pagar;;;3993;;2026-06-29
CLASSES - FIDC;51.497.417/0001-42;FLEX FUNDO DE INVESTIMENTO EM COTAS DE FUNDO DE INVESTIMENTO EM DIREITOS CREDITÓRIOS;2026-03-31;1150824;Valores a receber;;;5034;;2026-06-29
CLASSES - FIDC;52.099.923/0001-46;EVERBLUE FUNDO DE INVESTIMENTO EM COTAS DE FUNDO DE INVESTIMENTO EM DIREITOS CREDITÓRIOS;2026-03-31;1152532;Cotas de Fundos;0;0;25704115;;2026-06-29
CLASSES - FIDC;52.099.923/0001-46;EVERBLUE FUNDO DE INVESTIMENTO EM COTAS DE FUNDO DE INVESTIMENTO EM DIREITOS CREDITÓRIOS;2026-03-31;1152532;Valores a pagar;;;6432;;2026-06-29
CLASSES - FIDC;52.099.923/0001-46;EVERBLUE FUNDO DE INVESTIMENTO EM COTAS DE FUNDO DE INVESTIMENTO EM DIREITOS CREDITÓRIOS;2026-03-31;1152532;Valores a receber;;;576;;2026-06-29
CLASSES - FIDC;52.178.495/0001-47;IOX 60 FUNDO DE INVESTIMENTO EM COTAS DE FUNDO DE INVESTIMENTO EM DIREITOS CREDITÓRIOS;2026-03-31;1153208;Cotas de Fundos;0;0;5123042;;2026-06-29
CLASSES - FIDC;52.178.495/0001-47;IOX 60 FUNDO DE INVESTIMENTO EM COTAS DE FUNDO DE INVESTIMENTO EM DIREITOS CREDITÓRIOS;2026-03-31;1153208;Valores a pagar;;;11954;;2026-06-29
CLASSES - FIDC;52.178.495/0001-47;IOX 60 FUNDO DE INVESTIMENTO EM COTAS DE FUNDO DE INVESTIMENTO EM DIREITOS CREDITÓRIOS;2026-03-31;1153208;Valores a receber;;;7024;;2026-06-29
CLASSES - FIDC;52.203.566/0001-14;FUNDO DE INVESTIMENTO EM COTAS DE FUNDO DE INVESTIMENTO EM DIREITOS CREDITÓRIOS PARAGUAÇU I;2026-03-31;1151405;Cotas de Fundos;0;0;13950402;;2026-06-29
CLASSES - FIDC;52.203.566/0001-14;FUNDO DE INVESTIMENTO EM COTAS DE FUNDO DE INVESTIMENTO EM DIREITOS CREDITÓRIOS PARAGUAÇU I;2026-03-31;1151405;Títulos Públicos;0;0;74155;;2026-06-29
CLASSES - FIDC;52.203.566/0001-14;FUNDO DE INVESTIMENTO EM COTAS DE FUNDO DE INVESTIMENTO EM DIREITOS CREDITÓRIOS PARAGUAÇU I;2026-03-31;1151405;Valores a pagar;;;12673;;2026-06-29
CLASSES - FIDC;52.203.566/0001-14;FUNDO DE INVESTIMENTO EM COTAS DE FUNDO DE INVESTIMENTO EM DIREITOS CREDITÓRIOS PARAGUAÇU I;2026-03-31;1151405;Valores a receber;;;1018;;2026-06-29
CLASSES - FIDC;52.362.629/0001-85;3T - FUNDO DE INVESTIMENTO EM COTAS DE FUNDO DE INVESTIMENTO EM DIREITOS CREDITÓRIOS NÃO PADRONIZADO;2026-03-31;1153016;Cotas de Fundos;0;0;20153169;;2026-06-29
CLASSES - FIDC;52.362.629/0001-85;3T - FUNDO DE INVESTIMENTO EM COTAS DE FUNDO DE INVESTIMENTO EM DIREITOS CREDITÓRIOS NÃO PADRONIZADO;2026-03-31;1153016;Valores a pagar;;;9831;;2026-06-29
CLASSES - FIDC;52.362.629/0001-85;3T - FUNDO DE INVESTIMENTO EM COTAS DE FUNDO DE INVESTIMENTO EM DIREITOS CREDITÓRIOS NÃO PADRONIZADO;2026-03-31;1153016;Valores a receber;;;6044;;2026-06-29
CLASSES - FIDC;52.607.408/0001-20;ISIDORO FUNDO DE INVESTIMENTO EM COTAS DE FUNDO DE INVESTIMENTO EM DIREITOS CREDITÓRIOS;2026-03-31;1153106;Cotas de Fundos;0;0;8158236;;2026-06-29
CLASSES - FIDC;52.607.408/0001-20;ISIDORO FUNDO DE INVESTIMENTO EM COTAS DE FUNDO DE INVESTIMENTO EM DIREITOS CREDITÓRIOS;2026-03-31;1153106;Valores a pagar;;;19651;;2026-06-29
CLASSES - FIDC;52.607.408/0001-20;ISIDORO FUNDO DE INVESTIMENTO EM COTAS DE FUNDO DE INVESTIMENTO EM DIREITOS CREDITÓRIOS;2026-03-31;1153106;Valores a receber;;;384;;2026-06-29
CLASSES - FIDC;53.190.018/0001-60;FUNDO DE INVESTIMENTO EM COTAS DE FUNDO DE INVESTIMENTO EM DIREITOS CREDITÓRIOS ILHA DE MARÉ;2026-03-31;1152891;Cotas de Fundos;0;0;11523934;;2026-06-29
CLASSES - FIDC;53.190.018/0001-60;FUNDO DE INVESTIMENTO EM COTAS DE FUNDO DE INVESTIMENTO EM DIREITOS CREDITÓRIOS ILHA DE MARÉ;2026-03-31;1152891;Valores a pagar;;;13045;;2026-06-29
CLASSES - FIDC;53.190.018/0001-60;FUNDO DE INVESTIMENTO EM COTAS DE FUNDO DE INVESTIMENTO EM DIREITOS CREDITÓRIOS ILHA DE MARÉ;2026-03-31;1152891;Valores a receber;;;599;;2026-06-29
CLASSES - FIDC;53.214.754/0001-00;ANFEH FUNDO DE INVESTIMENTO EM COTAS DE FUNDO DE INVESTIMENTO EM DIREITOS CREDITÓRIOS;2026-03-31;1153052;Cotas de Fundos;0;0;1198936;;2026-06-29
CLASSES - FIDC;53.214.754/0001-00;ANFEH FUNDO DE INVESTIMENTO EM COTAS DE FUNDO DE INVESTIMENTO EM DIREITOS CREDITÓRIOS;2026-03-31;1153052;Valores a pagar;;;-360450;;2026-06-29
CLASSES - FIDC;53.214.754/0001-00;ANFEH FUNDO DE INVESTIMENTO EM COTAS DE FUNDO DE INVESTIMENTO EM DIREITOS CREDITÓRIOS;2026-03-31;1153052;Valores a receber;;;256;;2026-06-29
CLASSES - FIDC;53.880.657/0001-57;G5 F GJS FUNDO DE INVESTIMENTO EM COTAS DE FUNDO DE INVESTIMENTO EM DIREITOS CREDITÓRIOS;2026-03-31;1152745;Cotas de Fundos;0;0;173549185;;2026-06-29
CLASSES - FIDC;53.880.657/0001-57;G5 F GJS FUNDO DE INVESTIMENTO EM COTAS DE FUNDO DE INVESTIMENTO EM DIREITOS CREDITÓRIOS;2026-03-31;1152745;Títulos Públicos;0;0;5543365;;2026-06-29
CLASSES - FIDC;53.880.657/0001-57;G5 F GJS FUNDO DE INVESTIMENTO EM COTAS DE FUNDO DE INVESTIMENTO EM DIREITOS CREDITÓRIOS;2026-03-31;1152745;Valores a pagar;;;19568;;2026-06-29
CLASSES - FIDC;53.880.657/0001-57;G5 F GJS FUNDO DE INVESTIMENTO EM COTAS DE FUNDO DE INVESTIMENTO EM DIREITOS CREDITÓRIOS;2026-03-31;1152745;Valores a receber;;;4870;;2026-06-29
CLASSES - FIDC;54.976.534/0001-87;BURITI FUNDO DE INVESTIMENTO EM COTAS DE FUNDO DE INVESTIMENTO EM DIREITOS CREDITÓRIOS;2026-03-31;1153215;Cotas de Fundos;0;0;51527873;;2026-06-29
CLASSES - FIDC;54.976.534/0001-87;BURITI FUNDO DE INVESTIMENTO EM COTAS DE FUNDO DE INVESTIMENTO EM DIREITOS CREDITÓRIOS;2026-03-31;1153215;Valores a pagar;;;1441742;;2026-06-29
CLASSES - FIDC;54.976.534/0001-87;BURITI FUNDO DE INVESTIMENTO EM COTAS DE FUNDO DE INVESTIMENTO EM DIREITOS CREDITÓRIOS;2026-03-31;1153215;Valores a receber;;;768;;2026-06-29
CLASSES - FIDC;55.211.792/0001-35;BW2 FUNDO DE INVESTIMENTO EM COTAS DE FUNDO DE INVESTIMENTO EM DIREITOS CREDITÓRIOS;2026-03-31;1153191;Cotas de Fundos;0;0;42209106;;2026-06-29
CLASSES - FIDC;55.211.792/0001-35;BW2 FUNDO DE INVESTIMENTO EM COTAS DE FUNDO DE INVESTIMENTO EM DIREITOS CREDITÓRIOS;2026-03-31;1153191;Títulos Públicos;0;0;93406;;2026-06-29
CLASSES - FIDC;55.211.792/0001-35;BW2 FUNDO DE INVESTIMENTO EM COTAS DE FUNDO DE INVESTIMENTO EM DIREITOS CREDITÓRIOS;2026-03-31;1153191;Valores a pagar;;;51692;;2026-06-29
CLASSES - FIDC;55.211.792/0001-35;BW2 FUNDO DE INVESTIMENTO EM COTAS DE FUNDO DE INVESTIMENTO EM DIREITOS CREDITÓRIOS;2026-03-31;1153191;Valores a receber;;;1024;;2026-06-29
CLASSES - FIDC;55.296.116/0001-01;MATRI NOW FUNDO DE INVESTIMENTO EM COTAS DE FUNDO DE INVESTIMENTO EM DIREITOS CREDITÓRIOS;2026-03-31;1152302;Cotas de Fundos;0;0;31655894;;2026-06-29
CLASSES - FIDC;55.296.116/0001-01;MATRI NOW FUNDO DE INVESTIMENTO EM COTAS DE FUNDO DE INVESTIMENTO EM DIREITOS CREDITÓRIOS;2026-03-31;1152302;Valores a pagar;;;12587;;2026-06-29
CLASSES - FIDC;55.296.116/0001-01;MATRI NOW FUNDO DE INVESTIMENTO EM COTAS DE FUNDO DE INVESTIMENTO EM DIREITOS CREDITÓRIOS;2026-03-31;1152302;Valores a receber;;;137768;;2026-06-29
CLASSES - FIDC;55.383.671/0001-70;AGRO RECEBIVEIS FUNDO DE INVESTIMENTO EM DIREITOS CREDITÓRIOS RESPONSABILIDADE LIMITADA;2026-03-31;1199155;Cotas de Fundos;0;0;365708;;2026-06-29
CLASSES - FIDC;55.383.671/0001-70;AGRO RECEBIVEIS FUNDO DE INVESTIMENTO EM DIREITOS CREDITÓRIOS RESPONSABILIDADE LIMITADA;2026-03-31;1199155;Disponibilidades;;;2131;;2026-06-29
CLASSES - FIDC;55.383.671/0001-70;AGRO RECEBIVEIS FUNDO DE INVESTIMENTO EM DIREITOS CREDITÓRIOS RESPONSABILIDADE LIMITADA;2026-03-31;1199155;Operações Compromissadas;;;203446;;2026-06-29
CLASSES - FIDC;55.383.671/0001-70;AGRO RECEBIVEIS FUNDO DE INVESTIMENTO EM DIREITOS CREDITÓRIOS RESPONSABILIDADE LIMITADA;2026-03-31;1199155;Títulos de Crédito Privado;;;15288887;;2026-06-29
CLASSES - FIDC;55.383.671/0001-70;AGRO RECEBIVEIS FUNDO DE INVESTIMENTO EM DIREITOS CREDITÓRIOS RESPONSABILIDADE LIMITADA;2026-03-31;1199155;Títulos ligados ao agronegócio;;;21451373;;2026-06-29
CLASSES - FIDC;55.383.671/0001-70;AGRO RECEBIVEIS FUNDO DE INVESTIMENTO EM DIREITOS CREDITÓRIOS RESPONSABILIDADE LIMITADA;2026-03-31;1199155;Valores a pagar;;;13915424;;2026-06-29
CLASSES - FIDC;55.383.671/0001-70;AGRO RECEBIVEIS FUNDO DE INVESTIMENTO EM DIREITOS CREDITÓRIOS RESPONSABILIDADE LIMITADA;2026-03-31;1199155;Valores a receber;;;573;;2026-06-29
CLASSES - FIDC;55.619.752/0001-27;MAX 90 FUNDO DE INVESTIMENTO EM COTAS DE FUNDO DE INVESTIMENTO EM DIREITOS CREDITÓRIOS;2026-03-31;1151943;Cotas de Fundos;0;0;7329922;;2026-06-29
CLASSES - FIDC;55.619.752/0001-27;MAX 90 FUNDO DE INVESTIMENTO EM COTAS DE FUNDO DE INVESTIMENTO EM DIREITOS CREDITÓRIOS;2026-03-31;1151943;Valores a pagar;;;32945;;2026-06-29
CLASSES - FIDC;55.619.752/0001-27;MAX 90 FUNDO DE INVESTIMENTO EM COTAS DE FUNDO DE INVESTIMENTO EM DIREITOS CREDITÓRIOS;2026-03-31;1151943;Valores a receber;;;352893;;2026-06-29
CLASSES - FIDC;55.835.986/0001-01;ORRAM ESTRUTURADO FIC DE FUNDOS DE INVESTIMENTO EM DIREITOS CREDITÓRIOS - RESPONSABILIDADE LIMITADA;2026-03-31;1153192;Cotas de Fundos;0;0;56650432;;2026-06-29
CLASSES - FIDC;55.835.986/0001-01;ORRAM ESTRUTURADO FIC DE FUNDOS DE INVESTIMENTO EM DIREITOS CREDITÓRIOS - RESPONSABILIDADE LIMITADA;2026-03-31;1153192;Valores a pagar;;;41290;;2026-06-29
CLASSES - FIDC;55.835.986/0001-01;ORRAM ESTRUTURADO FIC DE FUNDOS DE INVESTIMENTO EM DIREITOS CREDITÓRIOS - RESPONSABILIDADE LIMITADA;2026-03-31;1153192;Valores a receber;;;1042;;2026-06-29
CLASSES - FIDC;55.914.922/0001-04;ORRAM VD FUNDO DE INVESTIMENTO EM COTAS DE FUNDO DE INVESTIMENTO EM DIREITOS CREDITÓRIOS - RESP LTDA;2026-03-31;1153637;Cotas de Fundos;0;0;19672161;;2026-06-29
CLASSES - FIDC;55.914.922/0001-04;ORRAM VD FUNDO DE INVESTIMENTO EM COTAS DE FUNDO DE INVESTIMENTO EM DIREITOS CREDITÓRIOS - RESP LTDA;2026-03-31;1153637;Valores a pagar;;;16083;;2026-06-29
CLASSES - FIDC;55.914.922/0001-04;ORRAM VD FUNDO DE INVESTIMENTO EM COTAS DE FUNDO DE INVESTIMENTO EM DIREITOS CREDITÓRIOS - RESP LTDA;2026-03-31;1153637;Valores a receber;;;576;;2026-06-29
CLASSES - FIDC;55.935.259/0001-16;OCCAM FI EM COTAS DE FUNDOS DE INVESTIMENTO EM DIREITOS CREDITÓRIOS RESPONSABILIDADE LIMITADA;2026-03-31;1161739;Cotas de Fundos;;;545568926;;2026-06-29
CLASSES - FIDC;55.935.259/0001-16;OCCAM FI EM COTAS DE FUNDOS DE INVESTIMENTO EM DIREITOS CREDITÓRIOS RESPONSABILIDADE LIMITADA;2026-03-31;1161739;Disponibilidades;;;1263173;;2026-06-29
CLASSES - FIDC;55.935.259/0001-16;OCCAM FI EM COTAS DE FUNDOS DE INVESTIMENTO EM DIREITOS CREDITÓRIOS RESPONSABILIDADE LIMITADA;2026-03-31;1161739;Valores a pagar;;;89210;;2026-06-29
CLASSES - FIDC;55.935.259/0001-16;OCCAM FI EM COTAS DE FUNDOS DE INVESTIMENTO EM DIREITOS CREDITÓRIOS RESPONSABILIDADE LIMITADA;2026-03-31;1161739;Valores a receber;;;33740;;2026-06-29
CLASSES - FIDC;56.023.806/0001-50;CONQUISTA FUNDO DE INVESTIMENTO EM COTAS DE FUNDO DE INVESTIMENTO EM DIREITOS CREDITÓRIOS;2026-03-31;1152305;Cotas de Fundos;0;0;136810031;;2026-06-29
CLASSES - FIDC;56.023.806/0001-50;CONQUISTA FUNDO DE INVESTIMENTO EM COTAS DE FUNDO DE INVESTIMENTO EM DIREITOS CREDITÓRIOS;2026-03-31;1152305;Valores a pagar;;;51559;;2026-06-29
CLASSES - FIDC;56.023.806/0001-50;CONQUISTA FUNDO DE INVESTIMENTO EM COTAS DE FUNDO DE INVESTIMENTO EM DIREITOS CREDITÓRIOS;2026-03-31;1152305;Valores a receber;;;2380;;2026-06-29
CLASSES - FIDC;56.030.860/0001-22;FAMA FUNDO DE INVESTIMENTO EM COTAS DE FUNDO DE INVESTIMENTO EM DIREITOS CREDITÓRIOS;2026-03-31;1152566;Cotas de Fundos;0;0;1990882;;2026-06-29
CLASSES - FIDC;56.030.860/0001-22;FAMA FUNDO DE INVESTIMENTO EM COTAS DE FUNDO DE INVESTIMENTO EM DIREITOS CREDITÓRIOS;2026-03-31;1152566;Valores a pagar;;;6554;;2026-06-29
CLASSES - FIDC;56.030.860/0001-22;FAMA FUNDO DE INVESTIMENTO EM COTAS DE FUNDO DE INVESTIMENTO EM DIREITOS CREDITÓRIOS;2026-03-31;1152566;Valores a receber;;;14044;;2026-06-29
CLASSES - FIDC;56.073.212/0001-53;EVEREST TRACKER FUNDO DE INVESTIMENTO EM COTAS DE FUNDO DE INVESTIMENTO EM DIREITOS CREDITÓRIOS;2026-03-31;1153275;Cotas de Fundos;0;0;29089562;;2026-06-29
CLASSES - FIDC;56.073.212/0001-53;EVEREST TRACKER FUNDO DE INVESTIMENTO EM COTAS DE FUNDO DE INVESTIMENTO EM DIREITOS CREDITÓRIOS;2026-03-31;1153275;Valores a pagar;;;233850;;2026-06-29
CLASSES - FIDC;56.073.212/0001-53;EVEREST TRACKER FUNDO DE INVESTIMENTO EM COTAS DE FUNDO DE INVESTIMENTO EM DIREITOS CREDITÓRIOS;2026-03-31;1153275;Valores a receber;;;623;;2026-06-29
CLASSES - FIDC;56.322.644/0001-50;REVO FUNDO DE INVESTIMENTO EM COTAS DE FUNDO DE INVESTIMENTO EM DIREITOS CREDITÓRIOS;2026-03-31;1152913;Cotas de Fundos;0;0;29756312;;2026-06-29
CLASSES - FIDC;56.322.644/0001-50;REVO FUNDO DE INVESTIMENTO EM COTAS DE FUNDO DE INVESTIMENTO EM DIREITOS CREDITÓRIOS;2026-03-31;1152913;Valores a pagar;;;6378;;2026-06-29
CLASSES - FIDC;56.322.644/0001-50;REVO FUNDO DE INVESTIMENTO EM COTAS DE FUNDO DE INVESTIMENTO EM DIREITOS CREDITÓRIOS;2026-03-31;1152913;Valores a receber;;;384;;2026-06-29
CLASSES - FIDC;56.431.951/0001-70;BRADESCO MID YIELD FIC DE FIDC - RESPONSABILIDADE LIMITADA;2026-03-31;1162634;Cotas de Fundos;;;20637598;;2026-06-29
CLASSES - FIDC;56.431.951/0001-70;BRADESCO MID YIELD FIC DE FIDC - RESPONSABILIDADE LIMITADA;2026-03-31;1162634;Disponibilidades;;;0;;2026-06-29
CLASSES - FIDC;56.431.951/0001-70;BRADESCO MID YIELD FIC DE FIDC - RESPONSABILIDADE LIMITADA;2026-03-31;1162634;Valores a pagar;;;43569;;2026-06-29
CLASSES - FIDC;56.431.951/0001-70;BRADESCO MID YIELD FIC DE FIDC - RESPONSABILIDADE LIMITADA;2026-03-31;1162634;Valores a receber;;;2964;;2026-06-29
CLASSES - FIDC;56.823.028/0001-83;CLASSE ÚNICA DE COTAS DO CLUBE DO VALOR SELEÇÃO CRÉDITO ESTRUTURADO FIC DE FIDC RESP LIMITADA;2026-03-31;1164474;Cotas de Fundos;;;16598183;;2026-06-29
CLASSES - FIDC;56.823.028/0001-83;CLASSE ÚNICA DE COTAS DO CLUBE DO VALOR SELEÇÃO CRÉDITO ESTRUTURADO FIC DE FIDC RESP LIMITADA;2026-03-31;1164474;Disponibilidades;;;1000;;2026-06-29
CLASSES - FIDC;56.823.028/0001-83;CLASSE ÚNICA DE COTAS DO CLUBE DO VALOR SELEÇÃO CRÉDITO ESTRUTURADO FIC DE FIDC RESP LIMITADA;2026-03-31;1164474;Valores a pagar;;;14748;;2026-06-29
CLASSES - FIDC;56.823.028/0001-83;CLASSE ÚNICA DE COTAS DO CLUBE DO VALOR SELEÇÃO CRÉDITO ESTRUTURADO FIC DE FIDC RESP LIMITADA;2026-03-31;1164474;Valores a receber;;;46;;2026-06-29
CLASSES - FIDC;56.924.025/0001-36;ASA FUNDO DE INVESTIMENTO EM COTAS DE FUNDO DE INVESTIMENTO EM DIREITOS CREDITÓRIOS 90 II RESP LIM;2026-03-31;1152626;Cotas de Fundos;0;0;269601208;;2026-06-29
CLASSES - FIDC;56.924.025/0001-36;ASA FUNDO DE INVESTIMENTO EM COTAS DE FUNDO DE INVESTIMENTO EM DIREITOS CREDITÓRIOS 90 II RESP LIM;2026-03-31;1152626;Valores a pagar;;;98677;;2026-06-29
CLASSES - FIDC;56.924.025/0001-36;ASA FUNDO DE INVESTIMENTO EM COTAS DE FUNDO DE INVESTIMENTO EM DIREITOS CREDITÓRIOS 90 II RESP LIM;2026-03-31;1152626;Valores a receber;;;1606;;2026-06-29
CLASSES - FIDC;56.924.942/0001-10;ASA LP II FUNDO DE INVESTIMENTO EM COTAS DE FUNDO DE INVESTIMENTO EM DIREITOS CREDITÓRIOS RESP LIM;2026-03-31;1152630;Cotas de Fundos;0;0;1436570569;;2026-06-29
CLASSES - FIDC;56.924.942/0001-10;ASA LP II FUNDO DE INVESTIMENTO EM COTAS DE FUNDO DE INVESTIMENTO EM DIREITOS CREDITÓRIOS RESP LIM;2026-03-31;1152630;DIFERENCIAL DE SWAP A PAGAR;;;1469434;;2026-06-29
CLASSES - FIDC;56.924.942/0001-10;ASA LP II FUNDO DE INVESTIMENTO EM COTAS DE FUNDO DE INVESTIMENTO EM DIREITOS CREDITÓRIOS RESP LIM;2026-03-31;1152630;Valores a pagar;;;838346;;2026-06-29
CLASSES - FIDC;56.924.942/0001-10;ASA LP II FUNDO DE INVESTIMENTO EM COTAS DE FUNDO DE INVESTIMENTO EM DIREITOS CREDITÓRIOS RESP LIM;2026-03-31;1152630;Valores a receber;;;4939;;2026-06-29
CLASSES - FIDC;56.964.123/0001-05;CAVORETTO FUNDO DE INVESTIMENTO EM COTAS DE FUNDO DE INVESTIMENTO EM DIREITOS CREDITÓRIOS;2026-03-31;1161860;Cotas de Fundos;;;34097103;;2026-06-29
CLASSES - FIDC;56.964.123/0001-05;CAVORETTO FUNDO DE INVESTIMENTO EM COTAS DE FUNDO DE INVESTIMENTO EM DIREITOS CREDITÓRIOS;2026-03-31;1161860;Disponibilidades;;;0;;2026-06-29
CLASSES - FIDC;56.964.123/0001-05;CAVORETTO FUNDO DE INVESTIMENTO EM COTAS DE FUNDO DE INVESTIMENTO EM DIREITOS CREDITÓRIOS;2026-03-31;1161860;Valores a pagar;;;46926;;2026-06-29
CLASSES - FIDC;56.964.123/0001-05;CAVORETTO FUNDO DE INVESTIMENTO EM COTAS DE FUNDO DE INVESTIMENTO EM DIREITOS CREDITÓRIOS;2026-03-31;1161860;Valores a receber;;;1275;;2026-06-29
CLASSES - FIDC;57.025.352/0001-19;M7 CAPITAL FUNDO DE INVESTIMENTO EM COTAS DE FUNDO DE INVESTIMENTO EM DIREITOS CREDITÓRIOS-RESP LIM;2026-03-31;1161866;Cotas de Fundos;;;8821437;;2026-06-29
CLASSES - FIDC;57.025.352/0001-19;M7 CAPITAL FUNDO DE INVESTIMENTO EM COTAS DE FUNDO DE INVESTIMENTO EM DIREITOS CREDITÓRIOS-RESP LIM;2026-03-31;1161866;Disponibilidades;;;5442;;2026-06-29
CLASSES - FIDC;57.025.352/0001-19;M7 CAPITAL FUNDO DE INVESTIMENTO EM COTAS DE FUNDO DE INVESTIMENTO EM DIREITOS CREDITÓRIOS-RESP LIM;2026-03-31;1161866;Títulos Públicos;0;0;4002;;2026-06-29
CLASSES - FIDC;57.025.352/0001-19;M7 CAPITAL FUNDO DE INVESTIMENTO EM COTAS DE FUNDO DE INVESTIMENTO EM DIREITOS CREDITÓRIOS-RESP LIM;2026-03-31;1161866;Valores a pagar;;;16793;;2026-06-29
CLASSES - FIDC;57.025.352/0001-19;M7 CAPITAL FUNDO DE INVESTIMENTO EM COTAS DE FUNDO DE INVESTIMENTO EM DIREITOS CREDITÓRIOS-RESP LIM;2026-03-31;1161866;Valores a receber;;;255;;2026-06-29
CLASSES - FIDC;57.325.152/0001-81;MAX 30 FUNDO DE INVESTIMENTO EM COTAS DE FUNDO DE INVESTIMENTO EM DIREITOS CREDITÓRIOS;2026-03-31;1153180;Cotas de Fundos;0;0;20673814;;2026-06-29
CLASSES - FIDC;57.325.152/0001-81;MAX 30 FUNDO DE INVESTIMENTO EM COTAS DE FUNDO DE INVESTIMENTO EM DIREITOS CREDITÓRIOS;2026-03-31;1153180;Valores a pagar;;;58028;;2026-06-29
CLASSES - FIDC;57.325.152/0001-81;MAX 30 FUNDO DE INVESTIMENTO EM COTAS DE FUNDO DE INVESTIMENTO EM DIREITOS CREDITÓRIOS;2026-03-31;1153180;Valores a receber;;;7538;;2026-06-29
CLASSES - FIDC;57.339.373/0001-09;EMPHASIS FUNDO DE INVESTIMENTO EM DIREITOS CREDITÓRIOS;2026-03-31;1161878;Cotas de Fundos;;;99768701;;2026-06-29
CLASSES - FIDC;57.339.373/0001-09;EMPHASIS FUNDO DE INVESTIMENTO EM DIREITOS CREDITÓRIOS;2026-03-31;1161878;Disponibilidades;;;100;;2026-06-29
CLASSES - FIDC;57.339.373/0001-09;EMPHASIS FUNDO DE INVESTIMENTO EM DIREITOS CREDITÓRIOS;2026-03-31;1161878;Valores a pagar;;;148883;;2026-06-29
CLASSES - FIDC;57.339.373/0001-09;EMPHASIS FUNDO DE INVESTIMENTO EM DIREITOS CREDITÓRIOS;2026-03-31;1161878;Valores a receber;;;1020;;2026-06-29
CLASSES - FIDC;57.519.386/0001-60;MAX 365 FUNDO DE INVESTIMENTO EM COTAS DE FUNDO DE INVESTIMENTO EM DIREITOS CREDITÓRIOS;2026-03-31;1151906;Cotas de Fundos;0;0;6244853;;2026-06-29
CLASSES - FIDC;57.519.386/0001-60;MAX 365 FUNDO DE INVESTIMENTO EM COTAS DE FUNDO DE INVESTIMENTO EM DIREITOS CREDITÓRIOS;2026-03-31;1151906;Valores a pagar;;;17532;;2026-06-29
CLASSES - FIDC;57.519.386/0001-60;MAX 365 FUNDO DE INVESTIMENTO EM COTAS DE FUNDO DE INVESTIMENTO EM DIREITOS CREDITÓRIOS;2026-03-31;1151906;Valores a receber;;;73702;;2026-06-29
CLASSES - FIDC;58.364.147/0001-40;QUATÁ 60 FIC DE FUNDO DE INVESTIMENTO EM DIREITOS CREDITÓRIOS - RESPONSABILIDADE LIMITADA;2026-03-31;1152326;Cotas de Fundos;0;0;10909759;;2026-06-29
CLASSES - FIDC;58.364.147/0001-40;QUATÁ 60 FIC DE FUNDO DE INVESTIMENTO EM DIREITOS CREDITÓRIOS - RESPONSABILIDADE LIMITADA;2026-03-31;1152326;Valores a pagar;;;30652;;2026-06-29
CLASSES - FIDC;58.364.147/0001-40;QUATÁ 60 FIC DE FUNDO DE INVESTIMENTO EM DIREITOS CREDITÓRIOS - RESPONSABILIDADE LIMITADA;2026-03-31;1152326;Valores a receber;;;573;;2026-06-29
CLASSES - FIDC;58.900.579/0001-29;MONEE FUNDO DE INVESTIMENTO EM COTAS DE FUNDOS DE INVESTIMENTO EM DIREITOS CREDITÓRIOS RESP LIMITADA;2026-03-31;1154072;Cotas de Fundos;0;0;2203116125;;2026-06-29
CLASSES - FIDC;58.900.579/0001-29;MONEE FUNDO DE INVESTIMENTO EM COTAS DE FUNDOS DE INVESTIMENTO EM DIREITOS CREDITÓRIOS RESP LIMITADA;2026-03-31;1154072;Valores a pagar;;;138826;;2026-06-29
CLASSES - FIDC;58.900.579/0001-29;MONEE FUNDO DE INVESTIMENTO EM COTAS DE FUNDOS DE INVESTIMENTO EM DIREITOS CREDITÓRIOS RESP LIMITADA;2026-03-31;1154072;Valores a receber;;;3277;;2026-06-29
CLASSES - FIDC;59.213.700/0001-07;ITAUNA PIPELINE FIC FIDC - RESPONSABILIDADE LIMITADA;2026-03-31;1160687;Cotas de Fundos;0;0;27162716;;2026-06-29
CLASSES - FIDC;59.213.700/0001-07;ITAUNA PIPELINE FIC FIDC - RESPONSABILIDADE LIMITADA;2026-03-31;1160687;Valores a pagar;;;71376;;2026-06-29
CLASSES - FIDC;59.213.700/0001-07;ITAUNA PIPELINE FIC FIDC - RESPONSABILIDADE LIMITADA;2026-03-31;1160687;Valores a receber;;;58433;;2026-06-29
CLASSES - FIDC;59.260.452/0001-55;GOPIN FUNDO DE INVESTIMENTO EM COTAS DE FUNDO DE INVESTIMENTO EM DIREITOS CREDITÓRIOS;2026-03-31;1161863;Cotas de Fundos;;;37824021;;2026-06-29
CLASSES - FIDC;59.260.452/0001-55;GOPIN FUNDO DE INVESTIMENTO EM COTAS DE FUNDO DE INVESTIMENTO EM DIREITOS CREDITÓRIOS;2026-03-31;1161863;Disponibilidades;;;91873;;2026-06-29
CLASSES - FIDC;59.260.452/0001-55;GOPIN FUNDO DE INVESTIMENTO EM COTAS DE FUNDO DE INVESTIMENTO EM DIREITOS CREDITÓRIOS;2026-03-31;1161863;Valores a pagar;;;16810;;2026-06-29
CLASSES - FIDC;59.260.452/0001-55;GOPIN FUNDO DE INVESTIMENTO EM COTAS DE FUNDO DE INVESTIMENTO EM DIREITOS CREDITÓRIOS;2026-03-31;1161863;Valores a receber;;;573;;2026-06-29
CLASSES - FIDC;59.657.112/0001-62;AJAX PLUS FIC DE FUNDOS DE INVESTIMENTO EM DIREITOS CREDITÓRIOS RESPONSABILIDADE LIMITADA;2026-03-31;1152779;Cotas de Fundos;0;0;11800280;;2026-06-29
CLASSES - FIDC;59.657.112/0001-62;AJAX PLUS FIC DE FUNDOS DE INVESTIMENTO EM DIREITOS CREDITÓRIOS RESPONSABILIDADE LIMITADA;2026-03-31;1152779;Disponibilidades;;;203;;2026-06-29
CLASSES - FIDC;59.657.112/0001-62;AJAX PLUS FIC DE FUNDOS DE INVESTIMENTO EM DIREITOS CREDITÓRIOS RESPONSABILIDADE LIMITADA;2026-03-31;1152779;Operações Compromissadas;;;122685;;2026-06-29
CLASSES - FIDC;59.657.112/0001-62;AJAX PLUS FIC DE FUNDOS DE INVESTIMENTO EM DIREITOS CREDITÓRIOS RESPONSABILIDADE LIMITADA;2026-03-31;1152779;Valores a pagar;;;38570;;2026-06-29
CLASSES - FIDC;59.657.112/0001-62;AJAX PLUS FIC DE FUNDOS DE INVESTIMENTO EM DIREITOS CREDITÓRIOS RESPONSABILIDADE LIMITADA;2026-03-31;1152779;Valores a receber;;;2476;;2026-06-29
CLASSES - FIDC;59.695.343/0001-60;MEZZO HEALTH FUND FUNDO DE INVESTIMENTO EM COTAS DE FUNDOS DE INVESTIMENTO EM DIREITOS CREDITÓRIOS;2026-03-31;1162000;Cotas de Fundos;;;9862967;;2026-06-29
CLASSES - FIDC;59.695.343/0001-60;MEZZO HEALTH FUND FUNDO DE INVESTIMENTO EM COTAS DE FUNDOS DE INVESTIMENTO EM DIREITOS CREDITÓRIOS;2026-03-31;1162000;Disponibilidades;;;75;;2026-06-29
CLASSES - FIDC;59.695.343/0001-60;MEZZO HEALTH FUND FUNDO DE INVESTIMENTO EM COTAS DE FUNDOS DE INVESTIMENTO EM DIREITOS CREDITÓRIOS;2026-03-31;1162000;Valores a pagar;;;15916;;2026-06-29
CLASSES - FIDC;59.695.343/0001-60;MEZZO HEALTH FUND FUNDO DE INVESTIMENTO EM COTAS DE FUNDOS DE INVESTIMENTO EM DIREITOS CREDITÓRIOS;2026-03-31;1162000;Valores a receber;;;0;;2026-06-29
CLASSES - FIDC;59.791.370/0001-37;TATUHY FUNDO DE INVESTIMENTO EM COTAS DE FUNDO DE INVESTIMENTO EM DIREITOS CREDITÓRIOS;2026-03-31;1161876;Cotas de Fundos;;;5289524;;2026-06-29
CLASSES - FIDC;59.791.370/0001-37;TATUHY FUNDO DE INVESTIMENTO EM COTAS DE FUNDO DE INVESTIMENTO EM DIREITOS CREDITÓRIOS;2026-03-31;1161876;Disponibilidades;;;50106;;2026-06-29
CLASSES - FIDC;59.791.370/0001-37;TATUHY FUNDO DE INVESTIMENTO EM COTAS DE FUNDO DE INVESTIMENTO EM DIREITOS CREDITÓRIOS;2026-03-31;1161876;Valores a pagar;;;16975;;2026-06-29
CLASSES - FIDC;59.791.370/0001-37;TATUHY FUNDO DE INVESTIMENTO EM COTAS DE FUNDO DE INVESTIMENTO EM DIREITOS CREDITÓRIOS;2026-03-31;1161876;Valores a receber;;;0;;2026-06-29
CLASSES - FIDC;60.095.738/0001-01;REACH CRÉDITO ESTRUTURADO FIC DE FIDC RESP LIMITADA;2026-03-31;1164444;Cotas de Fundos;;;117217383;;2026-06-29
CLASSES - FIDC;60.095.738/0001-01;REACH CRÉDITO ESTRUTURADO FIC DE FIDC RESP LIMITADA;2026-03-31;1164444;Disponibilidades;;;1000;;2026-06-29
CLASSES - FIDC;60.095.738/0001-01;REACH CRÉDITO ESTRUTURADO FIC DE FIDC RESP LIMITADA;2026-03-31;1164444;Operações Compromissadas;;;12107199;;2026-06-29
CLASSES - FIDC;60.095.738/0001-01;REACH CRÉDITO ESTRUTURADO FIC DE FIDC RESP LIMITADA;2026-03-31;1164444;Valores a pagar;;;360126;;2026-06-29
CLASSES - FIDC;60.095.738/0001-01;REACH CRÉDITO ESTRUTURADO FIC DE FIDC RESP LIMITADA;2026-03-31;1164444;Valores a receber;;;69575;;2026-06-29
CLASSES - FIDC;60.369.537/0001-55;ASA FIC FIDC D1 RESPONSABILIDADE LIMITADA;2026-03-31;1153630;Cotas de Fundos;0;0;127129727;;2026-06-29
CLASSES - FIDC;60.369.537/0001-55;ASA FIC FIDC D1 RESPONSABILIDADE LIMITADA;2026-03-31;1153630;Valores a pagar;;;57675;;2026-06-29
CLASSES - FIDC;60.369.537/0001-55;ASA FIC FIDC D1 RESPONSABILIDADE LIMITADA;2026-03-31;1153630;Valores a receber;;;512;;2026-06-29
CLASSES - FIDC;60.369.959/0001-20;ASA FUNDO DE INVESTIMENTO EM COTAS DE FIDC 30 RESPONSABILIDADE LIMITADA;2026-03-31;1152622;Cotas de Fundos;0;0;19859905;;2026-06-29
CLASSES - FIDC;60.369.959/0001-20;ASA FUNDO DE INVESTIMENTO EM COTAS DE FIDC 30 RESPONSABILIDADE LIMITADA;2026-03-31;1152622;Valores a pagar;;;12798;;2026-06-29
CLASSES - FIDC;60.369.959/0001-20;ASA FUNDO DE INVESTIMENTO EM COTAS DE FIDC 30 RESPONSABILIDADE LIMITADA;2026-03-31;1152622;Valores a receber;;;512;;2026-06-29
CLASSES - FIDC;60.430.405/0001-91;STARKE FIC DE FIDC MC MS;2026-03-31;1153194;Cotas de Fundos;0;0;32045416;;2026-06-29
CLASSES - FIDC;60.430.405/0001-91;STARKE FIC DE FIDC MC MS;2026-03-31;1153194;Valores a pagar;;;22275;;2026-06-29
CLASSES - FIDC;60.430.405/0001-91;STARKE FIC DE FIDC MC MS;2026-03-31;1153194;Valores a receber;;;100;;2026-06-29
CLASSES - FIDC;60.759.253/0001-75;BRADESCO ATHOS FUNDO DE INVESTIMENTO EM DIREITOS CREDITÓRIOS - RESPONSABILIDADE LIMITADA;2026-03-31;1162657;Cotas de Fundos;;;133095804;;2026-06-29
CLASSES - FIDC;60.759.253/0001-75;BRADESCO ATHOS FUNDO DE INVESTIMENTO EM DIREITOS CREDITÓRIOS - RESPONSABILIDADE LIMITADA;2026-03-31;1162657;Debêntures;;;8672896;;2026-06-29
CLASSES - FIDC;60.759.253/0001-75;BRADESCO ATHOS FUNDO DE INVESTIMENTO EM DIREITOS CREDITÓRIOS - RESPONSABILIDADE LIMITADA;2026-03-31;1162657;Disponibilidades;;;0;;2026-06-29
CLASSES - FIDC;60.759.253/0001-75;BRADESCO ATHOS FUNDO DE INVESTIMENTO EM DIREITOS CREDITÓRIOS - RESPONSABILIDADE LIMITADA;2026-03-31;1162657;Valores a pagar;;;161113;;2026-06-29
CLASSES - FIDC;60.759.253/0001-75;BRADESCO ATHOS FUNDO DE INVESTIMENTO EM DIREITOS CREDITÓRIOS - RESPONSABILIDADE LIMITADA;2026-03-31;1162657;Valores a receber;;;243577;;2026-06-29
CLASSES - FIDC;61.237.208/0001-13;ANGRA FUNDO DE INVESTIMENTO EM COTAS DE FUNDOS DE INVESTIMENTO EM DIREITOS CREDITÓRIOS;2026-03-31;1156158;Cotas de Fundos;;;34325275;;2026-06-29
CLASSES - FIDC;61.237.208/0001-13;ANGRA FUNDO DE INVESTIMENTO EM COTAS DE FUNDOS DE INVESTIMENTO EM DIREITOS CREDITÓRIOS;2026-03-31;1156158;Outras aplicações;;;4706460;;2026-06-29
CLASSES - FIDC;61.237.208/0001-13;ANGRA FUNDO DE INVESTIMENTO EM COTAS DE FUNDOS DE INVESTIMENTO EM DIREITOS CREDITÓRIOS;2026-03-31;1156158;Valores a pagar;;;46632;;2026-06-29
CLASSES - FIDC;61.237.208/0001-13;ANGRA FUNDO DE INVESTIMENTO EM COTAS DE FUNDOS DE INVESTIMENTO EM DIREITOS CREDITÓRIOS;2026-03-31;1156158;Valores a receber;;;387026;;2026-06-29
CLASSES - FIDC;61.289.877/0001-39;ORRAM ALOCAÇÃO FUNDO DE INVESTIMENTO EM COTAS DE FIDC - RESPONSABILIDADE LIMITIDA;2026-03-31;1153197;Cotas de Fundos;0;0;57118685;;2026-06-29
CLASSES - FIDC;61.289.877/0001-39;ORRAM ALOCAÇÃO FUNDO DE INVESTIMENTO EM COTAS DE FIDC - RESPONSABILIDADE LIMITIDA;2026-03-31;1153197;Valores a pagar;;;7500;;2026-06-29
CLASSES - FIDC;61.289.877/0001-39;ORRAM ALOCAÇÃO FUNDO DE INVESTIMENTO EM COTAS DE FIDC - RESPONSABILIDADE LIMITIDA;2026-03-31;1153197;Valores a receber;;;22906;;2026-06-29
CLASSES - FIDC;61.331.497/0001-15;VERONA FUNDO DE INVESTIMENTOS EM COTAS DE FUNDOS DE INVESTIMENTO EM DIREITOS CREDITORIOS;2026-03-31;1153203;Cotas de Fundos;0;0;45745311;;2026-06-29
CLASSES - FIDC;61.331.497/0001-15;VERONA FUNDO DE INVESTIMENTOS EM COTAS DE FUNDOS DE INVESTIMENTO EM DIREITOS CREDITORIOS;2026-03-31;1153203;Valores a pagar;;;25787;;2026-06-29
CLASSES - FIDC;61.331.497/0001-15;VERONA FUNDO DE INVESTIMENTOS EM COTAS DE FUNDOS DE INVESTIMENTO EM DIREITOS CREDITORIOS;2026-03-31;1153203;Valores a receber;;;7200;;2026-06-29
CLASSES - FIDC;61.385.893/0001-25;FUNDO DE INVESTIMENTO EM COTAS DE FIDC SÊNIOR EXODUS INSTITUCIONAL - RESPONSABILIDADE LIMITADA;2026-03-31;1153969;Cotas de Fundos;0;0;241905656;;2026-06-29
CLASSES - FIDC;61.385.893/0001-25;FUNDO DE INVESTIMENTO EM COTAS DE FIDC SÊNIOR EXODUS INSTITUCIONAL - RESPONSABILIDADE LIMITADA;2026-03-31;1153969;Valores a pagar;;;27496;;2026-06-29
CLASSES - FIDC;61.385.893/0001-25;FUNDO DE INVESTIMENTO EM COTAS DE FIDC SÊNIOR EXODUS INSTITUCIONAL - RESPONSABILIDADE LIMITADA;2026-03-31;1153969;Valores a receber;;;739480;;2026-06-29
CLASSES - FIDC;61.653.345/0001-39;ARTESANAL BB I FI EM COTAS DE FI EM DIREITOS CREDITÓRIOS - RESPONSABILIDADE LIMITADA;2026-03-31;1161742;Cotas de Fundos;;;187547154;;2026-06-29
CLASSES - FIDC;61.653.345/0001-39;ARTESANAL BB I FI EM COTAS DE FI EM DIREITOS CREDITÓRIOS - RESPONSABILIDADE LIMITADA;2026-03-31;1161742;Disponibilidades;;;1000;;2026-06-29
CLASSES - FIDC;61.653.345/0001-39;ARTESANAL BB I FI EM COTAS DE FI EM DIREITOS CREDITÓRIOS - RESPONSABILIDADE LIMITADA;2026-03-31;1161742;Valores a pagar;;;828784;;2026-06-29
CLASSES - FIDC;61.653.345/0001-39;ARTESANAL BB I FI EM COTAS DE FI EM DIREITOS CREDITÓRIOS - RESPONSABILIDADE LIMITADA;2026-03-31;1161742;Valores a receber;;;22920;;2026-06-29
CLASSES - FIDC;62.410.525/0001-52;ILLASI FUNDO DE INVESTIMENTO EM COTAS DE FUNDO DE INVESTIMENTO EM DIREITOS CREDITÓRIOS;2026-03-31;1161880;Cotas de Fundos;;;89865158;;2026-06-29
CLASSES - FIDC;62.410.525/0001-52;ILLASI FUNDO DE INVESTIMENTO EM COTAS DE FUNDO DE INVESTIMENTO EM DIREITOS CREDITÓRIOS;2026-03-31;1161880;Disponibilidades;;;2616;;2026-06-29
CLASSES - FIDC;62.410.525/0001-52;ILLASI FUNDO DE INVESTIMENTO EM COTAS DE FUNDO DE INVESTIMENTO EM DIREITOS CREDITÓRIOS;2026-03-31;1161880;Valores a pagar;;;22082;;2026-06-29
CLASSES - FIDC;62.410.525/0001-52;ILLASI FUNDO DE INVESTIMENTO EM COTAS DE FUNDO DE INVESTIMENTO EM DIREITOS CREDITÓRIOS;2026-03-31;1161880;Valores a receber;;;0;;2026-06-29
CLASSES - FIDC;62.895.557/0001-95;SOMMA SIENA FUNDO DE INVESTIMENTO EM COTAS DE FIDC - RESP LIMITADA;2026-03-31;1162632;Cotas de Fundos;;;16601868;;2026-06-29
CLASSES - FIDC;62.895.557/0001-95;SOMMA SIENA FUNDO DE INVESTIMENTO EM COTAS DE FIDC - RESP LIMITADA;2026-03-31;1162632;Disponibilidades;;;1000;;2026-06-29
CLASSES - FIDC;62.895.557/0001-95;SOMMA SIENA FUNDO DE INVESTIMENTO EM COTAS DE FIDC - RESP LIMITADA;2026-03-31;1162632;Operações Compromissadas;;;1142042;;2026-06-29
CLASSES - FIDC;62.895.557/0001-95;SOMMA SIENA FUNDO DE INVESTIMENTO EM COTAS DE FIDC - RESP LIMITADA;2026-03-31;1162632;Valores a pagar;;;44045;;2026-06-29
CLASSES - FIDC;62.895.557/0001-95;SOMMA SIENA FUNDO DE INVESTIMENTO EM COTAS DE FIDC - RESP LIMITADA;2026-03-31;1162632;Valores a receber;;;0;;2026-06-29
CLASSES - FIDC;63.701.570/0001-29;AURORA FUNDO DE INVESTIMENTO EM COTAS DE FUNDOS DE INVESTIMENTO EM  DIREITOS CREDITÓRIOS;2026-03-31;1170929;Cotas de Fundos;0;0;12443548;;2026-06-29
CLASSES - FIDC;63.701.570/0001-29;AURORA FUNDO DE INVESTIMENTO EM COTAS DE FUNDOS DE INVESTIMENTO EM  DIREITOS CREDITÓRIOS;2026-03-31;1170929;Disponibilidades;;;600;;2026-06-29
CLASSES - FIDC;63.701.570/0001-29;AURORA FUNDO DE INVESTIMENTO EM COTAS DE FUNDOS DE INVESTIMENTO EM  DIREITOS CREDITÓRIOS;2026-03-31;1170929;Valores a pagar;;;20567;;2026-06-29
CLASSES - FIDC;63.701.570/0001-29;AURORA FUNDO DE INVESTIMENTO EM COTAS DE FUNDOS DE INVESTIMENTO EM  DIREITOS CREDITÓRIOS;2026-03-31;1170929;Valores a receber;;;0;;2026-06-29
CLASSES - FIDC;63.706.874/0001-89;STRATEGIC CREDIT PRIVATE CLIENTS FUNDO DE INVESTIMENTO EM COTAS DE FUNDO DE INVESTIMENTO EM DIREITOS;2026-03-31;1161993;Cotas de Fundos;;;45880029;;2026-06-29
CLASSES - FIDC;63.706.874/0001-89;STRATEGIC CREDIT PRIVATE CLIENTS FUNDO DE INVESTIMENTO EM COTAS DE FUNDO DE INVESTIMENTO EM DIREITOS;2026-03-31;1161993;Disponibilidades;;;563;;2026-06-29
CLASSES - FIDC;63.706.874/0001-89;STRATEGIC CREDIT PRIVATE CLIENTS FUNDO DE INVESTIMENTO EM COTAS DE FUNDO DE INVESTIMENTO EM DIREITOS;2026-03-31;1161993;Valores a pagar;;;36879;;2026-06-29
CLASSES - FIDC;63.706.874/0001-89;STRATEGIC CREDIT PRIVATE CLIENTS FUNDO DE INVESTIMENTO EM COTAS DE FUNDO DE INVESTIMENTO EM DIREITOS;2026-03-31;1161993;Valores a receber;;;0;;2026-06-29
CLASSES - FIDC;63.974.821/0001-49;ACROSS FUNDO DE INVESTIMENTO EM COTAS DE FUNDO DE INVESTIMENTO EM  DIREITOS CREDITÓRIOS;2026-03-31;1153258;Cotas de Fundos;0;0;10520449;;2026-06-29
CLASSES - FIDC;63.974.821/0001-49;ACROSS FUNDO DE INVESTIMENTO EM COTAS DE FUNDO DE INVESTIMENTO EM  DIREITOS CREDITÓRIOS;2026-03-31;1153258;Valores a pagar;;;86528;;2026-06-29
CLASSES - FIDC;64.642.939/0001-32;VQV FUNDO DE INVESTIMENTO EM COTAS DE FUNDO DE INVESTIMENTO EM DIREITOS  CREDITÓRIOS RESPONSABILIDAD;2026-03-31;1150993;Cotas de Fundos;0;0;6069374;;2026-06-29
CLASSES - FIDC;64.642.939/0001-32;VQV FUNDO DE INVESTIMENTO EM COTAS DE FUNDO DE INVESTIMENTO EM DIREITOS  CREDITÓRIOS RESPONSABILIDAD;2026-03-31;1150993;Valores a pagar;;;14000;;2026-06-29
CLASSES FIIM;38.350.645/0001-27;SAFRA ETF IBOVESPA FUNDO DE INDICE - RESPONSABILIDADE LIMITADA;2026-03-31;1156758;Ações;0;0;12874371;;2026-06-29
CLASSES FIIM;38.350.645/0001-27;SAFRA ETF IBOVESPA FUNDO DE INDICE - RESPONSABILIDADE LIMITADA;2026-03-31;1156758;Ações e outros TVM cedidos em empréstimo;;;9934744;;2026-06-29
CLASSES FIIM;38.350.645/0001-27;SAFRA ETF IBOVESPA FUNDO DE INDICE - RESPONSABILIDADE LIMITADA;2026-03-31;1156758;Certificado ou recibo de depósito de valores mobiliários;0;0;444914;;2026-06-29
CLASSES FIIM;38.350.645/0001-27;SAFRA ETF IBOVESPA FUNDO DE INDICE - RESPONSABILIDADE LIMITADA;2026-03-31;1156758;Mercado Futuro - Posições compradas;0;0;160508;;2026-06-29
CLASSES FIIM;38.350.645/0001-27;SAFRA ETF IBOVESPA FUNDO DE INDICE - RESPONSABILIDADE LIMITADA;2026-03-31;1156758;Operações Compromissadas;;;5632820;;2026-06-29
CLASSES FIIM;38.350.645/0001-27;SAFRA ETF IBOVESPA FUNDO DE INDICE - RESPONSABILIDADE LIMITADA;2026-03-31;1156758;Outras aplicações;0;0;5160;;2026-06-29
CLASSES FIIM;43.210.658/0001-30;SAFRA ETF MULHERES NA LIDERANÇA FUNDO DE ÍNDICE DE AÇÕES INVESTIMENTO SUSTENTÁVEL - RESP LIMITADA;2026-03-31;1156756;Ações;0;0;36244776;;2026-06-29
CLASSES FIIM;43.210.658/0001-30;SAFRA ETF MULHERES NA LIDERANÇA FUNDO DE ÍNDICE DE AÇÕES INVESTIMENTO SUSTENTÁVEL - RESP LIMITADA;2026-03-31;1156756;Ações e outros TVM cedidos em empréstimo;;;67419895;;2026-06-29
CLASSES FIIM;43.210.658/0001-30;SAFRA ETF MULHERES NA LIDERANÇA FUNDO DE ÍNDICE DE AÇÕES INVESTIMENTO SUSTENTÁVEL - RESP LIMITADA;2026-03-31;1156756;Certificado ou recibo de depósito de valores mobiliários;0;0;917745;;2026-06-29
CLASSES FIIM;43.210.658/0001-30;SAFRA ETF MULHERES NA LIDERANÇA FUNDO DE ÍNDICE DE AÇÕES INVESTIMENTO SUSTENTÁVEL - RESP LIMITADA;2026-03-31;1156756;Mercado Futuro - Posições compradas;0;0;49850;;2026-06-29
CLASSES FIIM;43.210.658/0001-30;SAFRA ETF MULHERES NA LIDERANÇA FUNDO DE ÍNDICE DE AÇÕES INVESTIMENTO SUSTENTÁVEL - RESP LIMITADA;2026-03-31;1156756;Mercado Futuro - Posições vendidas;0;0;-3993;;2026-06-29
CLASSES FIIM;43.210.658/0001-30;SAFRA ETF MULHERES NA LIDERANÇA FUNDO DE ÍNDICE DE AÇÕES INVESTIMENTO SUSTENTÁVEL - RESP LIMITADA;2026-03-31;1156756;Operações Compromissadas;;;497324;;2026-06-29
CLASSES FIIM;43.210.658/0001-30;SAFRA ETF MULHERES NA LIDERANÇA FUNDO DE ÍNDICE DE AÇÕES INVESTIMENTO SUSTENTÁVEL - RESP LIMITADA;2026-03-31;1156756;Outras aplicações;0;0;31170;;2026-06-29
CLASSES FIIM;57.091.195/0001-40;SAFRA ETF IBOVESPA EMPRESAS PRIVADAS FUNDO DE INDICE - RESPONSABILIDADE LIMITADA;2026-03-31;1156755;Ações;0;0;14988194;;2026-06-29
CLASSES FIIM;57.091.195/0001-40;SAFRA ETF IBOVESPA EMPRESAS PRIVADAS FUNDO DE INDICE - RESPONSABILIDADE LIMITADA;2026-03-31;1156755;Ações e outros TVM cedidos em empréstimo;;;16841434;;2026-06-29
CLASSES FIIM;57.091.195/0001-40;SAFRA ETF IBOVESPA EMPRESAS PRIVADAS FUNDO DE INDICE - RESPONSABILIDADE LIMITADA;2026-03-31;1156755;Certificado ou recibo de depósito de valores mobiliários;0;0;1450365;;2026-06-29
CLASSES FIIM;57.091.195/0001-40;SAFRA ETF IBOVESPA EMPRESAS PRIVADAS FUNDO DE INDICE - RESPONSABILIDADE LIMITADA;2026-03-31;1156755;Mercado Futuro - Posições compradas;0;0;14955;;2026-06-29
CLASSES FIIM;57.091.195/0001-40;SAFRA ETF IBOVESPA EMPRESAS PRIVADAS FUNDO DE INDICE - RESPONSABILIDADE LIMITADA;2026-03-31;1156755;Operações Compromissadas;;;77709;;2026-06-29
CLASSES FIIM;57.091.195/0001-40;SAFRA ETF IBOVESPA EMPRESAS PRIVADAS FUNDO DE INDICE - RESPONSABILIDADE LIMITADA;2026-03-31;1156755;Outras aplicações;0;0;10903;;2026-06-29
CLASSES FIIM;57.091.195/0001-40;SAFRA ETF IBOVESPA EMPRESAS PRIVADAS FUNDO DE INDICE - RESPONSABILIDADE LIMITADA;2026-03-31;1156755;Títulos Públicos;0;0;74813;;2026-06-29
CLASSES FIIM;57.091.257/0001-13;SAFRA ETF IBOVESPA EMPRESAS ESTATAIS FUNDO DE INDICE - RESPONSABILIDADE LIMITADA;2026-03-31;1156747;Ações;0;0;6930855;;2026-06-29
CLASSES FIIM;57.091.257/0001-13;SAFRA ETF IBOVESPA EMPRESAS ESTATAIS FUNDO DE INDICE - RESPONSABILIDADE LIMITADA;2026-03-31;1156747;Ações e outros TVM cedidos em empréstimo;;;13032220;;2026-06-29
CLASSES FIIM;57.091.257/0001-13;SAFRA ETF IBOVESPA EMPRESAS ESTATAIS FUNDO DE INDICE - RESPONSABILIDADE LIMITADA;2026-03-31;1156747;Mercado Futuro - Posições compradas;0;0;12961;;2026-06-29
CLASSES FIIM;57.091.257/0001-13;SAFRA ETF IBOVESPA EMPRESAS ESTATAIS FUNDO DE INDICE - RESPONSABILIDADE LIMITADA;2026-03-31;1156747;Operações Compromissadas;;;29379;;2026-06-29
CLASSES FIIM;57.091.257/0001-13;SAFRA ETF IBOVESPA EMPRESAS ESTATAIS FUNDO DE INDICE - RESPONSABILIDADE LIMITADA;2026-03-31;1156747;Títulos Públicos;0;0;37406;;2026-06-29
CLASSES FIIM;60.553.995/0001-40;ISHARES BOVESPA BR+ CAP 5% B3 CLASSE DE ÍNDICE - RESPONSABILIDADE LIMITADA;2026-03-31;1157907;Ações;14583;72421;18064106;;2026-06-29
CLASSES FIIM;60.553.995/0001-40;ISHARES BOVESPA BR+ CAP 5% B3 CLASSE DE ÍNDICE - RESPONSABILIDADE LIMITADA;2026-03-31;1157907;Brazilian Depository Receipt - BDR;;;2981644;;2026-06-29
CLASSES FIIM;60.553.995/0001-40;ISHARES BOVESPA BR+ CAP 5% B3 CLASSE DE ÍNDICE - RESPONSABILIDADE LIMITADA;2026-03-31;1157907;Certificado ou recibo de depósito de valores mobiliários;;;1189607;;2026-06-29
CLASSES FIIM;60.553.995/0001-40;ISHARES BOVESPA BR+ CAP 5% B3 CLASSE DE ÍNDICE - RESPONSABILIDADE LIMITADA;2026-03-31;1157907;Disponibilidades;;;13846;;2026-06-29
CLASSES FIIM;60.553.995/0001-40;ISHARES BOVESPA BR+ CAP 5% B3 CLASSE DE ÍNDICE - RESPONSABILIDADE LIMITADA;2026-03-31;1157907;Mercado Futuro - Posições compradas;;;5982;;2026-06-29
CLASSES FIIM;60.553.995/0001-40;ISHARES BOVESPA BR+ CAP 5% B3 CLASSE DE ÍNDICE - RESPONSABILIDADE LIMITADA;2026-03-31;1157907;Operações Compromissadas;;;75080;;2026-06-29
CLASSES FIIM;60.553.995/0001-40;ISHARES BOVESPA BR+ CAP 5% B3 CLASSE DE ÍNDICE - RESPONSABILIDADE LIMITADA;2026-03-31;1157907;Outros valores mobiliários registrados na CVM objeto de oferta pública;;;6960;;2026-06-29
CLASSES FIIM;60.553.995/0001-40;ISHARES BOVESPA BR+ CAP 5% B3 CLASSE DE ÍNDICE - RESPONSABILIDADE LIMITADA;2026-03-31;1157907;Valores a pagar;;;21121;;2026-06-29
CLASSES FIIM;60.553.995/0001-40;ISHARES BOVESPA BR+ CAP 5% B3 CLASSE DE ÍNDICE - RESPONSABILIDADE LIMITADA;2026-03-31;1157907;Valores a receber;;;203274;;2026-06-29
CLASSES FIIM;60.554.347/0001-08;ISHARES BOVESPA BR+ EQUAL WEIGHT B3 CLASSE DE ÍNDICE - RESPONSABILIDADE LIMITADA;2026-03-31;1157906;Ações;285420;262356;17543025;;2026-06-29
CLASSES FIIM;60.554.347/0001-08;ISHARES BOVESPA BR+ EQUAL WEIGHT B3 CLASSE DE ÍNDICE - RESPONSABILIDADE LIMITADA;2026-03-31;1157906;Brazilian Depository Receipt - BDR;;;1514475;;2026-06-29
CLASSES FIIM;60.554.347/0001-08;ISHARES BOVESPA BR+ EQUAL WEIGHT B3 CLASSE DE ÍNDICE - RESPONSABILIDADE LIMITADA;2026-03-31;1157906;Certificado ou recibo de depósito de valores mobiliários;;;1434902;;2026-06-29
CLASSES FIIM;60.554.347/0001-08;ISHARES BOVESPA BR+ EQUAL WEIGHT B3 CLASSE DE ÍNDICE - RESPONSABILIDADE LIMITADA;2026-03-31;1157906;Disponibilidades;;;11249;;2026-06-29
CLASSES FIIM;60.554.347/0001-08;ISHARES BOVESPA BR+ EQUAL WEIGHT B3 CLASSE DE ÍNDICE - RESPONSABILIDADE LIMITADA;2026-03-31;1157906;Mercado Futuro - Posições compradas;;;5982;;2026-06-29
CLASSES FIIM;60.554.347/0001-08;ISHARES BOVESPA BR+ EQUAL WEIGHT B3 CLASSE DE ÍNDICE - RESPONSABILIDADE LIMITADA;2026-03-31;1157906;Operações Compromissadas;;;91765;;2026-06-29
CLASSES FIIM;60.554.347/0001-08;ISHARES BOVESPA BR+ EQUAL WEIGHT B3 CLASSE DE ÍNDICE - RESPONSABILIDADE LIMITADA;2026-03-31;1157906;Outros valores mobiliários registrados na CVM objeto de oferta pública;;;26934;;2026-06-29
CLASSES FIIM;60.554.347/0001-08;ISHARES BOVESPA BR+ EQUAL WEIGHT B3 CLASSE DE ÍNDICE - RESPONSABILIDADE LIMITADA;2026-03-31;1157906;Valores a pagar;;;55014;;2026-06-29
CLASSES FIIM;60.554.347/0001-08;ISHARES BOVESPA BR+ EQUAL WEIGHT B3 CLASSE DE ÍNDICE - RESPONSABILIDADE LIMITADA;2026-03-31;1157906;Valores a receber;;;196170;;2026-06-29
CLASSES FIIM;61.736.225/0001-03;GENIAL TEVA DEBÊNTURES DI QUALITY HIGH BETA  FUNDO DE ÍNDICE;2026-03-31;1155436;Cotas de Fundos;;;135295;;2026-06-29
CLASSES FIIM;61.736.225/0001-03;GENIAL TEVA DEBÊNTURES DI QUALITY HIGH BETA  FUNDO DE ÍNDICE;2026-03-31;1155436;Debêntures;;;48941329;;2026-06-29
CLASSES FIIM;61.736.225/0001-03;GENIAL TEVA DEBÊNTURES DI QUALITY HIGH BETA  FUNDO DE ÍNDICE;2026-03-31;1155436;Disponibilidades;;;3000;;2026-06-29
CLASSES FIIM;61.736.225/0001-03;GENIAL TEVA DEBÊNTURES DI QUALITY HIGH BETA  FUNDO DE ÍNDICE;2026-03-31;1155436;Títulos Públicos;0;0;446646;;2026-06-29
CLASSES FIIM;61.736.225/0001-03;GENIAL TEVA DEBÊNTURES DI QUALITY HIGH BETA  FUNDO DE ÍNDICE;2026-03-31;1155436;Valores a pagar;;;24892;;2026-06-29
CLASSES FIIM;61.736.225/0001-03;GENIAL TEVA DEBÊNTURES DI QUALITY HIGH BETA  FUNDO DE ÍNDICE;2026-03-31;1155436;Valores a receber;;;25009;;2026-06-29
CLASSES FIIM;61.846.717/0001-43;NU NASDAQ BRAZIL BITCOIN CARRY FUTURES  CLASSE DE ÍNDICE - RESPONSABILIDADE LIMITADA;2026-03-31;1155438;Cotas de Fundos;;;615717;;2026-06-29
CLASSES FIIM;61.846.717/0001-43;NU NASDAQ BRAZIL BITCOIN CARRY FUTURES  CLASSE DE ÍNDICE - RESPONSABILIDADE LIMITADA;2026-03-31;1155438;Disponibilidades;;;3000;;2026-06-29
CLASSES FIIM;61.846.717/0001-43;NU NASDAQ BRAZIL BITCOIN CARRY FUTURES  CLASSE DE ÍNDICE - RESPONSABILIDADE LIMITADA;2026-03-31;1155438;Mercado Futuro - Posições compradas;;;16132;;2026-06-29
CLASSES FIIM;61.846.717/0001-43;NU NASDAQ BRAZIL BITCOIN CARRY FUTURES  CLASSE DE ÍNDICE - RESPONSABILIDADE LIMITADA;2026-03-31;1155438;Títulos Públicos;0;0;2146948;;2026-06-29
CLASSES FIIM;61.846.717/0001-43;NU NASDAQ BRAZIL BITCOIN CARRY FUTURES  CLASSE DE ÍNDICE - RESPONSABILIDADE LIMITADA;2026-03-31;1155438;Valores a pagar;;;3849;;2026-06-29
CLASSES FIIM;61.846.717/0001-43;NU NASDAQ BRAZIL BITCOIN CARRY FUTURES  CLASSE DE ÍNDICE - RESPONSABILIDADE LIMITADA;2026-03-31;1155438;Valores a receber;;;7608;;2026-06-29
CLASSES FIIM;62.211.601/0001-09;BUENA VISTA NEOS GOLD HIGH INCOME INDEX FUNDO DE ÍNDICE DE RESPONSABILIDADE LIMITADA;2026-03-31;1170389;Investimento no Exterior;0;3343675;39019663;;2026-06-29
CLASSES FIIM;62.344.693/0001-97;NU IBOXX HIGH YIELD HEDGE CARRY BRL CLASSE  DE ÍNDICE - RESPONSABILIDADE LIMITADA;2026-03-31;1155440;Brazilian Depository Receipt - BDR;;;919243;;2026-06-29
CLASSES FIIM;62.344.693/0001-97;NU IBOXX HIGH YIELD HEDGE CARRY BRL CLASSE  DE ÍNDICE - RESPONSABILIDADE LIMITADA;2026-03-31;1155440;Cotas de Fundos;;;971522;;2026-06-29
CLASSES FIIM;62.344.693/0001-97;NU IBOXX HIGH YIELD HEDGE CARRY BRL CLASSE  DE ÍNDICE - RESPONSABILIDADE LIMITADA;2026-03-31;1155440;Disponibilidades;;;125258;;2026-06-29
CLASSES FIIM;62.344.693/0001-97;NU IBOXX HIGH YIELD HEDGE CARRY BRL CLASSE  DE ÍNDICE - RESPONSABILIDADE LIMITADA;2026-03-31;1155440;Investimento no Exterior;;;17466440;;2026-06-29
CLASSES FIIM;62.344.693/0001-97;NU IBOXX HIGH YIELD HEDGE CARRY BRL CLASSE  DE ÍNDICE - RESPONSABILIDADE LIMITADA;2026-03-31;1155440;Mercado Futuro - Posições vendidas;;;206265;;2026-06-29
CLASSES FIIM;62.344.693/0001-97;NU IBOXX HIGH YIELD HEDGE CARRY BRL CLASSE  DE ÍNDICE - RESPONSABILIDADE LIMITADA;2026-03-31;1155440;Títulos Públicos;0;0;6762615;;2026-06-29
CLASSES FIIM;62.344.693/0001-97;NU IBOXX HIGH YIELD HEDGE CARRY BRL CLASSE  DE ÍNDICE - RESPONSABILIDADE LIMITADA;2026-03-31;1155440;Valores a pagar;;;10107;;2026-06-29
CLASSES FIIM;62.344.693/0001-97;NU IBOXX HIGH YIELD HEDGE CARRY BRL CLASSE  DE ÍNDICE - RESPONSABILIDADE LIMITADA;2026-03-31;1155440;Valores a receber;;;8041;;2026-06-29
CLASSES FIIM;62.344.793/0001-13;NU IBOXX INVESTMENT GRADE HEDGE CARRY BRL  CLASSE DE ÍNDICE - RESPONSABILIDADE LIMITADA;2026-03-31;1155405;Brazilian Depository Receipt - BDR;;;322278;;2026-06-29
CLASSES FIIM;62.344.793/0001-13;NU IBOXX INVESTMENT GRADE HEDGE CARRY BRL  CLASSE DE ÍNDICE - RESPONSABILIDADE LIMITADA;2026-03-31;1155405;Cotas de Fundos;;;588440;;2026-06-29
CLASSES FIIM;62.344.793/0001-13;NU IBOXX INVESTMENT GRADE HEDGE CARRY BRL  CLASSE DE ÍNDICE - RESPONSABILIDADE LIMITADA;2026-03-31;1155405;Disponibilidades;;;24927;;2026-06-29
CLASSES FIIM;62.344.793/0001-13;NU IBOXX INVESTMENT GRADE HEDGE CARRY BRL  CLASSE DE ÍNDICE - RESPONSABILIDADE LIMITADA;2026-03-31;1155405;Investimento no Exterior;;;4434108;;2026-06-29
CLASSES FIIM;62.344.793/0001-13;NU IBOXX INVESTMENT GRADE HEDGE CARRY BRL  CLASSE DE ÍNDICE - RESPONSABILIDADE LIMITADA;2026-03-31;1155405;Mercado Futuro - Posições vendidas;;;53002;;2026-06-29
CLASSES FIIM;62.344.793/0001-13;NU IBOXX INVESTMENT GRADE HEDGE CARRY BRL  CLASSE DE ÍNDICE - RESPONSABILIDADE LIMITADA;2026-03-31;1155405;Títulos Públicos;0;3452252;10517548;;2026-06-29
CLASSES FIIM;62.344.793/0001-13;NU IBOXX INVESTMENT GRADE HEDGE CARRY BRL  CLASSE DE ÍNDICE - RESPONSABILIDADE LIMITADA;2026-03-31;1155405;Valores a pagar;;;4729;;2026-06-29
CLASSES FIIM;62.344.793/0001-13;NU IBOXX INVESTMENT GRADE HEDGE CARRY BRL  CLASSE DE ÍNDICE - RESPONSABILIDADE LIMITADA;2026-03-31;1155405;Valores a receber;;;7801;;2026-06-29
CLASSES FIIM;63.001.985/0001-90;NU CDI TESOURO SELIC B3 CLASSE DE ÍNDICE - RESPONSABILIDADE LIMITADA;2026-03-31;1155439;Cotas de Fundos;;;1246970;;2026-06-29
CLASSES FIIM;63.001.985/0001-90;NU CDI TESOURO SELIC B3 CLASSE DE ÍNDICE - RESPONSABILIDADE LIMITADA;2026-03-31;1155439;Disponibilidades;;;3000;;2026-06-29
CLASSES FIIM;63.001.985/0001-90;NU CDI TESOURO SELIC B3 CLASSE DE ÍNDICE - RESPONSABILIDADE LIMITADA;2026-03-31;1155439;Títulos Públicos;0;0;67921923;;2026-06-29
CLASSES FIIM;63.001.985/0001-90;NU CDI TESOURO SELIC B3 CLASSE DE ÍNDICE - RESPONSABILIDADE LIMITADA;2026-03-31;1155439;Valores a pagar;;;12952;;2026-06-29
CLASSES FIIM;63.001.985/0001-90;NU CDI TESOURO SELIC B3 CLASSE DE ÍNDICE - RESPONSABILIDADE LIMITADA;2026-03-31;1155439;Valores a receber;;;6260;;2026-06-29
CLASSES FIIM;63.209.544/0001-88;BUENA VISTA DEX NEOS INTERNATIONAL HIGH INCOME FUNDO DE ÍNDICE DE RESPONSABILIDADE LIMITADA;2026-03-31;1169310;Investimento no Exterior;0;0;8350963;;2026-06-29
CLASSES FIIM;63.428.769/0001-25;GENIAL TEVA AÇÕES HIGH BETA CLASSE DE ÍNDICE RESP LIMITADA;2026-03-31;1157909;Ações;98211;105179;4789198;;2026-06-29
CLASSES FIIM;63.428.769/0001-25;GENIAL TEVA AÇÕES HIGH BETA CLASSE DE ÍNDICE RESP LIMITADA;2026-03-31;1157909;Brazilian Depository Receipt - BDR;;;953834;;2026-06-29
CLASSES FIIM;63.428.769/0001-25;GENIAL TEVA AÇÕES HIGH BETA CLASSE DE ÍNDICE RESP LIMITADA;2026-03-31;1157909;Certificado ou recibo de depósito de valores mobiliários;;;162340;;2026-06-29
CLASSES FIIM;63.428.769/0001-25;GENIAL TEVA AÇÕES HIGH BETA CLASSE DE ÍNDICE RESP LIMITADA;2026-03-31;1157909;Cotas de Fundos;;;36268;;2026-06-29
CLASSES FIIM;63.428.769/0001-25;GENIAL TEVA AÇÕES HIGH BETA CLASSE DE ÍNDICE RESP LIMITADA;2026-03-31;1157909;Disponibilidades;;;3000;;2026-06-29
CLASSES FIIM;63.428.769/0001-25;GENIAL TEVA AÇÕES HIGH BETA CLASSE DE ÍNDICE RESP LIMITADA;2026-03-31;1157909;Outros valores mobiliários registrados na CVM objeto de oferta pública;;;7048;;2026-06-29
CLASSES FIIM;63.428.769/0001-25;GENIAL TEVA AÇÕES HIGH BETA CLASSE DE ÍNDICE RESP LIMITADA;2026-03-31;1157909;Valores a pagar;;;6159;;2026-06-29
CLASSES FIIM;63.428.769/0001-25;GENIAL TEVA AÇÕES HIGH BETA CLASSE DE ÍNDICE RESP LIMITADA;2026-03-31;1157909;Valores a receber;;;63972;;2026-06-29
CLASSES FIIM;63.715.020/0001-69;TREND ETF B3 OURO CLASSE DE ÍNDICE - RESPONSABILIDADE LIMITADA;2026-03-31;1155437;Cotas de Fundos;;;22616854;;2026-06-29
CLASSES FIIM;63.715.020/0001-69;TREND ETF B3 OURO CLASSE DE ÍNDICE - RESPONSABILIDADE LIMITADA;2026-03-31;1155437;Disponibilidades;;;3000;;2026-06-29
CLASSES FIIM;63.715.020/0001-69;TREND ETF B3 OURO CLASSE DE ÍNDICE - RESPONSABILIDADE LIMITADA;2026-03-31;1155437;Mercado Futuro - Posições compradas;;;7872624;;2026-06-29
CLASSES FIIM;63.715.020/0001-69;TREND ETF B3 OURO CLASSE DE ÍNDICE - RESPONSABILIDADE LIMITADA;2026-03-31;1155437;Títulos Públicos;0;131929472;276631919;;2026-06-29
CLASSES FIIM;63.715.020/0001-69;TREND ETF B3 OURO CLASSE DE ÍNDICE - RESPONSABILIDADE LIMITADA;2026-03-31;1155437;Valores a pagar;;;51159;;2026-06-29
CLASSES FIIM;63.715.020/0001-69;TREND ETF B3 OURO CLASSE DE ÍNDICE - RESPONSABILIDADE LIMITADA;2026-03-31;1155437;Valores a receber;;;152649;;2026-06-29
CLASSES FIIM;63.734.820/0001-27;NU LETRAS FINANCEIRAS ANBIMA CLASSE DE  ÍNDICE - RESPONSABILIDADE LIMITADA;2026-03-31;1155406;Cotas de Fundos;;;181325;;2026-06-29
CLASSES FIIM;63.734.820/0001-27;NU LETRAS FINANCEIRAS ANBIMA CLASSE DE  ÍNDICE - RESPONSABILIDADE LIMITADA;2026-03-31;1155406;Disponibilidades;;;3000;;2026-06-29
CLASSES FIIM;63.734.820/0001-27;NU LETRAS FINANCEIRAS ANBIMA CLASSE DE  ÍNDICE - RESPONSABILIDADE LIMITADA;2026-03-31;1155406;Valores a pagar;;;22932;;2026-06-29
CLASSES FIIM;63.734.820/0001-27;NU LETRAS FINANCEIRAS ANBIMA CLASSE DE  ÍNDICE - RESPONSABILIDADE LIMITADA;2026-03-31;1155406;Valores a receber;;;6307;;2026-06-29
CLASSES FIIM;63.747.287/0001-38;TREND ETF S&P 500 QUANTO CLASSE DE ÍNDICE - RESPONSABILIDADE LIMITADA;2026-03-31;1155407;Cotas de Fundos;;;5463625;;2026-06-29
CLASSES FIIM;63.747.287/0001-38;TREND ETF S&P 500 QUANTO CLASSE DE ÍNDICE - RESPONSABILIDADE LIMITADA;2026-03-31;1155407;Disponibilidades;;;3000;;2026-06-29
CLASSES FIIM;63.747.287/0001-38;TREND ETF S&P 500 QUANTO CLASSE DE ÍNDICE - RESPONSABILIDADE LIMITADA;2026-03-31;1155407;Mercado Futuro - Posições compradas;;;1818809;;2026-06-29
CLASSES FIIM;63.747.287/0001-38;TREND ETF S&P 500 QUANTO CLASSE DE ÍNDICE - RESPONSABILIDADE LIMITADA;2026-03-31;1155407;Títulos Públicos;0;20972547;60111159;;2026-06-29
CLASSES FIIM;63.747.287/0001-38;TREND ETF S&P 500 QUANTO CLASSE DE ÍNDICE - RESPONSABILIDADE LIMITADA;2026-03-31;1155407;Valores a pagar;;;11097;;2026-06-29
CLASSES FIIM;63.747.287/0001-38;TREND ETF S&P 500 QUANTO CLASSE DE ÍNDICE - RESPONSABILIDADE LIMITADA;2026-03-31;1155407;Valores a receber;;;76421;;2026-06-29
CLASSES FIIM;63.747.438/0001-58;TREND ETF S&P / B3 DOLAR CLASSE DE ÍNDICE - RESPONSABILIDADE LIMITADA;2026-03-31;1155408;Cotas de Fundos;;;455045;;2026-06-29
CLASSES FIIM;63.747.438/0001-58;TREND ETF S&P / B3 DOLAR CLASSE DE ÍNDICE - RESPONSABILIDADE LIMITADA;2026-03-31;1155408;Disponibilidades;;;3000;;2026-06-29
CLASSES FIIM;63.747.438/0001-58;TREND ETF S&P / B3 DOLAR CLASSE DE ÍNDICE - RESPONSABILIDADE LIMITADA;2026-03-31;1155408;Mercado Futuro - Posições compradas;;;-158056;;2026-06-29
CLASSES FIIM;63.747.438/0001-58;TREND ETF S&P / B3 DOLAR CLASSE DE ÍNDICE - RESPONSABILIDADE LIMITADA;2026-03-31;1155408;Títulos Públicos;0;7239306;13928653;;2026-06-29
CLASSES FIIM;63.747.438/0001-58;TREND ETF S&P / B3 DOLAR CLASSE DE ÍNDICE - RESPONSABILIDADE LIMITADA;2026-03-31;1155408;Valores a pagar;;;2271;;2026-06-29
CLASSES FIIM;63.747.438/0001-58;TREND ETF S&P / B3 DOLAR CLASSE DE ÍNDICE - RESPONSABILIDADE LIMITADA;2026-03-31;1155408;Valores a receber;;;7108;;2026-06-29
CLASSES FIIM;63.829.366/0001-98;BUENA VISTA DEX VETTAFI NEOS ETHEREUM HIGH INCOME FUNDO DE ÍNDICE DE RESPONSABILIDADE LIMITADA;2026-03-31;1169309;Investimento no Exterior;0;6347061;28671557;;2026-06-29
CLASSES FIIM;64.423.976/0001-50;BUENA VISTA DEX VETTAFI NEOS ENERGY INFRASTRUCTURE HIGH INCOME FUNDO DE ÍNDICE DE RESPONSABILIDADE L;2026-03-31;1169312;Investimento no Exterior;0;0;9246221;;2026-06-29
CLASSES FIIM;65.602.949/0001-07;BUENA VISTA DEX VETTAFI NEOS BOOSTED BITCOIN HICH INCOME FUNDO DE ÍNDICE DE RESPONSABILIDADE LIMITAD;2026-03-31;1169313;Investimento no Exterior;0;9992083;10124863;;2026-06-29
