TP_FUNDO;CNPJ_FUNDO;DENOM_SOCIAL;DT_COMPTC;ID_DOC;VL_PATRIM_LIQ;TP_APLIC;TP_ATIVO;EMISSOR_LIGADO;TP_NEGOC;QT_VENDA_NEGOC;VL_VENDA_NEGOC;QT_AQUIS_NEGOC;VL_AQUIS_NEGOC;QT_POS_FINAL;VL_MERC_POS_FINAL;VL_CUSTO_POS_FINAL;DT_CONFID_APLIC;CD_ATIVO;DS_ATIVO;DT_VENC;PF_PJ_EMISSOR;CPF_CNPJ_EMISSOR;EMISSOR;RISCO_EMISSOR;CD_SELIC;DT_INI_VIGENCIA;CD_PAIS;PAIS;CD_BV_MERC;BV_MERC
FIIM;06.323.688/0001-27;IT NOW PIBB IBRX-50 - FUNDO DE ÍNDICE;2023-06-30;487649;1390135836.88;AÇÕES;Ação ordinária;N;Para negociação;23127.00;299838.20;5500.00;73320.00;523315.00;7195581.25;;;ASAI3;;;;;;;;2021-03-01;;;;
FIIM;06.323.688/0001-27;IT NOW PIBB IBRX-50 - FUNDO DE ÍNDICE;2023-06-30;487649;1390135836.88;AÇÕES;Ação ordinária;N;Para negociação;6523.00;49078.56;1500.00;10830.00;127787.00;840838.46;;;PETZ3;;;;;;;;2020-09-11;;;;
FIIM;06.323.688/0001-27;IT NOW PIBB IBRX-50 - FUNDO DE ÍNDICE;2023-06-30;487649;1390135836.88;AÇÕES;Ação ordinária;N;Para negociação;16298.00;563973.70;3900.00;141384.00;382793.00;14193964.44;;;PRIO3;;;;;;;;2015-06-26;;;;
FIIM;06.323.688/0001-27;IT NOW PIBB IBRX-50 - FUNDO DE ÍNDICE;2023-06-30;487649;1390135836.88;AÇÕES;Ação ordinária;N;Para negociação;39208.00;1505485.84;9400.00;367839.00;1213784.00;48247914.00;;;ELET3;;;;;;;;1983-09-01;;;;
FIIM;06.323.688/0001-27;IT NOW PIBB IBRX-50 - FUNDO DE ÍNDICE;2023-06-30;487649;1390135836.88;AÇÕES;Ação ordinária;N;Para negociação;11451.00;150132.32;2800.00;37214.00;224494.00;2723112.22;;;CSNA3;;;;;;;;1993-08-02;;;;
FIIM;06.323.688/0001-27;IT NOW PIBB IBRX-50 - FUNDO DE ÍNDICE;2023-06-30;487649;1390135836.88;AÇÕES;Ação ordinária;N;Para negociação;86382.00;5824852.62;20800.00;1433293.00;3072181.00;197295463.82;;;VALE3;;;;;;;;1982-02-15;;;;
FIIM;06.323.688/0001-27;IT NOW PIBB IBRX-50 - FUNDO DE ÍNDICE;2023-06-30;487649;1390135836.88;AÇÕES;Ação ordinária;N;Para negociação;23605.00;538099.40;5700.00;124972.00;754924.00;16759312.80;;;RAIL3;;;;;;;;2017-03-13;;;;
FIIM;06.323.688/0001-27;IT NOW PIBB IBRX-50 - FUNDO DE ÍNDICE;2023-06-30;487649;1390135836.88;AÇÕES;Ação ordinária;N;Para negociação;30622.00;74583.20;7400.00;18718.00;625518.00;1344863.70;;;VIIA3;;;;;;;;2021-08-16;;;;
FIIM;06.323.688/0001-27;IT NOW PIBB IBRX-50 - FUNDO DE ÍNDICE;2023-06-30;487649;1390135836.88;AÇÕES;Ação ordinária;N;Para negociação;21640.00;378381.32;5200.00;92251.00;811290.00;14643784.50;;;VBBR3;;;;;;;;2021-10-22;;;;
FIIM;06.323.688/0001-27;IT NOW PIBB IBRX-50 - FUNDO DE ÍNDICE;2023-06-30;487649;1390135836.88;AÇÕES;Ação ordinária;N;Para negociação;5678.00;40619.58;1400.00;10098.00;148043.00;1076272.61;;;MRFG3;;;;;;;;2007-06-28;;;;
FIIM;06.323.688/0001-27;IT NOW PIBB IBRX-50 - FUNDO DE ÍNDICE;2023-06-30;487649;1390135836.88;AÇÕES;Ação ordinária;N;Para negociação;21271.00;98225.02;5100.00;23210.00;768989.00;3529659.51;;;CIEL3;;;;;;;;2009-12-18;;;;
FIIM;06.323.688/0001-27;IT NOW PIBB IBRX-50 - FUNDO DE ÍNDICE;2023-06-30;487649;1390135836.88;AÇÕES;Ação ordinária;N;Para negociação;9982.00;295538.46;2400.00;71679.00;248541.00;7451259.18;;;TOTS3;;;;;;;;2006-03-09;;;;
FIIM;06.323.688/0001-27;IT NOW PIBB IBRX-50 - FUNDO DE ÍNDICE;2023-06-30;487649;1390135836.88;AÇÕES;Ação ordinária;N;Para negociação;22037.00;392085.46;5300.00;96228.00;489387.00;8544697.02;;;JBSS3;;;;;;;;2007-03-29;;;;
FIIM;06.323.688/0001-27;IT NOW PIBB IBRX-50 - FUNDO DE ÍNDICE;2023-06-30;487649;1390135836.88;AÇÕES;Ação ordinária;N;Para negociação;24154.00;685898.17;5800.00;165634.00;505904.00;14974758.40;;;RADL3;;;;;;;;2011-12-19;;;;
FIIM;06.323.688/0001-27;IT NOW PIBB IBRX-50 - FUNDO DE ÍNDICE;2023-06-30;487649;1390135836.88;AÇÕES;Ação ordinária;N;Para negociação;20902.00;183137.92;5100.00;46469.00;409836.00;3651638.76;;;BRFS3;;;;;;;;2009-12-10;;;;
FIIM;06.323.688/0001-27;IT NOW PIBB IBRX-50 - FUNDO DE ÍNDICE;2023-06-30;487649;1390135836.88;AÇÕES;Ação ordinária;N;Para negociação;27587.00;1285222.50;6600.00;328517.00;748562.00;36978962.80;;;BBAS3;;;;;;;;1973-05-31;;;;
FIIM;06.323.688/0001-27;IT NOW PIBB IBRX-50 - FUNDO DE ÍNDICE;2023-06-30;487649;1390135836.88;AÇÕES;Ação ordinária;N;Para negociação;18460.00;393937.54;4400.00;89947.00;377783.00;7555660.00;;;LREN3;;;;;;;;1973-07-24;;;;
FIIM;06.323.688/0001-27;IT NOW PIBB IBRX-50 - FUNDO DE ÍNDICE;2023-06-30;487649;1390135836.88;AÇÕES;Ação ordinária;N;Para negociação;19388.00;276316.04;4600.00;64736.00;389612.00;5474048.60;;;CCRO3;;;;;;;;2002-02-01;;;;
FIIM;06.323.688/0001-27;IT NOW PIBB IBRX-50 - FUNDO DE ÍNDICE;2023-06-30;487649;1390135836.88;AÇÕES;Ação ordinária;N;Para negociação;5324.00;103272.63;1300.00;24962.00;104709.00;2107792.17;;;CYRE3;;;;;;;;1996-05-27;;;;
FIIM;06.323.688/0001-27;IT NOW PIBB IBRX-50 - FUNDO DE ÍNDICE;2023-06-30;487649;1390135836.88;AÇÕES;Ação ordinária;N;Para negociação;6604.00;356290.35;1600.00;86602.00;129801.00;7342842.57;;;SBSP3;;;;;;;;1997-03-11;;;;
FIIM;06.323.688/0001-27;IT NOW PIBB IBRX-50 - FUNDO DE ÍNDICE;2023-06-30;487649;1390135836.88;AÇÕES;Ação ordinária;N;Para negociação;5054.00;54195.41;1200.00;13378.00;98828.00;1050541.64;;;BEEF3;;;;;;;;2007-07-20;;;;
FIIM;06.323.688/0001-27;IT NOW PIBB IBRX-50 - FUNDO DE ÍNDICE;2023-06-30;487649;1390135836.88;AÇÕES;Ação ordinária;N;Para negociação;55813.00;219881.76;13400.00;49534.00;1151589.00;3880854.93;;;MGLU3;;;;;;;;2011-05-02;;;;
FIIM;06.323.688/0001-27;IT NOW PIBB IBRX-50 - FUNDO DE ÍNDICE;2023-06-30;487649;1390135836.88;AÇÕES;Ação ordinária;N;Para negociação;22068.00;648662.90;5000.00;152160.00;738480.00;23742132.00;;;EQTL3;;;;;;;;2006-04-03;;;;
FIIM;06.323.688/0001-27;IT NOW PIBB IBRX-50 - FUNDO DE ÍNDICE;2023-06-30;487649;1390135836.88;AÇÕES;Ação ordinária;N;Para negociação;13045.00;403156.27;3100.00;94537.00;411625.00;12665701.25;;;BBSE3;;;;;;;;2013-04-29;;;;
FIIM;06.323.688/0001-27;IT NOW PIBB IBRX-50 - FUNDO DE ÍNDICE;2023-06-30;487649;1390135836.88;AÇÕES;Ação ordinária;N;Para negociação;21269.00;678195.00;5200.00;172392.00;550018.00;18106592.56;;;RDOR3;;;;;;;;2020-12-10;;;;
FIIM;06.323.688/0001-27;IT NOW PIBB IBRX-50 - FUNDO DE ÍNDICE;2023-06-30;487649;1390135836.88;AÇÕES;Ação ordinária;N;Para negociação;16289.00;254663.49;3900.00;63835.00;335204.00;5611314.96;;;NTCO3;;;;;;;;2019-12-18;;;;
FIIM;06.323.688/0001-27;IT NOW PIBB IBRX-50 - FUNDO DE ÍNDICE;2023-06-30;487649;1390135836.88;AÇÕES;Ação ordinária;N;Para negociação;16619.00;1127454.16;5501.00;337302.41;295805.00;20262642.50;;;RENT3;;;;;;;;2005-05-23;;;;
FIIM;06.323.688/0001-27;IT NOW PIBB IBRX-50 - FUNDO DE ÍNDICE;2023-06-30;487649;1390135836.88;AÇÕES;Ação ordinária;N;Para negociação;22740.00;392480.36;5500.00;97114.00;570396.00;10187272.56;;;CSAN3;;;;;;;;2005-11-18;;;;
FIIM;06.323.688/0001-27;IT NOW PIBB IBRX-50 - FUNDO DE ÍNDICE;2023-06-30;487649;1390135836.88;AÇÕES;Ação ordinária;N;Para negociação;71884.00;2299557.00;17300.00;582012.00;2364924.00;78278984.40;;;PETR3;;;;;;;;1973-09-18;;;;
FIIM;06.323.688/0001-27;IT NOW PIBB IBRX-50 - FUNDO DE ÍNDICE;2023-06-30;487649;1390135836.88;AÇÕES;Ação ordinária;N;Para negociação;30641.00;358500.34;7400.00;89769.00;707407.00;8679883.89;;;ENEV3;;;;;;;;2013-10-22;;;;
FIIM;06.323.688/0001-27;IT NOW PIBB IBRX-50 - FUNDO DE ÍNDICE;2023-06-30;487649;1390135836.88;AÇÕES;Ação ordinária;N;Para negociação;4659.00;150920.79;21938.00;544274.10;89545.00;2672918.25;;;RRRP3;;;;;;;;2020-11-12;;;;
FIIM;06.323.688/0001-27;IT NOW PIBB IBRX-50 - FUNDO DE ÍNDICE;2023-06-30;487649;1390135836.88;AÇÕES;Ação ordinária;N;Para negociação;14262.00;275368.62;3400.00;69550.00;390832.00;7246025.28;;;EMBR3;;;;;;;;1989-08-28;;;;
FIIM;06.323.688/0001-27;IT NOW PIBB IBRX-50 - FUNDO DE ÍNDICE;2023-06-30;487649;1390135836.88;AÇÕES;Ação ordinária;N;Para negociação;14117.00;660568.42;3400.00;163486.00;446714.00;19753693.08;;;SUZB3;;;;;;;;2004-08-05;;;;
FIIM;06.323.688/0001-27;IT NOW PIBB IBRX-50 - FUNDO DE ÍNDICE;2023-06-30;487649;1390135836.88;AÇÕES;Ação ordinária;N;Para negociação;5181.00;138224.59;1300.00;34729.00;101639.00;2812351.13;;;MULT3;;;;;;;;2007-07-27;;;;
FIIM;06.323.688/0001-27;IT NOW PIBB IBRX-50 - FUNDO DE ÍNDICE;2023-06-30;487649;1390135836.88;AÇÕES;Ação ordinária;N;Para negociação;85183.00;1272593.15;20500.00;310448.00;1780178.00;27432542.98;;;ABEV3;;;;;;;;2013-11-11;;;;
FIIM;06.323.688/0001-27;IT NOW PIBB IBRX-50 - FUNDO DE ÍNDICE;2023-06-30;487649;1390135836.88;AÇÕES;Ação ordinária;N;Para negociação;83965.00;361975.66;20200.00;87414.00;2398649.00;10506082.62;;;HAPV3;;;;;;;;2018-04-25;;;;
FIIM;06.323.688/0001-27;IT NOW PIBB IBRX-50 - FUNDO DE ÍNDICE;2023-06-30;487649;1390135836.88;AÇÕES;Ação ordinária;N;Para negociação;28768.00;1091698.90;6900.00;261647.00;1076681.00;40644707.75;;;WEGE3;;;;;;;;2004-08-02;;;;
FIIM;06.323.688/0001-27;IT NOW PIBB IBRX-50 - FUNDO DE ÍNDICE;2023-06-30;487649;1390135836.88;AÇÕES;Ação ordinária;N;Para negociação;111329.00;1607686.49;26700.00;391380.00;3394090.00;49587654.90;;;B3SA3;;;;;;;;2018-03-26;;;;
FIIM;06.323.688/0001-27;IT NOW PIBB IBRX-50 - FUNDO DE ÍNDICE;2023-06-30;487649;1390135836.88;AÇÕES;Ação ordinária;N;Para negociação;7784.00;345324.48;1900.00;86208.00;245938.00;11315607.38;;;HYPE3;;;;;;;;2008-04-18;;;;
FIIM;06.323.688/0001-27;IT NOW PIBB IBRX-50 - FUNDO DE ÍNDICE;2023-06-30;487649;1390135836.88;AÇÕES;Ação preferencial;N;Para negociação;5351.00;229498.51;1300.00;57448.00;113893.00;5070516.36;;;ELET6;;;;;;;;1974-11-13;;;;
FIIM;06.323.688/0001-27;IT NOW PIBB IBRX-50 - FUNDO DE ÍNDICE;2023-06-30;487649;1390135836.88;AÇÕES;Ação preferencial;S;Para negociação;101616.00;933460.78;24400.00;236579.00;3735419.00;36009439.16;;;ITSA4;;;;;;;;1973-09-17;;;;
FIIM;06.323.688/0001-27;IT NOW PIBB IBRX-50 - FUNDO DE ÍNDICE;2023-06-30;487649;1390135836.88;AÇÕES;Ação preferencial;N;Para negociação;88670.00;2548133.02;21300.00;634761.12;2525765.00;74585840.45;;;PETR4;;;;;;;;1973-09-18;;;;
FIIM;06.323.688/0001-27;IT NOW PIBB IBRX-50 - FUNDO DE ÍNDICE;2023-06-30;487649;1390135836.88;AÇÕES;Ação preferencial;N;Para negociação;21226.00;531336.76;5100.00;132270.00;417325.00;10462337.75;;;GGBR4;;;;;;;;2001-02-01;;;;
FIIM;06.323.688/0001-27;IT NOW PIBB IBRX-50 - FUNDO DE ÍNDICE;2023-06-30;487649;1390135836.88;AÇÕES;Ação preferencial;N;Para negociação;28001.00;343889.45;6700.00;84010.00;759313.00;9764765.18;;;CMIG4;;;;;;;;1973-08-20;;;;
FIIM;06.323.688/0001-27;IT NOW PIBB IBRX-50 - FUNDO DE ÍNDICE;2023-06-30;487649;1390135836.88;AÇÕES;Ação preferencial;N;Para negociação;6361.00;128499.13;1500.00;31387.00;170635.00;3730081.10;;;AZUL4;;;;;;;;2017-04-11;;;;
FIIM;06.323.688/0001-27;IT NOW PIBB IBRX-50 - FUNDO DE ÍNDICE;2023-06-30;487649;1390135836.88;AÇÕES;Ação preferencial;N;Para negociação;99940.00;1661797.85;24000.00;407914.00;2139580.00;35196091.00;;;BBDC4;;;;;;;;1973-12-06;;;;
FIIM;06.323.688/0001-27;IT NOW PIBB IBRX-50 - FUNDO DE ÍNDICE;2023-06-30;487649;1390135836.88;AÇÕES;Ação preferencial;S;Para negociação;93238.00;2565616.08;22400.00;644340.00;3414433.00;97038185.86;;;ITUB4;;;;;;;;2009-05-20;;;;
FIIM;06.323.688/0001-27;IT NOW PIBB IBRX-50 - FUNDO DE ÍNDICE;2023-06-30;487649;1390135836.88;AÇÕES;Ação preferencial;N;Para negociação;10000.00;73620.80;2400.00;17709.00;196091.00;1386363.37;;;USIM5;;;;;;;;1999-02-02;;;;
FIIM;06.323.688/0001-27;IT NOW PIBB IBRX-50 - FUNDO DE ÍNDICE;2023-06-30;487649;1390135836.88;TÍTULOS PÚBLICOS;;;Para negociação;0.00;0.00;0.00;0.00;32.00;430066.97;;;;;2025-09-01;;;;;210100;;;;;
FIIM;06.323.688/0001-27;IT NOW PIBB IBRX-50 - FUNDO DE ÍNDICE;2023-06-30;487649;1390135836.88;TÍTULOS PÚBLICOS;;;Para negociação;0.00;0.00;0.00;0.00;16.00;215067.51;;;;;2025-03-01;;;;;210100;;;;;
FIIM;06.323.688/0001-27;IT NOW PIBB IBRX-50 - FUNDO DE ÍNDICE;2023-06-30;487649;1390135836.88;TÍTULOS PÚBLICOS;;;Para negociação;0.00;0.00;0.00;0.00;30.00;403287.11;;;;;2024-03-01;;;;;210100;;;;;
FIIM;06.323.688/0001-27;IT NOW PIBB IBRX-50 - FUNDO DE ÍNDICE;2023-06-30;487649;1390135836.88;TÍTULOS PÚBLICOS;;;Para negociação;0.00;0.00;0.00;0.00;36.00;483944.28;;;;;2024-09-01;;;;;210100;;;;;
FIIM;06.323.688/0001-27;IT NOW PIBB IBRX-50 - FUNDO DE ÍNDICE;2023-06-30;487649;1390135836.88;TÍTULOS PÚBLICOS;;;Para negociação;0.00;0.00;0.00;0.00;42.00;563617.33;;;;;2026-03-01;;;;;210100;;;;;
FIIM;06.323.688/0001-27;IT NOW PIBB IBRX-50 - FUNDO DE ÍNDICE;2023-06-30;487649;1390135836.88;DISPONIBILIDADES;Outros;;Para negociação;;;;;;86643.96;;;;DISPONIBILIDADES;;;;;;;;;;;
FIIM;06.323.688/0001-27;IT NOW PIBB IBRX-50 - FUNDO DE ÍNDICE;2023-06-30;487649;1390135836.88;VALORES A PAGAR;Outros;;Para negociação;;;;;;3213335.03;;;;VALORES A PAGAR;;;;;;;;;;;
FIIM;06.323.688/0001-27;IT NOW PIBB IBRX-50 - FUNDO DE ÍNDICE;2023-06-30;487649;1390135836.88;VALORES A RECEBER;Outros;;Para negociação;;;;;;24039387.32;;;;VALORES A RECEBER;;;;;;;;;;;
FIIM;06.323.688/0001-27;IT NOW PIBB IBRX-50 - FUNDO DE ÍNDICE;2023-06-30;487649;1390135836.88;MERCADO FUTURO - POSIÇÕES COMPRADAS;Contrato Futuro;;Para negociação;0.00;0.00;0.00;0.00;151.00;-144960.00;;;;FUTURO IBRX50 - FUT BRI;;;;;;;;;;;
FIIM;06.323.688/0001-27;IT NOW PIBB IBRX-50 - FUNDO DE ÍNDICE;2023-06-30;487649;1390135836.88;AÇÕES E OUTROS TVM CEDIDOS EM EMPRÉSTIMO;Ação ordinária;N;Para negociação;;;;;66087.00;480452.49;;;MRFG3;;;;;;;;2007-06-28;;;;
FIIM;06.323.688/0001-27;IT NOW PIBB IBRX-50 - FUNDO DE ÍNDICE;2023-06-30;487649;1390135836.88;AÇÕES E OUTROS TVM CEDIDOS EM EMPRÉSTIMO;Ação ordinária;N;Para negociação;;;;;95935.00;1931171.55;;;CYRE3;;;;;;;;1996-05-27;;;;
FIIM;06.323.688/0001-27;IT NOW PIBB IBRX-50 - FUNDO DE ÍNDICE;2023-06-30;487649;1390135836.88;AÇÕES E OUTROS TVM CEDIDOS EM EMPRÉSTIMO;Ação ordinária;N;Para negociação;;;;;528490.00;1136253.50;;;VIIA3;;;;;;;;2021-08-16;;;;
FIIM;06.323.688/0001-27;IT NOW PIBB IBRX-50 - FUNDO DE ÍNDICE;2023-06-30;487649;1390135836.88;AÇÕES E OUTROS TVM CEDIDOS EM EMPRÉSTIMO;Ação ordinária;N;Para negociação;;;;;91637.00;974101.31;;;BEEF3;;;;;;;;2007-07-20;;;;
FIIM;06.323.688/0001-27;IT NOW PIBB IBRX-50 - FUNDO DE ÍNDICE;2023-06-30;487649;1390135836.88;AÇÕES E OUTROS TVM CEDIDOS EM EMPRÉSTIMO;Ação ordinária;N;Para negociação;;;;;32563.00;149464.17;;;CIEL3;;;;;;;;2009-12-18;;;;
FIIM;06.323.688/0001-27;IT NOW PIBB IBRX-50 - FUNDO DE ÍNDICE;2023-06-30;487649;1390135836.88;AÇÕES E OUTROS TVM CEDIDOS EM EMPRÉSTIMO;Ação ordinária;N;Para negociação;;;;;286550.00;5117783.00;;;CSAN3;;;;;;;;2005-11-18;;;;
FIIM;06.323.688/0001-27;IT NOW PIBB IBRX-50 - FUNDO DE ÍNDICE;2023-06-30;487649;1390135836.88;AÇÕES E OUTROS TVM CEDIDOS EM EMPRÉSTIMO;Ação ordinária;N;Para negociação;;;;;4247.00;76658.35;;;VBBR3;;;;;;;;2021-10-22;;;;
FIIM;06.323.688/0001-27;IT NOW PIBB IBRX-50 - FUNDO DE ÍNDICE;2023-06-30;487649;1390135836.88;AÇÕES E OUTROS TVM CEDIDOS EM EMPRÉSTIMO;Ação ordinária;N;Para negociação;;;;;278686.00;4665203.64;;;NTCO3;;;;;;;;2019-12-18;;;;
FIIM;06.323.688/0001-27;IT NOW PIBB IBRX-50 - FUNDO DE ÍNDICE;2023-06-30;487649;1390135836.88;AÇÕES E OUTROS TVM CEDIDOS EM EMPRÉSTIMO;Ação ordinária;N;Para negociação;;;;;231263.00;8575232.04;;;PRIO3;;;;;;;;2015-06-26;;;;
FIIM;06.323.688/0001-27;IT NOW PIBB IBRX-50 - FUNDO DE ÍNDICE;2023-06-30;487649;1390135836.88;AÇÕES E OUTROS TVM CEDIDOS EM EMPRÉSTIMO;Ação ordinária;N;Para negociação;;;;;7490.00;282747.50;;;WEGE3;;;;;;;;2004-08-02;;;;
FIIM;06.323.688/0001-27;IT NOW PIBB IBRX-50 - FUNDO DE ÍNDICE;2023-06-30;487649;1390135836.88;AÇÕES E OUTROS TVM CEDIDOS EM EMPRÉSTIMO;Ação ordinária;N;Para negociação;;;;;343838.00;11381037.80;;;PETR3;;;;;;;;1973-09-18;;;;
FIIM;06.323.688/0001-27;IT NOW PIBB IBRX-50 - FUNDO DE ÍNDICE;2023-06-30;487649;1390135836.88;AÇÕES E OUTROS TVM CEDIDOS EM EMPRÉSTIMO;Ação ordinária;N;Para negociação;;;;;951628.00;3206986.36;;;MGLU3;;;;;;;;2011-05-02;;;;
FIIM;06.323.688/0001-27;IT NOW PIBB IBRX-50 - FUNDO DE ÍNDICE;2023-06-30;487649;1390135836.88;AÇÕES E OUTROS TVM CEDIDOS EM EMPRÉSTIMO;Ação ordinária;N;Para negociação;;;;;47421.00;2181840.21;;;HYPE3;;;;;;;;2008-04-18;;;;
FIIM;06.323.688/0001-27;IT NOW PIBB IBRX-50 - FUNDO DE ÍNDICE;2023-06-30;487649;1390135836.88;AÇÕES E OUTROS TVM CEDIDOS EM EMPRÉSTIMO;Ação ordinária;N;Para negociação;;;;;251419.00;8276713.48;;;RDOR3;;;;;;;;2020-12-10;;;;
FIIM;06.323.688/0001-27;IT NOW PIBB IBRX-50 - FUNDO DE ÍNDICE;2023-06-30;487649;1390135836.88;AÇÕES E OUTROS TVM CEDIDOS EM EMPRÉSTIMO;Ação ordinária;N;Para negociação;;;;;82177.00;2452983.45;;;RRRP3;;;;;;;;2020-11-12;;;;
FIIM;06.323.688/0001-27;IT NOW PIBB IBRX-50 - FUNDO DE ÍNDICE;2023-06-30;487649;1390135836.88;AÇÕES E OUTROS TVM CEDIDOS EM EMPRÉSTIMO;Ação ordinária;N;Para negociação;;;;;341116.00;5955885.36;;;JBSS3;;;;;;;;2007-03-29;;;;
FIIM;06.323.688/0001-27;IT NOW PIBB IBRX-50 - FUNDO DE ÍNDICE;2023-06-30;487649;1390135836.88;AÇÕES E OUTROS TVM CEDIDOS EM EMPRÉSTIMO;Ação ordinária;N;Para negociação;;;;;1429753.00;22032493.73;;;ABEV3;;;;;;;;2013-11-11;;;;
FIIM;06.323.688/0001-27;IT NOW PIBB IBRX-50 - FUNDO DE ÍNDICE;2023-06-30;487649;1390135836.88;AÇÕES E OUTROS TVM CEDIDOS EM EMPRÉSTIMO;Ação ordinária;N;Para negociação;;;;;404341.00;11968493.60;;;RADL3;;;;;;;;2011-12-19;;;;
FIIM;06.323.688/0001-27;IT NOW PIBB IBRX-50 - FUNDO DE ÍNDICE;2023-06-30;487649;1390135836.88;AÇÕES E OUTROS TVM CEDIDOS EM EMPRÉSTIMO;Ação ordinária;N;Para negociação;;;;;127515.00;3822899.70;;;TOTS3;;;;;;;;2006-03-09;;;;
FIIM;06.323.688/0001-27;IT NOW PIBB IBRX-50 - FUNDO DE ÍNDICE;2023-06-30;487649;1390135836.88;AÇÕES E OUTROS TVM CEDIDOS EM EMPRÉSTIMO;Ação ordinária;N;Para negociação;;;;;348054.00;4785742.50;;;ASAI3;;;;;;;;2021-03-01;;;;
FIIM;06.323.688/0001-27;IT NOW PIBB IBRX-50 - FUNDO DE ÍNDICE;2023-06-30;487649;1390135836.88;AÇÕES E OUTROS TVM CEDIDOS EM EMPRÉSTIMO;Ação ordinária;N;Para negociação;;;;;93728.00;2593453.76;;;MULT3;;;;;;;;2007-07-27;;;;
FIIM;06.323.688/0001-27;IT NOW PIBB IBRX-50 - FUNDO DE ÍNDICE;2023-06-30;487649;1390135836.88;AÇÕES E OUTROS TVM CEDIDOS EM EMPRÉSTIMO;Ação ordinária;N;Para negociação;;;;;207039.00;2511383.07;;;CSNA3;;;;;;;;1993-08-02;;;;
FIIM;06.323.688/0001-27;IT NOW PIBB IBRX-50 - FUNDO DE ÍNDICE;2023-06-30;487649;1390135836.88;AÇÕES E OUTROS TVM CEDIDOS EM EMPRÉSTIMO;Ação ordinária;N;Para negociação;;;;;291054.00;14378067.60;;;BBAS3;;;;;;;;1973-05-31;;;;
FIIM;06.323.688/0001-27;IT NOW PIBB IBRX-50 - FUNDO DE ÍNDICE;2023-06-30;487649;1390135836.88;AÇÕES E OUTROS TVM CEDIDOS EM EMPRÉSTIMO;Ação ordinária;N;Para negociação;;;;;340971.00;4790642.55;;;CCRO3;;;;;;;;2002-02-01;;;;
FIIM;06.323.688/0001-27;IT NOW PIBB IBRX-50 - FUNDO DE ÍNDICE;2023-06-30;487649;1390135836.88;AÇÕES E OUTROS TVM CEDIDOS EM EMPRÉSTIMO;Ação ordinária;N;Para negociação;;;;;270209.00;18509316.50;;;RENT3;;;;;;;;2005-05-23;;;;
FIIM;06.323.688/0001-27;IT NOW PIBB IBRX-50 - FUNDO DE ÍNDICE;2023-06-30;487649;1390135836.88;AÇÕES E OUTROS TVM CEDIDOS EM EMPRÉSTIMO;Ação ordinária;N;Para negociação;;;;;119005.00;6732112.85;;;SBSP3;;;;;;;;1997-03-11;;;;
FIIM;06.323.688/0001-27;IT NOW PIBB IBRX-50 - FUNDO DE ÍNDICE;2023-06-30;487649;1390135836.88;AÇÕES E OUTROS TVM CEDIDOS EM EMPRÉSTIMO;Ação ordinária;N;Para negociação;;;;;85188.00;3767013.36;;;SUZB3;;;;;;;;2004-08-05;;;;
FIIM;06.323.688/0001-27;IT NOW PIBB IBRX-50 - FUNDO DE ÍNDICE;2023-06-30;487649;1390135836.88;AÇÕES E OUTROS TVM CEDIDOS EM EMPRÉSTIMO;Ação ordinária;N;Para negociação;;;;;377935.00;3367400.85;;;BRFS3;;;;;;;;2009-12-10;;;;
FIIM;06.323.688/0001-27;IT NOW PIBB IBRX-50 - FUNDO DE ÍNDICE;2023-06-30;487649;1390135836.88;AÇÕES E OUTROS TVM CEDIDOS EM EMPRÉSTIMO;Ação ordinária;N;Para negociação;;;;;79866.00;2457476.82;;;BBSE3;;;;;;;;2013-04-29;;;;
FIIM;06.323.688/0001-27;IT NOW PIBB IBRX-50 - FUNDO DE ÍNDICE;2023-06-30;487649;1390135836.88;AÇÕES E OUTROS TVM CEDIDOS EM EMPRÉSTIMO;Ação ordinária;N;Para negociação;;;;;117956.00;776150.48;;;PETZ3;;;;;;;;2020-09-11;;;;
FIIM;06.323.688/0001-27;IT NOW PIBB IBRX-50 - FUNDO DE ÍNDICE;2023-06-30;487649;1390135836.88;AÇÕES E OUTROS TVM CEDIDOS EM EMPRÉSTIMO;Ação ordinária;N;Para negociação;;;;;65397.00;2102513.55;;;EQTL3;;;;;;;;2006-04-03;;;;
FIIM;06.323.688/0001-27;IT NOW PIBB IBRX-50 - FUNDO DE ÍNDICE;2023-06-30;487649;1390135836.88;AÇÕES E OUTROS TVM CEDIDOS EM EMPRÉSTIMO;Ação ordinária;N;Para negociação;;;;;146741.00;2720578.14;;;EMBR3;;;;;;;;1989-08-28;;;;
FIIM;06.323.688/0001-27;IT NOW PIBB IBRX-50 - FUNDO DE ÍNDICE;2023-06-30;487649;1390135836.88;AÇÕES E OUTROS TVM CEDIDOS EM EMPRÉSTIMO;Ação ordinária;N;Para negociação;;;;;447241.00;5487647.07;;;ENEV3;;;;;;;;2013-10-22;;;;
FIIM;06.323.688/0001-27;IT NOW PIBB IBRX-50 - FUNDO DE ÍNDICE;2023-06-30;487649;1390135836.88;AÇÕES E OUTROS TVM CEDIDOS EM EMPRÉSTIMO;Ação ordinária;N;Para negociação;;;;;765473.00;3352771.74;;;HAPV3;;;;;;;;2018-04-25;;;;
FIIM;06.323.688/0001-27;IT NOW PIBB IBRX-50 - FUNDO DE ÍNDICE;2023-06-30;487649;1390135836.88;AÇÕES E OUTROS TVM CEDIDOS EM EMPRÉSTIMO;Ação ordinária;N;Para negociação;;;;;134620.00;2988564.00;;;RAIL3;;;;;;;;2017-03-13;;;;
FIIM;06.323.688/0001-27;IT NOW PIBB IBRX-50 - FUNDO DE ÍNDICE;2023-06-30;487649;1390135836.88;AÇÕES E OUTROS TVM CEDIDOS EM EMPRÉSTIMO;Ação ordinária;N;Para negociação;;;;;263618.00;10478815.50;;;ELET3;;;;;;;;1983-09-01;;;;
FIIM;06.323.688/0001-27;IT NOW PIBB IBRX-50 - FUNDO DE ÍNDICE;2023-06-30;487649;1390135836.88;AÇÕES E OUTROS TVM CEDIDOS EM EMPRÉSTIMO;Ação ordinária;N;Para negociação;;;;;801317.00;11707241.37;;;B3SA3;;;;;;;;2018-03-26;;;;
FIIM;06.323.688/0001-27;IT NOW PIBB IBRX-50 - FUNDO DE ÍNDICE;2023-06-30;487649;1390135836.88;AÇÕES E OUTROS TVM CEDIDOS EM EMPRÉSTIMO;Ação ordinária;N;Para negociação;;;;;52.00;1671.80;;;EQTL9;;;;;;;;2023-06-12;;;;
FIIM;06.323.688/0001-27;IT NOW PIBB IBRX-50 - FUNDO DE ÍNDICE;2023-06-30;487649;1390135836.88;AÇÕES E OUTROS TVM CEDIDOS EM EMPRÉSTIMO;Ação ordinária;N;Para negociação;;;;;183100.00;11758682.00;;;VALE3;;;;;;;;1982-02-15;;;;
FIIM;06.323.688/0001-27;IT NOW PIBB IBRX-50 - FUNDO DE ÍNDICE;2023-06-30;487649;1390135836.88;AÇÕES E OUTROS TVM CEDIDOS EM EMPRÉSTIMO;Ação ordinária;N;Para negociação;;;;;317862.00;6357240.00;;;LREN3;;;;;;;;1973-07-24;;;;
FIIM;06.323.688/0001-27;IT NOW PIBB IBRX-50 - FUNDO DE ÍNDICE;2023-06-30;487649;1390135836.88;AÇÕES E OUTROS TVM CEDIDOS EM EMPRÉSTIMO;Ação preferencial;N;Para negociação;;;;;1626476.00;26755530.20;;;BBDC4;;;;;;;;1973-12-06;;;;
FIIM;06.323.688/0001-27;IT NOW PIBB IBRX-50 - FUNDO DE ÍNDICE;2023-06-30;487649;1390135836.88;AÇÕES E OUTROS TVM CEDIDOS EM EMPRÉSTIMO;Ação preferencial;S;Para negociação;;;;;99181.00;2818724.02;;;ITUB4;;;;;;;;2009-05-20;;;;
FIIM;06.323.688/0001-27;IT NOW PIBB IBRX-50 - FUNDO DE ÍNDICE;2023-06-30;487649;1390135836.88;AÇÕES E OUTROS TVM CEDIDOS EM EMPRÉSTIMO;Ação preferencial;N;Para negociação;;;;;180785.00;1278149.95;;;USIM5;;;;;;;;1999-02-02;;;;
FIIM;06.323.688/0001-27;IT NOW PIBB IBRX-50 - FUNDO DE ÍNDICE;2023-06-30;487649;1390135836.88;AÇÕES E OUTROS TVM CEDIDOS EM EMPRÉSTIMO;Ação preferencial;N;Para negociação;;;;;382581.00;9591305.67;;;GGBR4;;;;;;;;2001-02-01;;;;
FIIM;06.323.688/0001-27;IT NOW PIBB IBRX-50 - FUNDO DE ÍNDICE;2023-06-30;487649;1390135836.88;AÇÕES E OUTROS TVM CEDIDOS EM EMPRÉSTIMO;Ação preferencial;N;Para negociação;;;;;87770.00;3907520.40;;;ELET6;;;;;;;;1974-11-13;;;;
FIIM;06.323.688/0001-27;IT NOW PIBB IBRX-50 - FUNDO DE ÍNDICE;2023-06-30;487649;1390135836.88;AÇÕES E OUTROS TVM CEDIDOS EM EMPRÉSTIMO;Ação preferencial;N;Para negociação;;;;;815787.00;24090190.11;;;PETR4;;;;;;;;1973-09-18;;;;
FIIM;06.323.688/0001-27;IT NOW PIBB IBRX-50 - FUNDO DE ÍNDICE;2023-06-30;487649;1390135836.88;AÇÕES E OUTROS TVM CEDIDOS EM EMPRÉSTIMO;Ação preferencial;S;Para negociação;;;;;93888.00;905080.32;;;ITSA4;;;;;;;;1973-09-17;;;;
FIIM;06.323.688/0001-27;IT NOW PIBB IBRX-50 - FUNDO DE ÍNDICE;2023-06-30;487649;1390135836.88;AÇÕES E OUTROS TVM CEDIDOS EM EMPRÉSTIMO;Ação preferencial;N;Para negociação;;;;;69099.00;1510504.14;;;AZUL4;;;;;;;;2017-04-11;;;;
FIIM;06.323.688/0001-27;IT NOW PIBB IBRX-50 - FUNDO DE ÍNDICE;2023-06-30;487649;1390135836.88;AÇÕES E OUTROS TVM CEDIDOS EM EMPRÉSTIMO;Ação preferencial;N;Para negociação;;;;;295957.00;3806007.02;;;CMIG4;;;;;;;;1973-08-20;;;;
FIIM;06.323.688/0001-27;IT NOW PIBB IBRX-50 - FUNDO DE ÍNDICE;2023-06-30;487649;1390135836.88;AÇÕES E OUTROS TVM CEDIDOS EM EMPRÉSTIMO;Certificado de depósito de ações;N;Para negociação;;;;;87294.00;2745396.30;;;BPAC11;;;;;;;;2017-02-16;;;;
FIIM;06.323.688/0001-27;IT NOW PIBB IBRX-50 - FUNDO DE ÍNDICE;2023-06-30;487649;1390135836.88;AÇÕES E OUTROS TVM CEDIDOS EM EMPRÉSTIMO;Certificado de depósito de ações;N;Para negociação;;;;;242496.00;5279137.92;;;KLBN11;;;;;;;;2014-01-10;;;;
FIIM;06.323.688/0001-27;IT NOW PIBB IBRX-50 - FUNDO DE ÍNDICE;2023-06-30;487649;1390135836.88;OPERAÇÕES COMPROMISSADAS;;N;Para negociação;;;;;515.00;6910489.27;;;;;2026-03-01;;;;;210100;;;;;
FIIM;06.323.688/0001-27;IT NOW PIBB IBRX-50 - FUNDO DE ÍNDICE;2023-06-30;487649;1390135836.88;CERTIFICADO OU RECIBO DE DEPÓSITO DE VALORES MOBILIÁRIOS;Certificado de depósito de ações;N;Para negociação;0.00;0.00;0.00;0.00;809483.00;25458240.35;;;BPAC11;;;;;;;;2017-02-16;;;;
FIIM;06.323.688/0001-27;IT NOW PIBB IBRX-50 - FUNDO DE ÍNDICE;2023-06-30;487649;1390135836.88;CERTIFICADO OU RECIBO DE DEPÓSITO DE VALORES MOBILIÁRIOS;Certificado de depósito de ações;N;Para negociação;0.00;0.00;0.00;0.00;271138.00;5902674.26;;;KLBN11;;;;;;;;2014-01-10;;;;
FIIM;06.323.688/0001-27;IT NOW PIBB IBRX-50 - FUNDO DE ÍNDICE;2023-06-30;487649;1390135836.88;OUTROS VALORES MOBILIÁRIOS REGISTRADOS NA CVM OBJETO DE OFERTA PÚBLICA;Recibo de subscrição;N;Para negociação;0.00;0.00;0.00;0.00;12651.00;406729.65;;;EQTL9;;;;;;;;2023-06-12;;;;
FIIM;10.406.511/0001-61;ISHARES IBOVESPA FUNDO DE ÍNDICE;2023-06-30;488192;13663261287.23;AÇÕES;Ação ordinária;N;Para negociação;207982.00;6430612.22;119737.00;3883826.17;1130079.00;38863416.81;;;CPFE3;;;;;;;;2004-09-29;;;;
FIIM;10.406.511/0001-61;ISHARES IBOVESPA FUNDO DE ÍNDICE;2023-06-30;488192;13663261287.23;AÇÕES;Ação ordinária;N;Para negociação;896120.00;12929264.24;516059.00;7589044.74;4263321.00;62329753.02;;;TIMS3;;;;;;;;2020-10-13;;;;
FIIM;10.406.511/0001-61;ISHARES IBOVESPA FUNDO DE ÍNDICE;2023-06-30;488192;13663261287.23;AÇÕES;Ação ordinária;N;Para negociação;543564.00;6057370.56;315121.00;3686885.42;2099101.00;25189212.00;;;SOMA3;;;;;;;;2020-07-31;;;;
FIIM;10.406.511/0001-61;ISHARES IBOVESPA FUNDO DE ÍNDICE;2023-06-30;488192;13663261287.23;AÇÕES;Ação ordinária;N;Para negociação;76590.00;691128.55;38295.00;324101.50;221337.00;1728641.97;;;CASH3;;;;;;;;2020-11-05;;;;
FIIM;10.406.511/0001-61;ISHARES IBOVESPA FUNDO DE ÍNDICE;2023-06-30;488192;13663261287.23;AÇÕES;Ação ordinária;N;Para negociação;282960.00;12403374.95;162979.00;7323970.70;1010215.00;46156723.35;;;EGIE3;;;;;;;;2016-07-21;;;;
FIIM;10.406.511/0001-61;ISHARES IBOVESPA FUNDO DE ÍNDICE;2023-06-30;488192;13663261287.23;AÇÕES;Ação ordinária;N;Para negociação;589954.00;13503875.12;341765.00;8195649.68;2254343.00;55569554.95;;;ALSO3;;;;;;;;2019-08-06;;;;
FIIM;10.406.511/0001-61;ISHARES IBOVESPA FUNDO DE ÍNDICE;2023-06-30;488192;13663261287.23;AÇÕES;Ação ordinária;N;Para negociação;1747136.00;4230369.78;1013336.00;2518262.54;6615615.00;14223572.25;;;VIIA3;;;;;;;;2021-08-16;;;;
FIIM;10.406.511/0001-61;ISHARES IBOVESPA FUNDO DE ÍNDICE;2023-06-30;488192;13663261287.23;AÇÕES;Ação ordinária;N;Para negociação;1297594.00;22331187.78;752484.00;13355632.95;4677481.00;83539810.66;;;CSAN3;;;;;;;;2005-11-18;;;;
FIIM;10.406.511/0001-61;ISHARES IBOVESPA FUNDO DE ÍNDICE;2023-06-30;488192;13663261287.23;AÇÕES;Ação ordinária;N;Para negociação;854120.00;56856416.32;493605.00;33095600.30;4583408.00;313963448.00;;;RENT3;;;;;;;;2005-05-23;;;;
FIIM;10.406.511/0001-61;ISHARES IBOVESPA FUNDO DE ÍNDICE;2023-06-30;488192;13663261287.23;AÇÕES;Ação ordinária;N;Para negociação;468242.00;4089665.52;326379.00;2970103.65;1820369.00;15618766.02;;;LWSA3;;;;;;;;2020-02-06;;;;
FIIM;10.406.511/0001-61;ISHARES IBOVESPA FUNDO DE ÍNDICE;2023-06-30;488192;13663261287.23;AÇÕES;Ação ordinária;N;Para negociação;1258198.00;21977810.32;724559.00;13171978.37;4461200.00;77892552.00;;;JBSS3;;;;;;;;2007-03-29;;;;
FIIM;10.406.511/0001-61;ISHARES IBOVESPA FUNDO DE ÍNDICE;2023-06-30;488192;13663261287.23;AÇÕES;Ação ordinária;N;Para negociação;1314423.00;39142791.95;703120.00;21759249.67;5149492.00;165556167.80;;;EQTL3;;;;;;;;2006-04-03;;;;
FIIM;10.406.511/0001-61;ISHARES IBOVESPA FUNDO DE ÍNDICE;2023-06-30;488192;13663261287.23;AÇÕES;Ação ordinária;N;Para negociação;1106978.00;15674622.98;637536.00;8990958.15;5620843.00;78972844.15;;;CCRO3;;;;;;;;2002-02-01;;;;
FIIM;10.406.511/0001-61;ISHARES IBOVESPA FUNDO DE ÍNDICE;2023-06-30;488192;13663261287.23;AÇÕES;Ação ordinária;N;Para negociação;1320342.00;16665666.37;760512.00;10207135.93;4907633.00;67479953.75;;;ASAI3;;;;;;;;2021-03-01;;;;
FIIM;10.406.511/0001-61;ISHARES IBOVESPA FUNDO DE ÍNDICE;2023-06-30;488192;13663261287.23;AÇÕES;Ação ordinária;N;Para negociação;451662.00;7119026.49;269752.00;4218810.35;2569619.00;41242384.95;;;FLRY3;;;;;;;;2009-12-17;;;;
FIIM;10.406.511/0001-61;ISHARES IBOVESPA FUNDO DE ÍNDICE;2023-06-30;488192;13663261287.23;AÇÕES;Ação ordinária;N;Para negociação;805780.00;37801410.45;463984.00;21680628.53;2836164.00;125415172.08;;;SUZB3;;;;;;;;2004-08-05;;;;
FIIM;10.406.511/0001-61;ISHARES IBOVESPA FUNDO DE ÍNDICE;2023-06-30;488192;13663261287.23;AÇÕES;Ação ordinária;N;Para negociação;236538.00;7580742.10;138392.00;4429468.90;935332.00;27919660.20;;;RRRP3;;;;;;;;2020-11-12;;;;
FIIM;10.406.511/0001-61;ISHARES IBOVESPA FUNDO DE ÍNDICE;2023-06-30;488192;13663261287.23;AÇÕES;Ação ordinária;N;Para negociação;6357644.00;92755036.12;3660028.00;53168504.79;33302346.00;486547275.06;;;B3SA3;;;;;;;;2018-03-26;;;;
FIIM;10.406.511/0001-61;ISHARES IBOVESPA FUNDO DE ÍNDICE;2023-06-30;488192;13663261287.23;AÇÕES;Ação ordinária;N;Para negociação;158672.00;5941319.53;91259.00;3367070.29;666915.00;22775147.25;;;SMTO3;;;;;;;;2007-02-12;;;;
FIIM;10.406.511/0001-61;ISHARES IBOVESPA FUNDO DE ÍNDICE;2023-06-30;488192;13663261287.23;AÇÕES;Ação ordinária;N;Para negociação;468586.00;19928120.32;271750.00;11667912.25;2149578.00;93012240.06;;;VIVT3;;;;;;;;2011-10-06;;;;
FIIM;10.406.511/0001-61;ISHARES IBOVESPA FUNDO DE ÍNDICE;2023-06-30;488192;13663261287.23;AÇÕES;Ação ordinária;N;Para negociação;67112.00;5157779.56;38476.00;2959230.92;325363.00;25726452.41;;;ARZZ3;;;;;;;;2011-02-02;;;;
FIIM;10.406.511/0001-61;ISHARES IBOVESPA FUNDO DE ÍNDICE;2023-06-30;488192;13663261287.23;AÇÕES;Ação ordinária;N;Para negociação;117250.00;4194248.59;67401.00;2498077.49;512742.00;19596999.24;;;SLCE3;;;;;;;;2007-06-15;;;;
FIIM;10.406.511/0001-61;ISHARES IBOVESPA FUNDO DE ÍNDICE;2023-06-30;488192;13663261287.23;AÇÕES;Ação ordinária;N;Para negociação;1234622.00;21402267.98;715859.00;12775800.56;6297907.00;113677221.35;;;VBBR3;;;;;;;;2021-10-22;;;;
FIIM;10.406.511/0001-61;ISHARES IBOVESPA FUNDO DE ÍNDICE;2023-06-30;488192;13663261287.23;AÇÕES;Ação ordinária;N;Para negociação;1397804.00;52679557.38;804455.00;29769176.42;7355442.00;277667935.50;;;WEGE3;;;;;;;;2004-08-02;;;;
FIIM;10.406.511/0001-61;ISHARES IBOVESPA FUNDO DE ÍNDICE;2023-06-30;488192;13663261287.23;AÇÕES;Ação ordinária;N;Para negociação;1290512.00;36532814.43;742409.00;21313002.75;5621944.00;166409542.40;;;RADL3;;;;;;;;2011-12-19;;;;
FIIM;10.406.511/0001-61;ISHARES IBOVESPA FUNDO DE ÍNDICE;2023-06-30;488192;13663261287.23;AÇÕES;Ação ordinária;N;Para negociação;1053942.00;22406622.06;606734.00;13003911.29;3631411.00;72628220.00;;;LREN3;;;;;;;;1973-07-24;;;;
FIIM;10.406.511/0001-61;ISHARES IBOVESPA FUNDO DE ÍNDICE;2023-06-30;488192;13663261287.23;AÇÕES;Ação ordinária;N;Para negociação;330068.00;5471360.76;178386.00;3276610.48;1801254.00;35700854.28;;;YDUQ3;;;;;;;;2019-07-23;;;;
FIIM;10.406.511/0001-61;ISHARES IBOVESPA FUNDO DE ÍNDICE;2023-06-30;488192;13663261287.23;AÇÕES;Ação ordinária;N;Para negociação;2013012.00;6247973.55;1159384.00;3771466.28;8891370.00;28985866.20;;;COGN3;;;;;;;;2019-10-11;;;;
FIIM;10.406.511/0001-61;ISHARES IBOVESPA FUNDO DE ÍNDICE;2023-06-30;488192;13663261287.23;AÇÕES;Ação ordinária;N;Para negociação;4794544.00;20126751.50;2760167.00;11524010.71;17712439.00;77580482.82;;;HAPV3;;;;;;;;2018-04-25;;;;
FIIM;10.406.511/0001-61;ISHARES IBOVESPA FUNDO DE ÍNDICE;2023-06-30;488192;13663261287.23;AÇÕES;Ação ordinária;N;Para negociação;324382.00;2290442.80;186545.00;1389802.27;1179783.00;8577022.41;;;MRFG3;;;;;;;;2007-06-28;;;;
FIIM;10.406.511/0001-61;ISHARES IBOVESPA FUNDO DE ÍNDICE;2023-06-30;488192;13663261287.23;AÇÕES;Ação ordinária;N;Para negociação;305686.00;2698250.72;169866.00;1529599.08;1648113.00;13761743.55;;;DXCO3;;;;;;;;2021-08-19;;;;
FIIM;10.406.511/0001-61;ISHARES IBOVESPA FUNDO DE ÍNDICE;2023-06-30;488192;13663261287.23;AÇÕES;Ação ordinária;N;Para negociação;1205206.00;21553405.18;698773.00;12605799.48;4550087.00;85951143.43;;;UGPA3;;;;;;;;1999-10-13;;;;
FIIM;10.406.511/0001-61;ISHARES IBOVESPA FUNDO DE ÍNDICE;2023-06-30;488192;13663261287.23;AÇÕES;Ação ordinária;N;Para negociação;653754.00;8472067.68;376531.00;4913884.72;2369054.00;28736625.02;;;CSNA3;;;;;;;;1993-08-02;;;;
FIIM;10.406.511/0001-61;ISHARES IBOVESPA FUNDO DE ÍNDICE;2023-06-30;488192;13663261287.23;AÇÕES;Ação ordinária;N;Para negociação;930068.00;14516183.87;535621.00;8888982.35;3353020.00;56129554.80;;;NTCO3;;;;;;;;2019-12-18;;;;
FIIM;10.406.511/0001-61;ISHARES IBOVESPA FUNDO DE ÍNDICE;2023-06-30;488192;13663261287.23;AÇÕES;Ação ordinária;N;Para negociação;174840.00;2982956.76;101063.00;1750098.55;627194.00;11734799.74;;;PCAR3;;;;;;;;1995-10-03;;;;
FIIM;10.406.511/0001-61;ISHARES IBOVESPA FUNDO DE ÍNDICE;2023-06-30;488192;13663261287.23;AÇÕES;Ação ordinária;N;Para negociação;1575128.00;74808524.18;907167.00;45583063.94;6800133.00;335926570.20;;;BBAS3;;;;;;;;1973-05-31;;;;
FIIM;10.406.511/0001-61;ISHARES IBOVESPA FUNDO DE ÍNDICE;2023-06-30;488192;13663261287.23;AÇÕES;Ação ordinária;N;Para negociação;1214292.00;5667426.60;699322.00;3266251.25;4140816.00;19006345.44;;;CIEL3;;;;;;;;2009-12-18;;;;
FIIM;10.406.511/0001-61;ISHARES IBOVESPA FUNDO DE ÍNDICE;2023-06-30;488192;13663261287.23;AÇÕES;Ação ordinária;N;Para negociação;3317164.00;107531544.59;1905615.00;64967332.33;14021243.00;464103143.30;;;PETR3;;;;;;;;1973-09-18;;;;
FIIM;10.406.511/0001-61;ISHARES IBOVESPA FUNDO DE ÍNDICE;2023-06-30;488192;13663261287.23;AÇÕES;Ação ordinária;N;Para negociação;90296.00;3510386.40;50910.00;2006992.07;213621.00;9303194.55;;;IRBR3;;;;;;;;2017-07-31;;;;
FIIM;10.406.511/0001-61;ISHARES IBOVESPA FUNDO DE ÍNDICE;2023-06-30;488192;13663261287.23;AÇÕES;Ação ordinária;N;Para negociação;374432.00;2736933.60;205835.00;1456154.32;1023522.00;6734774.76;;;PETZ3;;;;;;;;2020-09-11;;;;
FIIM;10.406.511/0001-61;ISHARES IBOVESPA FUNDO DE ÍNDICE;2023-06-30;488192;13663261287.23;AÇÕES;Ação ordinária;N;Para negociação;4473126.00;302645984.73;2582815.00;174397051.51;19456817.00;1249516787.74;;;VALE3;;;;;;;;1982-02-15;;;;
FIIM;10.406.511/0001-61;ISHARES IBOVESPA FUNDO DE ÍNDICE;2023-06-30;488192;13663261287.23;AÇÕES;Ação ordinária;N;Para negociação;1193570.00;10523964.78;687484.00;6343117.99;6345480.00;56538226.80;;;BRFS3;;;;;;;;2009-12-10;;;;
FIIM;10.406.511/0001-61;ISHARES IBOVESPA FUNDO DE ÍNDICE;2023-06-30;488192;13663261287.23;AÇÕES;Ação ordinária;N;Para negociação;1663790.00;23638235.82;958215.00;14087910.28;7644603.00;111916987.92;;;BBDC3;;;;;;;;1973-12-06;;;;
FIIM;10.406.511/0001-61;ISHARES IBOVESPA FUNDO DE ÍNDICE;2023-06-30;488192;13663261287.23;AÇÕES;Ação ordinária;N;Para negociação;104002.00;1948192.12;62653.00;1161922.14;245655.00;4524965.10;;;EZTC3;;;;;;;;2007-06-22;;;;
FIIM;10.406.511/0001-61;ISHARES IBOVESPA FUNDO DE ÍNDICE;2023-06-30;488192;13663261287.23;AÇÕES;Ação ordinária;N;Para negociação;272610.00;6374670.58;157949.00;3710292.40;1593741.00;37644162.42;;;ENBR3;;;;;;;;2005-07-13;;;;
FIIM;10.406.511/0001-61;ISHARES IBOVESPA FUNDO DE ÍNDICE;2023-06-30;488192;13663261287.23;AÇÕES;Ação ordinária;N;Para negociação;376590.00;20166034.71;218301.00;11972416.40;2172925.00;122922367.25;;;SBSP3;;;;;;;;1997-03-11;;;;
FIIM;10.406.511/0001-61;ISHARES IBOVESPA FUNDO DE ÍNDICE;2023-06-30;488192;13663261287.23;AÇÕES;Ação ordinária;N;Para negociação;1230482.00;5639639.00;713547.00;3163025.26;2974786.00;12434605.48;;;CMIN3;;;;;;;;2021-05-03;;;;
FIIM;10.406.511/0001-61;ISHARES IBOVESPA FUNDO DE ÍNDICE;2023-06-30;488192;13663261287.23;AÇÕES;Ação ordinária;N;Para negociação;4863748.00;72194710.36;2801393.00;42648976.00;12230793.00;188476520.13;;;ABEV3;;;;;;;;2013-11-11;;;;
FIIM;10.406.511/0001-61;ISHARES IBOVESPA FUNDO DE ÍNDICE;2023-06-30;488192;13663261287.23;AÇÕES;Ação ordinária;N;Para negociação;295794.00;7873139.28;171278.00;4656567.17;1497650.00;41439975.50;;;MULT3;;;;;;;;2007-07-27;;;;
FIIM;10.406.511/0001-61;ISHARES IBOVESPA FUNDO DE ÍNDICE;2023-06-30;488192;13663261287.23;AÇÕES;Ação ordinária;N;Para negociação;1347688.00;30197179.30;776166.00;17211410.23;7864930.00;174601446.00;;;RAIL3;;;;;;;;2017-03-13;;;;
FIIM;10.406.511/0001-61;ISHARES IBOVESPA FUNDO DE ÍNDICE;2023-06-30;488192;13663261287.23;AÇÕES;Ação ordinária;N;Para negociação;1214270.00;38932781.99;698727.00;23028928.08;5375118.00;176948884.56;;;RDOR3;;;;;;;;2021-06-25;;;;
FIIM;10.406.511/0001-61;ISHARES IBOVESPA FUNDO DE ÍNDICE;2023-06-30;488192;13663261287.23;AÇÕES;Ação ordinária;N;Para negociação;2238404.00;84994112.60;1290756.00;50526313.98;8799567.00;349782788.25;;;ELET3;;;;;;;;1983-09-01;;;;
FIIM;10.406.511/0001-61;ISHARES IBOVESPA FUNDO DE ÍNDICE;2023-06-30;488192;13663261287.23;AÇÕES;Ação ordinária;N;Para negociação;814496.00;15928907.56;469133.00;8828931.94;4081775.00;75676108.50;;;EMBR3;;;;;;;;1989-08-28;;;;
FIIM;10.406.511/0001-61;ISHARES IBOVESPA FUNDO DE ÍNDICE;2023-06-30;488192;13663261287.23;AÇÕES;Ação ordinária;N;Para negociação;1749532.00;20762373.19;1007677.00;12071903.35;5673110.00;69609059.70;;;ENEV3;;;;;;;;2013-10-22;;;;
FIIM;10.406.511/0001-61;ISHARES IBOVESPA FUNDO DE ÍNDICE;2023-06-30;488192;13663261287.23;AÇÕES;Ação ordinária;N;Para negociação;744486.00;22931927.61;428697.00;12969566.81;4332563.00;133312963.51;;;BBSE3;;;;;;;;2013-04-29;;;;
FIIM;10.406.511/0001-61;ISHARES IBOVESPA FUNDO DE ÍNDICE;2023-06-30;488192;13663261287.23;AÇÕES;Ação ordinária;N;Para negociação;569646.00;16867031.44;327948.00;9746721.58;3291262.00;98672034.76;;;TOTS3;;;;;;;;2006-03-09;;;;
FIIM;10.406.511/0001-61;ISHARES IBOVESPA FUNDO DE ÍNDICE;2023-06-30;488192;13663261287.23;AÇÕES;Ação ordinária;N;Para negociação;930482.00;32339857.86;535752.00;19478113.32;3356976.00;124476670.08;;;PRIO3;;;;;;;;2015-06-26;;;;
FIIM;10.406.511/0001-61;ISHARES IBOVESPA FUNDO DE ÍNDICE;2023-06-30;488192;13663261287.23;AÇÕES;Ação ordinária;N;Para negociação;3186710.00;12311089.06;1835425.00;6688379.57;16047881.00;54081358.97;;;MGLU3;;;;;;;;2011-05-02;;;;
FIIM;10.406.511/0001-61;ISHARES IBOVESPA FUNDO DE ÍNDICE;2023-06-30;488192;13663261287.23;AÇÕES;Ação ordinária;N;Para negociação;341136.00;3860184.56;170568.00;1935089.84;1249722.00;14459283.54;;;MRVE3;;;;;;;;2007-07-23;;;;
FIIM;10.406.511/0001-61;ISHARES IBOVESPA FUNDO DE ÍNDICE;2023-06-30;488192;13663261287.23;AÇÕES;Ação ordinária;N;Para negociação;304184.00;1279002.72;185277.00;745186.70;1607731.00;5643135.81;;;CVCB3;;;;;;;;2013-12-09;;;;
FIIM;10.406.511/0001-61;ISHARES IBOVESPA FUNDO DE ÍNDICE;2023-06-30;488192;13663261287.23;AÇÕES;Ação ordinária;N;Para negociação;585814.00;6286323.36;339630.00;3780808.78;2099890.00;23518768.00;;;CRFB3;;;;;;;;2017-07-20;;;;
FIIM;10.406.511/0001-61;ISHARES IBOVESPA FUNDO DE ÍNDICE;2023-06-30;488192;13663261287.23;AÇÕES;Ação ordinária;N;Para negociação;288342.00;3095778.00;166945.00;1819645.03;1360752.00;14464793.76;;;BEEF3;;;;;;;;2007-07-20;;;;
FIIM;10.406.511/0001-61;ISHARES IBOVESPA FUNDO DE ÍNDICE;2023-06-30;488192;13663261287.23;AÇÕES;Ação ordinária;N;Para negociação;444116.00;19656381.28;255580.00;11353503.03;1996904.00;91877553.04;;;HYPE3;;;;;;;;2008-04-18;;;;
FIIM;10.406.511/0001-61;ISHARES IBOVESPA FUNDO DE ÍNDICE;2023-06-30;488192;13663261287.23;AÇÕES;Ação ordinária;N;Para negociação;303682.00;5812437.55;174788.00;3385619.15;1240317.00;24967581.21;;;CYRE3;;;;;;;;1996-05-27;;;;
FIIM;10.406.511/0001-61;ISHARES IBOVESPA FUNDO DE ÍNDICE;2023-06-30;488192;13663261287.23;AÇÕES;Ação preferencial;N;Para negociação;293746.00;7748366.77;169076.00;4903650.32;1145880.00;31924216.80;;;BRKM5;;;;;;;;2002-09-02;;;;
FIIM;10.406.511/0001-61;ISHARES IBOVESPA FUNDO DE ÍNDICE;2023-06-30;488192;13663261287.23;AÇÕES;Ação preferencial;N;Para negociação;5320482.00;146854817.56;3085645.00;88223608.67;26624389.00;756665135.38;;;ITUB4;;;;;;;;2009-05-20;;;;
FIIM;10.406.511/0001-61;ISHARES IBOVESPA FUNDO DE ÍNDICE;2023-06-30;488192;13663261287.23;AÇÕES;Ação preferencial;N;Para negociação;1597964.00;19680004.52;926534.00;11714245.02;7547039.00;97054921.54;;;CMIG4;;;;;;;;1973-08-20;;;;
FIIM;10.406.511/0001-61;ISHARES IBOVESPA FUNDO DE ÍNDICE;2023-06-30;488192;13663261287.23;AÇÕES;Ação preferencial;N;Para negociação;5706418.00;94555140.82;3286721.00;55640452.86;20639218.00;339515136.10;;;BBDC4;;;;;;;;1973-12-06;;;;
FIIM;10.406.511/0001-61;ISHARES IBOVESPA FUNDO DE ÍNDICE;2023-06-30;488192;13663261287.23;AÇÕES;Ação preferencial;N;Para negociação;5063428.00;147153620.08;2916369.00;88647327.76;24921335.00;735927022.55;;;PETR4;;;;;;;;1973-09-18;;;;
FIIM;10.406.511/0001-61;ISHARES IBOVESPA FUNDO DE ÍNDICE;2023-06-30;488192;13663261287.23;AÇÕES;Ação preferencial;N;Para negociação;1212200.00;30594849.18;697432.00;17870286.21;5840216.00;146414215.12;;;GGBR4;;;;;;;;2001-02-01;;;;
FIIM;10.406.511/0001-61;ISHARES IBOVESPA FUNDO DE ÍNDICE;2023-06-30;488192;13663261287.23;AÇÕES;Ação preferencial;N;Para negociação;241930.00;2450113.38;139378.00;1610397.85;733430.00;9659273.10;;;GOLL4;;;;;;;;2004-06-24;;;;
FIIM;10.406.511/0001-61;ISHARES IBOVESPA FUNDO DE ÍNDICE;2023-06-30;488192;13663261287.23;AÇÕES;Ação preferencial;N;Para negociação;5556616.00;51497555.44;3220324.00;31136128.42;30722468.00;296164591.52;;;ITSA4;;;;;;;;1973-09-17;;;;
FIIM;10.406.511/0001-61;ISHARES IBOVESPA FUNDO DE ÍNDICE;2023-06-30;488192;13663261287.23;AÇÕES;Ação preferencial;N;Para negociação;570888.00;4200339.98;328734.00;2412923.18;2068672.00;14625511.04;;;USIM5;;;;;;;;1999-02-02;;;;
FIIM;10.406.511/0001-61;ISHARES IBOVESPA FUNDO DE ÍNDICE;2023-06-30;488192;13663261287.23;AÇÕES;Ação preferencial;N;Para negociação;277992.00;6298360.41;159937.00;3705523.61;1453743.00;32287632.03;;;BRAP4;;;;;;;;2000-08-10;;;;
FIIM;10.406.511/0001-61;ISHARES IBOVESPA FUNDO DE ÍNDICE;2023-06-30;488192;13663261287.23;AÇÕES;Ação preferencial;N;Para negociação;225740.00;2439603.35;124918.00;1313942.17;885317.00;8233448.10;;;ALPA4;;;;;;;;1973-03-19;;;;
FIIM;10.406.511/0001-61;ISHARES IBOVESPA FUNDO DE ÍNDICE;2023-06-30;488192;13663261287.23;AÇÕES;Ação preferencial;N;Para negociação;739518.00;8725179.54;425859.00;5140317.70;4166793.00;49251493.26;;;GOAU4;;;;;;;;1973-08-27;;;;
FIIM;10.406.511/0001-61;ISHARES IBOVESPA FUNDO DE ÍNDICE;2023-06-30;488192;13663261287.23;AÇÕES;Ação preferencial;N;Para negociação;305338.00;13078137.43;175807.00;7752810.28;1332565.00;59325793.80;;;ELET6;;;;;;;;1974-11-13;;;;
FIIM;10.406.511/0001-61;ISHARES IBOVESPA FUNDO DE ÍNDICE;2023-06-30;488192;13663261287.23;AÇÕES;Ação preferencial;N;Para negociação;1331106.00;5215006.02;766746.00;3186356.58;4888409.00;21508999.60;;;RAIZ4;;;;;;;;2021-08-05;;;;
FIIM;10.406.511/0001-61;ISHARES IBOVESPA FUNDO DE ÍNDICE;2023-06-30;488192;13663261287.23;AÇÕES;Ação preferencial;N;Para negociação;1732210.00;13341926.01;1004639.00;7922966.55;7406614.00;61400830.06;;;CPLE6;;;;;;;;1996-11-14;;;;
FIIM;10.406.511/0001-61;ISHARES IBOVESPA FUNDO DE ÍNDICE;2023-06-30;488192;13663261287.23;AÇÕES;Ação preferencial;N;Para negociação;363320.00;7010043.84;209026.00;4344724.78;1422020.00;31085357.20;;;AZUL4;;;;;;;;2017-04-11;;;;
FIIM;10.406.511/0001-61;ISHARES IBOVESPA FUNDO DE ÍNDICE;2023-06-30;488192;13663261287.23;DISPONIBILIDADES;Outros;;Para negociação;;;;;;10885.46;;;;Disponibilidade;;;;;;;;;;;
FIIM;10.406.511/0001-61;ISHARES IBOVESPA FUNDO DE ÍNDICE;2023-06-30;488192;13663261287.23;VALORES A PAGAR;Outros;;Para negociação;;;;;;38877319.92;;;;Valores a Pagar;;;;;;;;;;;
FIIM;10.406.511/0001-61;ISHARES IBOVESPA FUNDO DE ÍNDICE;2023-06-30;488192;13663261287.23;VALORES A RECEBER;Outros;;Para negociação;;;;;;226274391.58;;;;Valores a Receber;;;;;;;;;;;
FIIM;10.406.511/0001-61;ISHARES IBOVESPA FUNDO DE ÍNDICE;2023-06-30;488192;13663261287.23;MERCADO FUTURO - POSIÇÕES COMPRADAS;Contrato Futuro;;Para negociação;;;;;13948.00;-1871821.60;;;;FUT WIN/Q23;;;;;;;;;;;
FIIM;10.406.511/0001-61;ISHARES IBOVESPA FUNDO DE ÍNDICE;2023-06-30;488192;13663261287.23;AÇÕES E OUTROS TVM CEDIDOS EM EMPRÉSTIMO;Ação ordinária;N;Para negociação;;;;;132418.00;1105690.30;;;DXCO3;;;;;;;;2021-08-19;;;;
FIIM;10.406.511/0001-61;ISHARES IBOVESPA FUNDO DE ÍNDICE;2023-06-30;488192;13663261287.23;AÇÕES E OUTROS TVM CEDIDOS EM EMPRÉSTIMO;Ação ordinária;N;Para negociação;;;;;86035.00;2958743.65;;;CPFE3;;;;;;;;2004-09-29;;;;
FIIM;10.406.511/0001-61;ISHARES IBOVESPA FUNDO DE ÍNDICE;2023-06-30;488192;13663261287.23;AÇÕES E OUTROS TVM CEDIDOS EM EMPRÉSTIMO;Ação ordinária;N;Para negociação;;;;;18524.00;569983.48;;;BBSE3;;;;;;;;2013-04-29;;;;
FIIM;10.406.511/0001-61;ISHARES IBOVESPA FUNDO DE ÍNDICE;2023-06-30;488192;13663261287.23;AÇÕES E OUTROS TVM CEDIDOS EM EMPRÉSTIMO;Ação ordinária;N;Para negociação;;;;;921276.00;16629031.80;;;VBBR3;;;;;;;;2021-10-22;;;;
FIIM;10.406.511/0001-61;ISHARES IBOVESPA FUNDO DE ÍNDICE;2023-06-30;488192;13663261287.23;AÇÕES E OUTROS TVM CEDIDOS EM EMPRÉSTIMO;Ação ordinária;N;Para negociação;;;;;628117.00;5596522.47;;;BRFS3;;;;;;;;2009-12-10;;;;
FIIM;10.406.511/0001-61;ISHARES IBOVESPA FUNDO DE ÍNDICE;2023-06-30;488192;13663261287.23;AÇÕES E OUTROS TVM CEDIDOS EM EMPRÉSTIMO;Ação ordinária;N;Para negociação;;;;;1079773.00;12957276.00;;;SOMA3;;;;;;;;2020-07-31;;;;
FIIM;10.406.511/0001-61;ISHARES IBOVESPA FUNDO DE ÍNDICE;2023-06-30;488192;13663261287.23;AÇÕES E OUTROS TVM CEDIDOS EM EMPRÉSTIMO;Ação ordinária;N;Para negociação;;;;;4219256.00;17636490.08;;;CMIN3;;;;;;;;2021-05-03;;;;
FIIM;10.406.511/0001-61;ISHARES IBOVESPA FUNDO DE ÍNDICE;2023-06-30;488192;13663261287.23;AÇÕES E OUTROS TVM CEDIDOS EM EMPRÉSTIMO;Ação ordinária;N;Para negociação;;;;;973673.00;14235099.26;;;TIMS3;;;;;;;;2020-10-13;;;;
FIIM;10.406.511/0001-61;ISHARES IBOVESPA FUNDO DE ÍNDICE;2023-06-30;488192;13663261287.23;AÇÕES E OUTROS TVM CEDIDOS EM EMPRÉSTIMO;Ação ordinária;N;Para negociação;;;;;2891115.00;50478867.90;;;JBSS3;;;;;;;;2007-03-29;;;;
FIIM;10.406.511/0001-61;ISHARES IBOVESPA FUNDO DE ÍNDICE;2023-06-30;488192;13663261287.23;AÇÕES E OUTROS TVM CEDIDOS EM EMPRÉSTIMO;Ação ordinária;N;Para negociação;;;;;2076417.00;30398744.88;;;BBDC3;;;;;;;;1973-12-06;;;;
FIIM;10.406.511/0001-61;ISHARES IBOVESPA FUNDO DE ÍNDICE;2023-06-30;488192;13663261287.23;AÇÕES E OUTROS TVM CEDIDOS EM EMPRÉSTIMO;Ação ordinária;N;Para negociação;;;;;2079006.00;77089542.48;;;PRIO3;;;;;;;;2015-06-26;;;;
FIIM;10.406.511/0001-61;ISHARES IBOVESPA FUNDO DE ÍNDICE;2023-06-30;488192;13663261287.23;AÇÕES E OUTROS TVM CEDIDOS EM EMPRÉSTIMO;Ação ordinária;N;Para negociação;;;;;811046.00;30616986.50;;;WEGE3;;;;;;;;2004-08-02;;;;
FIIM;10.406.511/0001-61;ISHARES IBOVESPA FUNDO DE ÍNDICE;2023-06-30;488192;13663261287.23;AÇÕES E OUTROS TVM CEDIDOS EM EMPRÉSTIMO;Ação ordinária;N;Para negociação;;;;;3838310.00;56077709.10;;;B3SA3;;;;;;;;2018-03-26;;;;
FIIM;10.406.511/0001-61;ISHARES IBOVESPA FUNDO DE ÍNDICE;2023-06-30;488192;13663261287.23;AÇÕES E OUTROS TVM CEDIDOS EM EMPRÉSTIMO;Ação ordinária;N;Para negociação;;;;;1155542.00;7603466.36;;;PETZ3;;;;;;;;2020-09-11;;;;
FIIM;10.406.511/0001-61;ISHARES IBOVESPA FUNDO DE ÍNDICE;2023-06-30;488192;13663261287.23;AÇÕES E OUTROS TVM CEDIDOS EM EMPRÉSTIMO;Ação ordinária;N;Para negociação;;;;;1872057.00;82782360.54;;;SUZB3;;;;;;;;2004-08-05;;;;
FIIM;10.406.511/0001-61;ISHARES IBOVESPA FUNDO DE ÍNDICE;2023-06-30;488192;13663261287.23;AÇÕES E OUTROS TVM CEDIDOS EM EMPRÉSTIMO;Ação ordinária;N;Para negociação;;;;;5353595.00;177203994.50;;;PETR3;;;;;;;;1973-09-18;;;;
FIIM;10.406.511/0001-61;ISHARES IBOVESPA FUNDO DE ÍNDICE;2023-06-30;488192;13663261287.23;AÇÕES E OUTROS TVM CEDIDOS EM EMPRÉSTIMO;Ação ordinária;N;Para negociação;;;;;2955110.00;13563954.90;;;CIEL3;;;;;;;;2009-12-18;;;;
FIIM;10.406.511/0001-61;ISHARES IBOVESPA FUNDO DE ÍNDICE;2023-06-30;488192;13663261287.23;AÇÕES E OUTROS TVM CEDIDOS EM EMPRÉSTIMO;Ação ordinária;N;Para negociação;;;;;847103.00;11901797.15;;;CCRO3;;;;;;;;2002-02-01;;;;
FIIM;10.406.511/0001-61;ISHARES IBOVESPA FUNDO DE ÍNDICE;2023-06-30;488192;13663261287.23;AÇÕES E OUTROS TVM CEDIDOS EM EMPRÉSTIMO;Ação ordinária;N;Para negociação;;;;;599615.00;27588286.15;;;HYPE3;;;;;;;;2008-04-18;;;;
FIIM;10.406.511/0001-61;ISHARES IBOVESPA FUNDO DE ÍNDICE;2023-06-30;488192;13663261287.23;AÇÕES E OUTROS TVM CEDIDOS EM EMPRÉSTIMO;Ação ordinária;N;Para negociação;;;;;427455.00;29280667.50;;;RENT3;;;;;;;;2005-05-23;;;;
FIIM;10.406.511/0001-61;ISHARES IBOVESPA FUNDO DE ÍNDICE;2023-06-30;488192;13663261287.23;AÇÕES E OUTROS TVM CEDIDOS EM EMPRÉSTIMO;Ação ordinária;N;Para negociação;;;;;584950.00;17460757.50;;;RRRP3;;;;;;;;2020-11-12;;;;
FIIM;10.406.511/0001-61;ISHARES IBOVESPA FUNDO DE ÍNDICE;2023-06-30;488192;13663261287.23;AÇÕES E OUTROS TVM CEDIDOS EM EMPRÉSTIMO;Ação ordinária;N;Para negociação;;;;;395588.00;7401451.48;;;PCAR3;;;;;;;;1995-10-03;;;;
FIIM;10.406.511/0001-61;ISHARES IBOVESPA FUNDO DE ÍNDICE;2023-06-30;488192;13663261287.23;AÇÕES E OUTROS TVM CEDIDOS EM EMPRÉSTIMO;Ação ordinária;N;Para negociação;;;;;220638.00;1723182.78;;;CASH3;;;;;;;;2020-11-05;;;;
FIIM;10.406.511/0001-61;ISHARES IBOVESPA FUNDO DE ÍNDICE;2023-06-30;488192;13663261287.23;AÇÕES E OUTROS TVM CEDIDOS EM EMPRÉSTIMO;Ação ordinária;N;Para negociação;;;;;969771.00;8320635.18;;;LWSA3;;;;;;;;2020-02-06;;;;
FIIM;10.406.511/0001-61;ISHARES IBOVESPA FUNDO DE ÍNDICE;2023-06-30;488192;13663261287.23;AÇÕES E OUTROS TVM CEDIDOS EM EMPRÉSTIMO;Ação ordinária;N;Para negociação;;;;;231431.00;6403695.77;;;MULT3;;;;;;;;2007-07-27;;;;
FIIM;10.406.511/0001-61;ISHARES IBOVESPA FUNDO DE ÍNDICE;2023-06-30;488192;13663261287.23;AÇÕES E OUTROS TVM CEDIDOS EM EMPRÉSTIMO;Ação ordinária;N;Para negociação;;;;;10298218.00;45106194.84;;;HAPV3;;;;;;;;2018-04-25;;;;
FIIM;10.406.511/0001-61;ISHARES IBOVESPA FUNDO DE ÍNDICE;2023-06-30;488192;13663261287.23;AÇÕES E OUTROS TVM CEDIDOS EM EMPRÉSTIMO;Ação ordinária;N;Para negociação;;;;;365230.00;6727536.60;;;EZTC3;;;;;;;;2007-06-22;;;;
FIIM;10.406.511/0001-61;ISHARES IBOVESPA FUNDO DE ÍNDICE;2023-06-30;488192;13663261287.23;AÇÕES E OUTROS TVM CEDIDOS EM EMPRÉSTIMO;Ação ordinária;N;Para negociação;;;;;6682188.00;429130113.36;;;VALE3;;;;;;;;1982-02-15;;;;
FIIM;10.406.511/0001-61;ISHARES IBOVESPA FUNDO DE ÍNDICE;2023-06-30;488192;13663261287.23;AÇÕES E OUTROS TVM CEDIDOS EM EMPRÉSTIMO;Ação ordinária;N;Para negociação;;;;;2869404.00;9354257.04;;;COGN3;;;;;;;;2019-10-11;;;;
FIIM;10.406.511/0001-61;ISHARES IBOVESPA FUNDO DE ÍNDICE;2023-06-30;488192;13663261287.23;AÇÕES E OUTROS TVM CEDIDOS EM EMPRÉSTIMO;Ação ordinária;N;Para negociação;;;;;3599932.00;7739853.80;;;VIIA3;;;;;;;;2021-08-16;;;;
FIIM;10.406.511/0001-61;ISHARES IBOVESPA FUNDO DE ÍNDICE;2023-06-30;488192;13663261287.23;AÇÕES E OUTROS TVM CEDIDOS EM EMPRÉSTIMO;Ação ordinária;N;Para negociação;;;;;715537.00;5201953.99;;;MRFG3;;;;;;;;2007-06-28;;;;
FIIM;10.406.511/0001-61;ISHARES IBOVESPA FUNDO DE ÍNDICE;2023-06-30;488192;13663261287.23;AÇÕES E OUTROS TVM CEDIDOS EM EMPRÉSTIMO;Ação ordinária;N;Para negociação;;;;;1719310.00;56599685.20;;;RDOR3;;;;;;;;2021-06-25;;;;
FIIM;10.406.511/0001-61;ISHARES IBOVESPA FUNDO DE ÍNDICE;2023-06-30;488192;13663261287.23;AÇÕES E OUTROS TVM CEDIDOS EM EMPRÉSTIMO;Ação ordinária;N;Para negociação;;;;;29474.00;1667344.18;;;SBSP3;;;;;;;;1997-03-11;;;;
FIIM;10.406.511/0001-61;ISHARES IBOVESPA FUNDO DE ÍNDICE;2023-06-30;488192;13663261287.23;AÇÕES E OUTROS TVM CEDIDOS EM EMPRÉSTIMO;Ação ordinária;N;Para negociação;;;;;1450965.00;17600205.45;;;CSNA3;;;;;;;;1993-08-02;;;;
FIIM;10.406.511/0001-61;ISHARES IBOVESPA FUNDO DE ÍNDICE;2023-06-30;488192;13663261287.23;AÇÕES E OUTROS TVM CEDIDOS EM EMPRÉSTIMO;Ação ordinária;N;Para negociação;;;;;1989466.00;63961331.90;;;EQTL3;;;;;;;;2006-04-03;;;;
FIIM;10.406.511/0001-61;ISHARES IBOVESPA FUNDO DE ÍNDICE;2023-06-30;488192;13663261287.23;AÇÕES E OUTROS TVM CEDIDOS EM EMPRÉSTIMO;Ação ordinária;N;Para negociação;;;;;2570917.00;8663990.29;;;MGLU3;;;;;;;;2011-05-02;;;;
FIIM;10.406.511/0001-61;ISHARES IBOVESPA FUNDO DE ÍNDICE;2023-06-30;488192;13663261287.23;AÇÕES E OUTROS TVM CEDIDOS EM EMPRÉSTIMO;Ação ordinária;N;Para negociação;;;;;643012.00;29379218.28;;;EGIE3;;;;;;;;2016-07-21;;;;
FIIM;10.406.511/0001-61;ISHARES IBOVESPA FUNDO DE ÍNDICE;2023-06-30;488192;13663261287.23;AÇÕES E OUTROS TVM CEDIDOS EM EMPRÉSTIMO;Ação ordinária;N;Para negociação;;;;;1194223.00;29437596.95;;;ALSO3;;;;;;;;2019-08-06;;;;
FIIM;10.406.511/0001-61;ISHARES IBOVESPA FUNDO DE ÍNDICE;2023-06-30;488192;13663261287.23;AÇÕES E OUTROS TVM CEDIDOS EM EMPRÉSTIMO;Ação ordinária;N;Para negociação;;;;;2403248.00;118720451.20;;;BBAS3;;;;;;;;1973-05-31;;;;
FIIM;10.406.511/0001-61;ISHARES IBOVESPA FUNDO DE ÍNDICE;2023-06-30;488192;13663261287.23;AÇÕES E OUTROS TVM CEDIDOS EM EMPRÉSTIMO;Ação ordinária;N;Para negociação;;;;;2527086.00;50541720.00;;;LREN3;;;;;;;;1973-07-24;;;;
FIIM;10.406.511/0001-61;ISHARES IBOVESPA FUNDO DE ÍNDICE;2023-06-30;488192;13663261287.23;AÇÕES E OUTROS TVM CEDIDOS EM EMPRÉSTIMO;Ação ordinária;N;Para negociação;;;;;4548246.00;55806978.42;;;ENEV3;;;;;;;;2013-10-22;;;;
FIIM;10.406.511/0001-61;ISHARES IBOVESPA FUNDO DE ÍNDICE;2023-06-30;488192;13663261287.23;AÇÕES E OUTROS TVM CEDIDOS EM EMPRÉSTIMO;Ação ordinária;N;Para negociação;;;;;165392.00;2654541.60;;;FLRY3;;;;;;;;2009-12-17;;;;
FIIM;10.406.511/0001-61;ISHARES IBOVESPA FUNDO DE ÍNDICE;2023-06-30;488192;13663261287.23;AÇÕES E OUTROS TVM CEDIDOS EM EMPRÉSTIMO;Ação ordinária;N;Para negociação;;;;;173244.00;6621385.68;;;SLCE3;;;;;;;;2007-06-15;;;;
FIIM;10.406.511/0001-61;ISHARES IBOVESPA FUNDO DE ÍNDICE;2023-06-30;488192;13663261287.23;AÇÕES E OUTROS TVM CEDIDOS EM EMPRÉSTIMO;Ação ordinária;N;Para negociação;;;;;2806476.00;38589045.00;;;ASAI3;;;;;;;;2021-03-01;;;;
FIIM;10.406.511/0001-61;ISHARES IBOVESPA FUNDO DE ÍNDICE;2023-06-30;488192;13663261287.23;AÇÕES E OUTROS TVM CEDIDOS EM EMPRÉSTIMO;Ação ordinária;N;Para negociação;;;;;9910.00;220002.00;;;RAIL3;;;;;;;;2017-03-13;;;;
FIIM;10.406.511/0001-61;ISHARES IBOVESPA FUNDO DE ÍNDICE;2023-06-30;488192;13663261287.23;AÇÕES E OUTROS TVM CEDIDOS EM EMPRÉSTIMO;Ação ordinária;N;Para negociação;;;;;2081274.00;34840526.76;;;NTCO3;;;;;;;;2019-12-18;;;;
FIIM;10.406.511/0001-61;ISHARES IBOVESPA FUNDO DE ÍNDICE;2023-06-30;488192;13663261287.23;AÇÕES E OUTROS TVM CEDIDOS EM EMPRÉSTIMO;Ação ordinária;N;Para negociação;;;;;718855.00;8317152.35;;;MRVE3;;;;;;;;2007-07-23;;;;
FIIM;10.406.511/0001-61;ISHARES IBOVESPA FUNDO DE ÍNDICE;2023-06-30;488192;13663261287.23;AÇÕES E OUTROS TVM CEDIDOS EM EMPRÉSTIMO;Ação ordinária;N;Para negociação;;;;;591152.00;25579147.04;;;VIVT3;;;;;;;;2011-10-06;;;;
FIIM;10.406.511/0001-61;ISHARES IBOVESPA FUNDO DE ÍNDICE;2023-06-30;488192;13663261287.23;AÇÕES E OUTROS TVM CEDIDOS EM EMPRÉSTIMO;Ação ordinária;N;Para negociação;;;;;16185664.00;249421082.24;;;ABEV3;;;;;;;;2013-11-11;;;;
FIIM;10.406.511/0001-61;ISHARES IBOVESPA FUNDO DE ÍNDICE;2023-06-30;488192;13663261287.23;AÇÕES E OUTROS TVM CEDIDOS EM EMPRÉSTIMO;Ação ordinária;N;Para negociação;;;;;68127.00;5386801.89;;;ARZZ3;;;;;;;;2011-02-02;;;;
FIIM;10.406.511/0001-61;ISHARES IBOVESPA FUNDO DE ÍNDICE;2023-06-30;488192;13663261287.23;AÇÕES E OUTROS TVM CEDIDOS EM EMPRÉSTIMO;Ação ordinária;N;Para negociação;;;;;325602.00;3461149.26;;;BEEF3;;;;;;;;2007-07-20;;;;
FIIM;10.406.511/0001-61;ISHARES IBOVESPA FUNDO DE ÍNDICE;2023-06-30;488192;13663261287.23;AÇÕES E OUTROS TVM CEDIDOS EM EMPRÉSTIMO;Ação ordinária;N;Para negociação;;;;;2497073.00;47169708.97;;;UGPA3;;;;;;;;1999-10-13;;;;
FIIM;10.406.511/0001-61;ISHARES IBOVESPA FUNDO DE ÍNDICE;2023-06-30;488192;13663261287.23;AÇÕES E OUTROS TVM CEDIDOS EM EMPRÉSTIMO;Ação ordinária;N;Para negociação;;;;;261265.00;8922199.75;;;SMTO3;;;;;;;;2007-02-12;;;;
FIIM;10.406.511/0001-61;ISHARES IBOVESPA FUNDO DE ÍNDICE;2023-06-30;488192;13663261287.23;AÇÕES E OUTROS TVM CEDIDOS EM EMPRÉSTIMO;Ação ordinária;N;Para negociação;;;;;116271.00;2304491.22;;;YDUQ3;;;;;;;;2019-07-23;;;;
FIIM;10.406.511/0001-61;ISHARES IBOVESPA FUNDO DE ÍNDICE;2023-06-30;488192;13663261287.23;AÇÕES E OUTROS TVM CEDIDOS EM EMPRÉSTIMO;Ação ordinária;N;Para negociação;;;;;677140.00;12554175.60;;;EMBR3;;;;;;;;1989-08-28;;;;
FIIM;10.406.511/0001-61;ISHARES IBOVESPA FUNDO DE ÍNDICE;2023-06-30;488192;13663261287.23;AÇÕES E OUTROS TVM CEDIDOS EM EMPRÉSTIMO;Ação ordinária;N;Para negociação;;;;;1325186.00;14842083.20;;;CRFB3;;;;;;;;2017-07-20;;;;
FIIM;10.406.511/0001-61;ISHARES IBOVESPA FUNDO DE ÍNDICE;2023-06-30;488192;13663261287.23;AÇÕES E OUTROS TVM CEDIDOS EM EMPRÉSTIMO;Ação ordinária;N;Para negociação;;;;;313871.00;13669082.05;;;IRBR3;;;;;;;;2017-07-31;;;;
FIIM;10.406.511/0001-61;ISHARES IBOVESPA FUNDO DE ÍNDICE;2023-06-30;488192;13663261287.23;AÇÕES E OUTROS TVM CEDIDOS EM EMPRÉSTIMO;Ação ordinária;N;Para negociação;;;;;535515.00;10779916.95;;;CYRE3;;;;;;;;1996-05-27;;;;
FIIM;10.406.511/0001-61;ISHARES IBOVESPA FUNDO DE ÍNDICE;2023-06-30;488192;13663261287.23;AÇÕES E OUTROS TVM CEDIDOS EM EMPRÉSTIMO;Ação ordinária;N;Para negociação;;;;;1918070.00;56774872.00;;;RADL3;;;;;;;;2011-12-19;;;;
FIIM;10.406.511/0001-61;ISHARES IBOVESPA FUNDO DE ÍNDICE;2023-06-30;488192;13663261287.23;AÇÕES E OUTROS TVM CEDIDOS EM EMPRÉSTIMO;Ação ordinária;N;Para negociação;;;;;2908551.00;51946720.86;;;CSAN3;;;;;;;;2005-11-18;;;;
FIIM;10.406.511/0001-61;ISHARES IBOVESPA FUNDO DE ÍNDICE;2023-06-30;488192;13663261287.23;AÇÕES E OUTROS TVM CEDIDOS EM EMPRÉSTIMO;Ação ordinária;N;Para negociação;;;;;179905.00;631466.55;;;CVCB3;;;;;;;;2013-12-09;;;;
FIIM;10.406.511/0001-61;ISHARES IBOVESPA FUNDO DE ÍNDICE;2023-06-30;488192;13663261287.23;AÇÕES E OUTROS TVM CEDIDOS EM EMPRÉSTIMO;Ação ordinária;N;Para negociação;;;;;4279370.00;170104957.50;;;ELET3;;;;;;;;1983-09-01;;;;
FIIM;10.406.511/0001-61;ISHARES IBOVESPA FUNDO DE ÍNDICE;2023-06-30;488192;13663261287.23;AÇÕES E OUTROS TVM CEDIDOS EM EMPRÉSTIMO;Ação ordinária;N;Para negociação;;;;;37513.00;1124639.74;;;TOTS3;;;;;;;;2006-03-09;;;;
FIIM;10.406.511/0001-61;ISHARES IBOVESPA FUNDO DE ÍNDICE;2023-06-30;488192;13663261287.23;AÇÕES E OUTROS TVM CEDIDOS EM EMPRÉSTIMO;Ação preferencial;N;Para negociação;;;;;680110.00;8957048.70;;;GOLL4;;;;;;;;2004-06-24;;;;
FIIM;10.406.511/0001-61;ISHARES IBOVESPA FUNDO DE ÍNDICE;2023-06-30;488192;13663261287.23;AÇÕES E OUTROS TVM CEDIDOS EM EMPRÉSTIMO;Ação preferencial;N;Para negociação;;;;;428974.00;3989458.20;;;ALPA4;;;;;;;;1973-03-19;;;;
FIIM;10.406.511/0001-61;ISHARES IBOVESPA FUNDO DE ÍNDICE;2023-06-30;488192;13663261287.23;AÇÕES E OUTROS TVM CEDIDOS EM EMPRÉSTIMO;Ação preferencial;N;Para negociação;;;;;572132.00;15939597.52;;;BRKM5;;;;;;;;2002-09-02;;;;
FIIM;10.406.511/0001-61;ISHARES IBOVESPA FUNDO DE ÍNDICE;2023-06-30;488192;13663261287.23;AÇÕES E OUTROS TVM CEDIDOS EM EMPRÉSTIMO;Ação preferencial;N;Para negociação;;;;;1240917.00;31109789.19;;;GGBR4;;;;;;;;2001-02-01;;;;
FIIM;10.406.511/0001-61;ISHARES IBOVESPA FUNDO DE ÍNDICE;2023-06-30;488192;13663261287.23;AÇÕES E OUTROS TVM CEDIDOS EM EMPRÉSTIMO;Ação preferencial;N;Para negociação;;;;;12700269.00;208919425.05;;;BBDC4;;;;;;;;1973-12-06;;;;
FIIM;10.406.511/0001-61;ISHARES IBOVESPA FUNDO DE ÍNDICE;2023-06-30;488192;13663261287.23;AÇÕES E OUTROS TVM CEDIDOS EM EMPRÉSTIMO;Ação preferencial;N;Para negociação;;;;;1759489.00;16961473.96;;;ITSA4;;;;;;;;1973-09-17;;;;
FIIM;10.406.511/0001-61;ISHARES IBOVESPA FUNDO DE ÍNDICE;2023-06-30;488192;13663261287.23;AÇÕES E OUTROS TVM CEDIDOS EM EMPRÉSTIMO;Ação preferencial;N;Para negociação;;;;;172193.00;3824406.53;;;BRAP4;;;;;;;;2000-08-10;;;;
FIIM;10.406.511/0001-61;ISHARES IBOVESPA FUNDO DE ÍNDICE;2023-06-30;488192;13663261287.23;AÇÕES E OUTROS TVM CEDIDOS EM EMPRÉSTIMO;Ação preferencial;N;Para negociação;;;;;2888279.00;12708427.60;;;RAIZ4;;;;;;;;2021-08-05;;;;
FIIM;10.406.511/0001-61;ISHARES IBOVESPA FUNDO DE ÍNDICE;2023-06-30;488192;13663261287.23;AÇÕES E OUTROS TVM CEDIDOS EM EMPRÉSTIMO;Ação preferencial;N;Para negociação;;;;;1267505.00;8961260.35;;;USIM5;;;;;;;;1999-02-02;;;;
FIIM;10.406.511/0001-61;ISHARES IBOVESPA FUNDO DE ÍNDICE;2023-06-30;488192;13663261287.23;AÇÕES E OUTROS TVM CEDIDOS EM EMPRÉSTIMO;Ação preferencial;N;Para negociação;;;;;700404.00;15310831.44;;;AZUL4;;;;;;;;2017-04-11;;;;
FIIM;10.406.511/0001-61;ISHARES IBOVESPA FUNDO DE ÍNDICE;2023-06-30;488192;13663261287.23;AÇÕES E OUTROS TVM CEDIDOS EM EMPRÉSTIMO;Ação preferencial;N;Para negociação;;;;;4480184.00;127326829.28;;;ITUB4;;;;;;;;2009-05-20;;;;
FIIM;10.406.511/0001-61;ISHARES IBOVESPA FUNDO DE ÍNDICE;2023-06-30;488192;13663261287.23;AÇÕES E OUTROS TVM CEDIDOS EM EMPRÉSTIMO;Ação preferencial;N;Para negociação;;;;;2720758.00;22555083.82;;;CPLE6;;;;;;;;1996-11-14;;;;
FIIM;10.406.511/0001-61;ISHARES IBOVESPA FUNDO DE ÍNDICE;2023-06-30;488192;13663261287.23;AÇÕES E OUTROS TVM CEDIDOS EM EMPRÉSTIMO;Ação preferencial;N;Para negociação;;;;;452269.00;20135015.88;;;ELET6;;;;;;;;1974-11-13;;;;
FIIM;10.406.511/0001-61;ISHARES IBOVESPA FUNDO DE ÍNDICE;2023-06-30;488192;13663261287.23;AÇÕES E OUTROS TVM CEDIDOS EM EMPRÉSTIMO;Ação preferencial;N;Para negociação;;;;;1794755.00;23080549.30;;;CMIG4;;;;;;;;1973-08-20;;;;
FIIM;10.406.511/0001-61;ISHARES IBOVESPA FUNDO DE ÍNDICE;2023-06-30;488192;13663261287.23;AÇÕES E OUTROS TVM CEDIDOS EM EMPRÉSTIMO;Ação preferencial;N;Para negociação;;;;;155242.00;1834960.44;;;GOAU4;;;;;;;;1973-08-27;;;;
FIIM;10.406.511/0001-61;ISHARES IBOVESPA FUNDO DE ÍNDICE;2023-06-30;488192;13663261287.23;AÇÕES E OUTROS TVM CEDIDOS EM EMPRÉSTIMO;Ação preferencial;N;Para negociação;;;;;4660281.00;137618097.93;;;PETR4;;;;;;;;1973-09-18;;;;
FIIM;10.406.511/0001-61;ISHARES IBOVESPA FUNDO DE ÍNDICE;2023-06-30;488192;13663261287.23;AÇÕES E OUTROS TVM CEDIDOS EM EMPRÉSTIMO;Certificado de depósito de ações;N;Para negociação;;;;;888941.00;44624838.20;;;ENGI11;;;;;;;;2009-11-03;;;;
FIIM;10.406.511/0001-61;ISHARES IBOVESPA FUNDO DE ÍNDICE;2023-06-30;488192;13663261287.23;AÇÕES E OUTROS TVM CEDIDOS EM EMPRÉSTIMO;Certificado de depósito de ações;N;Para negociação;;;;;369764.00;8290108.88;;;IGTI11;;;;;;;;2021-11-22;;;;
FIIM;10.406.511/0001-61;ISHARES IBOVESPA FUNDO DE ÍNDICE;2023-06-30;488192;13663261287.23;AÇÕES E OUTROS TVM CEDIDOS EM EMPRÉSTIMO;Certificado de depósito de ações;N;Para negociação;;;;;2316828.00;72864240.60;;;BPAC11;;;;;;;;2017-02-16;;;;
FIIM;10.406.511/0001-61;ISHARES IBOVESPA FUNDO DE ÍNDICE;2023-06-30;488192;13663261287.23;AÇÕES E OUTROS TVM CEDIDOS EM EMPRÉSTIMO;Certificado de depósito de ações;N;Para negociação;;;;;5621599.00;176799288.55;;;;BPAC11;;PJ;30306294000145;BANCO BTG PACTUAL S.A.;;;;;;;
FIIM;10.406.511/0001-61;ISHARES IBOVESPA FUNDO DE ÍNDICE;2023-06-30;488192;13663261287.23;AÇÕES E OUTROS TVM CEDIDOS EM EMPRÉSTIMO;Certificado de depósito de ações;N;Para negociação;;;;;1246031.00;38165929.53;;;SANB11;;;;;;;;2009-10-07;;;;
FIIM;10.406.511/0001-61;ISHARES IBOVESPA FUNDO DE ÍNDICE;2023-06-30;488192;13663261287.23;AÇÕES E OUTROS TVM CEDIDOS EM EMPRÉSTIMO;Certificado de depósito de ações;N;Para negociação;;;;;614946.00;23146567.44;;;TAEE11;;;;;;;;2012-05-28;;;;
FIIM;10.406.511/0001-61;ISHARES IBOVESPA FUNDO DE ÍNDICE;2023-06-30;488192;13663261287.23;AÇÕES E OUTROS TVM CEDIDOS EM EMPRÉSTIMO;Certificado de depósito de ações;N;Para negociação;;;;;82245.00;1790473.65;;;KLBN11;;;;;;;;2014-01-10;;;;
FIIM;10.406.511/0001-61;ISHARES IBOVESPA FUNDO DE ÍNDICE;2023-06-30;488192;13663261287.23;OPERAÇÕES COMPROMISSADAS;;N;Para negociação;;;;;40909.00;171519337.34;;;;;2045-05-15;;;;;760199;;;;;
FIIM;10.406.511/0001-61;ISHARES IBOVESPA FUNDO DE ÍNDICE;2023-06-30;488192;13663261287.23;CERTIFICADO OU RECIBO DE DEPÓSITO DE VALORES MOBILIÁRIOS;Certificado de depósito de ações;N;Para negociação;;;;;720590.00;36173618.00;;;ENGI11;;;;;;;;2009-11-03;;;;
FIIM;10.406.511/0001-61;ISHARES IBOVESPA FUNDO DE ÍNDICE;2023-06-30;488192;13663261287.23;CERTIFICADO OU RECIBO DE DEPÓSITO DE VALORES MOBILIÁRIOS;Certificado de depósito de ações;N;Para negociação;;;;;1057765.00;32399341.95;;;SANB11;;;;;;;;2009-10-07;;;;
FIIM;10.406.511/0001-61;ISHARES IBOVESPA FUNDO DE ÍNDICE;2023-06-30;488192;13663261287.23;CERTIFICADO OU RECIBO DE DEPÓSITO DE VALORES MOBILIÁRIOS;Certificado de depósito de ações;N;Para negociação;;;;;800846.00;30143843.44;;;TAEE11;;;;;;;;2012-05-28;;;;
FIIM;10.406.511/0001-61;ISHARES IBOVESPA FUNDO DE ÍNDICE;2023-06-30;488192;13663261287.23;CERTIFICADO OU RECIBO DE DEPÓSITO DE VALORES MOBILIÁRIOS;Certificado de depósito de ações;N;Para negociação;;;;;4464596.00;97194254.92;;;KLBN11;;;;;;;;2014-01-10;;;;
FIIM;10.406.511/0001-61;ISHARES IBOVESPA FUNDO DE ÍNDICE;2023-06-30;488192;13663261287.23;CERTIFICADO OU RECIBO DE DEPÓSITO DE VALORES MOBILIÁRIOS;Certificado de depósito de ações;N;Para negociação;;;;;1027802.00;23043320.84;;;IGTI11;;;;;;;;2021-11-22;;;;
FIIM;10.406.511/0001-61;ISHARES IBOVESPA FUNDO DE ÍNDICE;2023-06-30;488192;13663261287.23;OUTROS VALORES MOBILIÁRIOS REGISTRADOS NA CVM OBJETO DE OFERTA PÚBLICA;Recibo de subscrição;N;Para negociação;;;;;84860.00;2713822.80;;;;EQTL/EQTL9/BREQTLR02OR3;;PJ;3220438000173;EQUATORIAL ENERGIA S.A.;;;;;;;
FIIM;10.406.600/0001-08;ISHARES BM&FBOVESPA SMALL CAP FUNDO DE ÍNDICE;2023-06-30;488188;6082145827.36;AÇÕES;Ação ordinária;N;Para negociação;73008.00;1043852.16;587854.00;8911502.30;2121435.00;34049031.75;;;CURY3;;;;;;;;2020-09-21;;;;
FIIM;10.406.600/0001-08;ISHARES BM&FBOVESPA SMALL CAP FUNDO DE ÍNDICE;2023-06-30;488188;6082145827.36;AÇÕES;Ação ordinária;N;Para negociação;110232.00;170737.12;887588.00;1387937.88;1413539.00;2106173.11;;;SEQL3;;;;;;;;2020-10-07;;;;
FIIM;10.406.600/0001-08;ISHARES BM&FBOVESPA SMALL CAP FUNDO DE ÍNDICE;2023-06-30;488188;6082145827.36;AÇÕES;Ação ordinária;N;Para negociação;61956.00;528347.00;498866.00;4491587.28;1910355.00;17708990.85;;;RANI3;;;;;;;;1981-06-10;;;;
FIIM;10.406.600/0001-08;ISHARES BM&FBOVESPA SMALL CAP FUNDO DE ÍNDICE;2023-06-30;488188;6082145827.36;AÇÕES;Ação ordinária;N;Para negociação;44370.00;757593.10;357392.00;6096766.43;1368633.00;23677350.90;;;VULC3;;;;;;;;1973-07-02;;;;
FIIM;10.406.600/0001-08;ISHARES BM&FBOVESPA SMALL CAP FUNDO DE ÍNDICE;2023-06-30;488188;6082145827.36;AÇÕES;Ação ordinária;N;Para negociação;79668.00;1012049.16;641490.00;8219644.44;2286013.00;28552302.37;;;MYPK3;;;;;;;;1984-09-14;;;;
FIIM;10.406.600/0001-08;ISHARES BM&FBOVESPA SMALL CAP FUNDO DE ÍNDICE;2023-06-30;488188;6082145827.36;AÇÕES;Ação ordinária;N;Para negociação;23382.00;969729.48;188271.00;8437295.73;701903.00;32666565.62;;;LEVE3;;;;;;;;1973-04-30;;;;
FIIM;10.406.600/0001-08;ISHARES BM&FBOVESPA SMALL CAP FUNDO DE ÍNDICE;2023-06-30;488188;6082145827.36;AÇÕES;Ação ordinária;N;Para negociação;445896.00;8849549.28;3590372.00;66922009.72;12227199.00;226692269.46;;;EMBR3;;;;;;;;1989-08-28;;;;
FIIM;10.406.600/0001-08;ISHARES BM&FBOVESPA SMALL CAP FUNDO DE ÍNDICE;2023-06-30;488188;6082145827.36;AÇÕES;Ação ordinária;N;Para negociação;167202.00;691473.16;1346317.00;5118426.81;4850340.00;17024693.40;;;CVCB3;;;;;;;;2013-12-09;;;;
FIIM;10.406.600/0001-08;ISHARES BM&FBOVESPA SMALL CAP FUNDO DE ÍNDICE;2023-06-30;488188;6082145827.36;AÇÕES;Ação ordinária;N;Para negociação;49428.00;1871728.52;397988.00;16272740.66;821985.00;35797446.75;;;IRBR3;;;;;;;;2017-07-31;;;;
FIIM;10.406.600/0001-08;ISHARES BM&FBOVESPA SMALL CAP FUNDO DE ÍNDICE;2023-06-30;488188;6082145827.36;AÇÕES;Ação ordinária;N;Para negociação;181476.00;877335.64;1461260.00;7237805.36;4633513.00;23584581.17;;;JHSF3;;;;;;;;2007-04-12;;;;
FIIM;10.406.600/0001-08;ISHARES BM&FBOVESPA SMALL CAP FUNDO DE ÍNDICE;2023-06-30;488188;6082145827.36;AÇÕES;Ação ordinária;N;Para negociação;191304.00;2356227.60;1540509.00;18819660.42;2663731.00;32630704.75;;;AESB3;;;;;;;;2021-03-29;;;;
FIIM;10.406.600/0001-08;ISHARES BM&FBOVESPA SMALL CAP FUNDO DE ÍNDICE;2023-06-30;488188;6082145827.36;AÇÕES;Ação ordinária;N;Para negociação;120330.00;780808.00;968891.00;6505360.75;3660412.00;24927405.72;;;EVEN3;;;;;;;;2007-04-02;;;;
FIIM;10.406.600/0001-08;ISHARES BM&FBOVESPA SMALL CAP FUNDO DE ÍNDICE;2023-06-30;488188;6082145827.36;AÇÕES;Ação ordinária;N;Para negociação;157104.00;1842829.92;1265014.00;15068270.06;3409669.00;42791345.95;;;ODPV3;;;;;;;;2006-12-01;;;;
FIIM;10.406.600/0001-08;ISHARES BM&FBOVESPA SMALL CAP FUNDO DE ÍNDICE;2023-06-30;488188;6082145827.36;AÇÕES;Ação ordinária;N;Para negociação;15588.00;753575.88;125514.00;6381301.26;480600.00;24664392.00;;;LOGN3;;;;;;;;2007-06-21;;;;
FIIM;10.406.600/0001-08;ISHARES BM&FBOVESPA SMALL CAP FUNDO DE ÍNDICE;2023-06-30;488188;6082145827.36;AÇÕES;Ação ordinária;N;Para negociação;57258.00;1058573.18;461049.00;8534393.89;887770.00;16352723.40;;;EZTC3;;;;;;;;2007-06-22;;;;
FIIM;10.406.600/0001-08;ISHARES BM&FBOVESPA SMALL CAP FUNDO DE ÍNDICE;2023-06-30;488188;6082145827.36;AÇÕES;Ação ordinária;N;Para negociação;156240.00;568887.20;1258040.00;5106724.00;4166242.00;17456553.98;;;ANIM3;;;;;;;;2013-10-28;;;;
FIIM;10.406.600/0001-08;ISHARES BM&FBOVESPA SMALL CAP FUNDO DE ÍNDICE;2023-06-30;488188;6082145827.36;AÇÕES;Ação ordinária;N;Para negociação;80154.00;892559.32;645405.00;6958467.15;1049251.00;11048613.03;;;MOVI3;;;;;;;;2017-02-08;;;;
FIIM;10.406.600/0001-08;ISHARES BM&FBOVESPA SMALL CAP FUNDO DE ÍNDICE;2023-06-30;488188;6082145827.36;AÇÕES;Ação ordinária;N;Para negociação;29520.00;201490.40;237688.00;1695258.88;910288.00;6299192.96;;;GFSA3;;;;;;;;2006-01-26;;;;
FIIM;10.406.600/0001-08;ISHARES BM&FBOVESPA SMALL CAP FUNDO DE ÍNDICE;2023-06-30;488188;6082145827.36;AÇÕES;Ação ordinária;N;Para negociação;36864.00;2801582.08;296834.00;23096372.12;953306.00;75377905.42;;;ARZZ3;;;;;;;;2011-02-02;;;;
FIIM;10.406.600/0001-08;ISHARES BM&FBOVESPA SMALL CAP FUNDO DE ÍNDICE;2023-06-30;488188;6082145827.36;AÇÕES;Ação ordinária;N;Para negociação;60768.00;461094.08;489296.00;3640283.04;1434743.00;10129285.58;;;CAML3;;;;;;;;2017-09-28;;;;
FIIM;10.406.600/0001-08;ISHARES BM&FBOVESPA SMALL CAP FUNDO DE ÍNDICE;2023-06-30;488188;6082145827.36;AÇÕES;Ação ordinária;N;Para negociação;169998.00;3406497.12;1875152.00;38666548.57;4812351.00;103465546.50;;;SMFT3;;;;;;;;2018-02-26;;;;
FIIM;10.406.600/0001-08;ISHARES BM&FBOVESPA SMALL CAP FUNDO DE ÍNDICE;2023-06-30;488188;6082145827.36;AÇÕES;Ação ordinária;N;Para negociação;653400.00;5739030.00;5261204.00;47704888.88;18884359.00;168259638.69;;;BRFS3;;;;;;;;2009-12-10;;;;
FIIM;10.406.600/0001-08;ISHARES BM&FBOVESPA SMALL CAP FUNDO DE ÍNDICE;2023-06-30;488188;6082145827.36;AÇÕES;Ação ordinária;N;Para negociação;116406.00;660539.38;937309.00;4958845.72;1902805.00;9590137.20;;;CBAV3;;;;;;;;2021-07-15;;;;
FIIM;10.406.600/0001-08;ISHARES BM&FBOVESPA SMALL CAP FUNDO DE ÍNDICE;2023-06-30;488188;6082145827.36;AÇÕES;Ação ordinária;N;Para negociação;177588.00;1276265.76;1429940.00;10441931.30;3598078.00;26158027.06;;;MRFG3;;;;;;;;2007-06-28;;;;
FIIM;10.406.600/0001-08;ISHARES BM&FBOVESPA SMALL CAP FUNDO DE ÍNDICE;2023-06-30;488188;6082145827.36;AÇÕES;Ação ordinária;N;Para negociação;3177048.00;9716652.56;1266186.00;3770605.00;713949.00;2198962.92;;;MODL3;;;;;;;;2021-04-30;;;;
FIIM;10.406.600/0001-08;ISHARES BM&FBOVESPA SMALL CAP FUNDO DE ÍNDICE;2023-06-30;488188;6082145827.36;AÇÕES;Ação ordinária;N;Para negociação;46818.00;653007.06;376977.00;5267252.46;1201261.00;16505326.14;;;ENAT3;;;;;;;;2019-04-24;;;;
FIIM;10.406.600/0001-08;ISHARES BM&FBOVESPA SMALL CAP FUNDO DE ÍNDICE;2023-06-30;488188;6082145827.36;AÇÕES;Ação ordinária;N;Para negociação;266286.00;3986229.54;136103.00;1952961.44;92465.00;1371255.95;;;FHER3;;;;;;;;2007-04-12;;;;
FIIM;10.406.600/0001-08;ISHARES BM&FBOVESPA SMALL CAP FUNDO DE ÍNDICE;2023-06-30;488188;6082145827.36;AÇÕES;Ação ordinária;N;Para negociação;137700.00;1343646.00;1108774.00;10486802.92;3113814.00;27993187.86;;;SIMH3;;;;;;;;2020-09-18;;;;
FIIM;10.406.600/0001-08;ISHARES BM&FBOVESPA SMALL CAP FUNDO DE ÍNDICE;2023-06-30;488188;6082145827.36;AÇÕES;Ação ordinária;N;Para negociação;136332.00;203892.08;1097754.00;1582015.26;2880750.00;3831397.50;;;AERI3;;;;;;;;2020-11-11;;;;
FIIM;10.406.600/0001-08;ISHARES BM&FBOVESPA SMALL CAP FUNDO DE ÍNDICE;2023-06-30;488188;6082145827.36;AÇÕES;Ação ordinária;N;Para negociação;32724.00;234194.76;263498.00;1859161.22;1006506.00;7005281.76;;;PTBL3;;;;;;;;1991-11-11;;;;
FIIM;10.406.600/0001-08;ISHARES BM&FBOVESPA SMALL CAP FUNDO DE ÍNDICE;2023-06-30;488188;6082145827.36;AÇÕES;Ação ordinária;N;Para negociação;179658.00;2901676.32;1446615.00;27029391.03;5049218.00;100075500.76;;;YDUQ3;;;;;;;;2019-07-23;;;;
FIIM;10.406.600/0001-08;ISHARES BM&FBOVESPA SMALL CAP FUNDO DE ÍNDICE;2023-06-30;488188;6082145827.36;AÇÕES;Ação ordinária;N;Para negociação;58140.00;492058.20;468154.00;4565373.92;1469611.00;16900526.50;;;TEND3;;;;;;;;2007-10-15;;;;
FIIM;10.406.600/0001-08;ISHARES BM&FBOVESPA SMALL CAP FUNDO DE ÍNDICE;2023-06-30;488188;6082145827.36;AÇÕES;Ação ordinária;N;Para negociação;90522.00;969691.78;728897.00;7518742.84;2685925.00;27127842.50;;;ONCO3;;;;;;;;2021-08-10;;;;
FIIM;10.406.600/0001-08;ISHARES BM&FBOVESPA SMALL CAP FUNDO DE ÍNDICE;2023-06-30;488188;6082145827.36;AÇÕES;Ação ordinária;N;Para negociação;43560.00;911952.80;350746.00;7638761.90;1008457.00;22296984.27;;;SQIA3;;;;;;;;2019-02-18;;;;
FIIM;10.406.600/0001-08;ISHARES BM&FBOVESPA SMALL CAP FUNDO DE ÍNDICE;2023-06-30;488188;6082145827.36;AÇÕES;Ação ordinária;N;Para negociação;185310.00;2053440.70;1492131.00;17034628.60;2727395.00;31555960.15;;;MRVE3;;;;;;;;2007-07-23;;;;
FIIM;10.406.600/0001-08;ISHARES BM&FBOVESPA SMALL CAP FUNDO DE ÍNDICE;2023-06-30;488188;6082145827.36;AÇÕES;Ação ordinária;N;Para negociação;86958.00;3223339.82;700201.00;25335442.39;2066511.00;70571350.65;;;SMTO3;;;;;;;;2007-02-12;;;;
FIIM;10.406.600/0001-08;ISHARES BM&FBOVESPA SMALL CAP FUNDO DE ÍNDICE;2023-06-30;488188;6082145827.36;AÇÕES;Ação ordinária;N;Para negociação;25434.00;591623.10;204801.00;4800843.39;732318.00;17429168.40;;;AALR3;;;;;;;;2016-10-28;;;;
FIIM;10.406.600/0001-08;ISHARES BM&FBOVESPA SMALL CAP FUNDO DE ÍNDICE;2023-06-30;488188;6082145827.36;AÇÕES;Ação ordinária;N;Para negociação;261450.00;2232492.50;2105201.00;18813285.82;5837536.00;50086058.88;;;LWSA3;;;;;;;;2020-02-06;;;;
FIIM;10.406.600/0001-08;ISHARES BM&FBOVESPA SMALL CAP FUNDO DE ÍNDICE;2023-06-30;488188;6082145827.36;AÇÕES;Ação ordinária;N;Para negociação;322218.00;2510436.24;2594511.00;20297099.88;8783893.00;69744110.42;;;BOAS3;;;;;;;;2020-09-30;;;;
FIIM;10.406.600/0001-08;ISHARES BM&FBOVESPA SMALL CAP FUNDO DE ÍNDICE;2023-06-30;488188;6082145827.36;AÇÕES;Ação ordinária;N;Para negociação;166392.00;3155901.60;1339792.00;26223606.72;3732131.00;75127797.03;;;CYRE3;;;;;;;;1996-05-27;;;;
FIIM;10.406.600/0001-08;ISHARES BM&FBOVESPA SMALL CAP FUNDO DE ÍNDICE;2023-06-30;488188;6082145827.36;AÇÕES;Ação ordinária;N;Para negociação;35982.00;824027.78;289729.00;7023258.85;514926.00;12620836.26;;;AGRO3;;;;;;;;2006-05-02;;;;
FIIM;10.406.600/0001-08;ISHARES BM&FBOVESPA SMALL CAP FUNDO DE ÍNDICE;2023-06-30;488188;6082145827.36;AÇÕES;Ação ordinária;N;Para negociação;60210.00;1636775.40;484815.00;13499916.60;1856646.00;52877278.08;;;VIVA3;;;;;;;;2019-10-10;;;;
FIIM;10.406.600/0001-08;ISHARES BM&FBOVESPA SMALL CAP FUNDO DE ÍNDICE;2023-06-30;488188;6082145827.36;AÇÕES;Ação ordinária;N;Para negociação;203850.00;1476553.50;1641411.00;11564533.35;3336506.00;21954209.48;;;PETZ3;;;;;;;;2020-09-11;;;;
FIIM;10.406.600/0001-08;ISHARES BM&FBOVESPA SMALL CAP FUNDO DE ÍNDICE;2023-06-30;488188;6082145827.36;AÇÕES;Ação ordinária;N;Para negociação;461358.00;1535296.90;3714871.00;12779383.60;9815394.00;31212952.92;;;HBSA3;;;;;;;;2020-09-25;;;;
FIIM;10.406.600/0001-08;ISHARES BM&FBOVESPA SMALL CAP FUNDO DE ÍNDICE;2023-06-30;488188;6082145827.36;AÇÕES;Ação ordinária;N;Para negociação;108576.00;920121.28;874262.00;7853746.08;3347929.00;31671408.34;;;KEPL3;;;;;;;;1981-02-13;;;;
FIIM;10.406.600/0001-08;ISHARES BM&FBOVESPA SMALL CAP FUNDO DE ÍNDICE;2023-06-30;488188;6082145827.36;AÇÕES;Ação ordinária;N;Para negociação;252552.00;3844357.20;2050115.00;32473806.43;7539484.00;121008718.20;;;FLRY3;;;;;;;;2009-12-17;;;;
FIIM;10.406.600/0001-08;ISHARES BM&FBOVESPA SMALL CAP FUNDO DE ÍNDICE;2023-06-30;488188;6082145827.36;AÇÕES;Ação ordinária;N;Para negociação;27648.00;1011763.20;222622.00;8246985.94;780046.00;29087915.34;;;ORVR3;;;;;;;;2021-02-17;;;;
FIIM;10.406.600/0001-08;ISHARES BM&FBOVESPA SMALL CAP FUNDO DE ÍNDICE;2023-06-30;488188;6082145827.36;AÇÕES;Ação ordinária;N;Para negociação;281592.00;2155117.44;2267386.00;17935900.12;6151503.00;48719903.76;;;GMAT3;;;;;;;;2020-10-13;;;;
FIIM;10.406.600/0001-08;ISHARES BM&FBOVESPA SMALL CAP FUNDO DE ÍNDICE;2023-06-30;488188;6082145827.36;AÇÕES;Ação ordinária;N;Para negociação;26550.00;547579.00;213791.00;4399880.60;527790.00;11495266.20;;;AMBP3;;;;;;;;2020-07-13;;;;
FIIM;10.406.600/0001-08;ISHARES BM&FBOVESPA SMALL CAP FUNDO DE ÍNDICE;2023-06-30;488188;6082145827.36;AÇÕES;Ação ordinária;N;Para negociação;93906.00;336600.84;756143.00;3045754.29;2502375.00;10134618.75;;;PGMN3;;;;;;;;2020-09-02;;;;
FIIM;10.406.600/0001-08;ISHARES BM&FBOVESPA SMALL CAP FUNDO DE ÍNDICE;2023-06-30;488188;6082145827.36;AÇÕES;Ação ordinária;N;Para negociação;46080.00;275507.20;371046.00;2341481.20;1370888.00;8636594.40;;;WIZC3;;;;;;;;2023-02-09;;;;
FIIM;10.406.600/0001-08;ISHARES BM&FBOVESPA SMALL CAP FUNDO DE ÍNDICE;2023-06-30;488188;6082145827.36;AÇÕES;Ação ordinária;N;Para negociação;64260.00;2280301.80;517426.00;19137485.92;1666820.00;63705860.40;;;SLCE3;;;;;;;;2007-06-15;;;;
FIIM;10.406.600/0001-08;ISHARES BM&FBOVESPA SMALL CAP FUNDO DE ÍNDICE;2023-06-30;488188;6082145827.36;AÇÕES;Ação ordinária;N;Para negociação;164538.00;743346.12;1324871.00;6608932.25;4457988.00;20283845.40;;;ZAMP3;;;;;;;;2022-10-26;;;;
FIIM;10.406.600/0001-08;ISHARES BM&FBOVESPA SMALL CAP FUNDO DE ÍNDICE;2023-06-30;488188;6082145827.36;AÇÕES;Ação ordinária;N;Para negociação;226296.00;3446488.08;1822142.00;29376768.26;6356609.00;107363126.01;;;GGPS3;;;;;;;;2021-04-26;;;;
FIIM;10.406.600/0001-08;ISHARES BM&FBOVESPA SMALL CAP FUNDO DE ÍNDICE;2023-06-30;488188;6082145827.36;AÇÕES;Ação ordinária;N;Para negociação;166824.00;1436725.36;1343272.00;11833924.76;3938723.00;32888337.05;;;DXCO3;;;;;;;;2021-08-19;;;;
FIIM;10.406.600/0001-08;ISHARES BM&FBOVESPA SMALL CAP FUNDO DE ÍNDICE;2023-06-30;488188;6082145827.36;AÇÕES;Ação ordinária;N;Para negociação;50382.00;939904.20;405673.00;7618150.22;995755.00;19566585.75;;;DIRR3;;;;;;;;2009-11-19;;;;
FIIM;10.406.600/0001-08;ISHARES BM&FBOVESPA SMALL CAP FUNDO DE ÍNDICE;2023-06-30;488188;6082145827.36;AÇÕES;Ação ordinária;N;Para negociação;323118.00;7306775.04;2601761.00;62628344.45;6889167.00;169817966.55;;;ALSO3;;;;;;;;2019-08-06;;;;
FIIM;10.406.600/0001-08;ISHARES BM&FBOVESPA SMALL CAP FUNDO DE ÍNDICE;2023-06-30;488188;6082145827.36;AÇÕES;Ação ordinária;N;Para negociação;53028.00;53086.92;426988.00;691246.02;1096445.00;1787205.35;;;TRAD3;;;;;;;;2021-07-28;;;;
FIIM;10.406.600/0001-08;ISHARES BM&FBOVESPA SMALL CAP FUNDO DE ÍNDICE;2023-06-30;488188;6082145827.36;AÇÕES;Ação ordinária;N;Para negociação;51012.00;725163.92;410748.00;5802908.28;1545997.00;21937697.43;;;BMOB3;;;;;;;;2021-02-10;;;;
FIIM;10.406.600/0001-08;ISHARES BM&FBOVESPA SMALL CAP FUNDO DE ÍNDICE;2023-06-30;488188;6082145827.36;AÇÕES;Ação ordinária;N;Para negociação;130896.00;4190417.28;1130450.00;35353809.40;4123319.00;123081072.15;;;RRRP3;;;;;;;;2020-11-12;;;;
FIIM;10.406.600/0001-08;ISHARES BM&FBOVESPA SMALL CAP FUNDO DE ÍNDICE;2023-06-30;488188;6082145827.36;AÇÕES;Ação ordinária;N;Para negociação;297846.00;3283586.68;2398265.00;28121561.99;6544057.00;78528684.00;;;SOMA3;;;;;;;;2020-07-31;;;;
FIIM;10.406.600/0001-08;ISHARES BM&FBOVESPA SMALL CAP FUNDO DE ÍNDICE;2023-06-30;488188;6082145827.36;AÇÕES;Ação ordinária;N;Para negociação;27378.00;487267.56;220447.00;3799877.22;840180.00;14123425.80;;;ROMI3;;;;;;;;1973-06-22;;;;
FIIM;10.406.600/0001-08;ISHARES BM&FBOVESPA SMALL CAP FUNDO DE ÍNDICE;2023-06-30;488188;6082145827.36;AÇÕES;Ação ordinária;N;Para negociação;42048.00;1710839.68;338566.00;14035969.82;1172376.00;49908046.32;;;MDIA3;;;;;;;;2006-10-18;;;;
FIIM;10.406.600/0001-08;ISHARES BM&FBOVESPA SMALL CAP FUNDO DE ÍNDICE;2023-06-30;488188;6082145827.36;AÇÕES;Ação ordinária;N;Para negociação;88650.00;1124673.00;713817.00;9498968.63;1384113.00;18394861.77;;;;SBFG3;;PJ;13217485000111;GRUPO SBF SA;;;;;;;
FIIM;10.406.600/0001-08;ISHARES BM&FBOVESPA SMALL CAP FUNDO DE ÍNDICE;2023-06-30;488188;6082145827.36;AÇÕES;Ação ordinária;N;Para negociação;35982.00;840259.66;289729.00;6719982.08;1012478.00;23681860.42;;;;LOGG3;;PJ;9041168000110;LOG COMMERCIAL PROPERTIES;;;;;;;
FIIM;10.406.600/0001-08;ISHARES BM&FBOVESPA SMALL CAP FUNDO DE ÍNDICE;2023-06-30;488188;6082145827.36;AÇÕES;Ação ordinária;N;Para negociação;104526.00;1571490.34;841637.00;12542010.36;2759828.00;41342223.44;;;;ARML3;;PJ;242184000104;ARMAC LOCA??O, LOG?STICA E SERVI?OS S.A.;;;;;;;
FIIM;10.406.600/0001-08;ISHARES BM&FBOVESPA SMALL CAP FUNDO DE ÍNDICE;2023-06-30;488188;6082145827.36;AÇÕES;Ação ordinária;N;Para negociação;272646.00;676767.96;2195363.00;5668135.75;5806328.00;14457756.72;;;;MLAS3;;PJ;59717553000102;MULTILASER INDUSTRIAL S.A.;;;;;;;
FIIM;10.406.600/0001-08;ISHARES BM&FBOVESPA SMALL CAP FUNDO DE ÍNDICE;2023-06-30;488188;6082145827.36;AÇÕES;Ação ordinária;N;Para negociação;190962.00;291747.50;1537633.00;2646235.61;3865020.00;6609184.20;;;;IFCM3;;PJ;38456921000136;INFRACOMMERCE CXAAS S.A.;;;;;;;
FIIM;10.406.600/0001-08;ISHARES BM&FBOVESPA SMALL CAP FUNDO DE ÍNDICE;2023-06-30;488188;6082145827.36;AÇÕES;Ação ordinária;N;Para negociação;31680.00;222147.20;255088.00;1767233.92;959904.00;6431356.80;;;;CLSA3;;PJ;3802115000198;CLEAR SALE S.A.;;;;;;;
FIIM;10.406.600/0001-08;ISHARES BM&FBOVESPA SMALL CAP FUNDO DE ÍNDICE;2023-06-30;488188;6082145827.36;AÇÕES;Ação ordinária;N;Para negociação;18144.00;375560.64;146104.00;2961159.04;559749.00;10416928.89;;;;BLAU3;;PJ;58430828000160;BLAU FARMAC?UTICA S.A.;;;;;;;
FIIM;10.406.600/0001-08;ISHARES BM&FBOVESPA SMALL CAP FUNDO DE ÍNDICE;2023-06-30;488188;6082145827.36;AÇÕES;Ação ordinária;N;Para negociação;188208.00;1275422.88;1515462.00;10383862.84;3987612.00;25919478.00;;;ECOR3;;;;;;;;2010-04-01;;;;
FIIM;10.406.600/0001-08;ISHARES BM&FBOVESPA SMALL CAP FUNDO DE ÍNDICE;2023-06-30;488188;6082145827.36;AÇÕES;Ação ordinária;N;Para negociação;162702.00;1198029.06;1310081.00;9750271.06;4527271.00;33863987.08;;;GRND3;;;;;;;;2004-10-29;;;;
FIIM;10.406.600/0001-08;ISHARES BM&FBOVESPA SMALL CAP FUNDO DE ÍNDICE;2023-06-30;488188;6082145827.36;AÇÕES;Ação ordinária;N;Para negociação;45180.00;290607.80;363796.00;2432747.20;1377153.00;9722700.18;;;LAVV3;;;;;;;;2020-09-02;;;;
FIIM;10.406.600/0001-08;ISHARES BM&FBOVESPA SMALL CAP FUNDO DE ÍNDICE;2023-06-30;488188;6082145827.36;AÇÕES;Ação ordinária;N;Para negociação;49194.00;289698.00;396103.00;2726607.65;1162873.00;8977379.56;;;GUAR3;;;;;;;;1973-05-14;;;;
FIIM;10.406.600/0001-08;ISHARES BM&FBOVESPA SMALL CAP FUNDO DE ÍNDICE;2023-06-30;488188;6082145827.36;AÇÕES;Ação ordinária;N;Para negociação;60624.00;490380.80;488150.00;3919568.68;1869417.00;14058015.84;;;JALL3;;;;;;;;2021-07-28;;;;
FIIM;10.406.600/0001-08;ISHARES BM&FBOVESPA SMALL CAP FUNDO DE ÍNDICE;2023-06-30;488188;6082145827.36;AÇÕES;Ação ordinária;N;Para negociação;158004.00;1724350.32;1272264.00;13606244.82;4053453.00;43088205.39;;;BEEF3;;;;;;;;2007-07-20;;;;
FIIM;10.406.600/0001-08;ISHARES BM&FBOVESPA SMALL CAP FUNDO DE ÍNDICE;2023-06-30;488188;6082145827.36;AÇÕES;Ação ordinária;N;Para negociação;143460.00;237824.80;1155146.00;2084201.04;4015335.00;7307909.70;;;ESPA3;;;;;;;;2021-05-03;;;;
FIIM;10.406.600/0001-08;ISHARES BM&FBOVESPA SMALL CAP FUNDO DE ÍNDICE;2023-06-30;488188;6082145827.36;AÇÕES;Ação ordinária;N;Para negociação;160470.00;360522.60;1292101.00;3257626.93;4947933.00;12765667.14;;;MEAL3;;;;;;;;2015-03-31;;;;
FIIM;10.406.600/0001-08;ISHARES BM&FBOVESPA SMALL CAP FUNDO DE ÍNDICE;2023-06-30;488188;6082145827.36;AÇÕES;Ação ordinária;N;Para negociação;69174.00;871976.70;556997.00;7052503.99;2070618.00;26607441.30;;;TTEN3;;;;;;;;2021-07-12;;;;
FIIM;10.406.600/0001-08;ISHARES BM&FBOVESPA SMALL CAP FUNDO DE ÍNDICE;2023-06-30;488188;6082145827.36;AÇÕES;Ação ordinária;N;Para negociação;204228.00;2142351.72;1644456.00;17970724.74;5459236.00;61689366.80;;;MEGA3;;;;;;;;2021-12-27;;;;
FIIM;10.406.600/0001-08;ISHARES BM&FBOVESPA SMALL CAP FUNDO DE ÍNDICE;2023-06-30;488188;6082145827.36;AÇÕES;Ação ordinária;N;Para negociação;521190.00;4920612.70;4196641.00;42134432.92;16069085.00;163261903.60;;;STBP3;;;;;;;;2007-11-21;;;;
FIIM;10.406.600/0001-08;ISHARES BM&FBOVESPA SMALL CAP FUNDO DE ÍNDICE;2023-06-30;488188;6082145827.36;AÇÕES;Ação ordinária;N;Para negociação;108990.00;1279905.90;877583.00;10225025.93;3360273.00;37870276.71;;;MILS3;;;;;;;;2010-04-16;;;;
FIIM;10.406.600/0001-08;ISHARES BM&FBOVESPA SMALL CAP FUNDO DE ÍNDICE;2023-06-30;488188;6082145827.36;AÇÕES;Ação ordinária;N;Para negociação;40986.00;1042365.06;330025.00;8586514.41;863992.00;22653870.24;;;TUPY3;;;;;;;;1973-06-13;;;;
FIIM;10.406.600/0001-08;ISHARES BM&FBOVESPA SMALL CAP FUNDO DE ÍNDICE;2023-06-30;488188;6082145827.36;AÇÕES;Ação ordinária;N;Para negociação;108594.00;584235.72;874393.00;5259077.59;3262403.00;19868034.27;;;LJQQ3;;;;;;;;2020-08-10;;;;
FIIM;10.406.600/0001-08;ISHARES BM&FBOVESPA SMALL CAP FUNDO DE ÍNDICE;2023-06-30;488188;6082145827.36;AÇÕES;Ação ordinária;N;Para negociação;69516.00;1848662.16;559738.00;14353302.66;1427337.00;36953754.93;;;INTB3;;;;;;;;2021-02-04;;;;
FIIM;10.406.600/0001-08;ISHARES BM&FBOVESPA SMALL CAP FUNDO DE ÍNDICE;2023-06-30;488188;6082145827.36;AÇÕES;Ação ordinária;N;Para negociação;167994.00;3082129.92;1352697.00;25860838.92;3508938.00;67266341.46;;;RECV3;;;;;;;;2021-05-05;;;;
FIIM;10.406.600/0001-08;ISHARES BM&FBOVESPA SMALL CAP FUNDO DE ÍNDICE;2023-06-30;488188;6082145827.36;AÇÕES;Ação ordinária;N;Para negociação;168732.00;801102.04;1358642.00;6558292.36;4761273.00;23044561.32;;;QUAL3;;;;;;;;2011-06-29;;;;
FIIM;10.406.600/0001-08;ISHARES BM&FBOVESPA SMALL CAP FUNDO DE ÍNDICE;2023-06-30;488188;6082145827.36;AÇÕES;Ação ordinária;N;Para negociação;95832.00;1638088.32;771644.00;13628604.12;1877463.00;35127332.73;;;PCAR3;;;;;;;;1995-10-03;;;;
FIIM;10.406.600/0001-08;ISHARES BM&FBOVESPA SMALL CAP FUNDO DE ÍNDICE;2023-06-30;488188;6082145827.36;AÇÕES;Ação ordinária;N;Para negociação;44964.00;336480.60;362056.00;3208405.10;1383832.00;12758931.04;;;POSI3;;;;;;;;2006-12-11;;;;
FIIM;10.406.600/0001-08;ISHARES BM&FBOVESPA SMALL CAP FUNDO DE ÍNDICE;2023-06-30;488188;6082145827.36;AÇÕES;Ação ordinária;N;Para negociação;32328.00;140123.92;260308.00;1221157.52;777081.00;3885405.00;;;SEER3;;;;;;;;2013-10-29;;;;
FIIM;10.406.600/0001-08;ISHARES BM&FBOVESPA SMALL CAP FUNDO DE ÍNDICE;2023-06-30;488188;6082145827.36;AÇÕES;Ação ordinária;N;Para negociação;64440.00;308524.40;518876.00;2749854.84;1055193.00;5729697.99;;;CEAB3;;;;;;;;2019-10-28;;;;
FIIM;10.406.600/0001-08;ISHARES BM&FBOVESPA SMALL CAP FUNDO DE ÍNDICE;2023-06-30;488188;6082145827.36;AÇÕES;Ação ordinária;N;Para negociação;43272.00;523975.84;348426.00;4319683.78;1334154.00;17077171.20;;;PNVL3;;;;;;;;1984-08-03;;;;
FIIM;10.406.600/0001-08;ISHARES BM&FBOVESPA SMALL CAP FUNDO DE ÍNDICE;2023-06-30;488188;6082145827.36;AÇÕES;Ação ordinária;N;Para negociação;1101960.00;3368324.40;8873022.00;28680916.82;29449692.00;96005995.92;;;COGN3;;;;;;;;2019-10-11;;;;
FIIM;10.406.600/0001-08;ISHARES BM&FBOVESPA SMALL CAP FUNDO DE ÍNDICE;2023-06-30;488188;6082145827.36;AÇÕES;Ação ordinária;N;Para negociação;160632.00;1620776.88;1293420.00;14237492.40;4884605.00;57784877.15;;;DASA3;;;;;;;;2004-11-19;;;;
FIIM;10.406.600/0001-08;ISHARES BM&FBOVESPA SMALL CAP FUNDO DE ÍNDICE;2023-06-30;488188;6082145827.36;AÇÕES;Ação ordinária;N;Para negociação;41976.00;371301.04;337986.00;2839992.76;729192.00;5694989.52;;;CASH3;;;;;;;;2020-11-05;;;;
FIIM;10.406.600/0001-08;ISHARES BM&FBOVESPA SMALL CAP FUNDO DE ÍNDICE;2023-06-30;488188;6082145827.36;AÇÕES;Ação ordinária;N;Para negociação;149328.00;3492450.08;1202388.00;28253751.56;4604355.00;108754865.10;;;ENBR3;;;;;;;;2005-07-13;;;;
FIIM;10.406.600/0001-08;ISHARES BM&FBOVESPA SMALL CAP FUNDO DE ÍNDICE;2023-06-30;488188;6082145827.36;AÇÕES;Ação ordinária;N;Para negociação;702.00;46803.90;5655.00;421139.55;21329.00;1732767.96;;;BRPR3;;;;;;;;2007-04-23;;;;
FIIM;10.406.600/0001-08;ISHARES BM&FBOVESPA SMALL CAP FUNDO DE ÍNDICE;2023-06-30;488188;6082145827.36;AÇÕES;Ação ordinária;N;Para negociação;957168.00;2366332.00;7707146.00;18548359.98;19243655.00;41373858.25;;;VIIA3;;;;;;;;2021-08-16;;;;
FIIM;10.406.600/0001-08;ISHARES BM&FBOVESPA SMALL CAP FUNDO DE ÍNDICE;2023-06-30;488188;6082145827.36;AÇÕES;Ação ordinária;N;Para negociação;49194.00;487020.60;396103.00;4196933.40;1226352.00;13072912.32;;;MATD3;;;;;;;;2021-04-16;;;;
FIIM;10.406.600/0001-08;ISHARES BM&FBOVESPA SMALL CAP FUNDO DE ÍNDICE;2023-06-30;488188;6082145827.36;AÇÕES;Ação ordinária;N;Para negociação;114390.00;2255897.90;921069.00;19013883.66;3448109.00;72927505.35;;;CSMG3;;;;;;;;2006-02-08;;;;
FIIM;10.406.600/0001-08;ISHARES BM&FBOVESPA SMALL CAP FUNDO DE ÍNDICE;2023-06-30;488188;6082145827.36;AÇÕES;Ação ordinária;N;Para negociação;42840.00;222530.00;344946.00;1889549.62;913955.00;5081589.80;;;TRIS3;;;;;;;;2007-10-15;;;;
FIIM;10.406.600/0001-08;ISHARES BM&FBOVESPA SMALL CAP FUNDO DE ÍNDICE;2023-06-30;488188;6082145827.36;AÇÕES;Ação preferencial;N;Para negociação;198864.00;3672576.16;1601260.00;33417095.80;4240214.00;92691078.04;;;AZUL4;;;;;;;;2017-04-11;;;;
FIIM;10.406.600/0001-08;ISHARES BM&FBOVESPA SMALL CAP FUNDO DE ÍNDICE;2023-06-30;488188;6082145827.36;AÇÕES;Ação preferencial;N;Para negociação;107874.00;1247982.32;868607.00;10345528.40;3324106.00;40454370.02;;;RAPT4;;;;;;;;1993-03-19;;;;
FIIM;10.406.600/0001-08;ISHARES BM&FBOVESPA SMALL CAP FUNDO DE ÍNDICE;2023-06-30;488188;6082145827.36;AÇÕES;Ação preferencial;N;Para negociação;27792.00;1983020.96;223782.00;17173065.20;659606.00;52201218.84;;;UNIP6;;;;;;;;1980-06-04;;;;
FIIM;10.406.600/0001-08;ISHARES BM&FBOVESPA SMALL CAP FUNDO DE ÍNDICE;2023-06-30;488188;6082145827.36;AÇÕES;Ação preferencial;N;Para negociação;41418.00;618416.76;333505.00;4973128.41;1144718.00;17250900.26;;;TASA4;;;;;;;;2019-11-12;;;;
FIIM;10.406.600/0001-08;ISHARES BM&FBOVESPA SMALL CAP FUNDO DE ÍNDICE;2023-06-30;488188;6082145827.36;AÇÕES;Ação preferencial;N;Para negociação;336816.00;1672852.80;2712050.00;14060134.10;7573190.00;39456319.90;;;POMO4;;;;;;;;1978-07-20;;;;
FIIM;10.406.600/0001-08;ISHARES BM&FBOVESPA SMALL CAP FUNDO DE ÍNDICE;2023-06-30;488188;6082145827.36;AÇÕES;Ação preferencial;N;Para negociação;132444.00;1288680.12;1066448.00;12510641.54;2716273.00;35773315.41;;;GOLL4;;;;;;;;2004-06-24;;;;
FIIM;10.406.600/0001-08;ISHARES BM&FBOVESPA SMALL CAP FUNDO DE ÍNDICE;2023-06-30;488188;6082145827.36;AÇÕES;Ação preferencial;N;Para negociação;24570.00;1167402.60;197841.00;9518868.87;741375.00;35934446.25;;;FESA4;;;;;;;;1979-01-31;;;;
FIIM;10.406.600/0001-08;ISHARES BM&FBOVESPA SMALL CAP FUNDO DE ÍNDICE;2023-06-30;488188;6082145827.36;AÇÕES;Ação preferencial;N;Para negociação;312588.00;2288838.80;2516964.00;18250172.46;6450456.00;45604723.92;;;USIM5;;;;;;;;1999-02-02;;;;
FIIM;10.406.600/0001-08;ISHARES BM&FBOVESPA SMALL CAP FUNDO DE ÍNDICE;2023-06-30;488188;6082145827.36;AÇÕES;Ação preferencial;N;Para negociação;404964.00;4736278.96;3260782.00;38893647.52;12193730.00;144129888.60;;;GOAU4;;;;;;;;1973-08-27;;;;
FIIM;10.406.600/0001-08;ISHARES BM&FBOVESPA SMALL CAP FUNDO DE ÍNDICE;2023-06-30;488188;6082145827.36;AÇÕES;Ação preferencial;N;Para negociação;40428.00;715890.04;325530.00;5978341.72;1246849.00;23777410.43;;;ABCB4;;;;;;;;2007-07-25;;;;
FIIM;10.406.600/0001-08;ISHARES BM&FBOVESPA SMALL CAP FUNDO DE ÍNDICE;2023-06-30;488188;6082145827.36;AÇÕES;Ação preferencial;N;Para negociação;207306.00;1594643.82;1669237.00;14456118.47;4557330.00;41699569.50;;;BPAN4;;;;;;;;2014-08-05;;;;
FIIM;10.406.600/0001-08;ISHARES BM&FBOVESPA SMALL CAP FUNDO DE ÍNDICE;2023-06-30;488188;6082145827.36;AÇÕES;Ação preferencial;N;Para negociação;122922.00;1667641.80;989771.00;14318815.43;3606034.00;54090510.00;;;BRSR6;;;;;;;;2007-09-03;;;;
FIIM;10.406.600/0001-08;ISHARES BM&FBOVESPA SMALL CAP FUNDO DE ÍNDICE;2023-06-30;488188;6082145827.36;AÇÕES;Ação preferencial;N;Para negociação;152352.00;3441970.24;1226734.00;27886350.38;4297436.00;95446053.56;;;BRAP4;;;;;;;;2000-08-10;;;;
FIIM;10.406.600/0001-08;ISHARES BM&FBOVESPA SMALL CAP FUNDO DE ÍNDICE;2023-06-30;488188;6082145827.36;AÇÕES;Ação preferencial;N;Para negociação;123066.00;1299166.74;990931.00;10191601.11;2772470.00;25783971.00;;;ALPA4;;;;;;;;1973-03-19;;;;
FIIM;10.406.600/0001-08;ISHARES BM&FBOVESPA SMALL CAP FUNDO DE ÍNDICE;2023-06-30;488188;6082145827.36;DISPONIBILIDADES;Outros;;Para negociação;;;;;;10929.72;;;;Disponibilidade;;;;;;;;;;;
FIIM;10.406.600/0001-08;ISHARES BM&FBOVESPA SMALL CAP FUNDO DE ÍNDICE;2023-06-30;488188;6082145827.36;VALORES A PAGAR;Outros;;Para negociação;;;;;;460423751.03;;;;Valores a Pagar;;;;;;;;;;;
FIIM;10.406.600/0001-08;ISHARES BM&FBOVESPA SMALL CAP FUNDO DE ÍNDICE;2023-06-30;488188;6082145827.36;VALORES A RECEBER;Outros;;Para negociação;;;;;;482504395.70;;;;Valores a Receber;;;;;;;;;;;
FIIM;10.406.600/0001-08;ISHARES BM&FBOVESPA SMALL CAP FUNDO DE ÍNDICE;2023-06-30;488188;6082145827.36;MERCADO FUTURO - POSIÇÕES COMPRADAS;Contrato Futuro;;Para negociação;;;;;2328.00;-312417.60;;;;FUT WIN/Q23;;;;;;;;;;;
FIIM;10.406.600/0001-08;ISHARES BM&FBOVESPA SMALL CAP FUNDO DE ÍNDICE;2023-06-30;488188;6082145827.36;AÇÕES E OUTROS TVM CEDIDOS EM EMPRÉSTIMO;Ação ordinária;N;Para negociação;;;;;1671218.00;32037249.06;;;RECV3;;;;;;;;2021-05-05;;;;
FIIM;10.406.600/0001-08;ISHARES BM&FBOVESPA SMALL CAP FUNDO DE ÍNDICE;2023-06-30;488188;6082145827.36;AÇÕES E OUTROS TVM CEDIDOS EM EMPRÉSTIMO;Ação ordinária;N;Para negociação;;;;;716076.00;18539207.64;;;INTB3;;;;;;;;2021-02-04;;;;
FIIM;10.406.600/0001-08;ISHARES BM&FBOVESPA SMALL CAP FUNDO DE ÍNDICE;2023-06-30;488188;6082145827.36;AÇÕES E OUTROS TVM CEDIDOS EM EMPRÉSTIMO;Ação ordinária;N;Para negociação;;;;;877999.00;16172741.58;;;EZTC3;;;;;;;;2007-06-22;;;;
FIIM;10.406.600/0001-08;ISHARES BM&FBOVESPA SMALL CAP FUNDO DE ÍNDICE;2023-06-30;488188;6082145827.36;AÇÕES E OUTROS TVM CEDIDOS EM EMPRÉSTIMO;Ação ordinária;N;Para negociação;;;;;408131.00;742798.42;;;ESPA3;;;;;;;;2021-05-03;;;;
FIIM;10.406.600/0001-08;ISHARES BM&FBOVESPA SMALL CAP FUNDO DE ÍNDICE;2023-06-30;488188;6082145827.36;AÇÕES E OUTROS TVM CEDIDOS EM EMPRÉSTIMO;Ação ordinária;N;Para negociação;;;;;489383.00;3660584.84;;;GRND3;;;;;;;;2004-10-29;;;;
FIIM;10.406.600/0001-08;ISHARES BM&FBOVESPA SMALL CAP FUNDO DE ÍNDICE;2023-06-30;488188;6082145827.36;AÇÕES E OUTROS TVM CEDIDOS EM EMPRÉSTIMO;Ação ordinária;N;Para negociação;;;;;4409926.00;14023564.68;;;HBSA3;;;;;;;;2020-09-25;;;;
FIIM;10.406.600/0001-08;ISHARES BM&FBOVESPA SMALL CAP FUNDO DE ÍNDICE;2023-06-30;488188;6082145827.36;AÇÕES E OUTROS TVM CEDIDOS EM EMPRÉSTIMO;Ação ordinária;N;Para negociação;;;;;124338.00;5293068.66;;;MDIA3;;;;;;;;2006-10-18;;;;
FIIM;10.406.600/0001-08;ISHARES BM&FBOVESPA SMALL CAP FUNDO DE ÍNDICE;2023-06-30;488188;6082145827.36;AÇÕES E OUTROS TVM CEDIDOS EM EMPRÉSTIMO;Ação ordinária;N;Para negociação;;;;;1422500.00;14978925.00;;;MOVI3;;;;;;;;2017-02-08;;;;
FIIM;10.406.600/0001-08;ISHARES BM&FBOVESPA SMALL CAP FUNDO DE ÍNDICE;2023-06-30;488188;6082145827.36;AÇÕES E OUTROS TVM CEDIDOS EM EMPRÉSTIMO;Ação ordinária;N;Para negociação;;;;;219848.00;1099240.00;;;SEER3;;;;;;;;2013-10-29;;;;
FIIM;10.406.600/0001-08;ISHARES BM&FBOVESPA SMALL CAP FUNDO DE ÍNDICE;2023-06-30;488188;6082145827.36;AÇÕES E OUTROS TVM CEDIDOS EM EMPRÉSTIMO;Ação ordinária;N;Para negociação;;;;;1205243.00;10063779.05;;;DXCO3;;;;;;;;2021-08-19;;;;
FIIM;10.406.600/0001-08;ISHARES BM&FBOVESPA SMALL CAP FUNDO DE ÍNDICE;2023-06-30;488188;6082145827.36;AÇÕES E OUTROS TVM CEDIDOS EM EMPRÉSTIMO;Ação ordinária;N;Para negociação;;;;;183680.00;14523577.60;;;ARZZ3;;;;;;;;2011-02-02;;;;
FIIM;10.406.600/0001-08;ISHARES BM&FBOVESPA SMALL CAP FUNDO DE ÍNDICE;2023-06-30;488188;6082145827.36;AÇÕES E OUTROS TVM CEDIDOS EM EMPRÉSTIMO;Ação ordinária;N;Para negociação;;;;;62583.00;804191.55;;;TTEN3;;;;;;;;2021-07-12;;;;
FIIM;10.406.600/0001-08;ISHARES BM&FBOVESPA SMALL CAP FUNDO DE ÍNDICE;2023-06-30;488188;6082145827.36;AÇÕES E OUTROS TVM CEDIDOS EM EMPRÉSTIMO;Ação ordinária;N;Para negociação;;;;;594876.00;14580410.76;;;AGRO3;;;;;;;;2006-05-02;;;;
FIIM;10.406.600/0001-08;ISHARES BM&FBOVESPA SMALL CAP FUNDO DE ÍNDICE;2023-06-30;488188;6082145827.36;AÇÕES E OUTROS TVM CEDIDOS EM EMPRÉSTIMO;Ação ordinária;N;Para negociação;;;;;170580.00;2130544.20;;;MYPK3;;;;;;;;1984-09-14;;;;
FIIM;10.406.600/0001-08;ISHARES BM&FBOVESPA SMALL CAP FUNDO DE ÍNDICE;2023-06-30;488188;6082145827.36;AÇÕES E OUTROS TVM CEDIDOS EM EMPRÉSTIMO;Ação ordinária;N;Para negociação;;;;;1132307.00;10179439.93;;;SIMH3;;;;;;;;2020-09-18;;;;
FIIM;10.406.600/0001-08;ISHARES BM&FBOVESPA SMALL CAP FUNDO DE ÍNDICE;2023-06-30;488188;6082145827.36;AÇÕES E OUTROS TVM CEDIDOS EM EMPRÉSTIMO;Ação ordinária;N;Para negociação;;;;;1877627.00;13650348.29;;;MRFG3;;;;;;;;2007-06-28;;;;
FIIM;10.406.600/0001-08;ISHARES BM&FBOVESPA SMALL CAP FUNDO DE ÍNDICE;2023-06-30;488188;6082145827.36;AÇÕES E OUTROS TVM CEDIDOS EM EMPRÉSTIMO;Ação ordinária;N;Para negociação;;;;;439029.00;3099544.74;;;CAML3;;;;;;;;2017-09-28;;;;
FIIM;10.406.600/0001-08;ISHARES BM&FBOVESPA SMALL CAP FUNDO DE ÍNDICE;2023-06-30;488188;6082145827.36;AÇÕES E OUTROS TVM CEDIDOS EM EMPRÉSTIMO;Ação ordinária;N;Para negociação;;;;;10269185.00;22078747.75;;;VIIA3;;;;;;;;2021-08-16;;;;
FIIM;10.406.600/0001-08;ISHARES BM&FBOVESPA SMALL CAP FUNDO DE ÍNDICE;2023-06-30;488188;6082145827.36;AÇÕES E OUTROS TVM CEDIDOS EM EMPRÉSTIMO;Ação ordinária;N;Para negociação;;;;;100.00;1280.00;;;PNVL3;;;;;;;;1984-08-03;;;;
FIIM;10.406.600/0001-08;ISHARES BM&FBOVESPA SMALL CAP FUNDO DE ÍNDICE;2023-06-30;488188;6082145827.36;AÇÕES E OUTROS TVM CEDIDOS EM EMPRÉSTIMO;Ação ordinária;N;Para negociação;;;;;393423.00;1593363.15;;;PGMN3;;;;;;;;2020-09-02;;;;
FIIM;10.406.600/0001-08;ISHARES BM&FBOVESPA SMALL CAP FUNDO DE ÍNDICE;2023-06-30;488188;6082145827.36;AÇÕES E OUTROS TVM CEDIDOS EM EMPRÉSTIMO;Ação ordinária;N;Para negociação;;;;;1398377.00;28149329.01;;;CYRE3;;;;;;;;1996-05-27;;;;
FIIM;10.406.600/0001-08;ISHARES BM&FBOVESPA SMALL CAP FUNDO DE ÍNDICE;2023-06-30;488188;6082145827.36;AÇÕES E OUTROS TVM CEDIDOS EM EMPRÉSTIMO;Ação ordinária;N;Para negociação;;;;;406982.00;2262819.92;;;TRIS3;;;;;;;;2007-10-15;;;;
FIIM;10.406.600/0001-08;ISHARES BM&FBOVESPA SMALL CAP FUNDO DE ÍNDICE;2023-06-30;488188;6082145827.36;AÇÕES E OUTROS TVM CEDIDOS EM EMPRÉSTIMO;Ação ordinária;N;Para negociação;;;;;361.00;4068.47;;;MILS3;;;;;;;;2010-04-16;;;;
FIIM;10.406.600/0001-08;ISHARES BM&FBOVESPA SMALL CAP FUNDO DE ÍNDICE;2023-06-30;488188;6082145827.36;AÇÕES E OUTROS TVM CEDIDOS EM EMPRÉSTIMO;Ação ordinária;N;Para negociação;;;;;651172.00;2728410.68;;;ANIM3;;;;;;;;2013-10-28;;;;
FIIM;10.406.600/0001-08;ISHARES BM&FBOVESPA SMALL CAP FUNDO DE ÍNDICE;2023-06-30;488188;6082145827.36;AÇÕES E OUTROS TVM CEDIDOS EM EMPRÉSTIMO;Ação ordinária;N;Para negociação;;;;;105568.00;1066236.80;;;ONCO3;;;;;;;;2021-08-10;;;;
FIIM;10.406.600/0001-08;ISHARES BM&FBOVESPA SMALL CAP FUNDO DE ÍNDICE;2023-06-30;488188;6082145827.36;AÇÕES E OUTROS TVM CEDIDOS EM EMPRÉSTIMO;Ação ordinária;N;Para negociação;;;;;3235366.00;39633233.50;;;AESB3;;;;;;;;2021-03-29;;;;
FIIM;10.406.600/0001-08;ISHARES BM&FBOVESPA SMALL CAP FUNDO DE ÍNDICE;2023-06-30;488188;6082145827.36;AÇÕES E OUTROS TVM CEDIDOS EM EMPRÉSTIMO;Ação ordinária;N;Para negociação;;;;;2664.00;18541.44;;;PTBL3;;;;;;;;1991-11-11;;;;
FIIM;10.406.600/0001-08;ISHARES BM&FBOVESPA SMALL CAP FUNDO DE ÍNDICE;2023-06-30;488188;6082145827.36;AÇÕES E OUTROS TVM CEDIDOS EM EMPRÉSTIMO;Ação ordinária;N;Para negociação;;;;;1071.00;10881.36;;;STBP3;;;;;;;;2007-11-21;;;;
FIIM;10.406.600/0001-08;ISHARES BM&FBOVESPA SMALL CAP FUNDO DE ÍNDICE;2023-06-30;488188;6082145827.36;AÇÕES E OUTROS TVM CEDIDOS EM EMPRÉSTIMO;Ação ordinária;N;Para negociação;;;;;620956.00;10487946.84;;;GGPS3;;;;;;;;2021-04-26;;;;
FIIM;10.406.600/0001-08;ISHARES BM&FBOVESPA SMALL CAP FUNDO DE ÍNDICE;2023-06-30;488188;6082145827.36;AÇÕES E OUTROS TVM CEDIDOS EM EMPRÉSTIMO;Ação ordinária;N;Para negociação;;;;;68605.00;811597.15;;;DASA3;;;;;;;;2004-11-19;;;;
FIIM;10.406.600/0001-08;ISHARES BM&FBOVESPA SMALL CAP FUNDO DE ÍNDICE;2023-06-30;488188;6082145827.36;AÇÕES E OUTROS TVM CEDIDOS EM EMPRÉSTIMO;Ação ordinária;N;Para negociação;;;;;290575.00;3097529.50;;;MATD3;;;;;;;;2021-04-16;;;;
FIIM;10.406.600/0001-08;ISHARES BM&FBOVESPA SMALL CAP FUNDO DE ÍNDICE;2023-06-30;488188;6082145827.36;AÇÕES E OUTROS TVM CEDIDOS EM EMPRÉSTIMO;Ação ordinária;N;Para negociação;;;;;72699.00;2710945.71;;;ORVR3;;;;;;;;2021-02-17;;;;
FIIM;10.406.600/0001-08;ISHARES BM&FBOVESPA SMALL CAP FUNDO DE ÍNDICE;2023-06-30;488188;6082145827.36;AÇÕES E OUTROS TVM CEDIDOS EM EMPRÉSTIMO;Ação ordinária;N;Para negociação;;;;;373325.00;5991866.25;;;FLRY3;;;;;;;;2009-12-17;;;;
FIIM;10.406.600/0001-08;ISHARES BM&FBOVESPA SMALL CAP FUNDO DE ÍNDICE;2023-06-30;488188;6082145827.36;AÇÕES E OUTROS TVM CEDIDOS EM EMPRÉSTIMO;Ação ordinária;N;Para negociação;;;;;932002.00;5060770.86;;;CEAB3;;;;;;;;2019-10-28;;;;
FIIM;10.406.600/0001-08;ISHARES BM&FBOVESPA SMALL CAP FUNDO DE ÍNDICE;2023-06-30;488188;6082145827.36;AÇÕES E OUTROS TVM CEDIDOS EM EMPRÉSTIMO;Ação ordinária;N;Para negociação;;;;;2700.00;24894.00;;;POSI3;;;;;;;;2006-12-11;;;;
FIIM;10.406.600/0001-08;ISHARES BM&FBOVESPA SMALL CAP FUNDO DE ÍNDICE;2023-06-30;488188;6082145827.36;AÇÕES E OUTROS TVM CEDIDOS EM EMPRÉSTIMO;Ação ordinária;N;Para negociação;;;;;1077408.00;20158303.68;;;PCAR3;;;;;;;;1995-10-03;;;;
FIIM;10.406.600/0001-08;ISHARES BM&FBOVESPA SMALL CAP FUNDO DE ÍNDICE;2023-06-30;488188;6082145827.36;AÇÕES E OUTROS TVM CEDIDOS EM EMPRÉSTIMO;Ação ordinária;N;Para negociação;;;;;838082.00;9470326.60;;;MEGA3;;;;;;;;2021-12-27;;;;
FIIM;10.406.600/0001-08;ISHARES BM&FBOVESPA SMALL CAP FUNDO DE ÍNDICE;2023-06-30;488188;6082145827.36;AÇÕES E OUTROS TVM CEDIDOS EM EMPRÉSTIMO;Ação ordinária;N;Para negociação;;;;;242325.00;3329545.50;;;ENAT3;;;;;;;;2019-04-24;;;;
FIIM;10.406.600/0001-08;ISHARES BM&FBOVESPA SMALL CAP FUNDO DE ÍNDICE;2023-06-30;488188;6082145827.36;AÇÕES E OUTROS TVM CEDIDOS EM EMPRÉSTIMO;Ação ordinária;N;Para negociação;;;;;100.00;2848.00;;;VIVA3;;;;;;;;2019-10-10;;;;
FIIM;10.406.600/0001-08;ISHARES BM&FBOVESPA SMALL CAP FUNDO DE ÍNDICE;2023-06-30;488188;6082145827.36;AÇÕES E OUTROS TVM CEDIDOS EM EMPRÉSTIMO;Ação ordinária;N;Para negociação;;;;;52100.00;1239980.00;;;AALR3;;;;;;;;2016-10-28;;;;
FIIM;10.406.600/0001-08;ISHARES BM&FBOVESPA SMALL CAP FUNDO DE ÍNDICE;2023-06-30;488188;6082145827.36;AÇÕES E OUTROS TVM CEDIDOS EM EMPRÉSTIMO;Ação ordinária;N;Para negociação;;;;;1686525.00;8500086.00;;;CBAV3;;;;;;;;2021-07-15;;;;
FIIM;10.406.600/0001-08;ISHARES BM&FBOVESPA SMALL CAP FUNDO DE ÍNDICE;2023-06-30;488188;6082145827.36;AÇÕES E OUTROS TVM CEDIDOS EM EMPRÉSTIMO;Ação ordinária;N;Para negociação;;;;;49839.00;339403.59;;;EVEN3;;;;;;;;2007-04-02;;;;
FIIM;10.406.600/0001-08;ISHARES BM&FBOVESPA SMALL CAP FUNDO DE ÍNDICE;2023-06-30;488188;6082145827.36;AÇÕES E OUTROS TVM CEDIDOS EM EMPRÉSTIMO;Ação ordinária;N;Para negociação;;;;;100.00;5132.00;;;LOGN3;;;;;;;;2007-06-21;;;;
FIIM;10.406.600/0001-08;ISHARES BM&FBOVESPA SMALL CAP FUNDO DE ÍNDICE;2023-06-30;488188;6082145827.36;AÇÕES E OUTROS TVM CEDIDOS EM EMPRÉSTIMO;Ação ordinária;N;Para negociação;;;;;305455.00;1072147.05;;;CVCB3;;;;;;;;2013-12-09;;;;
FIIM;10.406.600/0001-08;ISHARES BM&FBOVESPA SMALL CAP FUNDO DE ÍNDICE;2023-06-30;488188;6082145827.36;AÇÕES E OUTROS TVM CEDIDOS EM EMPRÉSTIMO;Ação ordinária;N;Para negociação;;;;;1815836.00;11802934.00;;;ECOR3;;;;;;;;2010-04-01;;;;
FIIM;10.406.600/0001-08;ISHARES BM&FBOVESPA SMALL CAP FUNDO DE ÍNDICE;2023-06-30;488188;6082145827.36;AÇÕES E OUTROS TVM CEDIDOS EM EMPRÉSTIMO;Ação ordinária;N;Para negociação;;;;;16185.00;114266.10;;;LAVV3;;;;;;;;2020-09-02;;;;
FIIM;10.406.600/0001-08;ISHARES BM&FBOVESPA SMALL CAP FUNDO DE ÍNDICE;2023-06-30;488188;6082145827.36;AÇÕES E OUTROS TVM CEDIDOS EM EMPRÉSTIMO;Ação ordinária;N;Para negociação;;;;;4527568.00;14759871.68;;;COGN3;;;;;;;;2019-10-11;;;;
FIIM;10.406.600/0001-08;ISHARES BM&FBOVESPA SMALL CAP FUNDO DE ÍNDICE;2023-06-30;488188;6082145827.36;AÇÕES E OUTROS TVM CEDIDOS EM EMPRÉSTIMO;Ação ordinária;N;Para negociação;;;;;461.00;37451.64;;;BRPR3;;;;;;;;2007-04-23;;;;
FIIM;10.406.600/0001-08;ISHARES BM&FBOVESPA SMALL CAP FUNDO DE ÍNDICE;2023-06-30;488188;6082145827.36;AÇÕES E OUTROS TVM CEDIDOS EM EMPRÉSTIMO;Ação ordinária;N;Para negociação;;;;;400063.00;10489651.86;;;TUPY3;;;;;;;;1973-06-13;;;;
FIIM;10.406.600/0001-08;ISHARES BM&FBOVESPA SMALL CAP FUNDO DE ÍNDICE;2023-06-30;488188;6082145827.36;AÇÕES E OUTROS TVM CEDIDOS EM EMPRÉSTIMO;Ação ordinária;N;Para negociação;;;;;353984.00;2732756.48;;;GUAR3;;;;;;;;1973-05-14;;;;
FIIM;10.406.600/0001-08;ISHARES BM&FBOVESPA SMALL CAP FUNDO DE ÍNDICE;2023-06-30;488188;6082145827.36;AÇÕES E OUTROS TVM CEDIDOS EM EMPRÉSTIMO;Ação ordinária;N;Para negociação;;;;;2639896.00;31678752.00;;;SOMA3;;;;;;;;2020-07-31;;;;
FIIM;10.406.600/0001-08;ISHARES BM&FBOVESPA SMALL CAP FUNDO DE ÍNDICE;2023-06-30;488188;6082145827.36;AÇÕES E OUTROS TVM CEDIDOS EM EMPRÉSTIMO;Ação ordinária;N;Para negociação;;;;;2022989.00;3459311.19;;;;IFCM3;;PJ;38456921000136;INFRACOMMERCE CXAAS S.A.;;;;;;;
FIIM;10.406.600/0001-08;ISHARES BM&FBOVESPA SMALL CAP FUNDO DE ÍNDICE;2023-06-30;488188;6082145827.36;AÇÕES E OUTROS TVM CEDIDOS EM EMPRÉSTIMO;Ação ordinária;N;Para negociação;;;;;1349503.00;17934894.87;;;;SBFG3;;PJ;13217485000111;GRUPO SBF SA;;;;;;;
FIIM;10.406.600/0001-08;ISHARES BM&FBOVESPA SMALL CAP FUNDO DE ÍNDICE;2023-06-30;488188;6082145827.36;AÇÕES E OUTROS TVM CEDIDOS EM EMPRÉSTIMO;Ação ordinária;N;Para negociação;;;;;702197.00;30580679.35;;;IRBR3;;;;;;;;2017-07-31;;;;
FIIM;10.406.600/0001-08;ISHARES BM&FBOVESPA SMALL CAP FUNDO DE ÍNDICE;2023-06-30;488188;6082145827.36;AÇÕES E OUTROS TVM CEDIDOS EM EMPRÉSTIMO;Ação ordinária;N;Para negociação;;;;;628521.00;13513201.50;;;SMFT3;;;;;;;;2018-02-26;;;;
FIIM;10.406.600/0001-08;ISHARES BM&FBOVESPA SMALL CAP FUNDO DE ÍNDICE;2023-06-30;488188;6082145827.36;AÇÕES E OUTROS TVM CEDIDOS EM EMPRÉSTIMO;Ação ordinária;N;Para negociação;;;;;2949103.00;19405097.74;;;PETZ3;;;;;;;;2020-09-11;;;;
FIIM;10.406.600/0001-08;ISHARES BM&FBOVESPA SMALL CAP FUNDO DE ÍNDICE;2023-06-30;488188;6082145827.36;AÇÕES E OUTROS TVM CEDIDOS EM EMPRÉSTIMO;Ação ordinária;N;Para negociação;;;;;1585662.00;4883838.96;;;MODL3;;;;;;;;2021-04-30;;;;
FIIM;10.406.600/0001-08;ISHARES BM&FBOVESPA SMALL CAP FUNDO DE ÍNDICE;2023-06-30;488188;6082145827.36;AÇÕES E OUTROS TVM CEDIDOS EM EMPRÉSTIMO;Ação ordinária;N;Para negociação;;;;;1521329.00;28205439.66;;;EMBR3;;;;;;;;1989-08-28;;;;
FIIM;10.406.600/0001-08;ISHARES BM&FBOVESPA SMALL CAP FUNDO DE ÍNDICE;2023-06-30;488188;6082145827.36;AÇÕES E OUTROS TVM CEDIDOS EM EMPRÉSTIMO;Ação ordinária;N;Para negociação;;;;;2224006.00;19081971.48;;;LWSA3;;;;;;;;2020-02-06;;;;
FIIM;10.406.600/0001-08;ISHARES BM&FBOVESPA SMALL CAP FUNDO DE ÍNDICE;2023-06-30;488188;6082145827.36;AÇÕES E OUTROS TVM CEDIDOS EM EMPRÉSTIMO;Ação ordinária;N;Para negociação;;;;;615450.00;2800297.50;;;ZAMP3;;;;;;;;2022-10-26;;;;
FIIM;10.406.600/0001-08;ISHARES BM&FBOVESPA SMALL CAP FUNDO DE ÍNDICE;2023-06-30;488188;6082145827.36;AÇÕES E OUTROS TVM CEDIDOS EM EMPRÉSTIMO;Ação ordinária;N;Para negociação;;;;;557902.00;10962774.30;;;DIRR3;;;;;;;;2009-11-19;;;;
FIIM;10.406.600/0001-08;ISHARES BM&FBOVESPA SMALL CAP FUNDO DE ÍNDICE;2023-06-30;488188;6082145827.36;AÇÕES E OUTROS TVM CEDIDOS EM EMPRÉSTIMO;Ação ordinária;N;Para negociação;;;;;818699.00;8702770.37;;;BEEF3;;;;;;;;2007-07-20;;;;
FIIM;10.406.600/0001-08;ISHARES BM&FBOVESPA SMALL CAP FUNDO DE ÍNDICE;2023-06-30;488188;6082145827.36;AÇÕES E OUTROS TVM CEDIDOS EM EMPRÉSTIMO;Ação ordinária;N;Para negociação;;;;;538902.00;878410.26;;;TRAD3;;;;;;;;2021-07-28;;;;
FIIM;10.406.600/0001-08;ISHARES BM&FBOVESPA SMALL CAP FUNDO DE ÍNDICE;2023-06-30;488188;6082145827.36;AÇÕES E OUTROS TVM CEDIDOS EM EMPRÉSTIMO;Ação ordinária;N;Para negociação;;;;;1323220.00;1759882.60;;;AERI3;;;;;;;;2020-11-11;;;;
FIIM;10.406.600/0001-08;ISHARES BM&FBOVESPA SMALL CAP FUNDO DE ÍNDICE;2023-06-30;488188;6082145827.36;AÇÕES E OUTROS TVM CEDIDOS EM EMPRÉSTIMO;Ação ordinária;N;Para negociação;;;;;2986604.00;34555008.28;;;MRVE3;;;;;;;;2007-07-23;;;;
FIIM;10.406.600/0001-08;ISHARES BM&FBOVESPA SMALL CAP FUNDO DE ÍNDICE;2023-06-30;488188;6082145827.36;AÇÕES E OUTROS TVM CEDIDOS EM EMPRÉSTIMO;Ação ordinária;N;Para negociação;;;;;615113.00;21006108.95;;;SMTO3;;;;;;;;2007-02-12;;;;
FIIM;10.406.600/0001-08;ISHARES BM&FBOVESPA SMALL CAP FUNDO DE ÍNDICE;2023-06-30;488188;6082145827.36;AÇÕES E OUTROS TVM CEDIDOS EM EMPRÉSTIMO;Ação ordinária;N;Para negociação;;;;;490576.00;9723216.32;;;YDUQ3;;;;;;;;2019-07-23;;;;
FIIM;10.406.600/0001-08;ISHARES BM&FBOVESPA SMALL CAP FUNDO DE ÍNDICE;2023-06-30;488188;6082145827.36;AÇÕES E OUTROS TVM CEDIDOS EM EMPRÉSTIMO;Ação ordinária;N;Para negociação;;;;;1151265.00;9141044.10;;;BOAS3;;;;;;;;2020-09-30;;;;
FIIM;10.406.600/0001-08;ISHARES BM&FBOVESPA SMALL CAP FUNDO DE ÍNDICE;2023-06-30;488188;6082145827.36;AÇÕES E OUTROS TVM CEDIDOS EM EMPRÉSTIMO;Ação ordinária;N;Para negociação;;;;;2531210.00;20047183.20;;;GMAT3;;;;;;;;2020-10-13;;;;
FIIM;10.406.600/0001-08;ISHARES BM&FBOVESPA SMALL CAP FUNDO DE ÍNDICE;2023-06-30;488188;6082145827.36;AÇÕES E OUTROS TVM CEDIDOS EM EMPRÉSTIMO;Ação ordinária;N;Para negociação;;;;;463109.00;6937372.82;;;ARML3;;;;;;;;2021-07-28;;;;
FIIM;10.406.600/0001-08;ISHARES BM&FBOVESPA SMALL CAP FUNDO DE ÍNDICE;2023-06-30;488188;6082145827.36;AÇÕES E OUTROS TVM CEDIDOS EM EMPRÉSTIMO;Ação ordinária;N;Para negociação;;;;;334986.00;7406540.46;;;SQIA3;;;;;;;;2019-02-18;;;;
FIIM;10.406.600/0001-08;ISHARES BM&FBOVESPA SMALL CAP FUNDO DE ÍNDICE;2023-06-30;488188;6082145827.36;AÇÕES E OUTROS TVM CEDIDOS EM EMPRÉSTIMO;Ação ordinária;N;Para negociação;;;;;4290.00;72114.90;;;ROMI3;;;;;;;;1973-06-22;;;;
FIIM;10.406.600/0001-08;ISHARES BM&FBOVESPA SMALL CAP FUNDO DE ÍNDICE;2023-06-30;488188;6082145827.36;AÇÕES E OUTROS TVM CEDIDOS EM EMPRÉSTIMO;Ação ordinária;N;Para negociação;;;;;962422.00;4898727.98;;;JHSF3;;;;;;;;2007-04-12;;;;
FIIM;10.406.600/0001-08;ISHARES BM&FBOVESPA SMALL CAP FUNDO DE ÍNDICE;2023-06-30;488188;6082145827.36;AÇÕES E OUTROS TVM CEDIDOS EM EMPRÉSTIMO;Ação ordinária;N;Para negociação;;;;;441722.00;2137934.48;;;QUAL3;;;;;;;;2011-06-29;;;;
FIIM;10.406.600/0001-08;ISHARES BM&FBOVESPA SMALL CAP FUNDO DE ÍNDICE;2023-06-30;488188;6082145827.36;AÇÕES E OUTROS TVM CEDIDOS EM EMPRÉSTIMO;Ação ordinária;N;Para negociação;;;;;50196.00;316234.80;;;WIZC3;;;;;;;;2023-02-09;;;;
FIIM;10.406.600/0001-08;ISHARES BM&FBOVESPA SMALL CAP FUNDO DE ÍNDICE;2023-06-30;488188;6082145827.36;AÇÕES E OUTROS TVM CEDIDOS EM EMPRÉSTIMO;Ação ordinária;N;Para negociação;;;;;3073908.00;75771832.20;;;ALSO3;;;;;;;;2019-08-06;;;;
FIIM;10.406.600/0001-08;ISHARES BM&FBOVESPA SMALL CAP FUNDO DE ÍNDICE;2023-06-30;488188;6082145827.36;AÇÕES E OUTROS TVM CEDIDOS EM EMPRÉSTIMO;Ação ordinária;N;Para negociação;;;;;565018.00;4412790.58;;;CASH3;;;;;;;;2020-11-05;;;;
FIIM;10.406.600/0001-08;ISHARES BM&FBOVESPA SMALL CAP FUNDO DE ÍNDICE;2023-06-30;488188;6082145827.36;AÇÕES E OUTROS TVM CEDIDOS EM EMPRÉSTIMO;Ação ordinária;N;Para negociação;;;;;85974.00;523581.66;;;LJQQ3;;;;;;;;2020-08-10;;;;
FIIM;10.406.600/0001-08;ISHARES BM&FBOVESPA SMALL CAP FUNDO DE ÍNDICE;2023-06-30;488188;6082145827.36;AÇÕES E OUTROS TVM CEDIDOS EM EMPRÉSTIMO;Ação ordinária;N;Para negociação;;;;;1434708.00;18005585.40;;;ODPV3;;;;;;;;2006-12-01;;;;
FIIM;10.406.600/0001-08;ISHARES BM&FBOVESPA SMALL CAP FUNDO DE ÍNDICE;2023-06-30;488188;6082145827.36;AÇÕES E OUTROS TVM CEDIDOS EM EMPRÉSTIMO;Ação ordinária;N;Para negociação;;;;;323437.00;3719525.50;;;TEND3;;;;;;;;2007-10-15;;;;
FIIM;10.406.600/0001-08;ISHARES BM&FBOVESPA SMALL CAP FUNDO DE ÍNDICE;2023-06-30;488188;6082145827.36;AÇÕES E OUTROS TVM CEDIDOS EM EMPRÉSTIMO;Ação ordinária;N;Para negociação;;;;;314947.00;12037274.34;;;SLCE3;;;;;;;;2007-06-15;;;;
FIIM;10.406.600/0001-08;ISHARES BM&FBOVESPA SMALL CAP FUNDO DE ÍNDICE;2023-06-30;488188;6082145827.36;AÇÕES E OUTROS TVM CEDIDOS EM EMPRÉSTIMO;Ação ordinária;N;Para negociação;;;;;291205.00;6342444.90;;;AMBP3;;;;;;;;2020-07-13;;;;
FIIM;10.406.600/0001-08;ISHARES BM&FBOVESPA SMALL CAP FUNDO DE ÍNDICE;2023-06-30;488188;6082145827.36;AÇÕES E OUTROS TVM CEDIDOS EM EMPRÉSTIMO;Ação ordinária;N;Para negociação;;;;;97350.00;2277016.50;;;LOGG3;;;;;;;;2018-12-21;;;;
FIIM;10.406.600/0001-08;ISHARES BM&FBOVESPA SMALL CAP FUNDO DE ÍNDICE;2023-06-30;488188;6082145827.36;AÇÕES E OUTROS TVM CEDIDOS EM EMPRÉSTIMO;Ação ordinária;N;Para negociação;;;;;129757.00;2082599.85;;;CURY3;;;;;;;;2020-09-21;;;;
FIIM;10.406.600/0001-08;ISHARES BM&FBOVESPA SMALL CAP FUNDO DE ÍNDICE;2023-06-30;488188;6082145827.36;AÇÕES E OUTROS TVM CEDIDOS EM EMPRÉSTIMO;Ação ordinária;N;Para negociação;;;;;263784.00;7873952.40;;;RRRP3;;;;;;;;2020-11-12;;;;
FIIM;10.406.600/0001-08;ISHARES BM&FBOVESPA SMALL CAP FUNDO DE ÍNDICE;2023-06-30;488188;6082145827.36;AÇÕES E OUTROS TVM CEDIDOS EM EMPRÉSTIMO;Ação ordinária;N;Para negociação;;;;;26899.00;381696.81;;;BMOB3;;;;;;;;2021-02-10;;;;
FIIM;10.406.600/0001-08;ISHARES BM&FBOVESPA SMALL CAP FUNDO DE ÍNDICE;2023-06-30;488188;6082145827.36;AÇÕES E OUTROS TVM CEDIDOS EM EMPRÉSTIMO;Ação ordinária;N;Para negociação;;;;;17000.00;113900.00;;;CLSA3;;;;;;;;2021-07-28;;;;
FIIM;10.406.600/0001-08;ISHARES BM&FBOVESPA SMALL CAP FUNDO DE ÍNDICE;2023-06-30;488188;6082145827.36;AÇÕES E OUTROS TVM CEDIDOS EM EMPRÉSTIMO;Ação ordinária;N;Para negociação;;;;;1985381.00;2958217.69;;;SEQL3;;;;;;;;2020-10-07;;;;
FIIM;10.406.600/0001-08;ISHARES BM&FBOVESPA SMALL CAP FUNDO DE ÍNDICE;2023-06-30;488188;6082145827.36;AÇÕES E OUTROS TVM CEDIDOS EM EMPRÉSTIMO;Ação ordinária;N;Para negociação;;;;;19052.00;886680.08;;;LEVE3;;;;;;;;1973-04-30;;;;
FIIM;10.406.600/0001-08;ISHARES BM&FBOVESPA SMALL CAP FUNDO DE ÍNDICE;2023-06-30;488188;6082145827.36;AÇÕES E OUTROS TVM CEDIDOS EM EMPRÉSTIMO;Ação ordinária;N;Para negociação;;;;;79029.00;1671463.35;;;CSMG3;;;;;;;;2006-02-08;;;;
FIIM;10.406.600/0001-08;ISHARES BM&FBOVESPA SMALL CAP FUNDO DE ÍNDICE;2023-06-30;488188;6082145827.36;AÇÕES E OUTROS TVM CEDIDOS EM EMPRÉSTIMO;Ação ordinária;N;Para negociação;;;;;1262372.00;11247734.52;;;BRFS3;;;;;;;;2009-12-10;;;;
FIIM;10.406.600/0001-08;ISHARES BM&FBOVESPA SMALL CAP FUNDO DE ÍNDICE;2023-06-30;488188;6082145827.36;AÇÕES E OUTROS TVM CEDIDOS EM EMPRÉSTIMO;Ação ordinária;N;Para negociação;;;;;2600516.00;6475284.84;;;MLAS3;;;;;;;;2021-07-22;;;;
FIIM;10.406.600/0001-08;ISHARES BM&FBOVESPA SMALL CAP FUNDO DE ÍNDICE;2023-06-30;488188;6082145827.36;AÇÕES E OUTROS TVM CEDIDOS EM EMPRÉSTIMO;Ação preferencial;N;Para negociação;;;;;2248.00;27358.16;;;RAPT4;;;;;;;;1993-03-19;;;;
FIIM;10.406.600/0001-08;ISHARES BM&FBOVESPA SMALL CAP FUNDO DE ÍNDICE;2023-06-30;488188;6082145827.36;AÇÕES E OUTROS TVM CEDIDOS EM EMPRÉSTIMO;Ação preferencial;N;Para negociação;;;;;292710.00;3459832.20;;;GOAU4;;;;;;;;1973-08-27;;;;
FIIM;10.406.600/0001-08;ISHARES BM&FBOVESPA SMALL CAP FUNDO DE ÍNDICE;2023-06-30;488188;6082145827.36;AÇÕES E OUTROS TVM CEDIDOS EM EMPRÉSTIMO;Ação preferencial;N;Para negociação;;;;;132551.00;1997543.57;;;TASA4;;;;;;;;2019-11-12;;;;
FIIM;10.406.600/0001-08;ISHARES BM&FBOVESPA SMALL CAP FUNDO DE ÍNDICE;2023-06-30;488188;6082145827.36;AÇÕES E OUTROS TVM CEDIDOS EM EMPRÉSTIMO;Ação preferencial;N;Para negociação;;;;;16423.00;796022.81;;;FESA4;;;;;;;;1979-01-31;;;;
FIIM;10.406.600/0001-08;ISHARES BM&FBOVESPA SMALL CAP FUNDO DE ÍNDICE;2023-06-30;488188;6082145827.36;AÇÕES E OUTROS TVM CEDIDOS EM EMPRÉSTIMO;Ação preferencial;N;Para negociação;;;;;197368.00;15619703.52;;;UNIP6;;;;;;;;1980-06-04;;;;
FIIM;10.406.600/0001-08;ISHARES BM&FBOVESPA SMALL CAP FUNDO DE ÍNDICE;2023-06-30;488188;6082145827.36;AÇÕES E OUTROS TVM CEDIDOS EM EMPRÉSTIMO;Ação preferencial;N;Para negociação;;;;;1891593.00;41350222.98;;;AZUL4;;;;;;;;2017-04-11;;;;
FIIM;10.406.600/0001-08;ISHARES BM&FBOVESPA SMALL CAP FUNDO DE ÍNDICE;2023-06-30;488188;6082145827.36;AÇÕES E OUTROS TVM CEDIDOS EM EMPRÉSTIMO;Ação preferencial;N;Para negociação;;;;;184320.00;2764800.00;;;BRSR6;;;;;;;;2007-09-03;;;;
FIIM;10.406.600/0001-08;ISHARES BM&FBOVESPA SMALL CAP FUNDO DE ÍNDICE;2023-06-30;488188;6082145827.36;AÇÕES E OUTROS TVM CEDIDOS EM EMPRÉSTIMO;Ação preferencial;N;Para negociação;;;;;3187900.00;22538453.00;;;USIM5;;;;;;;;1999-02-02;;;;
FIIM;10.406.600/0001-08;ISHARES BM&FBOVESPA SMALL CAP FUNDO DE ÍNDICE;2023-06-30;488188;6082145827.36;AÇÕES E OUTROS TVM CEDIDOS EM EMPRÉSTIMO;Ação preferencial;N;Para negociação;;;;;400127.00;8886820.67;;;BRAP4;;;;;;;;2000-08-10;;;;
FIIM;10.406.600/0001-08;ISHARES BM&FBOVESPA SMALL CAP FUNDO DE ÍNDICE;2023-06-30;488188;6082145827.36;AÇÕES E OUTROS TVM CEDIDOS EM EMPRÉSTIMO;Ação preferencial;N;Para negociação;;;;;2812256.00;14651853.76;;;POMO4;;;;;;;;1978-07-20;;;;
FIIM;10.406.600/0001-08;ISHARES BM&FBOVESPA SMALL CAP FUNDO DE ÍNDICE;2023-06-30;488188;6082145827.36;AÇÕES E OUTROS TVM CEDIDOS EM EMPRÉSTIMO;Ação preferencial;N;Para negociação;;;;;1834703.00;16787532.45;;;BPAN4;;;;;;;;2014-08-05;;;;
FIIM;10.406.600/0001-08;ISHARES BM&FBOVESPA SMALL CAP FUNDO DE ÍNDICE;2023-06-30;488188;6082145827.36;AÇÕES E OUTROS TVM CEDIDOS EM EMPRÉSTIMO;Ação preferencial;N;Para negociação;;;;;1022221.00;9506655.30;;;ALPA4;;;;;;;;1973-03-19;;;;
FIIM;10.406.600/0001-08;ISHARES BM&FBOVESPA SMALL CAP FUNDO DE ÍNDICE;2023-06-30;488188;6082145827.36;AÇÕES E OUTROS TVM CEDIDOS EM EMPRÉSTIMO;Ação preferencial;N;Para negociação;;;;;1367661.00;18012095.37;;;GOLL4;;;;;;;;2004-06-24;;;;
FIIM;10.406.600/0001-08;ISHARES BM&FBOVESPA SMALL CAP FUNDO DE ÍNDICE;2023-06-30;488188;6082145827.36;AÇÕES E OUTROS TVM CEDIDOS EM EMPRÉSTIMO;Certificado de depósito de ações;N;Para negociação;;;;;101895.00;3054812.10;;;ALUP11;;;;;;;;2013-04-24;;;;
FIIM;10.406.600/0001-08;ISHARES BM&FBOVESPA SMALL CAP FUNDO DE ÍNDICE;2023-06-30;488188;6082145827.36;AÇÕES E OUTROS TVM CEDIDOS EM EMPRÉSTIMO;Certificado de depósito de ações;N;Para negociação;;;;;1412826.00;53178770.64;;;TAEE11;;;;;;;;2012-05-28;;;;
FIIM;10.406.600/0001-08;ISHARES BM&FBOVESPA SMALL CAP FUNDO DE ÍNDICE;2023-06-30;488188;6082145827.36;AÇÕES E OUTROS TVM CEDIDOS EM EMPRÉSTIMO;Certificado de depósito de ações;N;Para negociação;;;;;692481.00;15137634.66;;;SAPR11;;;;;;;;2017-11-17;;;;
FIIM;10.406.600/0001-08;ISHARES BM&FBOVESPA SMALL CAP FUNDO DE ÍNDICE;2023-06-30;488188;6082145827.36;AÇÕES E OUTROS TVM CEDIDOS EM EMPRÉSTIMO;Certificado de depósito de ações;N;Para negociação;;;;;1098961.00;24638705.62;;;IGTI11;;;;;;;;2021-11-22;;;;
FIIM;10.406.600/0001-08;ISHARES BM&FBOVESPA SMALL CAP FUNDO DE ÍNDICE;2023-06-30;488188;6082145827.36;OPERAÇÕES COMPROMISSADAS;;N;Para negociação;;;;;12514.00;52467500.73;;;;;2045-05-15;;;;;760199;;;;;
FIIM;10.406.600/0001-08;ISHARES BM&FBOVESPA SMALL CAP FUNDO DE ÍNDICE;2023-06-30;488188;6082145827.36;CERTIFICADO OU RECIBO DE DEPÓSITO DE VALORES MOBILIÁRIOS;Certificado de depósito de ações;N;Para negociação;;;;;2677612.00;100785315.68;;;TAEE11;;;;;;;;2012-05-28;;;;
FIIM;10.406.600/0001-08;ISHARES BM&FBOVESPA SMALL CAP FUNDO DE ÍNDICE;2023-06-30;488188;6082145827.36;CERTIFICADO OU RECIBO DE DEPÓSITO DE VALORES MOBILIÁRIOS;Certificado de depósito de ações;N;Para negociação;;;;;3070657.00;67124562.02;;;SAPR11;;;;;;;;2017-11-17;;;;
FIIM;10.406.600/0001-08;ISHARES BM&FBOVESPA SMALL CAP FUNDO DE ÍNDICE;2023-06-30;488188;6082145827.36;CERTIFICADO OU RECIBO DE DEPÓSITO DE VALORES MOBILIÁRIOS;Certificado de depósito de ações;N;Para negociação;;;;;2938491.00;65880968.22;;;IGTI11;;;;;;;;2021-11-22;;;;
FIIM;10.406.600/0001-08;ISHARES BM&FBOVESPA SMALL CAP FUNDO DE ÍNDICE;2023-06-30;488188;6082145827.36;CERTIFICADO OU RECIBO DE DEPÓSITO DE VALORES MOBILIÁRIOS;Certificado de depósito de ações;N;Para negociação;;;;;2623911.00;78664851.78;;;ALUP11;;;;;;;;2013-04-24;;;;
FIIM;11.184.136/0001-15;IT NOW IGCT FUNDO DE ÍNDICE;2023-06-30;487655;20538830.40;AÇÕES;Ação ordinária;N;Para negociação;0.00;0.00;100.00;676.00;1753.00;11534.74;;;PETZ3;;;;;;;;2020-09-11;;;;
FIIM;11.184.136/0001-15;IT NOW IGCT FUNDO DE ÍNDICE;2023-06-30;487655;20538830.40;AÇÕES;Ação ordinária;N;Para negociação;0.00;0.00;0.00;0.00;721.00;9582.09;;;SBFG3;;;;;;;;2021-03-31;;;;
FIIM;11.184.136/0001-15;IT NOW IGCT FUNDO DE ÍNDICE;2023-06-30;487655;20538830.40;AÇÕES;Ação ordinária;N;Para negociação;0.00;0.00;100.00;2857.00;1461.00;40425.87;;;MULT3;;;;;;;;2007-07-27;;;;
FIIM;11.184.136/0001-15;IT NOW IGCT FUNDO DE ÍNDICE;2023-06-30;487655;20538830.40;AÇÕES;Ação ordinária;N;Para negociação;0.00;0.00;0.00;0.00;1492.00;28601.64;;;RECV3;;;;;;;;2021-05-05;;;;
FIIM;11.184.136/0001-15;IT NOW IGCT FUNDO DE ÍNDICE;2023-06-30;487655;20538830.40;AÇÕES;Ação ordinária;N;Para negociação;100.00;323.00;300.00;953.00;11474.00;37405.24;;;COGN3;;;;;;;;2019-10-11;;;;
FIIM;11.184.136/0001-15;IT NOW IGCT FUNDO DE ÍNDICE;2023-06-30;487655;20538830.40;AÇÕES;Ação ordinária;N;Para negociação;0.00;0.00;0.00;0.00;1270.00;15938.50;;;ODPV3;;;;;;;;2006-12-01;;;;
FIIM;11.184.136/0001-15;IT NOW IGCT FUNDO DE ÍNDICE;2023-06-30;487655;20538830.40;AÇÕES;Ação ordinária;N;Para negociação;0.00;0.00;0.00;0.00;1024.00;21739.52;;;NEOE3;;;;;;;;2017-10-05;;;;
FIIM;11.184.136/0001-15;IT NOW IGCT FUNDO DE ÍNDICE;2023-06-30;487655;20538830.40;AÇÕES;Ação ordinária;N;Para negociação;0.00;0.00;0.00;0.00;1600.00;19376.00;;;VAMO3;;;;;;;;2021-01-29;;;;
FIIM;11.184.136/0001-15;IT NOW IGCT FUNDO DE ÍNDICE;2023-06-30;487655;20538830.40;AÇÕES;Ação ordinária;N;Para negociação;0.00;0.00;100.00;522.00;1451.00;6602.05;;;ZAMP3;;;;;;;;2022-10-26;;;;
FIIM;11.184.136/0001-15;IT NOW IGCT FUNDO DE ÍNDICE;2023-06-30;487655;20538830.40;AÇÕES;Ação ordinária;N;Para negociação;0.00;0.00;100.00;452.00;5560.00;23240.80;;;CMIN3;;;;;;;;2021-02-18;;;;
FIIM;11.184.136/0001-15;IT NOW IGCT FUNDO DE ÍNDICE;2023-06-30;487655;20538830.40;AÇÕES;Ação ordinária;N;Para negociação;0.00;0.00;0.00;0.00;1382.00;11539.70;;;DXCO3;;;;;;;;2021-08-19;;;;
FIIM;11.184.136/0001-15;IT NOW IGCT FUNDO DE ÍNDICE;2023-06-30;487655;20538830.40;AÇÕES;Ação ordinária;N;Para negociação;0.00;0.00;0.00;0.00;1191.00;33490.92;;;PSSA3;;;;;;;;2004-11-22;;;;
FIIM;11.184.136/0001-15;IT NOW IGCT FUNDO DE ÍNDICE;2023-06-30;487655;20538830.40;AÇÕES;Ação ordinária;N;Para negociação;0.00;0.00;0.00;0.00;476.00;8767.92;;;EZTC3;;;;;;;;2007-06-22;;;;
FIIM;11.184.136/0001-15;IT NOW IGCT FUNDO DE ÍNDICE;2023-06-30;487655;20538830.40;AÇÕES;Ação ordinária;N;Para negociação;0.00;0.00;0.00;0.00;713.00;20306.24;;;VIVA3;;;;;;;;2019-10-10;;;;
FIIM;11.184.136/0001-15;IT NOW IGCT FUNDO DE ÍNDICE;2023-06-30;487655;20538830.40;AÇÕES;Ação ordinária;N;Para negociação;0.00;0.00;0.00;0.00;297.00;12934.35;;;IRBR3;;;;;;;;2017-07-31;;;;
FIIM;11.184.136/0001-15;IT NOW IGCT FUNDO DE ÍNDICE;2023-06-30;487655;20538830.40;AÇÕES;Ação ordinária;N;Para negociação;100.00;1584.00;207.00;2248.10;2946.00;47283.30;;;FLRY3;;;;;;;;2009-12-17;;;;
FIIM;11.184.136/0001-15;IT NOW IGCT FUNDO DE ÍNDICE;2023-06-30;487655;20538830.40;AÇÕES;Ação ordinária;N;Para negociação;0.00;0.00;0.00;0.00;770.00;3118.50;;;PGMN3;;;;;;;;2020-09-02;;;;
FIIM;11.184.136/0001-15;IT NOW IGCT FUNDO DE ÍNDICE;2023-06-30;487655;20538830.40;AÇÕES;Ação ordinária;N;Para negociação;0.00;0.00;100.00;461.00;8998.00;41300.82;;;CIEL3;;;;;;;;2009-12-18;;;;
FIIM;11.184.136/0001-15;IT NOW IGCT FUNDO DE ÍNDICE;2023-06-30;487655;20538830.40;AÇÕES;Ação ordinária;N;Para negociação;0.00;0.00;100.00;995.00;5452.00;55392.32;;;STBP3;;;;;;;;2007-11-21;;;;
FIIM;11.184.136/0001-15;IT NOW IGCT FUNDO DE ÍNDICE;2023-06-30;487655;20538830.40;AÇÕES;Ação ordinária;N;Para negociação;0.00;0.00;0.00;0.00;191.00;8889.14;;;LEVE3;;;;;;;;1973-04-30;;;;
FIIM;11.184.136/0001-15;IT NOW IGCT FUNDO DE ÍNDICE;2023-06-30;487655;20538830.40;AÇÕES;Ação ordinária;N;Para negociação;0.00;0.00;341.00;3380.68;343.00;2678.83;;;CASH3;;;;;;;;2020-11-05;;;;
FIIM;11.184.136/0001-15;IT NOW IGCT FUNDO DE ÍNDICE;2023-06-30;487655;20538830.40;AÇÕES;Ação ordinária;N;Para negociação;0.00;0.00;0.00;0.00;500.00;3350.00;;;CLSA3;;;;;;;;2021-07-30;;;;
FIIM;11.184.136/0001-15;IT NOW IGCT FUNDO DE ÍNDICE;2023-06-30;487655;20538830.40;AÇÕES;Ação ordinária;N;Para negociação;0.00;0.00;0.00;0.00;1687.00;19063.10;;;MEGA3;;;;;;;;2021-12-27;;;;
FIIM;11.184.136/0001-15;IT NOW IGCT FUNDO DE ÍNDICE;2023-06-30;487655;20538830.40;AÇÕES;Ação ordinária;N;Para negociação;100.00;350.00;300.00;1156.00;14454.00;48709.98;;;MGLU3;;;;;;;;2011-05-02;;;;
FIIM;11.184.136/0001-15;IT NOW IGCT FUNDO DE ÍNDICE;2023-06-30;487655;20538830.40;AÇÕES;Ação ordinária;N;Para negociação;0.00;0.00;100.00;925.00;5435.00;48425.85;;;BRFS3;;;;;;;;2009-12-10;;;;
FIIM;11.184.136/0001-15;IT NOW IGCT FUNDO DE ÍNDICE;2023-06-30;487655;20538830.40;AÇÕES;Ação ordinária;N;Para negociação;0.00;0.00;0.00;0.00;661.00;6960.33;;;MOVI3;;;;;;;;2017-02-08;;;;
FIIM;11.184.136/0001-15;IT NOW IGCT FUNDO DE ÍNDICE;2023-06-30;487655;20538830.40;AÇÕES;Ação ordinária;N;Para negociação;0.00;0.00;0.00;0.00;774.00;9667.26;;;MYPK3;;;;;;;;1984-09-14;;;;
FIIM;11.184.136/0001-15;IT NOW IGCT FUNDO DE ÍNDICE;2023-06-30;487655;20538830.40;AÇÕES;Ação ordinária;N;Para negociação;200.00;1300.00;0.00;0.00;385.00;2425.50;;;WIZC3;;;;;;;;2023-02-09;;;;
FIIM;11.184.136/0001-15;IT NOW IGCT FUNDO DE ÍNDICE;2023-06-30;487655;20538830.40;AÇÕES;Ação ordinária;N;Para negociação;0.00;0.00;100.00;2340.00;4541.00;111935.65;;;ALSO3;;;;;;;;2019-08-06;;;;
FIIM;11.184.136/0001-15;IT NOW IGCT FUNDO DE ÍNDICE;2023-06-30;487655;20538830.40;AÇÕES;Ação ordinária;N;Para negociação;100.00;1434.00;100.00;1489.00;4569.00;66798.78;;;TIMS3;;;;;;;;2020-10-13;;;;
FIIM;11.184.136/0001-15;IT NOW IGCT FUNDO DE ÍNDICE;2023-06-30;487655;20538830.40;AÇÕES;Ação ordinária;N;Para negociação;0.00;0.00;0.00;0.00;1210.00;2202.20;;;ESPA3;;;;;;;;2021-02-01;;;;
FIIM;11.184.136/0001-15;IT NOW IGCT FUNDO DE ÍNDICE;2023-06-30;487655;20538830.40;AÇÕES;Ação ordinária;N;Para negociação;100.00;2976.00;100.00;3025.00;5957.00;183296.89;;;BBSE3;;;;;;;;2013-04-29;;;;
FIIM;11.184.136/0001-15;IT NOW IGCT FUNDO DE ÍNDICE;2023-06-30;487655;20538830.40;AÇÕES;Ação ordinária;N;Para negociação;200.00;678.00;200.00;710.00;5191.00;16507.38;;;HBSA3;;;;;;;;2020-09-25;;;;
FIIM;11.184.136/0001-15;IT NOW IGCT FUNDO DE ÍNDICE;2023-06-30;487655;20538830.40;AÇÕES;Ação ordinária;N;Para negociação;100.00;3700.00;100.00;3595.00;4753.00;176241.24;;;PRIO3;;;;;;;;2015-06-26;;;;
FIIM;11.184.136/0001-15;IT NOW IGCT FUNDO DE ÍNDICE;2023-06-30;487655;20538830.40;AÇÕES;Ação ordinária;N;Para negociação;0.00;0.00;100.00;1420.00;5321.00;74760.05;;;CCRO3;;;;;;;;2002-02-01;;;;
FIIM;11.184.136/0001-15;IT NOW IGCT FUNDO DE ÍNDICE;2023-06-30;487655;20538830.40;AÇÕES;Ação ordinária;N;Para negociação;0.00;0.00;0.00;0.00;798.00;14930.58;;;PCAR3;;;;;;;;1995-10-03;;;;
FIIM;11.184.136/0001-15;IT NOW IGCT FUNDO DE ÍNDICE;2023-06-30;487655;20538830.40;AÇÕES;Ação ordinária;N;Para negociação;100.00;1127.00;100.00;1116.00;2670.00;29904.00;;;CRFB3;;;;;;;;2017-07-20;;;;
FIIM;11.184.136/0001-15;IT NOW IGCT FUNDO DE ÍNDICE;2023-06-30;487655;20538830.40;AÇÕES;Ação ordinária;N;Para negociação;0.00;0.00;0.00;0.00;700.00;4942.00;;;LAVV3;;;;;;;;2020-09-02;;;;
FIIM;11.184.136/0001-15;IT NOW IGCT FUNDO DE ÍNDICE;2023-06-30;487655;20538830.40;AÇÕES;Ação ordinária;N;Para negociação;0.00;0.00;0.00;0.00;664.00;3605.52;;;CEAB3;;;;;;;;2019-10-28;;;;
FIIM;11.184.136/0001-15;IT NOW IGCT FUNDO DE ÍNDICE;2023-06-30;487655;20538830.40;AÇÕES;Ação ordinária;N;Para negociação;0.00;0.00;0.00;0.00;3120.00;143551.20;;;HYPE3;;;;;;;;2008-04-18;;;;
FIIM;11.184.136/0001-15;IT NOW IGCT FUNDO DE ÍNDICE;2023-06-30;487655;20538830.40;AÇÕES;Ação ordinária;N;Para negociação;0.00;0.00;0.00;0.00;600.00;3336.00;;;TRIS3;;;;;;;;2007-10-15;;;;
FIIM;11.184.136/0001-15;IT NOW IGCT FUNDO DE ÍNDICE;2023-06-30;487655;20538830.40;AÇÕES;Ação ordinária;N;Para negociação;100.00;1227.00;100.00;1175.00;3275.00;39300.00;;;SOMA3;;;;;;;;2020-07-31;;;;
FIIM;11.184.136/0001-15;IT NOW IGCT FUNDO DE ÍNDICE;2023-06-30;487655;20538830.40;AÇÕES;Ação ordinária;N;Para negociação;0.00;0.00;0.00;0.00;1757.00;3004.47;;;IFCM3;;;;;;;;2021-05-04;;;;
FIIM;11.184.136/0001-15;IT NOW IGCT FUNDO DE ÍNDICE;2023-06-30;487655;20538830.40;AÇÕES;Ação ordinária;N;Para negociação;100.00;800.00;100.00;789.00;2799.00;22168.08;;;GMAT3;;;;;;;;2020-10-13;;;;
FIIM;11.184.136/0001-15;IT NOW IGCT FUNDO DE ÍNDICE;2023-06-30;487655;20538830.40;AÇÕES;Ação ordinária;N;Para negociação;0.00;0.00;0.00;0.00;449.00;731.87;;;TRAD3;;;;;;;;2021-07-28;;;;
FIIM;11.184.136/0001-15;IT NOW IGCT FUNDO DE ÍNDICE;2023-06-30;487655;20538830.40;AÇÕES;Ação ordinária;N;Para negociação;0.00;0.00;100.00;1201.00;9458.00;116049.66;;;ENEV3;;;;;;;;2013-10-22;;;;
FIIM;11.184.136/0001-15;IT NOW IGCT FUNDO DE ÍNDICE;2023-06-30;487655;20538830.40;AÇÕES;Ação ordinária;N;Para negociação;0.00;0.00;0.00;0.00;500.00;3480.00;;;PTBL3;;;;;;;;1991-11-11;;;;
FIIM;11.184.136/0001-15;IT NOW IGCT FUNDO DE ÍNDICE;2023-06-30;487655;20538830.40;AÇÕES;Ação ordinária;N;Para negociação;0.00;0.00;0.00;0.00;407.00;5592.18;;;ENAT3;;;;;;;;2019-04-24;;;;
FIIM;11.184.136/0001-15;IT NOW IGCT FUNDO DE ÍNDICE;2023-06-30;487655;20538830.40;AÇÕES;Ação ordinária;N;Para negociação;0.00;0.00;100.00;2024.00;5637.00;104509.98;;;EMBR3;;;;;;;;1989-08-28;;;;
FIIM;11.184.136/0001-15;IT NOW IGCT FUNDO DE ÍNDICE;2023-06-30;487655;20538830.40;AÇÕES;Ação ordinária;N;Para negociação;0.00;0.00;0.00;0.00;540.00;5005.80;;;RANI3;;;;;;;;1981-06-10;;;;
FIIM;11.184.136/0001-15;IT NOW IGCT FUNDO DE ÍNDICE;2023-06-30;487655;20538830.40;AÇÕES;Ação ordinária;N;Para negociação;0.00;0.00;100.00;1841.00;621.00;12202.65;;;DIRR3;;;;;;;;2009-11-19;;;;
FIIM;11.184.136/0001-15;IT NOW IGCT FUNDO DE ÍNDICE;2023-06-30;487655;20538830.40;AÇÕES;Ação ordinária;N;Para negociação;0.00;0.00;0.00;0.00;1376.00;27698.88;;;CYRE3;;;;;;;;1996-05-27;;;;
FIIM;11.184.136/0001-15;IT NOW IGCT FUNDO DE ÍNDICE;2023-06-30;487655;20538830.40;AÇÕES;Ação ordinária;N;Para negociação;0.00;0.00;100.00;1784.00;10100.00;182305.00;;;VBBR3;;;;;;;;2021-10-22;;;;
FIIM;11.184.136/0001-15;IT NOW IGCT FUNDO DE ÍNDICE;2023-06-30;487655;20538830.40;AÇÕES;Ação ordinária;N;Para negociação;0.00;0.00;0.00;0.00;196.00;3647.56;;;BLAU3;;;;;;;;2021-04-19;;;;
FIIM;11.184.136/0001-15;IT NOW IGCT FUNDO DE ÍNDICE;2023-06-30;487655;20538830.40;AÇÕES;Ação ordinária;N;Para negociação;0.00;0.00;100.00;3766.00;13418.00;506529.50;;;WEGE3;;;;;;;;2004-08-02;;;;
FIIM;11.184.136/0001-15;IT NOW IGCT FUNDO DE ÍNDICE;2023-06-30;487655;20538830.40;AÇÕES;Ação ordinária;N;Para negociação;100.00;1696.00;0.00;0.00;700.00;12110.00;;;VULC3;;;;;;;;1973-07-02;;;;
FIIM;11.184.136/0001-15;IT NOW IGCT FUNDO DE ÍNDICE;2023-06-30;487655;20538830.40;AÇÕES;Ação ordinária;N;Para negociação;100.00;2156.00;100.00;2175.00;434.00;9595.74;;;SQIA3;;;;;;;;2019-02-18;;;;
FIIM;11.184.136/0001-15;IT NOW IGCT FUNDO DE ÍNDICE;2023-06-30;487655;20538830.40;AÇÕES;Ação ordinária;N;Para negociação;0.00;0.00;0.00;0.00;1540.00;17817.80;;;MRVE3;;;;;;;;2007-07-23;;;;
FIIM;11.184.136/0001-15;IT NOW IGCT FUNDO DE ÍNDICE;2023-06-30;487655;20538830.40;AÇÕES;Ação ordinária;N;Para negociação;0.00;0.00;0.00;0.00;560.00;4323.20;;;GUAR3;;;;;;;;1973-05-14;;;;
FIIM;11.184.136/0001-15;IT NOW IGCT FUNDO DE ÍNDICE;2023-06-30;487655;20538830.40;AÇÕES;Ação ordinária;N;Para negociação;0.00;0.00;0.00;0.00;543.00;5788.38;;;MATD3;;;;;;;;2021-04-16;;;;
FIIM;11.184.136/0001-15;IT NOW IGCT FUNDO DE ÍNDICE;2023-06-30;487655;20538830.40;AÇÕES;Ação ordinária;N;Para negociação;0.00;0.00;0.00;0.00;958.00;14350.84;;;ARML3;;;;;;;;2021-07-28;;;;
FIIM;11.184.136/0001-15;IT NOW IGCT FUNDO DE ÍNDICE;2023-06-30;487655;20538830.40;AÇÕES;Ação ordinária;N;Para negociação;100.00;229.00;200.00;510.00;7823.00;16819.45;;;VIIA3;;;;;;;;2021-08-16;;;;
FIIM;11.184.136/0001-15;IT NOW IGCT FUNDO DE ÍNDICE;2023-06-30;487655;20538830.40;AÇÕES;Ação ordinária;N;Para negociação;0.00;0.00;100.00;1781.00;7671.00;137004.06;;;CSAN3;;;;;;;;2005-11-18;;;;
FIIM;11.184.136/0001-15;IT NOW IGCT FUNDO DE ÍNDICE;2023-06-30;487655;20538830.40;AÇÕES;Ação ordinária;N;Para negociação;0.00;0.00;0.00;0.00;2244.00;26546.52;;;DASA3;;;;;;;;2004-11-19;;;;
FIIM;11.184.136/0001-15;IT NOW IGCT FUNDO DE ÍNDICE;2023-06-30;487655;20538830.40;AÇÕES;Ação ordinária;N;Para negociação;0.00;0.00;0.00;0.00;526.00;3713.56;;;CAML3;;;;;;;;2017-09-28;;;;
FIIM;11.184.136/0001-15;IT NOW IGCT FUNDO DE ÍNDICE;2023-06-30;487655;20538830.40;AÇÕES;Ação ordinária;N;Para negociação;0.00;0.00;300.00;6255.00;1997.00;42935.50;;;SMFT3;;;;;;;;2018-02-26;;;;
FIIM;11.184.136/0001-15;IT NOW IGCT FUNDO DE ÍNDICE;2023-06-30;487655;20538830.40;AÇÕES;Ação ordinária;N;Para negociação;0.00;0.00;0.00;0.00;1991.00;47027.42;;;ENBR3;;;;;;;;2005-07-13;;;;
FIIM;11.184.136/0001-15;IT NOW IGCT FUNDO DE ÍNDICE;2023-06-30;487655;20538830.40;AÇÕES;Ação ordinária;N;Para negociação;0.00;0.00;0.00;0.00;2268.00;16964.64;;;GRND3;;;;;;;;2004-10-29;;;;
FIIM;11.184.136/0001-15;IT NOW IGCT FUNDO DE ÍNDICE;2023-06-30;487655;20538830.40;AÇÕES;Ação ordinária;N;Para negociação;0.00;0.00;100.00;2986.00;3099.00;92908.02;;;TOTS3;;;;;;;;2006-03-09;;;;
FIIM;11.184.136/0001-15;IT NOW IGCT FUNDO DE ÍNDICE;2023-06-30;487655;20538830.40;AÇÕES;Ação ordinária;N;Para negociação;0.00;0.00;0.00;0.00;1918.00;9762.62;;;JHSF3;;;;;;;;2007-04-12;;;;
FIIM;11.184.136/0001-15;IT NOW IGCT FUNDO DE ÍNDICE;2023-06-30;487655;20538830.40;AÇÕES;Ação ordinária;N;Para negociação;0.00;0.00;0.00;0.00;2231.00;7830.81;;;CVCB3;;;;;;;;2013-12-09;;;;
FIIM;11.184.136/0001-15;IT NOW IGCT FUNDO DE ÍNDICE;2023-06-30;487655;20538830.40;AÇÕES;Ação ordinária;N;Para negociação;0.00;0.00;0.00;0.00;283.00;6619.37;;;LOGG3;;;;;;;;2018-12-21;;;;
FIIM;11.184.136/0001-15;IT NOW IGCT FUNDO DE ÍNDICE;2023-06-30;487655;20538830.40;AÇÕES;Ação ordinária;N;Para negociação;0.00;0.00;0.00;0.00;1555.00;10107.50;;;ECOR3;;;;;;;;2010-04-01;;;;
FIIM;11.184.136/0001-15;IT NOW IGCT FUNDO DE ÍNDICE;2023-06-30;487655;20538830.40;AÇÕES;Ação ordinária;N;Para negociação;0.00;0.00;0.00;0.00;600.00;7680.00;;;PNVL3;;;;;;;;1984-08-03;;;;
FIIM;11.184.136/0001-15;IT NOW IGCT FUNDO DE ÍNDICE;2023-06-30;487655;20538830.40;AÇÕES;Ação ordinária;N;Para negociação;0.00;0.00;0.00;0.00;719.00;27480.18;;;SLCE3;;;;;;;;2007-06-15;;;;
FIIM;11.184.136/0001-15;IT NOW IGCT FUNDO DE ÍNDICE;2023-06-30;487655;20538830.40;AÇÕES;Ação ordinária;N;Para negociação;0.00;0.00;100.00;731.00;1487.00;10810.49;;;MRFG3;;;;;;;;2007-06-28;;;;
FIIM;11.184.136/0001-15;IT NOW IGCT FUNDO DE ÍNDICE;2023-06-30;487655;20538830.40;AÇÕES;Ação ordinária;N;Para negociação;0.00;0.00;100.00;3331.00;6722.00;221288.24;;;RDOR3;;;;;;;;2020-12-10;;;;
FIIM;11.184.136/0001-15;IT NOW IGCT FUNDO DE ÍNDICE;2023-06-30;487655;20538830.40;AÇÕES;Ação ordinária;N;Para negociação;0.00;0.00;0.00;0.00;275.00;6740.25;;;AGRO3;;;;;;;;2006-05-02;;;;
FIIM;11.184.136/0001-15;IT NOW IGCT FUNDO DE ÍNDICE;2023-06-30;487655;20538830.40;AÇÕES;Ação ordinária;N;Para negociação;0.00;0.00;100.00;1231.00;2062.00;25259.50;;;AESB3;;;;;;;;2021-03-29;;;;
FIIM;11.184.136/0001-15;IT NOW IGCT FUNDO DE ÍNDICE;2023-06-30;487655;20538830.40;AÇÕES;Ação ordinária;N;Para negociação;0.00;0.00;100.00;136.00;1537.00;2044.21;;;AERI3;;;;;;;;2020-11-11;;;;
FIIM;11.184.136/0001-15;IT NOW IGCT FUNDO DE ÍNDICE;2023-06-30;487655;20538830.40;AÇÕES;Ação ordinária;N;Para negociação;0.00;0.00;0.00;0.00;800.00;11352.00;;;BMOB3;;;;;;;;2021-02-10;;;;
FIIM;11.184.136/0001-15;IT NOW IGCT FUNDO DE ÍNDICE;2023-06-30;487655;20538830.40;AÇÕES;Ação ordinária;N;Para negociação;0.00;0.00;0.00;0.00;1376.00;62869.44;;;EGIE3;;;;;;;;2016-07-21;;;;
FIIM;11.184.136/0001-15;IT NOW IGCT FUNDO DE ÍNDICE;2023-06-30;487655;20538830.40;AÇÕES;Ação ordinária;N;Para negociação;0.00;0.00;0.00;0.00;100.00;1483.00;;;FHER3;;;;;;;;2007-04-12;;;;
FIIM;11.184.136/0001-15;IT NOW IGCT FUNDO DE ÍNDICE;2023-06-30;487655;20538830.40;AÇÕES;Ação ordinária;N;Para negociação;100.00;1490.00;500.00;7374.00;39768.00;581010.48;;;B3SA3;;;;;;;;2018-03-26;;;;
FIIM;11.184.136/0001-15;IT NOW IGCT FUNDO DE ÍNDICE;2023-06-30;487655;20538830.40;AÇÕES;Ação ordinária;N;Para negociação;0.00;0.00;100.00;916.00;1200.00;10788.00;;;SIMH3;;;;;;;;2020-09-18;;;;
FIIM;11.184.136/0001-15;IT NOW IGCT FUNDO DE ÍNDICE;2023-06-30;487655;20538830.40;AÇÕES;Ação ordinária;S;Para negociação;0.00;0.00;100.00;2469.00;1987.00;48721.24;;;ITUB3;;;;;;;;2009-05-20;;;;
FIIM;11.184.136/0001-15;IT NOW IGCT FUNDO DE ÍNDICE;2023-06-30;487655;20538830.40;AÇÕES;Ação ordinária;N;Para negociação;100.00;854.00;100.00;940.00;3598.00;30870.84;;;LWSA3;;;;;;;;2020-02-06;;;;
FIIM;11.184.136/0001-15;IT NOW IGCT FUNDO DE ÍNDICE;2023-06-30;487655;20538830.40;AÇÕES;Ação ordinária;N;Para negociação;0.00;0.00;0.00;0.00;439.00;11510.58;;;TUPY3;;;;;;;;1973-06-13;;;;
FIIM;11.184.136/0001-15;IT NOW IGCT FUNDO DE ÍNDICE;2023-06-30;487655;20538830.40;AÇÕES;Ação ordinária;N;Para negociação;0.00;0.00;0.00;0.00;204.00;3429.24;;;ROMI3;;;;;;;;1973-06-22;;;;
FIIM;11.184.136/0001-15;IT NOW IGCT FUNDO DE ÍNDICE;2023-06-30;487655;20538830.40;AÇÕES;Ação ordinária;N;Para negociação;300.00;9575.00;602.00;16929.90;1175.00;35073.75;;;RRRP3;;;;;;;;2020-11-12;;;;
FIIM;11.184.136/0001-15;IT NOW IGCT FUNDO DE ÍNDICE;2023-06-30;487655;20538830.40;AÇÕES;Ação ordinária;N;Para negociação;0.00;0.00;0.00;0.00;760.00;9766.00;;;TTEN3;;;;;;;;2021-07-12;;;;
FIIM;11.184.136/0001-15;IT NOW IGCT FUNDO DE ÍNDICE;2023-06-30;487655;20538830.40;AÇÕES;Ação ordinária;N;Para negociação;0.00;0.00;500.00;805.00;927.00;1381.23;;;SEQL3;;;;;;;;2020-10-07;;;;
FIIM;11.184.136/0001-15;IT NOW IGCT FUNDO DE ÍNDICE;2023-06-30;487655;20538830.40;AÇÕES;Ação ordinária;N;Para negociação;0.00;0.00;0.00;0.00;1246.00;8485.26;;;EVEN3;;;;;;;;2007-04-02;;;;
FIIM;11.184.136/0001-15;IT NOW IGCT FUNDO DE ÍNDICE;2023-06-30;487655;20538830.40;AÇÕES;Ação ordinária;N;Para negociação;0.00;0.00;0.00;0.00;209.00;10725.88;;;LOGN3;;;;;;;;2007-06-21;;;;
FIIM;11.184.136/0001-15;IT NOW IGCT FUNDO DE ÍNDICE;2023-06-30;487655;20538830.40;AÇÕES;Ação ordinária;N;Para negociação;0.00;0.00;100.00;1483.00;13389.00;196014.96;;;BBDC3;;;;;;;;1973-12-06;;;;
FIIM;11.184.136/0001-15;IT NOW IGCT FUNDO DE ÍNDICE;2023-06-30;487655;20538830.40;AÇÕES;Ação ordinária;N;Para negociação;100.00;1095.00;100.00;1020.00;1365.00;14509.95;;;BEEF3;;;;;;;;2007-07-20;;;;
FIIM;11.184.136/0001-15;IT NOW IGCT FUNDO DE ÍNDICE;2023-06-30;487655;20538830.40;AÇÕES;Ação ordinária;N;Para negociação;0.00;0.00;0.00;0.00;1062.00;36267.30;;;SMTO3;;;;;;;;2007-02-12;;;;
FIIM;11.184.136/0001-15;IT NOW IGCT FUNDO DE ÍNDICE;2023-06-30;487655;20538830.40;AÇÕES;Ação ordinária;N;Para negociação;0.00;0.00;100.00;1858.00;1864.00;36012.48;;;CMIG3;;;;;;;;1973-08-20;;;;
FIIM;11.184.136/0001-15;IT NOW IGCT FUNDO DE ÍNDICE;2023-06-30;487655;20538830.40;AÇÕES;Ação ordinária;N;Para negociação;100.00;2195.00;100.00;2067.00;4960.00;99200.00;;;LREN3;;;;;;;;1973-07-24;;;;
FIIM;11.184.136/0001-15;IT NOW IGCT FUNDO DE ÍNDICE;2023-06-30;487655;20538830.40;AÇÕES;Ação ordinária;N;Para negociação;0.00;0.00;100.00;4762.00;4546.00;201024.12;;;SUZB3;;;;;;;;2004-08-05;;;;
FIIM;11.184.136/0001-15;IT NOW IGCT FUNDO DE ÍNDICE;2023-06-30;487655;20538830.40;AÇÕES;Ação ordinária;N;Para negociação;0.00;0.00;100.00;1915.00;6236.00;108880.56;;;JBSS3;;;;;;;;2007-03-29;;;;
FIIM;11.184.136/0001-15;IT NOW IGCT FUNDO DE ÍNDICE;2023-06-30;487655;20538830.40;AÇÕES;Ação ordinária;N;Para negociação;0.00;0.00;0.00;0.00;2226.00;31898.58;;;AURE3;;;;;;;;2022-03-28;;;;
FIIM;11.184.136/0001-15;IT NOW IGCT FUNDO DE ÍNDICE;2023-06-30;487655;20538830.40;AÇÕES;Ação ordinária;N;Para negociação;100.00;412.00;400.00;1687.00;28758.00;125960.04;;;HAPV3;;;;;;;;2018-04-25;;;;
FIIM;11.184.136/0001-15;IT NOW IGCT FUNDO DE ÍNDICE;2023-06-30;487655;20538830.40;AÇÕES;Ação ordinária;N;Para negociação;0.00;0.00;0.00;0.00;1951.00;38668.82;;;YDUQ3;;;;;;;;2019-07-23;;;;
FIIM;11.184.136/0001-15;IT NOW IGCT FUNDO DE ÍNDICE;2023-06-30;487655;20538830.40;AÇÕES;Ação ordinária;N;Para negociação;0.00;0.00;100.00;3943.00;14631.00;581582.25;;;ELET3;;;;;;;;1983-09-01;;;;
FIIM;11.184.136/0001-15;IT NOW IGCT FUNDO DE ÍNDICE;2023-06-30;487655;20538830.40;AÇÕES;Ação ordinária;N;Para negociação;0.00;0.00;0.00;0.00;1917.00;108444.69;;;SBSP3;;;;;;;;1997-03-11;;;;
FIIM;11.184.136/0001-15;IT NOW IGCT FUNDO DE ÍNDICE;2023-06-30;487655;20538830.40;AÇÕES;Ação ordinária;N;Para negociação;0.00;0.00;0.00;0.00;1164.00;13118.28;;;MILS3;;;;;;;;2010-04-16;;;;
FIIM;11.184.136/0001-15;IT NOW IGCT FUNDO DE ÍNDICE;2023-06-30;487655;20538830.40;AÇÕES;Ação ordinária;N;Para negociação;0.00;0.00;0.00;0.00;1326.00;3421.08;;;MEAL3;;;;;;;;2015-03-31;;;;
FIIM;11.184.136/0001-15;IT NOW IGCT FUNDO DE ÍNDICE;2023-06-30;487655;20538830.40;AÇÕES;Ação ordinária;N;Para negociação;0.00;0.00;0.00;0.00;226.00;4922.28;;;AMBP3;;;;;;;;2020-07-13;;;;
FIIM;11.184.136/0001-15;IT NOW IGCT FUNDO DE ÍNDICE;2023-06-30;487655;20538830.40;AÇÕES;Ação ordinária;N;Para negociação;0.00;0.00;0.00;0.00;400.00;14916.00;;;ORVR3;;;;;;;;2021-02-17;;;;
FIIM;11.184.136/0001-15;IT NOW IGCT FUNDO DE ÍNDICE;2023-06-30;487655;20538830.40;AÇÕES;Ação ordinária;N;Para negociação;100.00;776.00;100.00;782.00;2595.00;20604.30;;;BOAS3;;;;;;;;2020-09-30;;;;
FIIM;11.184.136/0001-15;IT NOW IGCT FUNDO DE ÍNDICE;2023-06-30;487655;20538830.40;AÇÕES;Ação ordinária;N;Para negociação;0.00;0.00;0.00;0.00;495.00;5692.50;;;TEND3;;;;;;;;2007-10-15;;;;
FIIM;11.184.136/0001-15;IT NOW IGCT FUNDO DE ÍNDICE;2023-06-30;487655;20538830.40;AÇÕES;Ação ordinária;N;Para negociação;0.00;0.00;100.00;3058.00;7750.00;249162.50;;;EQTL3;;;;;;;;2006-04-03;;;;
FIIM;11.184.136/0001-15;IT NOW IGCT FUNDO DE ÍNDICE;2023-06-30;487655;20538830.40;AÇÕES;Ação ordinária;N;Para negociação;100.00;6712.00;400.00;27290.00;40384.00;2593460.48;;;VALE3;;;;;;;;1982-02-15;;;;
FIIM;11.184.136/0001-15;IT NOW IGCT FUNDO DE ÍNDICE;2023-06-30;487655;20538830.40;AÇÕES;Ação ordinária;N;Para negociação;0.00;0.00;0.00;0.00;412.00;17538.84;;;MDIA3;;;;;;;;2006-10-18;;;;
FIIM;11.184.136/0001-15;IT NOW IGCT FUNDO DE ÍNDICE;2023-06-30;487655;20538830.40;AÇÕES;Ação ordinária;N;Para negociação;0.00;0.00;0.00;0.00;495.00;3722.40;;;JALL3;;;;;;;;2021-02-08;;;;
FIIM;11.184.136/0001-15;IT NOW IGCT FUNDO DE ÍNDICE;2023-06-30;487655;20538830.40;AÇÕES;Ação ordinária;N;Para negociação;0.00;0.00;0.00;0.00;256.00;1771.52;;;GFSA3;;;;;;;;2006-01-26;;;;
FIIM;11.184.136/0001-15;IT NOW IGCT FUNDO DE ÍNDICE;2023-06-30;487655;20538830.40;AÇÕES;Ação ordinária;N;Para negociação;0.00;0.00;100.00;5029.00;7732.00;381960.80;;;BBAS3;;;;;;;;1973-05-31;;;;
FIIM;11.184.136/0001-15;IT NOW IGCT FUNDO DE ÍNDICE;2023-06-30;487655;20538830.40;AÇÕES;Ação ordinária;N;Para negociação;0.00;0.00;100.00;7800.00;330.00;26093.10;;;ARZZ3;;;;;;;;2011-02-02;;;;
FIIM;11.184.136/0001-15;IT NOW IGCT FUNDO DE ÍNDICE;2023-06-30;487655;20538830.40;AÇÕES;Ação ordinária;N;Para negociação;0.00;0.00;0.00;0.00;951.00;5791.59;;;LJQQ3;;;;;;;;2020-08-10;;;;
FIIM;11.184.136/0001-15;IT NOW IGCT FUNDO DE ÍNDICE;2023-06-30;487655;20538830.40;AÇÕES;Ação ordinária;N;Para negociação;100.00;1034.00;100.00;1015.00;2540.00;26162.00;;;CXSE3;;;;;;;;2021-04-29;;;;
FIIM;11.184.136/0001-15;IT NOW IGCT FUNDO DE ÍNDICE;2023-06-30;487655;20538830.40;AÇÕES;Ação ordinária;N;Para negociação;0.00;0.00;100.00;1597.00;4267.00;71429.58;;;NTCO3;;;;;;;;2019-12-18;;;;
FIIM;11.184.136/0001-15;IT NOW IGCT FUNDO DE ÍNDICE;2023-06-30;487655;20538830.40;AÇÕES;Ação ordinária;N;Para negociação;0.00;0.00;0.00;0.00;275.00;1375.00;;;SEER3;;;;;;;;2013-10-29;;;;
FIIM;11.184.136/0001-15;IT NOW IGCT FUNDO DE ÍNDICE;2023-06-30;487655;20538830.40;AÇÕES;Ação ordinária;N;Para negociação;0.00;0.00;0.00;0.00;2608.00;44049.12;;;GGPS3;;;;;;;;2021-04-26;;;;
FIIM;11.184.136/0001-15;IT NOW IGCT FUNDO DE ÍNDICE;2023-06-30;487655;20538830.40;AÇÕES;Ação ordinária;N;Para negociação;0.00;0.00;100.00;2060.00;1027.00;21721.05;;;CSMG3;;;;;;;;2006-02-08;;;;
FIIM;11.184.136/0001-15;IT NOW IGCT FUNDO DE ÍNDICE;2023-06-30;487655;20538830.40;AÇÕES;Ação ordinária;N;Para negociação;0.00;0.00;100.00;950.00;1400.00;14140.00;;;ONCO3;;;;;;;;2021-08-10;;;;
FIIM;11.184.136/0001-15;IT NOW IGCT FUNDO DE ÍNDICE;2023-06-30;487655;20538830.40;AÇÕES;Ação ordinária;N;Para negociação;0.00;0.00;100.00;1318.00;5704.00;78430.00;;;ASAI3;;;;;;;;2021-03-01;;;;
FIIM;11.184.136/0001-15;IT NOW IGCT FUNDO DE ÍNDICE;2023-06-30;487655;20538830.40;AÇÕES;Ação ordinária;N;Para negociação;0.00;0.00;0.00;0.00;1410.00;5907.90;;;ANIM3;;;;;;;;2013-10-28;;;;
FIIM;11.184.136/0001-15;IT NOW IGCT FUNDO DE ÍNDICE;2023-06-30;487655;20538830.40;AÇÕES;Ação ordinária;N;Para negociação;100.00;2185.00;100.00;2213.00;8921.00;198046.20;;;RAIL3;;;;;;;;2017-03-13;;;;
FIIM;11.184.136/0001-15;IT NOW IGCT FUNDO DE ÍNDICE;2023-06-30;487655;20538830.40;AÇÕES;Ação ordinária;N;Para negociação;100.00;262.00;100.00;264.00;2409.00;5998.41;;;MLAS3;;;;;;;;2021-07-22;;;;
FIIM;11.184.136/0001-15;IT NOW IGCT FUNDO DE ÍNDICE;2023-06-30;487655;20538830.40;AÇÕES;Ação ordinária;N;Para negociação;0.00;0.00;200.00;6816.00;30116.00;996839.60;;;PETR3;;;;;;;;1973-09-18;;;;
FIIM;11.184.136/0001-15;IT NOW IGCT FUNDO DE ÍNDICE;2023-06-30;487655;20538830.40;AÇÕES;Ação ordinária;N;Para negociação;0.00;0.00;100.00;2849.00;6599.00;195330.40;;;RADL3;;;;;;;;2011-12-19;;;;
FIIM;11.184.136/0001-15;IT NOW IGCT FUNDO DE ÍNDICE;2023-06-30;487655;20538830.40;AÇÕES;Ação ordinária;N;Para negociação;0.00;0.00;0.00;0.00;385.00;3549.70;;;POSI3;;;;;;;;2006-12-11;;;;
FIIM;11.184.136/0001-15;IT NOW IGCT FUNDO DE ÍNDICE;2023-06-30;487655;20538830.40;AÇÕES;Ação ordinária;N;Para negociação;0.00;0.00;0.00;0.00;935.00;4712.40;;;CBAV3;;;;;;;;2021-07-15;;;;
FIIM;11.184.136/0001-15;IT NOW IGCT FUNDO DE ÍNDICE;2023-06-30;487655;20538830.40;AÇÕES;Ação ordinária;N;Para negociação;0.00;0.00;100.00;1790.00;6479.00;122388.31;;;UGPA3;;;;;;;;1999-10-13;;;;
FIIM;11.184.136/0001-15;IT NOW IGCT FUNDO DE ÍNDICE;2023-06-30;487655;20538830.40;AÇÕES;Ação ordinária;N;Para negociação;0.00;0.00;0.00;0.00;400.00;9520.00;;;AALR3;;;;;;;;2016-10-28;;;;
FIIM;11.184.136/0001-15;IT NOW IGCT FUNDO DE ÍNDICE;2023-06-30;487655;20538830.40;AÇÕES;Ação ordinária;N;Para negociação;0.00;0.00;0.00;0.00;605.00;9710.25;;;CURY3;;;;;;;;2020-09-21;;;;
FIIM;11.184.136/0001-15;IT NOW IGCT FUNDO DE ÍNDICE;2023-06-30;487655;20538830.40;AÇÕES;Ação ordinária;N;Para negociação;0.00;0.00;0.00;0.00;1513.00;52032.07;;;CPFE3;;;;;;;;2004-09-29;;;;
FIIM;11.184.136/0001-15;IT NOW IGCT FUNDO DE ÍNDICE;2023-06-30;487655;20538830.40;AÇÕES;Ação ordinária;N;Para negociação;0.00;0.00;0.00;0.00;589.00;15249.21;;;INTB3;;;;;;;;2021-02-04;;;;
FIIM;11.184.136/0001-15;IT NOW IGCT FUNDO DE ÍNDICE;2023-06-30;487655;20538830.40;AÇÕES;Ação ordinária;N;Para negociação;0.00;0.00;0.00;0.00;1496.00;7240.64;;;QUAL3;;;;;;;;2011-06-29;;;;
FIIM;11.184.136/0001-15;IT NOW IGCT FUNDO DE ÍNDICE;2023-06-30;487655;20538830.40;AÇÕES;Ação ordinária;N;Para negociação;100.00;6700.00;125.00;8093.87;3848.00;263588.00;;;RENT3;;;;;;;;2005-05-23;;;;
FIIM;11.184.136/0001-15;IT NOW IGCT FUNDO DE ÍNDICE;2023-06-30;487655;20538830.40;AÇÕES;Ação preferencial;S;Para negociação;100.00;2750.00;500.00;14221.00;42370.00;1204155.40;;;ITUB4;;;;;;;;2009-05-20;;;;
FIIM;11.184.136/0001-15;IT NOW IGCT FUNDO DE ÍNDICE;2023-06-30;487655;20538830.40;AÇÕES;Ação preferencial;N;Para negociação;0.00;0.00;0.00;0.00;1872.00;17409.60;;;ALPA4;;;;;;;;1973-03-19;;;;
FIIM;11.184.136/0001-15;IT NOW IGCT FUNDO DE ÍNDICE;2023-06-30;487655;20538830.40;AÇÕES;Ação preferencial;N;Para negociação;100.00;527.00;100.00;517.00;4450.00;23184.50;;;POMO4;;;;;;;;1978-07-20;;;;
FIIM;11.184.136/0001-15;IT NOW IGCT FUNDO DE ÍNDICE;2023-06-30;487655;20538830.40;AÇÕES;Ação preferencial;N;Para negociação;0.00;0.00;0.00;0.00;1323.00;36858.78;;;BRKM5;;;;;;;;2002-09-02;;;;
FIIM;11.184.136/0001-15;IT NOW IGCT FUNDO DE ÍNDICE;2023-06-30;487655;20538830.40;AÇÕES;Ação preferencial;N;Para negociação;100.00;2520.00;100.00;2516.00;2451.00;62157.36;;;TRPL4;;;;;;;;1999-07-26;;;;
FIIM;11.184.136/0001-15;IT NOW IGCT FUNDO DE ÍNDICE;2023-06-30;487655;20538830.40;AÇÕES;Ação preferencial;N;Para negociação;100.00;1672.00;400.00;6754.00;29553.00;486146.85;;;BBDC4;;;;;;;;1973-12-06;;;;
FIIM;11.184.136/0001-15;IT NOW IGCT FUNDO DE ÍNDICE;2023-06-30;487655;20538830.40;AÇÕES;Ação preferencial;N;Para negociação;100.00;3081.00;400.00;11833.00;31821.00;939674.13;;;PETR4;;;;;;;;1973-09-18;;;;
FIIM;11.184.136/0001-15;IT NOW IGCT FUNDO DE ÍNDICE;2023-06-30;487655;20538830.40;AÇÕES;Ação preferencial;N;Para negociação;0.00;0.00;0.00;0.00;1306.00;15894.02;;;RAPT4;;;;;;;;1993-03-19;;;;
FIIM;11.184.136/0001-15;IT NOW IGCT FUNDO DE ÍNDICE;2023-06-30;487655;20538830.40;AÇÕES;Ação preferencial;N;Para negociação;0.00;0.00;0.00;0.00;1598.00;71142.96;;;ELET6;;;;;;;;1974-11-13;;;;
FIIM;11.184.136/0001-15;IT NOW IGCT FUNDO DE ÍNDICE;2023-06-30;487655;20538830.40;AÇÕES;Ação preferencial;N;Para negociação;0.00;0.00;0.00;0.00;1282.00;16883.94;;;GOLL4;;;;;;;;2004-06-24;;;;
FIIM;11.184.136/0001-15;IT NOW IGCT FUNDO DE ÍNDICE;2023-06-30;487655;20538830.40;AÇÕES;Ação preferencial;N;Para negociação;0.00;0.00;0.00;0.00;303.00;14686.41;;;FESA4;;;;;;;;1979-01-31;;;;
FIIM;11.184.136/0001-15;IT NOW IGCT FUNDO DE ÍNDICE;2023-06-30;487655;20538830.40;AÇÕES;Ação preferencial;N;Para negociação;100.00;935.00;100.00;855.00;1694.00;15500.10;;;BPAN4;;;;;;;;2014-08-05;;;;
FIIM;11.184.136/0001-15;IT NOW IGCT FUNDO DE ÍNDICE;2023-06-30;487655;20538830.40;AÇÕES;Ação preferencial;N;Para negociação;0.00;0.00;0.00;0.00;336.00;6407.52;;;ABCB4;;;;;;;;2007-07-25;;;;
FIIM;11.184.136/0001-15;IT NOW IGCT FUNDO DE ÍNDICE;2023-06-30;487655;20538830.40;AÇÕES;Ação preferencial;N;Para negociação;0.00;0.00;100.00;398.00;6593.00;29009.20;;;RAIZ4;;;;;;;;2021-08-05;;;;
FIIM;11.184.136/0001-15;IT NOW IGCT FUNDO DE ÍNDICE;2023-06-30;487655;20538830.40;AÇÕES;Ação preferencial;N;Para negociação;0.00;0.00;0.00;0.00;1509.00;22635.00;;;BRSR6;;;;;;;;2007-09-03;;;;
FIIM;11.184.136/0001-15;IT NOW IGCT FUNDO DE ÍNDICE;2023-06-30;487655;20538830.40;AÇÕES;Ação preferencial;S;Para negociação;100.00;927.00;400.00;3827.00;47375.00;456695.00;;;ITSA4;;;;;;;;1973-09-17;;;;
FIIM;11.184.136/0001-15;IT NOW IGCT FUNDO DE ÍNDICE;2023-06-30;487655;20538830.40;AÇÕES;Ação preferencial;N;Para negociação;0.00;0.00;0.00;0.00;1235.00;27429.35;;;BRAP4;;;;;;;;2000-08-10;;;;
FIIM;11.184.136/0001-15;IT NOW IGCT FUNDO DE ÍNDICE;2023-06-30;487655;20538830.40;AÇÕES;Ação preferencial;N;Para negociação;0.00;0.00;100.00;2625.00;5549.00;139113.43;;;GGBR4;;;;;;;;2001-02-01;;;;
FIIM;11.184.136/0001-15;IT NOW IGCT FUNDO DE ÍNDICE;2023-06-30;487655;20538830.40;AÇÕES;Ação preferencial;N;Para negociação;0.00;0.00;100.00;783.00;11032.00;91455.28;;;CPLE6;;;;;;;;1996-11-14;;;;
FIIM;11.184.136/0001-15;IT NOW IGCT FUNDO DE ÍNDICE;2023-06-30;487655;20538830.40;AÇÕES;Ação preferencial;N;Para negociação;0.00;0.00;100.00;1228.00;4808.00;56830.56;;;GOAU4;;;;;;;;1973-08-27;;;;
FIIM;11.184.136/0001-15;IT NOW IGCT FUNDO DE ÍNDICE;2023-06-30;487655;20538830.40;AÇÕES;Ação preferencial;N;Para negociação;0.00;0.00;100.00;1255.00;8497.00;109271.42;;;CMIG4;;;;;;;;1973-08-20;;;;
FIIM;11.184.136/0001-15;IT NOW IGCT FUNDO DE ÍNDICE;2023-06-30;487655;20538830.40;AÇÕES;Ação preferencial;N;Para negociação;0.00;0.00;0.00;0.00;2381.00;52048.66;;;AZUL4;;;;;;;;2017-04-11;;;;
FIIM;11.184.136/0001-15;IT NOW IGCT FUNDO DE ÍNDICE;2023-06-30;487655;20538830.40;AÇÕES;Ação preferencial;N;Para negociação;0.00;0.00;0.00;0.00;426.00;6419.82;;;TASA4;;;;;;;;2019-11-12;;;;
FIIM;11.184.136/0001-15;IT NOW IGCT FUNDO DE ÍNDICE;2023-06-30;487655;20538830.40;AÇÕES;Ação preferencial;N;Para negociação;0.00;0.00;100.00;749.00;2636.00;18636.52;;;USIM5;;;;;;;;1999-02-02;;;;
FIIM;11.184.136/0001-15;IT NOW IGCT FUNDO DE ÍNDICE;2023-06-30;487655;20538830.40;TÍTULOS PÚBLICOS;;;Para negociação;0.00;0.00;2.00;26882.35;4.00;53766.88;;;;;2025-03-01;;;;;210100;;;;;
FIIM;11.184.136/0001-15;IT NOW IGCT FUNDO DE ÍNDICE;2023-06-30;487655;20538830.40;TÍTULOS PÚBLICOS;;;Para negociação;11.00;147339.34;8.00;106988.35;1.00;13442.90;;;;;2024-09-01;;;;;210100;;;;;
FIIM;11.184.136/0001-15;IT NOW IGCT FUNDO DE ÍNDICE;2023-06-30;487655;20538830.40;TÍTULOS PÚBLICOS;;;Para negociação;0.00;0.00;0.00;0.00;2.00;26879.19;;;;;2025-09-01;;;;;210100;;;;;
FIIM;11.184.136/0001-15;IT NOW IGCT FUNDO DE ÍNDICE;2023-06-30;487655;20538830.40;DISPONIBILIDADES;Outros;;Para negociação;;;;;;55475.64;;;;DISPONIBILIDADES;;;;;;;;;;;
FIIM;11.184.136/0001-15;IT NOW IGCT FUNDO DE ÍNDICE;2023-06-30;487655;20538830.40;VALORES A PAGAR;Outros;;Para negociação;;;;;;52898.16;;;;VALORES A PAGAR;;;;;;;;;;;
FIIM;11.184.136/0001-15;IT NOW IGCT FUNDO DE ÍNDICE;2023-06-30;487655;20538830.40;VALORES A RECEBER;Outros;;Para negociação;;;;;;349860.11;;;;VALORES A RECEBER;;;;;;;;;;;
FIIM;11.184.136/0001-15;IT NOW IGCT FUNDO DE ÍNDICE;2023-06-30;487655;20538830.40;MERCADO FUTURO - POSIÇÕES COMPRADAS;Contrato Futuro;;Para negociação;0.00;0.00;0.00;0.00;18.00;-2415.60;;;;FUT WIN;;;;;;;;;;;
FIIM;11.184.136/0001-15;IT NOW IGCT FUNDO DE ÍNDICE;2023-06-30;487655;20538830.40;AÇÕES E OUTROS TVM CEDIDOS EM EMPRÉSTIMO;Ação ordinária;N;Para negociação;;;;;2160.00;22248.00;;;CXSE3;;;;;;;;2021-04-29;;;;
FIIM;11.184.136/0001-15;IT NOW IGCT FUNDO DE ÍNDICE;2023-06-30;487655;20538830.40;AÇÕES E OUTROS TVM CEDIDOS EM EMPRÉSTIMO;Ação ordinária;N;Para negociação;;;;;1063.00;19708.02;;;EMBR3;;;;;;;;1989-08-28;;;;
FIIM;11.184.136/0001-15;IT NOW IGCT FUNDO DE ÍNDICE;2023-06-30;487655;20538830.40;AÇÕES E OUTROS TVM CEDIDOS EM EMPRÉSTIMO;Ação ordinária;N;Para negociação;;;;;436.00;4913.72;;;MILS3;;;;;;;;2010-04-16;;;;
FIIM;11.184.136/0001-15;IT NOW IGCT FUNDO DE ÍNDICE;2023-06-30;487655;20538830.40;AÇÕES E OUTROS TVM CEDIDOS EM EMPRÉSTIMO;Ação ordinária;N;Para negociação;;;;;579.00;7694.91;;;SBFG3;;;;;;;;2021-03-31;;;;
FIIM;11.184.136/0001-15;IT NOW IGCT FUNDO DE ÍNDICE;2023-06-30;487655;20538830.40;AÇÕES E OUTROS TVM CEDIDOS EM EMPRÉSTIMO;Ação ordinária;N;Para negociação;;;;;5050.00;16463.00;;;COGN3;;;;;;;;2019-10-11;;;;
FIIM;11.184.136/0001-15;IT NOW IGCT FUNDO DE ÍNDICE;2023-06-30;487655;20538830.40;AÇÕES E OUTROS TVM CEDIDOS EM EMPRÉSTIMO;Ação ordinária;N;Para negociação;;;;;3421.00;64622.69;;;UGPA3;;;;;;;;1999-10-13;;;;
FIIM;11.184.136/0001-15;IT NOW IGCT FUNDO DE ÍNDICE;2023-06-30;487655;20538830.40;AÇÕES E OUTROS TVM CEDIDOS EM EMPRÉSTIMO;Ação ordinária;N;Para negociação;;;;;5168.00;255299.20;;;BBAS3;;;;;;;;1973-05-31;;;;
FIIM;11.184.136/0001-15;IT NOW IGCT FUNDO DE ÍNDICE;2023-06-30;487655;20538830.40;AÇÕES E OUTROS TVM CEDIDOS EM EMPRÉSTIMO;Ação ordinária;N;Para negociação;;;;;10509.00;46029.42;;;HAPV3;;;;;;;;2018-04-25;;;;
FIIM;11.184.136/0001-15;IT NOW IGCT FUNDO DE ÍNDICE;2023-06-30;487655;20538830.40;AÇÕES E OUTROS TVM CEDIDOS EM EMPRÉSTIMO;Ação ordinária;N;Para negociação;;;;;236.00;9019.92;;;SLCE3;;;;;;;;2007-06-15;;;;
FIIM;11.184.136/0001-15;IT NOW IGCT FUNDO DE ÍNDICE;2023-06-30;487655;20538830.40;AÇÕES E OUTROS TVM CEDIDOS EM EMPRÉSTIMO;Ação ordinária;N;Para negociação;;;;;890.00;3729.10;;;ANIM3;;;;;;;;2013-10-28;;;;
FIIM;11.184.136/0001-15;IT NOW IGCT FUNDO DE ÍNDICE;2023-06-30;487655;20538830.40;AÇÕES E OUTROS TVM CEDIDOS EM EMPRÉSTIMO;Ação ordinária;N;Para negociação;;;;;2731.00;39927.22;;;TIMS3;;;;;;;;2020-10-13;;;;
FIIM;11.184.136/0001-15;IT NOW IGCT FUNDO DE ÍNDICE;2023-06-30;487655;20538830.40;AÇÕES E OUTROS TVM CEDIDOS EM EMPRÉSTIMO;Ação ordinária;N;Para negociação;;;;;360.00;3337.20;;;RANI3;;;;;;;;1981-06-10;;;;
FIIM;11.184.136/0001-15;IT NOW IGCT FUNDO DE ÍNDICE;2023-06-30;487655;20538830.40;AÇÕES E OUTROS TVM CEDIDOS EM EMPRÉSTIMO;Ação ordinária;N;Para negociação;;;;;1401.00;11095.92;;;GMAT3;;;;;;;;2020-10-13;;;;
FIIM;11.184.136/0001-15;IT NOW IGCT FUNDO DE ÍNDICE;2023-06-30;487655;20538830.40;AÇÕES E OUTROS TVM CEDIDOS EM EMPRÉSTIMO;Ação ordinária;N;Para negociação;;;;;1124.00;22626.12;;;CYRE3;;;;;;;;1996-05-27;;;;
FIIM;11.184.136/0001-15;IT NOW IGCT FUNDO DE ÍNDICE;2023-06-30;487655;20538830.40;AÇÕES E OUTROS TVM CEDIDOS EM EMPRÉSTIMO;Ação ordinária;N;Para negociação;;;;;157.00;1673.62;;;MATD3;;;;;;;;2021-04-16;;;;
FIIM;11.184.136/0001-15;IT NOW IGCT FUNDO DE ÍNDICE;2023-06-30;487655;20538830.40;AÇÕES E OUTROS TVM CEDIDOS EM EMPRÉSTIMO;Ação ordinária;N;Para negociação;;;;;149.00;1031.08;;;GFSA3;;;;;;;;2006-01-26;;;;
FIIM;11.184.136/0001-15;IT NOW IGCT FUNDO DE ÍNDICE;2023-06-30;487655;20538830.40;AÇÕES E OUTROS TVM CEDIDOS EM EMPRÉSTIMO;Ação ordinária;N;Para negociação;;;;;346.00;6373.32;;;EZTC3;;;;;;;;2007-06-22;;;;
FIIM;11.184.136/0001-15;IT NOW IGCT FUNDO DE ÍNDICE;2023-06-30;487655;20538830.40;AÇÕES E OUTROS TVM CEDIDOS EM EMPRÉSTIMO;Ação ordinária;N;Para negociação;;;;;495.00;7944.75;;;CURY3;;;;;;;;2020-09-21;;;;
FIIM;11.184.136/0001-15;IT NOW IGCT FUNDO DE ÍNDICE;2023-06-30;487655;20538830.40;AÇÕES E OUTROS TVM CEDIDOS EM EMPRÉSTIMO;Ação ordinária;N;Para negociação;;;;;1035.00;11002.05;;;BEEF3;;;;;;;;2007-07-20;;;;
FIIM;11.184.136/0001-15;IT NOW IGCT FUNDO DE ÍNDICE;2023-06-30;487655;20538830.40;AÇÕES E OUTROS TVM CEDIDOS EM EMPRÉSTIMO;Ação ordinária;N;Para negociação;;;;;782.00;3980.38;;;JHSF3;;;;;;;;2007-04-12;;;;
FIIM;11.184.136/0001-15;IT NOW IGCT FUNDO DE ÍNDICE;2023-06-30;487655;20538830.40;AÇÕES E OUTROS TVM CEDIDOS EM EMPRÉSTIMO;Ação ordinária;N;Para negociação;;;;;934.00;4287.06;;;CIEL3;;;;;;;;2009-12-18;;;;
FIIM;11.184.136/0001-15;IT NOW IGCT FUNDO DE ÍNDICE;2023-06-30;487655;20538830.40;AÇÕES E OUTROS TVM CEDIDOS EM EMPRÉSTIMO;Ação ordinária;N;Para negociação;;;;;411.00;10640.79;;;INTB3;;;;;;;;2021-02-04;;;;
FIIM;11.184.136/0001-15;IT NOW IGCT FUNDO DE ÍNDICE;2023-06-30;487655;20538830.40;AÇÕES E OUTROS TVM CEDIDOS EM EMPRÉSTIMO;Ação ordinária;N;Para negociação;;;;;945.00;43177.05;;;EGIE3;;;;;;;;2016-07-21;;;;
FIIM;11.184.136/0001-15;IT NOW IGCT FUNDO DE ÍNDICE;2023-06-30;487655;20538830.40;AÇÕES E OUTROS TVM CEDIDOS EM EMPRÉSTIMO;Ação ordinária;N;Para negociação;;;;;563.00;748.79;;;AERI3;;;;;;;;2020-11-11;;;;
FIIM;11.184.136/0001-15;IT NOW IGCT FUNDO DE ÍNDICE;2023-06-30;487655;20538830.40;AÇÕES E OUTROS TVM CEDIDOS EM EMPRÉSTIMO;Ação ordinária;N;Para negociação;;;;;315.00;1984.50;;;WIZC3;;;;;;;;2023-02-09;;;;
FIIM;11.184.136/0001-15;IT NOW IGCT FUNDO DE ÍNDICE;2023-06-30;487655;20538830.40;AÇÕES E OUTROS TVM CEDIDOS EM EMPRÉSTIMO;Ação ordinária;N;Para negociação;;;;;3653.00;73060.00;;;LREN3;;;;;;;;1973-07-24;;;;
FIIM;11.184.136/0001-15;IT NOW IGCT FUNDO DE ÍNDICE;2023-06-30;487655;20538830.40;AÇÕES E OUTROS TVM CEDIDOS EM EMPRÉSTIMO;Ação ordinária;N;Para negociação;;;;;2945.00;52597.70;;;CSAN3;;;;;;;;2005-11-18;;;;
FIIM;11.184.136/0001-15;IT NOW IGCT FUNDO DE ÍNDICE;2023-06-30;487655;20538830.40;AÇÕES E OUTROS TVM CEDIDOS EM EMPRÉSTIMO;Ação ordinária;N;Para negociação;;;;;109.00;5072.86;;;LEVE3;;;;;;;;1973-04-30;;;;
FIIM;11.184.136/0001-15;IT NOW IGCT FUNDO DE ÍNDICE;2023-06-30;487655;20538830.40;AÇÕES E OUTROS TVM CEDIDOS EM EMPRÉSTIMO;Ação ordinária;N;Para negociação;;;;;238.00;8127.70;;;SMTO3;;;;;;;;2007-02-12;;;;
FIIM;11.184.136/0001-15;IT NOW IGCT FUNDO DE ÍNDICE;2023-06-30;487655;20538830.40;AÇÕES E OUTROS TVM CEDIDOS EM EMPRÉSTIMO;Ação ordinária;N;Para negociação;;;;;1691.00;4210.59;;;MLAS3;;;;;;;;2021-07-22;;;;
FIIM;11.184.136/0001-15;IT NOW IGCT FUNDO DE ÍNDICE;2023-06-30;487655;20538830.40;AÇÕES E OUTROS TVM CEDIDOS EM EMPRÉSTIMO;Ação ordinária;N;Para negociação;;;;;765.00;3855.60;;;CBAV3;;;;;;;;2021-07-15;;;;
FIIM;11.184.136/0001-15;IT NOW IGCT FUNDO DE ÍNDICE;2023-06-30;487655;20538830.40;AÇÕES E OUTROS TVM CEDIDOS EM EMPRÉSTIMO;Ação ordinária;N;Para negociação;;;;;2130.00;23856.00;;;CRFB3;;;;;;;;2017-07-20;;;;
FIIM;11.184.136/0001-15;IT NOW IGCT FUNDO DE ÍNDICE;2023-06-30;487655;20538830.40;AÇÕES E OUTROS TVM CEDIDOS EM EMPRÉSTIMO;Ação ordinária;N;Para negociação;;;;;4842.00;59411.34;;;ENEV3;;;;;;;;2013-10-22;;;;
FIIM;11.184.136/0001-15;IT NOW IGCT FUNDO DE ÍNDICE;2023-06-30;487655;20538830.40;AÇÕES E OUTROS TVM CEDIDOS EM EMPRÉSTIMO;Ação ordinária;N;Para negociação;;;;;174.00;3789.72;;;AMBP3;;;;;;;;2020-07-13;;;;
FIIM;11.184.136/0001-15;IT NOW IGCT FUNDO DE ÍNDICE;2023-06-30;487655;20538830.40;AÇÕES E OUTROS TVM CEDIDOS EM EMPRÉSTIMO;Ação ordinária;N;Para negociação;;;;;1183.00;66922.31;;;SBSP3;;;;;;;;1997-03-11;;;;
FIIM;11.184.136/0001-15;IT NOW IGCT FUNDO DE ÍNDICE;2023-06-30;487655;20538830.40;AÇÕES E OUTROS TVM CEDIDOS EM EMPRÉSTIMO;Ação ordinária;N;Para negociação;;;;;330.00;8134.50;;;ALSO3;;;;;;;;2019-08-06;;;;
FIIM;11.184.136/0001-15;IT NOW IGCT FUNDO DE ÍNDICE;2023-06-30;487655;20538830.40;AÇÕES E OUTROS TVM CEDIDOS EM EMPRÉSTIMO;Ação ordinária;N;Para negociação;;;;;2076.00;91800.72;;;SUZB3;;;;;;;;2004-08-05;;;;
FIIM;11.184.136/0001-15;IT NOW IGCT FUNDO DE ÍNDICE;2023-06-30;487655;20538830.40;AÇÕES E OUTROS TVM CEDIDOS EM EMPRÉSTIMO;Ação ordinária;N;Para negociação;;;;;540.00;5686.20;;;MOVI3;;;;;;;;2017-02-08;;;;
FIIM;11.184.136/0001-15;IT NOW IGCT FUNDO DE ÍNDICE;2023-06-30;487655;20538830.40;AÇÕES E OUTROS TVM CEDIDOS EM EMPRÉSTIMO;Ação ordinária;N;Para negociação;;;;;1043.00;1783.53;;;IFCM3;;;;;;;;2021-05-04;;;;
FIIM;11.184.136/0001-15;IT NOW IGCT FUNDO DE ÍNDICE;2023-06-30;487655;20538830.40;AÇÕES E OUTROS TVM CEDIDOS EM EMPRÉSTIMO;Ação ordinária;N;Para negociação;;;;;603.00;12964.50;;;SMFT3;;;;;;;;2018-02-26;;;;
FIIM;11.184.136/0001-15;IT NOW IGCT FUNDO DE ÍNDICE;2023-06-30;487655;20538830.40;AÇÕES E OUTROS TVM CEDIDOS EM EMPRÉSTIMO;Ação ordinária;N;Para negociação;;;;;1245.00;8092.50;;;ECOR3;;;;;;;;2010-04-01;;;;
FIIM;11.184.136/0001-15;IT NOW IGCT FUNDO DE ÍNDICE;2023-06-30;487655;20538830.40;AÇÕES E OUTROS TVM CEDIDOS EM EMPRÉSTIMO;Ação ordinária;N;Para negociação;;;;;900.00;8091.00;;;SIMH3;;;;;;;;2020-09-18;;;;
FIIM;11.184.136/0001-15;IT NOW IGCT FUNDO DE ÍNDICE;2023-06-30;487655;20538830.40;AÇÕES E OUTROS TVM CEDIDOS EM EMPRÉSTIMO;Ação ordinária;N;Para negociação;;;;;11674.00;39341.38;;;MGLU3;;;;;;;;2011-05-02;;;;
FIIM;11.184.136/0001-15;IT NOW IGCT FUNDO DE ÍNDICE;2023-06-30;487655;20538830.40;AÇÕES E OUTROS TVM CEDIDOS EM EMPRÉSTIMO;Ação ordinária;N;Para negociação;;;;;104.00;1935.44;;;BLAU3;;;;;;;;2021-04-19;;;;
FIIM;11.184.136/0001-15;IT NOW IGCT FUNDO DE ÍNDICE;2023-06-30;487655;20538830.40;AÇÕES E OUTROS TVM CEDIDOS EM EMPRÉSTIMO;Ação ordinária;N;Para negociação;;;;;187.00;5325.76;;;VIVA3;;;;;;;;2019-10-10;;;;
FIIM;11.184.136/0001-15;IT NOW IGCT FUNDO DE ÍNDICE;2023-06-30;487655;20538830.40;AÇÕES E OUTROS TVM CEDIDOS EM EMPRÉSTIMO;Ação ordinária;N;Para negociação;;;;;792.00;13376.88;;;GGPS3;;;;;;;;2021-04-26;;;;
FIIM;11.184.136/0001-15;IT NOW IGCT FUNDO DE ÍNDICE;2023-06-30;487655;20538830.40;AÇÕES E OUTROS TVM CEDIDOS EM EMPRÉSTIMO;Ação ordinária;N;Para negociação;;;;;225.00;1125.00;;;SEER3;;;;;;;;2013-10-29;;;;
FIIM;11.184.136/0001-15;IT NOW IGCT FUNDO DE ÍNDICE;2023-06-30;487655;20538830.40;AÇÕES E OUTROS TVM CEDIDOS EM EMPRÉSTIMO;Ação ordinária;N;Para negociação;;;;;12300.00;179703.00;;;B3SA3;;;;;;;;2018-03-26;;;;
FIIM;11.184.136/0001-15;IT NOW IGCT FUNDO DE ÍNDICE;2023-06-30;487655;20538830.40;AÇÕES E OUTROS TVM CEDIDOS EM EMPRÉSTIMO;Ação ordinária;N;Para negociação;;;;;235.00;5550.70;;;ENBR3;;;;;;;;2005-07-13;;;;
FIIM;11.184.136/0001-15;IT NOW IGCT FUNDO DE ÍNDICE;2023-06-30;487655;20538830.40;AÇÕES E OUTROS TVM CEDIDOS EM EMPRÉSTIMO;Ação ordinária;N;Para negociação;;;;;3394.00;56815.56;;;NTCO3;;;;;;;;2019-12-18;;;;
FIIM;11.184.136/0001-15;IT NOW IGCT FUNDO DE ÍNDICE;2023-06-30;487655;20538830.40;AÇÕES E OUTROS TVM CEDIDOS EM EMPRÉSTIMO;Ação ordinária;N;Para negociação;;;;;554.00;3772.74;;;EVEN3;;;;;;;;2007-04-02;;;;
FIIM;11.184.136/0001-15;IT NOW IGCT FUNDO DE ÍNDICE;2023-06-30;487655;20538830.40;AÇÕES E OUTROS TVM CEDIDOS EM EMPRÉSTIMO;Ação ordinária;N;Para negociação;;;;;990.00;1801.80;;;ESPA3;;;;;;;;2021-02-01;;;;
FIIM;11.184.136/0001-15;IT NOW IGCT FUNDO DE ÍNDICE;2023-06-30;487655;20538830.40;AÇÕES E OUTROS TVM CEDIDOS EM EMPRÉSTIMO;Ação ordinária;N;Para negociação;;;;;1084.00;9051.40;;;DXCO3;;;;;;;;2021-08-19;;;;
FIIM;11.184.136/0001-15;IT NOW IGCT FUNDO DE ÍNDICE;2023-06-30;487655;20538830.40;AÇÕES E OUTROS TVM CEDIDOS EM EMPRÉSTIMO;Ação ordinária;N;Para negociação;;;;;776.00;16474.48;;;NEOE3;;;;;;;;2017-10-05;;;;
FIIM;11.184.136/0001-15;IT NOW IGCT FUNDO DE ÍNDICE;2023-06-30;487655;20538830.40;AÇÕES E OUTROS TVM CEDIDOS EM EMPRÉSTIMO;Ação ordinária;N;Para negociação;;;;;952.00;28417.20;;;RRRP3;;;;;;;;2020-11-12;;;;
FIIM;11.184.136/0001-15;IT NOW IGCT FUNDO DE ÍNDICE;2023-06-30;487655;20538830.40;AÇÕES E OUTROS TVM CEDIDOS EM EMPRÉSTIMO;Ação ordinária;N;Para negociação;;;;;649.00;3952.41;;;LJQQ3;;;;;;;;2020-08-10;;;;
FIIM;11.184.136/0001-15;IT NOW IGCT FUNDO DE ÍNDICE;2023-06-30;487655;20538830.40;AÇÕES E OUTROS TVM CEDIDOS EM EMPRÉSTIMO;Ação ordinária;N;Para negociação;;;;;225.00;5514.75;;;AGRO3;;;;;;;;2006-05-02;;;;
FIIM;11.184.136/0001-15;IT NOW IGCT FUNDO DE ÍNDICE;2023-06-30;487655;20538830.40;AÇÕES E OUTROS TVM CEDIDOS EM EMPRÉSTIMO;Ação ordinária;N;Para negociação;;;;;3224.00;106134.08;;;RDOR3;;;;;;;;2020-12-10;;;;
FIIM;11.184.136/0001-15;IT NOW IGCT FUNDO DE ÍNDICE;2023-06-30;487655;20538830.40;AÇÕES E OUTROS TVM CEDIDOS EM EMPRÉSTIMO;Ação ordinária;N;Para negociação;;;;;351.00;572.13;;;TRAD3;;;;;;;;2021-07-28;;;;
FIIM;11.184.136/0001-15;IT NOW IGCT FUNDO DE ÍNDICE;2023-06-30;487655;20538830.40;AÇÕES E OUTROS TVM CEDIDOS EM EMPRÉSTIMO;Ação ordinária;N;Para negociação;;;;;1347.00;8863.26;;;PETZ3;;;;;;;;2020-09-11;;;;
FIIM;11.184.136/0001-15;IT NOW IGCT FUNDO DE ÍNDICE;2023-06-30;487655;20538830.40;AÇÕES E OUTROS TVM CEDIDOS EM EMPRÉSTIMO;Ação ordinária;N;Para negociação;;;;;237.00;1850.97;;;CASH3;;;;;;;;2020-11-05;;;;
FIIM;11.184.136/0001-15;IT NOW IGCT FUNDO DE ÍNDICE;2023-06-30;487655;20538830.40;AÇÕES E OUTROS TVM CEDIDOS EM EMPRÉSTIMO;Ação ordinária;N;Para negociação;;;;;302.00;2591.16;;;LWSA3;;;;;;;;2020-02-06;;;;
FIIM;11.184.136/0001-15;IT NOW IGCT FUNDO DE ÍNDICE;2023-06-30;487655;20538830.40;AÇÕES E OUTROS TVM CEDIDOS EM EMPRÉSTIMO;Ação ordinária;N;Para negociação;;;;;838.00;10265.50;;;AESB3;;;;;;;;2021-03-29;;;;
FIIM;11.184.136/0001-15;IT NOW IGCT FUNDO DE ÍNDICE;2023-06-30;487655;20538830.40;AÇÕES E OUTROS TVM CEDIDOS EM EMPRÉSTIMO;Ação ordinária;N;Para negociação;;;;;375.00;4683.75;;;MYPK3;;;;;;;;1984-09-14;;;;
FIIM;11.184.136/0001-15;IT NOW IGCT FUNDO DE ÍNDICE;2023-06-30;487655;20538830.40;AÇÕES E OUTROS TVM CEDIDOS EM EMPRÉSTIMO;Ação ordinária;N;Para negociação;;;;;1039.00;13039.45;;;ODPV3;;;;;;;;2006-12-01;;;;
FIIM;11.184.136/0001-15;IT NOW IGCT FUNDO DE ÍNDICE;2023-06-30;487655;20538830.40;AÇÕES E OUTROS TVM CEDIDOS EM EMPRÉSTIMO;Ação ordinária;N;Para negociação;;;;;642.00;9617.16;;;ARML3;;;;;;;;2021-07-28;;;;
FIIM;11.184.136/0001-15;IT NOW IGCT FUNDO DE ÍNDICE;2023-06-30;487655;20538830.40;AÇÕES E OUTROS TVM CEDIDOS EM EMPRÉSTIMO;Ação ordinária;N;Para negociação;;;;;140.00;1080.80;;;GUAR3;;;;;;;;1973-05-14;;;;
FIIM;11.184.136/0001-15;IT NOW IGCT FUNDO DE ÍNDICE;2023-06-30;487655;20538830.40;AÇÕES E OUTROS TVM CEDIDOS EM EMPRÉSTIMO;Ação ordinária;N;Para negociação;;;;;405.00;4657.50;;;TEND3;;;;;;;;2007-10-15;;;;
FIIM;11.184.136/0001-15;IT NOW IGCT FUNDO DE ÍNDICE;2023-06-30;487655;20538830.40;AÇÕES E OUTROS TVM CEDIDOS EM EMPRÉSTIMO;Ação ordinária;N;Para negociação;;;;;156.00;1845.48;;;DASA3;;;;;;;;2004-11-19;;;;
FIIM;11.184.136/0001-15;IT NOW IGCT FUNDO DE ÍNDICE;2023-06-30;487655;20538830.40;AÇÕES E OUTROS TVM CEDIDOS EM EMPRÉSTIMO;Ação ordinária;N;Para negociação;;;;;132.00;987.36;;;GRND3;;;;;;;;2004-10-29;;;;
FIIM;11.184.136/0001-15;IT NOW IGCT FUNDO DE ÍNDICE;2023-06-30;487655;20538830.40;AÇÕES E OUTROS TVM CEDIDOS EM EMPRÉSTIMO;Ação ordinária;N;Para negociação;;;;;3484.00;115320.40;;;PETR3;;;;;;;;1973-09-18;;;;
FIIM;11.184.136/0001-15;IT NOW IGCT FUNDO DE ÍNDICE;2023-06-30;487655;20538830.40;AÇÕES E OUTROS TVM CEDIDOS EM EMPRÉSTIMO;Ação ordinária;N;Para negociação;;;;;240.00;3084.00;;;TTEN3;;;;;;;;2021-07-12;;;;
FIIM;11.184.136/0001-15;IT NOW IGCT FUNDO DE ÍNDICE;2023-06-30;487655;20538830.40;AÇÕES E OUTROS TVM CEDIDOS EM EMPRÉSTIMO;Ação ordinária;N;Para negociação;;;;;1601.00;47997.98;;;TOTS3;;;;;;;;2006-03-09;;;;
FIIM;11.184.136/0001-15;IT NOW IGCT FUNDO DE ÍNDICE;2023-06-30;487655;20538830.40;AÇÕES E OUTROS TVM CEDIDOS EM EMPRÉSTIMO;Ação ordinária;N;Para negociação;;;;;1374.00;15526.20;;;MEGA3;;;;;;;;2021-12-27;;;;
FIIM;11.184.136/0001-15;IT NOW IGCT FUNDO DE ÍNDICE;2023-06-30;487655;20538830.40;AÇÕES E OUTROS TVM CEDIDOS EM EMPRÉSTIMO;Ação ordinária;N;Para negociação;;;;;899.00;14428.95;;;FLRY3;;;;;;;;2009-12-17;;;;
FIIM;11.184.136/0001-15;IT NOW IGCT FUNDO DE ÍNDICE;2023-06-30;487655;20538830.40;AÇÕES E OUTROS TVM CEDIDOS EM EMPRÉSTIMO;Ação ordinária;N;Para negociação;;;;;2847.00;105566.76;;;PRIO3;;;;;;;;2015-06-26;;;;
FIIM;11.184.136/0001-15;IT NOW IGCT FUNDO DE ÍNDICE;2023-06-30;487655;20538830.40;AÇÕES E OUTROS TVM CEDIDOS EM EMPRÉSTIMO;Ação ordinária;N;Para negociação;;;;;1004.00;4859.36;;;QUAL3;;;;;;;;2011-06-29;;;;
FIIM;11.184.136/0001-15;IT NOW IGCT FUNDO DE ÍNDICE;2023-06-30;487655;20538830.40;AÇÕES E OUTROS TVM CEDIDOS EM EMPRÉSTIMO;Ação ordinária;N;Para negociação;;;;;3.00;96.45;;;EQTL9;;;;;;;;2023-06-12;;;;
FIIM;11.184.136/0001-15;IT NOW IGCT FUNDO DE ÍNDICE;2023-06-30;487655;20538830.40;AÇÕES E OUTROS TVM CEDIDOS EM EMPRÉSTIMO;Ação ordinária;N;Para negociação;;;;;4540.00;18977.20;;;CMIN3;;;;;;;;2021-02-18;;;;
FIIM;11.184.136/0001-15;IT NOW IGCT FUNDO DE ÍNDICE;2023-06-30;487655;20538830.40;AÇÕES E OUTROS TVM CEDIDOS EM EMPRÉSTIMO;Ação ordinária;N;Para negociação;;;;;4738.00;140244.80;;;RADL3;;;;;;;;2011-12-19;;;;
FIIM;11.184.136/0001-15;IT NOW IGCT FUNDO DE ÍNDICE;2023-06-30;487655;20538830.40;AÇÕES E OUTROS TVM CEDIDOS EM EMPRÉSTIMO;Ação ordinária;N;Para negociação;;;;;1074.00;2770.92;;;MEAL3;;;;;;;;2015-03-31;;;;
FIIM;11.184.136/0001-15;IT NOW IGCT FUNDO DE ÍNDICE;2023-06-30;487655;20538830.40;AÇÕES E OUTROS TVM CEDIDOS EM EMPRÉSTIMO;Ação ordinária;N;Para negociação;;;;;2080.00;46176.00;;;RAIL3;;;;;;;;2017-03-13;;;;
FIIM;11.184.136/0001-15;IT NOW IGCT FUNDO DE ÍNDICE;2023-06-30;487655;20538830.40;AÇÕES E OUTROS TVM CEDIDOS EM EMPRÉSTIMO;Ação ordinária;S;Para negociação;;;;;1536.00;37662.72;;;ITUB3;;;;;;;;2009-05-20;;;;
FIIM;11.184.136/0001-15;IT NOW IGCT FUNDO DE ÍNDICE;2023-06-30;487655;20538830.40;AÇÕES E OUTROS TVM CEDIDOS EM EMPRÉSTIMO;Ação ordinária;N;Para negociação;;;;;1213.00;8818.51;;;MRFG3;;;;;;;;2007-06-28;;;;
FIIM;11.184.136/0001-15;IT NOW IGCT FUNDO DE ÍNDICE;2023-06-30;487655;20538830.40;AÇÕES E OUTROS TVM CEDIDOS EM EMPRÉSTIMO;Ação ordinária;N;Para negociação;;;;;270.00;21348.90;;;ARZZ3;;;;;;;;2011-02-02;;;;
FIIM;11.184.136/0001-15;IT NOW IGCT FUNDO DE ÍNDICE;2023-06-30;487655;20538830.40;AÇÕES E OUTROS TVM CEDIDOS EM EMPRÉSTIMO;Ação ordinária;N;Para negociação;;;;;6477.00;13925.55;;;VIIA3;;;;;;;;2021-08-16;;;;
FIIM;11.184.136/0001-15;IT NOW IGCT FUNDO DE ÍNDICE;2023-06-30;487655;20538830.40;AÇÕES E OUTROS TVM CEDIDOS EM EMPRÉSTIMO;Ação ordinária;N;Para negociação;;;;;1012.00;28002.04;;;MULT3;;;;;;;;2007-07-27;;;;
FIIM;11.184.136/0001-15;IT NOW IGCT FUNDO DE ÍNDICE;2023-06-30;487655;20538830.40;AÇÕES E OUTROS TVM CEDIDOS EM EMPRÉSTIMO;Ação ordinária;N;Para negociação;;;;;266.00;5881.26;;;SQIA3;;;;;;;;2019-02-18;;;;
FIIM;11.184.136/0001-15;IT NOW IGCT FUNDO DE ÍNDICE;2023-06-30;487655;20538830.40;AÇÕES E OUTROS TVM CEDIDOS EM EMPRÉSTIMO;Ação ordinária;N;Para negociação;;;;;2290.00;73623.50;;;EQTL3;;;;;;;;2006-04-03;;;;
FIIM;11.184.136/0001-15;IT NOW IGCT FUNDO DE ÍNDICE;2023-06-30;487655;20538830.40;AÇÕES E OUTROS TVM CEDIDOS EM EMPRÉSTIMO;Ação ordinária;N;Para negociação;;;;;217.00;5075.63;;;LOGG3;;;;;;;;2018-12-21;;;;
FIIM;11.184.136/0001-15;IT NOW IGCT FUNDO DE ÍNDICE;2023-06-30;487655;20538830.40;AÇÕES E OUTROS TVM CEDIDOS EM EMPRÉSTIMO;Ação ordinária;N;Para negociação;;;;;5121.00;70413.75;;;ASAI3;;;;;;;;2021-03-01;;;;
FIIM;11.184.136/0001-15;IT NOW IGCT FUNDO DE ÍNDICE;2023-06-30;487655;20538830.40;AÇÕES E OUTROS TVM CEDIDOS EM EMPRÉSTIMO;Ação ordinária;N;Para negociação;;;;;2348.00;23855.68;;;STBP3;;;;;;;;2007-11-21;;;;
FIIM;11.184.136/0001-15;IT NOW IGCT FUNDO DE ÍNDICE;2023-06-30;487655;20538830.40;AÇÕES E OUTROS TVM CEDIDOS EM EMPRÉSTIMO;Ação ordinária;N;Para negociação;;;;;2205.00;17507.70;;;BOAS3;;;;;;;;2020-09-30;;;;
FIIM;11.184.136/0001-15;IT NOW IGCT FUNDO DE ÍNDICE;2023-06-30;487655;20538830.40;AÇÕES E OUTROS TVM CEDIDOS EM EMPRÉSTIMO;Ação ordinária;N;Para negociação;;;;;489.00;7007.37;;;AURE3;;;;;;;;2022-03-28;;;;
FIIM;11.184.136/0001-15;IT NOW IGCT FUNDO DE ÍNDICE;2023-06-30;487655;20538830.40;AÇÕES E OUTROS TVM CEDIDOS EM EMPRÉSTIMO;Ação ordinária;N;Para negociação;;;;;480.00;22084.80;;;HYPE3;;;;;;;;2008-04-18;;;;
FIIM;11.184.136/0001-15;IT NOW IGCT FUNDO DE ÍNDICE;2023-06-30;487655;20538830.40;AÇÕES E OUTROS TVM CEDIDOS EM EMPRÉSTIMO;Ação ordinária;N;Para negociação;;;;;243.00;852.93;;;CVCB3;;;;;;;;2013-12-09;;;;
FIIM;11.184.136/0001-15;IT NOW IGCT FUNDO DE ÍNDICE;2023-06-30;487655;20538830.40;AÇÕES E OUTROS TVM CEDIDOS EM EMPRÉSTIMO;Ação ordinária;N;Para negociação;;;;;4365.00;38892.15;;;BRFS3;;;;;;;;2009-12-10;;;;
FIIM;11.184.136/0001-15;IT NOW IGCT FUNDO DE ÍNDICE;2023-06-30;487655;20538830.40;AÇÕES E OUTROS TVM CEDIDOS EM EMPRÉSTIMO;Ação ordinária;N;Para negociação;;;;;1300.00;15743.00;;;VAMO3;;;;;;;;2021-01-29;;;;
FIIM;11.184.136/0001-15;IT NOW IGCT FUNDO DE ÍNDICE;2023-06-30;487655;20538830.40;AÇÕES E OUTROS TVM CEDIDOS EM EMPRÉSTIMO;Ação ordinária;N;Para negociação;;;;;409.00;11501.08;;;PSSA3;;;;;;;;2004-11-22;;;;
FIIM;11.184.136/0001-15;IT NOW IGCT FUNDO DE ÍNDICE;2023-06-30;487655;20538830.40;AÇÕES E OUTROS TVM CEDIDOS EM EMPRÉSTIMO;Ação ordinária;N;Para negociação;;;;;3669.00;145842.75;;;ELET3;;;;;;;;1983-09-01;;;;
FIIM;11.184.136/0001-15;IT NOW IGCT FUNDO DE ÍNDICE;2023-06-30;487655;20538830.40;AÇÕES E OUTROS TVM CEDIDOS EM EMPRÉSTIMO;Ação ordinária;N;Para negociação;;;;;733.00;15502.95;;;CSMG3;;;;;;;;2006-02-08;;;;
FIIM;11.184.136/0001-15;IT NOW IGCT FUNDO DE ÍNDICE;2023-06-30;487655;20538830.40;AÇÕES E OUTROS TVM CEDIDOS EM EMPRÉSTIMO;Ação ordinária;N;Para negociação;;;;;607.00;11356.97;;;PCAR3;;;;;;;;1995-10-03;;;;
FIIM;11.184.136/0001-15;IT NOW IGCT FUNDO DE ÍNDICE;2023-06-30;487655;20538830.40;AÇÕES E OUTROS TVM CEDIDOS EM EMPRÉSTIMO;Ação ordinária;N;Para negociação;;;;;293.00;4025.82;;;ENAT3;;;;;;;;2019-04-24;;;;
FIIM;11.184.136/0001-15;IT NOW IGCT FUNDO DE ÍNDICE;2023-06-30;487655;20538830.40;AÇÕES E OUTROS TVM CEDIDOS EM EMPRÉSTIMO;Ação ordinária;N;Para negociação;;;;;179.00;3517.35;;;DIRR3;;;;;;;;2009-11-19;;;;
FIIM;11.184.136/0001-15;IT NOW IGCT FUNDO DE ÍNDICE;2023-06-30;487655;20538830.40;AÇÕES E OUTROS TVM CEDIDOS EM EMPRÉSTIMO;Ação ordinária;N;Para negociação;;;;;315.00;2904.30;;;POSI3;;;;;;;;2006-12-11;;;;
FIIM;11.184.136/0001-15;IT NOW IGCT FUNDO DE ÍNDICE;2023-06-30;487655;20538830.40;AÇÕES E OUTROS TVM CEDIDOS EM EMPRÉSTIMO;Ação ordinária;N;Para negociação;;;;;749.00;14845.18;;;YDUQ3;;;;;;;;2019-07-23;;;;
FIIM;11.184.136/0001-15;IT NOW IGCT FUNDO DE ÍNDICE;2023-06-30;487655;20538830.40;AÇÕES E OUTROS TVM CEDIDOS EM EMPRÉSTIMO;Ação ordinária;N;Para negociação;;;;;188.00;8003.16;;;MDIA3;;;;;;;;2006-10-18;;;;
FIIM;11.184.136/0001-15;IT NOW IGCT FUNDO DE ÍNDICE;2023-06-30;487655;20538830.40;AÇÕES E OUTROS TVM CEDIDOS EM EMPRÉSTIMO;Ação ordinária;N;Para negociação;;;;;213.00;3118.32;;;BBDC3;;;;;;;;1973-12-06;;;;
FIIM;11.184.136/0001-15;IT NOW IGCT FUNDO DE ÍNDICE;2023-06-30;487655;20538830.40;AÇÕES E OUTROS TVM CEDIDOS EM EMPRÉSTIMO;Ação ordinária;N;Para negociação;;;;;405.00;3045.60;;;JALL3;;;;;;;;2021-02-08;;;;
FIIM;11.184.136/0001-15;IT NOW IGCT FUNDO DE ÍNDICE;2023-06-30;487655;20538830.40;AÇÕES E OUTROS TVM CEDIDOS EM EMPRÉSTIMO;Ação ordinária;N;Para negociação;;;;;630.00;2551.50;;;PGMN3;;;;;;;;2020-09-02;;;;
FIIM;11.184.136/0001-15;IT NOW IGCT FUNDO DE ÍNDICE;2023-06-30;487655;20538830.40;AÇÕES E OUTROS TVM CEDIDOS EM EMPRÉSTIMO;Ação ordinária;N;Para negociação;;;;;157.00;2639.17;;;ROMI3;;;;;;;;1973-06-22;;;;
FIIM;11.184.136/0001-15;IT NOW IGCT FUNDO DE ÍNDICE;2023-06-30;487655;20538830.40;AÇÕES E OUTROS TVM CEDIDOS EM EMPRÉSTIMO;Ação ordinária;N;Para negociação;;;;;1008.00;19323.36;;;RECV3;;;;;;;;2021-05-05;;;;
FIIM;11.184.136/0001-15;IT NOW IGCT FUNDO DE ÍNDICE;2023-06-30;487655;20538830.40;AÇÕES E OUTROS TVM CEDIDOS EM EMPRÉSTIMO;Ação ordinária;N;Para negociação;;;;;673.00;1002.77;;;SEQL3;;;;;;;;2020-10-07;;;;
FIIM;11.184.136/0001-15;IT NOW IGCT FUNDO DE ÍNDICE;2023-06-30;487655;20538830.40;AÇÕES E OUTROS TVM CEDIDOS EM EMPRÉSTIMO;Ação ordinária;N;Para negociação;;;;;3134.00;214679.00;;;RENT3;;;;;;;;2005-05-23;;;;
FIIM;11.184.136/0001-15;IT NOW IGCT FUNDO DE ÍNDICE;2023-06-30;487655;20538830.40;AÇÕES E OUTROS TVM CEDIDOS EM EMPRÉSTIMO;Ação ordinária;N;Para negociação;;;;;161.00;4221.42;;;TUPY3;;;;;;;;1973-06-13;;;;
FIIM;11.184.136/0001-15;IT NOW IGCT FUNDO DE ÍNDICE;2023-06-30;487655;20538830.40;AÇÕES E OUTROS TVM CEDIDOS EM EMPRÉSTIMO;Ação ordinária;N;Para negociação;;;;;336.00;1824.48;;;CEAB3;;;;;;;;2019-10-28;;;;
FIIM;11.184.136/0001-15;IT NOW IGCT FUNDO DE ÍNDICE;2023-06-30;487655;20538830.40;AÇÕES E OUTROS TVM CEDIDOS EM EMPRÉSTIMO;Ação ordinária;N;Para negociação;;;;;1186.00;14232.00;;;SOMA3;;;;;;;;2020-07-31;;;;
FIIM;11.184.136/0001-15;IT NOW IGCT FUNDO DE ÍNDICE;2023-06-30;487655;20538830.40;AÇÕES E OUTROS TVM CEDIDOS EM EMPRÉSTIMO;Ação ordinária;N;Para negociação;;;;;374.00;2640.44;;;CAML3;;;;;;;;2017-09-28;;;;
FIIM;11.184.136/0001-15;IT NOW IGCT FUNDO DE ÍNDICE;2023-06-30;487655;20538830.40;AÇÕES E OUTROS TVM CEDIDOS EM EMPRÉSTIMO;Ação ordinária;N;Para negociação;;;;;403.00;17550.65;;;IRBR3;;;;;;;;2017-07-31;;;;
FIIM;11.184.136/0001-15;IT NOW IGCT FUNDO DE ÍNDICE;2023-06-30;487655;20538830.40;AÇÕES E OUTROS TVM CEDIDOS EM EMPRÉSTIMO;Ação ordinária;N;Para negociação;;;;;3779.00;53094.95;;;CCRO3;;;;;;;;2002-02-01;;;;
FIIM;11.184.136/0001-15;IT NOW IGCT FUNDO DE ÍNDICE;2023-06-30;487655;20538830.40;AÇÕES E OUTROS TVM CEDIDOS EM EMPRÉSTIMO;Ação ordinária;N;Para negociação;;;;;187.00;6430.93;;;CPFE3;;;;;;;;2004-09-29;;;;
FIIM;11.184.136/0001-15;IT NOW IGCT FUNDO DE ÍNDICE;2023-06-30;487655;20538830.40;AÇÕES E OUTROS TVM CEDIDOS EM EMPRÉSTIMO;Ação ordinária;N;Para negociação;;;;;4064.00;70957.44;;;JBSS3;;;;;;;;2007-03-29;;;;
FIIM;11.184.136/0001-15;IT NOW IGCT FUNDO DE ÍNDICE;2023-06-30;487655;20538830.40;AÇÕES E OUTROS TVM CEDIDOS EM EMPRÉSTIMO;Ação ordinária;N;Para negociação;;;;;143.00;4400.11;;;BBSE3;;;;;;;;2013-04-29;;;;
FIIM;11.184.136/0001-15;IT NOW IGCT FUNDO DE ÍNDICE;2023-06-30;487655;20538830.40;AÇÕES E OUTROS TVM CEDIDOS EM EMPRÉSTIMO;Ação ordinária;N;Para negociação;;;;;1709.00;5434.62;;;HBSA3;;;;;;;;2020-09-25;;;;
FIIM;11.184.136/0001-15;IT NOW IGCT FUNDO DE ÍNDICE;2023-06-30;487655;20538830.40;AÇÕES E OUTROS TVM CEDIDOS EM EMPRÉSTIMO;Ação ordinária;N;Para negociação;;;;;1443.00;27878.76;;;CMIG3;;;;;;;;1973-08-20;;;;
FIIM;11.184.136/0001-15;IT NOW IGCT FUNDO DE ÍNDICE;2023-06-30;487655;20538830.40;AÇÕES E OUTROS TVM CEDIDOS EM EMPRÉSTIMO;Ação ordinária;N;Para negociação;;;;;1049.00;4772.95;;;ZAMP3;;;;;;;;2022-10-26;;;;
FIIM;11.184.136/0001-15;IT NOW IGCT FUNDO DE ÍNDICE;2023-06-30;487655;20538830.40;AÇÕES E OUTROS TVM CEDIDOS EM EMPRÉSTIMO;Ação ordinária;N;Para negociação;;;;;1260.00;14578.20;;;MRVE3;;;;;;;;2007-07-23;;;;
FIIM;11.184.136/0001-15;IT NOW IGCT FUNDO DE ÍNDICE;2023-06-30;487655;20538830.40;AÇÕES E OUTROS TVM CEDIDOS EM EMPRÉSTIMO;Ação preferencial;N;Para negociação;;;;;1385.00;12672.75;;;BPAN4;;;;;;;;2014-08-05;;;;
FIIM;11.184.136/0001-15;IT NOW IGCT FUNDO DE ÍNDICE;2023-06-30;487655;20538830.40;AÇÕES E OUTROS TVM CEDIDOS EM EMPRÉSTIMO;Ação preferencial;N;Para negociação;;;;;3168.00;26262.72;;;CPLE6;;;;;;;;1996-11-14;;;;
FIIM;11.184.136/0001-15;IT NOW IGCT FUNDO DE ÍNDICE;2023-06-30;487655;20538830.40;AÇÕES E OUTROS TVM CEDIDOS EM EMPRÉSTIMO;Ação preferencial;N;Para negociação;;;;;1292.00;15271.44;;;GOAU4;;;;;;;;1973-08-27;;;;
FIIM;11.184.136/0001-15;IT NOW IGCT FUNDO DE ÍNDICE;2023-06-30;487655;20538830.40;AÇÕES E OUTROS TVM CEDIDOS EM EMPRÉSTIMO;Ação preferencial;S;Para negociação;;;;;154.00;1484.56;;;ITSA4;;;;;;;;1973-09-17;;;;
FIIM;11.184.136/0001-15;IT NOW IGCT FUNDO DE ÍNDICE;2023-06-30;487655;20538830.40;AÇÕES E OUTROS TVM CEDIDOS EM EMPRÉSTIMO;Ação preferencial;N;Para negociação;;;;;97.00;4701.59;;;FESA4;;;;;;;;1979-01-31;;;;
FIIM;11.184.136/0001-15;IT NOW IGCT FUNDO DE ÍNDICE;2023-06-30;487655;20538830.40;AÇÕES E OUTROS TVM CEDIDOS EM EMPRÉSTIMO;Ação preferencial;N;Para negociação;;;;;902.00;40157.04;;;ELET6;;;;;;;;1974-11-13;;;;
FIIM;11.184.136/0001-15;IT NOW IGCT FUNDO DE ÍNDICE;2023-06-30;487655;20538830.40;AÇÕES E OUTROS TVM CEDIDOS EM EMPRÉSTIMO;Ação preferencial;N;Para negociação;;;;;1077.00;30005.22;;;BRKM5;;;;;;;;2002-09-02;;;;
FIIM;11.184.136/0001-15;IT NOW IGCT FUNDO DE ÍNDICE;2023-06-30;487655;20538830.40;AÇÕES E OUTROS TVM CEDIDOS EM EMPRÉSTIMO;Ação preferencial;N;Para negociação;;;;;343.00;4174.31;;;RAPT4;;;;;;;;1993-03-19;;;;
FIIM;11.184.136/0001-15;IT NOW IGCT FUNDO DE ÍNDICE;2023-06-30;487655;20538830.40;AÇÕES E OUTROS TVM CEDIDOS EM EMPRÉSTIMO;Ação preferencial;N;Para negociação;;;;;9679.00;285820.87;;;PETR4;;;;;;;;1973-09-18;;;;
FIIM;11.184.136/0001-15;IT NOW IGCT FUNDO DE ÍNDICE;2023-06-30;487655;20538830.40;AÇÕES E OUTROS TVM CEDIDOS EM EMPRÉSTIMO;Ação preferencial;N;Para negociação;;;;;4307.00;18950.80;;;RAIZ4;;;;;;;;2021-08-05;;;;
FIIM;11.184.136/0001-15;IT NOW IGCT FUNDO DE ÍNDICE;2023-06-30;487655;20538830.40;AÇÕES E OUTROS TVM CEDIDOS EM EMPRÉSTIMO;Ação preferencial;N;Para negociação;;;;;566.00;2948.86;;;POMO4;;;;;;;;1978-07-20;;;;
FIIM;11.184.136/0001-15;IT NOW IGCT FUNDO DE ÍNDICE;2023-06-30;487655;20538830.40;AÇÕES E OUTROS TVM CEDIDOS EM EMPRÉSTIMO;Ação preferencial;N;Para negociação;;;;;17200.00;282940.00;;;BBDC4;;;;;;;;1973-12-06;;;;
FIIM;11.184.136/0001-15;IT NOW IGCT FUNDO DE ÍNDICE;2023-06-30;487655;20538830.40;AÇÕES E OUTROS TVM CEDIDOS EM EMPRÉSTIMO;Ação preferencial;N;Para negociação;;;;;1125.00;28530.00;;;TRPL4;;;;;;;;1999-07-26;;;;
FIIM;11.184.136/0001-15;IT NOW IGCT FUNDO DE ÍNDICE;2023-06-30;487655;20538830.40;AÇÕES E OUTROS TVM CEDIDOS EM EMPRÉSTIMO;Ação preferencial;N;Para negociação;;;;;291.00;4365.00;;;BRSR6;;;;;;;;2007-09-03;;;;
FIIM;11.184.136/0001-15;IT NOW IGCT FUNDO DE ÍNDICE;2023-06-30;487655;20538830.40;AÇÕES E OUTROS TVM CEDIDOS EM EMPRÉSTIMO;Ação preferencial;N;Para negociação;;;;;996.00;22121.16;;;BRAP4;;;;;;;;2000-08-10;;;;
FIIM;11.184.136/0001-15;IT NOW IGCT FUNDO DE ÍNDICE;2023-06-30;487655;20538830.40;AÇÕES E OUTROS TVM CEDIDOS EM EMPRÉSTIMO;Ação preferencial;N;Para negociação;;;;;709.00;9337.53;;;GOLL4;;;;;;;;2004-06-24;;;;
FIIM;11.184.136/0001-15;IT NOW IGCT FUNDO DE ÍNDICE;2023-06-30;487655;20538830.40;AÇÕES E OUTROS TVM CEDIDOS EM EMPRÉSTIMO;Ação preferencial;N;Para negociação;;;;;174.00;2622.18;;;TASA4;;;;;;;;2019-11-12;;;;
FIIM;11.184.136/0001-15;IT NOW IGCT FUNDO DE ÍNDICE;2023-06-30;487655;20538830.40;AÇÕES E OUTROS TVM CEDIDOS EM EMPRÉSTIMO;Ação preferencial;N;Para negociação;;;;;619.00;13531.34;;;AZUL4;;;;;;;;2017-04-11;;;;
FIIM;11.184.136/0001-15;IT NOW IGCT FUNDO DE ÍNDICE;2023-06-30;487655;20538830.40;AÇÕES E OUTROS TVM CEDIDOS EM EMPRÉSTIMO;Ação preferencial;N;Para negociação;;;;;4367.00;109480.69;;;GGBR4;;;;;;;;2001-02-01;;;;
FIIM;11.184.136/0001-15;IT NOW IGCT FUNDO DE ÍNDICE;2023-06-30;487655;20538830.40;AÇÕES E OUTROS TVM CEDIDOS EM EMPRÉSTIMO;Ação preferencial;N;Para negociação;;;;;2070.00;14634.90;;;USIM5;;;;;;;;1999-02-02;;;;
FIIM;11.184.136/0001-15;IT NOW IGCT FUNDO DE ÍNDICE;2023-06-30;487655;20538830.40;AÇÕES E OUTROS TVM CEDIDOS EM EMPRÉSTIMO;Ação preferencial;N;Para negociação;;;;;274.00;5225.18;;;ABCB4;;;;;;;;2007-07-25;;;;
FIIM;11.184.136/0001-15;IT NOW IGCT FUNDO DE ÍNDICE;2023-06-30;487655;20538830.40;AÇÕES E OUTROS TVM CEDIDOS EM EMPRÉSTIMO;Ação preferencial;N;Para negociação;;;;;4594.00;59078.84;;;CMIG4;;;;;;;;1973-08-20;;;;
FIIM;11.184.136/0001-15;IT NOW IGCT FUNDO DE ÍNDICE;2023-06-30;487655;20538830.40;AÇÕES E OUTROS TVM CEDIDOS EM EMPRÉSTIMO;Ação preferencial;S;Para negociação;;;;;1305.00;37088.10;;;ITUB4;;;;;;;;2009-05-20;;;;
FIIM;11.184.136/0001-15;IT NOW IGCT FUNDO DE ÍNDICE;2023-06-30;487655;20538830.40;AÇÕES E OUTROS TVM CEDIDOS EM EMPRÉSTIMO;Certificado de depósito de ações;N;Para negociação;;;;;787.00;17644.54;;;IGTI11;;;;;;;;2021-11-22;;;;
FIIM;11.184.136/0001-15;IT NOW IGCT FUNDO DE ÍNDICE;2023-06-30;487655;20538830.40;AÇÕES E OUTROS TVM CEDIDOS EM EMPRÉSTIMO;Certificado de depósito de ações;N;Para negociação;;;;;936.00;46987.20;;;ENGI11;;;;;;;;2009-11-03;;;;
FIIM;11.184.136/0001-15;IT NOW IGCT FUNDO DE ÍNDICE;2023-06-30;487655;20538830.40;AÇÕES E OUTROS TVM CEDIDOS EM EMPRÉSTIMO;Certificado de depósito de ações;N;Para negociação;;;;;955.00;30034.75;;;BPAC11;;;;;;;;2017-02-16;;;;
FIIM;11.184.136/0001-15;IT NOW IGCT FUNDO DE ÍNDICE;2023-06-30;487655;20538830.40;AÇÕES E OUTROS TVM CEDIDOS EM EMPRÉSTIMO;Certificado de depósito de ações;N;Para negociação;;;;;531.00;15919.38;;;ALUP11;;;;;;;;2013-04-24;;;;
FIIM;11.184.136/0001-15;IT NOW IGCT FUNDO DE ÍNDICE;2023-06-30;487655;20538830.40;AÇÕES E OUTROS TVM CEDIDOS EM EMPRÉSTIMO;Certificado de depósito de ações;N;Para negociação;;;;;692.00;15127.12;;;SAPR11;;;;;;;;2017-11-17;;;;
FIIM;11.184.136/0001-15;IT NOW IGCT FUNDO DE ÍNDICE;2023-06-30;487655;20538830.40;AÇÕES E OUTROS TVM CEDIDOS EM EMPRÉSTIMO;Certificado de depósito de ações;N;Para negociação;;;;;872.00;32822.08;;;TAEE11;;;;;;;;2012-05-28;;;;
FIIM;11.184.136/0001-15;IT NOW IGCT FUNDO DE ÍNDICE;2023-06-30;487655;20538830.40;AÇÕES E OUTROS TVM CEDIDOS EM EMPRÉSTIMO;Certificado de depósito de ações;N;Para negociação;;;;;2878.00;62654.06;;;KLBN11;;;;;;;;2014-01-10;;;;
FIIM;11.184.136/0001-15;IT NOW IGCT FUNDO DE ÍNDICE;2023-06-30;487655;20538830.40;CERTIFICADO OU RECIBO DE DEPÓSITO DE VALORES MOBILIÁRIOS;Certificado de depósito de ações;N;Para negociação;0.00;0.00;0.00;0.00;3521.00;76652.17;;;KLBN11;;;;;;;;2014-01-10;;;;
FIIM;11.184.136/0001-15;IT NOW IGCT FUNDO DE ÍNDICE;2023-06-30;487655;20538830.40;CERTIFICADO OU RECIBO DE DEPÓSITO DE VALORES MOBILIÁRIOS;Certificado de depósito de ações;N;Para negociação;0.00;0.00;0.00;0.00;1213.00;27195.46;;;IGTI11;;;;;;;;2021-11-22;;;;
FIIM;11.184.136/0001-15;IT NOW IGCT FUNDO DE ÍNDICE;2023-06-30;487655;20538830.40;CERTIFICADO OU RECIBO DE DEPÓSITO DE VALORES MOBILIÁRIOS;Certificado de depósito de ações;N;Para negociação;0.00;0.00;0.00;0.00;10145.00;319060.25;;;BPAC11;;;;;;;;2017-02-16;;;;
FIIM;11.184.136/0001-15;IT NOW IGCT FUNDO DE ÍNDICE;2023-06-30;487655;20538830.40;CERTIFICADO OU RECIBO DE DEPÓSITO DE VALORES MOBILIÁRIOS;Certificado de depósito de ações;N;Para negociação;0.00;0.00;0.00;0.00;1128.00;42457.92;;;TAEE11;;;;;;;;2012-05-28;;;;
FIIM;11.184.136/0001-15;IT NOW IGCT FUNDO DE ÍNDICE;2023-06-30;487655;20538830.40;CERTIFICADO OU RECIBO DE DEPÓSITO DE VALORES MOBILIÁRIOS;Certificado de depósito de ações;N;Para negociação;0.00;0.00;0.00;0.00;1128.00;24658.08;;;SAPR11;;;;;;;;2017-11-17;;;;
FIIM;11.184.136/0001-15;IT NOW IGCT FUNDO DE ÍNDICE;2023-06-30;487655;20538830.40;CERTIFICADO OU RECIBO DE DEPÓSITO DE VALORES MOBILIÁRIOS;Certificado de depósito de ações;N;Para negociação;0.00;0.00;0.00;0.00;819.00;24553.62;;;ALUP11;;;;;;;;2013-04-24;;;;
FIIM;11.184.136/0001-15;IT NOW IGCT FUNDO DE ÍNDICE;2023-06-30;487655;20538830.40;CERTIFICADO OU RECIBO DE DEPÓSITO DE VALORES MOBILIÁRIOS;Certificado de depósito de ações;N;Para negociação;0.00;0.00;0.00;0.00;1364.00;68472.80;;;ENGI11;;;;;;;;2009-11-03;;;;
FIIM;11.184.136/0001-15;IT NOW IGCT FUNDO DE ÍNDICE;2023-06-30;487655;20538830.40;OUTROS VALORES MOBILIÁRIOS REGISTRADOS NA CVM OBJETO DE OFERTA PÚBLICA;Recibo de subscrição;N;Para negociação;0.00;0.00;0.00;0.00;137.00;4404.55;;;EQTL9;;;;;;;;2023-06-12;;;;
FIIM;11.455.378/0001-04;ISHARES IBRX - ÍNDICE BRASIL (IBRX-100) FUNDO DE ÍNDICE;2023-06-30;488189;48989363.53;AÇÕES;Ação ordinária;N;Para negociação;0.00;0.00;549.00;37557.68;98690.00;6337871.80;;;VALE3;;;;;;;;1982-02-15;;;;
FIIM;11.455.378/0001-04;ISHARES IBRX - ÍNDICE BRASIL (IBRX-100) FUNDO DE ÍNDICE;2023-06-30;488189;48989363.53;AÇÕES;Ação ordinária;N;Para negociação;0.00;0.00;136.00;1504.46;11768.00;131801.60;;;CRFB3;;;;;;;;2017-07-20;;;;
FIIM;11.455.378/0001-04;ISHARES IBRX - ÍNDICE BRASIL (IBRX-100) FUNDO DE ÍNDICE;2023-06-30;488189;48989363.53;AÇÕES;Ação ordinária;N;Para negociação;0.00;0.00;457.00;15128.98;82123.00;2718271.30;;;PETR3;;;;;;;;1973-09-18;;;;
FIIM;11.455.378/0001-04;ISHARES IBRX - ÍNDICE BRASIL (IBRX-100) FUNDO DE ÍNDICE;2023-06-30;488189;48989363.53;AÇÕES;Ação ordinária;N;Para negociação;0.00;0.00;162.00;2861.78;25201.00;440009.46;;;JBSS3;;;;;;;;2007-03-29;;;;
FIIM;11.455.378/0001-04;ISHARES IBRX - ÍNDICE BRASIL (IBRX-100) FUNDO DE ÍNDICE;2023-06-30;488189;48989363.53;AÇÕES;Ação ordinária;N;Para negociação;0.00;0.00;150.00;3324.18;26969.00;598711.80;;;RAIL3;;;;;;;;2017-03-13;;;;
FIIM;11.455.378/0001-04;ISHARES IBRX - ÍNDICE BRASIL (IBRX-100) FUNDO DE ÍNDICE;2023-06-30;488189;48989363.53;AÇÕES;Ação ordinária;N;Para negociação;0.00;0.00;38.00;1483.18;1821.00;79304.55;;;IRBR3;;;;;;;;2017-07-31;;;;
FIIM;11.455.378/0001-04;ISHARES IBRX - ÍNDICE BRASIL (IBRX-100) FUNDO DE ÍNDICE;2023-06-30;488189;48989363.53;AÇÕES;Ação ordinária;N;Para negociação;0.00;0.00;135.00;4535.54;24296.00;799824.32;;;RDOR3;;;;;;;;2021-06-25;;;;
FIIM;11.455.378/0001-04;ISHARES IBRX - ÍNDICE BRASIL (IBRX-100) FUNDO DE ÍNDICE;2023-06-30;488189;48989363.53;AÇÕES;Ação ordinária;N;Para negociação;0.00;0.00;86.00;1357.94;9346.00;150003.30;;;FLRY3;;;;;;;;2009-12-17;;;;
FIIM;11.455.378/0001-04;ISHARES IBRX - ÍNDICE BRASIL (IBRX-100) FUNDO DE ÍNDICE;2023-06-30;488189;48989363.53;AÇÕES;Ação ordinária;N;Para negociação;0.00;0.00;707.00;10280.23;127194.00;1858304.34;;;B3SA3;;;;;;;;2018-03-26;;;;
FIIM;11.455.378/0001-04;ISHARES IBRX - ÍNDICE BRASIL (IBRX-100) FUNDO DE ÍNDICE;2023-06-30;488189;48989363.53;AÇÕES;Ação ordinária;N;Para negociação;0.00;0.00;52.00;2250.53;9386.00;406132.22;;;VIVT3;;;;;;;;2011-10-06;;;;
FIIM;11.455.378/0001-04;ISHARES IBRX - ÍNDICE BRASIL (IBRX-100) FUNDO DE ÍNDICE;2023-06-30;488189;48989363.53;AÇÕES;Ação ordinária;N;Para negociação;0.00;0.00;0.00;0.00;2135.00;39326.70;;;EZTC3;;;;;;;;2007-06-22;;;;
FIIM;11.455.378/0001-04;ISHARES IBRX - ÍNDICE BRASIL (IBRX-100) FUNDO DE ÍNDICE;2023-06-30;488189;48989363.53;AÇÕES;Ação ordinária;N;Para negociação;0.00;0.00;176.00;8595.63;31519.00;1557038.60;;;BBAS3;;;;;;;;1973-05-31;;;;
FIIM;11.455.378/0001-04;ISHARES IBRX - ÍNDICE BRASIL (IBRX-100) FUNDO DE ÍNDICE;2023-06-30;488189;48989363.53;AÇÕES;Ação ordinária;N;Para negociação;0.00;0.00;0.00;0.00;3536.00;66158.56;;;PCAR3;;;;;;;;1995-10-03;;;;
FIIM;11.455.378/0001-04;ISHARES IBRX - ÍNDICE BRASIL (IBRX-100) FUNDO DE ÍNDICE;2023-06-30;488189;48989363.53;AÇÕES;Ação ordinária;N;Para negociação;0.00;0.00;154.00;4422.46;27596.00;816841.60;;;RADL3;;;;;;;;2011-12-19;;;;
FIIM;11.455.378/0001-04;ISHARES IBRX - ÍNDICE BRASIL (IBRX-100) FUNDO DE ÍNDICE;2023-06-30;488189;48989363.53;AÇÕES;Ação ordinária;N;Para negociação;0.00;0.00;135.00;1377.35;19007.00;193111.12;;;STBP3;;;;;;;;2007-11-21;;;;
FIIM;11.455.378/0001-04;ISHARES IBRX - ÍNDICE BRASIL (IBRX-100) FUNDO DE ÍNDICE;2023-06-30;488189;48989363.53;AÇÕES;Ação ordinária;N;Para negociação;0.00;0.00;121.00;1712.49;22151.00;311221.55;;;CCRO3;;;;;;;;2002-02-01;;;;
FIIM;11.455.378/0001-04;ISHARES IBRX - ÍNDICE BRASIL (IBRX-100) FUNDO DE ÍNDICE;2023-06-30;488189;48989363.53;AÇÕES;Ação ordinária;N;Para negociação;0.00;0.00;0.00;0.00;2336.00;89281.92;;;SLCE3;;;;;;;;2007-06-15;;;;
FIIM;11.455.378/0001-04;ISHARES IBRX - ÍNDICE BRASIL (IBRX-100) FUNDO DE ÍNDICE;2023-06-30;488189;48989363.53;AÇÕES;Ação ordinária;N;Para negociação;0.00;0.00;533.00;2290.41;95927.00;420160.26;;;HAPV3;;;;;;;;2018-04-25;;;;
FIIM;11.455.378/0001-04;ISHARES IBRX - ÍNDICE BRASIL (IBRX-100) FUNDO DE ÍNDICE;2023-06-30;488189;48989363.53;AÇÕES;Ação ordinária;N;Para negociação;0.00;0.00;0.00;0.00;1529.00;65089.53;;;MDIA3;;;;;;;;2006-10-18;;;;
FIIM;11.455.378/0001-04;ISHARES IBRX - ÍNDICE BRASIL (IBRX-100) FUNDO DE ÍNDICE;2023-06-30;488189;48989363.53;AÇÕES;Ação ordinária;N;Para negociação;0.00;0.00;79.00;1368.97;24079.00;454852.31;;;UGPA3;;;;;;;;1999-10-13;;;;
FIIM;11.455.378/0001-04;ISHARES IBRX - ÍNDICE BRASIL (IBRX-100) FUNDO DE ÍNDICE;2023-06-30;488189;48989363.53;AÇÕES;Ação ordinária;N;Para negociação;0.00;0.00;89.00;4253.25;16124.00;713003.28;;;SUZB3;;;;;;;;2004-08-05;;;;
FIIM;11.455.378/0001-04;ISHARES IBRX - ÍNDICE BRASIL (IBRX-100) FUNDO DE ÍNDICE;2023-06-30;488189;48989363.53;AÇÕES;Ação ordinária;N;Para negociação;0.00;0.00;0.00;0.00;6027.00;50325.45;;;DXCO3;;;;;;;;2021-08-19;;;;
FIIM;11.455.378/0001-04;ISHARES IBRX - ÍNDICE BRASIL (IBRX-100) FUNDO DE ÍNDICE;2023-06-30;488189;48989363.53;AÇÕES;Ação ordinária;N;Para negociação;0.00;0.00;209.00;1360.59;6864.00;44616.00;;;ECOR3;;;;;;;;2010-04-01;;;;
FIIM;11.455.378/0001-04;ISHARES IBRX - ÍNDICE BRASIL (IBRX-100) FUNDO DE ÍNDICE;2023-06-30;488189;48989363.53;AÇÕES;Ação ordinária;N;Para negociação;0.00;0.00;0.00;0.00;10300.00;81576.00;;;GMAT3;;;;;;;;2020-10-13;;;;
FIIM;11.455.378/0001-04;ISHARES IBRX - ÍNDICE BRASIL (IBRX-100) FUNDO DE ÍNDICE;2023-06-30;488189;48989363.53;AÇÕES;Ação ordinária;N;Para negociação;0.00;0.00;138.00;2456.00;24724.00;446268.20;;;VBBR3;;;;;;;;2021-10-22;;;;
FIIM;11.455.378/0001-04;ISHARES IBRX - ÍNDICE BRASIL (IBRX-100) FUNDO DE ÍNDICE;2023-06-30;488189;48989363.53;AÇÕES;Ação ordinária;N;Para negociação;0.00;0.00;0.00;0.00;40053.00;130572.78;;;COGN3;;;;;;;;2019-10-11;;;;
FIIM;11.455.378/0001-04;ISHARES IBRX - ÍNDICE BRASIL (IBRX-100) FUNDO DE ÍNDICE;2023-06-30;488189;48989363.53;AÇÕES;Ação ordinária;N;Para negociação;0.00;0.00;155.00;1460.13;9590.00;82282.20;;;LWSA3;;;;;;;;2020-02-06;;;;
FIIM;11.455.378/0001-04;ISHARES IBRX - ÍNDICE BRASIL (IBRX-100) FUNDO DE ÍNDICE;2023-06-30;488189;48989363.53;AÇÕES;Ação ordinária;N;Para negociação;0.00;0.00;40.00;1500.98;3197.00;109177.55;;;SMTO3;;;;;;;;2007-02-12;;;;
FIIM;11.455.378/0001-04;ISHARES IBRX - ÍNDICE BRASIL (IBRX-100) FUNDO DE ÍNDICE;2023-06-30;488189;48989363.53;AÇÕES;Ação ordinária;N;Para negociação;0.00;0.00;33.00;1367.85;8876.00;408384.76;;;HYPE3;;;;;;;;2008-04-18;;;;
FIIM;11.455.378/0001-04;ISHARES IBRX - ÍNDICE BRASIL (IBRX-100) FUNDO DE ÍNDICE;2023-06-30;488189;48989363.53;AÇÕES;Ação ordinária;N;Para negociação;0.00;0.00;42.00;2293.32;7543.00;426707.51;;;SBSP3;;;;;;;;1997-03-11;;;;
FIIM;11.455.378/0001-04;ISHARES IBRX - ÍNDICE BRASIL (IBRX-100) FUNDO DE ÍNDICE;2023-06-30;488189;48989363.53;AÇÕES;Ação ordinária;N;Para negociação;0.00;0.00;0.00;0.00;4147.00;142615.33;;;CPFE3;;;;;;;;2004-09-29;;;;
FIIM;11.455.378/0001-04;ISHARES IBRX - ÍNDICE BRASIL (IBRX-100) FUNDO DE ÍNDICE;2023-06-30;488189;48989363.53;AÇÕES;Ação ordinária;N;Para negociação;0.00;0.00;542.00;8085.13;97317.00;1499654.97;;;ABEV3;;;;;;;;2013-11-11;;;;
FIIM;11.455.378/0001-04;ISHARES IBRX - ÍNDICE BRASIL (IBRX-100) FUNDO DE ÍNDICE;2023-06-30;488189;48989363.53;AÇÕES;Ação ordinária;N;Para negociação;0.00;0.00;0.00;0.00;6405.00;46564.35;;;MRFG3;;;;;;;;2007-06-28;;;;
FIIM;11.455.378/0001-04;ISHARES IBRX - ÍNDICE BRASIL (IBRX-100) FUNDO DE ÍNDICE;2023-06-30;488189;48989363.53;AÇÕES;Ação ordinária;N;Para negociação;0.00;0.00;0.00;0.00;6628.00;131366.96;;;YDUQ3;;;;;;;;2019-07-23;;;;
FIIM;11.455.378/0001-04;ISHARES IBRX - ÍNDICE BRASIL (IBRX-100) FUNDO DE ÍNDICE;2023-06-30;488189;48989363.53;AÇÕES;Ação ordinária;N;Para negociação;0.00;0.00;0.00;0.00;5798.00;61632.74;;;BEEF3;;;;;;;;2007-07-20;;;;
FIIM;11.455.378/0001-04;ISHARES IBRX - ÍNDICE BRASIL (IBRX-100) FUNDO DE ÍNDICE;2023-06-30;488189;48989363.53;AÇÕES;Ação ordinária;N;Para negociação;0.00;0.00;63.00;1477.92;5474.00;129295.88;;;ENBR3;;;;;;;;2005-07-13;;;;
FIIM;11.455.378/0001-04;ISHARES IBRX - ÍNDICE BRASIL (IBRX-100) FUNDO DE ÍNDICE;2023-06-30;488189;48989363.53;AÇÕES;Ação ordinária;N;Para negociação;0.00;0.00;195.00;2363.22;35005.00;429511.35;;;ENEV3;;;;;;;;2013-10-22;;;;
FIIM;11.455.378/0001-04;ISHARES IBRX - ÍNDICE BRASIL (IBRX-100) FUNDO DE ÍNDICE;2023-06-30;488189;48989363.53;AÇÕES;Ação ordinária;N;Para negociação;0.00;0.00;172.00;2828.62;26007.00;464485.02;;;CSAN3;;;;;;;;2005-11-18;;;;
FIIM;11.455.378/0001-04;ISHARES IBRX - ÍNDICE BRASIL (IBRX-100) FUNDO DE ÍNDICE;2023-06-30;488189;48989363.53;AÇÕES;Ação ordinária;N;Para negociação;0.00;0.00;0.00;0.00;6088.00;21368.88;;;CVCB3;;;;;;;;2013-12-09;;;;
FIIM;11.455.378/0001-04;ISHARES IBRX - ÍNDICE BRASIL (IBRX-100) FUNDO DE ÍNDICE;2023-06-30;488189;48989363.53;AÇÕES;Ação ordinária;N;Para negociação;0.00;0.00;0.00;0.00;24580.00;102744.40;;;CMIN3;;;;;;;;2021-05-03;;;;
FIIM;11.455.378/0001-04;ISHARES IBRX - ÍNDICE BRASIL (IBRX-100) FUNDO DE ÍNDICE;2023-06-30;488189;48989363.53;AÇÕES;Ação ordinária;N;Para negociação;0.00;0.00;91.00;1843.85;16298.00;302164.92;;;EMBR3;;;;;;;;1989-08-28;;;;
FIIM;11.455.378/0001-04;ISHARES IBRX - ÍNDICE BRASIL (IBRX-100) FUNDO DE ÍNDICE;2023-06-30;488189;48989363.53;AÇÕES;Ação ordinária;N;Para negociação;0.00;0.00;33.00;1486.86;5663.00;258742.47;;;EGIE3;;;;;;;;2016-07-21;;;;
FIIM;11.455.378/0001-04;ISHARES IBRX - ÍNDICE BRASIL (IBRX-100) FUNDO DE ÍNDICE;2023-06-30;488189;48989363.53;AÇÕES;Ação ordinária;N;Para negociação;0.00;0.00;0.00;0.00;1340.00;105953.80;;;ARZZ3;;;;;;;;2011-02-02;;;;
FIIM;11.455.378/0001-04;ISHARES IBRX - ÍNDICE BRASIL (IBRX-100) FUNDO DE ÍNDICE;2023-06-30;488189;48989363.53;AÇÕES;Ação ordinária;N;Para negociação;0.00;0.00;92.00;2808.59;14910.00;458780.70;;;BBSE3;;;;;;;;2013-04-29;;;;
FIIM;11.455.378/0001-04;ISHARES IBRX - ÍNDICE BRASIL (IBRX-100) FUNDO DE ÍNDICE;2023-06-30;488189;48989363.53;AÇÕES;Ação ordinária;N;Para negociação;0.00;0.00;104.00;3747.63;18617.00;690318.36;;;PRIO3;;;;;;;;2015-06-26;;;;
FIIM;11.455.378/0001-04;ISHARES IBRX - ÍNDICE BRASIL (IBRX-100) FUNDO DE ÍNDICE;2023-06-30;488189;48989363.53;AÇÕES;Ação ordinária;N;Para negociação;0.00;0.00;0.00;0.00;6736.00;77935.52;;;MRVE3;;;;;;;;2007-07-23;;;;
FIIM;11.455.378/0001-04;ISHARES IBRX - ÍNDICE BRASIL (IBRX-100) FUNDO DE ÍNDICE;2023-06-30;488189;48989363.53;AÇÕES;Ação ordinária;N;Para negociação;0.00;0.00;0.00;0.00;3019.00;31790.07;;;MOVI3;;;;;;;;2017-02-08;;;;
FIIM;11.455.378/0001-04;ISHARES IBRX - ÍNDICE BRASIL (IBRX-100) FUNDO DE ÍNDICE;2023-06-30;488189;48989363.53;AÇÕES;Ação ordinária;N;Para negociação;0.00;0.00;352.00;1406.17;63613.00;214375.81;;;MGLU3;;;;;;;;2011-05-02;;;;
FIIM;11.455.378/0001-04;ISHARES IBRX - ÍNDICE BRASIL (IBRX-100) FUNDO DE ÍNDICE;2023-06-30;488189;48989363.53;AÇÕES;Ação ordinária;N;Para negociação;0.00;0.00;0.00;0.00;24166.00;110921.94;;;CIEL3;;;;;;;;2009-12-18;;;;
FIIM;11.455.378/0001-04;ISHARES IBRX - ÍNDICE BRASIL (IBRX-100) FUNDO DE ÍNDICE;2023-06-30;488189;48989363.53;AÇÕES;Ação ordinária;N;Para negociação;0.00;0.00;165.00;1409.10;23791.00;211977.81;;;BRFS3;;;;;;;;2009-12-10;;;;
FIIM;11.455.378/0001-04;ISHARES IBRX - ÍNDICE BRASIL (IBRX-100) FUNDO DE ÍNDICE;2023-06-30;488189;48989363.53;AÇÕES;Ação ordinária;N;Para negociação;0.00;0.00;0.00;0.00;4967.00;44653.33;;;SIMH3;;;;;;;;2020-09-18;;;;
FIIM;11.455.378/0001-04;ISHARES IBRX - ÍNDICE BRASIL (IBRX-100) FUNDO DE ÍNDICE;2023-06-30;488189;48989363.53;AÇÕES;Ação ordinária;N;Para negociação;0.00;0.00;45.00;1474.66;5225.00;155966.25;;;RRRP3;;;;;;;;2020-11-12;;;;
FIIM;11.455.378/0001-04;ISHARES IBRX - ÍNDICE BRASIL (IBRX-100) FUNDO DE ÍNDICE;2023-06-30;488189;48989363.53;AÇÕES;Ação ordinária;N;Para negociação;0.00;0.00;117.00;2428.64;21091.00;421820.00;;;LREN3;;;;;;;;1973-07-24;;;;
FIIM;11.455.378/0001-04;ISHARES IBRX - ÍNDICE BRASIL (IBRX-100) FUNDO DE ÍNDICE;2023-06-30;488189;48989363.53;AÇÕES;Ação ordinária;N;Para negociação;0.00;0.00;0.00;0.00;4407.00;22211.28;;;CBAV3;;;;;;;;2021-07-15;;;;
FIIM;11.455.378/0001-04;ISHARES IBRX - ÍNDICE BRASIL (IBRX-100) FUNDO DE ÍNDICE;2023-06-30;488189;48989363.53;AÇÕES;Ação ordinária;N;Para negociação;0.00;0.00;99.00;1471.34;17934.00;262195.08;;;TIMS3;;;;;;;;2020-10-13;;;;
FIIM;11.455.378/0001-04;ISHARES IBRX - ÍNDICE BRASIL (IBRX-100) FUNDO DE ÍNDICE;2023-06-30;488189;48989363.53;AÇÕES;Ação ordinária;N;Para negociação;0.00;0.00;0.00;0.00;6107.00;117071.19;;;RECV3;;;;;;;;2021-05-05;;;;
FIIM;11.455.378/0001-04;ISHARES IBRX - ÍNDICE BRASIL (IBRX-100) FUNDO DE ÍNDICE;2023-06-30;488189;48989363.53;AÇÕES;Ação ordinária;N;Para negociação;0.00;0.00;65.00;1526.61;11810.00;291116.50;;;ALSO3;;;;;;;;2019-08-06;;;;
FIIM;11.455.378/0001-04;ISHARES IBRX - ÍNDICE BRASIL (IBRX-100) FUNDO DE ÍNDICE;2023-06-30;488189;48989363.53;AÇÕES;Ação ordinária;N;Para negociação;0.00;0.00;56.00;1486.86;5945.00;164498.15;;;MULT3;;;;;;;;2007-07-27;;;;
FIIM;11.455.378/0001-04;ISHARES IBRX - ÍNDICE BRASIL (IBRX-100) FUNDO DE ÍNDICE;2023-06-30;488189;48989363.53;AÇÕES;Ação ordinária;N;Para negociação;0.00;0.00;104.00;1680.34;18611.00;311548.14;;;NTCO3;;;;;;;;2019-12-18;;;;
FIIM;11.455.378/0001-04;ISHARES IBRX - ÍNDICE BRASIL (IBRX-100) FUNDO DE ÍNDICE;2023-06-30;488189;48989363.53;AÇÕES;Ação ordinária;N;Para negociação;0.00;0.00;132.00;1772.06;13082.00;158684.66;;;CSNA3;;;;;;;;1993-08-02;;;;
FIIM;11.455.378/0001-04;ISHARES IBRX - ÍNDICE BRASIL (IBRX-100) FUNDO DE ÍNDICE;2023-06-30;488189;48989363.53;AÇÕES;Ação ordinária;N;Para negociação;0.00;0.00;0.00;0.00;6662.00;95466.46;;;AURE3;;;;;;;;2022-03-28;;;;
FIIM;11.455.378/0001-04;ISHARES IBRX - ÍNDICE BRASIL (IBRX-100) FUNDO DE ÍNDICE;2023-06-30;488189;48989363.53;AÇÕES;Ação ordinária;N;Para negociação;0.00;0.00;0.00;0.00;3966.00;111523.92;;;PSSA3;;;;;;;;2004-11-22;;;;
FIIM;11.455.378/0001-04;ISHARES IBRX - ÍNDICE BRASIL (IBRX-100) FUNDO DE ÍNDICE;2023-06-30;488189;48989363.53;AÇÕES;Ação ordinária;N;Para negociação;0.00;0.00;77.00;1494.01;6105.00;122893.65;;;CYRE3;;;;;;;;1996-05-27;;;;
FIIM;11.455.378/0001-04;ISHARES IBRX - ÍNDICE BRASIL (IBRX-100) FUNDO DE ÍNDICE;2023-06-30;488189;48989363.53;AÇÕES;Ação ordinária;N;Para negociação;0.00;0.00;0.00;0.00;1815.00;35664.75;;;DIRR3;;;;;;;;2009-11-19;;;;
FIIM;11.455.378/0001-04;ISHARES IBRX - ÍNDICE BRASIL (IBRX-100) FUNDO DE ÍNDICE;2023-06-30;488189;48989363.53;AÇÕES;Ação ordinária;N;Para negociação;0.00;0.00;0.00;0.00;10877.00;130524.00;;;SOMA3;;;;;;;;2020-07-31;;;;
FIIM;11.455.378/0001-04;ISHARES IBRX - ÍNDICE BRASIL (IBRX-100) FUNDO DE ÍNDICE;2023-06-30;488189;48989363.53;AÇÕES;Ação ordinária;N;Para negociação;0.00;0.00;249.00;9583.15;44791.00;1780442.25;;;ELET3;;;;;;;;1983-09-01;;;;
FIIM;11.455.378/0001-04;ISHARES IBRX - ÍNDICE BRASIL (IBRX-100) FUNDO DE ÍNDICE;2023-06-30;488189;48989363.53;AÇÕES;Ação ordinária;N;Para negociação;0.00;0.00;0.00;0.00;1520.00;11871.20;;;CASH3;;;;;;;;2020-11-05;;;;
FIIM;11.455.378/0001-04;ISHARES IBRX - ÍNDICE BRASIL (IBRX-100) FUNDO DE ÍNDICE;2023-06-30;488189;48989363.53;AÇÕES;Ação ordinária;N;Para negociação;0.00;0.00;147.00;1944.05;26418.00;363247.50;;;ASAI3;;;;;;;;2021-03-01;;;;
FIIM;11.455.378/0001-04;ISHARES IBRX - ÍNDICE BRASIL (IBRX-100) FUNDO DE ÍNDICE;2023-06-30;488189;48989363.53;AÇÕES;Ação ordinária;N;Para negociação;0.00;0.00;96.00;6392.32;17161.00;1175528.50;;;RENT3;;;;;;;;2005-05-23;;;;
FIIM;11.455.378/0001-04;ISHARES IBRX - ÍNDICE BRASIL (IBRX-100) FUNDO DE ÍNDICE;2023-06-30;488189;48989363.53;AÇÕES;Ação ordinária;N;Para negociação;0.00;0.00;0.00;0.00;7410.00;48757.80;;;PETZ3;;;;;;;;2020-09-11;;;;
FIIM;11.455.378/0001-04;ISHARES IBRX - ÍNDICE BRASIL (IBRX-100) FUNDO DE ÍNDICE;2023-06-30;488189;48989363.53;AÇÕES;Ação ordinária;N;Para negociação;0.00;0.00;0.00;0.00;34903.00;75041.45;;;VIIA3;;;;;;;;2021-08-16;;;;
FIIM;11.455.378/0001-04;ISHARES IBRX - ÍNDICE BRASIL (IBRX-100) FUNDO DE ÍNDICE;2023-06-30;488189;48989363.53;AÇÕES;Ação ordinária;N;Para negociação;0.00;0.00;183.00;6908.55;32869.00;1240804.75;;;WEGE3;;;;;;;;2004-08-02;;;;
FIIM;11.455.378/0001-04;ISHARES IBRX - ÍNDICE BRASIL (IBRX-100) FUNDO DE ÍNDICE;2023-06-30;488189;48989363.53;AÇÕES;Ação ordinária;N;Para negociação;0.00;0.00;0.00;0.00;6310.00;30540.40;;;QUAL3;;;;;;;;2011-06-29;;;;
FIIM;11.455.378/0001-04;ISHARES IBRX - ÍNDICE BRASIL (IBRX-100) FUNDO DE ÍNDICE;2023-06-30;488189;48989363.53;AÇÕES;Ação ordinária;N;Para negociação;0.00;0.00;0.00;0.00;6980.00;84527.80;;;VAMO3;;;;;;;;2021-01-29;;;;
FIIM;11.455.378/0001-04;ISHARES IBRX - ÍNDICE BRASIL (IBRX-100) FUNDO DE ÍNDICE;2023-06-30;488189;48989363.53;AÇÕES;Ação ordinária;N;Para negociação;337.00;10453.00;474.00;13369.93;24419.00;785070.85;;;EQTL3;;;;;;;;2006-04-03;;;;
FIIM;11.455.378/0001-04;ISHARES IBRX - ÍNDICE BRASIL (IBRX-100) FUNDO DE ÍNDICE;2023-06-30;488189;48989363.53;AÇÕES;Ação ordinária;N;Para negociação;0.00;0.00;63.00;1890.06;11400.00;341772.00;;;TOTS3;;;;;;;;2006-03-09;;;;
FIIM;11.455.378/0001-04;ISHARES IBRX - ÍNDICE BRASIL (IBRX-100) FUNDO DE ÍNDICE;2023-06-30;488189;48989363.53;AÇÕES;Ação ordinária;N;Para negociação;0.00;0.00;202.00;2856.38;33308.00;487629.12;;;BBDC3;;;;;;;;1973-12-06;;;;
FIIM;11.455.378/0001-04;ISHARES IBRX - ÍNDICE BRASIL (IBRX-100) FUNDO DE ÍNDICE;2023-06-30;488189;48989363.53;AÇÕES;Ação preferencial;N;Para negociação;0.00;0.00;188.00;1480.93;34718.00;287812.22;;;CPLE6;;;;;;;;1996-11-14;;;;
FIIM;11.455.378/0001-04;ISHARES IBRX - ÍNDICE BRASIL (IBRX-100) FUNDO DE ÍNDICE;2023-06-30;488189;48989363.53;AÇÕES;Ação preferencial;N;Para negociação;0.00;0.00;59.00;1487.08;8795.00;223041.20;;;TRPL4;;;;;;;;1999-07-26;;;;
FIIM;11.455.378/0001-04;ISHARES IBRX - ÍNDICE BRASIL (IBRX-100) FUNDO DE ÍNDICE;2023-06-30;488189;48989363.53;AÇÕES;Ação preferencial;N;Para negociação;0.00;0.00;564.00;16603.45;101307.00;2991595.71;;;PETR4;;;;;;;;1973-09-18;;;;
FIIM;11.455.378/0001-04;ISHARES IBRX - ÍNDICE BRASIL (IBRX-100) FUNDO DE ÍNDICE;2023-06-30;488189;48989363.53;AÇÕES;Ação preferencial;N;Para negociação;0.00;0.00;0.00;0.00;5872.00;163593.92;;;BRKM5;;;;;;;;2002-09-02;;;;
FIIM;11.455.378/0001-04;ISHARES IBRX - ÍNDICE BRASIL (IBRX-100) FUNDO DE ÍNDICE;2023-06-30;488189;48989363.53;AÇÕES;Ação preferencial;N;Para negociação;0.00;0.00;71.00;1514.53;7299.00;159556.14;;;AZUL4;;;;;;;;2017-04-11;;;;
FIIM;11.455.378/0001-04;ISHARES IBRX - ÍNDICE BRASIL (IBRX-100) FUNDO DE ÍNDICE;2023-06-30;488189;48989363.53;AÇÕES;Ação preferencial;N;Para negociação;0.00;0.00;51.00;2265.13;6112.00;272106.24;;;ELET6;;;;;;;;1974-11-13;;;;
FIIM;11.455.378/0001-04;ISHARES IBRX - ÍNDICE BRASIL (IBRX-100) FUNDO DE ÍNDICE;2023-06-30;488189;48989363.53;AÇÕES;Ação preferencial;N;Para negociação;0.00;0.00;178.00;2226.09;31993.00;411429.98;;;CMIG4;;;;;;;;1973-08-20;;;;
FIIM;11.455.378/0001-04;ISHARES IBRX - ÍNDICE BRASIL (IBRX-100) FUNDO DE ÍNDICE;2023-06-30;488189;48989363.53;AÇÕES;Ação preferencial;N;Para negociação;0.00;0.00;120.00;1358.60;14773.00;174616.86;;;GOAU4;;;;;;;;1973-08-27;;;;
FIIM;11.455.378/0001-04;ISHARES IBRX - ÍNDICE BRASIL (IBRX-100) FUNDO DE ÍNDICE;2023-06-30;488189;48989363.53;AÇÕES;Ação preferencial;N;Para negociação;0.00;0.00;134.00;3521.09;24250.00;607947.50;;;GGBR4;;;;;;;;2001-02-01;;;;
FIIM;11.455.378/0001-04;ISHARES IBRX - ÍNDICE BRASIL (IBRX-100) FUNDO DE ÍNDICE;2023-06-30;488189;48989363.53;AÇÕES;Ação preferencial;N;Para negociação;0.00;0.00;0.00;0.00;4777.00;62913.09;;;GOLL4;;;;;;;;2004-06-24;;;;
FIIM;11.455.378/0001-04;ISHARES IBRX - ÍNDICE BRASIL (IBRX-100) FUNDO DE ÍNDICE;2023-06-30;488189;48989363.53;AÇÕES;Ação preferencial;N;Para negociação;0.00;0.00;593.00;16852.32;106523.00;3027383.66;;;ITUB4;;;;;;;;2009-05-20;;;;
FIIM;11.455.378/0001-04;ISHARES IBRX - ÍNDICE BRASIL (IBRX-100) FUNDO DE ÍNDICE;2023-06-30;488189;48989363.53;AÇÕES;Ação preferencial;N;Para negociação;0.00;0.00;62.00;1472.46;5594.00;124242.74;;;BRAP4;;;;;;;;2000-08-10;;;;
FIIM;11.455.378/0001-04;ISHARES IBRX - ÍNDICE BRASIL (IBRX-100) FUNDO DE ÍNDICE;2023-06-30;488189;48989363.53;AÇÕES;Ação preferencial;N;Para negociação;0.00;0.00;646.00;6164.20;116095.00;1119155.80;;;ITSA4;;;;;;;;1973-09-17;;;;
FIIM;11.455.378/0001-04;ISHARES IBRX - ÍNDICE BRASIL (IBRX-100) FUNDO DE ÍNDICE;2023-06-30;488189;48989363.53;AÇÕES;Ação preferencial;N;Para negociação;0.00;0.00;369.00;1465.08;26693.00;117449.20;;;RAIZ4;;;;;;;;2021-08-05;;;;
FIIM;11.455.378/0001-04;ISHARES IBRX - ÍNDICE BRASIL (IBRX-100) FUNDO DE ÍNDICE;2023-06-30;488189;48989363.53;AÇÕES;Ação preferencial;N;Para negociação;0.00;0.00;0.00;0.00;11362.00;80329.34;;;USIM5;;;;;;;;1999-02-02;;;;
FIIM;11.455.378/0001-04;ISHARES IBRX - ÍNDICE BRASIL (IBRX-100) FUNDO DE ÍNDICE;2023-06-30;488189;48989363.53;AÇÕES;Ação preferencial;N;Para negociação;0.00;0.00;635.00;10705.89;114176.00;1878195.20;;;BBDC4;;;;;;;;1973-12-06;;;;
FIIM;11.455.378/0001-04;ISHARES IBRX - ÍNDICE BRASIL (IBRX-100) FUNDO DE ÍNDICE;2023-06-30;488189;48989363.53;AÇÕES;Ação preferencial;N;Para negociação;0.00;0.00;0.00;0.00;4604.00;42817.20;;;ALPA4;;;;;;;;1973-03-19;;;;
FIIM;11.455.378/0001-04;ISHARES IBRX - ÍNDICE BRASIL (IBRX-100) FUNDO DE ÍNDICE;2023-06-30;488189;48989363.53;DISPONIBILIDADES;Outros;;Para negociação;;;;;;14146.37;;;;Disponibilidade;;;;;;;;;;;
FIIM;11.455.378/0001-04;ISHARES IBRX - ÍNDICE BRASIL (IBRX-100) FUNDO DE ÍNDICE;2023-06-30;488189;48989363.53;VALORES A PAGAR;Outros;;Para negociação;;;;;;23217.45;;;;Valores a Pagar;;;;;;;;;;;
FIIM;11.455.378/0001-04;ISHARES IBRX - ÍNDICE BRASIL (IBRX-100) FUNDO DE ÍNDICE;2023-06-30;488189;48989363.53;VALORES A RECEBER;Outros;;Para negociação;;;;;;721523.09;;;;Valores a Receber;;;;;;;;;;;
FIIM;11.455.378/0001-04;ISHARES IBRX - ÍNDICE BRASIL (IBRX-100) FUNDO DE ÍNDICE;2023-06-30;488189;48989363.53;AÇÕES E OUTROS TVM CEDIDOS EM EMPRÉSTIMO;Certificado de depósito de ações;N;Para negociação;;;;;27187.00;855031.15;;;;BPAC11;;PJ;30306294000145;BANCO BTG PACTUAL S.A.;;;;;;;
FIIM;11.455.378/0001-04;ISHARES IBRX - ÍNDICE BRASIL (IBRX-100) FUNDO DE ÍNDICE;2023-06-30;488189;48989363.53;OPERAÇÕES COMPROMISSADAS;;N;Para negociação;;;;;31.00;129973.83;;;;;2045-05-15;;;;;760199;;;;;
FIIM;11.455.378/0001-04;ISHARES IBRX - ÍNDICE BRASIL (IBRX-100) FUNDO DE ÍNDICE;2023-06-30;488189;48989363.53;CERTIFICADO OU RECIBO DE DEPÓSITO DE VALORES MOBILIÁRIOS;Certificado de depósito de ações;N;Para negociação;;;;;4816.00;107974.72;;;IGTI11;;;;;;;;2021-11-22;;;;
FIIM;11.455.378/0001-04;ISHARES IBRX - ÍNDICE BRASIL (IBRX-100) FUNDO DE ÍNDICE;2023-06-30;488189;48989363.53;CERTIFICADO OU RECIBO DE DEPÓSITO DE VALORES MOBILIÁRIOS;Certificado de depósito de ações;N;Para negociação;;;;;7894.00;241793.22;;;SANB11;;;;;;;;2009-10-07;;;;
FIIM;11.455.378/0001-04;ISHARES IBRX - ÍNDICE BRASIL (IBRX-100) FUNDO DE ÍNDICE;2023-06-30;488189;48989363.53;CERTIFICADO OU RECIBO DE DEPÓSITO DE VALORES MOBILIÁRIOS;Certificado de depósito de ações;N;Para negociação;;;;;15571.00;338980.67;;;KLBN11;;;;;;;;2014-01-10;;;;
FIIM;11.455.378/0001-04;ISHARES IBRX - ÍNDICE BRASIL (IBRX-100) FUNDO DE ÍNDICE;2023-06-30;488189;48989363.53;CERTIFICADO OU RECIBO DE DEPÓSITO DE VALORES MOBILIÁRIOS;Certificado de depósito de ações;N;Para negociação;;;;;4831.00;181838.84;;;TAEE11;;;;;;;;2012-05-28;;;;
FIIM;11.455.378/0001-04;ISHARES IBRX - ÍNDICE BRASIL (IBRX-100) FUNDO DE ÍNDICE;2023-06-30;488189;48989363.53;CERTIFICADO OU RECIBO DE DEPÓSITO DE VALORES MOBILIÁRIOS;Certificado de depósito de ações;N;Para negociação;;;;;5515.00;276853.00;;;ENGI11;;;;;;;;2009-11-03;;;;
FIIM;11.455.378/0001-04;ISHARES IBRX - ÍNDICE BRASIL (IBRX-100) FUNDO DE ÍNDICE;2023-06-30;488189;48989363.53;OUTROS VALORES MOBILIÁRIOS REGISTRADOS NA CVM OBJETO DE OFERTA PÚBLICA;Recibo de subscrição;N;Para negociação;;;;;337.00;10777.26;;;;EQTL/EQTL9/BREQTLR02OR3;;PJ;3220438000173;EQUATORIAL ENERGIA S.A.;;;;;;;
FIIM;11.961.094/0001-81;IT NOW IFNC FUNDO DE ÍNDICE;2023-06-30;487650;578882883.60;AÇÕES;Ação ordinária;S;Para negociação;30130.00;711681.70;12550.00;298833.20;122116.00;2994284.32;;;ITUB3;;;;;;;;2009-05-20;;;;
FIIM;11.961.094/0001-81;IT NOW IFNC FUNDO DE ÍNDICE;2023-06-30;487650;578882883.60;AÇÕES;Ação ordinária;N;Para negociação;6400.00;46041.50;2744.00;19552.80;26179.00;175399.30;;;CLSA3;;;;;;;;2021-07-30;;;;
FIIM;11.961.094/0001-81;IT NOW IFNC FUNDO DE ÍNDICE;2023-06-30;487650;578882883.60;AÇÕES;Ação ordinária;N;Para negociação;61495.00;652545.90;25653.00;272250.29;247251.00;2546685.30;;;CXSE3;;;;;;;;2021-04-29;;;;
FIIM;11.961.094/0001-81;IT NOW IFNC FUNDO DE ÍNDICE;2023-06-30;487650;578882883.60;AÇÕES;Ação ordinária;N;Para negociação;79810.00;2450137.90;33290.00;1030045.02;470786.00;14486085.22;;;BBSE3;;;;;;;;2013-04-29;;;;
FIIM;11.961.094/0001-81;IT NOW IFNC FUNDO DE ÍNDICE;2023-06-30;487650;578882883.60;AÇÕES;Ação ordinária;N;Para negociação;174735.00;2519466.50;72836.00;1053689.28;1458579.00;21353596.56;;;BBDC3;;;;;;;;1973-12-06;;;;
FIIM;11.961.094/0001-81;IT NOW IFNC FUNDO DE ÍNDICE;2023-06-30;487650;578882883.60;AÇÕES;Ação ordinária;N;Para negociação;360505.00;1100149.50;14081.00;39870.67;0.00;0.00;;;MODL3;;;;;;;;2021-04-30;;;;
FIIM;11.961.094/0001-81;IT NOW IFNC FUNDO DE ÍNDICE;2023-06-30;487650;578882883.60;AÇÕES;Ação ordinária;N;Para negociação;681530.00;10042286.95;283976.00;4173779.24;4567914.00;66737223.54;;;B3SA3;;;;;;;;2018-03-26;;;;
FIIM;11.961.094/0001-81;IT NOW IFNC FUNDO DE ÍNDICE;2023-06-30;487650;578882883.60;AÇÕES;Ação ordinária;N;Para negociação;63035.00;494030.90;26270.00;204389.74;305122.00;2422668.68;;;BOAS3;;;;;;;;2020-09-30;;;;
FIIM;11.961.094/0001-81;IT NOW IFNC FUNDO DE ÍNDICE;2023-06-30;487650;578882883.60;AÇÕES;Ação ordinária;N;Para negociação;21370.00;570479.40;8920.00;242723.00;117913.00;3315713.56;;;PSSA3;;;;;;;;2004-11-22;;;;
FIIM;11.961.094/0001-81;IT NOW IFNC FUNDO DE ÍNDICE;2023-06-30;487650;578882883.60;AÇÕES;Ação ordinária;N;Para negociação;168850.00;8288030.25;70360.00;3370962.12;769677.00;38022043.80;;;BBAS3;;;;;;;;1973-05-31;;;;
FIIM;11.961.094/0001-81;IT NOW IFNC FUNDO DE ÍNDICE;2023-06-30;487650;578882883.60;AÇÕES;Ação ordinária;N;Para negociação;9710.00;365517.30;4071.00;161063.27;39326.00;1712647.30;;;IRBR3;;;;;;;;2017-07-31;;;;
FIIM;11.961.094/0001-81;IT NOW IFNC FUNDO DE ÍNDICE;2023-06-30;487650;578882883.60;AÇÕES;Ação ordinária;N;Para negociação;130265.00;613409.05;54301.00;253341.73;1065554.00;4890892.86;;;CIEL3;;;;;;;;2009-12-18;;;;
FIIM;11.961.094/0001-81;IT NOW IFNC FUNDO DE ÍNDICE;2023-06-30;487650;578882883.60;AÇÕES;Ação ordinária;N;Para negociação;8995.00;54348.65;3781.00;23241.79;37411.00;235689.30;;;WIZC3;;;;;;;;2023-02-09;;;;
FIIM;11.961.094/0001-81;IT NOW IFNC FUNDO DE ÍNDICE;2023-06-30;487650;578882883.60;AÇÕES;Ação preferencial;N;Para negociação;599255.00;10019863.40;249639.00;4153073.58;2517866.00;41418895.70;;;BBDC4;;;;;;;;1973-12-06;;;;
FIIM;11.961.094/0001-81;IT NOW IFNC FUNDO DE ÍNDICE;2023-06-30;487650;578882883.60;AÇÕES;Ação preferencial;N;Para negociação;24000.00;334489.95;9974.00;136574.05;192305.00;2884575.00;;;BRSR6;;;;;;;;2007-09-03;;;;
FIIM;11.961.094/0001-81;IT NOW IFNC FUNDO DE ÍNDICE;2023-06-30;487650;578882883.60;AÇÕES;Ação preferencial;S;Para negociação;621925.00;5794400.15;259120.00;2415167.85;5797078.00;55883831.92;;;ITSA4;;;;;;;;1973-09-17;;;;
FIIM;11.961.094/0001-81;IT NOW IFNC FUNDO DE ÍNDICE;2023-06-30;487650;578882883.60;AÇÕES;Ação preferencial;N;Para negociação;7825.00;141503.25;3194.00;57779.84;32629.00;622235.03;;;ABCB4;;;;;;;;2007-07-25;;;;
FIIM;11.961.094/0001-81;IT NOW IFNC FUNDO DE ÍNDICE;2023-06-30;487650;578882883.60;AÇÕES;Ação preferencial;S;Para negociação;377005.00;10434487.25;157126.00;4388569.57;3517468.00;99966440.56;;;ITUB4;;;;;;;;2009-05-20;;;;
FIIM;11.961.094/0001-81;IT NOW IFNC FUNDO DE ÍNDICE;2023-06-30;487650;578882883.60;AÇÕES;Ação preferencial;N;Para negociação;40565.00;331640.80;16910.00;141129.60;162563.00;1487451.45;;;BPAN4;;;;;;;;2014-08-05;;;;
FIIM;11.961.094/0001-81;IT NOW IFNC FUNDO DE ÍNDICE;2023-06-30;487650;578882883.60;TÍTULOS PÚBLICOS;;;Para negociação;70.00;935696.81;293.00;3918226.07;310.00;4157158.34;;;;;2026-09-01;;;;;210100;;;;;
FIIM;11.961.094/0001-81;IT NOW IFNC FUNDO DE ÍNDICE;2023-06-30;487650;578882883.60;DISPONIBILIDADES;Outros;;Para negociação;;;;;;60999.19;;;;DISPONIBILIDADES;;;;;;;;;;;
FIIM;11.961.094/0001-81;IT NOW IFNC FUNDO DE ÍNDICE;2023-06-30;487650;578882883.60;VALORES A PAGAR;Outros;;Para negociação;;;;;;6585451.05;;;;VALORES A PAGAR;;;;;;;;;;;
FIIM;11.961.094/0001-81;IT NOW IFNC FUNDO DE ÍNDICE;2023-06-30;487650;578882883.60;VALORES A RECEBER;Outros;;Para negociação;;;;;;13796493.03;;;;VALORES A RECEBER;;;;;;;;;;;
FIIM;11.961.094/0001-81;IT NOW IFNC FUNDO DE ÍNDICE;2023-06-30;487650;578882883.60;MERCADO FUTURO - POSIÇÕES COMPRADAS;Contrato Futuro;;Para negociação;0.00;0.00;0.00;0.00;471.00;-61303.20;;;;FUT WIN;;;;;;;;;;;
FIIM;11.961.094/0001-81;IT NOW IFNC FUNDO DE ÍNDICE;2023-06-30;487650;578882883.60;AÇÕES E OUTROS TVM CEDIDOS EM EMPRÉSTIMO;Ação ordinária;N;Para negociação;;;;;161157.00;739710.63;;;CIEL3;;;;;;;;2009-12-18;;;;
FIIM;11.961.094/0001-81;IT NOW IFNC FUNDO DE ÍNDICE;2023-06-30;487650;578882883.60;AÇÕES E OUTROS TVM CEDIDOS EM EMPRÉSTIMO;Ação ordinária;N;Para negociação;;;;;1852794.00;27069320.34;;;B3SA3;;;;;;;;2018-03-26;;;;
FIIM;11.961.094/0001-81;IT NOW IFNC FUNDO DE ÍNDICE;2023-06-30;487650;578882883.60;AÇÕES E OUTROS TVM CEDIDOS EM EMPRÉSTIMO;Ação ordinária;N;Para negociação;;;;;332297.00;3422659.10;;;CXSE3;;;;;;;;2021-04-29;;;;
FIIM;11.961.094/0001-81;IT NOW IFNC FUNDO DE ÍNDICE;2023-06-30;487650;578882883.60;AÇÕES E OUTROS TVM CEDIDOS EM EMPRÉSTIMO;Ação ordinária;N;Para negociação;;;;;51873.00;2259069.15;;;IRBR3;;;;;;;;2017-07-31;;;;
FIIM;11.961.094/0001-81;IT NOW IFNC FUNDO DE ÍNDICE;2023-06-30;487650;578882883.60;AÇÕES E OUTROS TVM CEDIDOS EM EMPRÉSTIMO;Ação ordinária;N;Para negociação;;;;;821397.00;40577011.80;;;BBAS3;;;;;;;;1973-05-31;;;;
FIIM;11.961.094/0001-81;IT NOW IFNC FUNDO DE ÍNDICE;2023-06-30;487650;578882883.60;AÇÕES E OUTROS TVM CEDIDOS EM EMPRÉSTIMO;Ação ordinária;S;Para negociação;;;;;162185.00;3976776.20;;;ITUB3;;;;;;;;2009-05-20;;;;
FIIM;11.961.094/0001-81;IT NOW IFNC FUNDO DE ÍNDICE;2023-06-30;487650;578882883.60;AÇÕES E OUTROS TVM CEDIDOS EM EMPRÉSTIMO;Ação ordinária;N;Para negociação;;;;;83392.00;2344983.04;;;PSSA3;;;;;;;;2004-11-22;;;;
FIIM;11.961.094/0001-81;IT NOW IFNC FUNDO DE ÍNDICE;2023-06-30;487650;578882883.60;AÇÕES E OUTROS TVM CEDIDOS EM EMPRÉSTIMO;Ação ordinária;N;Para negociação;;;;;187545.00;2745658.80;;;BBDC3;;;;;;;;1973-12-06;;;;
FIIM;11.961.094/0001-81;IT NOW IFNC FUNDO DE ÍNDICE;2023-06-30;487650;578882883.60;AÇÕES E OUTROS TVM CEDIDOS EM EMPRÉSTIMO;Ação ordinária;N;Para negociação;;;;;289402.00;2297851.88;;;BOAS3;;;;;;;;2020-09-30;;;;
FIIM;11.961.094/0001-81;IT NOW IFNC FUNDO DE ÍNDICE;2023-06-30;487650;578882883.60;AÇÕES E OUTROS TVM CEDIDOS EM EMPRÉSTIMO;Ação ordinária;N;Para negociação;;;;;46899.00;295463.70;;;WIZC3;;;;;;;;2023-02-09;;;;
FIIM;11.961.094/0001-81;IT NOW IFNC FUNDO DE ÍNDICE;2023-06-30;487650;578882883.60;AÇÕES E OUTROS TVM CEDIDOS EM EMPRÉSTIMO;Ação ordinária;N;Para negociação;;;;;281443.00;8660001.11;;;BBSE3;;;;;;;;2013-04-29;;;;
FIIM;11.961.094/0001-81;IT NOW IFNC FUNDO DE ÍNDICE;2023-06-30;487650;578882883.60;AÇÕES E OUTROS TVM CEDIDOS EM EMPRÉSTIMO;Ação ordinária;N;Para negociação;;;;;32921.00;220570.70;;;CLSA3;;;;;;;;2021-07-30;;;;
FIIM;11.961.094/0001-81;IT NOW IFNC FUNDO DE ÍNDICE;2023-06-30;487650;578882883.60;AÇÕES E OUTROS TVM CEDIDOS EM EMPRÉSTIMO;Ação preferencial;N;Para negociação;;;;;34484.00;517260.00;;;BRSR6;;;;;;;;2007-09-03;;;;
FIIM;11.961.094/0001-81;IT NOW IFNC FUNDO DE ÍNDICE;2023-06-30;487650;578882883.60;AÇÕES E OUTROS TVM CEDIDOS EM EMPRÉSTIMO;Ação preferencial;S;Para negociação;;;;;63362.00;610809.68;;;ITSA4;;;;;;;;1973-09-17;;;;
FIIM;11.961.094/0001-81;IT NOW IFNC FUNDO DE ÍNDICE;2023-06-30;487650;578882883.60;AÇÕES E OUTROS TVM CEDIDOS EM EMPRÉSTIMO;Ação preferencial;S;Para negociação;;;;;34962.00;993620.04;;;ITUB4;;;;;;;;2009-05-20;;;;
FIIM;11.961.094/0001-81;IT NOW IFNC FUNDO DE ÍNDICE;2023-06-30;487650;578882883.60;AÇÕES E OUTROS TVM CEDIDOS EM EMPRÉSTIMO;Ação preferencial;N;Para negociação;;;;;42199.00;804734.93;;;ABCB4;;;;;;;;2007-07-25;;;;
FIIM;11.961.094/0001-81;IT NOW IFNC FUNDO DE ÍNDICE;2023-06-30;487650;578882883.60;AÇÕES E OUTROS TVM CEDIDOS EM EMPRÉSTIMO;Ação preferencial;N;Para negociação;;;;;3127628.00;51449480.60;;;BBDC4;;;;;;;;1973-12-06;;;;
FIIM;11.961.094/0001-81;IT NOW IFNC FUNDO DE ÍNDICE;2023-06-30;487650;578882883.60;AÇÕES E OUTROS TVM CEDIDOS EM EMPRÉSTIMO;Ação preferencial;N;Para negociação;;;;;219918.00;2012249.70;;;BPAN4;;;;;;;;2014-08-05;;;;
FIIM;11.961.094/0001-81;IT NOW IFNC FUNDO DE ÍNDICE;2023-06-30;487650;578882883.60;AÇÕES E OUTROS TVM CEDIDOS EM EMPRÉSTIMO;Certificado de depósito de ações;N;Para negociação;;;;;218587.00;6695319.81;;;SANB11;;;;;;;;2009-10-07;;;;
FIIM;11.961.094/0001-81;IT NOW IFNC FUNDO DE ÍNDICE;2023-06-30;487650;578882883.60;AÇÕES E OUTROS TVM CEDIDOS EM EMPRÉSTIMO;Certificado de depósito de ações;N;Para negociação;;;;;263317.00;8281319.65;;;BPAC11;;;;;;;;2017-02-16;;;;
FIIM;11.961.094/0001-81;IT NOW IFNC FUNDO DE ÍNDICE;2023-06-30;487650;578882883.60;CERTIFICADO OU RECIBO DE DEPÓSITO DE VALORES MOBILIÁRIOS;Certificado de depósito de ações;N;Para negociação;0.00;0.00;0.00;0.00;179686.00;5503782.18;;;SANB11;;;;;;;;2009-10-07;;;;
FIIM;11.961.094/0001-81;IT NOW IFNC FUNDO DE ÍNDICE;2023-06-30;487650;578882883.60;CERTIFICADO OU RECIBO DE DEPÓSITO DE VALORES MOBILIÁRIOS;Certificado de depósito de ações;N;Para negociação;0.00;0.00;0.00;0.00;1109093.00;34880974.85;;;BPAC11;;;;;;;;2017-02-16;;;;
FIIM;12.984.444/0001-98;IT NOW ISE FUNDO DE ÍNDICE;2023-06-30;487651;18019642.00;AÇÕES;Ação ordinária;N;Para negociação;0.00;0.00;100.00;4479.00;3901.00;192709.40;;;BBAS3;;;;;;;;1973-05-31;;;;
FIIM;12.984.444/0001-98;IT NOW ISE FUNDO DE ÍNDICE;2023-06-30;487651;18019642.00;AÇÕES;Ação ordinária;N;Para negociação;0.00;0.00;200.00;3098.00;18154.00;303897.96;;;NTCO3;;;;;;;;2019-12-18;;;;
FIIM;12.984.444/0001-98;IT NOW ISE FUNDO DE ÍNDICE;2023-06-30;487651;18019642.00;AÇÕES;Ação ordinária;N;Para negociação;0.00;0.00;0.00;0.00;1430.00;113070.10;;;ARZZ3;;;;;;;;2011-02-02;;;;
FIIM;12.984.444/0001-98;IT NOW ISE FUNDO DE ÍNDICE;2023-06-30;487651;18019642.00;AÇÕES;Ação ordinária;N;Para negociação;200.00;286.00;200.00;304.00;4139.00;5504.87;;;AERI3;;;;;;;;2020-11-11;;;;
FIIM;12.984.444/0001-98;IT NOW ISE FUNDO DE ÍNDICE;2023-06-30;487651;18019642.00;AÇÕES;Ação ordinária;N;Para negociação;0.00;0.00;300.00;916.00;51119.00;166647.94;;;COGN3;;;;;;;;2019-10-11;;;;
FIIM;12.984.444/0001-98;IT NOW ISE FUNDO DE ÍNDICE;2023-06-30;487651;18019642.00;AÇÕES;Ação ordinária;N;Para negociação;0.00;0.00;0.00;0.00;7309.00;53136.43;;;MRFG3;;;;;;;;2007-06-28;;;;
FIIM;12.984.444/0001-98;IT NOW ISE FUNDO DE ÍNDICE;2023-06-30;487651;18019642.00;AÇÕES;Ação ordinária;N;Para negociação;0.00;0.00;100.00;2203.00;14762.00;363883.30;;;ALSO3;;;;;;;;2019-08-06;;;;
FIIM;12.984.444/0001-98;IT NOW ISE FUNDO DE ÍNDICE;2023-06-30;487651;18019642.00;AÇÕES;Ação ordinária;N;Para negociação;0.00;0.00;0.00;0.00;6373.00;67744.99;;;BEEF3;;;;;;;;2007-07-20;;;;
FIIM;12.984.444/0001-98;IT NOW ISE FUNDO DE ÍNDICE;2023-06-30;487651;18019642.00;AÇÕES;Ação ordinária;N;Para negociação;0.00;0.00;100.00;4029.00;6294.00;289586.94;;;HYPE3;;;;;;;;2008-04-18;;;;
FIIM;12.984.444/0001-98;IT NOW ISE FUNDO DE ÍNDICE;2023-06-30;487651;18019642.00;AÇÕES;Ação ordinária;N;Para negociação;0.00;0.00;517.00;4288.63;12183.00;195537.15;;;FLRY3;;;;;;;;2009-12-17;;;;
FIIM;12.984.444/0001-98;IT NOW ISE FUNDO DE ÍNDICE;2023-06-30;487651;18019642.00;AÇÕES;Ação ordinária;N;Para negociação;0.00;0.00;0.00;0.00;3837.00;71790.27;;;PCAR3;;;;;;;;1995-10-03;;;;
FIIM;12.984.444/0001-98;IT NOW ISE FUNDO DE ÍNDICE;2023-06-30;487651;18019642.00;AÇÕES;Ação ordinária;N;Para negociação;0.00;0.00;100.00;1435.00;9677.00;149122.57;;;ABEV3;;;;;;;;2013-11-11;;;;
FIIM;12.984.444/0001-98;IT NOW ISE FUNDO DE ÍNDICE;2023-06-30;487651;18019642.00;AÇÕES;Ação ordinária;N;Para negociação;0.00;0.00;100.00;2316.00;8179.00;193187.98;;;ENBR3;;;;;;;;2005-07-13;;;;
FIIM;12.984.444/0001-98;IT NOW ISE FUNDO DE ÍNDICE;2023-06-30;487651;18019642.00;AÇÕES;Ação ordinária;N;Para negociação;0.00;0.00;0.00;0.00;1421.00;9833.32;;;GFSA3;;;;;;;;2006-01-26;;;;
FIIM;12.984.444/0001-98;IT NOW ISE FUNDO DE ÍNDICE;2023-06-30;487651;18019642.00;AÇÕES;Ação ordinária;N;Para negociação;0.00;0.00;100.00;1085.00;14130.00;194287.50;;;ASAI3;;;;;;;;2021-03-01;;;;
FIIM;12.984.444/0001-98;IT NOW ISE FUNDO DE ÍNDICE;2023-06-30;487651;18019642.00;AÇÕES;Ação ordinária;N;Para negociação;0.00;0.00;0.00;0.00;2028.00;77510.16;;;SLCE3;;;;;;;;2007-06-15;;;;
FIIM;12.984.444/0001-98;IT NOW ISE FUNDO DE ÍNDICE;2023-06-30;487651;18019642.00;AÇÕES;Ação ordinária;N;Para negociação;0.00;0.00;0.00;0.00;4991.00;37332.68;;;GRND3;;;;;;;;2004-10-29;;;;
FIIM;12.984.444/0001-98;IT NOW ISE FUNDO DE ÍNDICE;2023-06-30;487651;18019642.00;AÇÕES;Ação ordinária;N;Para negociação;0.00;0.00;0.00;0.00;9474.00;109614.18;;;MRVE3;;;;;;;;2007-07-23;;;;
FIIM;12.984.444/0001-98;IT NOW ISE FUNDO DE ÍNDICE;2023-06-30;487651;18019642.00;AÇÕES;Ação ordinária;N;Para negociação;0.00;0.00;100.00;1796.00;15666.00;279794.76;;;CSAN3;;;;;;;;2005-11-18;;;;
FIIM;12.984.444/0001-98;IT NOW ISE FUNDO DE ÍNDICE;2023-06-30;487651;18019642.00;AÇÕES;Ação ordinária;N;Para negociação;0.00;0.00;0.00;0.00;1051.00;22890.78;;;AMBP3;;;;;;;;2020-07-13;;;;
FIIM;12.984.444/0001-98;IT NOW ISE FUNDO DE ÍNDICE;2023-06-30;487651;18019642.00;AÇÕES;Ação ordinária;N;Para negociação;0.00;0.00;200.00;2739.00;15106.00;212239.30;;;CCRO3;;;;;;;;2002-02-01;;;;
FIIM;12.984.444/0001-98;IT NOW ISE FUNDO DE ÍNDICE;2023-06-30;487651;18019642.00;AÇÕES;Ação ordinária;N;Para negociação;100.00;930.00;100.00;916.00;5508.00;49516.92;;;SIMH3;;;;;;;;2020-09-18;;;;
FIIM;12.984.444/0001-98;IT NOW ISE FUNDO DE ÍNDICE;2023-06-30;487651;18019642.00;AÇÕES;Ação ordinária;N;Para negociação;0.00;0.00;400.00;4002.00;26407.00;268295.12;;;STBP3;;;;;;;;2007-11-21;;;;
FIIM;12.984.444/0001-98;IT NOW ISE FUNDO DE ÍNDICE;2023-06-30;487651;18019642.00;AÇÕES;Ação ordinária;N;Para negociação;0.00;0.00;100.00;685.00;5711.00;37121.50;;;ECOR3;;;;;;;;2010-04-01;;;;
FIIM;12.984.444/0001-98;IT NOW ISE FUNDO DE ÍNDICE;2023-06-30;487651;18019642.00;AÇÕES;Ação ordinária;N;Para negociação;0.00;0.00;200.00;2765.00;23386.00;341669.46;;;B3SA3;;;;;;;;2018-03-26;;;;
FIIM;12.984.444/0001-98;IT NOW ISE FUNDO DE ÍNDICE;2023-06-30;487651;18019642.00;AÇÕES;Ação ordinária;N;Para negociação;0.00;0.00;0.00;0.00;4684.00;214011.96;;;EGIE3;;;;;;;;2016-07-21;;;;
FIIM;12.984.444/0001-98;IT NOW ISE FUNDO DE ÍNDICE;2023-06-30;487651;18019642.00;AÇÕES;Ação ordinária;N;Para negociação;0.00;0.00;300.00;1394.00;43202.00;198297.18;;;CIEL3;;;;;;;;2009-12-18;;;;
FIIM;12.984.444/0001-98;IT NOW ISE FUNDO DE ÍNDICE;2023-06-30;487651;18019642.00;AÇÕES;Ação ordinária;N;Para negociação;0.00;0.00;100.00;3530.00;8406.00;334138.50;;;ELET3;;;;;;;;1983-09-01;;;;
FIIM;12.984.444/0001-98;IT NOW ISE FUNDO DE ÍNDICE;2023-06-30;487651;18019642.00;AÇÕES;Ação ordinária;N;Para negociação;0.00;0.00;0.00;0.00;12903.00;286446.60;;;RAIL3;;;;;;;;2017-03-13;;;;
FIIM;12.984.444/0001-98;IT NOW ISE FUNDO DE ÍNDICE;2023-06-30;487651;18019642.00;AÇÕES;Ação ordinária;N;Para negociação;0.00;0.00;0.00;0.00;7800.00;294450.00;;;WEGE3;;;;;;;;2004-08-02;;;;
FIIM;12.984.444/0001-98;IT NOW ISE FUNDO DE ÍNDICE;2023-06-30;487651;18019642.00;AÇÕES;Ação ordinária;N;Para negociação;0.00;0.00;200.00;2353.00;15759.00;193362.93;;;ENEV3;;;;;;;;2013-10-22;;;;
FIIM;12.984.444/0001-98;IT NOW ISE FUNDO DE ÍNDICE;2023-06-30;487651;18019642.00;AÇÕES;Ação ordinária;N;Para negociação;0.00;0.00;100.00;4502.00;3785.00;167372.70;;;SUZB3;;;;;;;;2004-08-05;;;;
FIIM;12.984.444/0001-98;IT NOW ISE FUNDO DE ÍNDICE;2023-06-30;487651;18019642.00;AÇÕES;Ação ordinária;N;Para negociação;0.00;0.00;0.00;0.00;5048.00;107169.04;;;NEOE3;;;;;;;;2017-10-05;;;;
FIIM;12.984.444/0001-98;IT NOW ISE FUNDO DE ÍNDICE;2023-06-30;487651;18019642.00;AÇÕES;Ação ordinária;N;Para negociação;0.00;0.00;600.00;2293.00;54148.00;182478.76;;;MGLU3;;;;;;;;2011-05-02;;;;
FIIM;12.984.444/0001-98;IT NOW ISE FUNDO DE ÍNDICE;2023-06-30;487651;18019642.00;AÇÕES;Ação ordinária;N;Para negociação;0.00;0.00;100.00;1021.00;3135.00;33011.55;;;MOVI3;;;;;;;;2017-02-08;;;;
FIIM;12.984.444/0001-98;IT NOW ISE FUNDO DE ÍNDICE;2023-06-30;487651;18019642.00;AÇÕES;Ação ordinária;N;Para negociação;0.00;0.00;100.00;3333.00;8635.00;284264.20;;;RDOR3;;;;;;;;2020-12-10;;;;
FIIM;12.984.444/0001-98;IT NOW ISE FUNDO DE ÍNDICE;2023-06-30;487651;18019642.00;AÇÕES;Ação ordinária;N;Para negociação;0.00;0.00;0.00;0.00;5131.00;64086.19;;;MYPK3;;;;;;;;1984-09-14;;;;
FIIM;12.984.444/0001-98;IT NOW ISE FUNDO DE ÍNDICE;2023-06-30;487651;18019642.00;AÇÕES;Ação ordinária;N;Para negociação;0.00;0.00;700.00;1617.00;46813.00;100647.95;;;VIIA3;;;;;;;;2021-08-16;;;;
FIIM;12.984.444/0001-98;IT NOW ISE FUNDO DE ÍNDICE;2023-06-30;487651;18019642.00;AÇÕES;Ação ordinária;N;Para negociação;0.00;0.00;0.00;0.00;1653.00;70368.21;;;MDIA3;;;;;;;;2006-10-18;;;;
FIIM;12.984.444/0001-98;IT NOW ISE FUNDO DE ÍNDICE;2023-06-30;487651;18019642.00;AÇÕES;Ação ordinária;N;Para negociação;0.00;0.00;100.00;3040.00;6424.00;220921.36;;;CPFE3;;;;;;;;2004-09-29;;;;
FIIM;12.984.444/0001-98;IT NOW ISE FUNDO DE ÍNDICE;2023-06-30;487651;18019642.00;AÇÕES;Ação ordinária;N;Para negociação;0.00;0.00;0.00;0.00;3444.00;17357.76;;;CBAV3;;;;;;;;2021-07-15;;;;
FIIM;12.984.444/0001-98;IT NOW ISE FUNDO DE ÍNDICE;2023-06-30;487651;18019642.00;AÇÕES;Ação ordinária;N;Para negociação;0.00;0.00;100.00;2886.00;7277.00;215399.20;;;RADL3;;;;;;;;2011-12-19;;;;
FIIM;12.984.444/0001-98;IT NOW ISE FUNDO DE ÍNDICE;2023-06-30;487651;18019642.00;AÇÕES;Ação ordinária;N;Para negociação;0.00;0.00;0.00;0.00;9609.00;113674.47;;;DASA3;;;;;;;;2004-11-19;;;;
FIIM;12.984.444/0001-98;IT NOW ISE FUNDO DE ÍNDICE;2023-06-30;487651;18019642.00;AÇÕES;Ação ordinária;N;Para negociação;0.00;0.00;100.00;1459.00;16336.00;238832.32;;;TIMS3;;;;;;;;2020-10-13;;;;
FIIM;12.984.444/0001-98;IT NOW ISE FUNDO DE ÍNDICE;2023-06-30;487651;18019642.00;AÇÕES;Ação ordinária;N;Para negociação;100.00;840.00;0.00;0.00;1848.00;17130.96;;;RANI3;;;;;;;;1981-06-10;;;;
FIIM;12.984.444/0001-98;IT NOW ISE FUNDO DE ÍNDICE;2023-06-30;487651;18019642.00;AÇÕES;Ação ordinária;N;Para negociação;0.00;0.00;200.00;1685.00;25487.00;227089.17;;;BRFS3;;;;;;;;2009-12-10;;;;
FIIM;12.984.444/0001-98;IT NOW ISE FUNDO DE ÍNDICE;2023-06-30;487651;18019642.00;AÇÕES;Ação ordinária;N;Para negociação;0.00;0.00;100.00;1955.00;14227.00;284540.00;;;LREN3;;;;;;;;1973-07-24;;;;
FIIM;12.984.444/0001-98;IT NOW ISE FUNDO DE ÍNDICE;2023-06-30;487651;18019642.00;AÇÕES;Ação ordinária;N;Para negociação;0.00;0.00;0.00;0.00;5009.00;216739.43;;;VIVT3;;;;;;;;2011-10-06;;;;
FIIM;12.984.444/0001-98;IT NOW ISE FUNDO DE ÍNDICE;2023-06-30;487651;18019642.00;AÇÕES;Ação ordinária;N;Para negociação;0.00;0.00;0.00;0.00;7477.00;91593.25;;;AESB3;;;;;;;;2021-03-29;;;;
FIIM;12.984.444/0001-98;IT NOW ISE FUNDO DE ÍNDICE;2023-06-30;487651;18019642.00;AÇÕES;Ação ordinária;N;Para negociação;0.00;0.00;0.00;0.00;22900.00;413345.00;;;VBBR3;;;;;;;;2021-10-22;;;;
FIIM;12.984.444/0001-98;IT NOW ISE FUNDO DE ÍNDICE;2023-06-30;487651;18019642.00;AÇÕES;Ação ordinária;N;Para negociação;100.00;1295.00;0.00;0.00;5726.00;69341.86;;;VAMO3;;;;;;;;2021-01-29;;;;
FIIM;12.984.444/0001-98;IT NOW ISE FUNDO DE ÍNDICE;2023-06-30;487651;18019642.00;AÇÕES;Ação ordinária;N;Para negociação;0.00;0.00;0.00;0.00;2759.00;21299.48;;;GUAR3;;;;;;;;1973-05-14;;;;
FIIM;12.984.444/0001-98;IT NOW ISE FUNDO DE ÍNDICE;2023-06-30;487651;18019642.00;AÇÕES;Ação ordinária;N;Para negociação;0.00;0.00;100.00;860.00;6605.00;55151.75;;;DXCO3;;;;;;;;2021-08-19;;;;
FIIM;12.984.444/0001-98;IT NOW ISE FUNDO DE ÍNDICE;2023-06-30;487651;18019642.00;AÇÕES;Ação preferencial;N;Para negociação;0.00;0.00;0.00;0.00;7107.00;198001.02;;;BRKM5;;;;;;;;2002-09-02;;;;
FIIM;12.984.444/0001-98;IT NOW ISE FUNDO DE ÍNDICE;2023-06-30;487651;18019642.00;AÇÕES;Ação preferencial;S;Para negociação;0.00;0.00;0.00;0.00;12564.00;357068.88;;;ITUB4;;;;;;;;2009-05-20;;;;
FIIM;12.984.444/0001-98;IT NOW ISE FUNDO DE ÍNDICE;2023-06-30;487651;18019642.00;AÇÕES;Ação preferencial;N;Para negociação;0.00;0.00;400.00;1489.00;30349.00;133535.60;;;RAIZ4;;;;;;;;2021-08-05;;;;
FIIM;12.984.444/0001-98;IT NOW ISE FUNDO DE ÍNDICE;2023-06-30;487651;18019642.00;AÇÕES;Ação preferencial;N;Para negociação;0.00;0.00;0.00;0.00;11262.00;246187.32;;;AZUL4;;;;;;;;2017-04-11;;;;
FIIM;12.984.444/0001-98;IT NOW ISE FUNDO DE ÍNDICE;2023-06-30;487651;18019642.00;AÇÕES;Ação preferencial;N;Para negociação;0.00;0.00;100.00;1173.00;17022.00;218902.92;;;CMIG4;;;;;;;;1973-08-20;;;;
FIIM;12.984.444/0001-98;IT NOW ISE FUNDO DE ÍNDICE;2023-06-30;487651;18019642.00;AÇÕES;Ação preferencial;N;Para negociação;0.00;0.00;200.00;1451.00;12366.00;87427.62;;;USIM5;;;;;;;;1999-02-02;;;;
FIIM;12.984.444/0001-98;IT NOW ISE FUNDO DE ÍNDICE;2023-06-30;487651;18019642.00;AÇÕES;Ação preferencial;N;Para negociação;0.00;0.00;200.00;3206.00;19686.00;323834.70;;;BBDC4;;;;;;;;1973-12-06;;;;
FIIM;12.984.444/0001-98;IT NOW ISE FUNDO DE ÍNDICE;2023-06-30;487651;18019642.00;AÇÕES;Ação preferencial;S;Para negociação;100.00;966.00;200.00;1796.00;39475.00;380539.00;;;ITSA4;;;;;;;;1973-09-17;;;;
FIIM;12.984.444/0001-98;IT NOW ISE FUNDO DE ÍNDICE;2023-06-30;487651;18019642.00;AÇÕES;Ação preferencial;N;Para negociação;0.00;0.00;100.00;2441.00;6356.00;161188.16;;;TRPL4;;;;;;;;1999-07-26;;;;
FIIM;12.984.444/0001-98;IT NOW ISE FUNDO DE ÍNDICE;2023-06-30;487651;18019642.00;AÇÕES;Ação preferencial;N;Para negociação;100.00;797.00;300.00;2320.00;34025.00;282067.25;;;CPLE6;;;;;;;;1996-11-14;;;;
FIIM;12.984.444/0001-98;IT NOW ISE FUNDO DE ÍNDICE;2023-06-30;487651;18019642.00;AÇÕES;Ação preferencial;N;Para negociação;0.00;0.00;0.00;0.00;6185.00;56592.75;;;BPAN4;;;;;;;;2014-08-05;;;;
FIIM;12.984.444/0001-98;IT NOW ISE FUNDO DE ÍNDICE;2023-06-30;487651;18019642.00;TÍTULOS PÚBLICOS;;;Para negociação;0.00;0.00;4.00;53764.71;4.00;53766.88;;;;;2025-03-01;;;;;210100;;;;;
FIIM;12.984.444/0001-98;IT NOW ISE FUNDO DE ÍNDICE;2023-06-30;487651;18019642.00;DISPONIBILIDADES;Outros;;Para negociação;;;;;;58025.10;;;;DISPONIBILIDADES;;;;;;;;;;;
FIIM;12.984.444/0001-98;IT NOW ISE FUNDO DE ÍNDICE;2023-06-30;487651;18019642.00;VALORES A PAGAR;Outros;;Para negociação;;;;;;42281.55;;;;VALORES A PAGAR;;;;;;;;;;;
FIIM;12.984.444/0001-98;IT NOW ISE FUNDO DE ÍNDICE;2023-06-30;487651;18019642.00;VALORES A RECEBER;Outros;;Para negociação;;;;;;154115.80;;;;VALORES A RECEBER;;;;;;;;;;;
FIIM;12.984.444/0001-98;IT NOW ISE FUNDO DE ÍNDICE;2023-06-30;487651;18019642.00;MERCADO FUTURO - POSIÇÕES COMPRADAS;Contrato Futuro;;Para negociação;0.00;0.00;0.00;0.00;9.00;-1207.80;;;;FUT WIN;;;;;;;;;;;
FIIM;12.984.444/0001-98;IT NOW ISE FUNDO DE ÍNDICE;2023-06-30;487651;18019642.00;AÇÕES E OUTROS TVM CEDIDOS EM EMPRÉSTIMO;Ação ordinária;N;Para negociação;;;;;3626.00;41952.82;;;MRVE3;;;;;;;;2007-07-23;;;;
FIIM;12.984.444/0001-98;IT NOW ISE FUNDO DE ÍNDICE;2023-06-30;487651;18019642.00;AÇÕES E OUTROS TVM CEDIDOS EM EMPRÉSTIMO;Ação ordinária;N;Para negociação;;;;;849.00;18491.22;;;AMBP3;;;;;;;;2020-07-13;;;;
FIIM;12.984.444/0001-98;IT NOW ISE FUNDO DE ÍNDICE;2023-06-30;487651;18019642.00;AÇÕES E OUTROS TVM CEDIDOS EM EMPRÉSTIMO;Ação ordinária;N;Para negociação;;;;;2482.00;94862.04;;;SLCE3;;;;;;;;2007-06-15;;;;
FIIM;12.984.444/0001-98;IT NOW ISE FUNDO DE ÍNDICE;2023-06-30;487651;18019642.00;AÇÕES E OUTROS TVM CEDIDOS EM EMPRÉSTIMO;Ação ordinária;N;Para negociação;;;;;10066.00;201320.00;;;LREN3;;;;;;;;1973-07-24;;;;
FIIM;12.984.444/0001-98;IT NOW ISE FUNDO DE ÍNDICE;2023-06-30;487651;18019642.00;AÇÕES E OUTROS TVM CEDIDOS EM EMPRÉSTIMO;Ação ordinária;N;Para negociação;;;;;49152.00;165642.24;;;MGLU3;;;;;;;;2011-05-02;;;;
FIIM;12.984.444/0001-98;IT NOW ISE FUNDO DE ÍNDICE;2023-06-30;487651;18019642.00;AÇÕES E OUTROS TVM CEDIDOS EM EMPRÉSTIMO;Ação ordinária;N;Para negociação;;;;;26981.00;87958.06;;;COGN3;;;;;;;;2019-10-11;;;;
FIIM;12.984.444/0001-98;IT NOW ISE FUNDO DE ÍNDICE;2023-06-30;487651;18019642.00;AÇÕES E OUTROS TVM CEDIDOS EM EMPRÉSTIMO;Ação ordinária;N;Para negociação;;;;;4714.00;68871.54;;;B3SA3;;;;;;;;2018-03-26;;;;
FIIM;12.984.444/0001-98;IT NOW ISE FUNDO DE ÍNDICE;2023-06-30;487651;18019642.00;AÇÕES E OUTROS TVM CEDIDOS EM EMPRÉSTIMO;Ação ordinária;N;Para negociação;;;;;1406.00;64690.06;;;HYPE3;;;;;;;;2008-04-18;;;;
FIIM;12.984.444/0001-98;IT NOW ISE FUNDO DE ÍNDICE;2023-06-30;487651;18019642.00;AÇÕES E OUTROS TVM CEDIDOS EM EMPRÉSTIMO;Ação ordinária;N;Para negociação;;;;;469.00;5857.81;;;MYPK3;;;;;;;;1984-09-14;;;;
FIIM;12.984.444/0001-98;IT NOW ISE FUNDO DE ÍNDICE;2023-06-30;487651;18019642.00;AÇÕES E OUTROS TVM CEDIDOS EM EMPRÉSTIMO;Ação ordinária;N;Para negociação;;;;;1438.00;35446.70;;;ALSO3;;;;;;;;2019-08-06;;;;
FIIM;12.984.444/0001-98;IT NOW ISE FUNDO DE ÍNDICE;2023-06-30;487651;18019642.00;AÇÕES E OUTROS TVM CEDIDOS EM EMPRÉSTIMO;Ação ordinária;N;Para negociação;;;;;5661.00;7529.13;;;AERI3;;;;;;;;2020-11-11;;;;
FIIM;12.984.444/0001-98;IT NOW ISE FUNDO DE ÍNDICE;2023-06-30;487651;18019642.00;AÇÕES E OUTROS TVM CEDIDOS EM EMPRÉSTIMO;Ação ordinária;N;Para negociação;;;;;6509.00;48687.32;;;GRND3;;;;;;;;2004-10-29;;;;
FIIM;12.984.444/0001-98;IT NOW ISE FUNDO DE ÍNDICE;2023-06-30;487651;18019642.00;AÇÕES E OUTROS TVM CEDIDOS EM EMPRÉSTIMO;Ação ordinária;N;Para negociação;;;;;741.00;5720.52;;;GUAR3;;;;;;;;1973-05-14;;;;
FIIM;12.984.444/0001-98;IT NOW ISE FUNDO DE ÍNDICE;2023-06-30;487651;18019642.00;AÇÕES E OUTROS TVM CEDIDOS EM EMPRÉSTIMO;Ação ordinária;N;Para negociação;;;;;8544.00;124913.28;;;TIMS3;;;;;;;;2020-10-13;;;;
FIIM;12.984.444/0001-98;IT NOW ISE FUNDO DE ÍNDICE;2023-06-30;487651;18019642.00;AÇÕES E OUTROS TVM CEDIDOS EM EMPRÉSTIMO;Ação ordinária;N;Para negociação;;;;;5291.00;38465.57;;;MRFG3;;;;;;;;2007-06-28;;;;
FIIM;12.984.444/0001-98;IT NOW ISE FUNDO DE ÍNDICE;2023-06-30;487651;18019642.00;AÇÕES E OUTROS TVM CEDIDOS EM EMPRÉSTIMO;Ação ordinária;N;Para negociação;;;;;1347.00;57341.79;;;MDIA3;;;;;;;;2006-10-18;;;;
FIIM;12.984.444/0001-98;IT NOW ISE FUNDO DE ÍNDICE;2023-06-30;487651;18019642.00;AÇÕES E OUTROS TVM CEDIDOS EM EMPRÉSTIMO;Ação ordinária;N;Para negociação;;;;;5401.00;159869.60;;;RADL3;;;;;;;;2011-12-19;;;;
FIIM;12.984.444/0001-98;IT NOW ISE FUNDO DE ÍNDICE;2023-06-30;487651;18019642.00;AÇÕES E OUTROS TVM CEDIDOS EM EMPRÉSTIMO;Ação ordinária;N;Para negociação;;;;;20987.00;45122.05;;;VIIA3;;;;;;;;2021-08-16;;;;
FIIM;12.984.444/0001-98;IT NOW ISE FUNDO DE ÍNDICE;2023-06-30;487651;18019642.00;AÇÕES E OUTROS TVM CEDIDOS EM EMPRÉSTIMO;Ação ordinária;N;Para negociação;;;;;1294.00;51436.50;;;ELET3;;;;;;;;1983-09-01;;;;
FIIM;12.984.444/0001-98;IT NOW ISE FUNDO DE ÍNDICE;2023-06-30;487651;18019642.00;AÇÕES E OUTROS TVM CEDIDOS EM EMPRÉSTIMO;Ação ordinária;N;Para negociação;;;;;13086.00;219059.64;;;NTCO3;;;;;;;;2019-12-18;;;;
FIIM;12.984.444/0001-98;IT NOW ISE FUNDO DE ÍNDICE;2023-06-30;487651;18019642.00;AÇÕES E OUTROS TVM CEDIDOS EM EMPRÉSTIMO;Ação ordinária;N;Para negociação;;;;;2963.00;55437.73;;;PCAR3;;;;;;;;1995-10-03;;;;
FIIM;12.984.444/0001-98;IT NOW ISE FUNDO DE ÍNDICE;2023-06-30;487651;18019642.00;AÇÕES E OUTROS TVM CEDIDOS EM EMPRÉSTIMO;Ação ordinária;N;Para negociação;;;;;4827.00;51311.01;;;BEEF3;;;;;;;;2007-07-20;;;;
FIIM;12.984.444/0001-98;IT NOW ISE FUNDO DE ÍNDICE;2023-06-30;487651;18019642.00;AÇÕES E OUTROS TVM CEDIDOS EM EMPRÉSTIMO;Ação ordinária;N;Para negociação;;;;;7693.00;78160.88;;;STBP3;;;;;;;;2007-11-21;;;;
FIIM;12.984.444/0001-98;IT NOW ISE FUNDO DE ÍNDICE;2023-06-30;487651;18019642.00;AÇÕES E OUTROS TVM CEDIDOS EM EMPRÉSTIMO;Ação ordinária;N;Para negociação;;;;;4091.00;177017.57;;;VIVT3;;;;;;;;2011-10-06;;;;
FIIM;12.984.444/0001-98;IT NOW ISE FUNDO DE ÍNDICE;2023-06-30;487651;18019642.00;AÇÕES E OUTROS TVM CEDIDOS EM EMPRÉSTIMO;Ação ordinária;N;Para negociação;;;;;6053.00;74149.25;;;AESB3;;;;;;;;2021-03-29;;;;
FIIM;12.984.444/0001-98;IT NOW ISE FUNDO DE ÍNDICE;2023-06-30;487651;18019642.00;AÇÕES E OUTROS TVM CEDIDOS EM EMPRÉSTIMO;Ação ordinária;N;Para negociação;;;;;3933.00;18052.47;;;CIEL3;;;;;;;;2009-12-18;;;;
FIIM;12.984.444/0001-98;IT NOW ISE FUNDO DE ÍNDICE;2023-06-30;487651;18019642.00;AÇÕES E OUTROS TVM CEDIDOS EM EMPRÉSTIMO;Ação ordinária;N;Para negociação;;;;;4465.00;146987.80;;;RDOR3;;;;;;;;2020-12-10;;;;
FIIM;12.984.444/0001-98;IT NOW ISE FUNDO DE ÍNDICE;2023-06-30;487651;18019642.00;AÇÕES E OUTROS TVM CEDIDOS EM EMPRÉSTIMO;Ação ordinária;N;Para negociação;;;;;1791.00;21187.53;;;DASA3;;;;;;;;2004-11-19;;;;
FIIM;12.984.444/0001-98;IT NOW ISE FUNDO DE ÍNDICE;2023-06-30;487651;18019642.00;AÇÕES E OUTROS TVM CEDIDOS EM EMPRÉSTIMO;Ação ordinária;N;Para negociação;;;;;6004.00;96364.20;;;FLRY3;;;;;;;;2009-12-17;;;;
FIIM;12.984.444/0001-98;IT NOW ISE FUNDO DE ÍNDICE;2023-06-30;487651;18019642.00;AÇÕES E OUTROS TVM CEDIDOS EM EMPRÉSTIMO;Ação ordinária;N;Para negociação;;;;;3197.00;70973.40;;;RAIL3;;;;;;;;2017-03-13;;;;
FIIM;12.984.444/0001-98;IT NOW ISE FUNDO DE ÍNDICE;2023-06-30;487651;18019642.00;AÇÕES E OUTROS TVM CEDIDOS EM EMPRÉSTIMO;Ação ordinária;N;Para negociação;;;;;7774.00;94143.14;;;VAMO3;;;;;;;;2021-01-29;;;;
FIIM;12.984.444/0001-98;IT NOW ISE FUNDO DE ÍNDICE;2023-06-30;487651;18019642.00;AÇÕES E OUTROS TVM CEDIDOS EM EMPRÉSTIMO;Ação ordinária;N;Para negociação;;;;;20813.00;185443.83;;;BRFS3;;;;;;;;2009-12-10;;;;
FIIM;12.984.444/0001-98;IT NOW ISE FUNDO DE ÍNDICE;2023-06-30;487651;18019642.00;AÇÕES E OUTROS TVM CEDIDOS EM EMPRÉSTIMO;Ação ordinária;N;Para negociação;;;;;6134.00;109553.24;;;CSAN3;;;;;;;;2005-11-18;;;;
FIIM;12.984.444/0001-98;IT NOW ISE FUNDO DE ÍNDICE;2023-06-30;487651;18019642.00;AÇÕES E OUTROS TVM CEDIDOS EM EMPRÉSTIMO;Ação ordinária;N;Para negociação;;;;;13041.00;160013.07;;;ENEV3;;;;;;;;2013-10-22;;;;
FIIM;12.984.444/0001-98;IT NOW ISE FUNDO DE ÍNDICE;2023-06-30;487651;18019642.00;AÇÕES E OUTROS TVM CEDIDOS EM EMPRÉSTIMO;Ação ordinária;N;Para negociação;;;;;3352.00;71162.96;;;NEOE3;;;;;;;;2017-10-05;;;;
FIIM;12.984.444/0001-98;IT NOW ISE FUNDO DE ÍNDICE;2023-06-30;487651;18019642.00;AÇÕES E OUTROS TVM CEDIDOS EM EMPRÉSTIMO;Ação ordinária;N;Para negociação;;;;;3824.00;174718.56;;;EGIE3;;;;;;;;2016-07-21;;;;
FIIM;12.984.444/0001-98;IT NOW ISE FUNDO DE ÍNDICE;2023-06-30;487651;18019642.00;AÇÕES E OUTROS TVM CEDIDOS EM EMPRÉSTIMO;Ação ordinária;N;Para negociação;;;;;4756.00;23970.24;;;CBAV3;;;;;;;;2021-07-15;;;;
FIIM;12.984.444/0001-98;IT NOW ISE FUNDO DE ÍNDICE;2023-06-30;487651;18019642.00;AÇÕES E OUTROS TVM CEDIDOS EM EMPRÉSTIMO;Ação ordinária;N;Para negociação;;;;;679.00;4698.68;;;GFSA3;;;;;;;;2006-01-26;;;;
FIIM;12.984.444/0001-98;IT NOW ISE FUNDO DE ÍNDICE;2023-06-30;487651;18019642.00;AÇÕES E OUTROS TVM CEDIDOS EM EMPRÉSTIMO;Ação ordinária;N;Para negociação;;;;;5265.00;43962.75;;;DXCO3;;;;;;;;2021-08-19;;;;
FIIM;12.984.444/0001-98;IT NOW ISE FUNDO DE ÍNDICE;2023-06-30;487651;18019642.00;AÇÕES E OUTROS TVM CEDIDOS EM EMPRÉSTIMO;Ação ordinária;N;Para negociação;;;;;4292.00;38585.08;;;SIMH3;;;;;;;;2020-09-18;;;;
FIIM;12.984.444/0001-98;IT NOW ISE FUNDO DE ÍNDICE;2023-06-30;487651;18019642.00;AÇÕES E OUTROS TVM CEDIDOS EM EMPRÉSTIMO;Ação ordinária;N;Para negociação;;;;;1676.00;57637.64;;;CPFE3;;;;;;;;2004-09-29;;;;
FIIM;12.984.444/0001-98;IT NOW ISE FUNDO DE ÍNDICE;2023-06-30;487651;18019642.00;AÇÕES E OUTROS TVM CEDIDOS EM EMPRÉSTIMO;Ação ordinária;N;Para negociação;;;;;5215.00;230607.30;;;SUZB3;;;;;;;;2004-08-05;;;;
FIIM;12.984.444/0001-98;IT NOW ISE FUNDO DE ÍNDICE;2023-06-30;487651;18019642.00;AÇÕES E OUTROS TVM CEDIDOS EM EMPRÉSTIMO;Ação ordinária;N;Para negociação;;;;;2552.00;23657.04;;;RANI3;;;;;;;;1981-06-10;;;;
FIIM;12.984.444/0001-98;IT NOW ISE FUNDO DE ÍNDICE;2023-06-30;487651;18019642.00;AÇÕES E OUTROS TVM CEDIDOS EM EMPRÉSTIMO;Ação ordinária;N;Para negociação;;;;;3894.00;192363.60;;;BBAS3;;;;;;;;1973-05-31;;;;
FIIM;12.984.444/0001-98;IT NOW ISE FUNDO DE ÍNDICE;2023-06-30;487651;18019642.00;AÇÕES E OUTROS TVM CEDIDOS EM EMPRÉSTIMO;Ação ordinária;N;Para negociação;;;;;9270.00;127462.50;;;ASAI3;;;;;;;;2021-03-01;;;;
FIIM;12.984.444/0001-98;IT NOW ISE FUNDO DE ÍNDICE;2023-06-30;487651;18019642.00;AÇÕES E OUTROS TVM CEDIDOS EM EMPRÉSTIMO;Ação ordinária;N;Para negociação;;;;;10584.00;148705.20;;;CCRO3;;;;;;;;2002-02-01;;;;
FIIM;12.984.444/0001-98;IT NOW ISE FUNDO DE ÍNDICE;2023-06-30;487651;18019642.00;AÇÕES E OUTROS TVM CEDIDOS EM EMPRÉSTIMO;Ação ordinária;N;Para negociação;;;;;7654.00;49751.00;;;ECOR3;;;;;;;;2010-04-01;;;;
FIIM;12.984.444/0001-98;IT NOW ISE FUNDO DE ÍNDICE;2023-06-30;487651;18019642.00;AÇÕES E OUTROS TVM CEDIDOS EM EMPRÉSTIMO;Ação ordinária;N;Para negociação;;;;;2565.00;27009.45;;;MOVI3;;;;;;;;2017-02-08;;;;
FIIM;12.984.444/0001-98;IT NOW ISE FUNDO DE ÍNDICE;2023-06-30;487651;18019642.00;AÇÕES E OUTROS TVM CEDIDOS EM EMPRÉSTIMO;Ação ordinária;N;Para negociação;;;;;9023.00;139044.43;;;ABEV3;;;;;;;;2013-11-11;;;;
FIIM;12.984.444/0001-98;IT NOW ISE FUNDO DE ÍNDICE;2023-06-30;487651;18019642.00;AÇÕES E OUTROS TVM CEDIDOS EM EMPRÉSTIMO;Ação ordinária;N;Para negociação;;;;;2373.00;56050.26;;;ENBR3;;;;;;;;2005-07-13;;;;
FIIM;12.984.444/0001-98;IT NOW ISE FUNDO DE ÍNDICE;2023-06-30;487651;18019642.00;AÇÕES E OUTROS TVM CEDIDOS EM EMPRÉSTIMO;Ação ordinária;N;Para negociação;;;;;1170.00;92511.90;;;ARZZ3;;;;;;;;2011-02-02;;;;
FIIM;12.984.444/0001-98;IT NOW ISE FUNDO DE ÍNDICE;2023-06-30;487651;18019642.00;AÇÕES E OUTROS TVM CEDIDOS EM EMPRÉSTIMO;Ação preferencial;N;Para negociação;;;;;4293.00;119602.98;;;BRKM5;;;;;;;;2002-09-02;;;;
FIIM;12.984.444/0001-98;IT NOW ISE FUNDO DE ÍNDICE;2023-06-30;487651;18019642.00;AÇÕES E OUTROS TVM CEDIDOS EM EMPRÉSTIMO;Ação preferencial;N;Para negociação;;;;;21251.00;93504.40;;;RAIZ4;;;;;;;;2021-08-05;;;;
FIIM;12.984.444/0001-98;IT NOW ISE FUNDO DE ÍNDICE;2023-06-30;487651;18019642.00;AÇÕES E OUTROS TVM CEDIDOS EM EMPRÉSTIMO;Ação preferencial;N;Para negociação;;;;;9834.00;69526.38;;;USIM5;;;;;;;;1999-02-02;;;;
FIIM;12.984.444/0001-98;IT NOW ISE FUNDO DE ÍNDICE;2023-06-30;487651;18019642.00;AÇÕES E OUTROS TVM CEDIDOS EM EMPRÉSTIMO;Ação preferencial;N;Para negociação;;;;;8515.00;77912.25;;;BPAN4;;;;;;;;2014-08-05;;;;
FIIM;12.984.444/0001-98;IT NOW ISE FUNDO DE ÍNDICE;2023-06-30;487651;18019642.00;AÇÕES E OUTROS TVM CEDIDOS EM EMPRÉSTIMO;Ação preferencial;N;Para negociação;;;;;6225.00;102401.25;;;BBDC4;;;;;;;;1973-12-06;;;;
FIIM;12.984.444/0001-98;IT NOW ISE FUNDO DE ÍNDICE;2023-06-30;487651;18019642.00;AÇÕES E OUTROS TVM CEDIDOS EM EMPRÉSTIMO;Ação preferencial;N;Para negociação;;;;;8744.00;221747.84;;;TRPL4;;;;;;;;1999-07-26;;;;
FIIM;12.984.444/0001-98;IT NOW ISE FUNDO DE ÍNDICE;2023-06-30;487651;18019642.00;AÇÕES E OUTROS TVM CEDIDOS EM EMPRÉSTIMO;Ação preferencial;N;Para negociação;;;;;9425.00;78133.25;;;CPLE6;;;;;;;;1996-11-14;;;;
FIIM;12.984.444/0001-98;IT NOW ISE FUNDO DE ÍNDICE;2023-06-30;487651;18019642.00;AÇÕES E OUTROS TVM CEDIDOS EM EMPRÉSTIMO;Ação preferencial;N;Para negociação;;;;;2838.00;62038.68;;;AZUL4;;;;;;;;2017-04-11;;;;
FIIM;12.984.444/0001-98;IT NOW ISE FUNDO DE ÍNDICE;2023-06-30;487651;18019642.00;AÇÕES E OUTROS TVM CEDIDOS EM EMPRÉSTIMO;Ação preferencial;S;Para negociação;;;;;688.00;19552.96;;;ITUB4;;;;;;;;2009-05-20;;;;
FIIM;12.984.444/0001-98;IT NOW ISE FUNDO DE ÍNDICE;2023-06-30;487651;18019642.00;AÇÕES E OUTROS TVM CEDIDOS EM EMPRÉSTIMO;Ação preferencial;N;Para negociação;;;;;9680.00;124484.80;;;CMIG4;;;;;;;;1973-08-20;;;;
FIIM;12.984.444/0001-98;IT NOW ISE FUNDO DE ÍNDICE;2023-06-30;487651;18019642.00;AÇÕES E OUTROS TVM CEDIDOS EM EMPRÉSTIMO;Certificado de depósito de ações;N;Para negociação;;;;;4972.00;108687.92;;;SAPR11;;;;;;;;2017-11-17;;;;
FIIM;12.984.444/0001-98;IT NOW ISE FUNDO DE ÍNDICE;2023-06-30;487651;18019642.00;AÇÕES E OUTROS TVM CEDIDOS EM EMPRÉSTIMO;Certificado de depósito de ações;N;Para negociação;;;;;5339.00;163533.57;;;SANB11;;;;;;;;2009-10-07;;;;
FIIM;12.984.444/0001-98;IT NOW ISE FUNDO DE ÍNDICE;2023-06-30;487651;18019642.00;AÇÕES E OUTROS TVM CEDIDOS EM EMPRÉSTIMO;Certificado de depósito de ações;N;Para negociação;;;;;11297.00;245935.69;;;KLBN11;;;;;;;;2014-01-10;;;;
FIIM;12.984.444/0001-98;IT NOW ISE FUNDO DE ÍNDICE;2023-06-30;487651;18019642.00;AÇÕES E OUTROS TVM CEDIDOS EM EMPRÉSTIMO;Certificado de depósito de ações;N;Para negociação;;;;;1165.00;36639.25;;;BPAC11;;;;;;;;2017-02-16;;;;
FIIM;12.984.444/0001-98;IT NOW ISE FUNDO DE ÍNDICE;2023-06-30;487651;18019642.00;CERTIFICADO OU RECIBO DE DEPÓSITO DE VALORES MOBILIÁRIOS;Certificado de depósito de ações;N;Para negociação;0.00;0.00;0.00;0.00;3728.00;81494.08;;;SAPR11;;;;;;;;2017-11-17;;;;
FIIM;12.984.444/0001-98;IT NOW ISE FUNDO DE ÍNDICE;2023-06-30;487651;18019642.00;CERTIFICADO OU RECIBO DE DEPÓSITO DE VALORES MOBILIÁRIOS;Certificado de depósito de ações;N;Para negociação;0.00;0.00;0.00;0.00;8388.00;182606.76;;;KLBN11;;;;;;;;2014-01-10;;;;
FIIM;12.984.444/0001-98;IT NOW ISE FUNDO DE ÍNDICE;2023-06-30;487651;18019642.00;CERTIFICADO OU RECIBO DE DEPÓSITO DE VALORES MOBILIÁRIOS;Certificado de depósito de ações;N;Para negociação;0.00;0.00;0.00;0.00;13035.00;409950.75;;;BPAC11;;;;;;;;2017-02-16;;;;
FIIM;12.984.444/0001-98;IT NOW ISE FUNDO DE ÍNDICE;2023-06-30;487651;18019642.00;CERTIFICADO OU RECIBO DE DEPÓSITO DE VALORES MOBILIÁRIOS;Certificado de depósito de ações;N;Para negociação;0.00;0.00;0.00;0.00;7566.00;231746.58;;;SANB11;;;;;;;;2009-10-07;;;;
FIIM;13.416.228/0001-09;IT NOW IMAT FUNDO DE ÍNDICE;2023-06-30;487652;39202800.75;AÇÕES;Ação ordinária;N;Para negociação;21094.00;1389318.68;14958.00;998126.14;104432.00;6706623.04;;;VALE3;;;;;;;;1982-02-15;;;;
FIIM;13.416.228/0001-09;IT NOW IMAT FUNDO DE ÍNDICE;2023-06-30;487652;39202800.75;AÇÕES;Ação ordinária;N;Para negociação;3554.00;47938.70;560.00;7509.60;1457.00;21607.31;;;FHER3;;;;;;;;2007-04-12;;;;
FIIM;13.416.228/0001-09;IT NOW IMAT FUNDO DE ÍNDICE;2023-06-30;487652;39202800.75;AÇÕES;Ação ordinária;N;Para negociação;31645.00;410224.35;22290.00;290985.10;61462.00;745534.06;;;CSNA3;;;;;;;;1993-08-02;;;;
FIIM;13.416.228/0001-09;IT NOW IMAT FUNDO DE ÍNDICE;2023-06-30;487652;39202800.75;AÇÕES;Ação ordinária;N;Para negociação;59595.00;258243.68;42018.00;182981.30;115390.00;482330.20;;;CMIN3;;;;;;;;2021-02-18;;;;
FIIM;13.416.228/0001-09;IT NOW IMAT FUNDO DE ÍNDICE;2023-06-30;487652;39202800.75;AÇÕES;Ação ordinária;N;Para negociação;10269.00;53124.50;7244.00;37632.36;21457.00;108143.28;;;CBAV3;;;;;;;;2021-07-15;;;;
FIIM;13.416.228/0001-09;IT NOW IMAT FUNDO DE ÍNDICE;2023-06-30;487652;39202800.75;AÇÕES;Ação ordinária;N;Para negociação;38742.00;1746864.30;27320.00;1225268.80;91792.00;4059042.24;;;SUZB3;;;;;;;;2004-08-05;;;;
FIIM;13.416.228/0001-09;IT NOW IMAT FUNDO DE ÍNDICE;2023-06-30;487652;39202800.75;AÇÕES;Ação ordinária;N;Para negociação;5479.00;49804.19;3750.00;33276.50;10780.00;99930.60;;;RANI3;;;;;;;;1981-06-10;;;;
FIIM;13.416.228/0001-09;IT NOW IMAT FUNDO DE ÍNDICE;2023-06-30;487652;39202800.75;AÇÕES;Ação ordinária;N;Para negociação;14750.00;125963.40;10430.00;86849.00;30473.00;254449.55;;;DXCO3;;;;;;;;2021-08-19;;;;
FIIM;13.416.228/0001-09;IT NOW IMAT FUNDO DE ÍNDICE;2023-06-30;487652;39202800.75;AÇÕES;Ação preferencial;N;Para negociação;13471.00;306643.37;9478.00;217114.44;27306.00;606466.26;;;BRAP4;;;;;;;;2000-08-10;;;;
FIIM;13.416.228/0001-09;IT NOW IMAT FUNDO DE ÍNDICE;2023-06-30;487652;39202800.75;AÇÕES;Ação preferencial;N;Para negociação;27638.00;200467.20;19420.00;140155.40;63285.00;447424.95;;;USIM5;;;;;;;;1999-02-02;;;;
FIIM;13.416.228/0001-09;IT NOW IMAT FUNDO DE ÍNDICE;2023-06-30;487652;39202800.75;AÇÕES;Ação preferencial;N;Para negociação;14233.00;409484.45;10086.00;284995.30;40499.00;1128302.14;;;BRKM5;;;;;;;;2002-09-02;;;;
FIIM;13.416.228/0001-09;IT NOW IMAT FUNDO DE ÍNDICE;2023-06-30;487652;39202800.75;AÇÕES;Ação preferencial;N;Para negociação;35804.00;430124.58;25162.00;302177.48;129325.00;1528621.50;;;GOAU4;;;;;;;;1973-08-27;;;;
FIIM;13.416.228/0001-09;IT NOW IMAT FUNDO DE ÍNDICE;2023-06-30;487652;39202800.75;AÇÕES;Ação preferencial;N;Para negociação;2458.00;189168.16;1738.00;132965.48;5196.00;411211.44;;;UNIP6;;;;;;;;1980-06-04;;;;
FIIM;13.416.228/0001-09;IT NOW IMAT FUNDO DE ÍNDICE;2023-06-30;487652;39202800.75;AÇÕES;Ação preferencial;N;Para negociação;58661.00;1484904.88;41394.00;1049946.48;127879.00;3205926.53;;;GGBR4;;;;;;;;2001-02-01;;;;
FIIM;13.416.228/0001-09;IT NOW IMAT FUNDO DE ÍNDICE;2023-06-30;487652;39202800.75;AÇÕES;Ação preferencial;N;Para negociação;2173.00;105759.49;1448.00;69373.68;8695.00;421446.65;;;FESA4;;;;;;;;1979-01-31;;;;
FIIM;13.416.228/0001-09;IT NOW IMAT FUNDO DE ÍNDICE;2023-06-30;487652;39202800.75;TÍTULOS PÚBLICOS;;;Para negociação;12.00;159823.98;9.00;120660.09;9.00;120986.07;;;;;2024-09-01;;;;;210100;;;;;
FIIM;13.416.228/0001-09;IT NOW IMAT FUNDO DE ÍNDICE;2023-06-30;487652;39202800.75;DISPONIBILIDADES;Outros;;Para negociação;;;;;;63454.57;;;;DISPONIBILIDADES;;;;;;;;;;;
FIIM;13.416.228/0001-09;IT NOW IMAT FUNDO DE ÍNDICE;2023-06-30;487652;39202800.75;VALORES A PAGAR;Outros;;Para negociação;;;;;;2664538.48;;;;VALORES A PAGAR;;;;;;;;;;;
FIIM;13.416.228/0001-09;IT NOW IMAT FUNDO DE ÍNDICE;2023-06-30;487652;39202800.75;VALORES A RECEBER;Outros;;Para negociação;;;;;;2677961.69;;;;VALORES A RECEBER;;;;;;;;;;;
FIIM;13.416.228/0001-09;IT NOW IMAT FUNDO DE ÍNDICE;2023-06-30;487652;39202800.75;MERCADO FUTURO - POSIÇÕES COMPRADAS;Contrato Futuro;;Para negociação;0.00;0.00;0.00;0.00;8.00;-1073.60;;;;FUT WIN;;;;;;;;;;;
FIIM;13.416.228/0001-09;IT NOW IMAT FUNDO DE ÍNDICE;2023-06-30;487652;39202800.75;AÇÕES E OUTROS TVM CEDIDOS EM EMPRÉSTIMO;Ação ordinária;N;Para negociação;;;;;181260.00;757666.80;;;CMIN3;;;;;;;;2021-02-18;;;;
FIIM;13.416.228/0001-09;IT NOW IMAT FUNDO DE ÍNDICE;2023-06-30;487652;39202800.75;AÇÕES E OUTROS TVM CEDIDOS EM EMPRÉSTIMO;Ação ordinária;N;Para negociação;;;;;96065.00;1165268.45;;;CSNA3;;;;;;;;1993-08-02;;;;
FIIM;13.416.228/0001-09;IT NOW IMAT FUNDO DE ÍNDICE;2023-06-30;487652;39202800.75;AÇÕES E OUTROS TVM CEDIDOS EM EMPRÉSTIMO;Ação ordinária;N;Para negociação;;;;;622.00;39944.84;;;VALE3;;;;;;;;1982-02-15;;;;
FIIM;13.416.228/0001-09;IT NOW IMAT FUNDO DE ÍNDICE;2023-06-30;487652;39202800.75;AÇÕES E OUTROS TVM CEDIDOS EM EMPRÉSTIMO;Ação ordinária;N;Para negociação;;;;;29630.00;149335.20;;;CBAV3;;;;;;;;2021-07-15;;;;
FIIM;13.416.228/0001-09;IT NOW IMAT FUNDO DE ÍNDICE;2023-06-30;487652;39202800.75;AÇÕES E OUTROS TVM CEDIDOS EM EMPRÉSTIMO;Ação ordinária;N;Para negociação;;;;;101078.00;4469669.16;;;SUZB3;;;;;;;;2004-08-05;;;;
FIIM;13.416.228/0001-09;IT NOW IMAT FUNDO DE ÍNDICE;2023-06-30;487652;39202800.75;AÇÕES E OUTROS TVM CEDIDOS EM EMPRÉSTIMO;Ação ordinária;N;Para negociação;;;;;42948.00;358615.80;;;DXCO3;;;;;;;;2021-08-19;;;;
FIIM;13.416.228/0001-09;IT NOW IMAT FUNDO DE ÍNDICE;2023-06-30;487652;39202800.75;AÇÕES E OUTROS TVM CEDIDOS EM EMPRÉSTIMO;Ação ordinária;N;Para negociação;;;;;16542.00;153344.34;;;RANI3;;;;;;;;1981-06-10;;;;
FIIM;13.416.228/0001-09;IT NOW IMAT FUNDO DE ÍNDICE;2023-06-30;487652;39202800.75;AÇÕES E OUTROS TVM CEDIDOS EM EMPRÉSTIMO;Ação preferencial;N;Para negociação;;;;;2109.00;102223.23;;;FESA4;;;;;;;;1979-01-31;;;;
FIIM;13.416.228/0001-09;IT NOW IMAT FUNDO DE ÍNDICE;2023-06-30;487652;39202800.75;AÇÕES E OUTROS TVM CEDIDOS EM EMPRÉSTIMO;Ação preferencial;N;Para negociação;;;;;164180.00;4115992.60;;;GGBR4;;;;;;;;2001-02-01;;;;
FIIM;13.416.228/0001-09;IT NOW IMAT FUNDO DE ÍNDICE;2023-06-30;487652;39202800.75;AÇÕES E OUTROS TVM CEDIDOS EM EMPRÉSTIMO;Ação preferencial;N;Para negociação;;;;;74270.00;525088.90;;;USIM5;;;;;;;;1999-02-02;;;;
FIIM;13.416.228/0001-09;IT NOW IMAT FUNDO DE ÍNDICE;2023-06-30;487652;39202800.75;AÇÕES E OUTROS TVM CEDIDOS EM EMPRÉSTIMO;Ação preferencial;N;Para negociação;;;;;48839.00;577276.98;;;GOAU4;;;;;;;;1973-08-27;;;;
FIIM;13.416.228/0001-09;IT NOW IMAT FUNDO DE ÍNDICE;2023-06-30;487652;39202800.75;AÇÕES E OUTROS TVM CEDIDOS EM EMPRÉSTIMO;Ação preferencial;N;Para negociação;;;;;30373.00;846191.78;;;BRKM5;;;;;;;;2002-09-02;;;;
FIIM;13.416.228/0001-09;IT NOW IMAT FUNDO DE ÍNDICE;2023-06-30;487652;39202800.75;AÇÕES E OUTROS TVM CEDIDOS EM EMPRÉSTIMO;Ação preferencial;N;Para negociação;;;;;39725.00;882292.25;;;BRAP4;;;;;;;;2000-08-10;;;;
FIIM;13.416.228/0001-09;IT NOW IMAT FUNDO DE ÍNDICE;2023-06-30;487652;39202800.75;AÇÕES E OUTROS TVM CEDIDOS EM EMPRÉSTIMO;Ação preferencial;N;Para negociação;;;;;7026.00;556037.64;;;UNIP6;;;;;;;;1980-06-04;;;;
FIIM;13.416.228/0001-09;IT NOW IMAT FUNDO DE ÍNDICE;2023-06-30;487652;39202800.75;AÇÕES E OUTROS TVM CEDIDOS EM EMPRÉSTIMO;Certificado de depósito de ações;N;Para negociação;;;;;96852.00;2108468.04;;;KLBN11;;;;;;;;2014-01-10;;;;
FIIM;13.416.228/0001-09;IT NOW IMAT FUNDO DE ÍNDICE;2023-06-30;487652;39202800.75;CERTIFICADO OU RECIBO DE DEPÓSITO DE VALORES MOBILIÁRIOS;Certificado de depósito de ações;N;Para negociação;0.00;0.00;0.00;0.00;90562.00;1971534.74;;;KLBN11;;;;;;;;2014-01-10;;;;
FIIM;13.416.245/0001-46;IT NOW IDIV FUNDO DE ÍNDICE;2023-06-30;487654;504166117.65;AÇÕES;Ação ordinária;N;Para negociação;2238.00;41288.90;13207.00;245316.94;72970.00;1433860.50;;;DIRR3;;;;;;;;2009-11-19;;;;
FIIM;13.416.245/0001-46;IT NOW IDIV FUNDO DE ÍNDICE;2023-06-30;487654;504166117.65;AÇÕES;Ação ordinária;N;Para negociação;4852.00;134333.27;28472.00;691142.54;184168.00;5178804.16;;;PSSA3;;;;;;;;2004-11-22;;;;
FIIM;13.416.245/0001-46;IT NOW IDIV FUNDO DE ÍNDICE;2023-06-30;487654;504166117.65;AÇÕES;Ação ordinária;N;Para negociação;12011.00;408080.28;70736.00;2177209.56;541465.00;17922491.50;;;PETR3;;;;;;;;1973-09-18;;;;
FIIM;13.416.245/0001-46;IT NOW IDIV FUNDO DE ÍNDICE;2023-06-30;487654;504166117.65;AÇÕES;Ação ordinária;N;Para negociação;7897.00;57567.63;46493.00;315602.32;215326.00;1565420.02;;;MRFG3;;;;;;;;2007-06-28;;;;
FIIM;13.416.245/0001-46;IT NOW IDIV FUNDO DE ÍNDICE;2023-06-30;487654;504166117.65;AÇÕES;Ação ordinária;N;Para negociação;3543.00;44638.79;20729.00;265819.61;184105.00;2299471.45;;;MYPK3;;;;;;;;1984-09-14;;;;
FIIM;13.416.245/0001-46;IT NOW IDIV FUNDO DE ÍNDICE;2023-06-30;487654;504166117.65;AÇÕES;Ação ordinária;N;Para negociação;5687.00;254948.76;33529.00;1446452.33;153501.00;7013460.69;;;EGIE3;;;;;;;;2016-07-21;;;;
FIIM;13.416.245/0001-46;IT NOW IDIV FUNDO DE ÍNDICE;2023-06-30;487654;504166117.65;AÇÕES;Ação ordinária;N;Para negociação;17661.00;310286.94;103856.00;1766399.24;542323.00;9468959.58;;;JBSS3;;;;;;;;2007-03-29;;;;
FIIM;13.416.245/0001-46;IT NOW IDIV FUNDO DE ÍNDICE;2023-06-30;487654;504166117.65;AÇÕES;Ação ordinária;N;Para negociação;8281.00;359214.33;48584.00;2012317.42;285052.00;12334200.04;;;VIVT3;;;;;;;;2011-10-06;;;;
FIIM;13.416.245/0001-46;IT NOW IDIV FUNDO DE ÍNDICE;2023-06-30;487654;504166117.65;AÇÕES;Ação ordinária;N;Para negociação;4990.00;338934.80;29331.00;1988210.11;305989.00;19650613.58;;;VALE3;;;;;;;;1982-02-15;;;;
FIIM;13.416.245/0001-46;IT NOW IDIV FUNDO DE ÍNDICE;2023-06-30;487654;504166117.65;AÇÕES;Ação ordinária;N;Para negociação;3246.00;47992.26;19121.00;277186.62;115480.00;1853454.00;;;CURY3;;;;;;;;2020-09-21;;;;
FIIM;13.416.245/0001-46;IT NOW IDIV FUNDO DE ÍNDICE;2023-06-30;487654;504166117.65;AÇÕES;Ação ordinária;N;Para negociação;7027.00;75922.25;41438.00;433248.40;196682.00;2090729.66;;;BEEF3;;;;;;;;2007-07-20;;;;
FIIM;13.416.245/0001-46;IT NOW IDIV FUNDO DE ÍNDICE;2023-06-30;487654;504166117.65;AÇÕES;Ação ordinária;N;Para negociação;1217.00;20966.90;7338.00;128151.30;40714.00;684402.34;;;ROMI3;;;;;;;;1973-06-22;;;;
FIIM;13.416.245/0001-46;IT NOW IDIV FUNDO DE ÍNDICE;2023-06-30;487654;504166117.65;AÇÕES;Ação ordinária;N;Para negociação;9738.00;183171.06;57331.00;1003123.70;350004.00;6762077.28;;;CMIG3;;;;;;;;1973-08-20;;;;
FIIM;13.416.245/0001-46;IT NOW IDIV FUNDO DE ÍNDICE;2023-06-30;487654;504166117.65;AÇÕES;Ação ordinária;N;Para negociação;6641.00;156064.28;39035.00;909927.30;255727.00;6040271.74;;;ENBR3;;;;;;;;2005-07-13;;;;
FIIM;13.416.245/0001-46;IT NOW IDIV FUNDO DE ÍNDICE;2023-06-30;487654;504166117.65;AÇÕES;Ação ordinária;N;Para negociação;7536.00;373267.46;44222.00;2009625.00;239954.00;11853727.60;;;BBAS3;;;;;;;;1973-05-31;;;;
FIIM;13.416.245/0001-46;IT NOW IDIV FUNDO DE ÍNDICE;2023-06-30;487654;504166117.65;AÇÕES;Ação ordinária;N;Para negociação;14306.00;249414.33;84162.00;1462617.88;879442.00;15873928.10;;;VBBR3;;;;;;;;2021-10-22;;;;
FIIM;13.416.245/0001-46;IT NOW IDIV FUNDO DE ÍNDICE;2023-06-30;487654;504166117.65;AÇÕES;Ação ordinária;N;Para negociação;2755.00;23790.60;16235.00;140550.35;71538.00;663157.26;;;RANI3;;;;;;;;1981-06-10;;;;
FIIM;13.416.245/0001-46;IT NOW IDIV FUNDO DE ÍNDICE;2023-06-30;487654;504166117.65;AÇÕES;Ação ordinária;N;Para negociação;1993.00;12954.71;11775.00;77751.05;117396.00;828815.76;;;LAVV3;;;;;;;;2020-09-02;;;;
FIIM;13.416.245/0001-46;IT NOW IDIV FUNDO DE ÍNDICE;2023-06-30;487654;504166117.65;AÇÕES;Ação ordinária;N;Para negociação;2088.00;29178.62;12392.00;163795.26;75709.00;1040241.66;;;ENAT3;;;;;;;;2019-04-24;;;;
FIIM;13.416.245/0001-46;IT NOW IDIV FUNDO DE ÍNDICE;2023-06-30;487654;504166117.65;AÇÕES;Ação ordinária;N;Para negociação;29975.00;132485.51;176354.00;817306.10;777625.00;3250472.50;;;CMIN3;;;;;;;;2021-02-18;;;;
FIIM;13.416.245/0001-46;IT NOW IDIV FUNDO DE ÍNDICE;2023-06-30;487654;504166117.65;AÇÕES;Ação ordinária;N;Para negociação;1926.00;10256.25;11402.00;58147.96;77478.00;430777.68;;;TRIS3;;;;;;;;2007-10-15;;;;
FIIM;13.416.245/0001-46;IT NOW IDIV FUNDO DE ÍNDICE;2023-06-30;487654;504166117.65;AÇÕES;Ação ordinária;N;Para negociação;7876.00;238797.38;46372.00;1432821.96;441424.00;13582616.48;;;BBSE3;;;;;;;;2013-04-29;;;;
FIIM;13.416.245/0001-46;IT NOW IDIV FUNDO DE ÍNDICE;2023-06-30;487654;504166117.65;AÇÕES;Ação ordinária;N;Para negociação;5087.00;104742.50;29959.00;605399.29;165225.00;3494508.75;;;CSMG3;;;;;;;;2006-02-08;;;;
FIIM;13.416.245/0001-46;IT NOW IDIV FUNDO DE ÍNDICE;2023-06-30;487654;504166117.65;AÇÕES;Ação ordinária;N;Para negociação;4821.00;42258.45;28307.00;238277.72;127181.00;1203132.26;;;KEPL3;;;;;;;;1981-02-13;;;;
FIIM;13.416.245/0001-46;IT NOW IDIV FUNDO DE ÍNDICE;2023-06-30;487654;504166117.65;AÇÕES;Ação ordinária;N;Para negociação;5067.00;164485.08;29850.00;902708.00;235249.00;8090213.11;;;CPFE3;;;;;;;;2004-09-29;;;;
FIIM;13.416.245/0001-46;IT NOW IDIV FUNDO DE ÍNDICE;2023-06-30;487654;504166117.65;AÇÕES;Ação ordinária;N;Para negociação;1599.00;38385.06;9418.00;215628.08;52304.00;1281971.04;;;AGRO3;;;;;;;;2006-05-02;;;;
FIIM;13.416.245/0001-46;IT NOW IDIV FUNDO DE ÍNDICE;2023-06-30;487654;504166117.65;AÇÕES;Ação ordinária;N;Para negociação;8071.00;39265.64;47439.00;218140.47;346556.00;1763970.04;;;JHSF3;;;;;;;;2007-04-12;;;;
FIIM;13.416.245/0001-46;IT NOW IDIV FUNDO DE ÍNDICE;2023-06-30;487654;504166117.65;AÇÕES;Ação ordinária;N;Para negociação;15339.00;200634.41;90298.00;1158037.76;472304.00;5729047.52;;;CSNA3;;;;;;;;1993-08-02;;;;
FIIM;13.416.245/0001-46;IT NOW IDIV FUNDO DE ÍNDICE;2023-06-30;487654;504166117.65;AÇÕES;Ação ordinária;N;Para negociação;17271.00;252828.30;101532.00;1463537.26;869649.00;12705571.89;;;B3SA3;;;;;;;;2018-03-26;;;;
FIIM;13.416.245/0001-46;IT NOW IDIV FUNDO DE ÍNDICE;2023-06-30;487654;504166117.65;AÇÕES;Ação preferencial;N;Para negociação;20673.00;531904.20;121700.00;3057249.60;644607.00;16160297.49;;;GGBR4;;;;;;;;2001-02-01;;;;
FIIM;13.416.245/0001-46;IT NOW IDIV FUNDO DE ÍNDICE;2023-06-30;487654;504166117.65;AÇÕES;Ação preferencial;N;Para negociação;1236.00;93944.09;7347.00;519289.57;50390.00;3987864.60;;;UNIP6;;;;;;;;1980-06-04;;;;
FIIM;13.416.245/0001-46;IT NOW IDIV FUNDO DE ÍNDICE;2023-06-30;487654;504166117.65;AÇÕES;Ação preferencial;N;Para negociação;13936.00;422964.10;81947.00;2253113.57;603012.00;17806944.36;;;PETR4;;;;;;;;1973-09-18;;;;
FIIM;13.416.245/0001-46;IT NOW IDIV FUNDO DE ÍNDICE;2023-06-30;487654;504166117.65;AÇÕES;Ação preferencial;S;Para negociação;24193.00;230077.68;142307.00;1303682.37;1470951.00;14179967.64;;;ITSA4;;;;;;;;1973-09-17;;;;
FIIM;13.416.245/0001-46;IT NOW IDIV FUNDO DE ÍNDICE;2023-06-30;487654;504166117.65;AÇÕES;Ação preferencial;N;Para negociação;1093.00;52436.48;6466.00;317066.60;52283.00;2534157.01;;;FESA4;;;;;;;;1979-01-31;;;;
FIIM;13.416.245/0001-46;IT NOW IDIV FUNDO DE ÍNDICE;2023-06-30;487654;504166117.65;AÇÕES;Ação preferencial;N;Para negociação;10684.00;269339.04;62793.00;1532921.14;348664.00;8842119.04;;;TRPL4;;;;;;;;1999-07-26;;;;
FIIM;13.416.245/0001-46;IT NOW IDIV FUNDO DE ÍNDICE;2023-06-30;487654;504166117.65;AÇÕES;Ação preferencial;N;Para negociação;5467.00;80011.36;32229.00;414902.98;297600.00;4464000.00;;;BRSR6;;;;;;;;2007-09-03;;;;
FIIM;13.416.245/0001-46;IT NOW IDIV FUNDO DE ÍNDICE;2023-06-30;487654;504166117.65;AÇÕES;Ação preferencial;N;Para negociação;13901.00;101613.88;81749.00;602216.01;359737.00;2543340.59;;;USIM5;;;;;;;;1999-02-02;;;;
FIIM;13.416.245/0001-46;IT NOW IDIV FUNDO DE ÍNDICE;2023-06-30;487654;504166117.65;AÇÕES;Ação preferencial;N;Para negociação;31065.00;394055.69;182598.00;2183721.12;1059904.00;13630365.44;;;CMIG4;;;;;;;;1973-08-20;;;;
FIIM;13.416.245/0001-46;IT NOW IDIV FUNDO DE ÍNDICE;2023-06-30;487654;504166117.65;AÇÕES;Ação preferencial;N;Para negociação;4797.00;57372.30;28175.00;312651.00;180919.00;2201784.23;;;RAPT4;;;;;;;;1993-03-19;;;;
FIIM;13.416.245/0001-46;IT NOW IDIV FUNDO DE ÍNDICE;2023-06-30;487654;504166117.65;AÇÕES;Ação preferencial;N;Para negociação;6775.00;157650.48;39772.00;894931.12;175673.00;3901697.33;;;BRAP4;;;;;;;;2000-08-10;;;;
FIIM;13.416.245/0001-46;IT NOW IDIV FUNDO DE ÍNDICE;2023-06-30;487654;504166117.65;AÇÕES;Ação preferencial;N;Para negociação;1804.00;32933.48;10741.00;185706.21;65670.00;1252326.90;;;ABCB4;;;;;;;;2007-07-25;;;;
FIIM;13.416.245/0001-46;IT NOW IDIV FUNDO DE ÍNDICE;2023-06-30;487654;504166117.65;AÇÕES;Ação preferencial;N;Para negociação;42198.00;332307.25;248235.00;1861245.70;1854219.00;15371475.51;;;CPLE6;;;;;;;;1996-11-14;;;;
FIIM;13.416.245/0001-46;IT NOW IDIV FUNDO DE ÍNDICE;2023-06-30;487654;504166117.65;AÇÕES;Ação preferencial;N;Para negociação;18008.00;217535.28;105860.00;1241884.90;922076.00;10898938.32;;;GOAU4;;;;;;;;1973-08-27;;;;
FIIM;13.416.245/0001-46;IT NOW IDIV FUNDO DE ÍNDICE;2023-06-30;487654;504166117.65;TÍTULOS PÚBLICOS;;;Para negociação;0.00;0.00;20.00;265837.43;75.00;1006459.52;;;;;2026-03-01;;;;;210100;;;;;
FIIM;13.416.245/0001-46;IT NOW IDIV FUNDO DE ÍNDICE;2023-06-30;487654;504166117.65;TÍTULOS PÚBLICOS;;;Para negociação;209.00;2789916.84;126.00;1685125.04;42.00;564601.66;;;;;2024-09-01;;;;;210100;;;;;
FIIM;13.416.245/0001-46;IT NOW IDIV FUNDO DE ÍNDICE;2023-06-30;487654;504166117.65;TÍTULOS PÚBLICOS;;;Para negociação;0.00;0.00;44.00;587183.08;142.00;1908422.15;;;;;2025-09-01;;;;;210100;;;;;
FIIM;13.416.245/0001-46;IT NOW IDIV FUNDO DE ÍNDICE;2023-06-30;487654;504166117.65;TÍTULOS PÚBLICOS;;;Para negociação;17.00;226362.96;22.00;293999.81;89.00;1196313.03;;;;;2025-03-01;;;;;210100;;;;;
FIIM;13.416.245/0001-46;IT NOW IDIV FUNDO DE ÍNDICE;2023-06-30;487654;504166117.65;DISPONIBILIDADES;Outros;;Para negociação;;;;;;54357.93;;;;DISPONIBILIDADES;;;;;;;;;;;
FIIM;13.416.245/0001-46;IT NOW IDIV FUNDO DE ÍNDICE;2023-06-30;487654;504166117.65;VALORES A PAGAR;Outros;;Para negociação;;;;;;912016.26;;;;VALORES A PAGAR;;;;;;;;;;;
FIIM;13.416.245/0001-46;IT NOW IDIV FUNDO DE ÍNDICE;2023-06-30;487654;504166117.65;VALORES A RECEBER;Outros;;Para negociação;;;;;;9459795.63;;;;VALORES A RECEBER;;;;;;;;;;;
FIIM;13.416.245/0001-46;IT NOW IDIV FUNDO DE ÍNDICE;2023-06-30;487654;504166117.65;MERCADO FUTURO - POSIÇÕES COMPRADAS;Contrato Futuro;;Para negociação;0.00;0.00;0.00;0.00;83.00;-80670.00;;;;FUTURO IBRX50 - FUT BRI;;;;;;;;;;;
FIIM;13.416.245/0001-46;IT NOW IDIV FUNDO DE ÍNDICE;2023-06-30;487654;504166117.65;AÇÕES E OUTROS TVM CEDIDOS EM EMPRÉSTIMO;Ação ordinária;N;Para negociação;;;;;249592.00;4822117.44;;;CMIG3;;;;;;;;1973-08-20;;;;
FIIM;13.416.245/0001-46;IT NOW IDIV FUNDO DE ÍNDICE;2023-06-30;487654;504166117.65;AÇÕES E OUTROS TVM CEDIDOS EM EMPRÉSTIMO;Ação ordinária;N;Para negociação;;;;;198277.00;6562968.70;;;PETR3;;;;;;;;1973-09-18;;;;
FIIM;13.416.245/0001-46;IT NOW IDIV FUNDO DE ÍNDICE;2023-06-30;487654;504166117.65;AÇÕES E OUTROS TVM CEDIDOS EM EMPRÉSTIMO;Ação ordinária;N;Para negociação;;;;;236110.00;2509849.30;;;BEEF3;;;;;;;;2007-07-20;;;;
FIIM;13.416.245/0001-46;IT NOW IDIV FUNDO DE ÍNDICE;2023-06-30;487654;504166117.65;AÇÕES E OUTROS TVM CEDIDOS EM EMPRÉSTIMO;Ação ordinária;N;Para negociação;;;;;196839.00;8993573.91;;;EGIE3;;;;;;;;2016-07-21;;;;
FIIM;13.416.245/0001-46;IT NOW IDIV FUNDO DE ÍNDICE;2023-06-30;487654;504166117.65;AÇÕES E OUTROS TVM CEDIDOS EM EMPRÉSTIMO;Ação ordinária;N;Para negociação;;;;;5417.00;38244.02;;;LAVV3;;;;;;;;2020-09-02;;;;
FIIM;13.416.245/0001-46;IT NOW IDIV FUNDO DE ÍNDICE;2023-06-30;487654;504166117.65;AÇÕES E OUTROS TVM CEDIDOS EM EMPRÉSTIMO;Ação ordinária;N;Para negociação;;;;;43591.00;1341295.07;;;BBSE3;;;;;;;;2013-04-29;;;;
FIIM;13.416.245/0001-46;IT NOW IDIV FUNDO DE ÍNDICE;2023-06-30;487654;504166117.65;AÇÕES E OUTROS TVM CEDIDOS EM EMPRÉSTIMO;Ação ordinária;N;Para negociação;;;;;223999.00;11065550.60;;;BBAS3;;;;;;;;1973-05-31;;;;
FIIM;13.416.245/0001-46;IT NOW IDIV FUNDO DE ÍNDICE;2023-06-30;487654;504166117.65;AÇÕES E OUTROS TVM CEDIDOS EM EMPRÉSTIMO;Ação ordinária;N;Para negociação;;;;;84507.00;1356337.35;;;CURY3;;;;;;;;2020-09-21;;;;
FIIM;13.416.245/0001-46;IT NOW IDIV FUNDO DE ÍNDICE;2023-06-30;487654;504166117.65;AÇÕES E OUTROS TVM CEDIDOS EM EMPRÉSTIMO;Ação ordinária;N;Para negociação;;;;;33914.00;423585.86;;;MYPK3;;;;;;;;1984-09-14;;;;
FIIM;13.416.245/0001-46;IT NOW IDIV FUNDO DE ÍNDICE;2023-06-30;487654;504166117.65;AÇÕES E OUTROS TVM CEDIDOS EM EMPRÉSTIMO;Ação ordinária;N;Para negociação;;;;;114544.00;3220977.28;;;PSSA3;;;;;;;;2004-11-22;;;;
FIIM;13.416.245/0001-46;IT NOW IDIV FUNDO DE ÍNDICE;2023-06-30;487654;504166117.65;AÇÕES E OUTROS TVM CEDIDOS EM EMPRÉSTIMO;Ação ordinária;N;Para negociação;;;;;1360.00;24548.00;;;VBBR3;;;;;;;;2021-10-22;;;;
FIIM;13.416.245/0001-46;IT NOW IDIV FUNDO DE ÍNDICE;2023-06-30;487654;504166117.65;AÇÕES E OUTROS TVM CEDIDOS EM EMPRÉSTIMO;Ação ordinária;N;Para negociação;;;;;169622.00;1604624.12;;;KEPL3;;;;;;;;1981-02-13;;;;
FIIM;13.416.245/0001-46;IT NOW IDIV FUNDO DE ÍNDICE;2023-06-30;487654;504166117.65;AÇÕES E OUTROS TVM CEDIDOS EM EMPRÉSTIMO;Ação ordinária;N;Para negociação;;;;;52959.00;727656.66;;;ENAT3;;;;;;;;2019-04-24;;;;
FIIM;13.416.245/0001-46;IT NOW IDIV FUNDO DE ÍNDICE;2023-06-30;487654;504166117.65;AÇÕES E OUTROS TVM CEDIDOS EM EMPRÉSTIMO;Ação ordinária;N;Para negociação;;;;;148074.00;3131765.10;;;CSMG3;;;;;;;;2006-02-08;;;;
FIIM;13.416.245/0001-46;IT NOW IDIV FUNDO DE ÍNDICE;2023-06-30;487654;504166117.65;AÇÕES E OUTROS TVM CEDIDOS EM EMPRÉSTIMO;Ação ordinária;N;Para negociação;;;;;46188.00;1132067.88;;;AGRO3;;;;;;;;2006-05-02;;;;
FIIM;13.416.245/0001-46;IT NOW IDIV FUNDO DE ÍNDICE;2023-06-30;487654;504166117.65;AÇÕES E OUTROS TVM CEDIDOS EM EMPRÉSTIMO;Ação ordinária;N;Para negociação;;;;;1068035.00;4464386.30;;;CMIN3;;;;;;;;2021-02-18;;;;
FIIM;13.416.245/0001-46;IT NOW IDIV FUNDO DE ÍNDICE;2023-06-30;487654;504166117.65;AÇÕES E OUTROS TVM CEDIDOS EM EMPRÉSTIMO;Ação ordinária;N;Para negociação;;;;;544984.00;9515420.64;;;JBSS3;;;;;;;;2007-03-29;;;;
FIIM;13.416.245/0001-46;IT NOW IDIV FUNDO DE ÍNDICE;2023-06-30;487654;504166117.65;AÇÕES E OUTROS TVM CEDIDOS EM EMPRÉSTIMO;Ação ordinária;N;Para negociação;;;;;193698.00;2829927.78;;;B3SA3;;;;;;;;2018-03-26;;;;
FIIM;13.416.245/0001-46;IT NOW IDIV FUNDO DE ÍNDICE;2023-06-30;487654;504166117.65;AÇÕES E OUTROS TVM CEDIDOS EM EMPRÉSTIMO;Ação ordinária;N;Para negociação;;;;;150378.00;765424.02;;;JHSF3;;;;;;;;2007-04-12;;;;
FIIM;13.416.245/0001-46;IT NOW IDIV FUNDO DE ÍNDICE;2023-06-30;487654;504166117.65;AÇÕES E OUTROS TVM CEDIDOS EM EMPRÉSTIMO;Ação ordinária;N;Para negociação;;;;;41184.00;228983.04;;;TRIS3;;;;;;;;2007-10-15;;;;
FIIM;13.416.245/0001-46;IT NOW IDIV FUNDO DE ÍNDICE;2023-06-30;487654;504166117.65;AÇÕES E OUTROS TVM CEDIDOS EM EMPRÉSTIMO;Ação ordinária;N;Para negociação;;;;;64868.00;1274656.20;;;DIRR3;;;;;;;;2009-11-19;;;;
FIIM;13.416.245/0001-46;IT NOW IDIV FUNDO DE ÍNDICE;2023-06-30;487654;504166117.65;AÇÕES E OUTROS TVM CEDIDOS EM EMPRÉSTIMO;Ação ordinária;N;Para negociação;;;;;270976.00;1969995.52;;;MRFG3;;;;;;;;2007-06-28;;;;
FIIM;13.416.245/0001-46;IT NOW IDIV FUNDO DE ÍNDICE;2023-06-30;487654;504166117.65;AÇÕES E OUTROS TVM CEDIDOS EM EMPRÉSTIMO;Ação ordinária;N;Para negociação;;;;;34374.00;577826.94;;;ROMI3;;;;;;;;1973-06-22;;;;
FIIM;13.416.245/0001-46;IT NOW IDIV FUNDO DE ÍNDICE;2023-06-30;487654;504166117.65;AÇÕES E OUTROS TVM CEDIDOS EM EMPRÉSTIMO;Ação ordinária;N;Para negociação;;;;;98032.00;908756.64;;;RANI3;;;;;;;;1981-06-10;;;;
FIIM;13.416.245/0001-46;IT NOW IDIV FUNDO DE ÍNDICE;2023-06-30;487654;504166117.65;AÇÕES E OUTROS TVM CEDIDOS EM EMPRÉSTIMO;Ação ordinária;N;Para negociação;;;;;76833.00;2642286.87;;;CPFE3;;;;;;;;2004-09-29;;;;
FIIM;13.416.245/0001-46;IT NOW IDIV FUNDO DE ÍNDICE;2023-06-30;487654;504166117.65;AÇÕES E OUTROS TVM CEDIDOS EM EMPRÉSTIMO;Ação ordinária;N;Para negociação;;;;;224512.00;9714634.24;;;VIVT3;;;;;;;;2011-10-06;;;;
FIIM;13.416.245/0001-46;IT NOW IDIV FUNDO DE ÍNDICE;2023-06-30;487654;504166117.65;AÇÕES E OUTROS TVM CEDIDOS EM EMPRÉSTIMO;Ação ordinária;N;Para negociação;;;;;153101.00;3616245.62;;;ENBR3;;;;;;;;2005-07-13;;;;
FIIM;13.416.245/0001-46;IT NOW IDIV FUNDO DE ÍNDICE;2023-06-30;487654;504166117.65;AÇÕES E OUTROS TVM CEDIDOS EM EMPRÉSTIMO;Ação ordinária;N;Para negociação;;;;;1219.00;78284.18;;;VALE3;;;;;;;;1982-02-15;;;;
FIIM;13.416.245/0001-46;IT NOW IDIV FUNDO DE ÍNDICE;2023-06-30;487654;504166117.65;AÇÕES E OUTROS TVM CEDIDOS EM EMPRÉSTIMO;Ação ordinária;N;Para negociação;;;;;472303.00;5729035.39;;;CSNA3;;;;;;;;1993-08-02;;;;
FIIM;13.416.245/0001-46;IT NOW IDIV FUNDO DE ÍNDICE;2023-06-30;487654;504166117.65;AÇÕES E OUTROS TVM CEDIDOS EM EMPRÉSTIMO;Ação preferencial;N;Para negociação;;;;;114373.00;1391919.41;;;RAPT4;;;;;;;;1993-03-19;;;;
FIIM;13.416.245/0001-46;IT NOW IDIV FUNDO DE ÍNDICE;2023-06-30;487654;504166117.65;AÇÕES E OUTROS TVM CEDIDOS EM EMPRÉSTIMO;Ação preferencial;N;Para negociação;;;;;309122.00;7839333.92;;;TRPL4;;;;;;;;1999-07-26;;;;
FIIM;13.416.245/0001-46;IT NOW IDIV FUNDO DE ÍNDICE;2023-06-30;487654;504166117.65;AÇÕES E OUTROS TVM CEDIDOS EM EMPRÉSTIMO;Ação preferencial;N;Para negociação;;;;;496059.00;3507137.13;;;USIM5;;;;;;;;1999-02-02;;;;
FIIM;13.416.245/0001-46;IT NOW IDIV FUNDO DE ÍNDICE;2023-06-30;487654;504166117.65;AÇÕES E OUTROS TVM CEDIDOS EM EMPRÉSTIMO;Ação preferencial;N;Para negociação;;;;;14960.00;725111.20;;;FESA4;;;;;;;;1979-01-31;;;;
FIIM;13.416.245/0001-46;IT NOW IDIV FUNDO DE ÍNDICE;2023-06-30;487654;504166117.65;AÇÕES E OUTROS TVM CEDIDOS EM EMPRÉSTIMO;Ação preferencial;N;Para negociação;;;;;241350.00;5360383.50;;;BRAP4;;;;;;;;2000-08-10;;;;
FIIM;13.416.245/0001-46;IT NOW IDIV FUNDO DE ÍNDICE;2023-06-30;487654;504166117.65;AÇÕES E OUTROS TVM CEDIDOS EM EMPRÉSTIMO;Ação preferencial;N;Para negociação;;;;;186757.00;2207467.74;;;GOAU4;;;;;;;;1973-08-27;;;;
FIIM;13.416.245/0001-46;IT NOW IDIV FUNDO DE ÍNDICE;2023-06-30;487654;504166117.65;AÇÕES E OUTROS TVM CEDIDOS EM EMPRÉSTIMO;Ação preferencial;N;Para negociação;;;;;852756.00;10966442.16;;;CMIG4;;;;;;;;1973-08-20;;;;
FIIM;13.416.245/0001-46;IT NOW IDIV FUNDO DE ÍNDICE;2023-06-30;487654;504166117.65;AÇÕES E OUTROS TVM CEDIDOS EM EMPRÉSTIMO;Ação preferencial;N;Para negociação;;;;;628388.00;15753687.16;;;GGBR4;;;;;;;;2001-02-01;;;;
FIIM;13.416.245/0001-46;IT NOW IDIV FUNDO DE ÍNDICE;2023-06-30;487654;504166117.65;AÇÕES E OUTROS TVM CEDIDOS EM EMPRÉSTIMO;Ação preferencial;N;Para negociação;;;;;255134.00;7534107.02;;;PETR4;;;;;;;;1973-09-18;;;;
FIIM;13.416.245/0001-46;IT NOW IDIV FUNDO DE ÍNDICE;2023-06-30;487654;504166117.65;AÇÕES E OUTROS TVM CEDIDOS EM EMPRÉSTIMO;Ação preferencial;N;Para negociação;;;;;39129.00;586935.00;;;BRSR6;;;;;;;;2007-09-03;;;;
FIIM;13.416.245/0001-46;IT NOW IDIV FUNDO DE ÍNDICE;2023-06-30;487654;504166117.65;AÇÕES E OUTROS TVM CEDIDOS EM EMPRÉSTIMO;Ação preferencial;N;Para negociação;;;;;744063.00;6168282.27;;;CPLE6;;;;;;;;1996-11-14;;;;
FIIM;13.416.245/0001-46;IT NOW IDIV FUNDO DE ÍNDICE;2023-06-30;487654;504166117.65;AÇÕES E OUTROS TVM CEDIDOS EM EMPRÉSTIMO;Ação preferencial;N;Para negociação;;;;;45556.00;868752.92;;;ABCB4;;;;;;;;2007-07-25;;;;
FIIM;13.416.245/0001-46;IT NOW IDIV FUNDO DE ÍNDICE;2023-06-30;487654;504166117.65;AÇÕES E OUTROS TVM CEDIDOS EM EMPRÉSTIMO;Ação preferencial;S;Para negociação;;;;;18650.00;179786.00;;;ITSA4;;;;;;;;1973-09-17;;;;
FIIM;13.416.245/0001-46;IT NOW IDIV FUNDO DE ÍNDICE;2023-06-30;487654;504166117.65;AÇÕES E OUTROS TVM CEDIDOS EM EMPRÉSTIMO;Ação preferencial;N;Para negociação;;;;;25859.00;2046481.26;;;UNIP6;;;;;;;;1980-06-04;;;;
FIIM;13.416.245/0001-46;IT NOW IDIV FUNDO DE ÍNDICE;2023-06-30;487654;504166117.65;AÇÕES E OUTROS TVM CEDIDOS EM EMPRÉSTIMO;Certificado de depósito de ações;N;Para negociação;;;;;178313.00;6711701.32;;;TAEE11;;;;;;;;2012-05-28;;;;
FIIM;13.416.245/0001-46;IT NOW IDIV FUNDO DE ÍNDICE;2023-06-30;487654;504166117.65;AÇÕES E OUTROS TVM CEDIDOS EM EMPRÉSTIMO;Certificado de depósito de ações;N;Para negociação;;;;;16773.00;502854.54;;;ALUP11;;;;;;;;2013-04-24;;;;
FIIM;13.416.245/0001-46;IT NOW IDIV FUNDO DE ÍNDICE;2023-06-30;487654;504166117.65;AÇÕES E OUTROS TVM CEDIDOS EM EMPRÉSTIMO;Certificado de depósito de ações;N;Para negociação;;;;;293217.00;8981236.71;;;SANB11;;;;;;;;2009-10-07;;;;
FIIM;13.416.245/0001-46;IT NOW IDIV FUNDO DE ÍNDICE;2023-06-30;487654;504166117.65;OPERAÇÕES COMPROMISSADAS;;N;Para negociação;;;;;735.00;3188838.47;;;;;2028-08-15;;;;;760199;;;;;
FIIM;13.416.245/0001-46;IT NOW IDIV FUNDO DE ÍNDICE;2023-06-30;487654;504166117.65;CERTIFICADO OU RECIBO DE DEPÓSITO DE VALORES MOBILIÁRIOS;Certificado de depósito de ações;N;Para negociação;0.00;0.00;0.00;0.00;184953.00;6961630.92;;;TAEE11;;;;;;;;2012-05-28;;;;
FIIM;13.416.245/0001-46;IT NOW IDIV FUNDO DE ÍNDICE;2023-06-30;487654;504166117.65;CERTIFICADO OU RECIBO DE DEPÓSITO DE VALORES MOBILIÁRIOS;Certificado de depósito de ações;N;Para negociação;0.00;0.00;0.00;0.00;247984.00;7595749.92;;;SANB11;;;;;;;;2009-10-07;;;;
FIIM;13.416.245/0001-46;IT NOW IDIV FUNDO DE ÍNDICE;2023-06-30;487654;504166117.65;CERTIFICADO OU RECIBO DE DEPÓSITO DE VALORES MOBILIÁRIOS;Certificado de depósito de ações;N;Para negociação;0.00;0.00;0.00;0.00;225295.00;6754344.10;;;ALUP11;;;;;;;;2013-04-24;;;;
FIIM;14.120.533/0001-11;CAIXA ETF IBOVESPA FUNDO DE ÍNDICE;2023-06-30;487479;86886807.42;AÇÕES;Ação ordinária;N;Para negociação;0.00;0.00;200.00;3564.00;46100.00;832105.00;;;VBBR3;;;;;;;;2021-10-22;;;;
FIIM;14.120.533/0001-11;CAIXA ETF IBOVESPA FUNDO DE ÍNDICE;2023-06-30;487479;86886807.42;AÇÕES;Ação ordinária;N;Para negociação;0.00;0.00;300.00;4341.00;62068.00;908675.52;;;BBDC3;;;;;;;;1998-03-02;;;;
FIIM;14.120.533/0001-11;CAIXA ETF IBOVESPA FUNDO DE ÍNDICE;2023-06-30;487479;86886807.42;AÇÕES;Ação ordinária;N;Para negociação;0.00;0.00;300.00;3639.00;65300.00;801231.00;;;ENEV3;;;;;;;;2013-10-22;;;;
FIIM;14.120.533/0001-11;CAIXA ETF IBOVESPA FUNDO DE ÍNDICE;2023-06-30;487479;86886807.42;AÇÕES;Ação ordinária;N;Para negociação;0.00;0.00;100.00;739.00;12100.00;87967.00;;;MRFG3;;;;;;;;2007-06-28;;;;
FIIM;14.120.533/0001-11;CAIXA ETF IBOVESPA FUNDO DE ÍNDICE;2023-06-30;487479;86886807.42;AÇÕES;Ação ordinária;N;Para negociação;0.00;0.00;200.00;898.00;45900.00;191862.00;;;CMIN3;;;;;;;;2021-05-03;;;;
FIIM;14.120.533/0001-11;CAIXA ETF IBOVESPA FUNDO DE ÍNDICE;2023-06-30;487479;86886807.42;AÇÕES;Ação ordinária;N;Para negociação;0.00;0.00;200.00;3290.00;34704.00;580944.96;;;NTCO3;;;;;;;;2019-12-18;;;;
FIIM;14.120.533/0001-11;CAIXA ETF IBOVESPA FUNDO DE ÍNDICE;2023-06-30;487479;86886807.42;AÇÕES;Ação ordinária;N;Para negociação;0.00;0.00;400.00;1832.00;45443.00;208583.37;;;CIEL3;;;;;;;;2009-12-18;;;;
FIIM;14.120.533/0001-11;CAIXA ETF IBOVESPA FUNDO DE ÍNDICE;2023-06-30;487479;86886807.42;AÇÕES;Ação ordinária;N;Para negociação;0.00;0.00;100.00;1519.00;33400.00;488308.00;;;TIMS3;;;;;;;;2020-10-13;;;;
FIIM;14.120.533/0001-11;CAIXA ETF IBOVESPA FUNDO DE ÍNDICE;2023-06-30;487479;86886807.42;AÇÕES;Ação ordinária;N;Para negociação;0.00;0.00;300.00;5424.00;47000.00;820620.00;;;JBSS3;;;;;;;;2007-03-29;;;;
FIIM;14.120.533/0001-11;CAIXA ETF IBOVESPA FUNDO DE ÍNDICE;2023-06-30;487479;86886807.42;AÇÕES;Ação ordinária;N;Para negociação;0.00;0.00;300.00;798.00;65200.00;140180.00;;;VIIA3;;;;;;;;2021-08-16;;;;
FIIM;14.120.533/0001-11;CAIXA ETF IBOVESPA FUNDO DE ÍNDICE;2023-06-30;487479;86886807.42;AÇÕES;Ação ordinária;N;Para negociação;0.00;0.00;200.00;9330.00;30086.00;1330402.92;;;SUZB3;;;;;;;;2004-08-05;;;;
FIIM;14.120.533/0001-11;CAIXA ETF IBOVESPA FUNDO DE ÍNDICE;2023-06-30;487479;86886807.42;AÇÕES;Ação ordinária;N;Para negociação;0.00;0.00;100.00;1919.00;11343.00;228334.59;;;CYRE3;;;;;;;;1997-04-22;;;;
FIIM;14.120.533/0001-11;CAIXA ETF IBOVESPA FUNDO DE ÍNDICE;2023-06-30;487479;86886807.42;AÇÕES;Ação ordinária;N;Para negociação;0.00;0.00;100.00;1592.00;17530.00;281356.50;;;FLRY3;;;;;;;;2009-12-17;;;;
FIIM;14.120.533/0001-11;CAIXA ETF IBOVESPA FUNDO DE ÍNDICE;2023-06-30;487479;86886807.42;AÇÕES;Ação ordinária;N;Para negociação;0.00;0.00;200.00;4298.00;39398.00;787960.00;;;LREN3;;;;;;;;1998-01-02;;;;
FIIM;14.120.533/0001-11;CAIXA ETF IBOVESPA FUNDO DE ÍNDICE;2023-06-30;487479;86886807.42;AÇÕES;Ação ordinária;N;Para negociação;0.00;0.00;0.00;0.00;6500.00;121615.00;;;PCAR3;;;;;;;;1997-09-02;;;;
FIIM;14.120.533/0001-11;CAIXA ETF IBOVESPA FUNDO DE ÍNDICE;2023-06-30;487479;86886807.42;AÇÕES;Ação ordinária;N;Para negociação;0.00;0.00;100.00;1172.00;21900.00;245280.00;;;CRFB3;;;;;;;;2017-07-20;;;;
FIIM;14.120.533/0001-11;CAIXA ETF IBOVESPA FUNDO DE ÍNDICE;2023-06-30;487479;86886807.42;AÇÕES;Ação ordinária;N;Para negociação;0.00;0.00;100.00;1139.00;20313.00;243756.00;;;SOMA3;;;;;;;;2020-07-31;;;;
FIIM;14.120.533/0001-11;CAIXA ETF IBOVESPA FUNDO DE ÍNDICE;2023-06-30;487479;86886807.42;AÇÕES;Ação ordinária;N;Para negociação;0.00;0.00;100.00;6708.00;31996.00;2191726.00;;;RENT3;;;;;;;;2005-05-23;;;;
FIIM;14.120.533/0001-11;CAIXA ETF IBOVESPA FUNDO DE ÍNDICE;2023-06-30;487479;86886807.42;AÇÕES;Ação ordinária;N;Para negociação;0.00;0.00;100.00;4441.00;17500.00;757225.00;;;VIVT3;;;;;;;;2011-10-06;;;;
FIIM;14.120.533/0001-11;CAIXA ETF IBOVESPA FUNDO DE ÍNDICE;2023-06-30;487479;86886807.42;AÇÕES;Ação ordinária;N;Para negociação;0.00;0.00;800.00;55216.00;166913.00;10719152.86;;;VALE3;;;;;;;;1997-07-24;;;;
FIIM;14.120.533/0001-11;CAIXA ETF IBOVESPA FUNDO DE ÍNDICE;2023-06-30;487479;86886807.42;AÇÕES;Ação ordinária;N;Para negociação;0.00;0.00;500.00;16845.00;123697.00;4094370.70;;;PETR3;;;;;;;;1997-03-24;;;;
FIIM;14.120.533/0001-11;CAIXA ETF IBOVESPA FUNDO DE ÍNDICE;2023-06-30;487479;86886807.42;AÇÕES;Ação ordinária;N;Para negociação;0.00;0.00;100.00;4584.00;16600.00;763766.00;;;HYPE3;;;;;;;;2008-04-18;;;;
FIIM;14.120.533/0001-11;CAIXA ETF IBOVESPA FUNDO DE ÍNDICE;2023-06-30;487479;86886807.42;AÇÕES;Ação ordinária;N;Para negociação;0.00;0.00;100.00;3053.00;27800.00;855406.00;;;BBSE3;;;;;;;;2013-04-29;;;;
FIIM;14.120.533/0001-11;CAIXA ETF IBOVESPA FUNDO DE ÍNDICE;2023-06-30;487479;86886807.42;AÇÕES;Ação ordinária;N;Para negociação;0.00;0.00;100.00;737.00;13900.00;91462.00;;;PETZ3;;;;;;;;2020-09-11;;;;
FIIM;14.120.533/0001-11;CAIXA ETF IBOVESPA FUNDO DE ÍNDICE;2023-06-30;487479;86886807.42;AÇÕES;Ação ordinária;N;Para negociação;0.00;0.00;100.00;410.00;11443.00;40164.93;;;CVCB3;;;;;;;;2013-12-09;;;;
FIIM;14.120.533/0001-11;CAIXA ETF IBOVESPA FUNDO DE ÍNDICE;2023-06-30;487479;86886807.42;AÇÕES;Ação ordinária;N;Para negociação;0.00;0.00;400.00;15788.00;83500.00;3319125.00;;;ELET3;;;;;;;;1997-12-16;;;;
FIIM;14.120.533/0001-11;CAIXA ETF IBOVESPA FUNDO DE ÍNDICE;2023-06-30;487479;86886807.42;AÇÕES;Ação ordinária;N;Para negociação;0.00;0.00;300.00;4110.00;49300.00;677875.00;;;ASAI3;;;;;;;;2021-08-12;;;;
FIIM;14.120.533/0001-11;CAIXA ETF IBOVESPA FUNDO DE ÍNDICE;2023-06-30;487479;86886807.42;AÇÕES;Ação ordinária;N;Para negociação;0.00;0.00;1200.00;4572.00;119200.00;401704.00;;;MGLU3;;;;;;;;2011-05-02;;;;
FIIM;14.120.533/0001-11;CAIXA ETF IBOVESPA FUNDO DE ÍNDICE;2023-06-30;487479;86886807.42;AÇÕES;Ação ordinária;N;Para negociação;0.00;0.00;200.00;6230.00;46200.00;1485330.00;;;EQTL3;;;;;;;;2006-04-03;;;;
FIIM;14.120.533/0001-11;CAIXA ETF IBOVESPA FUNDO DE ÍNDICE;2023-06-30;487479;86886807.42;AÇÕES;Ação ordinária;N;Para negociação;0.00;0.00;0.00;0.00;2500.00;197675.00;;;ARZZ3;;;;;;;;2011-02-02;;;;
FIIM;14.120.533/0001-11;CAIXA ETF IBOVESPA FUNDO DE ÍNDICE;2023-06-30;487479;86886807.42;AÇÕES;Ação ordinária;N;Para negociação;0.00;0.00;0.00;0.00;2880.00;22492.80;;;CASH3;;;;;;;;2020-11-05;;;;
FIIM;14.120.533/0001-11;CAIXA ETF IBOVESPA FUNDO DE ÍNDICE;2023-06-30;487479;86886807.42;AÇÕES;Ação ordinária;N;Para negociação;0.00;0.00;200.00;4080.00;30426.00;564098.04;;;EMBR3;;;;;;;;1997-07-28;;;;
FIIM;14.120.533/0001-11;CAIXA ETF IBOVESPA FUNDO DE ÍNDICE;2023-06-30;487479;86886807.42;AÇÕES;Ação ordinária;N;Para negociação;0.00;0.00;0.00;0.00;11353.00;94797.55;;;DXCO3;;;;;;;;2021-08-19;;;;
FIIM;14.120.533/0001-11;CAIXA ETF IBOVESPA FUNDO DE ÍNDICE;2023-06-30;487479;86886807.42;AÇÕES;Ação ordinária;N;Para negociação;0.00;0.00;800.00;12176.00;237042.00;3463183.62;;;B3SA3;;;;;;;;2018-03-26;;;;
FIIM;14.120.533/0001-11;CAIXA ETF IBOVESPA FUNDO DE ÍNDICE;2023-06-30;487479;86886807.42;AÇÕES;Ação ordinária;N;Para negociação;0.00;0.00;300.00;2742.00;44580.00;397207.80;;;BRFS3;;;;;;;;2009-12-10;;;;
FIIM;14.120.533/0001-11;CAIXA ETF IBOVESPA FUNDO DE ÍNDICE;2023-06-30;487479;86886807.42;AÇÕES;Ação ordinária;N;Para negociação;0.00;0.00;100.00;3132.00;7800.00;268242.00;;;CPFE3;;;;;;;;2004-09-29;;;;
FIIM;14.120.533/0001-11;CAIXA ETF IBOVESPA FUNDO DE ÍNDICE;2023-06-30;487479;86886807.42;AÇÕES;Ação ordinária;N;Para negociação;0.00;0.00;0.00;0.00;9700.00;289545.00;;;RRRP3;;;;;;;;2020-11-12;;;;
FIIM;14.120.533/0001-11;CAIXA ETF IBOVESPA FUNDO DE ÍNDICE;2023-06-30;487479;86886807.42;AÇÕES;Ação ordinária;N;Para negociação;0.00;0.00;200.00;3600.00;45000.00;850050.00;;;UGPA3;;;;;;;;1999-10-13;;;;
FIIM;14.120.533/0001-11;CAIXA ETF IBOVESPA FUNDO DE ÍNDICE;2023-06-30;487479;86886807.42;AÇÕES;Ação ordinária;N;Para negociação;0.00;0.00;300.00;10002.00;45361.00;1493284.12;;;RDOR3;;;;;;;;2021-06-25;;;;
FIIM;14.120.533/0001-11;CAIXA ETF IBOVESPA FUNDO DE ÍNDICE;2023-06-30;487479;86886807.42;AÇÕES;Ação ordinária;N;Para negociação;0.00;0.00;0.00;0.00;3400.00;148070.00;;;IRBR3;;;;;;;;2017-07-31;;;;
FIIM;14.120.533/0001-11;CAIXA ETF IBOVESPA FUNDO DE ÍNDICE;2023-06-30;487479;86886807.42;AÇÕES;Ação ordinária;N;Para negociação;0.00;0.00;0.00;0.00;12600.00;145782.00;;;MRVE3;;;;;;;;2007-07-23;;;;
FIIM;14.120.533/0001-11;CAIXA ETF IBOVESPA FUNDO DE ÍNDICE;2023-06-30;487479;86886807.42;AÇÕES;Ação ordinária;N;Para negociação;0.00;0.00;100.00;1115.00;10800.00;114804.00;;;BEEF3;;;;;;;;2007-07-20;;;;
FIIM;14.120.533/0001-11;CAIXA ETF IBOVESPA FUNDO DE ÍNDICE;2023-06-30;487479;86886807.42;AÇÕES;Ação ordinária;N;Para negociação;0.00;0.00;0.00;0.00;5900.00;201485.00;;;SMTO3;;;;;;;;2007-02-12;;;;
FIIM;14.120.533/0001-11;CAIXA ETF IBOVESPA FUNDO DE ÍNDICE;2023-06-30;487479;86886807.42;AÇÕES;Ação ordinária;N;Para negociação;0.00;0.00;0.00;0.00;11000.00;304370.00;;;MULT3;;;;;;;;2007-07-27;;;;
FIIM;14.120.533/0001-11;CAIXA ETF IBOVESPA FUNDO DE ÍNDICE;2023-06-30;487479;86886807.42;AÇÕES;Ação ordinária;N;Para negociação;0.00;0.00;100.00;4478.00;10606.00;484588.14;;;EGIE3;;;;;;;;2016-07-21;;;;
FIIM;14.120.533/0001-11;CAIXA ETF IBOVESPA FUNDO DE ÍNDICE;2023-06-30;487479;86886807.42;AÇÕES;Ação ordinária;N;Para negociação;0.00;0.00;600.00;9198.00;181400.00;2795374.00;;;ABEV3;;;;;;;;2013-11-11;;;;
FIIM;14.120.533/0001-11;CAIXA ETF IBOVESPA FUNDO DE ÍNDICE;2023-06-30;487479;86886807.42;AÇÕES;Ação ordinária;N;Para negociação;0.00;0.00;200.00;7080.00;34700.00;1286676.00;;;PRIO3;;;;;;;;2015-06-26;;;;
FIIM;14.120.533/0001-11;CAIXA ETF IBOVESPA FUNDO DE ÍNDICE;2023-06-30;487479;86886807.42;AÇÕES;Ação ordinária;N;Para negociação;0.00;0.00;300.00;11361.00;52200.00;1970550.00;;;WEGE3;;;;;;;;2004-08-02;;;;
FIIM;14.120.533/0001-11;CAIXA ETF IBOVESPA FUNDO DE ÍNDICE;2023-06-30;487479;86886807.42;AÇÕES;Ação ordinária;N;Para negociação;0.00;0.00;200.00;5722.00;48144.00;1425062.40;;;RADL3;;;;;;;;2011-12-19;;;;
FIIM;14.120.533/0001-11;CAIXA ETF IBOVESPA FUNDO DE ÍNDICE;2023-06-30;487479;86886807.42;AÇÕES;Ação ordinária;N;Para negociação;0.00;0.00;0.00;0.00;4390.00;167785.80;;;SLCE3;;;;;;;;2007-06-15;;;;
FIIM;14.120.533/0001-11;CAIXA ETF IBOVESPA FUNDO DE ÍNDICE;2023-06-30;487479;86886807.42;AÇÕES;Ação ordinária;N;Para negociação;0.00;0.00;100.00;5378.00;14100.00;797637.00;;;SBSP3;;;;;;;;1998-02-11;;;;
FIIM;14.120.533/0001-11;CAIXA ETF IBOVESPA FUNDO DE ÍNDICE;2023-06-30;487479;86886807.42;AÇÕES;Ação ordinária;N;Para negociação;0.00;0.00;300.00;1290.00;178923.00;783682.74;;;HAPV3;;;;;;;;2018-04-25;;;;
FIIM;14.120.533/0001-11;CAIXA ETF IBOVESPA FUNDO DE ÍNDICE;2023-06-30;487479;86886807.42;AÇÕES;Ação ordinária;N;Para negociação;0.00;0.00;400.00;1284.00;75160.00;245021.60;;;COGN3;;;;;;;;2019-10-11;;;;
FIIM;14.120.533/0001-11;CAIXA ETF IBOVESPA FUNDO DE ÍNDICE;2023-06-30;487479;86886807.42;AÇÕES;Ação ordinária;N;Para negociação;0.00;0.00;300.00;14658.00;58800.00;2904720.00;;;BBAS3;;;;;;;;1997-09-30;;;;
FIIM;14.120.533/0001-11;CAIXA ETF IBOVESPA FUNDO DE ÍNDICE;2023-06-30;487479;86886807.42;AÇÕES;Ação ordinária;N;Para negociação;0.00;0.00;100.00;2318.00;22013.00;542620.45;;;ALSO3;;;;;;;;2019-08-06;;;;
FIIM;14.120.533/0001-11;CAIXA ETF IBOVESPA FUNDO DE ÍNDICE;2023-06-30;487479;86886807.42;AÇÕES;Ação ordinária;N;Para negociação;0.00;0.00;200.00;2818.00;41300.00;580265.00;;;CCRO3;;;;;;;;2002-02-01;;;;
FIIM;14.120.533/0001-11;CAIXA ETF IBOVESPA FUNDO DE ÍNDICE;2023-06-30;487479;86886807.42;AÇÕES;Ação ordinária;N;Para negociação;0.00;0.00;100.00;930.00;17800.00;152724.00;;;LWSA3;;;;;;;;2020-02-06;;;;
FIIM;14.120.533/0001-11;CAIXA ETF IBOVESPA FUNDO DE ÍNDICE;2023-06-30;487479;86886807.42;AÇÕES;Ação ordinária;N;Para negociação;0.00;0.00;200.00;3572.00;48400.00;864424.00;;;CSAN3;;;;;;;;2005-11-18;;;;
FIIM;14.120.533/0001-11;CAIXA ETF IBOVESPA FUNDO DE ÍNDICE;2023-06-30;487479;86886807.42;AÇÕES;Ação ordinária;N;Para negociação;0.00;0.00;200.00;4590.00;50292.00;1116482.40;;;RAIL3;;;;;;;;2017-03-13;;;;
FIIM;14.120.533/0001-11;CAIXA ETF IBOVESPA FUNDO DE ÍNDICE;2023-06-30;487479;86886807.42;AÇÕES;Ação ordinária;N;Para negociação;0.00;0.00;100.00;1307.00;24400.00;295972.00;;;CSNA3;;;;;;;;1997-12-30;;;;
FIIM;14.120.533/0001-11;CAIXA ETF IBOVESPA FUNDO DE ÍNDICE;2023-06-30;487479;86886807.42;AÇÕES;Ação ordinária;N;Para negociação;0.00;0.00;0.00;0.00;3900.00;71838.00;;;EZTC3;;;;;;;;2007-06-22;;;;
FIIM;14.120.533/0001-11;CAIXA ETF IBOVESPA FUNDO DE ÍNDICE;2023-06-30;487479;86886807.42;AÇÕES;Ação ordinária;N;Para negociação;0.00;0.00;100.00;2344.00;10200.00;240924.00;;;ENBR3;;;;;;;;2005-07-13;;;;
FIIM;14.120.533/0001-11;CAIXA ETF IBOVESPA FUNDO DE ÍNDICE;2023-06-30;487479;86886807.42;AÇÕES;Ação ordinária;N;Para negociação;0.00;0.00;100.00;2990.00;21300.00;638574.00;;;TOTS3;;;;;;;;2006-03-09;;;;
FIIM;14.120.533/0001-11;CAIXA ETF IBOVESPA FUNDO DE ÍNDICE;2023-06-30;487479;86886807.42;AÇÕES;Ação ordinária;N;Para negociação;0.00;0.00;0.00;0.00;12200.00;241804.00;;;YDUQ3;;;;;;;;2019-07-23;;;;
FIIM;14.120.533/0001-11;CAIXA ETF IBOVESPA FUNDO DE ÍNDICE;2023-06-30;487479;86886807.42;AÇÕES;Ação preferencial;N;Para negociação;0.00;0.00;1100.00;31009.00;198772.00;5649100.24;;;ITUB4;;;;;;;;2009-05-20;;;;
FIIM;14.120.533/0001-11;CAIXA ETF IBOVESPA FUNDO DE ÍNDICE;2023-06-30;487479;86886807.42;AÇÕES;Ação preferencial;N;Para negociação;0.00;0.00;100.00;2770.00;11000.00;306460.00;;;BRKM5;;;;;;;;2002-09-02;;;;
FIIM;14.120.533/0001-11;CAIXA ETF IBOVESPA FUNDO DE ÍNDICE;2023-06-30;487479;86886807.42;AÇÕES;Ação preferencial;N;Para negociação;0.00;0.00;0.00;0.00;9000.00;118530.00;;;GOLL4;;;;;;;;2004-06-24;;;;
FIIM;14.120.533/0001-11;CAIXA ETF IBOVESPA FUNDO DE ÍNDICE;2023-06-30;487479;86886807.42;AÇÕES;Ação preferencial;N;Para negociação;0.00;0.00;1000.00;16850.00;212892.00;3502073.40;;;BBDC4;;;;;;;;1998-03-02;;;;
FIIM;14.120.533/0001-11;CAIXA ETF IBOVESPA FUNDO DE ÍNDICE;2023-06-30;487479;86886807.42;AÇÕES;Ação preferencial;N;Para negociação;0.00;0.00;400.00;3160.00;64700.00;536363.00;;;CPLE6;;;;;;;;1998-03-13;;;;
FIIM;14.120.533/0001-11;CAIXA ETF IBOVESPA FUNDO DE ÍNDICE;2023-06-30;487479;86886807.42;AÇÕES;Ação preferencial;N;Para negociação;0.00;0.00;0.00;0.00;10375.00;230428.75;;;BRAP4;;;;;;;;2000-08-10;;;;
FIIM;14.120.533/0001-11;CAIXA ETF IBOVESPA FUNDO DE ÍNDICE;2023-06-30;487479;86886807.42;AÇÕES;Ação preferencial;N;Para negociação;0.00;0.00;700.00;21070.00;188800.00;5575264.00;;;PETR4;;;;;;;;1997-03-24;;;;
FIIM;14.120.533/0001-11;CAIXA ETF IBOVESPA FUNDO DE ÍNDICE;2023-06-30;487479;86886807.42;AÇÕES;Ação preferencial;N;Para negociação;0.00;0.00;400.00;1576.00;49700.00;218680.00;;;RAIZ4;;;;;;;;2021-08-05;;;;
FIIM;14.120.533/0001-11;CAIXA ETF IBOVESPA FUNDO DE ÍNDICE;2023-06-30;487479;86886807.42;AÇÕES;Ação preferencial;N;Para negociação;0.00;0.00;100.00;4444.00;11400.00;507528.00;;;ELET6;;;;;;;;1997-12-16;;;;
FIIM;14.120.533/0001-11;CAIXA ETF IBOVESPA FUNDO DE ÍNDICE;2023-06-30;487479;86886807.42;AÇÕES;Ação preferencial;N;Para negociação;0.00;0.00;100.00;1212.00;27616.00;326421.12;;;GOAU4;;;;;;;;1998-01-02;;;;
FIIM;14.120.533/0001-11;CAIXA ETF IBOVESPA FUNDO DE ÍNDICE;2023-06-30;487479;86886807.42;AÇÕES;Ação preferencial;N;Para negociação;0.00;0.00;100.00;1995.00;13600.00;297296.00;;;AZUL4;;;;;;;;2017-04-11;;;;
FIIM;14.120.533/0001-11;CAIXA ETF IBOVESPA FUNDO DE ÍNDICE;2023-06-30;487479;86886807.42;AÇÕES;Ação preferencial;N;Para negociação;0.00;0.00;300.00;7812.00;45275.00;1135044.25;;;GGBR4;;;;;;;;2001-02-01;;;;
FIIM;14.120.533/0001-11;CAIXA ETF IBOVESPA FUNDO DE ÍNDICE;2023-06-30;487479;86886807.42;AÇÕES;Ação preferencial;N;Para negociação;0.00;0.00;1000.00;9460.00;207692.00;2002150.88;;;ITSA4;;;;;;;;1998-03-04;;;;
FIIM;14.120.533/0001-11;CAIXA ETF IBOVESPA FUNDO DE ÍNDICE;2023-06-30;487479;86886807.42;AÇÕES;Ação preferencial;N;Para negociação;0.00;0.00;100.00;1096.00;8400.00;78120.00;;;ALPA4;;;;;;;;1997-04-28;;;;
FIIM;14.120.533/0001-11;CAIXA ETF IBOVESPA FUNDO DE ÍNDICE;2023-06-30;487479;86886807.42;AÇÕES;Ação preferencial;N;Para negociação;0.00;0.00;300.00;3825.00;59664.00;767279.04;;;CMIG4;;;;;;;;1997-12-26;;;;
FIIM;14.120.533/0001-11;CAIXA ETF IBOVESPA FUNDO DE ÍNDICE;2023-06-30;487479;86886807.42;AÇÕES;Ação preferencial;N;Para negociação;0.00;0.00;100.00;740.00;21292.00;150534.44;;;USIM5;;;;;;;;1999-02-02;;;;
FIIM;14.120.533/0001-11;CAIXA ETF IBOVESPA FUNDO DE ÍNDICE;2023-06-30;487479;86886807.42;CERTIFICADO OU RECIBO DE DEPÓSITO DE VALORES MOBILIÁRIOS;Certificado de depósito de ações;N;Para negociação;0.00;0.00;100.00;4605.00;10300.00;517060.00;;;ENGI11;;;;;;;;2009-11-03;;;;
FIIM;14.120.533/0001-11;CAIXA ETF IBOVESPA FUNDO DE ÍNDICE;2023-06-30;487479;86886807.42;CERTIFICADO OU RECIBO DE DEPÓSITO DE VALORES MOBILIÁRIOS;Certificado de depósito de ações;N;Para negociação;0.00;0.00;0.00;0.00;9000.00;338760.00;;;TAEE11;;;;;;;;2012-05-28;;;;
FIIM;14.120.533/0001-11;CAIXA ETF IBOVESPA FUNDO DE ÍNDICE;2023-06-30;487479;86886807.42;CERTIFICADO OU RECIBO DE DEPÓSITO DE VALORES MOBILIÁRIOS;Certificado de depósito de ações;N;Para negociação;0.00;0.00;0.00;0.00;14690.00;449954.70;;;SANB11;;;;;;;;2009-10-07;;;;
FIIM;14.120.533/0001-11;CAIXA ETF IBOVESPA FUNDO DE ÍNDICE;2023-06-30;487479;86886807.42;CERTIFICADO OU RECIBO DE DEPÓSITO DE VALORES MOBILIÁRIOS;Certificado de depósito de ações;N;Para negociação;0.00;0.00;100.00;2254.00;29000.00;631330.00;;;KLBN11;;;;;;;;2014-01-10;;;;
FIIM;14.120.533/0001-11;CAIXA ETF IBOVESPA FUNDO DE ÍNDICE;2023-06-30;487479;86886807.42;CERTIFICADO OU RECIBO DE DEPÓSITO DE VALORES MOBILIÁRIOS;Certificado de depósito de ações;N;Para negociação;0.00;0.00;100.00;2218.00;8940.00;200434.80;;;IGTI11;;;;;;;;2021-11-22;;;;
FIIM;14.120.533/0001-11;CAIXA ETF IBOVESPA FUNDO DE ÍNDICE;2023-06-30;487479;86886807.42;CERTIFICADO OU RECIBO DE DEPÓSITO DE VALORES MOBILIÁRIOS;Certificado de depósito de ações;N;Para negociação;0.00;0.00;200.00;5770.00;50700.00;1594515.00;;;BPAC11;;;;;;;;2017-02-16;;;;
FIIM;14.120.533/0001-11;CAIXA ETF IBOVESPA FUNDO DE ÍNDICE;2023-06-30;487479;86886807.42;COTAS DE FUNDOS;;S;;16012.52;118820.93;28189.41;209863.21;95941.47;716238.42;;;;;;PJ;5164375000100;FUNDO DE INVESTIMENTO CAIXA MASTER CONSERVADOR RENDA FIXA REFERENCIADO DI LONGO PRAZO;;;;;;;
FIIM;15.562.377/0001-01;ISHARES ÍNDICE CARBONO EFICIENTE (ICO2) BRASIL FUNDO DE ÍNDICE;2023-06-30;488190;30929403.17;AÇÕES;Ação ordinária;N;Para negociação;0.00;0.00;124.00;6054.41;28117.00;1388979.80;;;BBAS3;;;;;;;;1973-05-31;;;;
FIIM;15.562.377/0001-01;ISHARES ÍNDICE CARBONO EFICIENTE (ICO2) BRASIL FUNDO DE ÍNDICE;2023-06-30;488190;30929403.17;AÇÕES;Ação ordinária;N;Para negociação;0.00;0.00;147.00;1765.68;30391.00;417876.25;;;ASAI3;;;;;;;;2021-03-01;;;;
FIIM;15.562.377/0001-01;ISHARES ÍNDICE CARBONO EFICIENTE (ICO2) BRASIL FUNDO DE ÍNDICE;2023-06-30;488190;30929403.17;AÇÕES;Ação ordinária;N;Para negociação;0.00;0.00;109.00;1791.27;25538.00;456108.68;;;CSAN3;;;;;;;;2005-11-18;;;;
FIIM;15.562.377/0001-01;ISHARES ÍNDICE CARBONO EFICIENTE (ICO2) BRASIL FUNDO DE ÍNDICE;2023-06-30;488190;30929403.17;AÇÕES;Ação ordinária;N;Para negociação;0.00;0.00;364.00;940.47;93914.00;201915.10;;;VIIA3;;;;;;;;2021-08-16;;;;
FIIM;15.562.377/0001-01;ISHARES ÍNDICE CARBONO EFICIENTE (ICO2) BRASIL FUNDO DE ÍNDICE;2023-06-30;488190;30929403.17;AÇÕES;Ação ordinária;N;Para negociação;0.00;0.00;34.00;950.30;9171.00;253761.57;;;MULT3;;;;;;;;2007-07-27;;;;
FIIM;15.562.377/0001-01;ISHARES ÍNDICE CARBONO EFICIENTE (ICO2) BRASIL FUNDO DE ÍNDICE;2023-06-30;488190;30929403.17;AÇÕES;Ação ordinária;N;Para negociação;0.00;0.00;63.00;915.39;13107.00;187823.31;;;AURE3;;;;;;;;2022-03-28;;;;
FIIM;15.562.377/0001-01;ISHARES ÍNDICE CARBONO EFICIENTE (ICO2) BRASIL FUNDO DE ÍNDICE;2023-06-30;488190;30929403.17;AÇÕES;Ação ordinária;N;Para negociação;0.00;0.00;129.00;4866.77;29134.00;1099808.50;;;WEGE3;;;;;;;;2004-08-02;;;;
FIIM;15.562.377/0001-01;ISHARES ÍNDICE CARBONO EFICIENTE (ICO2) BRASIL FUNDO DE ÍNDICE;2023-06-30;488190;30929403.17;AÇÕES;Ação ordinária;N;Para negociação;0.00;0.00;83.00;1811.86;20062.00;445376.40;;;RAIL3;;;;;;;;2017-03-13;;;;
FIIM;15.562.377/0001-01;ISHARES ÍNDICE CARBONO EFICIENTE (ICO2) BRASIL FUNDO DE ÍNDICE;2023-06-30;488190;30929403.17;AÇÕES;Ação ordinária;N;Para negociação;0.00;0.00;156.00;2751.33;25101.00;438263.46;;;JBSS3;;;;;;;;2007-03-29;;;;
FIIM;15.562.377/0001-01;ISHARES ÍNDICE CARBONO EFICIENTE (ICO2) BRASIL FUNDO DE ÍNDICE;2023-06-30;488190;30929403.17;AÇÕES;Ação ordinária;N;Para negociação;0.00;0.00;57.00;1919.39;14294.00;470558.48;;;RDOR3;;;;;;;;2021-06-25;;;;
FIIM;15.562.377/0001-01;ISHARES ÍNDICE CARBONO EFICIENTE (ICO2) BRASIL FUNDO DE ÍNDICE;2023-06-30;488190;30929403.17;AÇÕES;Ação ordinária;N;Para negociação;0.00;0.00;41.00;1885.67;10406.00;460153.32;;;SUZB3;;;;;;;;2004-08-05;;;;
FIIM;15.562.377/0001-01;ISHARES ÍNDICE CARBONO EFICIENTE (ICO2) BRASIL FUNDO DE ÍNDICE;2023-06-30;488190;30929403.17;AÇÕES;Ação ordinária;N;Para negociação;0.00;0.00;102.00;1877.75;26482.00;500244.98;;;UGPA3;;;;;;;;1999-10-13;;;;
FIIM;15.562.377/0001-01;ISHARES ÍNDICE CARBONO EFICIENTE (ICO2) BRASIL FUNDO DE ÍNDICE;2023-06-30;488190;30929403.17;AÇÕES;Ação ordinária;N;Para negociação;0.00;0.00;0.00;0.00;2067.00;21765.51;;;MOVI3;;;;;;;;2017-02-08;;;;
FIIM;15.562.377/0001-01;ISHARES ÍNDICE CARBONO EFICIENTE (ICO2) BRASIL FUNDO DE ÍNDICE;2023-06-30;488190;30929403.17;AÇÕES;Ação ordinária;N;Para negociação;0.00;0.00;0.00;0.00;1789.00;21664.79;;;VAMO3;;;;;;;;2021-01-29;;;;
FIIM;15.562.377/0001-01;ISHARES ÍNDICE CARBONO EFICIENTE (ICO2) BRASIL FUNDO DE ÍNDICE;2023-06-30;488190;30929403.17;AÇÕES;Ação ordinária;N;Para negociação;0.00;0.00;0.00;0.00;11782.00;54079.38;;;CIEL3;;;;;;;;2009-12-18;;;;
FIIM;15.562.377/0001-01;ISHARES ÍNDICE CARBONO EFICIENTE (ICO2) BRASIL FUNDO DE ÍNDICE;2023-06-30;488190;30929403.17;AÇÕES;Ação ordinária;N;Para negociação;0.00;0.00;0.00;0.00;2734.00;13779.36;;;CBAV3;;;;;;;;2021-07-15;;;;
FIIM;15.562.377/0001-01;ISHARES ÍNDICE CARBONO EFICIENTE (ICO2) BRASIL FUNDO DE ÍNDICE;2023-06-30;488190;30929403.17;AÇÕES;Ação ordinária;N;Para negociação;0.00;0.00;22.00;952.14;5015.00;216999.05;;;VIVT3;;;;;;;;2011-10-06;;;;
FIIM;15.562.377/0001-01;ISHARES ÍNDICE CARBONO EFICIENTE (ICO2) BRASIL FUNDO DE ÍNDICE;2023-06-30;488190;30929403.17;AÇÕES;Ação ordinária;N;Para negociação;0.00;0.00;61.00;1823.73;13798.00;413664.04;;;TOTS3;;;;;;;;2006-03-09;;;;
FIIM;15.562.377/0001-01;ISHARES ÍNDICE CARBONO EFICIENTE (ICO2) BRASIL FUNDO DE ÍNDICE;2023-06-30;488190;30929403.17;AÇÕES;Ação ordinária;N;Para negociação;0.00;0.00;109.00;3143.90;26777.00;792599.20;;;RADL3;;;;;;;;2011-12-19;;;;
FIIM;15.562.377/0001-01;ISHARES ÍNDICE CARBONO EFICIENTE (ICO2) BRASIL FUNDO DE ÍNDICE;2023-06-30;488190;30929403.17;AÇÕES;Ação ordinária;N;Para negociação;0.00;0.00;127.00;947.95;23201.00;168671.27;;;MRFG3;;;;;;;;2007-06-28;;;;
FIIM;15.562.377/0001-01;ISHARES ÍNDICE CARBONO EFICIENTE (ICO2) BRASIL FUNDO DE ÍNDICE;2023-06-30;488190;30929403.17;AÇÕES;Ação ordinária;N;Para negociação;0.00;0.00;162.00;2865.03;28747.00;518883.35;;;VBBR3;;;;;;;;2021-10-22;;;;
FIIM;15.562.377/0001-01;ISHARES ÍNDICE CARBONO EFICIENTE (ICO2) BRASIL FUNDO DE ÍNDICE;2023-06-30;488190;30929403.17;AÇÕES;Ação ordinária;N;Para negociação;0.00;0.00;206.00;2960.64;36550.00;535092.00;;;BBDC3;;;;;;;;1973-12-06;;;;
FIIM;15.562.377/0001-01;ISHARES ÍNDICE CARBONO EFICIENTE (ICO2) BRASIL FUNDO DE ÍNDICE;2023-06-30;488190;30929403.17;AÇÕES;Ação ordinária;N;Para negociação;0.00;0.00;572.00;1801.30;90679.00;295613.54;;;COGN3;;;;;;;;2019-10-11;;;;
FIIM;15.562.377/0001-01;ISHARES ÍNDICE CARBONO EFICIENTE (ICO2) BRASIL FUNDO DE ÍNDICE;2023-06-30;488190;30929403.17;AÇÕES;Ação ordinária;N;Para negociação;0.00;0.00;127.00;2001.86;25874.00;433130.76;;;NTCO3;;;;;;;;2019-12-18;;;;
FIIM;15.562.377/0001-01;ISHARES ÍNDICE CARBONO EFICIENTE (ICO2) BRASIL FUNDO DE ÍNDICE;2023-06-30;488190;30929403.17;AÇÕES;Ação ordinária;N;Para negociação;0.00;0.00;160.00;6192.07;36008.00;1431318.00;;;ELET3;;;;;;;;1983-09-01;;;;
FIIM;15.562.377/0001-01;ISHARES ÍNDICE CARBONO EFICIENTE (ICO2) BRASIL FUNDO DE ÍNDICE;2023-06-30;488190;30929403.17;AÇÕES;Ação ordinária;N;Para negociação;0.00;0.00;0.00;0.00;974.00;37226.28;;;SLCE3;;;;;;;;2007-06-15;;;;
FIIM;15.562.377/0001-01;ISHARES ÍNDICE CARBONO EFICIENTE (ICO2) BRASIL FUNDO DE ÍNDICE;2023-06-30;488190;30929403.17;AÇÕES;Ação ordinária;N;Para negociação;0.00;0.00;0.00;0.00;4561.00;55963.47;;;ENEV3;;;;;;;;2013-10-22;;;;
FIIM;15.562.377/0001-01;ISHARES ÍNDICE CARBONO EFICIENTE (ICO2) BRASIL FUNDO DE ÍNDICE;2023-06-30;488190;30929403.17;AÇÕES;Ação ordinária;N;Para negociação;0.00;0.00;0.00;0.00;652.00;27755.64;;;MDIA3;;;;;;;;2006-10-18;;;;
FIIM;15.562.377/0001-01;ISHARES ÍNDICE CARBONO EFICIENTE (ICO2) BRASIL FUNDO DE ÍNDICE;2023-06-30;488190;30929403.17;AÇÕES;Ação ordinária;N;Para negociação;0.00;0.00;500.00;7303.29;112814.00;1648212.54;;;B3SA3;;;;;;;;2018-03-26;;;;
FIIM;15.562.377/0001-01;ISHARES ÍNDICE CARBONO EFICIENTE (ICO2) BRASIL FUNDO DE ÍNDICE;2023-06-30;488190;30929403.17;AÇÕES;Ação ordinária;N;Para negociação;0.00;0.00;34.00;934.66;7816.00;219785.92;;;PSSA3;;;;;;;;2004-11-22;;;;
FIIM;15.562.377/0001-01;ISHARES ÍNDICE CARBONO EFICIENTE (ICO2) BRASIL FUNDO DE ÍNDICE;2023-06-30;488190;30929403.17;AÇÕES;Ação ordinária;N;Para negociação;0.00;0.00;487.00;1803.83;86669.00;292074.53;;;MGLU3;;;;;;;;2011-05-02;;;;
FIIM;15.562.377/0001-01;ISHARES ÍNDICE CARBONO EFICIENTE (ICO2) BRASIL FUNDO DE ÍNDICE;2023-06-30;488190;30929403.17;AÇÕES;Ação ordinária;N;Para negociação;0.00;0.00;348.00;5216.82;85458.00;1316907.78;;;ABEV3;;;;;;;;2013-11-11;;;;
FIIM;15.562.377/0001-01;ISHARES ÍNDICE CARBONO EFICIENTE (ICO2) BRASIL FUNDO DE ÍNDICE;2023-06-30;488190;30929403.17;AÇÕES;Ação ordinária;N;Para negociação;0.00;0.00;0.00;0.00;3824.00;44243.68;;;MRVE3;;;;;;;;2007-07-23;;;;
FIIM;15.562.377/0001-01;ISHARES ÍNDICE CARBONO EFICIENTE (ICO2) BRASIL FUNDO DE ÍNDICE;2023-06-30;488190;30929403.17;AÇÕES;Ação ordinária;N;Para negociação;0.00;0.00;210.00;1858.12;34330.00;305880.30;;;BRFS3;;;;;;;;2009-12-10;;;;
FIIM;15.562.377/0001-01;ISHARES ÍNDICE CARBONO EFICIENTE (ICO2) BRASIL FUNDO DE ÍNDICE;2023-06-30;488190;30929403.17;AÇÕES;Ação ordinária;N;Para negociação;0.00;0.00;127.00;1771.81;25796.00;362433.80;;;CCRO3;;;;;;;;2002-02-01;;;;
FIIM;15.562.377/0001-01;ISHARES ÍNDICE CARBONO EFICIENTE (ICO2) BRASIL FUNDO DE ÍNDICE;2023-06-30;488190;30929403.17;AÇÕES;Ação ordinária;N;Para negociação;0.00;0.00;0.00;0.00;1845.00;34519.95;;;PCAR3;;;;;;;;1995-10-03;;;;
FIIM;15.562.377/0001-01;ISHARES ÍNDICE CARBONO EFICIENTE (ICO2) BRASIL FUNDO DE ÍNDICE;2023-06-30;488190;30929403.17;AÇÕES;Ação ordinária;N;Para negociação;0.00;0.00;82.00;936.78;16222.00;172439.86;;;BEEF3;;;;;;;;2007-07-20;;;;
FIIM;15.562.377/0001-01;ISHARES ÍNDICE CARBONO EFICIENTE (ICO2) BRASIL FUNDO DE ÍNDICE;2023-06-30;488190;30929403.17;AÇÕES;Ação ordinária;N;Para negociação;0.00;0.00;0.00;0.00;4377.00;103384.74;;;ENBR3;;;;;;;;2005-07-13;;;;
FIIM;15.562.377/0001-01;ISHARES ÍNDICE CARBONO EFICIENTE (ICO2) BRASIL FUNDO DE ÍNDICE;2023-06-30;488190;30929403.17;AÇÕES;Ação ordinária;N;Para negociação;0.00;0.00;95.00;838.85;10388.00;86739.80;;;DXCO3;;;;;;;;2021-08-19;;;;
FIIM;15.562.377/0001-01;ISHARES ÍNDICE CARBONO EFICIENTE (ICO2) BRASIL FUNDO DE ÍNDICE;2023-06-30;488190;30929403.17;AÇÕES;Ação ordinária;N;Para negociação;0.00;0.00;50.00;952.44;20209.00;400542.38;;;YDUQ3;;;;;;;;2019-07-23;;;;
FIIM;15.562.377/0001-01;ISHARES ÍNDICE CARBONO EFICIENTE (ICO2) BRASIL FUNDO DE ÍNDICE;2023-06-30;488190;30929403.17;AÇÕES;Ação ordinária;N;Para negociação;0.00;0.00;0.00;0.00;19760.00;82596.80;;;CMIN3;;;;;;;;2021-05-03;;;;
FIIM;15.562.377/0001-01;ISHARES ÍNDICE CARBONO EFICIENTE (ICO2) BRASIL FUNDO DE ÍNDICE;2023-06-30;488190;30929403.17;AÇÕES;Ação ordinária;N;Para negociação;0.00;0.00;0.00;0.00;2921.00;35052.00;;;SOMA3;;;;;;;;2020-07-31;;;;
FIIM;15.562.377/0001-01;ISHARES ÍNDICE CARBONO EFICIENTE (ICO2) BRASIL FUNDO DE ÍNDICE;2023-06-30;488190;30929403.17;AÇÕES;Ação ordinária;N;Para negociação;0.00;0.00;131.00;912.38;25971.00;168811.50;;;ECOR3;;;;;;;;2010-04-01;;;;
FIIM;15.562.377/0001-01;ISHARES ÍNDICE CARBONO EFICIENTE (ICO2) BRASIL FUNDO DE ÍNDICE;2023-06-30;488190;30929403.17;AÇÕES;Ação ordinária;N;Para negociação;0.00;0.00;12.00;897.84;2925.00;231279.75;;;ARZZ3;;;;;;;;2011-02-02;;;;
FIIM;15.562.377/0001-01;ISHARES ÍNDICE CARBONO EFICIENTE (ICO2) BRASIL FUNDO DE ÍNDICE;2023-06-30;488190;30929403.17;AÇÕES;Ação ordinária;N;Para negociação;0.00;0.00;62.00;4163.81;14590.00;999415.00;;;RENT3;;;;;;;;2005-05-23;;;;
FIIM;15.562.377/0001-01;ISHARES ÍNDICE CARBONO EFICIENTE (ICO2) BRASIL FUNDO DE ÍNDICE;2023-06-30;488190;30929403.17;AÇÕES;Ação ordinária;N;Para negociação;0.00;0.00;0.00;0.00;7866.00;95414.58;;;CSNA3;;;;;;;;1993-08-02;;;;
FIIM;15.562.377/0001-01;ISHARES ÍNDICE CARBONO EFICIENTE (ICO2) BRASIL FUNDO DE ÍNDICE;2023-06-30;488190;30929403.17;AÇÕES;Ação ordinária;N;Para negociação;0.00;0.00;0.00;0.00;1019.00;34798.85;;;SMTO3;;;;;;;;2007-02-12;;;;
FIIM;15.562.377/0001-01;ISHARES ÍNDICE CARBONO EFICIENTE (ICO2) BRASIL FUNDO DE ÍNDICE;2023-06-30;488190;30929403.17;AÇÕES;Ação ordinária;N;Para negociação;0.00;0.00;21.00;870.45;4573.00;210403.73;;;HYPE3;;;;;;;;2008-04-18;;;;
FIIM;15.562.377/0001-01;ISHARES ÍNDICE CARBONO EFICIENTE (ICO2) BRASIL FUNDO DE ÍNDICE;2023-06-30;488190;30929403.17;AÇÕES;Ação ordinária;N;Para negociação;0.00;0.00;88.00;1307.86;22727.00;332268.74;;;TIMS3;;;;;;;;2020-10-13;;;;
FIIM;15.562.377/0001-01;ISHARES ÍNDICE CARBONO EFICIENTE (ICO2) BRASIL FUNDO DE ÍNDICE;2023-06-30;488190;30929403.17;AÇÕES;Ação ordinária;N;Para negociação;0.00;0.00;116.00;2268.80;18936.00;351073.44;;;EMBR3;;;;;;;;1989-08-28;;;;
FIIM;15.562.377/0001-01;ISHARES ÍNDICE CARBONO EFICIENTE (ICO2) BRASIL FUNDO DE ÍNDICE;2023-06-30;488190;30929403.17;AÇÕES;Ação ordinária;N;Para negociação;0.00;0.00;93.00;3160.43;23341.00;772587.10;;;PETR3;;;;;;;;1973-09-18;;;;
FIIM;15.562.377/0001-01;ISHARES ÍNDICE CARBONO EFICIENTE (ICO2) BRASIL FUNDO DE ÍNDICE;2023-06-30;488190;30929403.17;AÇÕES;Ação ordinária;N;Para negociação;0.00;0.00;21.00;953.46;2460.00;112397.40;;;EGIE3;;;;;;;;2016-07-21;;;;
FIIM;15.562.377/0001-01;ISHARES ÍNDICE CARBONO EFICIENTE (ICO2) BRASIL FUNDO DE ÍNDICE;2023-06-30;488190;30929403.17;AÇÕES;Ação ordinária;N;Para negociação;0.00;0.00;62.00;966.44;16022.00;257153.10;;;FLRY3;;;;;;;;2009-12-17;;;;
FIIM;15.562.377/0001-01;ISHARES ÍNDICE CARBONO EFICIENTE (ICO2) BRASIL FUNDO DE ÍNDICE;2023-06-30;488190;30929403.17;AÇÕES;Ação ordinária;N;Para negociação;0.00;0.00;92.00;928.28;25991.00;264068.56;;;STBP3;;;;;;;;2007-11-21;;;;
FIIM;15.562.377/0001-01;ISHARES ÍNDICE CARBONO EFICIENTE (ICO2) BRASIL FUNDO DE ÍNDICE;2023-06-30;488190;30929403.17;AÇÕES;Ação ordinária;N;Para negociação;0.00;0.00;29.00;924.36;5879.00;202178.81;;;CPFE3;;;;;;;;2004-09-29;;;;
FIIM;15.562.377/0001-01;ISHARES ÍNDICE CARBONO EFICIENTE (ICO2) BRASIL FUNDO DE ÍNDICE;2023-06-30;488190;30929403.17;AÇÕES;Ação ordinária;N;Para negociação;0.00;0.00;50.00;928.67;10236.00;188547.12;;;EZTC3;;;;;;;;2007-06-22;;;;
FIIM;15.562.377/0001-01;ISHARES ÍNDICE CARBONO EFICIENTE (ICO2) BRASIL FUNDO DE ÍNDICE;2023-06-30;488190;30929403.17;AÇÕES;Ação ordinária;N;Para negociação;0.00;0.00;95.00;1977.23;24624.00;492480.00;;;LREN3;;;;;;;;1973-07-24;;;;
FIIM;15.562.377/0001-01;ISHARES ÍNDICE CARBONO EFICIENTE (ICO2) BRASIL FUNDO DE ÍNDICE;2023-06-30;488190;30929403.17;AÇÕES;Ação preferencial;N;Para negociação;0.00;0.00;0.00;0.00;1627.00;21427.59;;;GOLL4;;;;;;;;2004-06-24;;;;
FIIM;15.562.377/0001-01;ISHARES ÍNDICE CARBONO EFICIENTE (ICO2) BRASIL FUNDO DE ÍNDICE;2023-06-30;488190;30929403.17;AÇÕES;Ação preferencial;N;Para negociação;0.00;0.00;112.00;2831.59;19505.00;488990.35;;;GGBR4;;;;;;;;2001-02-01;;;;
FIIM;15.562.377/0001-01;ISHARES ÍNDICE CARBONO EFICIENTE (ICO2) BRASIL FUNDO DE ÍNDICE;2023-06-30;488190;30929403.17;AÇÕES;Ação preferencial;N;Para negociação;0.00;0.00;118.00;929.52;34794.00;288442.26;;;CPLE6;;;;;;;;1996-11-14;;;;
FIIM;15.562.377/0001-01;ISHARES ÍNDICE CARBONO EFICIENTE (ICO2) BRASIL FUNDO DE ÍNDICE;2023-06-30;488190;30929403.17;AÇÕES;Ação preferencial;N;Para negociação;0.00;0.00;146.00;1774.52;32865.00;422643.90;;;CMIG4;;;;;;;;1973-08-20;;;;
FIIM;15.562.377/0001-01;ISHARES ÍNDICE CARBONO EFICIENTE (ICO2) BRASIL FUNDO DE ÍNDICE;2023-06-30;488190;30929403.17;AÇÕES;Ação preferencial;N;Para negociação;0.00;0.00;231.00;916.84;53683.00;236205.20;;;RAIZ4;;;;;;;;2021-08-05;;;;
FIIM;15.562.377/0001-01;ISHARES ÍNDICE CARBONO EFICIENTE (ICO2) BRASIL FUNDO DE ÍNDICE;2023-06-30;488190;30929403.17;AÇÕES;Ação preferencial;N;Para negociação;0.00;0.00;0.00;0.00;2579.00;56376.94;;;AZUL4;;;;;;;;2017-04-11;;;;
FIIM;15.562.377/0001-01;ISHARES ÍNDICE CARBONO EFICIENTE (ICO2) BRASIL FUNDO DE ÍNDICE;2023-06-30;488190;30929403.17;AÇÕES;Ação preferencial;N;Para negociação;0.00;0.00;96.00;930.24;16344.00;157556.16;;;ITSA4;;;;;;;;1973-09-17;;;;
FIIM;15.562.377/0001-01;ISHARES ÍNDICE CARBONO EFICIENTE (ICO2) BRASIL FUNDO DE ÍNDICE;2023-06-30;488190;30929403.17;AÇÕES;Ação preferencial;N;Para negociação;0.00;0.00;127.00;903.07;9256.00;65439.92;;;USIM5;;;;;;;;1999-02-02;;;;
FIIM;15.562.377/0001-01;ISHARES ÍNDICE CARBONO EFICIENTE (ICO2) BRASIL FUNDO DE ÍNDICE;2023-06-30;488190;30929403.17;AÇÕES;Ação preferencial;N;Para negociação;0.00;0.00;400.00;11333.52;90320.00;2566894.40;;;ITUB4;;;;;;;;2009-05-20;;;;
FIIM;15.562.377/0001-01;ISHARES ÍNDICE CARBONO EFICIENTE (ICO2) BRASIL FUNDO DE ÍNDICE;2023-06-30;488190;30929403.17;AÇÕES;Ação preferencial;N;Para negociação;0.00;0.00;37.00;942.02;7078.00;179498.08;;;TRPL4;;;;;;;;1999-07-26;;;;
FIIM;15.562.377/0001-01;ISHARES ÍNDICE CARBONO EFICIENTE (ICO2) BRASIL FUNDO DE ÍNDICE;2023-06-30;488190;30929403.17;AÇÕES;Ação preferencial;N;Para negociação;0.00;0.00;21.00;943.53;4915.00;218815.80;;;ELET6;;;;;;;;1974-11-13;;;;
FIIM;15.562.377/0001-01;ISHARES ÍNDICE CARBONO EFICIENTE (ICO2) BRASIL FUNDO DE ÍNDICE;2023-06-30;488190;30929403.17;AÇÕES;Ação preferencial;N;Para negociação;0.00;0.00;445.00;7423.65;100551.00;1654063.95;;;BBDC4;;;;;;;;1973-12-06;;;;
FIIM;15.562.377/0001-01;ISHARES ÍNDICE CARBONO EFICIENTE (ICO2) BRASIL FUNDO DE ÍNDICE;2023-06-30;488190;30929403.17;AÇÕES;Ação preferencial;N;Para negociação;0.00;0.00;118.00;3447.12;28794.00;850286.82;;;PETR4;;;;;;;;1973-09-18;;;;
FIIM;15.562.377/0001-01;ISHARES ÍNDICE CARBONO EFICIENTE (ICO2) BRASIL FUNDO DE ÍNDICE;2023-06-30;488190;30929403.17;AÇÕES;Ação preferencial;N;Para negociação;0.00;0.00;0.00;0.00;4218.00;117513.48;;;BRKM5;;;;;;;;2002-09-02;;;;
FIIM;15.562.377/0001-01;ISHARES ÍNDICE CARBONO EFICIENTE (ICO2) BRASIL FUNDO DE ÍNDICE;2023-06-30;488190;30929403.17;DISPONIBILIDADES;Outros;;Para negociação;;;;;;13008.06;;;;Disponibilidade;;;;;;;;;;;
FIIM;15.562.377/0001-01;ISHARES ÍNDICE CARBONO EFICIENTE (ICO2) BRASIL FUNDO DE ÍNDICE;2023-06-30;488190;30929403.17;VALORES A PAGAR;Outros;;Para negociação;;;;;;68285.68;;;;Valores a Pagar;;;;;;;;;;;
FIIM;15.562.377/0001-01;ISHARES ÍNDICE CARBONO EFICIENTE (ICO2) BRASIL FUNDO DE ÍNDICE;2023-06-30;488190;30929403.17;VALORES A RECEBER;Outros;;Para negociação;;;;;;355291.19;;;;Valores a Receber;;;;;;;;;;;
FIIM;15.562.377/0001-01;ISHARES ÍNDICE CARBONO EFICIENTE (ICO2) BRASIL FUNDO DE ÍNDICE;2023-06-30;488190;30929403.17;AÇÕES E OUTROS TVM CEDIDOS EM EMPRÉSTIMO;Certificado de depósito de ações;N;Para negociação;;;;;27163.00;854276.35;;;;BPAC11;;PJ;30306294000145;BANCO BTG PACTUAL S.A.;;;;;;;
FIIM;15.562.377/0001-01;ISHARES ÍNDICE CARBONO EFICIENTE (ICO2) BRASIL FUNDO DE ÍNDICE;2023-06-30;488190;30929403.17;OPERAÇÕES COMPROMISSADAS;;N;Para negociação;;;;;22.00;92239.49;;;;;2045-05-15;;;;;760199;;;;;
FIIM;15.562.377/0001-01;ISHARES ÍNDICE CARBONO EFICIENTE (ICO2) BRASIL FUNDO DE ÍNDICE;2023-06-30;488190;30929403.17;CERTIFICADO OU RECIBO DE DEPÓSITO DE VALORES MOBILIÁRIOS;Certificado de depósito de ações;N;Para negociação;;;;;10900.00;333867.00;;;SANB11;;;;;;;;2009-10-07;;;;
FIIM;15.562.377/0001-01;ISHARES ÍNDICE CARBONO EFICIENTE (ICO2) BRASIL FUNDO DE ÍNDICE;2023-06-30;488190;30929403.17;CERTIFICADO OU RECIBO DE DEPÓSITO DE VALORES MOBILIÁRIOS;Certificado de depósito de ações;N;Para negociação;;;;;6342.00;318368.40;;;ENGI11;;;;;;;;2009-11-03;;;;
FIIM;15.562.377/0001-01;ISHARES ÍNDICE CARBONO EFICIENTE (ICO2) BRASIL FUNDO DE ÍNDICE;2023-06-30;488190;30929403.17;CERTIFICADO OU RECIBO DE DEPÓSITO DE VALORES MOBILIÁRIOS;Certificado de depósito de ações;N;Para negociação;;;;;12446.00;270949.42;;;KLBN11;;;;;;;;2014-01-10;;;;
FIIM;15.562.377/0001-01;ISHARES ÍNDICE CARBONO EFICIENTE (ICO2) BRASIL FUNDO DE ÍNDICE;2023-06-30;488190;30929403.17;CERTIFICADO OU RECIBO DE DEPÓSITO DE VALORES MOBILIÁRIOS;Certificado de depósito de ações;N;Para negociação;;;;;5232.00;196932.48;;;TAEE11;;;;;;;;2012-05-28;;;;
FIIM;15.562.377/0001-01;ISHARES ÍNDICE CARBONO EFICIENTE (ICO2) BRASIL FUNDO DE ÍNDICE;2023-06-30;488190;30929403.17;CERTIFICADO OU RECIBO DE DEPÓSITO DE VALORES MOBILIÁRIOS;Certificado de depósito de ações;N;Para negociação;;;;;2758.00;61834.36;;;IGTI11;;;;;;;;2021-11-22;;;;
FIIM;17.036.289/0001-00;IT NOW S&P500® TRN FUNDO DE ÍNDICE;2023-06-30;487656;560806438.42;DISPONIBILIDADES;Outros;;Para negociação;;;;;;6455928.06;;;;DISPONIBILIDADES;;;;;;;;;;;
FIIM;17.036.289/0001-00;IT NOW S&P500® TRN FUNDO DE ÍNDICE;2023-06-30;487656;560806438.42;VALORES A PAGAR;Outros;;Para negociação;;;;;;7286609.14;;;;VALORES A PAGAR;;;;;;;;;;;
FIIM;17.036.289/0001-00;IT NOW S&P500® TRN FUNDO DE ÍNDICE;2023-06-30;487656;560806438.42;VALORES A RECEBER;Outros;;Para negociação;;;;;;2497028.86;;;;VALORES A RECEBER;;;;;;;;;;;
FIIM;17.036.289/0001-00;IT NOW S&P500® TRN FUNDO DE ÍNDICE;2023-06-30;487656;560806438.42;INVESTIMENTO NO EXTERIOR;Ação ordinária;N;Para negociação;100.00;39961.00;0.00;0.00;286850.00;559140090.64;;;1;;2049-12-31;;;VANGUARD S&P 500 ETF - 286850;N;;;28;ESTADOS UNIDOS DA AMÉRICA;99;OUTRAS BOLSAS OU MERCADOS DE BALCÃO ORGANIZADOS
FIIM;17.817.528/0001-50;BB ETF S&P DIVIDENDOS BRASIL FUNDO DE ÍNDICE;2023-06-30;491715;9719665.96;AÇÕES;Ação ordinária;N;Para negociação;0.00;0.00;0.00;0.00;12600.00;247590.00;;;DIRR3;;;;;;;;2009-11-19;;;;
FIIM;17.817.528/0001-50;BB ETF S&P DIVIDENDOS BRASIL FUNDO DE ÍNDICE;2023-06-30;491715;9719665.96;AÇÕES;Ação ordinária;S;Para negociação;0.00;0.00;0.00;0.00;7200.00;355680.00;;;BBAS3;;;;;;;;1997-09-30;;;;
FIIM;17.817.528/0001-50;BB ETF S&P DIVIDENDOS BRASIL FUNDO DE ÍNDICE;2023-06-30;491715;9719665.96;AÇÕES;Ação ordinária;N;Para negociação;0.00;0.00;0.00;0.00;3890.00;148675.80;;;SLCE3;;;;;;;;2007-06-15;;;;
FIIM;17.817.528/0001-50;BB ETF S&P DIVIDENDOS BRASIL FUNDO DE ÍNDICE;2023-06-30;491715;9719665.96;AÇÕES;Ação ordinária;N;Para negociação;0.00;0.00;0.00;0.00;30300.00;272397.00;;;SIMH3;;;;;;;;2020-09-18;;;;
FIIM;17.817.528/0001-50;BB ETF S&P DIVIDENDOS BRASIL FUNDO DE ÍNDICE;2023-06-30;491715;9719665.96;AÇÕES;Ação ordinária;N;Para negociação;0.00;0.00;0.00;0.00;15500.00;366110.00;;;ENBR3;;;;;;;;2005-07-13;;;;
FIIM;17.817.528/0001-50;BB ETF S&P DIVIDENDOS BRASIL FUNDO DE ÍNDICE;2023-06-30;491715;9719665.96;AÇÕES;Ação ordinária;N;Para negociação;0.00;0.00;0.00;0.00;2356.00;151302.32;;;VALE3;;;;;;;;1997-07-24;;;;
FIIM;17.817.528/0001-50;BB ETF S&P DIVIDENDOS BRASIL FUNDO DE ÍNDICE;2023-06-30;491715;9719665.96;AÇÕES;Ação ordinária;N;Para negociação;0.00;0.00;0.00;0.00;11700.00;215514.00;;;EZTC3;;;;;;;;2007-06-22;;;;
FIIM;17.817.528/0001-50;BB ETF S&P DIVIDENDOS BRASIL FUNDO DE ÍNDICE;2023-06-30;491715;9719665.96;AÇÕES;Ação ordinária;S;Para negociação;0.00;0.00;0.00;0.00;7400.00;227698.00;;;BBSE3;;;;;;;;2013-04-29;;;;
FIIM;17.817.528/0001-50;BB ETF S&P DIVIDENDOS BRASIL FUNDO DE ÍNDICE;2023-06-30;491715;9719665.96;AÇÕES;Ação ordinária;N;Para negociação;0.00;0.00;0.00;0.00;12300.00;261129.00;;;NEOE3;;;;;;;;2017-10-05;;;;
FIIM;17.817.528/0001-50;BB ETF S&P DIVIDENDOS BRASIL FUNDO DE ÍNDICE;2023-06-30;491715;9719665.96;AÇÕES;Ação ordinária;N;Para negociação;0.00;0.00;0.00;0.00;10700.00;164887.00;;;ABEV3;;;;;;;;2013-11-11;;;;
FIIM;17.817.528/0001-50;BB ETF S&P DIVIDENDOS BRASIL FUNDO DE ÍNDICE;2023-06-30;491715;9719665.96;AÇÕES;Ação ordinária;N;Para negociação;0.00;0.00;0.00;0.00;4600.00;157090.00;;;SMTO3;;;;;;;;2007-02-12;;;;
FIIM;17.817.528/0001-50;BB ETF S&P DIVIDENDOS BRASIL FUNDO DE ÍNDICE;2023-06-30;491715;9719665.96;AÇÕES;Ação ordinária;N;Para negociação;0.00;0.00;0.00;0.00;9700.00;333583.00;;;CPFE3;;;;;;;;2004-09-29;;;;
FIIM;17.817.528/0001-50;BB ETF S&P DIVIDENDOS BRASIL FUNDO DE ÍNDICE;2023-06-30;491715;9719665.96;AÇÕES;Ação ordinária;N;Para negociação;0.00;0.00;0.00;0.00;16400.00;286344.00;;;JBSS3;;;;;;;;2007-03-29;;;;
FIIM;17.817.528/0001-50;BB ETF S&P DIVIDENDOS BRASIL FUNDO DE ÍNDICE;2023-06-30;491715;9719665.96;AÇÕES;Ação ordinária;N;Para negociação;0.00;0.00;0.00;0.00;24700.00;250952.00;;;STBP3;;;;;;;;2007-11-21;;;;
FIIM;17.817.528/0001-50;BB ETF S&P DIVIDENDOS BRASIL FUNDO DE ÍNDICE;2023-06-30;491715;9719665.96;AÇÕES;Ação ordinária;N;Para negociação;0.00;0.00;0.00;0.00;22780.00;190213.00;;;DXCO3;;;;;;;;2021-08-19;;;;
FIIM;17.817.528/0001-50;BB ETF S&P DIVIDENDOS BRASIL FUNDO DE ÍNDICE;2023-06-30;491715;9719665.96;AÇÕES;Ação preferencial;N;Para negociação;0.00;0.00;0.00;0.00;12796.00;284199.16;;;BRAP4;;;;;;;;2000-08-10;;;;
FIIM;17.817.528/0001-50;BB ETF S&P DIVIDENDOS BRASIL FUNDO DE ÍNDICE;2023-06-30;491715;9719665.96;AÇÕES;Ação preferencial;N;Para negociação;0.00;0.00;0.00;0.00;34600.00;244622.00;;;USIM5;;;;;;;;1999-02-02;;;;
FIIM;17.817.528/0001-50;BB ETF S&P DIVIDENDOS BRASIL FUNDO DE ÍNDICE;2023-06-30;491715;9719665.96;AÇÕES;Ação preferencial;N;Para negociação;0.00;0.00;0.00;0.00;61700.00;321457.00;;;POMO4;;;;;;;;1997-12-12;;;;
FIIM;17.817.528/0001-50;BB ETF S&P DIVIDENDOS BRASIL FUNDO DE ÍNDICE;2023-06-30;491715;9719665.96;AÇÕES;Ação preferencial;N;Para negociação;0.00;0.00;0.00;0.00;4400.00;213268.00;;;FESA4;;;;;;;;1997-05-02;;;;
FIIM;17.817.528/0001-50;BB ETF S&P DIVIDENDOS BRASIL FUNDO DE ÍNDICE;2023-06-30;491715;9719665.96;AÇÕES;Ação preferencial;N;Para negociação;0.00;0.00;0.00;0.00;30485.00;392037.10;;;CMIG4;;;;;;;;1997-12-26;;;;
FIIM;17.817.528/0001-50;BB ETF S&P DIVIDENDOS BRASIL FUNDO DE ÍNDICE;2023-06-30;491715;9719665.96;AÇÕES;Ação preferencial;N;Para negociação;0.00;0.00;0.00;0.00;7280.00;576139.20;;;UNIP6;;;;;;;;1996-09-26;;;;
FIIM;17.817.528/0001-50;BB ETF S&P DIVIDENDOS BRASIL FUNDO DE ÍNDICE;2023-06-30;491715;9719665.96;AÇÕES;Ação preferencial;N;Para negociação;0.00;0.00;0.00;0.00;26300.00;776639.00;;;PETR4;;;;;;;;1997-03-24;;;;
FIIM;17.817.528/0001-50;BB ETF S&P DIVIDENDOS BRASIL FUNDO DE ÍNDICE;2023-06-30;491715;9719665.96;AÇÕES;Ação preferencial;N;Para negociação;0.00;0.00;0.00;0.00;29700.00;271755.00;;;BPAN4;;;;;;;;2014-08-05;;;;
FIIM;17.817.528/0001-50;BB ETF S&P DIVIDENDOS BRASIL FUNDO DE ÍNDICE;2023-06-30;491715;9719665.96;AÇÕES;Ação preferencial;N;Para negociação;0.00;0.00;0.00;0.00;15930.00;399365.10;;;GGBR4;;;;;;;;2001-02-01;;;;
FIIM;17.817.528/0001-50;BB ETF S&P DIVIDENDOS BRASIL FUNDO DE ÍNDICE;2023-06-30;491715;9719665.96;AÇÕES;Ação preferencial;N;Para negociação;0.00;0.00;0.00;0.00;44300.00;539131.00;;;RAPT4;;;;;;;;1996-04-16;;;;
FIIM;17.817.528/0001-50;BB ETF S&P DIVIDENDOS BRASIL FUNDO DE ÍNDICE;2023-06-30;491715;9719665.96;AÇÕES;Ação preferencial;N;Para negociação;0.00;0.00;0.00;0.00;25400.00;300228.00;;;GOAU4;;;;;;;;1998-01-02;;;;
FIIM;17.817.528/0001-50;BB ETF S&P DIVIDENDOS BRASIL FUNDO DE ÍNDICE;2023-06-30;491715;9719665.96;DISPONIBILIDADES;Outros;;Para negociação;;;;;;263503.26;;;;BANCO BRASIL CAIXA;;PJ;191;BCO BRASIL SA;;;;;;;
FIIM;17.817.528/0001-50;BB ETF S&P DIVIDENDOS BRASIL FUNDO DE ÍNDICE;2023-06-30;491715;9719665.96;VALORES A PAGAR;Outros;;Para negociação;;;;;;0.11;;;;EMOLUMENTO TOMADA;;;;;;;;;;;
FIIM;17.817.528/0001-50;BB ETF S&P DIVIDENDOS BRASIL FUNDO DE ÍNDICE;2023-06-30;491715;9719665.96;VALORES A PAGAR;Outros;;Para negociação;;;;;;2429.13;;;;PROV.AUDIT 28/03/24;;;;;;;;;;;
FIIM;17.817.528/0001-50;BB ETF S&P DIVIDENDOS BRASIL FUNDO DE ÍNDICE;2023-06-30;491715;9719665.96;VALORES A PAGAR;Outros;;Para negociação;;;;;;14.63;;;;SELIC A PAGAR;;;;;;;;;;;
FIIM;17.817.528/0001-50;BB ETF S&P DIVIDENDOS BRASIL FUNDO DE ÍNDICE;2023-06-30;491715;9719665.96;VALORES A PAGAR;Outros;;Para negociação;;;;;;79.21;;;;TXCUST?DIA A PAGAR;;;;;;;;;;;
FIIM;17.817.528/0001-50;BB ETF S&P DIVIDENDOS BRASIL FUNDO DE ÍNDICE;2023-06-30;491715;9719665.96;VALORES A PAGAR;Outros;;Para negociação;;;;;;192.52;;;;TAXA ADMIN A PAGAR;;;;;;;;;;;
FIIM;17.817.528/0001-50;BB ETF S&P DIVIDENDOS BRASIL FUNDO DE ÍNDICE;2023-06-30;491715;9719665.96;VALORES A PAGAR;Outros;;Para negociação;;;;;;0.87;;;;SALDO A REGU LARIZAR;;;;;;;;;;;
FIIM;17.817.528/0001-50;BB ETF S&P DIVIDENDOS BRASIL FUNDO DE ÍNDICE;2023-06-30;491715;9719665.96;VALORES A PAGAR;Outros;;Para negociação;;;;;;10451.73;;;;AUDITORIA A PAGAR;;;;;;;;;;;
FIIM;17.817.528/0001-50;BB ETF S&P DIVIDENDOS BRASIL FUNDO DE ÍNDICE;2023-06-30;491715;9719665.96;VALORES A RECEBER;Outros;;Para negociação;;;;;;20324.49;;;;CEMIG PN JSCP;;PJ;17155730000164;CIA ENERGETICA MINAS GERAIS CEMIG;;;;;;;
FIIM;17.817.528/0001-50;BB ETF S&P DIVIDENDOS BRASIL FUNDO DE ÍNDICE;2023-06-30;491715;9719665.96;VALORES A RECEBER;Outros;;Para negociação;;;;;;13.50;;;;AUREN DIREITOS;;PJ;28594234000123;AUREN ENERGIA S.A.;;;;;;;
FIIM;17.817.528/0001-50;BB ETF S&P DIVIDENDOS BRASIL FUNDO DE ÍNDICE;2023-06-30;491715;9719665.96;VALORES A RECEBER;Outros;;Para negociação;;;;;;6665.19;;;;CPFL DIVIDEND;;PJ;2429144000193;CPFL ENERGIA SA;;;;;;;
FIIM;17.817.528/0001-50;BB ETF S&P DIVIDENDOS BRASIL FUNDO DE ÍNDICE;2023-06-30;491715;9719665.96;VALORES A RECEBER;Outros;;Para negociação;;;;;;1706.50;;;;CEMIG PN DIVIDEND;;PJ;17155730000164;CIA ENERGETICA MINAS GERAIS CEMIG;;;;;;;
FIIM;17.817.528/0001-50;BB ETF S&P DIVIDENDOS BRASIL FUNDO DE ÍNDICE;2023-06-30;491715;9719665.96;VALORES A RECEBER;Outros;;Para negociação;;;;;;1073.68;;;;TAESA DIREITOS;;PJ;7859971000130;TAESA - TRANSM ALIAN?A ENERGIA EL?TRICA;;;;;;;
FIIM;17.817.528/0001-50;BB ETF S&P DIVIDENDOS BRASIL FUNDO DE ÍNDICE;2023-06-30;491715;9719665.96;VALORES A RECEBER;Outros;;Para negociação;;;;;;7019.65;;;;Valores a Re ceber;;;;;;;;;;;
FIIM;17.817.528/0001-50;BB ETF S&P DIVIDENDOS BRASIL FUNDO DE ÍNDICE;2023-06-30;491715;9719665.96;VALORES A RECEBER;Outros;;Para negociação;;;;;;2600.63;;;;DIFERIR CVM 29/12/23;;;;;;;;;;;
FIIM;17.817.528/0001-50;BB ETF S&P DIVIDENDOS BRASIL FUNDO DE ÍNDICE;2023-06-30;491715;9719665.96;VALORES A RECEBER;Outros;;Para negociação;;;;;;588.00;;;;ALUPAR DIREITOS;;PJ;8364948000138;ALUPAR INVESTIMENTO S.A;;;;;;;
FIIM;17.817.528/0001-50;BB ETF S&P DIVIDENDOS BRASIL FUNDO DE ÍNDICE;2023-06-30;491715;9719665.96;VALORES A RECEBER;Outros;;Para negociação;;;;;;1105.90;;;;PORTO SEGURO JSCP;;PJ;2149205000169;PORTO SEGURO SA;;;;;;;
FIIM;17.817.528/0001-50;BB ETF S&P DIVIDENDOS BRASIL FUNDO DE ÍNDICE;2023-06-30;491715;9719665.96;VALORES A RECEBER;Outros;;Para negociação;;;;;;45216.23;;;;PETROBRAS PN DIVIDEND;;PJ;33000167000101;PETROLEO BRASILEIRO SA PETROBRAS;;;;;;;
FIIM;17.817.528/0001-50;BB ETF S&P DIVIDENDOS BRASIL FUNDO DE ÍNDICE;2023-06-30;491715;9719665.96;VALORES A RECEBER;Outros;;Para negociação;;;;;;2058.45;;;;SAO MARTINHO DIREITOS;;PJ;51466860000156;SAO MARTINHO SA;;;;;;;
FIIM;17.817.528/0001-50;BB ETF S&P DIVIDENDOS BRASIL FUNDO DE ÍNDICE;2023-06-30;491715;9719665.96;VALORES A RECEBER;Outros;;Para negociação;;;;;;7122.88;;;;NEOENERGIA DIREITOS;;PJ;1083200000118;NEOENERGIA S.A.;;;;;;;
FIIM;17.817.528/0001-50;BB ETF S&P DIVIDENDOS BRASIL FUNDO DE ÍNDICE;2023-06-30;491715;9719665.96;VALORES A RECEBER;Outros;;Para negociação;;;;;;18123.32;;;;PETROBRAS PN JSCP;;PJ;33000167000101;PETROLEO BRASILEIRO SA PETROBRAS;;;;;;;
FIIM;17.817.528/0001-50;BB ETF S&P DIVIDENDOS BRASIL FUNDO DE ÍNDICE;2023-06-30;491715;9719665.96;VALORES A RECEBER;Outros;;Para negociação;;;;;;121.80;;;;ANBIMA DIF 31/07/23;;;;;;;;;;;
FIIM;17.817.528/0001-50;BB ETF S&P DIVIDENDOS BRASIL FUNDO DE ÍNDICE;2023-06-30;491715;9719665.96;MERCADO FUTURO - POSIÇÕES COMPRADAS;Contrato Futuro;;Para negociação;2.00;233696.00;0.00;0.00;0.00;0.00;;;;IND FUTURO BMF - 14/06/2023;;PJ;54641030000106;BOLSA MERCADORIAS FUTUROS BMF SA;;;;;;;
FIIM;17.817.528/0001-50;BB ETF S&P DIVIDENDOS BRASIL FUNDO DE ÍNDICE;2023-06-30;491715;9719665.96;MERCADO FUTURO - POSIÇÕES COMPRADAS;Contrato Futuro;;Para negociação;0.00;0.00;2.00;238560.00;2.00;-1342.00;;;;IND FUTURO BMF - 16/08/2023;;PJ;54641030000106;BOLSA MERCADORIAS FUTUROS BMF SA;;;;;;;
FIIM;17.817.528/0001-50;BB ETF S&P DIVIDENDOS BRASIL FUNDO DE ÍNDICE;2023-06-30;491715;9719665.96;CERTIFICADO OU RECIBO DE DEPÓSITO DE VALORES MOBILIÁRIOS;Certificado de depósito de ações;N;Para negociação;0.00;0.00;0.00;0.00;10300.00;430849.00;;;;COPEL UNT N1;;PJ;76483817000120;CIA PARANAENSE ENERGIA COPEL;;;;;;;
FIIM;17.817.528/0001-50;BB ETF S&P DIVIDENDOS BRASIL FUNDO DE ÍNDICE;2023-06-30;491715;9719665.96;CERTIFICADO OU RECIBO DE DEPÓSITO DE VALORES MOBILIÁRIOS;Certificado de depósito de ações;N;Para negociação;0.00;0.00;0.00;0.00;13400.00;292924.00;;;;SANEPAR UNT N2;;PJ;76484013000145;COMPANHIA SANEAMENTO PARANA SANEPAR;;;;;;;
FIIM;17.817.528/0001-50;BB ETF S&P DIVIDENDOS BRASIL FUNDO DE ÍNDICE;2023-06-30;491715;9719665.96;CERTIFICADO OU RECIBO DE DEPÓSITO DE VALORES MOBILIÁRIOS;Certificado de depósito de ações;N;Para negociação;0.00;0.00;0.00;0.00;4900.00;146902.00;;;;ALUPAR UNT N2;;PJ;8364948000138;ALUPAR INVESTIMENTO S.A;;;;;;;
FIIM;17.817.528/0001-50;BB ETF S&P DIVIDENDOS BRASIL FUNDO DE ÍNDICE;2023-06-30;491715;9719665.96;CERTIFICADO OU RECIBO DE DEPÓSITO DE VALORES MOBILIÁRIOS;Certificado de depósito de ações;N;Para negociação;0.00;0.00;0.00;0.00;14300.00;538252.00;;;TAEE11;;;;;;;;2012-05-28;;;;
FIIM;19.909.560/0001-91;ISHARES S&P 500 FUNDO DE INVESTIMENTO EM COTAS DE FUNDO DE ÍNDICE - INVESTIMENTO NO EXTERIOR;2023-06-30;488191;2772255766.10;DISPONIBILIDADES;Outros;;Para negociação;;;;;;4079289.37;;;;Disponibilidade;;;;;;;;;;;
FIIM;19.909.560/0001-91;ISHARES S&P 500 FUNDO DE INVESTIMENTO EM COTAS DE FUNDO DE ÍNDICE - INVESTIMENTO NO EXTERIOR;2023-06-30;488191;2772255766.10;VALORES A PAGAR;Outros;;Para negociação;;;;;;994858.10;;;;Valores a Pagar;;;;;;;;;;;
FIIM;19.909.560/0001-91;ISHARES S&P 500 FUNDO DE INVESTIMENTO EM COTAS DE FUNDO DE ÍNDICE - INVESTIMENTO NO EXTERIOR;2023-06-30;488191;2772255766.10;VALORES A RECEBER;Outros;;Para negociação;;;;;;596140.74;;;;Valores a Receber;;;;;;;;;;;
FIIM;19.909.560/0001-91;ISHARES S&P 500 FUNDO DE INVESTIMENTO EM COTAS DE FUNDO DE ÍNDICE - INVESTIMENTO NO EXTERIOR;2023-06-30;488191;2772255766.10;INVESTIMENTO NO EXTERIOR;Outros;N;Para negociação;;;;;1288929.00;2768575194.09;;;9000032;;2014-04-28;;;ISHARES CORE SP500;N;;;28;ESTADOS UNIDOS DA AMÉRICA;99;OUTRAS BOLSAS OU MERCADOS DE BALCÃO ORGANIZADOS
FIIM;21.407.758/0001-19;IT NOW IBOVESPA FUNDO DE ÍNDICE;2023-06-30;487657;3935144720.70;AÇÕES;Ação ordinária;N;Para negociação;336640.00;5943019.68;572157.00;10052898.08;2084677.00;37628419.85;;;VBBR3;;;;;;;;2021-10-22;;;;
FIIM;21.407.758/0001-19;IT NOW IBOVESPA FUNDO DE ÍNDICE;2023-06-30;487657;3935144720.70;AÇÕES;Ação ordinária;N;Para negociação;121110.00;5299545.90;205725.00;9238826.83;584736.00;26903703.36;;;HYPE3;;;;;;;;2008-04-18;;;;
FIIM;21.407.758/0001-19;IT NOW IBOVESPA FUNDO DE ÍNDICE;2023-06-30;487657;3935144720.70;AÇÕES;Ação ordinária;N;Para negociação;43283.00;1606417.87;73540.00;2688324.79;144262.00;4926547.30;;;SMTO3;;;;;;;;2007-02-12;;;;
FIIM;21.407.758/0001-19;IT NOW IBOVESPA FUNDO DE ÍNDICE;2023-06-30;487657;3935144720.70;AÇÕES;Ação ordinária;N;Para negociação;335450.00;1502681.88;570145.00;2529685.33;697701.00;2916390.18;;;CMIN3;;;;;;;;2021-02-18;;;;
FIIM;21.407.758/0001-19;IT NOW IBOVESPA FUNDO DE ÍNDICE;2023-06-30;487657;3935144720.70;AÇÕES;Ação ordinária;N;Para negociação;80668.00;2183834.92;137096.00;3696067.09;223692.00;6189557.64;;;MULT3;;;;;;;;2007-07-27;;;;
FIIM;21.407.758/0001-19;IT NOW IBOVESPA FUNDO DE ÍNDICE;2023-06-30;487657;3935144720.70;AÇÕES;Ação ordinária;N;Para negociação;1325122.00;19896126.65;2251839.00;34205728.00;4323535.00;66625674.35;;;ABEV3;;;;;;;;2013-11-11;;;;
FIIM;21.407.758/0001-19;IT NOW IBOVESPA FUNDO DE ÍNDICE;2023-06-30;487657;3935144720.70;AÇÕES;Ação ordinária;N;Para negociação;74324.00;1744055.24;126259.00;2958326.23;240523.00;5681153.26;;;ENBR3;;;;;;;;2005-07-13;;;;
FIIM;21.407.758/0001-19;IT NOW IBOVESPA FUNDO DE ÍNDICE;2023-06-30;487657;3935144720.70;AÇÕES;Ação ordinária;N;Para negociação;130092.00;1139941.10;221065.00;1930899.69;284214.00;2438556.12;;;LWSA3;;;;;;;;2020-02-06;;;;
FIIM;21.407.758/0001-19;IT NOW IBOVESPA FUNDO DE ÍNDICE;2023-06-30;487657;3935144720.70;AÇÕES;Ação ordinária;N;Para negociação;24584.00;988649.57;41719.00;1603376.87;50687.00;2207418.85;;;IRBR3;;;;;;;;2017-07-31;;;;
FIIM;21.407.758/0001-19;IT NOW IBOVESPA FUNDO DE ÍNDICE;2023-06-30;487657;3935144720.70;AÇÕES;Ação ordinária;N;Para negociação;160836.00;3830336.76;273277.00;6321373.04;831418.00;20494453.70;;;ALSO3;;;;;;;;2019-08-06;;;;
FIIM;21.407.758/0001-19;IT NOW IBOVESPA FUNDO DE ÍNDICE;2023-06-30;487657;3935144720.70;AÇÕES;Ação ordinária;N;Para negociação;77081.00;3426767.55;131018.00;5792511.89;207023.00;9458880.87;;;EGIE3;;;;;;;;2016-07-21;;;;
FIIM;21.407.758/0001-19;IT NOW IBOVESPA FUNDO DE ÍNDICE;2023-06-30;487657;3935144720.70;AÇÕES;Ação ordinária;N;Para negociação;244229.00;3528386.08;415002.00;6083784.65;880442.00;12872062.04;;;TIMS3;;;;;;;;2020-10-13;;;;
FIIM;21.407.758/0001-19;IT NOW IBOVESPA FUNDO DE ÍNDICE;2023-06-30;487657;3935144720.70;AÇÕES;Ação ordinária;N;Para negociação;89385.00;1614117.20;151934.00;2569716.10;275566.00;5461718.12;;;YDUQ3;;;;;;;;2019-07-23;;;;
FIIM;21.407.758/0001-19;IT NOW IBOVESPA FUNDO DE ÍNDICE;2023-06-30;487657;3935144720.70;AÇÕES;Ação ordinária;N;Para negociação;125820.00;1966233.95;231104.00;3434516.15;509826.00;8182707.30;;;FLRY3;;;;;;;;2009-12-17;;;;
FIIM;21.407.758/0001-19;IT NOW IBOVESPA FUNDO DE ÍNDICE;2023-06-30;487657;3935144720.70;AÇÕES;Ação ordinária;N;Para negociação;18344.00;1422301.54;31239.00;2386142.89;37773.00;2986711.11;;;ARZZ3;;;;;;;;2011-02-02;;;;
FIIM;21.407.758/0001-19;IT NOW IBOVESPA FUNDO DE ÍNDICE;2023-06-30;487657;3935144720.70;AÇÕES;Ação ordinária;N;Para negociação;92200.00;1044128.60;156716.00;1749707.31;252328.00;2919434.96;;;MRVE3;;;;;;;;2007-07-23;;;;
FIIM;21.407.758/0001-19;IT NOW IBOVESPA FUNDO DE ÍNDICE;2023-06-30;487657;3935144720.70;AÇÕES;Ação ordinária;N;Para negociação;903461.00;30408575.80;1535301.00;50670584.78;4863149.00;160970231.90;;;PETR3;;;;;;;;1973-09-18;;;;
FIIM;21.407.758/0001-19;IT NOW IBOVESPA FUNDO DE ÍNDICE;2023-06-30;487657;3935144720.70;AÇÕES;Ação ordinária;N;Para negociação;330848.00;10739852.85;562202.00;18201713.86;1250815.00;41176829.80;;;RDOR3;;;;;;;;2020-12-10;;;;
FIIM;21.407.758/0001-19;IT NOW IBOVESPA FUNDO DE ÍNDICE;2023-06-30;487657;3935144720.70;AÇÕES;Ação ordinária;N;Para negociação;330923.00;1547188.09;562254.00;2628602.25;1645642.00;7553496.78;;;CIEL3;;;;;;;;2009-12-18;;;;
FIIM;21.407.758/0001-19;IT NOW IBOVESPA FUNDO DE ÍNDICE;2023-06-30;487657;3935144720.70;AÇÕES;Ação ordinária;N;Para negociação;453304.00;6581269.84;770291.00;11098429.73;2435028.00;35648809.92;;;BBDC3;;;;;;;;1973-12-06;;;;
FIIM;21.407.758/0001-19;IT NOW IBOVESPA FUNDO DE ÍNDICE;2023-06-30;487657;3935144720.70;AÇÕES;Ação ordinária;N;Para negociação;102704.00;5579822.72;174478.00;9439338.46;508712.00;28777837.84;;;SBSP3;;;;;;;;1997-03-11;;;;
FIIM;21.407.758/0001-19;IT NOW IBOVESPA FUNDO DE ÍNDICE;2023-06-30;487657;3935144720.70;AÇÕES;Ação ordinária;N;Para negociação;47710.00;811581.95;81018.00;1395373.10;168252.00;3147994.92;;;PCAR3;;;;;;;;1995-10-03;;;;
FIIM;21.407.758/0001-19;IT NOW IBOVESPA FUNDO DE ÍNDICE;2023-06-30;487657;3935144720.70;AÇÕES;Ação ordinária;N;Para negociação;155250.00;4544910.04;263784.00;7873792.85;506932.00;15197821.36;;;TOTS3;;;;;;;;2006-03-09;;;;
FIIM;21.407.758/0001-19;IT NOW IBOVESPA FUNDO DE ÍNDICE;2023-06-30;487657;3935144720.70;AÇÕES;Ação ordinária;N;Para negociação;548391.00;1744352.66;931954.00;2910251.18;2268883.00;7396558.58;;;COGN3;;;;;;;;2019-10-11;;;;
FIIM;21.407.758/0001-19;IT NOW IBOVESPA FUNDO DE ÍNDICE;2023-06-30;487657;3935144720.70;AÇÕES;Ação ordinária;N;Para negociação;20866.00;178717.92;70961.00;653888.44;47279.00;369248.99;;;CASH3;;;;;;;;2020-11-05;;;;
FIIM;21.407.758/0001-19;IT NOW IBOVESPA FUNDO DE ÍNDICE;2023-06-30;487657;3935144720.70;AÇÕES;Ação ordinária;N;Para negociação;287190.00;6080925.60;488025.00;10503255.98;879620.00;17592400.00;;;LREN3;;;;;;;;1973-07-24;;;;
FIIM;21.407.758/0001-19;IT NOW IBOVESPA FUNDO DE ÍNDICE;2023-06-30;487657;3935144720.70;AÇÕES;Ação ordinária;N;Para negociação;83380.00;323940.15;141595.00;576216.22;375459.00;1317861.09;;;CVCB3;;;;;;;;2013-12-09;;;;
FIIM;21.407.758/0001-19;IT NOW IBOVESPA FUNDO DE ÍNDICE;2023-06-30;487657;3935144720.70;AÇÕES;Ação ordinária;N;Para negociação;101432.00;718281.50;172308.00;1232160.76;241379.00;1588273.82;;;PETZ3;;;;;;;;2020-09-11;;;;
FIIM;21.407.758/0001-19;IT NOW IBOVESPA FUNDO DE ÍNDICE;2023-06-30;487657;3935144720.70;AÇÕES;Ação ordinária;N;Para negociação;1731930.00;25045313.18;2943153.00;43029080.18;7330296.00;107095624.56;;;B3SA3;;;;;;;;2018-03-26;;;;
FIIM;21.407.758/0001-19;IT NOW IBOVESPA FUNDO DE ÍNDICE;2023-06-30;487657;3935144720.70;AÇÕES;Ação ordinária;N;Para negociação;1218916.00;81597003.66;2071328.00;140024548.45;7201416.00;462474935.52;;;VALE3;;;;;;;;1982-02-15;;;;
FIIM;21.407.758/0001-19;IT NOW IBOVESPA FUNDO DE ÍNDICE;2023-06-30;487657;3935144720.70;AÇÕES;Ação ordinária;N;Para negociação;353759.00;6212638.93;601158.00;10518085.28;1058000.00;18895880.00;;;CSAN3;;;;;;;;2005-11-18;;;;
FIIM;21.407.758/0001-19;IT NOW IBOVESPA FUNDO DE ÍNDICE;2023-06-30;487657;3935144720.70;AÇÕES;Ação ordinária;N;Para negociação;328616.00;5954378.12;558528.00;10013261.53;955220.00;18044105.80;;;UGPA3;;;;;;;;1999-10-13;;;;
FIIM;21.407.758/0001-19;IT NOW IBOVESPA FUNDO DE ÍNDICE;2023-06-30;487657;3935144720.70;AÇÕES;Ação ordinária;N;Para negociação;476376.00;1143908.21;809408.00;2009760.22;1277865.00;2747409.75;;;VIIA3;;;;;;;;2021-08-16;;;;
FIIM;21.407.758/0001-19;IT NOW IBOVESPA FUNDO DE ÍNDICE;2023-06-30;487657;3935144720.70;AÇÕES;Ação ordinária;N;Para negociação;868220.00;3213769.04;1475409.00;5523431.48;2431610.00;8194525.70;;;MGLU3;;;;;;;;2011-05-02;;;;
FIIM;21.407.758/0001-19;IT NOW IBOVESPA FUNDO DE ÍNDICE;2023-06-30;487657;3935144720.70;AÇÕES;Ação ordinária;N;Para negociação;28494.00;532205.19;48354.00;893002.96;78756.00;1450685.52;;;EZTC3;;;;;;;;2007-06-22;;;;
FIIM;21.407.758/0001-19;IT NOW IBOVESPA FUNDO DE ÍNDICE;2023-06-30;487657;3935144720.70;AÇÕES;Ação ordinária;N;Para negociação;325227.00;2933817.00;552533.00;4898321.70;891919.00;7946998.29;;;BRFS3;;;;;;;;2009-12-10;;;;
FIIM;21.407.758/0001-19;IT NOW IBOVESPA FUNDO DE ÍNDICE;2023-06-30;487657;3935144720.70;AÇÕES;Ação ordinária;N;Para negociação;70892.00;2269851.14;192290.00;5555099.55;148170.00;4422874.50;;;RRRP3;;;;;;;;2020-11-12;;;;
FIIM;21.407.758/0001-19;IT NOW IBOVESPA FUNDO DE ÍNDICE;2023-06-30;487657;3935144720.70;AÇÕES;Ação ordinária;N;Para negociação;159705.00;1707433.17;271380.00;3057649.99;429039.00;4805236.80;;;CRFB3;;;;;;;;2017-07-20;;;;
FIIM;21.407.758/0001-19;IT NOW IBOVESPA FUNDO DE ÍNDICE;2023-06-30;487657;3935144720.70;AÇÕES;Ação ordinária;N;Para negociação;253496.00;9354750.10;430799.00;14978732.85;775561.00;28757801.88;;;PRIO3;;;;;;;;2015-06-26;;;;
FIIM;21.407.758/0001-19;IT NOW IBOVESPA FUNDO DE ÍNDICE;2023-06-30;487657;3935144720.70;AÇÕES;Ação ordinária;N;Para negociação;219542.00;10168142.92;373103.00;17360111.00;612964.00;27105268.08;;;SUZB3;;;;;;;;2004-08-05;;;;
FIIM;21.407.758/0001-19;IT NOW IBOVESPA FUNDO DE ÍNDICE;2023-06-30;487657;3935144720.70;AÇÕES;Ação ordinária;N;Para negociação;342878.00;6061816.36;582699.00;10397329.11;1130224.00;19733711.04;;;JBSS3;;;;;;;;2007-03-29;;;;
FIIM;21.407.758/0001-19;IT NOW IBOVESPA FUNDO DE ÍNDICE;2023-06-30;487657;3935144720.70;AÇÕES;Ação ordinária;N;Para negociação;82774.00;1613844.50;140795.00;2680501.52;233417.00;4698684.21;;;CYRE3;;;;;;;;1996-05-27;;;;
FIIM;21.407.758/0001-19;IT NOW IBOVESPA FUNDO DE ÍNDICE;2023-06-30;487657;3935144720.70;AÇÕES;Ação ordinária;N;Para negociação;127778.00;5438101.14;217224.00;9338228.39;348755.00;15090628.85;;;VIVT3;;;;;;;;2011-10-06;;;;
FIIM;21.407.758/0001-19;IT NOW IBOVESPA FUNDO DE ÍNDICE;2023-06-30;487657;3935144720.70;AÇÕES;Ação ordinária;N;Para negociação;88382.00;640014.07;150112.00;1091618.47;349911.00;2543852.97;;;MRFG3;;;;;;;;2007-06-28;;;;
FIIM;21.407.758/0001-19;IT NOW IBOVESPA FUNDO DE ÍNDICE;2023-06-30;487657;3935144720.70;AÇÕES;Ação ordinária;N;Para negociação;78690.00;842424.78;133595.00;1458544.73;221744.00;2357138.72;;;BEEF3;;;;;;;;2007-07-20;;;;
FIIM;21.407.758/0001-19;IT NOW IBOVESPA FUNDO DE ÍNDICE;2023-06-30;487657;3935144720.70;AÇÕES;Ação ordinária;N;Para negociação;301586.00;4235908.43;512511.00;7243856.47;869238.00;12212793.90;;;CCRO3;;;;;;;;2002-02-01;;;;
FIIM;21.407.758/0001-19;IT NOW IBOVESPA FUNDO DE ÍNDICE;2023-06-30;487657;3935144720.70;AÇÕES;Ação ordinária;N;Para negociação;148233.00;1711140.59;251959.00;2849409.45;324415.00;3892980.00;;;SOMA3;;;;;;;;2020-07-31;;;;
FIIM;21.407.758/0001-19;IT NOW IBOVESPA FUNDO DE ÍNDICE;2023-06-30;487657;3935144720.70;AÇÕES;Ação ordinária;N;Para negociação;337096.00;10172092.92;572878.00;17665441.71;1845724.00;59340026.60;;;EQTL3;;;;;;;;2006-04-03;;;;
FIIM;21.407.758/0001-19;IT NOW IBOVESPA FUNDO DE ÍNDICE;2023-06-30;487657;3935144720.70;AÇÕES;Ação ordinária;N;Para negociação;221933.00;4102035.86;377098.00;7380363.59;924308.00;17136670.32;;;EMBR3;;;;;;;;1989-08-28;;;;
FIIM;21.407.758/0001-19;IT NOW IBOVESPA FUNDO DE ÍNDICE;2023-06-30;487657;3935144720.70;AÇÕES;Ação ordinária;N;Para negociação;380814.00;14082138.98;647202.00;24173295.85;2350961.00;88748777.75;;;WEGE3;;;;;;;;2004-08-02;;;;
FIIM;21.407.758/0001-19;IT NOW IBOVESPA FUNDO DE ÍNDICE;2023-06-30;487657;3935144720.70;AÇÕES;Ação ordinária;N;Para negociação;1306165.00;5459056.50;2219675.00;9068033.68;5622397.00;24626098.86;;;HAPV3;;;;;;;;2018-04-25;;;;
FIIM;21.407.758/0001-19;IT NOW IBOVESPA FUNDO DE ÍNDICE;2023-06-30;487657;3935144720.70;AÇÕES;Ação ordinária;N;Para negociação;609923.00;23458664.22;1036433.00;39938773.15;3039906.00;120836263.50;;;ELET3;;;;;;;;1983-09-01;;;;
FIIM;21.407.758/0001-19;IT NOW IBOVESPA FUNDO DE ÍNDICE;2023-06-30;487657;3935144720.70;AÇÕES;Ação ordinária;N;Para negociação;178173.00;2314355.18;302710.00;3868586.78;477217.00;5788642.21;;;CSNA3;;;;;;;;1993-08-02;;;;
FIIM;21.407.758/0001-19;IT NOW IBOVESPA FUNDO DE ÍNDICE;2023-06-30;487657;3935144720.70;AÇÕES;Ação ordinária;N;Para negociação;56718.00;1823557.58;96328.00;3029097.13;267818.00;9210261.02;;;CPFE3;;;;;;;;2004-09-29;;;;
FIIM;21.407.758/0001-19;IT NOW IBOVESPA FUNDO DE ÍNDICE;2023-06-30;487657;3935144720.70;AÇÕES;Ação ordinária;N;Para negociação;253409.00;4152398.87;430665.00;6939283.59;905616.00;15160011.84;;;NTCO3;;;;;;;;2019-12-18;;;;
FIIM;21.407.758/0001-19;IT NOW IBOVESPA FUNDO DE ÍNDICE;2023-06-30;487657;3935144720.70;AÇÕES;Ação ordinária;N;Para negociação;367222.00;8154305.37;624092.00;13997468.08;1819878.00;40401291.60;;;RAIL3;;;;;;;;2017-03-13;;;;
FIIM;21.407.758/0001-19;IT NOW IBOVESPA FUNDO DE ÍNDICE;2023-06-30;487657;3935144720.70;AÇÕES;Ação ordinária;N;Para negociação;351592.00;9997711.73;597537.00;17099697.36;1065815.00;31548124.00;;;RADL3;;;;;;;;2011-12-19;;;;
FIIM;21.407.758/0001-19;IT NOW IBOVESPA FUNDO DE ÍNDICE;2023-06-30;487657;3935144720.70;AÇÕES;Ação ordinária;N;Para negociação;476645.00;5610104.07;809949.00;9690108.19;1672423.00;20520630.21;;;ENEV3;;;;;;;;2013-10-22;;;;
FIIM;21.407.758/0001-19;IT NOW IBOVESPA FUNDO DE ÍNDICE;2023-06-30;487657;3935144720.70;AÇÕES;Ação ordinária;N;Para negociação;31979.00;1175583.34;54429.00;1947586.39;102473.00;3916518.06;;;SLCE3;;;;;;;;2007-06-15;;;;
FIIM;21.407.758/0001-19;IT NOW IBOVESPA FUNDO DE ÍNDICE;2023-06-30;487657;3935144720.70;AÇÕES;Ação ordinária;N;Para negociação;233756.00;15674499.80;401498.00;26627538.88;651614.00;44635559.00;;;RENT3;;;;;;;;2005-05-23;;;;
FIIM;21.407.758/0001-19;IT NOW IBOVESPA FUNDO DE ÍNDICE;2023-06-30;487657;3935144720.70;AÇÕES;Ação ordinária;N;Para negociação;359740.00;4602142.31;611223.00;8061844.64;1376931.00;18932801.25;;;ASAI3;;;;;;;;2021-03-01;;;;
FIIM;21.407.758/0001-19;IT NOW IBOVESPA FUNDO DE ÍNDICE;2023-06-30;487657;3935144720.70;AÇÕES;Ação ordinária;N;Para negociação;429143.00;21155822.93;729285.00;35597983.09;1362225.00;67293915.00;;;BBAS3;;;;;;;;1973-05-31;;;;
FIIM;21.407.758/0001-19;IT NOW IBOVESPA FUNDO DE ÍNDICE;2023-06-30;487657;3935144720.70;AÇÕES;Ação ordinária;N;Para negociação;202889.00;6185490.98;344769.00;10547830.66;964990.00;29692742.30;;;BBSE3;;;;;;;;2013-04-29;;;;
FIIM;21.407.758/0001-19;IT NOW IBOVESPA FUNDO DE ÍNDICE;2023-06-30;487657;3935144720.70;AÇÕES;Ação ordinária;N;Para negociação;83037.00;742394.50;141054.00;1209519.60;196068.00;1637167.80;;;DXCO3;;;;;;;;2021-08-19;;;;
FIIM;21.407.758/0001-19;IT NOW IBOVESPA FUNDO DE ÍNDICE;2023-06-30;487657;3935144720.70;AÇÕES;Ação preferencial;N;Para negociação;39918.00;412558.64;100718.00;1048093.66;398926.00;3710011.80;;;ALPA4;;;;;;;;1973-03-19;;;;
FIIM;21.407.758/0001-19;IT NOW IBOVESPA FUNDO DE ÍNDICE;2023-06-30;487657;3935144720.70;AÇÕES;Ação preferencial;N;Para negociação;65906.00;733134.96;112000.00;1187109.64;284678.00;3749209.26;;;GOLL4;;;;;;;;2004-06-24;;;;
FIIM;21.407.758/0001-19;IT NOW IBOVESPA FUNDO DE ÍNDICE;2023-06-30;487657;3935144720.70;AÇÕES;Ação preferencial;N;Para negociação;1554651.00;26030687.38;2641945.00;43993225.05;4780376.00;78637185.20;;;BBDC4;;;;;;;;1973-12-06;;;;
FIIM;21.407.758/0001-19;IT NOW IBOVESPA FUNDO DE ÍNDICE;2023-06-30;487657;3935144720.70;AÇÕES;Ação preferencial;N;Para negociação;201519.00;2407554.17;342509.00;4048403.61;1018926.00;12043705.32;;;GOAU4;;;;;;;;1973-08-27;;;;
FIIM;21.407.758/0001-19;IT NOW IBOVESPA FUNDO DE ÍNDICE;2023-06-30;487657;3935144720.70;AÇÕES;Ação preferencial;N;Para negociação;80133.00;2220984.47;136227.00;3699309.00;377625.00;10520632.50;;;BRKM5;;;;;;;;2002-09-02;;;;
FIIM;21.407.758/0001-19;IT NOW IBOVESPA FUNDO DE ÍNDICE;2023-06-30;487657;3935144720.70;AÇÕES;Ação preferencial;N;Para negociação;435614.00;5438585.04;740331.00;9299223.71;1560331.00;20065856.66;;;CMIG4;;;;;;;;1973-08-20;;;;
FIIM;21.407.758/0001-19;IT NOW IBOVESPA FUNDO DE ÍNDICE;2023-06-30;487657;3935144720.70;AÇÕES;Ação preferencial;N;Para negociação;75832.00;1731374.95;128861.00;2935936.29;207393.00;4606198.53;;;BRAP4;;;;;;;;2000-08-10;;;;
FIIM;21.407.758/0001-19;IT NOW IBOVESPA FUNDO DE ÍNDICE;2023-06-30;487657;3935144720.70;AÇÕES;Ação preferencial;N;Para negociação;98960.00;2024171.72;168258.00;3238130.35;396285.00;8662790.10;;;AZUL4;;;;;;;;2017-04-11;;;;
FIIM;21.407.758/0001-19;IT NOW IBOVESPA FUNDO DE ÍNDICE;2023-06-30;487657;3935144720.70;AÇÕES;Ação preferencial;S;Para negociação;1514713.00;14471742.33;2574063.00;24168735.22;9247319.00;89144155.16;;;ITSA4;;;;;;;;1973-09-17;;;;
FIIM;21.407.758/0001-19;IT NOW IBOVESPA FUNDO DE ÍNDICE;2023-06-30;487657;3935144720.70;AÇÕES;Ação preferencial;N;Para negociação;330221.00;8387993.47;561164.00;14191089.22;898456.00;22524291.92;;;GGBR4;;;;;;;;2001-02-01;;;;
FIIM;21.407.758/0001-19;IT NOW IBOVESPA FUNDO DE ÍNDICE;2023-06-30;487657;3935144720.70;AÇÕES;Ação preferencial;N;Para negociação;83200.00;3600670.65;141391.00;6169765.79;250698.00;11161074.96;;;ELET6;;;;;;;;1974-11-13;;;;
FIIM;21.407.758/0001-19;IT NOW IBOVESPA FUNDO DE ÍNDICE;2023-06-30;487657;3935144720.70;AÇÕES;Ação preferencial;S;Para negociação;1450453.00;41050474.06;2464855.00;68778426.56;8419330.00;239277358.60;;;ITUB4;;;;;;;;2009-05-20;;;;
FIIM;21.407.758/0001-19;IT NOW IBOVESPA FUNDO DE ÍNDICE;2023-06-30;487657;3935144720.70;AÇÕES;Ação preferencial;N;Para negociação;472254.00;3668776.73;802466.00;6305178.72;1961371.00;16259765.59;;;CPLE6;;;;;;;;1996-11-14;;;;
FIIM;21.407.758/0001-19;IT NOW IBOVESPA FUNDO DE ÍNDICE;2023-06-30;487657;3935144720.70;AÇÕES;Ação preferencial;N;Para negociação;1379459.00;41497201.32;2344091.00;69169803.21;5676038.00;167613402.14;;;PETR4;;;;;;;;1973-09-18;;;;
FIIM;21.407.758/0001-19;IT NOW IBOVESPA FUNDO DE ÍNDICE;2023-06-30;487657;3935144720.70;AÇÕES;Ação preferencial;N;Para negociação;362670.00;1491059.46;616201.00;2468948.64;1062236.00;4673838.40;;;RAIZ4;;;;;;;;2021-08-05;;;;
FIIM;21.407.758/0001-19;IT NOW IBOVESPA FUNDO DE ÍNDICE;2023-06-30;487657;3935144720.70;AÇÕES;Ação preferencial;N;Para negociação;155581.00;1139469.71;264382.00;1930454.47;494301.00;3494708.07;;;USIM5;;;;;;;;1999-02-02;;;;
FIIM;21.407.758/0001-19;IT NOW IBOVESPA FUNDO DE ÍNDICE;2023-06-30;487657;3935144720.70;TÍTULOS PÚBLICOS;;;Para negociação;0.00;0.00;0.00;0.00;35.00;469681.11;;;;;2026-03-01;;;;;210100;;;;;
FIIM;21.407.758/0001-19;IT NOW IBOVESPA FUNDO DE ÍNDICE;2023-06-30;487657;3935144720.70;TÍTULOS PÚBLICOS;;;Para negociação;0.00;0.00;0.00;0.00;243.00;3266623.89;;;;;2024-09-01;;;;;210100;;;;;
FIIM;21.407.758/0001-19;IT NOW IBOVESPA FUNDO DE ÍNDICE;2023-06-30;487657;3935144720.70;TÍTULOS PÚBLICOS;;;Para negociação;0.00;0.00;0.00;0.00;27.00;362926.42;;;;;2025-03-01;;;;;210100;;;;;
FIIM;21.407.758/0001-19;IT NOW IBOVESPA FUNDO DE ÍNDICE;2023-06-30;487657;3935144720.70;TÍTULOS PÚBLICOS;;;Para negociação;0.00;0.00;0.00;0.00;43.00;578044.85;;;;;2024-03-01;;;;;210100;;;;;
FIIM;21.407.758/0001-19;IT NOW IBOVESPA FUNDO DE ÍNDICE;2023-06-30;487657;3935144720.70;TÍTULOS PÚBLICOS;;;Para negociação;0.00;0.00;0.00;0.00;106.00;1424596.82;;;;;2025-09-01;;;;;210100;;;;;
FIIM;21.407.758/0001-19;IT NOW IBOVESPA FUNDO DE ÍNDICE;2023-06-30;487657;3935144720.70;TÍTULOS PÚBLICOS;;;Para negociação;0.00;0.00;18.00;239836.45;204.00;2729902.04;;;;;2027-03-01;;;;;210100;;;;;
FIIM;21.407.758/0001-19;IT NOW IBOVESPA FUNDO DE ÍNDICE;2023-06-30;487657;3935144720.70;DISPONIBILIDADES;Outros;;Para negociação;;;;;;313580.67;;;;DISPONIBILIDADES;;;;;;;;;;;
FIIM;21.407.758/0001-19;IT NOW IBOVESPA FUNDO DE ÍNDICE;2023-06-30;487657;3935144720.70;VALORES A PAGAR;Outros;;Para negociação;;;;;;80751615.68;;;;VALORES A PAGAR;;;;;;;;;;;
FIIM;21.407.758/0001-19;IT NOW IBOVESPA FUNDO DE ÍNDICE;2023-06-30;487657;3935144720.70;VALORES A RECEBER;Outros;;Para negociação;;;;;;134166139.37;;;;VALORES A RECEBER;;;;;;;;;;;
FIIM;21.407.758/0001-19;IT NOW IBOVESPA FUNDO DE ÍNDICE;2023-06-30;487657;3935144720.70;MERCADO FUTURO - POSIÇÕES COMPRADAS;Contrato Futuro;;Para negociação;0.00;0.00;0.00;0.00;3126.00;-419509.20;;;;FUT WIN;;;;;;;;;;;
FIIM;21.407.758/0001-19;IT NOW IBOVESPA FUNDO DE ÍNDICE;2023-06-30;487657;3935144720.70;AÇÕES E OUTROS TVM CEDIDOS EM EMPRÉSTIMO;Ação ordinária;N;Para negociação;;;;;379704.00;24384590.88;;;VALE3;;;;;;;;1982-02-15;;;;
FIIM;21.407.758/0001-19;IT NOW IBOVESPA FUNDO DE ÍNDICE;2023-06-30;487657;3935144720.70;AÇÕES E OUTROS TVM CEDIDOS EM EMPRÉSTIMO;Ação ordinária;N;Para negociação;;;;;525109.00;4505435.22;;;LWSA3;;;;;;;;2020-02-06;;;;
FIIM;21.407.758/0001-19;IT NOW IBOVESPA FUNDO DE ÍNDICE;2023-06-30;487657;3935144720.70;AÇÕES E OUTROS TVM CEDIDOS EM EMPRÉSTIMO;Ação ordinária;N;Para negociação;;;;;221675.00;5235963.50;;;ENBR3;;;;;;;;2005-07-13;;;;
FIIM;21.407.758/0001-19;IT NOW IBOVESPA FUNDO DE ÍNDICE;2023-06-30;487657;3935144720.70;AÇÕES E OUTROS TVM CEDIDOS EM EMPRÉSTIMO;Ação ordinária;N;Para negociação;;;;;384358.00;5627001.12;;;BBDC3;;;;;;;;1973-12-06;;;;
FIIM;21.407.758/0001-19;IT NOW IBOVESPA FUNDO DE ÍNDICE;2023-06-30;487657;3935144720.70;AÇÕES E OUTROS TVM CEDIDOS EM EMPRÉSTIMO;Ação ordinária;N;Para negociação;;;;;801661.00;54913778.50;;;RENT3;;;;;;;;2005-05-23;;;;
FIIM;21.407.758/0001-19;IT NOW IBOVESPA FUNDO DE ÍNDICE;2023-06-30;487657;3935144720.70;AÇÕES E OUTROS TVM CEDIDOS EM EMPRÉSTIMO;Ação ordinária;N;Para negociação;;;;;220599.00;7092257.85;;;EQTL3;;;;;;;;2006-04-03;;;;
FIIM;21.407.758/0001-19;IT NOW IBOVESPA FUNDO DE ÍNDICE;2023-06-30;487657;3935144720.70;AÇÕES E OUTROS TVM CEDIDOS EM EMPRÉSTIMO;Ação ordinária;N;Para negociação;;;;;296936.00;9136720.72;;;BBSE3;;;;;;;;2013-04-29;;;;
FIIM;21.407.758/0001-19;IT NOW IBOVESPA FUNDO DE ÍNDICE;2023-06-30;487657;3935144720.70;AÇÕES E OUTROS TVM CEDIDOS EM EMPRÉSTIMO;Ação ordinária;N;Para negociação;;;;;82628.00;645324.68;;;CASH3;;;;;;;;2020-11-05;;;;
FIIM;21.407.758/0001-19;IT NOW IBOVESPA FUNDO DE ÍNDICE;2023-06-30;487657;3935144720.70;AÇÕES E OUTROS TVM CEDIDOS EM EMPRÉSTIMO;Ação ordinária;N;Para negociação;;;;;76417.00;6042292.19;;;ARZZ3;;;;;;;;2011-02-02;;;;
FIIM;21.407.758/0001-19;IT NOW IBOVESPA FUNDO DE ÍNDICE;2023-06-30;487657;3935144720.70;AÇÕES E OUTROS TVM CEDIDOS EM EMPRÉSTIMO;Ação ordinária;N;Para negociação;;;;;272440.00;12447783.60;;;EGIE3;;;;;;;;2016-07-21;;;;
FIIM;21.407.758/0001-19;IT NOW IBOVESPA FUNDO DE ÍNDICE;2023-06-30;487657;3935144720.70;AÇÕES E OUTROS TVM CEDIDOS EM EMPRÉSTIMO;Ação ordinária;N;Para negociação;;;;;267313.00;2841537.19;;;BEEF3;;;;;;;;2007-07-20;;;;
FIIM;21.407.758/0001-19;IT NOW IBOVESPA FUNDO DE ÍNDICE;2023-06-30;487657;3935144720.70;AÇÕES E OUTROS TVM CEDIDOS EM EMPRÉSTIMO;Ação ordinária;N;Para negociação;;;;;96560.00;3690523.20;;;SLCE3;;;;;;;;2007-06-15;;;;
FIIM;21.407.758/0001-19;IT NOW IBOVESPA FUNDO DE ÍNDICE;2023-06-30;487657;3935144720.70;AÇÕES E OUTROS TVM CEDIDOS EM EMPRÉSTIMO;Ação ordinária;N;Para negociação;;;;;752558.00;33278114.76;;;SUZB3;;;;;;;;2004-08-05;;;;
FIIM;21.407.758/0001-19;IT NOW IBOVESPA FUNDO DE ÍNDICE;2023-06-30;487657;3935144720.70;AÇÕES E OUTROS TVM CEDIDOS EM EMPRÉSTIMO;Ação ordinária;N;Para negociação;;;;;1121078.00;33183908.80;;;RADL3;;;;;;;;2011-12-19;;;;
FIIM;21.407.758/0001-19;IT NOW IBOVESPA FUNDO DE ÍNDICE;2023-06-30;487657;3935144720.70;AÇÕES E OUTROS TVM CEDIDOS EM EMPRÉSTIMO;Ação ordinária;N;Para negociação;;;;;280634.00;5562165.88;;;YDUQ3;;;;;;;;2019-07-23;;;;
FIIM;21.407.758/0001-19;IT NOW IBOVESPA FUNDO DE ÍNDICE;2023-06-30;487657;3935144720.70;AÇÕES E OUTROS TVM CEDIDOS EM EMPRÉSTIMO;Ação ordinária;N;Para negociação;;;;;1142231.00;20400245.66;;;CSAN3;;;;;;;;2005-11-18;;;;
FIIM;21.407.758/0001-19;IT NOW IBOVESPA FUNDO DE ÍNDICE;2023-06-30;487657;3935144720.70;AÇÕES E OUTROS TVM CEDIDOS EM EMPRÉSTIMO;Ação ordinária;N;Para negociação;;;;;1388868.00;5805468.24;;;CMIN3;;;;;;;;2021-02-18;;;;
FIIM;21.407.758/0001-19;IT NOW IBOVESPA FUNDO DE ÍNDICE;2023-06-30;487657;3935144720.70;AÇÕES E OUTROS TVM CEDIDOS EM EMPRÉSTIMO;Ação ordinária;N;Para negociação;;;;;168747.00;4159613.55;;;ALSO3;;;;;;;;2019-08-06;;;;
FIIM;21.407.758/0001-19;IT NOW IBOVESPA FUNDO DE ÍNDICE;2023-06-30;487657;3935144720.70;AÇÕES E OUTROS TVM CEDIDOS EM EMPRÉSTIMO;Ação ordinária;N;Para negociação;;;;;906525.00;18130500.00;;;LREN3;;;;;;;;1973-07-24;;;;
FIIM;21.407.758/0001-19;IT NOW IBOVESPA FUNDO DE ÍNDICE;2023-06-30;487657;3935144720.70;AÇÕES E OUTROS TVM CEDIDOS EM EMPRÉSTIMO;Ação ordinária;N;Para negociação;;;;;1307002.00;64565898.80;;;BBAS3;;;;;;;;1973-05-31;;;;
FIIM;21.407.758/0001-19;IT NOW IBOVESPA FUNDO DE ÍNDICE;2023-06-30;487657;3935144720.70;AÇÕES E OUTROS TVM CEDIDOS EM EMPRÉSTIMO;Ação ordinária;N;Para negociação;;;;;1088745.00;20566393.05;;;UGPA3;;;;;;;;1999-10-13;;;;
FIIM;21.407.758/0001-19;IT NOW IBOVESPA FUNDO DE ÍNDICE;2023-06-30;487657;3935144720.70;AÇÕES E OUTROS TVM CEDIDOS EM EMPRÉSTIMO;Ação ordinária;N;Para negociação;;;;;756101.00;25026943.10;;;PETR3;;;;;;;;1973-09-18;;;;
FIIM;21.407.758/0001-19;IT NOW IBOVESPA FUNDO DE ÍNDICE;2023-06-30;487657;3935144720.70;AÇÕES E OUTROS TVM CEDIDOS EM EMPRÉSTIMO;Ação ordinária;N;Para negociação;;;;;1006699.00;14144120.95;;;CCRO3;;;;;;;;2002-02-01;;;;
FIIM;21.407.758/0001-19;IT NOW IBOVESPA FUNDO DE ÍNDICE;2023-06-30;487657;3935144720.70;AÇÕES E OUTROS TVM CEDIDOS EM EMPRÉSTIMO;Ação ordinária;N;Para negociação;;;;;3918126.00;60378321.66;;;ABEV3;;;;;;;;2013-11-11;;;;
FIIM;21.407.758/0001-19;IT NOW IBOVESPA FUNDO DE ÍNDICE;2023-06-30;487657;3935144720.70;AÇÕES E OUTROS TVM CEDIDOS EM EMPRÉSTIMO;Ação ordinária;N;Para negociação;;;;;806806.00;26560053.52;;;RDOR3;;;;;;;;2020-12-10;;;;
FIIM;21.407.758/0001-19;IT NOW IBOVESPA FUNDO DE ÍNDICE;2023-06-30;487657;3935144720.70;AÇÕES E OUTROS TVM CEDIDOS EM EMPRÉSTIMO;Ação ordinária;N;Para negociação;;;;;84845.00;2917819.55;;;CPFE3;;;;;;;;2004-09-29;;;;
FIIM;21.407.758/0001-19;IT NOW IBOVESPA FUNDO DE ÍNDICE;2023-06-30;487657;3935144720.70;AÇÕES E OUTROS TVM CEDIDOS EM EMPRÉSTIMO;Ação ordinária;N;Para negociação;;;;;597627.00;7171524.00;;;SOMA3;;;;;;;;2020-07-31;;;;
FIIM;21.407.758/0001-19;IT NOW IBOVESPA FUNDO DE ÍNDICE;2023-06-30;487657;3935144720.70;AÇÕES E OUTROS TVM CEDIDOS EM EMPRÉSTIMO;Ação ordinária;N;Para negociação;;;;;1292081.00;15853833.87;;;ENEV3;;;;;;;;2013-10-22;;;;
FIIM;21.407.758/0001-19;IT NOW IBOVESPA FUNDO DE ÍNDICE;2023-06-30;487657;3935144720.70;AÇÕES E OUTROS TVM CEDIDOS EM EMPRÉSTIMO;Ação ordinária;N;Para negociação;;;;;292769.00;8739154.65;;;RRRP3;;;;;;;;2020-11-12;;;;
FIIM;21.407.758/0001-19;IT NOW IBOVESPA FUNDO DE ÍNDICE;2023-06-30;487657;3935144720.70;AÇÕES E OUTROS TVM CEDIDOS EM EMPRÉSTIMO;Ação ordinária;N;Para negociação;;;;;670504.00;11224236.96;;;NTCO3;;;;;;;;2019-12-18;;;;
FIIM;21.407.758/0001-19;IT NOW IBOVESPA FUNDO DE ÍNDICE;2023-06-30;487657;3935144720.70;AÇÕES E OUTROS TVM CEDIDOS EM EMPRÉSTIMO;Ação ordinária;N;Para negociação;;;;;389617.00;2563679.86;;;PETZ3;;;;;;;;2020-09-11;;;;
FIIM;21.407.758/0001-19;IT NOW IBOVESPA FUNDO DE ÍNDICE;2023-06-30;487657;3935144720.70;AÇÕES E OUTROS TVM CEDIDOS EM EMPRÉSTIMO;Ação ordinária;N;Para negociação;;;;;9187.00;165825.35;;;VBBR3;;;;;;;;2021-10-22;;;;
FIIM;21.407.758/0001-19;IT NOW IBOVESPA FUNDO DE ÍNDICE;2023-06-30;487657;3935144720.70;AÇÕES E OUTROS TVM CEDIDOS EM EMPRÉSTIMO;Ação ordinária;N;Para negociação;;;;;17596.00;664249.00;;;WEGE3;;;;;;;;2004-08-02;;;;
FIIM;21.407.758/0001-19;IT NOW IBOVESPA FUNDO DE ÍNDICE;2023-06-30;487657;3935144720.70;AÇÕES E OUTROS TVM CEDIDOS EM EMPRÉSTIMO;Ação ordinária;N;Para negociação;;;;;168319.00;7744357.19;;;HYPE3;;;;;;;;2008-04-18;;;;
FIIM;21.407.758/0001-19;IT NOW IBOVESPA FUNDO DE ÍNDICE;2023-06-30;487657;3935144720.70;AÇÕES E OUTROS TVM CEDIDOS EM EMPRÉSTIMO;Ação ordinária;N;Para negociação;;;;;128331.00;2401073.01;;;PCAR3;;;;;;;;1995-10-03;;;;
FIIM;21.407.758/0001-19;IT NOW IBOVESPA FUNDO DE ÍNDICE;2023-06-30;487657;3935144720.70;AÇÕES E OUTROS TVM CEDIDOS EM EMPRÉSTIMO;Ação ordinária;N;Para negociação;;;;;455876.00;8451941.04;;;EMBR3;;;;;;;;1989-08-28;;;;
FIIM;21.407.758/0001-19;IT NOW IBOVESPA FUNDO DE ÍNDICE;2023-06-30;487657;3935144720.70;AÇÕES E OUTROS TVM CEDIDOS EM EMPRÉSTIMO;Ação ordinária;N;Para negociação;;;;;638405.00;9333481.10;;;TIMS3;;;;;;;;2020-10-13;;;;
FIIM;21.407.758/0001-19;IT NOW IBOVESPA FUNDO DE ÍNDICE;2023-06-30;487657;3935144720.70;AÇÕES E OUTROS TVM CEDIDOS EM EMPRÉSTIMO;Ação ordinária;N;Para negociação;;;;;1130563.00;10073316.33;;;BRFS3;;;;;;;;2009-12-10;;;;
FIIM;21.407.758/0001-19;IT NOW IBOVESPA FUNDO DE ÍNDICE;2023-06-30;487657;3935144720.70;AÇÕES E OUTROS TVM CEDIDOS EM EMPRÉSTIMO;Ação ordinária;N;Para negociação;;;;;281704.00;5670701.52;;;CYRE3;;;;;;;;1996-05-27;;;;
FIIM;21.407.758/0001-19;IT NOW IBOVESPA FUNDO DE ÍNDICE;2023-06-30;487657;3935144720.70;AÇÕES E OUTROS TVM CEDIDOS EM EMPRÉSTIMO;Ação ordinária;N;Para negociação;;;;;564379.00;6321044.80;;;CRFB3;;;;;;;;2017-07-20;;;;
FIIM;21.407.758/0001-19;IT NOW IBOVESPA FUNDO DE ÍNDICE;2023-06-30;487657;3935144720.70;AÇÕES E OUTROS TVM CEDIDOS EM EMPRÉSTIMO;Ação ordinária;N;Para negociação;;;;;2968404.00;10003521.48;;;MGLU3;;;;;;;;2011-05-02;;;;
FIIM;21.407.758/0001-19;IT NOW IBOVESPA FUNDO DE ÍNDICE;2023-06-30;487657;3935144720.70;AÇÕES E OUTROS TVM CEDIDOS EM EMPRÉSTIMO;Ação ordinária;N;Para negociação;;;;;321293.00;3717360.01;;;MRVE3;;;;;;;;2007-07-23;;;;
FIIM;21.407.758/0001-19;IT NOW IBOVESPA FUNDO DE ÍNDICE;2023-06-30;487657;3935144720.70;AÇÕES E OUTROS TVM CEDIDOS EM EMPRÉSTIMO;Ação ordinária;N;Para negociação;;;;;446177.00;19306078.79;;;VIVT3;;;;;;;;2011-10-06;;;;
FIIM;21.407.758/0001-19;IT NOW IBOVESPA FUNDO DE ÍNDICE;2023-06-30;487657;3935144720.70;AÇÕES E OUTROS TVM CEDIDOS EM EMPRÉSTIMO;Ação ordinária;N;Para negociação;;;;;3441647.00;50282462.67;;;B3SA3;;;;;;;;2018-03-26;;;;
FIIM;21.407.758/0001-19;IT NOW IBOVESPA FUNDO DE ÍNDICE;2023-06-30;487657;3935144720.70;AÇÕES E OUTROS TVM CEDIDOS EM EMPRÉSTIMO;Ação ordinária;N;Para negociação;;;;;199756.00;1452226.12;;;MRFG3;;;;;;;;2007-06-28;;;;
FIIM;21.407.758/0001-19;IT NOW IBOVESPA FUNDO DE ÍNDICE;2023-06-30;487657;3935144720.70;AÇÕES E OUTROS TVM CEDIDOS EM EMPRÉSTIMO;Ação ordinária;N;Para negociação;;;;;1428.00;45910.20;;;EQTL9;;;;;;;;2023-06-12;;;;
FIIM;21.407.758/0001-19;IT NOW IBOVESPA FUNDO DE ÍNDICE;2023-06-30;487657;3935144720.70;AÇÕES E OUTROS TVM CEDIDOS EM EMPRÉSTIMO;Ação ordinária;N;Para negociação;;;;;753359.00;29946020.25;;;ELET3;;;;;;;;1983-09-01;;;;
FIIM;21.407.758/0001-19;IT NOW IBOVESPA FUNDO DE ÍNDICE;2023-06-30;487657;3935144720.70;AÇÕES E OUTROS TVM CEDIDOS EM EMPRÉSTIMO;Ação ordinária;N;Para negociação;;;;;464084.00;10302664.80;;;RAIL3;;;;;;;;2017-03-13;;;;
FIIM;21.407.758/0001-19;IT NOW IBOVESPA FUNDO DE ÍNDICE;2023-06-30;487657;3935144720.70;AÇÕES E OUTROS TVM CEDIDOS EM EMPRÉSTIMO;Ação ordinária;N;Para negociação;;;;;1002195.00;17498324.70;;;JBSS3;;;;;;;;2007-03-29;;;;
FIIM;21.407.758/0001-19;IT NOW IBOVESPA FUNDO DE ÍNDICE;2023-06-30;487657;3935144720.70;AÇÕES E OUTROS TVM CEDIDOS EM EMPRÉSTIMO;Ação ordinária;N;Para negociação;;;;;284523.00;4566594.15;;;FLRY3;;;;;;;;2009-12-17;;;;
FIIM;21.407.758/0001-19;IT NOW IBOVESPA FUNDO DE ÍNDICE;2023-06-30;487657;3935144720.70;AÇÕES E OUTROS TVM CEDIDOS EM EMPRÉSTIMO;Ação ordinária;N;Para negociação;;;;;412345.00;1892663.55;;;CIEL3;;;;;;;;2009-12-18;;;;
FIIM;21.407.758/0001-19;IT NOW IBOVESPA FUNDO DE ÍNDICE;2023-06-30;487657;3935144720.70;AÇÕES E OUTROS TVM CEDIDOS EM EMPRÉSTIMO;Ação ordinária;N;Para negociação;;;;;1142153.00;3723418.78;;;COGN3;;;;;;;;2019-10-11;;;;
FIIM;21.407.758/0001-19;IT NOW IBOVESPA FUNDO DE ÍNDICE;2023-06-30;487657;3935144720.70;AÇÕES E OUTROS TVM CEDIDOS EM EMPRÉSTIMO;Ação ordinária;N;Para negociação;;;;;124972.00;4267793.80;;;SMTO3;;;;;;;;2007-02-12;;;;
FIIM;21.407.758/0001-19;IT NOW IBOVESPA FUNDO DE ÍNDICE;2023-06-30;487657;3935144720.70;AÇÕES E OUTROS TVM CEDIDOS EM EMPRÉSTIMO;Ação ordinária;N;Para negociação;;;;;320328.00;2674738.80;;;DXCO3;;;;;;;;2021-08-19;;;;
FIIM;21.407.758/0001-19;IT NOW IBOVESPA FUNDO DE ÍNDICE;2023-06-30;487657;3935144720.70;AÇÕES E OUTROS TVM CEDIDOS EM EMPRÉSTIMO;Ação ordinária;N;Para negociação;;;;;860349.00;11829798.75;;;ASAI3;;;;;;;;2021-03-01;;;;
FIIM;21.407.758/0001-19;IT NOW IBOVESPA FUNDO DE ÍNDICE;2023-06-30;487657;3935144720.70;AÇÕES E OUTROS TVM CEDIDOS EM EMPRÉSTIMO;Ação ordinária;N;Para negociação;;;;;102293.00;4454860.15;;;IRBR3;;;;;;;;2017-07-31;;;;
FIIM;21.407.758/0001-19;IT NOW IBOVESPA FUNDO DE ÍNDICE;2023-06-30;487657;3935144720.70;AÇÕES E OUTROS TVM CEDIDOS EM EMPRÉSTIMO;Ação ordinária;N;Para negociação;;;;;1684882.00;3622496.30;;;VIIA3;;;;;;;;2021-08-16;;;;
FIIM;21.407.758/0001-19;IT NOW IBOVESPA FUNDO DE ÍNDICE;2023-06-30;487657;3935144720.70;AÇÕES E OUTROS TVM CEDIDOS EM EMPRÉSTIMO;Ação ordinária;N;Para negociação;;;;;98429.00;1813062.18;;;EZTC3;;;;;;;;2007-06-22;;;;
FIIM;21.407.758/0001-19;IT NOW IBOVESPA FUNDO DE ÍNDICE;2023-06-30;487657;3935144720.70;AÇÕES E OUTROS TVM CEDIDOS EM EMPRÉSTIMO;Ação ordinária;N;Para negociação;;;;;130056.00;7357267.92;;;SBSP3;;;;;;;;1997-03-11;;;;
FIIM;21.407.758/0001-19;IT NOW IBOVESPA FUNDO DE ÍNDICE;2023-06-30;487657;3935144720.70;AÇÕES E OUTROS TVM CEDIDOS EM EMPRÉSTIMO;Ação ordinária;N;Para negociação;;;;;801032.00;29702266.56;;;PRIO3;;;;;;;;2015-06-26;;;;
FIIM;21.407.758/0001-19;IT NOW IBOVESPA FUNDO DE ÍNDICE;2023-06-30;487657;3935144720.70;AÇÕES E OUTROS TVM CEDIDOS EM EMPRÉSTIMO;Ação ordinária;N;Para negociação;;;;;142995.00;501912.45;;;CVCB3;;;;;;;;2013-12-09;;;;
FIIM;21.407.758/0001-19;IT NOW IBOVESPA FUNDO DE ÍNDICE;2023-06-30;487657;3935144720.70;AÇÕES E OUTROS TVM CEDIDOS EM EMPRÉSTIMO;Ação ordinária;N;Para negociação;;;;;277822.00;7687334.74;;;MULT3;;;;;;;;2007-07-27;;;;
FIIM;21.407.758/0001-19;IT NOW IBOVESPA FUNDO DE ÍNDICE;2023-06-30;487657;3935144720.70;AÇÕES E OUTROS TVM CEDIDOS EM EMPRÉSTIMO;Ação ordinária;N;Para negociação;;;;;458544.00;13747149.12;;;TOTS3;;;;;;;;2006-03-09;;;;
FIIM;21.407.758/0001-19;IT NOW IBOVESPA FUNDO DE ÍNDICE;2023-06-30;487657;3935144720.70;AÇÕES E OUTROS TVM CEDIDOS EM EMPRÉSTIMO;Ação ordinária;N;Para negociação;;;;;630676.00;7650099.88;;;CSNA3;;;;;;;;1993-08-02;;;;
FIIM;21.407.758/0001-19;IT NOW IBOVESPA FUNDO DE ÍNDICE;2023-06-30;487657;3935144720.70;AÇÕES E OUTROS TVM CEDIDOS EM EMPRÉSTIMO;Ação ordinária;N;Para negociação;;;;;2501624.00;10957113.12;;;HAPV3;;;;;;;;2018-04-25;;;;
FIIM;21.407.758/0001-19;IT NOW IBOVESPA FUNDO DE ÍNDICE;2023-06-30;487657;3935144720.70;AÇÕES E OUTROS TVM CEDIDOS EM EMPRÉSTIMO;Ação preferencial;N;Para negociação;;;;;1155287.00;28963045.09;;;GGBR4;;;;;;;;2001-02-01;;;;
FIIM;21.407.758/0001-19;IT NOW IBOVESPA FUNDO DE ÍNDICE;2023-06-30;487657;3935144720.70;AÇÕES E OUTROS TVM CEDIDOS EM EMPRÉSTIMO;Ação preferencial;N;Para negociação;;;;;1149103.00;14777464.58;;;CMIG4;;;;;;;;1973-08-20;;;;
FIIM;21.407.758/0001-19;IT NOW IBOVESPA FUNDO DE ÍNDICE;2023-06-30;487657;3935144720.70;AÇÕES E OUTROS TVM CEDIDOS EM EMPRÉSTIMO;Ação preferencial;N;Para negociação;;;;;125339.00;1650714.63;;;GOLL4;;;;;;;;2004-06-24;;;;
FIIM;21.407.758/0001-19;IT NOW IBOVESPA FUNDO DE ÍNDICE;2023-06-30;487657;3935144720.70;AÇÕES E OUTROS TVM CEDIDOS EM EMPRÉSTIMO;Ação preferencial;N;Para negociação;;;;;266967.00;11885370.84;;;ELET6;;;;;;;;1974-11-13;;;;
FIIM;21.407.758/0001-19;IT NOW IBOVESPA FUNDO DE ÍNDICE;2023-06-30;487657;3935144720.70;AÇÕES E OUTROS TVM CEDIDOS EM EMPRÉSTIMO;Ação preferencial;S;Para negociação;;;;;173485.00;1672395.40;;;ITSA4;;;;;;;;1973-09-17;;;;
FIIM;21.407.758/0001-19;IT NOW IBOVESPA FUNDO DE ÍNDICE;2023-06-30;487657;3935144720.70;AÇÕES E OUTROS TVM CEDIDOS EM EMPRÉSTIMO;Ação preferencial;N;Para negociação;;;;;219331.00;4794575.66;;;AZUL4;;;;;;;;2017-04-11;;;;
FIIM;21.407.758/0001-19;IT NOW IBOVESPA FUNDO DE ÍNDICE;2023-06-30;487657;3935144720.70;AÇÕES E OUTROS TVM CEDIDOS EM EMPRÉSTIMO;Ação preferencial;N;Para negociação;;;;;4889127.00;80426139.15;;;BBDC4;;;;;;;;1973-12-06;;;;
FIIM;21.407.758/0001-19;IT NOW IBOVESPA FUNDO DE ÍNDICE;2023-06-30;487657;3935144720.70;AÇÕES E OUTROS TVM CEDIDOS EM EMPRÉSTIMO;Ação preferencial;N;Para negociação;;;;;975851.00;8089804.79;;;CPLE6;;;;;;;;1996-11-14;;;;
FIIM;21.407.758/0001-19;IT NOW IBOVESPA FUNDO DE ÍNDICE;2023-06-30;487657;3935144720.70;AÇÕES E OUTROS TVM CEDIDOS EM EMPRÉSTIMO;Ação preferencial;N;Para negociação;;;;;473288.00;3346146.16;;;USIM5;;;;;;;;1999-02-02;;;;
FIIM;21.407.758/0001-19;IT NOW IBOVESPA FUNDO DE ÍNDICE;2023-06-30;487657;3935144720.70;AÇÕES E OUTROS TVM CEDIDOS EM EMPRÉSTIMO;Ação preferencial;N;Para negociação;;;;;1193192.00;5250044.80;;;RAIZ4;;;;;;;;2021-08-05;;;;
FIIM;21.407.758/0001-19;IT NOW IBOVESPA FUNDO DE ÍNDICE;2023-06-30;487657;3935144720.70;AÇÕES E OUTROS TVM CEDIDOS EM EMPRÉSTIMO;Ação preferencial;N;Para negociação;;;;;264164.00;5867082.44;;;BRAP4;;;;;;;;2000-08-10;;;;
FIIM;21.407.758/0001-19;IT NOW IBOVESPA FUNDO DE ÍNDICE;2023-06-30;487657;3935144720.70;AÇÕES E OUTROS TVM CEDIDOS EM EMPRÉSTIMO;Ação preferencial;N;Para negociação;;;;;120684.00;3362256.24;;;BRKM5;;;;;;;;2002-09-02;;;;
FIIM;21.407.758/0001-19;IT NOW IBOVESPA FUNDO DE ÍNDICE;2023-06-30;487657;3935144720.70;AÇÕES E OUTROS TVM CEDIDOS EM EMPRÉSTIMO;Ação preferencial;N;Para negociação;;;;;2903473.00;85739557.69;;;PETR4;;;;;;;;1973-09-18;;;;
FIIM;21.407.758/0001-19;IT NOW IBOVESPA FUNDO DE ÍNDICE;2023-06-30;487657;3935144720.70;AÇÕES E OUTROS TVM CEDIDOS EM EMPRÉSTIMO;Ação preferencial;N;Para negociação;;;;;234628.00;2773302.96;;;GOAU4;;;;;;;;1973-08-27;;;;
FIIM;21.407.758/0001-19;IT NOW IBOVESPA FUNDO DE ÍNDICE;2023-06-30;487657;3935144720.70;AÇÕES E OUTROS TVM CEDIDOS EM EMPRÉSTIMO;Ação preferencial;S;Para negociação;;;;;602012.00;17109181.04;;;ITUB4;;;;;;;;2009-05-20;;;;
FIIM;21.407.758/0001-19;IT NOW IBOVESPA FUNDO DE ÍNDICE;2023-06-30;487657;3935144720.70;AÇÕES E OUTROS TVM CEDIDOS EM EMPRÉSTIMO;Certificado de depósito de ações;N;Para negociação;;;;;630493.00;13725832.61;;;KLBN11;;;;;;;;2014-01-10;;;;
FIIM;21.407.758/0001-19;IT NOW IBOVESPA FUNDO DE ÍNDICE;2023-06-30;487657;3935144720.70;AÇÕES E OUTROS TVM CEDIDOS EM EMPRÉSTIMO;Certificado de depósito de ações;N;Para negociação;;;;;339189.00;10389359.07;;;SANB11;;;;;;;;2009-10-07;;;;
FIIM;21.407.758/0001-19;IT NOW IBOVESPA FUNDO DE ÍNDICE;2023-06-30;487657;3935144720.70;AÇÕES E OUTROS TVM CEDIDOS EM EMPRÉSTIMO;Certificado de depósito de ações;N;Para negociação;;;;;463999.00;14592768.55;;;BPAC11;;;;;;;;2017-02-16;;;;
FIIM;21.407.758/0001-19;IT NOW IBOVESPA FUNDO DE ÍNDICE;2023-06-30;487657;3935144720.70;AÇÕES E OUTROS TVM CEDIDOS EM EMPRÉSTIMO;Certificado de depósito de ações;N;Para negociação;;;;;263039.00;13204557.80;;;ENGI11;;;;;;;;2009-11-03;;;;
FIIM;21.407.758/0001-19;IT NOW IBOVESPA FUNDO DE ÍNDICE;2023-06-30;487657;3935144720.70;AÇÕES E OUTROS TVM CEDIDOS EM EMPRÉSTIMO;Certificado de depósito de ações;N;Para negociação;;;;;153763.00;3447366.46;;;IGTI11;;;;;;;;2021-11-22;;;;
FIIM;21.407.758/0001-19;IT NOW IBOVESPA FUNDO DE ÍNDICE;2023-06-30;487657;3935144720.70;AÇÕES E OUTROS TVM CEDIDOS EM EMPRÉSTIMO;Certificado de depósito de ações;N;Para negociação;;;;;225248.00;8478334.72;;;TAEE11;;;;;;;;2012-05-28;;;;
FIIM;21.407.758/0001-19;IT NOW IBOVESPA FUNDO DE ÍNDICE;2023-06-30;487657;3935144720.70;OPERAÇÕES COMPROMISSADAS;;N;Para negociação;;;;;3243.00;13463570.59;;;;;2025-05-15;;;;;760199;;;;;
FIIM;21.407.758/0001-19;IT NOW IBOVESPA FUNDO DE ÍNDICE;2023-06-30;487657;3935144720.70;CERTIFICADO OU RECIBO DE DEPÓSITO DE VALORES MOBILIÁRIOS;Certificado de depósito de ações;N;Para negociação;0.00;0.00;0.00;0.00;328987.00;10076871.81;;;SANB11;;;;;;;;2009-10-07;;;;
FIIM;21.407.758/0001-19;IT NOW IBOVESPA FUNDO DE ÍNDICE;2023-06-30;487657;3935144720.70;CERTIFICADO OU RECIBO DE DEPÓSITO DE VALORES MOBILIÁRIOS;Certificado de depósito de ações;N;Para negociação;0.00;0.00;0.00;0.00;251577.00;5640356.34;;;IGTI11;;;;;;;;2021-11-22;;;;
FIIM;21.407.758/0001-19;IT NOW IBOVESPA FUNDO DE ÍNDICE;2023-06-30;487657;3935144720.70;CERTIFICADO OU RECIBO DE DEPÓSITO DE VALORES MOBILIÁRIOS;Certificado de depósito de ações;N;Para negociação;0.00;0.00;0.00;0.00;185406.00;6978681.84;;;TAEE11;;;;;;;;2012-05-28;;;;
FIIM;21.407.758/0001-19;IT NOW IBOVESPA FUNDO DE ÍNDICE;2023-06-30;487657;3935144720.70;CERTIFICADO OU RECIBO DE DEPÓSITO DE VALORES MOBILIÁRIOS;Certificado de depósito de ações;N;Para negociação;0.00;0.00;0.00;0.00;1838400.00;57817680.00;;;BPAC11;;;;;;;;2017-02-16;;;;
FIIM;21.407.758/0001-19;IT NOW IBOVESPA FUNDO DE ÍNDICE;2023-06-30;487657;3935144720.70;CERTIFICADO OU RECIBO DE DEPÓSITO DE VALORES MOBILIÁRIOS;Certificado de depósito de ações;N;Para negociação;0.00;0.00;0.00;0.00;688240.00;14982984.80;;;KLBN11;;;;;;;;2014-01-10;;;;
FIIM;21.407.758/0001-19;IT NOW IBOVESPA FUNDO DE ÍNDICE;2023-06-30;487657;3935144720.70;CERTIFICADO OU RECIBO DE DEPÓSITO DE VALORES MOBILIÁRIOS;Certificado de depósito de ações;N;Para negociação;0.00;0.00;0.00;0.00;203785.00;10230007.00;;;ENGI11;;;;;;;;2009-11-03;;;;
FIIM;21.407.758/0001-19;IT NOW IBOVESPA FUNDO DE ÍNDICE;2023-06-30;487657;3935144720.70;OUTROS VALORES MOBILIÁRIOS REGISTRADOS NA CVM OBJETO DE OFERTA PÚBLICA;Recibo de subscrição;N;Para negociação;0.00;0.00;0.00;0.00;30264.00;972987.60;;;EQTL9;;;;;;;;2023-06-12;;;;
FIIM;26.845.780/0001-64;MIRAE ASSET RENDA FIXA PRE FUNDO DE INDICE;2023-06-30;488355;105176626.31;TÍTULOS PÚBLICOS;;;Para negociação;0.00;0.00;0.00;0.00;1100.00;14787203.63;;;;;2024-09-01;;;;;210100;;;;;
FIIM;26.845.780/0001-64;MIRAE ASSET RENDA FIXA PRE FUNDO DE INDICE;2023-06-30;488355;105176626.31;TÍTULOS PÚBLICOS;;;Para negociação;0.00;0.00;0.00;0.00;4600.00;61822123.29;;;;;2025-09-01;;;;;210100;;;;;
FIIM;26.845.780/0001-64;MIRAE ASSET RENDA FIXA PRE FUNDO DE INDICE;2023-06-30;488355;105176626.31;MERCADO FUTURO - POSIÇÕES COMPRADAS;Futuro de DI1:DI de 1 dia;;Para negociação;1338.00;104625793.08;0.00;0.00;0.00;0.00;;;;Bolsa Mercadoria Futuros - FUT-DI1-F26;;PJ;54641030000106;BMF;;;;;;;
FIIM;26.845.780/0001-64;MIRAE ASSET RENDA FIXA PRE FUNDO DE INDICE;2023-06-30;488355;105176626.31;OPERAÇÕES COMPROMISSADAS;;N;Para negociação;0.00;0.00;0.00;0.00;6702.00;28099503.74;;;;;2045-05-15;;;;;760199;;;;;
FIIM;31.024.153/0001-00;IT NOW ID ETF IMA-B FUNDO DE ÍNDICE;2023-06-30;487675;2048394808.80;TÍTULOS PÚBLICOS;;;Para negociação;0.00;0.00;0.00;0.00;41980.00;183026108.73;;;;;2028-08-15;;;;;760199;;;;;
FIIM;31.024.153/0001-00;IT NOW ID ETF IMA-B FUNDO DE ÍNDICE;2023-06-30;487675;2048394808.80;TÍTULOS PÚBLICOS;;;Para negociação;0.00;0.00;0.00;0.00;9364.00;42901404.20;;;;;2060-08-15;;;;;760199;;;;;
FIIM;31.024.153/0001-00;IT NOW ID ETF IMA-B FUNDO DE ÍNDICE;2023-06-30;487675;2048394808.80;TÍTULOS PÚBLICOS;;;Para negociação;0.00;0.00;0.00;0.00;5659.00;24864822.37;;;;;2033-05-15;;;;;760199;;;;;
FIIM;31.024.153/0001-00;IT NOW ID ETF IMA-B FUNDO DE ÍNDICE;2023-06-30;487675;2048394808.80;TÍTULOS PÚBLICOS;;;Para negociação;0.00;0.00;0.00;0.00;34383.00;152237805.60;;;;;2030-08-15;;;;;760199;;;;;
FIIM;31.024.153/0001-00;IT NOW ID ETF IMA-B FUNDO DE ÍNDICE;2023-06-30;487675;2048394808.80;TÍTULOS PÚBLICOS;;;Para negociação;0.00;0.00;0.00;0.00;52284.00;237081859.05;;;;;2050-08-15;;;;;760199;;;;;
FIIM;31.024.153/0001-00;IT NOW ID ETF IMA-B FUNDO DE ÍNDICE;2023-06-30;487675;2048394808.80;TÍTULOS PÚBLICOS;;;Para negociação;0.00;0.00;0.00;0.00;32370.00;143789513.44;;;;;2045-05-15;;;;;760199;;;;;
FIIM;31.024.153/0001-00;IT NOW ID ETF IMA-B FUNDO DE ÍNDICE;2023-06-30;487675;2048394808.80;TÍTULOS PÚBLICOS;;;Para negociação;0.00;0.00;0.00;0.00;11302.00;50397343.75;;;;;2032-08-15;;;;;760199;;;;;
FIIM;31.024.153/0001-00;IT NOW ID ETF IMA-B FUNDO DE ÍNDICE;2023-06-30;487675;2048394808.80;TÍTULOS PÚBLICOS;;;Para negociação;0.00;0.00;0.00;0.00;54423.00;233164183.87;;;;;2026-08-15;;;;;760199;;;;;
FIIM;31.024.153/0001-00;IT NOW ID ETF IMA-B FUNDO DE ÍNDICE;2023-06-30;487675;2048394808.80;TÍTULOS PÚBLICOS;;;Para negociação;0.00;0.00;0.00;0.00;63249.00;263052791.48;;;;;2024-08-15;;;;;760199;;;;;
FIIM;31.024.153/0001-00;IT NOW ID ETF IMA-B FUNDO DE ÍNDICE;2023-06-30;487675;2048394808.80;TÍTULOS PÚBLICOS;;;Para negociação;0.00;0.00;0.00;0.00;33256.00;149667250.55;;;;;2055-05-15;;;;;760199;;;;;
FIIM;31.024.153/0001-00;IT NOW ID ETF IMA-B FUNDO DE ÍNDICE;2023-06-30;487675;2048394808.80;TÍTULOS PÚBLICOS;;;Para negociação;24.00;320681.03;52.00;695269.93;37.00;497343.62;;;;;2025-03-01;;;;;210100;;;;;
FIIM;31.024.153/0001-00;IT NOW ID ETF IMA-B FUNDO DE ÍNDICE;2023-06-30;487675;2048394808.80;TÍTULOS PÚBLICOS;;;Para negociação;0.00;0.00;0.00;0.00;25368.00;107959642.26;;;;;2027-05-15;;;;;760199;;;;;
FIIM;31.024.153/0001-00;IT NOW ID ETF IMA-B FUNDO DE ÍNDICE;2023-06-30;487675;2048394808.80;TÍTULOS PÚBLICOS;;;Para negociação;0.00;0.00;0.00;0.00;3.00;40318.78;;;;;2025-09-01;;;;;210100;;;;;
FIIM;31.024.153/0001-00;IT NOW ID ETF IMA-B FUNDO DE ÍNDICE;2023-06-30;487675;2048394808.80;TÍTULOS PÚBLICOS;;;Para negociação;0.00;0.00;0.00;0.00;41386.00;171981921.38;;;;;2025-05-15;;;;;760199;;;;;
FIIM;31.024.153/0001-00;IT NOW ID ETF IMA-B FUNDO DE ÍNDICE;2023-06-30;487675;2048394808.80;TÍTULOS PÚBLICOS;;;Para negociação;0.00;0.00;0.00;0.00;3.00;40258.38;;;;;2026-03-01;;;;;210100;;;;;
FIIM;31.024.153/0001-00;IT NOW ID ETF IMA-B FUNDO DE ÍNDICE;2023-06-30;487675;2048394808.80;TÍTULOS PÚBLICOS;;;Para negociação;0.00;0.00;0.00;0.00;25499.00;114881659.42;;;;;2040-08-15;;;;;760199;;;;;
FIIM;31.024.153/0001-00;IT NOW ID ETF IMA-B FUNDO DE ÍNDICE;2023-06-30;487675;2048394808.80;TÍTULOS PÚBLICOS;;;Para negociação;0.00;0.00;0.00;0.00;39058.00;173217546.05;;;;;2035-05-15;;;;;760199;;;;;
FIIM;31.024.153/0001-00;IT NOW ID ETF IMA-B FUNDO DE ÍNDICE;2023-06-30;487675;2048394808.80;DISPONIBILIDADES;Outros;;Para negociação;;;;;;81947.48;;;;DISPONIBILIDADES;;;;;;;;;;;
FIIM;31.024.153/0001-00;IT NOW ID ETF IMA-B FUNDO DE ÍNDICE;2023-06-30;487675;2048394808.80;VALORES A PAGAR;Outros;;Para negociação;;;;;;527948.75;;;;VALORES A PAGAR;;;;;;;;;;;
FIIM;31.024.153/0001-00;IT NOW ID ETF IMA-B FUNDO DE ÍNDICE;2023-06-30;487675;2048394808.80;VALORES A RECEBER;Outros;;Para negociação;;;;;;39037.14;;;;VALORES A RECEBER;;;;;;;;;;;
FIIM;32.203.211/0001-18;ETF BRADESCO IBOVESPA FUNDO DE ÍNDICE;2023-06-30;486801;1270812532.20;AÇÕES;Ação ordinária;N;Para negociação;43.00;1862.77;1697.00;76085.08;92747.00;4267289.47;;;HYPE3;;;;;;;;2008-04-18;;;;
FIIM;32.203.211/0001-18;ETF BRADESCO IBOVESPA FUNDO DE ÍNDICE;2023-06-30;486801;1270812532.20;AÇÕES;Ação ordinária;N;Para negociação;47.00;424.89;1825.00;16640.12;138254.00;1186219.32;;;LWSA3;;;;;;;;2020-02-06;;;;
FIIM;32.203.211/0001-18;ETF BRADESCO IBOVESPA FUNDO DE ÍNDICE;2023-06-30;486801;1270812532.20;AÇÕES;Ação ordinária;N;Para negociação;64.00;823.08;2498.00;32462.01;129199.00;1567183.87;;;CSNA3;;;;;;;;1993-08-02;;;;
FIIM;32.203.211/0001-18;ETF BRADESCO IBOVESPA FUNDO DE ÍNDICE;2023-06-30;486801;1270812532.20;AÇÕES;Ação ordinária;N;Para negociação;79.00;1364.33;3111.00;61409.77;172095.00;3190641.30;;;EMBR3;;;;;;;;1989-08-28;;;;
FIIM;32.203.211/0001-18;ETF BRADESCO IBOVESPA FUNDO DE ÍNDICE;2023-06-30;486801;1270812532.20;AÇÕES;Ação ordinária;N;Para negociação;6.00;469.20;257.00;19582.94;13035.00;1030677.45;;;ARZZ3;;;;;;;;2011-02-02;;;;
FIIM;32.203.211/0001-18;ETF BRADESCO IBOVESPA FUNDO DE ÍNDICE;2023-06-30;486801;1270812532.20;AÇÕES;Ação ordinária;S;Para negociação;119.00;550.97;4640.00;21463.45;333924.00;1532711.16;;;CIEL3;;;;;;;;2009-12-18;;;;
FIIM;32.203.211/0001-18;ETF BRADESCO IBOVESPA FUNDO DE ÍNDICE;2023-06-30;486801;1270812532.20;AÇÕES;Ação ordinária;N;Para negociação;197.00;640.25;7690.00;24932.17;391524.00;1276368.24;;;COGN3;;;;;;;;2019-10-11;;;;
FIIM;32.203.211/0001-18;ETF BRADESCO IBOVESPA FUNDO DE ÍNDICE;2023-06-30;486801;1270812532.20;AÇÕES;Ação ordinária;N;Para negociação;11.00;400.37;448.00;16331.86;28701.00;1096952.22;;;SLCE3;;;;;;;;2007-06-15;;;;
FIIM;32.203.211/0001-18;ETF BRADESCO IBOVESPA FUNDO DE ÍNDICE;2023-06-30;486801;1270812532.20;AÇÕES;Ação ordinária;S;Para negociação;163.00;2396.10;6356.00;92417.61;393000.00;5753520.00;;;BBDC3;;;;;;;;1973-12-06;;;;
FIIM;32.203.211/0001-18;ETF BRADESCO IBOVESPA FUNDO DE ÍNDICE;2023-06-30;486801;1270812532.20;AÇÕES;Ação ordinária;S;Para negociação;46.00;722.20;1782.00;27988.03;92096.00;1478140.80;;;FLRY3;;;;;;;;2009-12-17;;;;
FIIM;32.203.211/0001-18;ETF BRADESCO IBOVESPA FUNDO DE ÍNDICE;2023-06-30;486801;1270812532.20;AÇÕES;Ação ordinária;N;Para negociação;622.00;8832.46;24284.00;356402.93;2257399.00;32980599.39;;;B3SA3;;;;;;;;2018-03-26;;;;
FIIM;32.203.211/0001-18;ETF BRADESCO IBOVESPA FUNDO DE ÍNDICE;2023-06-30;486801;1270812532.20;AÇÕES;Ação ordinária;N;Para negociação;33.00;372.90;1293.00;14931.77;95920.00;1109794.40;;;MRVE3;;;;;;;;2007-07-23;;;;
FIIM;32.203.211/0001-18;ETF BRADESCO IBOVESPA FUNDO DE ÍNDICE;2023-06-30;486801;1270812532.20;AÇÕES;Ação ordinária;N;Para negociação;137.00;4986.86;5339.00;200641.55;273642.00;10329985.50;;;WEGE3;;;;;;;;2004-08-02;;;;
FIIM;32.203.211/0001-18;ETF BRADESCO IBOVESPA FUNDO DE ÍNDICE;2023-06-30;486801;1270812532.20;AÇÕES;Ação ordinária;N;Para negociação;84.00;5699.40;3276.00;220316.63;426773.00;29233950.50;;;RENT3;;;;;;;;2005-05-23;;;;
FIIM;32.203.211/0001-18;ETF BRADESCO IBOVESPA FUNDO DE ÍNDICE;2023-06-30;486801;1270812532.20;AÇÕES;Ação ordinária;N;Para negociação;117.00;1095.13;4560.00;41270.69;238672.00;2126567.52;;;BRFS3;;;;;;;;2009-12-10;;;;
FIIM;32.203.211/0001-18;ETF BRADESCO IBOVESPA FUNDO DE ÍNDICE;2023-06-30;486801;1270812532.20;AÇÕES;Ação ordinária;N;Para negociação;28.00;298.52;1102.00;12156.75;87188.00;926808.44;;;BEEF3;;;;;;;;2007-07-20;;;;
FIIM;32.203.211/0001-18;ETF BRADESCO IBOVESPA FUNDO DE ÍNDICE;2023-06-30;486801;1270812532.20;AÇÕES;Ação ordinária;N;Para negociação;127.00;2261.87;4961.00;86608.24;250196.00;4468500.56;;;CSAN3;;;;;;;;2005-11-18;;;;
FIIM;32.203.211/0001-18;ETF BRADESCO IBOVESPA FUNDO DE ÍNDICE;2023-06-30;486801;1270812532.20;AÇÕES;Ação ordinária;N;Para negociação;25.00;791.30;994.00;31852.40;52606.00;1570289.10;;;RRRP3;;;;;;;;2020-11-12;;;;
FIIM;32.203.211/0001-18;ETF BRADESCO IBOVESPA FUNDO DE ÍNDICE;2023-06-30;486801;1270812532.20;AÇÕES;Ação ordinária;N;Para negociação;469.00;1983.87;18315.00;77756.04;928889.00;4068533.82;;;HAPV3;;;;;;;;2018-04-25;;;;
FIIM;32.203.211/0001-18;ETF BRADESCO IBOVESPA FUNDO DE ÍNDICE;2023-06-30;486801;1270812532.20;AÇÕES;Ação ordinária;N;Para negociação;37.00;2020.20;1440.00;78343.93;73364.00;4150201.48;;;SBSP3;;;;;;;;1997-03-11;;;;
FIIM;32.203.211/0001-18;ETF BRADESCO IBOVESPA FUNDO DE ÍNDICE;2023-06-30;486801;1270812532.20;AÇÕES;Ação ordinária;N;Para negociação;121.00;522.72;4704.00;21035.60;239307.00;1000303.26;;;CMIN3;;;;;;;;2021-05-03;;;;
FIIM;32.203.211/0001-18;ETF BRADESCO IBOVESPA FUNDO DE ÍNDICE;2023-06-30;486801;1270812532.20;AÇÕES;Ação ordinária;N;Para negociação;27.00;1218.24;1081.00;48193.70;57241.00;2615341.29;;;EGIE3;;;;;;;;2016-07-21;;;;
FIIM;32.203.211/0001-18;ETF BRADESCO IBOVESPA FUNDO DE ÍNDICE;2023-06-30;486801;1270812532.20;AÇÕES;Ação ordinária;N;Para negociação;325.00;11404.25;12669.00;421849.81;652091.00;21584212.10;;;PETR3;;;;;;;;1973-09-18;;;;
FIIM;32.203.211/0001-18;ETF BRADESCO IBOVESPA FUNDO DE ÍNDICE;2023-06-30;486801;1270812532.20;AÇÕES;Ação ordinária;N;Para negociação;32.00;640.96;1253.00;22791.85;68455.00;1356778.10;;;YDUQ3;;;;;;;;2019-07-23;;;;
FIIM;32.203.211/0001-18;ETF BRADESCO IBOVESPA FUNDO DE ÍNDICE;2023-06-30;486801;1270812532.20;AÇÕES;Ação ordinária;N;Para negociação;312.00;1113.84;12175.00;45586.48;649148.00;2187628.76;;;MGLU3;;;;;;;;2011-05-02;;;;
FIIM;32.203.211/0001-18;ETF BRADESCO IBOVESPA FUNDO DE ÍNDICE;2023-06-30;486801;1270812532.20;AÇÕES;Ação ordinária;N;Para negociação;58.00;639.16;2240.00;24630.48;115039.00;1288436.80;;;CRFB3;;;;;;;;2017-07-20;;;;
FIIM;32.203.211/0001-18;ETF BRADESCO IBOVESPA FUNDO DE ÍNDICE;2023-06-30;486801;1270812532.20;AÇÕES;Ação ordinária;N;Para negociação;109.00;1520.48;4230.00;59738.39;216741.00;3045211.05;;;CCRO3;;;;;;;;2002-02-01;;;;
FIIM;32.203.211/0001-18;ETF BRADESCO IBOVESPA FUNDO DE ÍNDICE;2023-06-30;486801;1270812532.20;AÇÕES;Ação ordinária;N;Para negociação;29.00;779.72;1131.00;30275.71;118226.00;3271313.42;;;MULT3;;;;;;;;2007-07-27;;;;
FIIM;32.203.211/0001-18;ETF BRADESCO IBOVESPA FUNDO DE ÍNDICE;2023-06-30;486801;1270812532.20;AÇÕES;Ação ordinária;N;Para negociação;46.00;1953.62;1792.00;76926.29;90431.00;3912949.37;;;VIVT3;;;;;;;;2011-10-06;;;;
FIIM;32.203.211/0001-18;ETF BRADESCO IBOVESPA FUNDO DE ÍNDICE;2023-06-30;486801;1270812532.20;AÇÕES;Ação ordinária;N;Para negociação;78.00;3577.04;3078.00;143813.29;156128.00;6903980.16;;;SUZB3;;;;;;;;2004-08-05;;;;
FIIM;32.203.211/0001-18;ETF BRADESCO IBOVESPA FUNDO DE ÍNDICE;2023-06-30;486801;1270812532.20;AÇÕES;Ação ordinária;N;Para negociação;17.00;296.14;669.00;11767.93;40815.00;763648.65;;;PCAR3;;;;;;;;1995-10-03;;;;
FIIM;32.203.211/0001-18;ETF BRADESCO IBOVESPA FUNDO DE ÍNDICE;2023-06-30;486801;1270812532.20;AÇÕES;Ação ordinária;N;Para negociação;58.00;1415.25;2255.00;52824.34;174808.00;4309017.20;;;ALSO3;;;;;;;;2019-08-06;;;;
FIIM;32.203.211/0001-18;ETF BRADESCO IBOVESPA FUNDO DE ÍNDICE;2023-06-30;486801;1270812532.20;AÇÕES;Ação ordinária;N;Para negociação;37.00;260.48;1423.00;10278.31;71818.00;472562.44;;;PETZ3;;;;;;;;2020-09-11;;;;
FIIM;32.203.211/0001-18;ETF BRADESCO IBOVESPA FUNDO DE ÍNDICE;2023-06-30;486801;1270812532.20;AÇÕES;Ação ordinária;N;Para negociação;154.00;7854.06;6017.00;295723.33;305211.00;15077423.40;;;BBAS3;;;;;;;;1973-05-31;;;;
FIIM;32.203.211/0001-18;ETF BRADESCO IBOVESPA FUNDO DE ÍNDICE;2023-06-30;486801;1270812532.20;AÇÕES;Ação ordinária;N;Para negociação;30.00;266.36;1164.00;10471.02;60349.00;503914.15;;;DXCO3;;;;;;;;2021-08-19;;;;
FIIM;32.203.211/0001-18;ETF BRADESCO IBOVESPA FUNDO DE ÍNDICE;2023-06-30;486801;1270812532.20;AÇÕES;Ação ordinária;N;Para negociação;103.00;2204.20;4026.00;84016.61;203060.00;4061200.00;;;LREN3;;;;;;;;1973-07-24;;;;
FIIM;32.203.211/0001-18;ETF BRADESCO IBOVESPA FUNDO DE ÍNDICE;2023-06-30;486801;1270812532.20;AÇÕES;Ação ordinária;N;Para negociação;30.00;575.10;1162.00;22562.84;75674.00;1523317.62;;;CYRE3;;;;;;;;1996-05-27;;;;
FIIM;32.203.211/0001-18;ETF BRADESCO IBOVESPA FUNDO DE ÍNDICE;2023-06-30;486801;1270812532.20;AÇÕES;Ação ordinária;N;Para negociação;121.00;3630.06;4727.00;143958.77;241279.00;7757119.85;;;EQTL3;;;;;;;;2006-04-03;;;;
FIIM;32.203.211/0001-18;ETF BRADESCO IBOVESPA FUNDO DE ÍNDICE;2023-06-30;486801;1270812532.20;AÇÕES;Ação ordinária;N;Para negociação;132.00;2925.12;5149.00;114532.26;320701.00;7119562.20;;;RAIL3;;;;;;;;2017-03-13;;;;
FIIM;32.203.211/0001-18;ETF BRADESCO IBOVESPA FUNDO DE ÍNDICE;2023-06-30;486801;1270812532.20;AÇÕES;Ação ordinária;N;Para negociação;30.00;114.90;1169.00;4757.36;152049.00;533691.99;;;CVCB3;;;;;;;;2013-12-09;;;;
FIIM;32.203.211/0001-18;ETF BRADESCO IBOVESPA FUNDO DE ÍNDICE;2023-06-30;486801;1270812532.20;AÇÕES;Ação ordinária;N;Para negociação;171.00;425.80;6679.00;16696.30;358691.00;771185.65;;;VIIA3;;;;;;;;2021-08-16;;;;
FIIM;32.203.211/0001-18;ETF BRADESCO IBOVESPA FUNDO DE ÍNDICE;2023-06-30;486801;1270812532.20;AÇÕES;Ação ordinária;N;Para negociação;91.00;3485.29;3555.00;127069.67;197356.00;7317960.48;;;PRIO3;;;;;;;;2015-06-26;;;;
FIIM;32.203.211/0001-18;ETF BRADESCO IBOVESPA FUNDO DE ÍNDICE;2023-06-30;486801;1270812532.20;AÇÕES;Ação ordinária;N;Para negociação;121.00;2214.39;4721.00;83543.33;535650.00;9668482.50;;;VBBR3;;;;;;;;2021-10-22;;;;
FIIM;32.203.211/0001-18;ETF BRADESCO IBOVESPA FUNDO DE ÍNDICE;2023-06-30;486801;1270812532.20;AÇÕES;Ação ordinária;N;Para negociação;124.00;2328.72;4808.00;86646.79;393442.00;6869497.32;;;JBSS3;;;;;;;;2007-03-29;;;;
FIIM;32.203.211/0001-18;ETF BRADESCO IBOVESPA FUNDO DE ÍNDICE;2023-06-30;486801;1270812532.20;AÇÕES;Ação ordinária;N;Para negociação;88.00;1296.39;3424.00;50295.81;172965.00;2528748.30;;;TIMS3;;;;;;;;2020-10-13;;;;
FIIM;32.203.211/0001-18;ETF BRADESCO IBOVESPA FUNDO DE ÍNDICE;2023-06-30;486801;1270812532.20;AÇÕES;Ação ordinária;N;Para negociação;91.00;1584.34;3554.00;56718.64;197680.00;3309163.20;;;NTCO3;;;;;;;;2019-12-18;;;;
FIIM;32.203.211/0001-18;ETF BRADESCO IBOVESPA FUNDO DE ÍNDICE;2023-06-30;486801;1270812532.20;AÇÕES;Ação ordinária;N;Para negociação;118.00;2136.98;4608.00;82985.74;254414.00;4805880.46;;;UGPA3;;;;;;;;1999-10-13;;;;
FIIM;32.203.211/0001-18;ETF BRADESCO IBOVESPA FUNDO DE ÍNDICE;2023-06-30;486801;1270812532.20;AÇÕES;Ação ordinária;N;Para negociação;7.00;58.10;358.00;3169.89;19724.00;154044.44;;;CASH3;;;;;;;;2020-11-05;;;;
FIIM;32.203.211/0001-18;ETF BRADESCO IBOVESPA FUNDO DE ÍNDICE;2023-06-30;486801;1270812532.20;AÇÕES;Ação ordinária;N;Para negociação;119.00;3918.67;4639.00;151974.57;269676.00;8877733.92;;;RDOR3;;;;;;;;2021-06-25;;;;
FIIM;32.203.211/0001-18;ETF BRADESCO IBOVESPA FUNDO DE ÍNDICE;2023-06-30;486801;1270812532.20;AÇÕES;Ação ordinária;N;Para negociação;438.00;29157.74;17091.00;1161386.04;864594.00;55524226.68;;;VALE3;;;;;;;;1982-02-15;;;;
FIIM;32.203.211/0001-18;ETF BRADESCO IBOVESPA FUNDO DE ÍNDICE;2023-06-30;486801;1270812532.20;AÇÕES;Ação ordinária;N;Para negociação;476.00;7401.78;18580.00;279583.75;1024315.00;15784694.15;;;ABEV3;;;;;;;;2013-11-11;;;;
FIIM;32.203.211/0001-18;ETF BRADESCO IBOVESPA FUNDO DE ÍNDICE;2023-06-30;486801;1270812532.20;AÇÕES;Ação ordinária;N;Para negociação;171.00;2004.12;6683.00;80474.66;342786.00;4205984.22;;;ENEV3;;;;;;;;2013-10-22;;;;
FIIM;32.203.211/0001-18;ETF BRADESCO IBOVESPA FUNDO DE ÍNDICE;2023-06-30;486801;1270812532.20;AÇÕES;Ação ordinária;S;Para negociação;9.00;357.84;345.00;13583.04;18751.00;816606.05;;;IRBR3;;;;;;;;2017-07-31;;;;
FIIM;32.203.211/0001-18;ETF BRADESCO IBOVESPA FUNDO DE ÍNDICE;2023-06-30;486801;1270812532.20;AÇÕES;Ação ordinária;N;Para negociação;10.00;180.10;400.00;7421.12;20148.00;371126.16;;;EZTC3;;;;;;;;2007-06-22;;;;
FIIM;32.203.211/0001-18;ETF BRADESCO IBOVESPA FUNDO DE ÍNDICE;2023-06-30;486801;1270812532.20;AÇÕES;Ação ordinária;N;Para negociação;21.00;666.06;796.00;25267.51;44743.00;1538711.77;;;CPFE3;;;;;;;;2004-09-29;;;;
FIIM;32.203.211/0001-18;ETF BRADESCO IBOVESPA FUNDO DE ÍNDICE;2023-06-30;486801;1270812532.20;AÇÕES;Ação ordinária;N;Para negociação;27.00;634.75;1043.00;24447.33;149888.00;3540354.56;;;ENBR3;;;;;;;;2005-07-13;;;;
FIIM;32.203.211/0001-18;ETF BRADESCO IBOVESPA FUNDO DE ÍNDICE;2023-06-30;486801;1270812532.20;AÇÕES;Ação ordinária;N;Para negociação;219.00;8569.59;8551.00;331865.20;590324.00;23465379.00;;;ELET3;;;;;;;;1983-09-01;;;;
FIIM;32.203.211/0001-18;ETF BRADESCO IBOVESPA FUNDO DE ÍNDICE;2023-06-30;486801;1270812532.20;AÇÕES;Ação ordinária;N;Para negociação;56.00;1622.46;2177.00;65230.99;109888.00;3294442.24;;;TOTS3;;;;;;;;2006-03-09;;;;
FIIM;32.203.211/0001-18;ETF BRADESCO IBOVESPA FUNDO DE ÍNDICE;2023-06-30;486801;1270812532.20;AÇÕES;Ação ordinária;N;Para negociação;73.00;2218.44;2845.00;86699.31;149002.00;4584791.54;;;BBSE3;;;;;;;;2013-04-29;;;;
FIIM;32.203.211/0001-18;ETF BRADESCO IBOVESPA FUNDO DE ÍNDICE;2023-06-30;486801;1270812532.20;AÇÕES;Ação ordinária;N;Para negociação;53.00;633.35;2078.00;24049.34;105427.00;1265124.00;;;SOMA3;;;;;;;;2020-07-31;;;;
FIIM;32.203.211/0001-18;ETF BRADESCO IBOVESPA FUNDO DE ÍNDICE;2023-06-30;486801;1270812532.20;AÇÕES;Ação ordinária;N;Para negociação;15.00;544.36;606.00;22405.63;48371.00;1651869.65;;;SMTO3;;;;;;;;2007-02-12;;;;
FIIM;32.203.211/0001-18;ETF BRADESCO IBOVESPA FUNDO DE ÍNDICE;2023-06-30;486801;1270812532.20;AÇÕES;Ação ordinária;N;Para negociação;32.00;241.92;1240.00;9069.26;62584.00;454985.68;;;MRFG3;;;;;;;;2007-06-28;;;;
FIIM;32.203.211/0001-18;ETF BRADESCO IBOVESPA FUNDO DE ÍNDICE;2023-06-30;486801;1270812532.20;AÇÕES;Ação ordinária;N;Para negociação;126.00;3603.60;4943.00;141857.52;250684.00;7420246.40;;;RADL3;;;;;;;;2011-12-19;;;;
FIIM;32.203.211/0001-18;ETF BRADESCO IBOVESPA FUNDO DE ÍNDICE;2023-06-30;486801;1270812532.20;AÇÕES;Ação ordinária;N;Para negociação;130.00;1736.80;5044.00;65808.22;312447.00;4296146.25;;;ASAI3;;;;;;;;2021-03-01;;;;
FIIM;32.203.211/0001-18;ETF BRADESCO IBOVESPA FUNDO DE ÍNDICE;2023-06-30;486801;1270812532.20;AÇÕES;Ação preferencial;N;Para negociação;496.00;15599.20;19342.00;574022.58;1008926.00;29793584.78;;;PETR4;;;;;;;;1973-09-18;;;;
FIIM;32.203.211/0001-18;ETF BRADESCO IBOVESPA FUNDO DE ÍNDICE;2023-06-30;486801;1270812532.20;AÇÕES;Ação preferencial;N;Para negociação;29.00;836.65;1123.00;32154.21;72475.00;2019153.50;;;BRKM5;;;;;;;;2002-09-02;;;;
FIIM;32.203.211/0001-18;ETF BRADESCO IBOVESPA FUNDO DE ÍNDICE;2023-06-30;486801;1270812532.20;AÇÕES;Ação preferencial;N;Para negociação;24.00;287.04;924.00;10336.82;56216.00;740364.72;;;GOLL4;;;;;;;;2004-06-24;;;;
FIIM;32.203.211/0001-18;ETF BRADESCO IBOVESPA FUNDO DE ÍNDICE;2023-06-30;486801;1270812532.20;AÇÕES;Ação preferencial;N;Para negociação;30.00;1322.70;1167.00;50939.51;71046.00;3162967.92;;;ELET6;;;;;;;;1974-11-13;;;;
FIIM;32.203.211/0001-18;ETF BRADESCO IBOVESPA FUNDO DE ÍNDICE;2023-06-30;486801;1270812532.20;AÇÕES;Ação preferencial;N;Para negociação;521.00;14983.96;20338.00;577811.25;1248793.00;35490697.06;;;ITUB4;;;;;;;;2009-05-20;;;;
FIIM;32.203.211/0001-18;ETF BRADESCO IBOVESPA FUNDO DE ÍNDICE;2023-06-30;486801;1270812532.20;AÇÕES;Ação preferencial;N;Para negociação;73.00;873.07;2827.00;33954.47;159615.00;1886649.30;;;GOAU4;;;;;;;;1973-08-27;;;;
FIIM;32.203.211/0001-18;ETF BRADESCO IBOVESPA FUNDO DE ÍNDICE;2023-06-30;486801;1270812532.20;AÇÕES;Ação preferencial;N;Para negociação;156.00;1948.44;6107.00;76274.86;377107.00;4849596.02;;;CMIG4;;;;;;;;1973-08-20;;;;
FIIM;32.203.211/0001-18;ETF BRADESCO IBOVESPA FUNDO DE ÍNDICE;2023-06-30;486801;1270812532.20;AÇÕES;Ação preferencial;N;Para negociação;35.00;741.58;1387.00;28503.83;70016.00;1530549.76;;;AZUL4;;;;;;;;2017-04-11;;;;
FIIM;32.203.211/0001-18;ETF BRADESCO IBOVESPA FUNDO DE ÍNDICE;2023-06-30;486801;1270812532.20;AÇÕES;Ação preferencial;N;Para negociação;130.00;553.75;5084.00;20324.27;266631.00;1173176.40;;;RAIZ4;;;;;;;;2021-08-05;;;;
FIIM;32.203.211/0001-18;ETF BRADESCO IBOVESPA FUNDO DE ÍNDICE;2023-06-30;486801;1270812532.20;AÇÕES;Ação preferencial;N;Para negociação;170.00;1305.62;6622.00;51927.68;512767.00;4250838.43;;;CPLE6;;;;;;;;1996-11-14;;;;
FIIM;32.203.211/0001-18;ETF BRADESCO IBOVESPA FUNDO DE ÍNDICE;2023-06-30;486801;1270812532.20;AÇÕES;Ação preferencial;S;Para negociação;558.00;9374.35;21798.00;367235.96;1099593.00;18088304.85;;;BBDC4;;;;;;;;1973-12-06;;;;
FIIM;32.203.211/0001-18;ETF BRADESCO IBOVESPA FUNDO DE ÍNDICE;2023-06-30;486801;1270812532.20;AÇÕES;Ação preferencial;S;Para negociação;28.00;642.42;1064.00;24567.09;65003.00;1443716.63;;;BRAP4;;;;;;;;2000-08-10;;;;
FIIM;32.203.211/0001-18;ETF BRADESCO IBOVESPA FUNDO DE ÍNDICE;2023-06-30;486801;1270812532.20;AÇÕES;Ação preferencial;N;Para negociação;544.00;5314.88;21239.00;202955.85;1089265.00;10500514.60;;;ITSA4;;;;;;;;1973-09-17;;;;
FIIM;32.203.211/0001-18;ETF BRADESCO IBOVESPA FUNDO DE ÍNDICE;2023-06-30;486801;1270812532.20;AÇÕES;Ação preferencial;N;Para negociação;493.00;5450.72;834.00;8884.96;43176.00;401536.80;;;ALPA4;;;;;;;;1973-03-19;;;;
FIIM;32.203.211/0001-18;ETF BRADESCO IBOVESPA FUNDO DE ÍNDICE;2023-06-30;486801;1270812532.20;AÇÕES;Ação preferencial;N;Para negociação;56.00;404.35;2181.00;16065.29;140281.00;991786.67;;;USIM5;;;;;;;;1999-02-02;;;;
FIIM;32.203.211/0001-18;ETF BRADESCO IBOVESPA FUNDO DE ÍNDICE;2023-06-30;486801;1270812532.20;AÇÕES;Ação preferencial;N;Para negociação;119.00;2994.05;4631.00;118746.47;233595.00;5856226.65;;;GGBR4;;;;;;;;2001-02-01;;;;
FIIM;32.203.211/0001-18;ETF BRADESCO IBOVESPA FUNDO DE ÍNDICE;2023-06-30;486801;1270812532.20;DISPONIBILIDADES;Outros;;Para negociação;;;;;;12160.80;;;;Disponibilidade;;;;;;;;;;;
FIIM;32.203.211/0001-18;ETF BRADESCO IBOVESPA FUNDO DE ÍNDICE;2023-06-30;486801;1270812532.20;VALORES A PAGAR;Outros;;Para negociação;;;;;;1371934.60;;;;Valores a Pagar;;;;;;;;;;;
FIIM;32.203.211/0001-18;ETF BRADESCO IBOVESPA FUNDO DE ÍNDICE;2023-06-30;486801;1270812532.20;VALORES A RECEBER;Outros;;Para negociação;;;;;;17677122.85;;;;Valores a Receber;;;;;;;;;;;
FIIM;32.203.211/0001-18;ETF BRADESCO IBOVESPA FUNDO DE ÍNDICE;2023-06-30;486801;1270812532.20;MERCADO FUTURO - POSIÇÕES COMPRADAS;Futuro de IND:Ibovespa;;Para negociação;;;;;160.00;-112990.00;;;;FUT IND/Q23;;;;;;;;;;;
FIIM;32.203.211/0001-18;ETF BRADESCO IBOVESPA FUNDO DE ÍNDICE;2023-06-30;486801;1270812532.20;AÇÕES E OUTROS TVM CEDIDOS EM EMPRÉSTIMO;Ação ordinária;N;Para negociação;;;;;149525.00;3685791.25;;;ALSO3;;;;;;;;2019-08-06;;;;
FIIM;32.203.211/0001-18;ETF BRADESCO IBOVESPA FUNDO DE ÍNDICE;2023-06-30;486801;1270812532.20;AÇÕES E OUTROS TVM CEDIDOS EM EMPRÉSTIMO;Ação ordinária;N;Para negociação;;;;;90374.00;2697663.90;;;RRRP3;;;;;;;;2020-11-12;;;;
FIIM;32.203.211/0001-18;ETF BRADESCO IBOVESPA FUNDO DE ÍNDICE;2023-06-30;486801;1270812532.20;AÇÕES E OUTROS TVM CEDIDOS EM EMPRÉSTIMO;Ação ordinária;N;Para negociação;;;;;35816.00;1368887.52;;;SLCE3;;;;;;;;2007-06-15;;;;
FIIM;32.203.211/0001-18;ETF BRADESCO IBOVESPA FUNDO DE ÍNDICE;2023-06-30;486801;1270812532.20;AÇÕES E OUTROS TVM CEDIDOS EM EMPRÉSTIMO;Ação ordinária;N;Para negociação;;;;;23981.00;1896177.67;;;ARZZ3;;;;;;;;2011-02-02;;;;
FIIM;32.203.211/0001-18;ETF BRADESCO IBOVESPA FUNDO DE ÍNDICE;2023-06-30;486801;1270812532.20;AÇÕES E OUTROS TVM CEDIDOS EM EMPRÉSTIMO;Ação ordinária;N;Para negociação;;;;;298025.00;5203516.50;;;JBSS3;;;;;;;;2007-03-29;;;;
FIIM;32.203.211/0001-18;ETF BRADESCO IBOVESPA FUNDO DE ÍNDICE;2023-06-30;486801;1270812532.20;AÇÕES E OUTROS TVM CEDIDOS EM EMPRÉSTIMO;Ação ordinária;N;Para negociação;;;;;16079.00;56437.29;;;CVCB3;;;;;;;;2013-12-09;;;;
FIIM;32.203.211/0001-18;ETF BRADESCO IBOVESPA FUNDO DE ÍNDICE;2023-06-30;486801;1270812532.20;AÇÕES E OUTROS TVM CEDIDOS EM EMPRÉSTIMO;Ação ordinária;N;Para negociação;;;;;69629.00;2394541.31;;;CPFE3;;;;;;;;2004-09-29;;;;
FIIM;32.203.211/0001-18;ETF BRADESCO IBOVESPA FUNDO DE ÍNDICE;2023-06-30;486801;1270812532.20;AÇÕES E OUTROS TVM CEDIDOS EM EMPRÉSTIMO;Ação ordinária;N;Para negociação;;;;;1101893.00;3713379.41;;;MGLU3;;;;;;;;2011-05-02;;;;
FIIM;32.203.211/0001-18;ETF BRADESCO IBOVESPA FUNDO DE ÍNDICE;2023-06-30;486801;1270812532.20;AÇÕES E OUTROS TVM CEDIDOS EM EMPRÉSTIMO;Ação ordinária;N;Para negociação;;;;;1705427.00;7469770.26;;;HAPV3;;;;;;;;2018-04-25;;;;
FIIM;32.203.211/0001-18;ETF BRADESCO IBOVESPA FUNDO DE ÍNDICE;2023-06-30;486801;1270812532.20;AÇÕES E OUTROS TVM CEDIDOS EM EMPRÉSTIMO;Ação ordinária;N;Para negociação;;;;;408359.00;7713901.51;;;UGPA3;;;;;;;;1999-10-13;;;;
FIIM;32.203.211/0001-18;ETF BRADESCO IBOVESPA FUNDO DE ÍNDICE;2023-06-30;486801;1270812532.20;AÇÕES E OUTROS TVM CEDIDOS EM EMPRÉSTIMO;Ação ordinária;N;Para negociação;;;;;230061.00;2790639.93;;;CSNA3;;;;;;;;1993-08-02;;;;
FIIM;32.203.211/0001-18;ETF BRADESCO IBOVESPA FUNDO DE ÍNDICE;2023-06-30;486801;1270812532.20;AÇÕES E OUTROS TVM CEDIDOS EM EMPRÉSTIMO;Ação ordinária;N;Para negociação;;;;;1170044.00;38728456.40;;;PETR3;;;;;;;;1973-09-18;;;;
FIIM;32.203.211/0001-18;ETF BRADESCO IBOVESPA FUNDO DE ÍNDICE;2023-06-30;486801;1270812532.20;AÇÕES E OUTROS TVM CEDIDOS EM EMPRÉSTIMO;Ação ordinária;N;Para negociação;;;;;714547.00;2329423.22;;;COGN3;;;;;;;;2019-10-11;;;;
FIIM;32.203.211/0001-18;ETF BRADESCO IBOVESPA FUNDO DE ÍNDICE;2023-06-30;486801;1270812532.20;AÇÕES E OUTROS TVM CEDIDOS EM EMPRÉSTIMO;Ação ordinária;N;Para negociação;;;;;260207.00;8006569.39;;;BBSE3;;;;;;;;2013-04-29;;;;
FIIM;32.203.211/0001-18;ETF BRADESCO IBOVESPA FUNDO DE ÍNDICE;2023-06-30;486801;1270812532.20;AÇÕES E OUTROS TVM CEDIDOS EM EMPRÉSTIMO;Ação ordinária;N;Para negociação;;;;;71419.00;759183.97;;;BEEF3;;;;;;;;2007-07-20;;;;
FIIM;32.203.211/0001-18;ETF BRADESCO IBOVESPA FUNDO DE ÍNDICE;2023-06-30;486801;1270812532.20;AÇÕES E OUTROS TVM CEDIDOS EM EMPRÉSTIMO;Ação ordinária;N;Para negociação;;;;;463251.00;8273662.86;;;CSAN3;;;;;;;;2005-11-18;;;;
FIIM;32.203.211/0001-18;ETF BRADESCO IBOVESPA FUNDO DE ÍNDICE;2023-06-30;486801;1270812532.20;AÇÕES E OUTROS TVM CEDIDOS EM EMPRÉSTIMO;Ação ordinária;S;Para negociação;;;;;521229.00;7630792.56;;;BBDC3;;;;;;;;1973-12-06;;;;
FIIM;32.203.211/0001-18;ETF BRADESCO IBOVESPA FUNDO DE ÍNDICE;2023-06-30;486801;1270812532.20;AÇÕES E OUTROS TVM CEDIDOS EM EMPRÉSTIMO;Ação ordinária;N;Para negociação;;;;;167329.00;7240325.83;;;VIVT3;;;;;;;;2011-10-06;;;;
FIIM;32.203.211/0001-18;ETF BRADESCO IBOVESPA FUNDO DE ÍNDICE;2023-06-30;486801;1270812532.20;AÇÕES E OUTROS TVM CEDIDOS EM EMPRÉSTIMO;Ação ordinária;N;Para negociação;;;;;417171.00;3716993.61;;;BRFS3;;;;;;;;2009-12-10;;;;
FIIM;32.203.211/0001-18;ETF BRADESCO IBOVESPA FUNDO DE ÍNDICE;2023-06-30;486801;1270812532.20;AÇÕES E OUTROS TVM CEDIDOS EM EMPRÉSTIMO;Ação ordinária;N;Para negociação;;;;;560340.00;27680796.00;;;BBAS3;;;;;;;;1973-05-31;;;;
FIIM;32.203.211/0001-18;ETF BRADESCO IBOVESPA FUNDO DE ÍNDICE;2023-06-30;486801;1270812532.20;AÇÕES E OUTROS TVM CEDIDOS EM EMPRÉSTIMO;Ação ordinária;N;Para negociação;;;;;618503.00;7589031.81;;;ENEV3;;;;;;;;2013-10-22;;;;
FIIM;32.203.211/0001-18;ETF BRADESCO IBOVESPA FUNDO DE ÍNDICE;2023-06-30;486801;1270812532.20;AÇÕES E OUTROS TVM CEDIDOS EM EMPRÉSTIMO;Ação ordinária;N;Para negociação;;;;;313406.00;5246416.44;;;NTCO3;;;;;;;;2019-12-18;;;;
FIIM;32.203.211/0001-18;ETF BRADESCO IBOVESPA FUNDO DE ÍNDICE;2023-06-30;486801;1270812532.20;AÇÕES E OUTROS TVM CEDIDOS EM EMPRÉSTIMO;Ação ordinária;N;Para negociação;;;;;133776.00;7567708.32;;;SBSP3;;;;;;;;1997-03-11;;;;
FIIM;32.203.211/0001-18;ETF BRADESCO IBOVESPA FUNDO DE ÍNDICE;2023-06-30;486801;1270812532.20;AÇÕES E OUTROS TVM CEDIDOS EM EMPRÉSTIMO;Ação ordinária;N;Para negociação;;;;;437273.00;1827801.14;;;CMIN3;;;;;;;;2021-05-03;;;;
FIIM;32.203.211/0001-18;ETF BRADESCO IBOVESPA FUNDO DE ÍNDICE;2023-06-30;486801;1270812532.20;AÇÕES E OUTROS TVM CEDIDOS EM EMPRÉSTIMO;Ação ordinária;N;Para negociação;;;;;111886.00;2217580.52;;;YDUQ3;;;;;;;;2019-07-23;;;;
FIIM;32.203.211/0001-18;ETF BRADESCO IBOVESPA FUNDO DE ÍNDICE;2023-06-30;486801;1270812532.20;AÇÕES E OUTROS TVM CEDIDOS EM EMPRÉSTIMO;Ação ordinária;N;Para negociação;;;;;286674.00;12676724.28;;;SUZB3;;;;;;;;2004-08-05;;;;
FIIM;32.203.211/0001-18;ETF BRADESCO IBOVESPA FUNDO DE ÍNDICE;2023-06-30;486801;1270812532.20;AÇÕES E OUTROS TVM CEDIDOS EM EMPRÉSTIMO;Ação ordinária;N;Para negociação;;;;;107106.00;894335.10;;;DXCO3;;;;;;;;2021-08-19;;;;
FIIM;32.203.211/0001-18;ETF BRADESCO IBOVESPA FUNDO DE ÍNDICE;2023-06-30;486801;1270812532.20;AÇÕES E OUTROS TVM CEDIDOS EM EMPRÉSTIMO;Ação ordinária;S;Para negociação;;;;;333427.00;1530429.93;;;CIEL3;;;;;;;;2009-12-18;;;;
FIIM;32.203.211/0001-18;ETF BRADESCO IBOVESPA FUNDO DE ÍNDICE;2023-06-30;486801;1270812532.20;AÇÕES E OUTROS TVM CEDIDOS EM EMPRÉSTIMO;Ação ordinária;N;Para negociação;;;;;143302.00;2586601.10;;;VBBR3;;;;;;;;2021-10-22;;;;
FIIM;32.203.211/0001-18;ETF BRADESCO IBOVESPA FUNDO DE ÍNDICE;2023-06-30;486801;1270812532.20;AÇÕES E OUTROS TVM CEDIDOS EM EMPRÉSTIMO;Ação ordinária;N;Para negociação;;;;;38928.00;1329391.20;;;SMTO3;;;;;;;;2007-02-12;;;;
FIIM;32.203.211/0001-18;ETF BRADESCO IBOVESPA FUNDO DE ÍNDICE;2023-06-30;486801;1270812532.20;AÇÕES E OUTROS TVM CEDIDOS EM EMPRÉSTIMO;Ação ordinária;N;Para negociação;;;;;275465.00;5107121.10;;;EMBR3;;;;;;;;1989-08-28;;;;
FIIM;32.203.211/0001-18;ETF BRADESCO IBOVESPA FUNDO DE ÍNDICE;2023-06-30;486801;1270812532.20;AÇÕES E OUTROS TVM CEDIDOS EM EMPRÉSTIMO;Ação ordinária;N;Para negociação;;;;;397538.00;13086950.96;;;RDOR3;;;;;;;;2021-06-25;;;;
FIIM;32.203.211/0001-18;ETF BRADESCO IBOVESPA FUNDO DE ÍNDICE;2023-06-30;486801;1270812532.20;AÇÕES E OUTROS TVM CEDIDOS EM EMPRÉSTIMO;Ação ordinária;N;Para negociação;;;;;37314.00;687323.88;;;EZTC3;;;;;;;;2007-06-22;;;;
FIIM;32.203.211/0001-18;ETF BRADESCO IBOVESPA FUNDO DE ÍNDICE;2023-06-30;486801;1270812532.20;AÇÕES E OUTROS TVM CEDIDOS EM EMPRÉSTIMO;Ação ordinária;N;Para negociação;;;;;193544.00;2322528.00;;;SOMA3;;;;;;;;2020-07-31;;;;
FIIM;32.203.211/0001-18;ETF BRADESCO IBOVESPA FUNDO DE ÍNDICE;2023-06-30;486801;1270812532.20;AÇÕES E OUTROS TVM CEDIDOS EM EMPRÉSTIMO;Ação ordinária;S;Para negociação;;;;;30868.00;1344301.40;;;IRBR3;;;;;;;;2017-07-31;;;;
FIIM;32.203.211/0001-18;ETF BRADESCO IBOVESPA FUNDO DE ÍNDICE;2023-06-30;486801;1270812532.20;AÇÕES E OUTROS TVM CEDIDOS EM EMPRÉSTIMO;Ação ordinária;N;Para negociação;;;;;98240.00;4488585.60;;;EGIE3;;;;;;;;2016-07-21;;;;
FIIM;32.203.211/0001-18;ETF BRADESCO IBOVESPA FUNDO DE ÍNDICE;2023-06-30;486801;1270812532.20;AÇÕES E OUTROS TVM CEDIDOS EM EMPRÉSTIMO;Ação ordinária;N;Para negociação;;;;;413038.00;5679272.50;;;ASAI3;;;;;;;;2021-03-01;;;;
FIIM;32.203.211/0001-18;ETF BRADESCO IBOVESPA FUNDO DE ÍNDICE;2023-06-30;486801;1270812532.20;AÇÕES E OUTROS TVM CEDIDOS EM EMPRÉSTIMO;Ação ordinária;N;Para negociação;;;;;203177.00;6091246.46;;;TOTS3;;;;;;;;2006-03-09;;;;
FIIM;32.203.211/0001-18;ETF BRADESCO IBOVESPA FUNDO DE ÍNDICE;2023-06-30;486801;1270812532.20;AÇÕES E OUTROS TVM CEDIDOS EM EMPRÉSTIMO;Ação ordinária;N;Para negociação;;;;;391552.00;5501305.60;;;CCRO3;;;;;;;;2002-02-01;;;;
FIIM;32.203.211/0001-18;ETF BRADESCO IBOVESPA FUNDO DE ÍNDICE;2023-06-30;486801;1270812532.20;AÇÕES E OUTROS TVM CEDIDOS EM EMPRÉSTIMO;Ação ordinária;N;Para negociação;;;;;55376.00;1036084.96;;;PCAR3;;;;;;;;1995-10-03;;;;
FIIM;32.203.211/0001-18;ETF BRADESCO IBOVESPA FUNDO DE ÍNDICE;2023-06-30;486801;1270812532.20;AÇÕES E OUTROS TVM CEDIDOS EM EMPRÉSTIMO;Ação ordinária;S;Para negociação;;;;;165493.00;2656162.65;;;FLRY3;;;;;;;;2009-12-17;;;;
FIIM;32.203.211/0001-18;ETF BRADESCO IBOVESPA FUNDO DE ÍNDICE;2023-06-30;486801;1270812532.20;AÇÕES E OUTROS TVM CEDIDOS EM EMPRÉSTIMO;Ação ordinária;N;Para negociação;;;;;458432.00;13569587.20;;;RADL3;;;;;;;;2011-12-19;;;;
FIIM;32.203.211/0001-18;ETF BRADESCO IBOVESPA FUNDO DE ÍNDICE;2023-06-30;486801;1270812532.20;AÇÕES E OUTROS TVM CEDIDOS EM EMPRÉSTIMO;Ação ordinária;N;Para negociação;;;;;1648163.00;25398191.83;;;ABEV3;;;;;;;;2013-11-11;;;;
FIIM;32.203.211/0001-18;ETF BRADESCO IBOVESPA FUNDO DE ÍNDICE;2023-06-30;486801;1270812532.20;AÇÕES E OUTROS TVM CEDIDOS EM EMPRÉSTIMO;Ação ordinária;N;Para negociação;;;;;419904.00;9321868.80;;;RAIL3;;;;;;;;2017-03-13;;;;
FIIM;32.203.211/0001-18;ETF BRADESCO IBOVESPA FUNDO DE ÍNDICE;2023-06-30;486801;1270812532.20;AÇÕES E OUTROS TVM CEDIDOS EM EMPRÉSTIMO;Ação ordinária;N;Para negociação;;;;;124177.00;1065438.66;;;LWSA3;;;;;;;;2020-02-06;;;;
FIIM;32.203.211/0001-18;ETF BRADESCO IBOVESPA FUNDO DE ÍNDICE;2023-06-30;486801;1270812532.20;AÇÕES E OUTROS TVM CEDIDOS EM EMPRÉSTIMO;Ação ordinária;N;Para negociação;;;;;44487.00;3047359.50;;;RENT3;;;;;;;;2005-05-23;;;;
FIIM;32.203.211/0001-18;ETF BRADESCO IBOVESPA FUNDO DE ÍNDICE;2023-06-30;486801;1270812532.20;AÇÕES E OUTROS TVM CEDIDOS EM EMPRÉSTIMO;Ação ordinária;N;Para negociação;;;;;151458.00;6968582.58;;;HYPE3;;;;;;;;2008-04-18;;;;
FIIM;32.203.211/0001-18;ETF BRADESCO IBOVESPA FUNDO DE ÍNDICE;2023-06-30;486801;1270812532.20;AÇÕES E OUTROS TVM CEDIDOS EM EMPRÉSTIMO;Ação ordinária;N;Para negociação;;;;;207087.00;2319374.40;;;CRFB3;;;;;;;;2017-07-20;;;;
FIIM;32.203.211/0001-18;ETF BRADESCO IBOVESPA FUNDO DE ÍNDICE;2023-06-30;486801;1270812532.20;AÇÕES E OUTROS TVM CEDIDOS EM EMPRÉSTIMO;Ação ordinária;N;Para negociação;;;;;91342.00;1838714.46;;;CYRE3;;;;;;;;1996-05-27;;;;
FIIM;32.203.211/0001-18;ETF BRADESCO IBOVESPA FUNDO DE ÍNDICE;2023-06-30;486801;1270812532.20;AÇÕES E OUTROS TVM CEDIDOS EM EMPRÉSTIMO;Ação ordinária;N;Para negociação;;;;;319558.00;4671937.96;;;TIMS3;;;;;;;;2020-10-13;;;;
FIIM;32.203.211/0001-18;ETF BRADESCO IBOVESPA FUNDO DE ÍNDICE;2023-06-30;486801;1270812532.20;AÇÕES E OUTROS TVM CEDIDOS EM EMPRÉSTIMO;Ação ordinária;N;Para negociação;;;;;22407.00;174998.67;;;CASH3;;;;;;;;2020-11-05;;;;
FIIM;32.203.211/0001-18;ETF BRADESCO IBOVESPA FUNDO DE ÍNDICE;2023-06-30;486801;1270812532.20;AÇÕES E OUTROS TVM CEDIDOS EM EMPRÉSTIMO;Ação ordinária;N;Para negociação;;;;;132801.00;873830.58;;;PETZ3;;;;;;;;2020-09-11;;;;
FIIM;32.203.211/0001-18;ETF BRADESCO IBOVESPA FUNDO DE ÍNDICE;2023-06-30;486801;1270812532.20;AÇÕES E OUTROS TVM CEDIDOS EM EMPRÉSTIMO;Ação ordinária;N;Para negociação;;;;;1593695.00;102347092.90;;;VALE3;;;;;;;;1982-02-15;;;;
FIIM;32.203.211/0001-18;ETF BRADESCO IBOVESPA FUNDO DE ÍNDICE;2023-06-30;486801;1270812532.20;AÇÕES E OUTROS TVM CEDIDOS EM EMPRÉSTIMO;Ação ordinária;N;Para negociação;;;;;1235556.00;18051473.16;;;B3SA3;;;;;;;;2018-03-26;;;;
FIIM;32.203.211/0001-18;ETF BRADESCO IBOVESPA FUNDO DE ÍNDICE;2023-06-30;486801;1270812532.20;AÇÕES E OUTROS TVM CEDIDOS EM EMPRÉSTIMO;Ação ordinária;N;Para negociação;;;;;44398.00;1228492.66;;;MULT3;;;;;;;;2007-07-27;;;;
FIIM;32.203.211/0001-18;ETF BRADESCO IBOVESPA FUNDO DE ÍNDICE;2023-06-30;486801;1270812532.20;AÇÕES E OUTROS TVM CEDIDOS EM EMPRÉSTIMO;Ação ordinária;N;Para negociação;;;;;115669.00;840913.63;;;MRFG3;;;;;;;;2007-06-28;;;;
FIIM;32.203.211/0001-18;ETF BRADESCO IBOVESPA FUNDO DE ÍNDICE;2023-06-30;486801;1270812532.20;AÇÕES E OUTROS TVM CEDIDOS EM EMPRÉSTIMO;Ação ordinária;N;Para negociação;;;;;602049.00;1294405.35;;;VIIA3;;;;;;;;2021-08-16;;;;
FIIM;32.203.211/0001-18;ETF BRADESCO IBOVESPA FUNDO DE ÍNDICE;2023-06-30;486801;1270812532.20;AÇÕES E OUTROS TVM CEDIDOS EM EMPRÉSTIMO;Ação ordinária;N;Para negociação;;;;;639713.00;25428591.75;;;ELET3;;;;;;;;1983-09-01;;;;
FIIM;32.203.211/0001-18;ETF BRADESCO IBOVESPA FUNDO DE ÍNDICE;2023-06-30;486801;1270812532.20;AÇÕES E OUTROS TVM CEDIDOS EM EMPRÉSTIMO;Ação ordinária;N;Para negociação;;;;;494392.00;18663298.00;;;WEGE3;;;;;;;;2004-08-02;;;;
FIIM;32.203.211/0001-18;ETF BRADESCO IBOVESPA FUNDO DE ÍNDICE;2023-06-30;486801;1270812532.20;AÇÕES E OUTROS TVM CEDIDOS EM EMPRÉSTIMO;Ação ordinária;N;Para negociação;;;;;313885.00;11638855.80;;;PRIO3;;;;;;;;2015-06-26;;;;
FIIM;32.203.211/0001-18;ETF BRADESCO IBOVESPA FUNDO DE ÍNDICE;2023-06-30;486801;1270812532.20;AÇÕES E OUTROS TVM CEDIDOS EM EMPRÉSTIMO;Ação ordinária;N;Para negociação;;;;;90091.00;1042352.87;;;MRVE3;;;;;;;;2007-07-23;;;;
FIIM;32.203.211/0001-18;ETF BRADESCO IBOVESPA FUNDO DE ÍNDICE;2023-06-30;486801;1270812532.20;AÇÕES E OUTROS TVM CEDIDOS EM EMPRÉSTIMO;Ação ordinária;N;Para negociação;;;;;376136.00;7522720.00;;;LREN3;;;;;;;;1973-07-24;;;;
FIIM;32.203.211/0001-18;ETF BRADESCO IBOVESPA FUNDO DE ÍNDICE;2023-06-30;486801;1270812532.20;AÇÕES E OUTROS TVM CEDIDOS EM EMPRÉSTIMO;Ação ordinária;N;Para negociação;;;;;438573.00;14100121.95;;;EQTL3;;;;;;;;2006-04-03;;;;
FIIM;32.203.211/0001-18;ETF BRADESCO IBOVESPA FUNDO DE ÍNDICE;2023-06-30;486801;1270812532.20;AÇÕES E OUTROS TVM CEDIDOS EM EMPRÉSTIMO;Ação preferencial;N;Para negociação;;;;;129596.00;2832968.56;;;AZUL4;;;;;;;;2017-04-11;;;;
FIIM;32.203.211/0001-18;ETF BRADESCO IBOVESPA FUNDO DE ÍNDICE;2023-06-30;486801;1270812532.20;AÇÕES E OUTROS TVM CEDIDOS EM EMPRÉSTIMO;Ação preferencial;N;Para negociação;;;;;173481.00;1226510.67;;;USIM5;;;;;;;;1999-02-02;;;;
FIIM;32.203.211/0001-18;ETF BRADESCO IBOVESPA FUNDO DE ÍNDICE;2023-06-30;486801;1270812532.20;AÇÕES E OUTROS TVM CEDIDOS EM EMPRÉSTIMO;Ação preferencial;N;Para negociação;;;;;246860.00;2917885.20;;;GOAU4;;;;;;;;1973-08-27;;;;
FIIM;32.203.211/0001-18;ETF BRADESCO IBOVESPA FUNDO DE ÍNDICE;2023-06-30;486801;1270812532.20;AÇÕES E OUTROS TVM CEDIDOS EM EMPRÉSTIMO;Ação preferencial;N;Para negociação;;;;;76731.00;1010547.27;;;GOLL4;;;;;;;;2004-06-24;;;;
FIIM;32.203.211/0001-18;ETF BRADESCO IBOVESPA FUNDO DE ÍNDICE;2023-06-30;486801;1270812532.20;AÇÕES E OUTROS TVM CEDIDOS EM EMPRÉSTIMO;Ação preferencial;N;Para negociação;;;;;89100.00;2482326.00;;;BRKM5;;;;;;;;2002-09-02;;;;
FIIM;32.203.211/0001-18;ETF BRADESCO IBOVESPA FUNDO DE ÍNDICE;2023-06-30;486801;1270812532.20;AÇÕES E OUTROS TVM CEDIDOS EM EMPRÉSTIMO;Ação preferencial;N;Para negociação;;;;;1965562.00;18948017.68;;;ITSA4;;;;;;;;1973-09-17;;;;
FIIM;32.203.211/0001-18;ETF BRADESCO IBOVESPA FUNDO DE ÍNDICE;2023-06-30;486801;1270812532.20;AÇÕES E OUTROS TVM CEDIDOS EM EMPRÉSTIMO;Ação preferencial;S;Para negociação;;;;;2035875.00;33490143.75;;;BBDC4;;;;;;;;1973-12-06;;;;
FIIM;32.203.211/0001-18;ETF BRADESCO IBOVESPA FUNDO DE ÍNDICE;2023-06-30;486801;1270812532.20;AÇÕES E OUTROS TVM CEDIDOS EM EMPRÉSTIMO;Ação preferencial;N;Para negociação;;;;;1773127.00;52360440.31;;;PETR4;;;;;;;;1973-09-18;;;;
FIIM;32.203.211/0001-18;ETF BRADESCO IBOVESPA FUNDO DE ÍNDICE;2023-06-30;486801;1270812532.20;AÇÕES E OUTROS TVM CEDIDOS EM EMPRÉSTIMO;Ação preferencial;S;Para negociação;;;;;87919.00;1952680.99;;;BRAP4;;;;;;;;2000-08-10;;;;
FIIM;32.203.211/0001-18;ETF BRADESCO IBOVESPA FUNDO DE ÍNDICE;2023-06-30;486801;1270812532.20;AÇÕES E OUTROS TVM CEDIDOS EM EMPRÉSTIMO;Ação preferencial;N;Para negociação;;;;;501462.00;6448801.32;;;CMIG4;;;;;;;;1973-08-20;;;;
FIIM;32.203.211/0001-18;ETF BRADESCO IBOVESPA FUNDO DE ÍNDICE;2023-06-30;486801;1270812532.20;AÇÕES E OUTROS TVM CEDIDOS EM EMPRÉSTIMO;Ação preferencial;N;Para negociação;;;;;464742.00;2044864.80;;;RAIZ4;;;;;;;;2021-08-05;;;;
FIIM;32.203.211/0001-18;ETF BRADESCO IBOVESPA FUNDO DE ÍNDICE;2023-06-30;486801;1270812532.20;AÇÕES E OUTROS TVM CEDIDOS EM EMPRÉSTIMO;Ação preferencial;N;Para negociação;;;;;79859.00;742688.70;;;ALPA4;;;;;;;;1973-03-19;;;;
FIIM;32.203.211/0001-18;ETF BRADESCO IBOVESPA FUNDO DE ÍNDICE;2023-06-30;486801;1270812532.20;AÇÕES E OUTROS TVM CEDIDOS EM EMPRÉSTIMO;Ação preferencial;N;Para negociação;;;;;1676502.00;47646186.84;;;ITUB4;;;;;;;;2009-05-20;;;;
FIIM;32.203.211/0001-18;ETF BRADESCO IBOVESPA FUNDO DE ÍNDICE;2023-06-30;486801;1270812532.20;AÇÕES E OUTROS TVM CEDIDOS EM EMPRÉSTIMO;Ação preferencial;N;Para negociação;;;;;96813.00;4310114.76;;;ELET6;;;;;;;;1974-11-13;;;;
FIIM;32.203.211/0001-18;ETF BRADESCO IBOVESPA FUNDO DE ÍNDICE;2023-06-30;486801;1270812532.20;AÇÕES E OUTROS TVM CEDIDOS EM EMPRÉSTIMO;Ação preferencial;N;Para negociação;;;;;432362.00;10839315.34;;;GGBR4;;;;;;;;2001-02-01;;;;
FIIM;32.203.211/0001-18;ETF BRADESCO IBOVESPA FUNDO DE ÍNDICE;2023-06-30;486801;1270812532.20;AÇÕES E OUTROS TVM CEDIDOS EM EMPRÉSTIMO;Ação preferencial;N;Para negociação;;;;;439681.00;3644955.49;;;CPLE6;;;;;;;;1996-11-14;;;;
FIIM;32.203.211/0001-18;ETF BRADESCO IBOVESPA FUNDO DE ÍNDICE;2023-06-30;486801;1270812532.20;AÇÕES E OUTROS TVM CEDIDOS EM EMPRÉSTIMO;Certificado de depósito de ações;N;Para negociação;;;;;470639.00;14801596.55;;;BPAC11;;;;;;;;2017-02-16;;;;
FIIM;32.203.211/0001-18;ETF BRADESCO IBOVESPA FUNDO DE ÍNDICE;2023-06-30;486801;1270812532.20;AÇÕES E OUTROS TVM CEDIDOS EM EMPRÉSTIMO;Certificado de depósito de ações;N;Para negociação;;;;;85578.00;3221155.92;;;TAEE11;;;;;;;;2012-05-28;;;;
FIIM;32.203.211/0001-18;ETF BRADESCO IBOVESPA FUNDO DE ÍNDICE;2023-06-30;486801;1270812532.20;AÇÕES E OUTROS TVM CEDIDOS EM EMPRÉSTIMO;Certificado de depósito de ações;N;Para negociação;;;;;277697.00;6045463.69;;;KLBN11;;;;;;;;2014-01-10;;;;
FIIM;32.203.211/0001-18;ETF BRADESCO IBOVESPA FUNDO DE ÍNDICE;2023-06-30;486801;1270812532.20;AÇÕES E OUTROS TVM CEDIDOS EM EMPRÉSTIMO;Certificado de depósito de ações;N;Para negociação;;;;;67038.00;1502991.96;;;IGTI11;;;;;;;;2021-11-22;;;;
FIIM;32.203.211/0001-18;ETF BRADESCO IBOVESPA FUNDO DE ÍNDICE;2023-06-30;486801;1270812532.20;AÇÕES E OUTROS TVM CEDIDOS EM EMPRÉSTIMO;Certificado de depósito de ações;N;Para negociação;;;;;139366.00;4268780.58;;;SANB11;;;;;;;;2009-10-07;;;;
FIIM;32.203.211/0001-18;ETF BRADESCO IBOVESPA FUNDO DE ÍNDICE;2023-06-30;486801;1270812532.20;AÇÕES E OUTROS TVM CEDIDOS EM EMPRÉSTIMO;Certificado de depósito de ações;N;Para negociação;;;;;97268.00;4882853.60;;;ENGI11;;;;;;;;2009-11-03;;;;
FIIM;32.203.211/0001-18;ETF BRADESCO IBOVESPA FUNDO DE ÍNDICE;2023-06-30;486801;1270812532.20;OPERAÇÕES COMPROMISSADAS;;S;Para negociação;;;;;238.00;3163841.57;;;;;2027-09-01;;;;;210100;;;;;
FIIM;32.203.211/0001-18;ETF BRADESCO IBOVESPA FUNDO DE ÍNDICE;2023-06-30;486801;1270812532.20;CERTIFICADO OU RECIBO DE DEPÓSITO DE VALORES MOBILIÁRIOS;Certificado de depósito de ações;N;Para negociação;0.00;0.00;0.00;0.00;149921.00;3263780.17;;;KLBN11;;;;;;;;2014-01-10;;;;
FIIM;32.203.211/0001-18;ETF BRADESCO IBOVESPA FUNDO DE ÍNDICE;2023-06-30;486801;1270812532.20;CERTIFICADO OU RECIBO DE DEPÓSITO DE VALORES MOBILIÁRIOS;Certificado de depósito de ações;N;Para negociação;0.00;0.00;0.00;0.00;77302.00;2367760.26;;;SANB11;;;;;;;;2009-10-07;;;;
FIIM;32.203.211/0001-18;ETF BRADESCO IBOVESPA FUNDO DE ÍNDICE;2023-06-30;486801;1270812532.20;CERTIFICADO OU RECIBO DE DEPÓSITO DE VALORES MOBILIÁRIOS;Certificado de depósito de ações;N;Para negociação;0.00;0.00;0.00;0.00;64398.00;1443803.16;;;IGTI11;;;;;;;;2021-11-22;;;;
FIIM;32.203.211/0001-18;ETF BRADESCO IBOVESPA FUNDO DE ÍNDICE;2023-06-30;486801;1270812532.20;CERTIFICADO OU RECIBO DE DEPÓSITO DE VALORES MOBILIÁRIOS;Certificado de depósito de ações;N;Para negociação;0.00;0.00;0.00;0.00;54112.00;2716422.40;;;ENGI11;;;;;;;;2009-11-03;;;;
FIIM;32.203.211/0001-18;ETF BRADESCO IBOVESPA FUNDO DE ÍNDICE;2023-06-30;486801;1270812532.20;CERTIFICADO OU RECIBO DE DEPÓSITO DE VALORES MOBILIÁRIOS;Certificado de depósito de ações;N;Para negociação;0.00;0.00;0.00;0.00;47580.00;1790911.20;;;TAEE11;;;;;;;;2012-05-28;;;;
FIIM;32.203.211/0001-18;ETF BRADESCO IBOVESPA FUNDO DE ÍNDICE;2023-06-30;486801;1270812532.20;CERTIFICADO OU RECIBO DE DEPÓSITO DE VALORES MOBILIÁRIOS;Certificado de depósito de ações;N;Para negociação;0.00;0.00;0.00;0.00;275954.00;8678753.30;;;BPAC11;;;;;;;;2017-02-16;;;;
FIIM;32.880.642/0001-19;IT NOW IRF-M P2 FUNDO DE ÍNDICE;2023-06-30;487660;244156499.20;TÍTULOS PÚBLICOS;;;Para negociação;0.00;0.00;0.00;0.00;18734.00;19427745.98;;;;;2025-01-01;;;;;950199;;;;;
FIIM;32.880.642/0001-19;IT NOW IRF-M P2 FUNDO DE ÍNDICE;2023-06-30;487660;244156499.20;TÍTULOS PÚBLICOS;;;Para negociação;0.00;0.00;0.00;0.00;19693.00;20530739.97;;;;;2027-01-01;;;;;950199;;;;;
FIIM;32.880.642/0001-19;IT NOW IRF-M P2 FUNDO DE ÍNDICE;2023-06-30;487660;244156499.20;TÍTULOS PÚBLICOS;;;Para negociação;0.00;0.00;2.00;26769.41;6.00;80650.32;;;;;2025-03-01;;;;;210100;;;;;
FIIM;32.880.642/0001-19;IT NOW IRF-M P2 FUNDO DE ÍNDICE;2023-06-30;487660;244156499.20;TÍTULOS PÚBLICOS;;;Para negociação;2370.00;1995140.87;790.00;665046.95;15285.00;13097898.39;;;;;2025-01-01;;;;;100000;;;;;
FIIM;32.880.642/0001-19;IT NOW IRF-M P2 FUNDO DE ÍNDICE;2023-06-30;487660;244156499.20;TÍTULOS PÚBLICOS;;;Para negociação;5630.00;4631500.83;11260.00;9263001.67;18356.00;15392590.73;;;;;2025-04-01;;;;;100000;;;;;
FIIM;32.880.642/0001-19;IT NOW IRF-M P2 FUNDO DE ÍNDICE;2023-06-30;487660;244156499.20;TÍTULOS PÚBLICOS;;;Para negociação;8650.00;6280353.29;17300.00;12560706.58;29045.00;21695306.21;;;;;2026-07-01;;;;;100000;;;;;
FIIM;32.880.642/0001-19;IT NOW IRF-M P2 FUNDO DE ÍNDICE;2023-06-30;487660;244156499.20;TÍTULOS PÚBLICOS;;;Para negociação;0.00;0.00;0.00;0.00;5157.00;5215877.79;;;;;2033-01-01;;;;;950199;;;;;
FIIM;32.880.642/0001-19;IT NOW IRF-M P2 FUNDO DE ÍNDICE;2023-06-30;487660;244156499.20;TÍTULOS PÚBLICOS;;;Para negociação;4500.00;4313966.13;1500.00;1437988.69;1794.00;1737521.21;;;;;2023-10-01;;;;;100000;;;;;
FIIM;32.880.642/0001-19;IT NOW IRF-M P2 FUNDO DE ÍNDICE;2023-06-30;487660;244156499.20;TÍTULOS PÚBLICOS;;;Para negociação;3090.00;2484415.62;1030.00;828138.53;20433.00;16777103.69;;;;;2025-07-01;;;;;100000;;;;;
FIIM;32.880.642/0001-19;IT NOW IRF-M P2 FUNDO DE ÍNDICE;2023-06-30;487660;244156499.20;TÍTULOS PÚBLICOS;;;Para negociação;7650.00;7123341.74;2550.00;2374447.24;50155.00;47225946.36;;;;;2024-01-01;;;;;100000;;;;;
FIIM;32.880.642/0001-19;IT NOW IRF-M P2 FUNDO DE ÍNDICE;2023-06-30;487660;244156499.20;TÍTULOS PÚBLICOS;;;Para negociação;600.00;543930.37;200.00;181310.12;15255.00;14000016.67;;;;;2024-04-01;;;;;100000;;;;;
FIIM;32.880.642/0001-19;IT NOW IRF-M P2 FUNDO DE ÍNDICE;2023-06-30;487660;244156499.20;TÍTULOS PÚBLICOS;;;Para negociação;2490.00;2201068.73;830.00;733689.57;16543.00;14831384.09;;;;;2024-07-01;;;;;100000;;;;;
FIIM;32.880.642/0001-19;IT NOW IRF-M P2 FUNDO DE ÍNDICE;2023-06-30;487660;244156499.20;TÍTULOS PÚBLICOS;;;Para negociação;0.00;0.00;0.00;0.00;15642.00;16079522.67;;;;;2029-01-01;;;;;950199;;;;;
FIIM;32.880.642/0001-19;IT NOW IRF-M P2 FUNDO DE ÍNDICE;2023-06-30;487660;244156499.20;TÍTULOS PÚBLICOS;;;Para negociação;1080.00;931077.00;360.00;310358.99;6993.00;6125603.78;;;;;2024-10-01;;;;;100000;;;;;
FIIM;32.880.642/0001-19;IT NOW IRF-M P2 FUNDO DE ÍNDICE;2023-06-30;487660;244156499.20;TÍTULOS PÚBLICOS;;;Para negociação;0.00;0.00;0.00;0.00;6943.00;7082399.68;;;;;2031-01-01;;;;;950199;;;;;
FIIM;32.880.642/0001-19;IT NOW IRF-M P2 FUNDO DE ÍNDICE;2023-06-30;487660;244156499.20;TÍTULOS PÚBLICOS;;;Para negociação;4710.00;3600427.79;1570.00;1200142.59;31706.00;24838248.26;;;;;2026-01-01;;;;;100000;;;;;
FIIM;32.880.642/0001-19;IT NOW IRF-M P2 FUNDO DE ÍNDICE;2023-06-30;487660;244156499.20;DISPONIBILIDADES;Outros;;Para negociação;;;;;;63316.91;;;;DISPONIBILIDADES;;;;;;;;;;;
FIIM;32.880.642/0001-19;IT NOW IRF-M P2 FUNDO DE ÍNDICE;2023-06-30;487660;244156499.20;VALORES A PAGAR;Outros;;Para negociação;;;;;;68988.91;;;;VALORES A PAGAR;;;;;;;;;;;
FIIM;32.880.642/0001-19;IT NOW IRF-M P2 FUNDO DE ÍNDICE;2023-06-30;487660;244156499.20;VALORES A RECEBER;Outros;;Para negociação;;;;;;23615.40;;;;VALORES A RECEBER;;;;;;;;;;;
FIIM;32.880.663/0001-34;IT NOW IMA-B5+ FUNDO DE ÍNDICE;2023-06-30;487678;1725014491.20;TÍTULOS PÚBLICOS;;;Para negociação;0.00;0.00;0.00;0.00;37264.00;167886982.10;;;;;2040-08-15;;;;;760199;;;;;
FIIM;32.880.663/0001-34;IT NOW IMA-B5+ FUNDO DE ÍNDICE;2023-06-30;487678;1725014491.20;TÍTULOS PÚBLICOS;;;Para negociação;0.00;0.00;0.00;0.00;50242.00;222456790.52;;;;;2030-08-15;;;;;760199;;;;;
FIIM;32.880.663/0001-34;IT NOW IMA-B5+ FUNDO DE ÍNDICE;2023-06-30;487678;1725014491.20;TÍTULOS PÚBLICOS;;;Para negociação;0.00;0.00;0.00;0.00;48595.00;218699784.67;;;;;2055-05-15;;;;;760199;;;;;
FIIM;32.880.663/0001-34;IT NOW IMA-B5+ FUNDO DE ÍNDICE;2023-06-30;487678;1725014491.20;TÍTULOS PÚBLICOS;;;Para negociação;0.00;0.00;0.00;0.00;30607.00;133441641.49;;;;;2028-08-15;;;;;760199;;;;;
FIIM;32.880.663/0001-34;IT NOW IMA-B5+ FUNDO DE ÍNDICE;2023-06-30;487678;1725014491.20;TÍTULOS PÚBLICOS;;;Para negociação;0.00;0.00;0.00;0.00;76406.00;346463096.22;;;;;2050-08-15;;;;;760199;;;;;
FIIM;32.880.663/0001-34;IT NOW IMA-B5+ FUNDO DE ÍNDICE;2023-06-30;487678;1725014491.20;TÍTULOS PÚBLICOS;;;Para negociação;0.00;0.00;0.00;0.00;47314.00;210171672.49;;;;;2045-05-15;;;;;760199;;;;;
FIIM;32.880.663/0001-34;IT NOW IMA-B5+ FUNDO DE ÍNDICE;2023-06-30;487678;1725014491.20;TÍTULOS PÚBLICOS;;;Para negociação;0.00;0.00;0.00;0.00;57073.00;253111910.62;;;;;2035-05-15;;;;;760199;;;;;
FIIM;32.880.663/0001-34;IT NOW IMA-B5+ FUNDO DE ÍNDICE;2023-06-30;487678;1725014491.20;TÍTULOS PÚBLICOS;;;Para negociação;0.00;0.00;0.00;0.00;16516.00;73647365.99;;;;;2032-08-15;;;;;760199;;;;;
FIIM;32.880.663/0001-34;IT NOW IMA-B5+ FUNDO DE ÍNDICE;2023-06-30;487678;1725014491.20;TÍTULOS PÚBLICOS;;;Para negociação;0.00;0.00;0.00;0.00;13685.00;62698175.60;;;;;2060-08-15;;;;;760199;;;;;
FIIM;32.880.663/0001-34;IT NOW IMA-B5+ FUNDO DE ÍNDICE;2023-06-30;487678;1725014491.20;TÍTULOS PÚBLICOS;;;Para negociação;0.00;0.00;0.00;0.00;8270.00;36337176.35;;;;;2033-05-15;;;;;760199;;;;;
FIIM;32.880.663/0001-34;IT NOW IMA-B5+ FUNDO DE ÍNDICE;2023-06-30;487678;1725014491.20;TÍTULOS PÚBLICOS;;;Para negociação;8.00;106994.20;39.00;521319.96;31.00;416627.37;;;;;2025-09-01;;;;;210100;;;;;
FIIM;32.880.663/0001-34;IT NOW IMA-B5+ FUNDO DE ÍNDICE;2023-06-30;487678;1725014491.20;DISPONIBILIDADES;Outros;;Para negociação;;;;;;78044.86;;;;DISPONIBILIDADES;;;;;;;;;;;
FIIM;32.880.663/0001-34;IT NOW IMA-B5+ FUNDO DE ÍNDICE;2023-06-30;487678;1725014491.20;VALORES A PAGAR;Outros;;Para negociação;;;;;;430454.45;;;;VALORES A PAGAR;;;;;;;;;;;
FIIM;32.880.663/0001-34;IT NOW IMA-B5+ FUNDO DE ÍNDICE;2023-06-30;487678;1725014491.20;VALORES A RECEBER;Outros;;Para negociação;;;;;;35677.37;;;;VALORES A RECEBER;;;;;;;;;;;
FIIM;34.081.054/0001-40;ETF BRADESCO IMA-B FUNDO DE ÍNDICE;2023-06-30;486799;1043045749.27;TÍTULOS PÚBLICOS;;;Para negociação;0.00;0.00;1665.00;7175820.64;21373.00;93182860.86;;;;;2028-08-15;;;;;760199;;;;;
FIIM;34.081.054/0001-40;ETF BRADESCO IMA-B FUNDO DE ÍNDICE;2023-06-30;486799;1043045749.27;TÍTULOS PÚBLICOS;;;Para negociação;0.00;0.00;265.00;1168906.39;12987.00;58510835.65;;;;;2040-08-15;;;;;760199;;;;;
FIIM;34.081.054/0001-40;ETF BRADESCO IMA-B FUNDO DE ÍNDICE;2023-06-30;486799;1043045749.27;TÍTULOS PÚBLICOS;;;Para negociação;770.00;3407907.20;0.00;0.00;26624.00;120726497.74;;;;;2050-08-15;;;;;760199;;;;;
FIIM;34.081.054/0001-40;ETF BRADESCO IMA-B FUNDO DE ÍNDICE;2023-06-30;486799;1043045749.27;TÍTULOS PÚBLICOS;;;Para negociação;880.00;3823175.14;0.00;0.00;16485.00;73227344.55;;;;;2045-05-15;;;;;760199;;;;;
FIIM;34.081.054/0001-40;ETF BRADESCO IMA-B FUNDO DE ÍNDICE;2023-06-30;486799;1043045749.27;TÍTULOS PÚBLICOS;;;Para negociação;250.00;1095667.32;0.00;0.00;5755.00;25662407.81;;;;;2032-08-15;;;;;760199;;;;;
FIIM;34.081.054/0001-40;ETF BRADESCO IMA-B FUNDO DE ÍNDICE;2023-06-30;486799;1043045749.27;TÍTULOS PÚBLICOS;;;Para negociação;970.00;4213637.12;0.00;0.00;19887.00;88196448.39;;;;;2035-05-15;;;;;760199;;;;;
FIIM;34.081.054/0001-40;ETF BRADESCO IMA-B FUNDO DE ÍNDICE;2023-06-30;486799;1043045749.27;TÍTULOS PÚBLICOS;;;Para negociação;0.00;0.00;385.00;1714233.35;4770.00;21853876.13;;;;;2060-08-15;;;;;760199;;;;;
FIIM;34.081.054/0001-40;ETF BRADESCO IMA-B FUNDO DE ÍNDICE;2023-06-30;486799;1043045749.27;TÍTULOS PÚBLICOS;;;Para negociação;0.00;0.00;970.00;4179476.66;2885.00;12676264.36;;;;;2033-05-15;;;;;760199;;;;;
FIIM;34.081.054/0001-40;ETF BRADESCO IMA-B FUNDO DE ÍNDICE;2023-06-30;486799;1043045749.27;TÍTULOS PÚBLICOS;;;Para negociação;280.00;1182920.23;0.00;0.00;12920.00;54984155.35;;;;;2027-05-15;;;;;760199;;;;;
FIIM;34.081.054/0001-40;ETF BRADESCO IMA-B FUNDO DE ÍNDICE;2023-06-30;486799;1043045749.27;TÍTULOS PÚBLICOS;;;Para negociação;514.00;2122586.38;0.00;0.00;21075.00;87578319.92;;;;;2025-05-15;;;;;760199;;;;;
FIIM;34.081.054/0001-40;ETF BRADESCO IMA-B FUNDO DE ÍNDICE;2023-06-30;486799;1043045749.27;TÍTULOS PÚBLICOS;;;Para negociação;0.00;0.00;490.00;2083333.31;27716.00;118743465.73;;;;;2026-08-15;;;;;760199;;;;;
FIIM;34.081.054/0001-40;ETF BRADESCO IMA-B FUNDO DE ÍNDICE;2023-06-30;486799;1043045749.27;TÍTULOS PÚBLICOS;;;Para negociação;1164.00;4819961.84;0.00;0.00;32177.00;133824153.23;;;;;2024-08-15;;;;;760199;;;;;
FIIM;34.081.054/0001-40;ETF BRADESCO IMA-B FUNDO DE ÍNDICE;2023-06-30;486799;1043045749.27;TÍTULOS PÚBLICOS;;;Para negociação;64.00;280338.64;0.00;0.00;16934.00;76210747.82;;;;;2055-05-15;;;;;760199;;;;;
FIIM;34.081.054/0001-40;ETF BRADESCO IMA-B FUNDO DE ÍNDICE;2023-06-30;486799;1043045749.27;TÍTULOS PÚBLICOS;;;Para negociação;790.00;3444887.32;0.00;0.00;17506.00;77511385.99;;;;;2030-08-15;;;;;760199;;;;;
FIIM;34.081.054/0001-40;ETF BRADESCO IMA-B FUNDO DE ÍNDICE;2023-06-30;486799;1043045749.27;DISPONIBILIDADES;Outros;;Para negociação;;;;;;10000.00;;;;Disponibilidade;;;;;;;;;;;
FIIM;34.081.054/0001-40;ETF BRADESCO IMA-B FUNDO DE ÍNDICE;2023-06-30;486799;1043045749.27;VALORES A PAGAR;Outros;;Para negociação;;;;;;210790.66;;;;Valores a Pagar;;;;;;;;;;;
FIIM;34.081.054/0001-40;ETF BRADESCO IMA-B FUNDO DE ÍNDICE;2023-06-30;486799;1043045749.27;VALORES A RECEBER;Outros;;Para negociação;;;;;;48744.98;;;;Valores a Receber;;;;;;;;;;;
FIIM;34.081.054/0001-40;ETF BRADESCO IMA-B FUNDO DE ÍNDICE;2023-06-30;486799;1043045749.27;OPERAÇÕES COMPROMISSADAS;;S;Para negociação;;;;;24.00;309031.42;;;;;2027-09-01;;;;;210100;;;;;
FIIM;34.081.072/0001-22;ETF BRADESCO IMA-B5+ FUNDO DE ÍNDICE;2023-06-30;486798;209784230.36;TÍTULOS PÚBLICOS;;;Para negociação;0.00;0.00;60.00;262825.16;5909.00;26593203.42;;;;;2055-05-15;;;;;760199;;;;;
FIIM;34.081.072/0001-22;ETF BRADESCO IMA-B5+ FUNDO DE ÍNDICE;2023-06-30;486798;209784230.36;TÍTULOS PÚBLICOS;;;Para negociação;0.00;0.00;65.00;283443.04;6111.00;27057698.83;;;;;2030-08-15;;;;;760199;;;;;
FIIM;34.081.072/0001-22;ETF BRADESCO IMA-B5+ FUNDO DE ÍNDICE;2023-06-30;486798;209784230.36;TÍTULOS PÚBLICOS;;;Para negociação;0.00;0.00;240.00;1058632.20;4531.00;20413690.22;;;;;2040-08-15;;;;;760199;;;;;
FIIM;34.081.072/0001-22;ETF BRADESCO IMA-B5+ FUNDO DE ÍNDICE;2023-06-30;486798;209784230.36;TÍTULOS PÚBLICOS;;;Para negociação;0.00;0.00;45.00;195507.91;5755.00;25564050.17;;;;;2045-05-15;;;;;760199;;;;;
FIIM;34.081.072/0001-22;ETF BRADESCO IMA-B5+ FUNDO DE ÍNDICE;2023-06-30;486798;209784230.36;TÍTULOS PÚBLICOS;;;Para negociação;0.00;0.00;185.00;818804.28;9294.00;42143632.40;;;;;2050-08-15;;;;;760199;;;;;
FIIM;34.081.072/0001-22;ETF BRADESCO IMA-B5+ FUNDO DE ÍNDICE;2023-06-30;486798;209784230.36;TÍTULOS PÚBLICOS;;;Para negociação;0.00;0.00;360.00;1551145.98;1005.00;4415821.70;;;;;2033-05-15;;;;;760199;;;;;
FIIM;34.081.072/0001-22;ETF BRADESCO IMA-B5+ FUNDO DE ÍNDICE;2023-06-30;486798;209784230.36;TÍTULOS PÚBLICOS;;;Para negociação;0.00;0.00;185.00;823722.52;1665.00;7628239.73;;;;;2060-08-15;;;;;760199;;;;;
FIIM;34.081.072/0001-22;ETF BRADESCO IMA-B5+ FUNDO DE ÍNDICE;2023-06-30;486798;209784230.36;TÍTULOS PÚBLICOS;;;Para negociação;0.00;0.00;65.00;282361.68;6943.00;30791368.18;;;;;2035-05-15;;;;;760199;;;;;
FIIM;34.081.072/0001-22;ETF BRADESCO IMA-B5+ FUNDO DE ÍNDICE;2023-06-30;486798;209784230.36;TÍTULOS PÚBLICOS;;;Para negociação;0.00;0.00;25.00;109568.17;2010.00;8962891.29;;;;;2032-08-15;;;;;760199;;;;;
FIIM;34.081.072/0001-22;ETF BRADESCO IMA-B5+ FUNDO DE ÍNDICE;2023-06-30;486798;209784230.36;TÍTULOS PÚBLICOS;;;Para negociação;402.00;1732512.94;0.00;0.00;3713.00;16188085.97;;;;;2028-08-15;;;;;760199;;;;;
FIIM;34.081.072/0001-22;ETF BRADESCO IMA-B5+ FUNDO DE ÍNDICE;2023-06-30;486798;209784230.36;DISPONIBILIDADES;Outros;;Para negociação;;;;;;10000.00;;;;Disponibilidade;;;;;;;;;;;
FIIM;34.081.072/0001-22;ETF BRADESCO IMA-B5+ FUNDO DE ÍNDICE;2023-06-30;486798;209784230.36;VALORES A PAGAR;Outros;;Para negociação;;;;;;57221.21;;;;Valores a Pagar;;;;;;;;;;;
FIIM;34.081.072/0001-22;ETF BRADESCO IMA-B5+ FUNDO DE ÍNDICE;2023-06-30;486798;209784230.36;VALORES A RECEBER;Outros;;Para negociação;;;;;;16003.73;;;;Valores a Receber;;;;;;;;;;;
FIIM;34.081.072/0001-22;ETF BRADESCO IMA-B5+ FUNDO DE ÍNDICE;2023-06-30;486798;209784230.36;OPERAÇÕES COMPROMISSADAS;;S;Para negociação;;;;;5.00;56765.93;;;;;2027-09-01;;;;;210100;;;;;
FIIM;34.606.480/0001-50;BB ETF IBOVESPA FUNDO DE INDICE;2023-06-30;495170;1467273936.89;;;;Para negociação;0.00;0.00;0.00;0.00;8081.00;34498322.27;;;760199;;;;;;;;2035-05-15;;;;
FIIM;34.606.480/0001-50;BB ETF IBOVESPA FUNDO DE INDICE;2023-06-30;495170;1467273936.89;AÇÕES;;N;Para negociação;39000.00;2078845.00;10100.00;555028.55;233700.00;13220409.00;;;SBSP3;;;;;;;;1998-02-11;;;;
FIIM;34.606.480/0001-50;BB ETF IBOVESPA FUNDO DE INDICE;2023-06-30;495170;1467273936.89;AÇÕES;;N;Para negociação;39000.00;285860.00;10100.00;71058.50;214736.00;1412962.88;;;PETZ3;;;;;;;;2020-09-11;;;;
FIIM;34.606.480/0001-50;BB ETF IBOVESPA FUNDO DE INDICE;2023-06-30;495170;1467273936.89;AÇÕES;;N;Para negociação;31200.00;601208.00;8100.00;156305.77;82843.00;1667629.59;;;CYRE3;;;;;;;;1997-04-22;;;;
FIIM;34.606.480/0001-50;BB ETF IBOVESPA FUNDO DE INDICE;2023-06-30;495170;1467273936.89;AÇÕES;;N;Para negociação;31200.00;728700.00;8000.00;188073.49;166600.00;3935092.00;;;ENBR3;;;;;;;;2005-07-13;;;;
FIIM;34.606.480/0001-50;BB ETF IBOVESPA FUNDO DE INDICE;2023-06-30;495170;1467273936.89;AÇÕES;;N;Para negociação;31200.00;323856.00;8000.00;84418.38;124405.00;1322425.15;;;BEEF3;;;;;;;;2007-07-20;;;;
FIIM;34.606.480/0001-50;BB ETF IBOVESPA FUNDO DE INDICE;2023-06-30;495170;1467273936.89;AÇÕES;;N;Para negociação;23400.00;738744.00;25253.00;628697.20;182953.00;5461147.05;;;RRRP3;;;;;;;;2020-11-12;;;;
FIIM;34.606.480/0001-50;BB ETF IBOVESPA FUNDO DE INDICE;2023-06-30;495170;1467273936.89;AÇÕES;;N;Para negociação;93600.00;3265656.00;24500.00;921386.00;203914.00;7561131.12;;;PRIO3;;;;;;;;2015-06-26;;;;
FIIM;34.606.480/0001-50;BB ETF IBOVESPA FUNDO DE INDICE;2023-06-30;495170;1467273936.89;AÇÕES;;N;Para negociação;23400.00;230904.00;6200.00;73505.77;86284.00;1136360.28;;;GOLL4;;;;;;;;2004-06-24;;;;
FIIM;34.606.480/0001-50;BB ETF IBOVESPA FUNDO DE INDICE;2023-06-30;495170;1467273936.89;AÇÕES;;N;Para negociação;140400.00;3120264.00;36500.00;807020.38;824331.00;18300148.20;;;RAIL3;;;;;;;;2017-03-13;;;;
FIIM;34.606.480/0001-50;BB ETF IBOVESPA FUNDO DE INDICE;2023-06-30;495170;1467273936.89;AÇÕES;;N;Para negociação;31200.00;1350148.00;8000.00;362505.65;50914.00;2326260.66;;;EGIE3;;;;;;;;2016-07-21;;;;
FIIM;34.606.480/0001-50;BB ETF IBOVESPA FUNDO DE INDICE;2023-06-30;495170;1467273936.89;AÇÕES;;N;Para negociação;593900.00;9619855.00;154200.00;2573288.52;1082320.00;17804164.00;;;BBDC4;;;;;;;;1998-03-02;;;;
FIIM;34.606.480/0001-50;BB ETF IBOVESPA FUNDO DE INDICE;2023-06-30;495170;1467273936.89;AÇÕES;;N;Para negociação;85800.00;1642817.00;22200.00;394166.95;495098.00;9179116.92;;;EMBR3;;;;;;;;1997-07-28;;;;
FIIM;34.606.480/0001-50;BB ETF IBOVESPA FUNDO DE INDICE;2023-06-30;495170;1467273936.89;AÇÕES;;N;Para negociação;553800.00;15126550.00;143900.00;4111487.03;3116322.00;88565871.24;;;ITUB4;;;;;;;;2009-05-20;;;;
FIIM;34.606.480/0001-50;BB ETF IBOVESPA FUNDO DE INDICE;2023-06-30;495170;1467273936.89;AÇÕES;;N;Para negociação;7800.00;308765.00;2100.00;84757.20;55600.00;2421380.00;;;IRBR3;;;;;;;;2017-07-31;;;;
FIIM;34.606.480/0001-50;BB ETF IBOVESPA FUNDO DE INDICE;2023-06-30;495170;1467273936.89;AÇÕES;;N;Para negociação;524200.00;14858040.00;137700.00;4223049.31;2544379.00;75135511.87;;;PETR4;;;;;;;;1997-03-24;;;;
FIIM;34.606.480/0001-50;BB ETF IBOVESPA FUNDO DE INDICE;2023-06-30;495170;1467273936.89;AÇÕES;;N;Para negociação;78000.00;905260.00;20200.00;241320.30;457400.00;5406468.00;;;GOAU4;;;;;;;;1998-01-02;;;;
FIIM;34.606.480/0001-50;BB ETF IBOVESPA FUNDO DE INDICE;2023-06-30;495170;1467273936.89;AÇÕES;;N;Para negociação;62400.00;452064.00;16100.00;116531.76;197438.00;1395886.66;;;USIM5;;;;;;;;1999-02-02;;;;
FIIM;34.606.480/0001-50;BB ETF IBOVESPA FUNDO DE INDICE;2023-06-30;495170;1467273936.89;AÇÕES;;N;Para negociação;124800.00;3097664.00;32500.00;820784.44;230192.00;5770913.44;;;GGBR4;;;;;;;;2001-02-01;;;;
FIIM;34.606.480/0001-50;BB ETF IBOVESPA FUNDO DE INDICE;2023-06-30;495170;1467273936.89;AÇÕES;;N;Para negociação;132600.00;3778335.00;34504.00;991861.43;333321.00;9866301.60;;;RADL3;;;;;;;;2011-12-19;;;;
FIIM;34.606.480/0001-50;BB ETF IBOVESPA FUNDO DE INDICE;2023-06-30;495170;1467273936.89;AÇÕES;;N;Para negociação;31200.00;838688.00;8100.00;221709.65;183100.00;5066377.00;;;MULT3;;;;;;;;2007-07-27;;;;
FIIM;34.606.480/0001-50;BB ETF IBOVESPA FUNDO DE INDICE;2023-06-30;495170;1467273936.89;AÇÕES;;N;Para negociação;163800.00;1982715.00;42700.00;540722.42;992729.00;12766494.94;;;CMIG4;;;;;;;;1997-12-26;;;;
FIIM;34.606.480/0001-50;BB ETF IBOVESPA FUNDO DE INDICE;2023-06-30;495170;1467273936.89;AÇÕES;;N;Para negociação;171600.00;2388892.00;44800.00;654760.20;1031467.00;15100676.88;;;BBDC3;;;;;;;;1998-03-02;;;;
FIIM;34.606.480/0001-50;BB ETF IBOVESPA FUNDO DE INDICE;2023-06-30;495170;1467273936.89;AÇÕES;;N;Para negociação;234000.00;8704320.00;60700.00;2394027.56;1369900.00;54453525.00;;;ELET3;;;;;;;;1997-12-16;;;;
FIIM;34.606.480/0001-50;BB ETF IBOVESPA FUNDO DE INDICE;2023-06-30;495170;1467273936.89;AÇÕES;;N;Para negociação;124800.00;2222176.00;32500.00;586370.22;406641.00;7681448.49;;;UGPA3;;;;;;;;1999-10-13;;;;
FIIM;34.606.480/0001-50;BB ETF IBOVESPA FUNDO DE INDICE;2023-06-30;495170;1467273936.89;AÇÕES;;N;Para negociação;39000.00;749990.00;10100.00;210915.75;219383.00;4795712.38;;;AZUL4;;;;;;;;2017-04-11;;;;
FIIM;34.606.480/0001-50;BB ETF IBOVESPA FUNDO DE INDICE;2023-06-30;495170;1467273936.89;AÇÕES;;N;Para negociação;499200.00;2087296.00;129800.00;552406.57;2084700.00;9130986.00;;;HAPV3;;;;;;;;2018-04-25;;;;
FIIM;34.606.480/0001-50;BB ETF IBOVESPA FUNDO DE INDICE;2023-06-30;495170;1467273936.89;AÇÕES;;N;Para negociação;46800.00;1954260.00;12300.00;527142.17;262777.00;11370360.79;;;VIVT3;;;;;;;;2011-10-06;;;;
FIIM;34.606.480/0001-50;BB ETF IBOVESPA FUNDO DE INDICE;2023-06-30;495170;1467273936.89;AÇÕES;;N;Para negociação;179400.00;1367787.00;46600.00;365861.26;1073200.00;8896828.00;;;CPLE6;;;;;;;;1998-03-13;;;;
FIIM;34.606.480/0001-50;BB ETF IBOVESPA FUNDO DE INDICE;2023-06-30;495170;1467273936.89;AÇÕES;;N;Para negociação;507000.00;7441785.00;131700.00;2035774.29;2778806.00;42821400.46;;;ABEV3;;;;;;;;2013-11-11;;;;
FIIM;34.606.480/0001-50;BB ETF IBOVESPA FUNDO DE INDICE;2023-06-30;495170;1467273936.89;AÇÕES;;S;Para negociação;163800.00;7554204.00;42600.00;2153400.40;976300.00;48229220.00;;;BBAS3;;;;;;;;1997-09-30;;;;
FIIM;34.606.480/0001-50;BB ETF IBOVESPA FUNDO DE INDICE;2023-06-30;495170;1467273936.89;AÇÕES;;N;Para negociação;62400.00;658672.00;16100.00;180018.79;149190.00;1670928.00;;;CRFB3;;;;;;;;2017-07-20;;;;
FIIM;34.606.480/0001-50;BB ETF IBOVESPA FUNDO DE INDICE;2023-06-30;495170;1467273936.89;AÇÕES;;N;Para negociação;31200.00;273148.00;8100.00;71358.31;168026.00;1403017.10;;;DXCO3;;;;;;;;2021-08-19;;;;
FIIM;34.606.480/0001-50;BB ETF IBOVESPA FUNDO DE INDICE;2023-06-30;495170;1467273936.89;AÇÕES;;N;Para negociação;15600.00;263040.00;4200.00;73228.67;95098.00;1779283.58;;;PCAR3;;;;;;;;1997-09-02;;;;
FIIM;34.606.480/0001-50;BB ETF IBOVESPA FUNDO DE INDICE;2023-06-30;495170;1467273936.89;AÇÕES;;S;Para negociação;78000.00;2393940.00;20200.00;614820.60;460700.00;14175739.00;;;BBSE3;;;;;;;;2013-04-29;;;;
FIIM;34.606.480/0001-50;BB ETF IBOVESPA FUNDO DE INDICE;2023-06-30;495170;1467273936.89;AÇÕES;;N;Para negociação;140400.00;554310.00;36400.00;154270.78;820100.00;3608440.00;;;RAIZ4;;;;;;;;2021-08-05;;;;
FIIM;34.606.480/0001-50;BB ETF IBOVESPA FUNDO DE INDICE;2023-06-30;495170;1467273936.89;AÇÕES;;N;Para negociação;461800.00;30708404.00;121500.00;8103853.49;1959980.00;125869915.60;;;VALE3;;;;;;;;1997-07-24;;;;
FIIM;34.606.480/0001-50;BB ETF IBOVESPA FUNDO DE INDICE;2023-06-30;495170;1467273936.89;AÇÕES;;N;Para negociação;126200.00;568757.00;32700.00;142256.48;246992.00;1032426.56;;;CMIN3;;;;;;;;2021-05-03;;;;
FIIM;34.606.480/0001-50;BB ETF IBOVESPA FUNDO DE INDICE;2023-06-30;495170;1467273936.89;AÇÕES;;N;Para negociação;117000.00;1635705.00;30300.00;425123.31;352504.00;4952681.20;;;CCRO3;;;;;;;;2002-02-01;;;;
FIIM;34.606.480/0001-50;BB ETF IBOVESPA FUNDO DE INDICE;2023-06-30;495170;1467273936.89;AÇÕES;;N;Para negociação;46800.00;405738.00;12300.00;112308.12;237094.00;2034266.52;;;LWSA3;;;;;;;;2020-02-06;;;;
FIIM;34.606.480/0001-50;BB ETF IBOVESPA FUNDO DE INDICE;2023-06-30;495170;1467273936.89;AÇÕES;;N;Para negociação;126400.00;2178580.00;34300.00;621928.80;769300.00;13885865.00;;;VBBR3;;;;;;;;2021-10-22;;;;
FIIM;34.606.480/0001-50;BB ETF IBOVESPA FUNDO DE INDICE;2023-06-30;495170;1467273936.89;AÇÕES;;N;Para negociação;32800.00;364777.00;10000.00;112063.19;110925.00;1283402.25;;;MRVE3;;;;;;;;2007-07-23;;;;
FIIM;34.606.480/0001-50;BB ETF IBOVESPA FUNDO DE INDICE;2023-06-30;495170;1467273936.89;AÇÕES;;N;Para negociação;124800.00;3920592.00;32500.00;1073108.22;400508.00;13184723.36;;;RDOR3;;;;;;;;2021-06-25;;;;
FIIM;34.606.480/0001-50;BB ETF IBOVESPA FUNDO DE INDICE;2023-06-30;495170;1467273936.89;AÇÕES;;N;Para negociação;70200.00;887769.00;18100.00;232633.21;192390.00;2333690.70;;;CSNA3;;;;;;;;1997-12-30;;;;
FIIM;34.606.480/0001-50;BB ETF IBOVESPA FUNDO DE INDICE;2023-06-30;495170;1467273936.89;AÇÕES;;N;Para negociação;93600.00;1430304.00;24500.00;422648.08;359140.00;6012003.60;;;NTCO3;;;;;;;;2019-12-18;;;;
FIIM;34.606.480/0001-50;BB ETF IBOVESPA FUNDO DE INDICE;2023-06-30;495170;1467273936.89;AÇÕES;;N;Para negociação;109200.00;2292108.00;28400.00;614963.62;403033.00;8060660.00;;;LREN3;;;;;;;;1998-01-02;;;;
FIIM;34.606.480/0001-50;BB ETF IBOVESPA FUNDO DE INDICE;2023-06-30;495170;1467273936.89;AÇÕES;;N;Para negociação;15600.00;560140.00;3900.00;144660.33;40925.00;1564153.50;;;SLCE3;;;;;;;;2007-06-15;;;;
FIIM;34.606.480/0001-50;BB ETF IBOVESPA FUNDO DE INDICE;2023-06-30;495170;1467273936.89;AÇÕES;;N;Para negociação;124800.00;1072544.00;32400.00;301416.22;723603.00;6447302.73;;;BRFS3;;;;;;;;2009-12-10;;;;
FIIM;34.606.480/0001-50;BB ETF IBOVESPA FUNDO DE INDICE;2023-06-30;495170;1467273936.89;AÇÕES;;N;Para negociação;23400.00;246885.00;6100.00;63270.15;139200.00;1294560.00;;;ALPA4;;;;;;;;1997-04-28;;;;
FIIM;34.606.480/0001-50;BB ETF IBOVESPA FUNDO DE INDICE;2023-06-30;495170;1467273936.89;AÇÕES;;N;Para negociação;93600.00;1318704.00;24300.00;356952.19;530734.00;7759331.08;;;TIMS3;;;;;;;;2020-10-13;;;;
FIIM;34.606.480/0001-50;BB ETF IBOVESPA FUNDO DE INDICE;2023-06-30;495170;1467273936.89;AÇÕES;;N;Para negociação;126400.00;3694388.00;34300.00;1054281.24;769200.00;24729780.00;;;EQTL3;;;;;;;;2006-04-03;;;;
FIIM;34.606.480/0001-50;BB ETF IBOVESPA FUNDO DE INDICE;2023-06-30;495170;1467273936.89;AÇÕES;;N;Para negociação;329200.00;1271770.00;87000.00;312322.90;748462.00;2522316.94;;;MGLU3;;;;;;;;2011-05-02;;;;
FIIM;34.606.480/0001-50;BB ETF IBOVESPA FUNDO DE INDICE;2023-06-30;495170;1467273936.89;AÇÕES;;N;Para negociação;31200.00;506772.00;8200.00;154305.96;89757.00;1778983.74;;;YDUQ3;;;;;;;;2019-07-23;;;;
FIIM;34.606.480/0001-50;BB ETF IBOVESPA FUNDO DE INDICE;2023-06-30;495170;1467273936.89;AÇÕES;;N;Para negociação;31200.00;689508.00;8000.00;183673.42;61816.00;1372933.36;;;BRAP4;;;;;;;;2000-08-10;;;;
FIIM;34.606.480/0001-50;BB ETF IBOVESPA FUNDO DE INDICE;2023-06-30;495170;1467273936.89;AÇÕES;;N;Para negociação;657600.00;9473104.00;172200.00;2479819.42;3102530.00;45327963.30;;;B3SA3;;;;;;;;2018-03-26;;;;
FIIM;34.606.480/0001-50;BB ETF IBOVESPA FUNDO DE INDICE;2023-06-30;495170;1467273936.89;AÇÕES;;N;Para negociação;31200.00;780432.00;8100.00;232726.23;181800.00;5064948.00;;;BRKM5;;;;;;;;2002-09-02;;;;
FIIM;34.606.480/0001-50;BB ETF IBOVESPA FUNDO DE INDICE;2023-06-30;495170;1467273936.89;AÇÕES;;N;Para negociação;23400.00;723549.00;6000.00;194515.45;125793.00;4326021.27;;;CPFE3;;;;;;;;2004-09-29;;;;
FIIM;34.606.480/0001-50;BB ETF IBOVESPA FUNDO DE INDICE;2023-06-30;495170;1467273936.89;AÇÕES;;S;Para negociação;124800.00;577984.00;32500.00;150449.75;755200.00;3466368.00;;;CIEL3;;;;;;;;2009-12-18;;;;
FIIM;34.606.480/0001-50;BB ETF IBOVESPA FUNDO DE INDICE;2023-06-30;495170;1467273936.89;AÇÕES;;N;Para negociação;210600.00;645651.00;54700.00;175382.21;620682.00;2023423.32;;;COGN3;;;;;;;;2019-10-11;;;;
FIIM;34.606.480/0001-50;BB ETF IBOVESPA FUNDO DE INDICE;2023-06-30;495170;1467273936.89;AÇÕES;;N;Para negociação;54600.00;603365.00;14300.00;169178.81;268311.00;3219732.00;;;SOMA3;;;;;;;;2020-07-31;;;;
FIIM;34.606.480/0001-50;BB ETF IBOVESPA FUNDO DE INDICE;2023-06-30;495170;1467273936.89;AÇÕES;;N;Para negociação;578600.00;5275346.00;150900.00;1457332.36;3138602.00;30256123.28;;;ITSA4;;;;;;;;1998-03-04;;;;
FIIM;34.606.480/0001-50;BB ETF IBOVESPA FUNDO DE INDICE;2023-06-30;495170;1467273936.89;AÇÕES;;N;Para negociação;85800.00;3899830.00;22200.00;1020628.49;150490.00;6654667.80;;;SUZB3;;;;;;;;2004-08-05;;;;
FIIM;34.606.480/0001-50;BB ETF IBOVESPA FUNDO DE INDICE;2023-06-30;495170;1467273936.89;AÇÕES;;N;Para negociação;132600.00;2250239.00;34400.00;619165.22;580946.00;10143317.16;;;JBSS3;;;;;;;;2007-03-29;;;;
FIIM;34.606.480/0001-50;BB ETF IBOVESPA FUNDO DE INDICE;2023-06-30;495170;1467273936.89;AÇÕES;;N;Para negociação;140400.00;1708038.00;36300.00;497443.06;;2768631.25;;;ASSAI - SEND ON;;;PJ;6057223000171;SENDAS DISTRIBUIDORA S.A.;;;;;;;
FIIM;34.606.480/0001-50;BB ETF IBOVESPA FUNDO DE INDICE;2023-06-30;495170;1467273936.89;AÇÕES;;N;Para negociação;46800.00;2013396.00;12100.00;529657.40;186310.00;8572123.10;;;HYPE3;;;;;;;;2008-04-18;;;;
FIIM;34.606.480/0001-50;BB ETF IBOVESPA FUNDO DE INDICE;2023-06-30;495170;1467273936.89;AÇÕES;;N;Para negociação;179400.00;435114.00;46800.00;114827.56;;2348230.00;;;VIA ON;;;PJ;33041260065290;VIA SA;;;;;;;
FIIM;34.606.480/0001-50;BB ETF IBOVESPA FUNDO DE INDICE;2023-06-30;495170;1467273936.89;AÇÕES;;N;Para negociação;148200.00;5554555.00;38400.00;1407231.75;406191.00;15333710.25;;;WEGE3;;;;;;;;2004-08-02;;;;
FIIM;34.606.480/0001-50;BB ETF IBOVESPA FUNDO DE INDICE;2023-06-30;495170;1467273936.89;AÇÕES;;N;Para negociação;31200.00;214864.00;8200.00;61232.92;204600.00;1487442.00;;;MRFG3;;;;;;;;2007-06-28;;;;
FIIM;34.606.480/0001-50;BB ETF IBOVESPA FUNDO DE INDICE;2023-06-30;495170;1467273936.89;AÇÕES;;N;Para negociação;7800.00;600146.00;2000.00;156366.88;37379.00;2955557.53;;;ARZZ3;;;;;;;;2011-02-02;;;;
FIIM;34.606.480/0001-50;BB ETF IBOVESPA FUNDO DE INDICE;2023-06-30;495170;1467273936.89;AÇÕES;;N;Para negociação;62400.00;1434888.00;16100.00;393385.24;361257.00;8904985.05;;;ALSO3;;;;;;;;2019-08-06;;;;
FIIM;34.606.480/0001-50;BB ETF IBOVESPA FUNDO DE INDICE;2023-06-30;495170;1467273936.89;AÇÕES;;N;Para negociação;5100.00;45048.00;7248.00;16476.22;23043.00;179965.83;;;CASH3;;;;;;;;2020-11-05;;;;
FIIM;34.606.480/0001-50;BB ETF IBOVESPA FUNDO DE INDICE;2023-06-30;495170;1467273936.89;AÇÕES;;N;Para negociação;344300.00;10892693.00;89200.00;3063554.00;1951084.00;64580880.40;;;PETR3;;;;;;;;1997-03-24;;;;
FIIM;34.606.480/0001-50;BB ETF IBOVESPA FUNDO DE INDICE;2023-06-30;495170;1467273936.89;AÇÕES;;N;Para negociação;31200.00;118600.00;8100.00;31187.59;190700.00;669357.00;;;CVCB3;;;;;;;;2013-12-09;;;;
FIIM;34.606.480/0001-50;BB ETF IBOVESPA FUNDO DE INDICE;2023-06-30;495170;1467273936.89;AÇÕES;;N;Para negociação;7800.00;143793.00;2200.00;39975.41;23962.00;441380.04;;;EZTC3;;;;;;;;2007-06-22;;;;
FIIM;34.606.480/0001-50;BB ETF IBOVESPA FUNDO DE INDICE;2023-06-30;495170;1467273936.89;AÇÕES;;N;Para negociação;62400.00;1854392.00;16100.00;472665.51;276278.00;8282814.44;;;TOTS3;;;;;;;;2006-03-09;;;;
FIIM;34.606.480/0001-50;BB ETF IBOVESPA FUNDO DE INDICE;2023-06-30;495170;1467273936.89;AÇÕES;;N;Para negociação;31200.00;1299964.00;8100.00;359080.49;66148.00;2944908.96;;;ELET6;;;;;;;;1997-12-16;;;;
FIIM;34.606.480/0001-50;BB ETF IBOVESPA FUNDO DE INDICE;2023-06-30;495170;1467273936.89;AÇÕES;;N;Para negociação;15600.00;576728.00;4100.00;148367.25;37240.00;1271746.00;;;SMTO3;;;;;;;;2007-02-12;;;;
FIIM;34.606.480/0001-50;BB ETF IBOVESPA FUNDO DE INDICE;2023-06-30;495170;1467273936.89;AÇÕES;;N;Para negociação;179400.00;2131226.00;46700.00;559072.72;1038234.00;12739131.18;;;ENEV3;;;;;;;;2013-10-22;;;;
FIIM;34.606.480/0001-50;BB ETF IBOVESPA FUNDO DE INDICE;2023-06-30;495170;1467273936.89;AÇÕES;;N;Para negociação;86900.00;5789782.00;25048.00;1623096.67;509489.00;34899996.50;;;RENT3;;;;;;;;2005-05-23;;;;
FIIM;34.606.480/0001-50;BB ETF IBOVESPA FUNDO DE INDICE;2023-06-30;495170;1467273936.89;AÇÕES;;N;Para negociação;46800.00;739818.00;12200.00;193040.94;288410.00;4628980.50;;;FLRY3;;;;;;;;2009-12-17;;;;
FIIM;34.606.480/0001-50;BB ETF IBOVESPA FUNDO DE INDICE;2023-06-30;495170;1467273936.89;AÇÕES;;N;Para negociação;132600.00;2199749.00;34600.00;618340.56;806100.00;14396946.00;;;CSAN3;;;;;;;;2005-11-18;;;;
FIIM;34.606.480/0001-50;BB ETF IBOVESPA FUNDO DE INDICE;2023-06-30;495170;1467273936.89;OUTRAS APLICAÇÕES;;N;Para negociação;12130.00;0.00;0.00;0.00;;0.00;;;EQUATORIAL DIR SUBS - 09/06/2023;;;PJ;3220438000173;EQUATORIAL ENERGIA SA;;;;;;;
FIIM;34.606.480/0001-50;BB ETF IBOVESPA FUNDO DE INDICE;2023-06-30;495170;1467273936.89;OUTRAS APLICAÇÕES;;N;Para negociação;2448.00;100735.20;0.00;0.00;;0.00;;;LOCALIZA RECIBO;;;PJ;16670085000155;LOCALIZA RENT A CAR SA;;;;;;;
FIIM;34.606.480/0001-50;BB ETF IBOVESPA FUNDO DE INDICE;2023-06-30;495170;1467273936.89;OUTRAS APLICAÇÕES;;N;Para negociação;0.00;0.00;0.00;0.00;;385678.80;;;REC EQTL ON;;;PJ;3220438000173;EQUATORIAL ENERGIA SA;;;;;;;
FIIM;34.606.480/0001-50;BB ETF IBOVESPA FUNDO DE INDICE;2023-06-30;495170;1467273936.89;OUTRAS APLICAÇÕES;;N;Para negociação;140400.00;4009590.00;36500.00;1091650.27;;9788026.25;;;BTGP BANCO UNIT;;;PJ;30306294000145;BCO BTG PACTUAL SA;;;;;;;
FIIM;34.606.480/0001-50;BB ETF IBOVESPA FUNDO DE INDICE;2023-06-30;495170;1467273936.89;OUTRAS APLICAÇÕES;;N;Para negociação;18853.00;428070.60;1345.00;0.00;;0.00;;;PETROLEUM ÓL ON;;;PJ;12091809000155;3R PETROLEUM ÓLEO E GÁS S.A.;;;;;;;
FIIM;34.606.480/0001-50;BB ETF IBOVESPA FUNDO DE INDICE;2023-06-30;495170;1467273936.89;DISPONIBILIDADES;;;Para negociação;;;;;;765735.62;;;BANCO BRASIL CAIXA;;;PJ;191;BCO BRASIL SA;;;;;;;
FIIM;34.606.480/0001-50;BB ETF IBOVESPA FUNDO DE INDICE;2023-06-30;495170;1467273936.89;VALORES A PAGAR;;;Para negociação;;;;;;12.51;;;EMOLUMENTO TOMADA;;;;;;;;;;;;
FIIM;34.606.480/0001-50;BB ETF IBOVESPA FUNDO DE INDICE;2023-06-30;495170;1467273936.89;VALORES A PAGAR;;;Para negociação;;;;;;1510.11;;;PROV.AUDIT 28/03/24;;;;;;;;;;;;
FIIM;34.606.480/0001-50;BB ETF IBOVESPA FUNDO DE INDICE;2023-06-30;495170;1467273936.89;VALORES A PAGAR;;;Para negociação;;;;;;5644.75;;;AUDITORIA A PAGAR;;;;;;;;;;;;
FIIM;34.606.480/0001-50;BB ETF IBOVESPA FUNDO DE INDICE;2023-06-30;495170;1467273936.89;VALORES A PAGAR;;;Para negociação;;;;;;1172.34;;;TAXA ADMIN A PAGAR;;;;;;;;;;;;
FIIM;34.606.480/0001-50;BB ETF IBOVESPA FUNDO DE INDICE;2023-06-30;495170;1467273936.89;VALORES A PAGAR;;;Para negociação;;;;;;9836067.66;;;Cotas Resgatar;;;;;;;;;;;;
FIIM;34.606.480/0001-50;BB ETF IBOVESPA FUNDO DE INDICE;2023-06-30;495170;1467273936.89;VALORES A PAGAR;;;Para negociação;;;;;;12303.84;;;TXCUSTÓDIA A PAGAR;;;;;;;;;;;;
FIIM;34.606.480/0001-50;BB ETF IBOVESPA FUNDO DE INDICE;2023-06-30;495170;1467273936.89;VALORES A PAGAR;;;Para negociação;;;;;;127.32;;;SELIC A PAGAR;;;;;;;;;;;;
FIIM;34.606.480/0001-50;BB ETF IBOVESPA FUNDO DE INDICE;2023-06-30;495170;1467273936.89;VALORES A RECEBER;;;Para negociação;;;;;;386383.41;;;TELEF BRASIL DIREITOS;;;PJ;2558157000162;TELEFONICA BRASIL SA;;;;;;;
FIIM;34.606.480/0001-50;BB ETF IBOVESPA FUNDO DE INDICE;2023-06-30;495170;1467273936.89;VALORES A RECEBER;;;Para negociação;;;;;;12997.55;;;TAESA DIREITOS;;;PJ;7859971000130;TAESA - TRANSM ALIANÇA ENERGIA ELÉTRICA;;;;;;;
FIIM;34.606.480/0001-50;BB ETF IBOVESPA FUNDO DE INDICE;2023-06-30;495170;1467273936.89;VALORES A RECEBER;;;Para negociação;;;;;;3848807.31;;;PETROBRAS ON DIVIDEND;;;PJ;33000167000101;PETROLEO BRASILEIRO SA PETROBRAS;;;;;;;
FIIM;34.606.480/0001-50;BB ETF IBOVESPA FUNDO DE INDICE;2023-06-30;495170;1467273936.89;VALORES A RECEBER;;;Para negociação;;;;;;110490.75;;;CYRELA ON DIVIDEND;;;PJ;73178600000118;CYRELA BRAZIL REALTY SA EMPREENDIMENTOS;;;;;;;
FIIM;34.606.480/0001-50;BB ETF IBOVESPA FUNDO DE INDICE;2023-06-30;495170;1467273936.89;VALORES A RECEBER;;;Para negociação;;;;;;359898.29;;;TRACTEBEL DIVIDEND;;;PJ;2474103000119;TRACTEBEL ENERGIA SA;;;;;;;
FIIM;34.606.480/0001-50;BB ETF IBOVESPA FUNDO DE INDICE;2023-06-30;495170;1467273936.89;VALORES A RECEBER;;;Para negociação;;;;;;1417390.01;;;PETROBRAS ON JSCP;;;PJ;33000167000101;PETROLEO BRASILEIRO SA PETROBRAS;;;;;;;
FIIM;34.606.480/0001-50;BB ETF IBOVESPA FUNDO DE INDICE;2023-06-30;495170;1467273936.89;VALORES A RECEBER;;;Para negociação;;;;;;108021.69;;;ALIANSCE SON DIREITOS;;;PJ;5878397000132;ALIANSCE SONAE SHOPPING CENTERS S.A;;;;;;;
FIIM;34.606.480/0001-50;BB ETF IBOVESPA FUNDO DE INDICE;2023-06-30;495170;1467273936.89;VALORES A RECEBER;;;Para negociação;;;;;;19.67;;;Valores a Re ceber;;;;;;;;;;;;
FIIM;34.606.480/0001-50;BB ETF IBOVESPA FUNDO DE INDICE;2023-06-30;495170;1467273936.89;VALORES A RECEBER;;;Para negociação;;;;;;5590113.75;;;PETROBRAS PN DIVIDEND;;;PJ;33000167000101;PETROLEO BRASILEIRO SA PETROBRAS;;;;;;;
FIIM;34.606.480/0001-50;BB ETF IBOVESPA FUNDO DE INDICE;2023-06-30;495170;1467273936.89;VALORES A RECEBER;;;Para negociação;;;;;;870.24;;;ANBIMA DIF 31/07/23;;;;;;;;;;;;
FIIM;34.606.480/0001-50;BB ETF IBOVESPA FUNDO DE INDICE;2023-06-30;495170;1467273936.89;VALORES A RECEBER;;;Para negociação;;;;;;44793.90;;;SAO MARTINHO DIREITOS;;;PJ;51466860000156;SAO MARTINHO SA;;;;;;;
FIIM;34.606.480/0001-50;BB ETF IBOVESPA FUNDO DE INDICE;2023-06-30;495170;1467273936.89;VALORES A RECEBER;;;Para negociação;;;;;;30598.11;;;CARREFOUR DIREITOS;;;PJ;75315333000109;ATACADAO SA;;;;;;;
FIIM;34.606.480/0001-50;BB ETF IBOVESPA FUNDO DE INDICE;2023-06-30;495170;1467273936.89;VALORES A RECEBER;;;Para negociação;;;;;;41731.39;;;RAIADROGASIL DIREITOS;;;PJ;61585865000151;RAIA DROGASIL SA;;;;;;;
FIIM;34.606.480/0001-50;BB ETF IBOVESPA FUNDO DE INDICE;2023-06-30;495170;1467273936.89;VALORES A RECEBER;;;Para negociação;;;;;;634487.91;;;CEMIG PN JSCP;;;PJ;17155730000164;CIA ENERGETICA MINAS GERAIS CEMIG;;;;;;;
FIIM;34.606.480/0001-50;BB ETF IBOVESPA FUNDO DE INDICE;2023-06-30;495170;1467273936.89;VALORES A RECEBER;;;Para negociação;;;;;;88062.26;;;HYPERMARCAS DIREITOS;;;PJ;2932074000191;HYPERA S.A.;;;;;;;
FIIM;34.606.480/0001-50;BB ETF IBOVESPA FUNDO DE INDICE;2023-06-30;495170;1467273936.89;VALORES A RECEBER;;;Para negociação;;;;;;97971.18;;;PROV REMUN DOADA;;;;;;;;;;;;
FIIM;34.606.480/0001-50;BB ETF IBOVESPA FUNDO DE INDICE;2023-06-30;495170;1467273936.89;VALORES A RECEBER;;;Para negociação;;;;;;35788.47;;;Outros Valores;;;;;;;;;;;;
FIIM;34.606.480/0001-50;BB ETF IBOVESPA FUNDO DE INDICE;2023-06-30;495170;1467273936.89;VALORES A RECEBER;;;Para negociação;;;;;;121185.56;;;MULTIPLAN DIREITOS;;;PJ;7816890000153;MULTIPLAN EMPREENDIMENTOS IMOBILIARIOS S;;;;;;;
FIIM;34.606.480/0001-50;BB ETF IBOVESPA FUNDO DE INDICE;2023-06-30;495170;1467273936.89;VALORES A RECEBER;;;Para negociação;;;;;;29247.80;;;IGUATEMI S.A DIREITOS;;;PJ;60543816000193;IGUATEMI S.A.;;;;;;;
FIIM;34.606.480/0001-50;BB ETF IBOVESPA FUNDO DE INDICE;2023-06-30;495170;1467273936.89;VALORES A RECEBER;;;Para negociação;;;;;;27739.38;;;DIFERIR CVM 29/12/23;;;;;;;;;;;;
FIIM;34.606.480/0001-50;BB ETF IBOVESPA FUNDO DE INDICE;2023-06-30;495170;1467273936.89;VALORES A RECEBER;;;Para negociação;;;;;;465774.99;;;B3 S.A. DIREITOS;;;PJ;9346601000125;B3 - BRASIL, BOLSA, BALCÃO;;;;;;;
FIIM;34.606.480/0001-50;BB ETF IBOVESPA FUNDO DE INDICE;2023-06-30;495170;1467273936.89;VALORES A RECEBER;;;Para negociação;;;;;;1085351.74;;;ITAUSA JSCP;;;PJ;61532644000115;ITAUSA  SA;;;;;;;
FIIM;34.606.480/0001-50;BB ETF IBOVESPA FUNDO DE INDICE;2023-06-30;495170;1467273936.89;VALORES A RECEBER;;;Para negociação;;;;;;24144.18;;;TRACTEBEL JSCP;;;PJ;2474103000119;TRACTEBEL ENERGIA SA;;;;;;;
FIIM;34.606.480/0001-50;BB ETF IBOVESPA FUNDO DE INDICE;2023-06-30;495170;1467273936.89;VALORES A RECEBER;;;Para negociação;;;;;;99322.51;;;WEG DIREITOS;;;PJ;84429695000111;WEG SA;;;;;;;
FIIM;34.606.480/0001-50;BB ETF IBOVESPA FUNDO DE INDICE;2023-06-30;495170;1467273936.89;VALORES A RECEBER;;;Para negociação;;;;;;63614.74;;;CEMIG PN DIVIDEND;;;PJ;17155730000164;CIA ENERGETICA MINAS GERAIS CEMIG;;;;;;;
FIIM;34.606.480/0001-50;BB ETF IBOVESPA FUNDO DE INDICE;2023-06-30;495170;1467273936.89;VALORES A RECEBER;;;Para negociação;;;;;;989870.82;;;BRADESCO JSCP;;;PJ;60746948000112;BCO BRADESCO SA;;;;;;;
FIIM;34.606.480/0001-50;BB ETF IBOVESPA FUNDO DE INDICE;2023-06-30;495170;1467273936.89;VALORES A RECEBER;;;Para negociação;;;;;;102893.94;;;CPFL DIVIDEND;;;PJ;2429144000193;CPFL ENERGIA SA;;;;;;;
FIIM;34.606.480/0001-50;BB ETF IBOVESPA FUNDO DE INDICE;2023-06-30;495170;1467273936.89;VALORES A RECEBER;;;Para negociação;;;;;;67361.00;;;TIM PART S/A DIREITOS;;;PJ;2421421000111;TIM S.A.;;;;;;;
FIIM;34.606.480/0001-50;BB ETF IBOVESPA FUNDO DE INDICE;2023-06-30;495170;1467273936.89;VALORES A RECEBER;;;Para negociação;;;;;;242639.23;;;LOJAS RENNER JSCP;;;PJ;92754738000162;LOJAS RENNER SA;;;;;;;
FIIM;34.606.480/0001-50;BB ETF IBOVESPA FUNDO DE INDICE;2023-06-30;495170;1467273936.89;VALORES A RECEBER;;;Para negociação;;;;;;2155656.69;;;PETROBRAS PN JSCP;;;PJ;33000167000101;PETROLEO BRASILEIRO SA PETROBRAS;;;;;;;
FIIM;34.606.480/0001-50;BB ETF IBOVESPA FUNDO DE INDICE;2023-06-30;495170;1467273936.89;VALORES A RECEBER;;;Para negociação;;;;;;1836403.55;;;ITAU UN. HOL DIREITOS;;;PJ;60872504000123;ITAU UNIBANCO HOLDING SA;;;;;;;
FIIM;34.606.480/0001-50;BB ETF IBOVESPA FUNDO DE INDICE;2023-06-30;495170;1467273936.89;VALORES A RECEBER;;;Para negociação;;;;;;9166434.80;;;ORDEM VENDAS RECEBER;;;;;;;;;;;;
FIIM;34.606.480/0001-50;BB ETF IBOVESPA FUNDO DE INDICE;2023-06-30;495170;1467273936.89;MERCADO FUTURO - POSIÇÕES COMPRADAS;;;Para negociação;3.00;361605.00;391.00;46648612.00;;-260348.00;;;IND FUTURO BMF - 16/08/2023;;;PJ;54641030000106;BOLSA MERCADORIAS FUTUROS BMF SA;;;;;;;
FIIM;34.606.480/0001-50;BB ETF IBOVESPA FUNDO DE INDICE;2023-06-30;495170;1467273936.89;MERCADO FUTURO - POSIÇÕES COMPRADAS;;;Para negociação;387.00;45220176.00;0.00;0.00;;0.00;;;IND FUTURO BMF - 14/06/2023;;;PJ;54641030000106;BOLSA MERCADORIAS FUTUROS BMF SA;;;;;;;
FIIM;34.606.480/0001-50;BB ETF IBOVESPA FUNDO DE INDICE;2023-06-30;495170;1467273936.89;AÇÕES E OUTROS TVM CEDIDOS EM EMPRÉSTIMO;;N;Para negociação;;;;;196854.00;3437070.84;;;JBSS3;;;;;;;;2007-03-29;;;;
FIIM;34.606.480/0001-50;BB ETF IBOVESPA FUNDO DE INDICE;2023-06-30;495170;1467273936.89;AÇÕES E OUTROS TVM CEDIDOS EM EMPRÉSTIMO;;N;Para negociação;;;;;4917.00;107485.62;;;AZUL4;;;;;;;;2017-04-11;;;;
FIIM;34.606.480/0001-50;BB ETF IBOVESPA FUNDO DE INDICE;2023-06-30;495170;1467273936.89;AÇÕES E OUTROS TVM CEDIDOS EM EMPRÉSTIMO;;N;Para negociação;;;;;783.00;11463.12;;;BBDC3;;;;;;;;1998-03-02;;;;
FIIM;34.606.480/0001-50;BB ETF IBOVESPA FUNDO DE INDICE;2023-06-30;495170;1467273936.89;AÇÕES E OUTROS TVM CEDIDOS EM EMPRÉSTIMO;;N;Para negociação;;;;;1230638.00;4147250.06;;;MGLU3;;;;;;;;2011-05-02;;;;
FIIM;34.606.480/0001-50;BB ETF IBOVESPA FUNDO DE INDICE;2023-06-30;495170;1467273936.89;AÇÕES E OUTROS TVM CEDIDOS EM EMPRÉSTIMO;;N;Para negociação;;;;;523034.00;13112462.38;;;GGBR4;;;;;;;;2001-02-01;;;;
FIIM;34.606.480/0001-50;BB ETF IBOVESPA FUNDO DE INDICE;2023-06-30;495170;1467273936.89;AÇÕES E OUTROS TVM CEDIDOS EM EMPRÉSTIMO;;N;Para negociação;;;;;;16711743.75;;;BPAC11;;;PJ;30306294000145;BCO BTG PACTUAL SA;;;;;;;
FIIM;34.606.480/0001-50;BB ETF IBOVESPA FUNDO DE INDICE;2023-06-30;495170;1467273936.89;AÇÕES E OUTROS TVM CEDIDOS EM EMPRÉSTIMO;;N;Para negociação;;;;;901029.00;3946507.02;;;HAPV3;;;;;;;;2018-04-25;;;;
FIIM;34.606.480/0001-50;BB ETF IBOVESPA FUNDO DE INDICE;2023-06-30;495170;1467273936.89;AÇÕES E OUTROS TVM CEDIDOS EM EMPRÉSTIMO;;N;Para negociação;;;;;29123.00;1260152.21;;;VIVT3;;;;;;;;2011-10-06;;;;
FIIM;34.606.480/0001-50;BB ETF IBOVESPA FUNDO DE INDICE;2023-06-30;495170;1467273936.89;AÇÕES E OUTROS TVM CEDIDOS EM EMPRÉSTIMO;;N;Para negociação;;;;;;1393584.78;;;KLBN11;;;PJ;89637490000145;KLABIN SA;;;;;;;
FIIM;34.606.480/0001-50;BB ETF IBOVESPA FUNDO DE INDICE;2023-06-30;495170;1467273936.89;AÇÕES E OUTROS TVM CEDIDOS EM EMPRÉSTIMO;;N;Para negociação;;;;;26615.00;207863.15;;;CASH3;;;;;;;;2020-11-05;;;;
FIIM;34.606.480/0001-50;BB ETF IBOVESPA FUNDO DE INDICE;2023-06-30;495170;1467273936.89;AÇÕES E OUTROS TVM CEDIDOS EM EMPRÉSTIMO;;N;Para negociação;;;;;3621.00;286312.47;;;ARZZ3;;;;;;;;2011-02-02;;;;
FIIM;34.606.480/0001-50;BB ETF IBOVESPA FUNDO DE INDICE;2023-06-30;495170;1467273936.89;AÇÕES E OUTROS TVM CEDIDOS EM EMPRÉSTIMO;;N;Para negociação;;;;;456509.00;17233214.75;;;WEGE3;;;;;;;;2004-08-02;;;;
FIIM;34.606.480/0001-50;BB ETF IBOVESPA FUNDO DE INDICE;2023-06-30;495170;1467273936.89;AÇÕES E OUTROS TVM CEDIDOS EM EMPRÉSTIMO;;N;Para negociação;;;;;342959.00;6478495.51;;;UGPA3;;;;;;;;1999-10-13;;;;
FIIM;34.606.480/0001-50;BB ETF IBOVESPA FUNDO DE INDICE;2023-06-30;495170;1467273936.89;AÇÕES E OUTROS TVM CEDIDOS EM EMPRÉSTIMO;;N;Para negociação;;;;;26056.00;1784836.00;;;RENT3;;;;;;;;2005-05-23;;;;
FIIM;34.606.480/0001-50;BB ETF IBOVESPA FUNDO DE INDICE;2023-06-30;495170;1467273936.89;AÇÕES E OUTROS TVM CEDIDOS EM EMPRÉSTIMO;;N;Para negociação;;;;;250306.00;5006120.00;;;LREN3;;;;;;;;1998-01-02;;;;
FIIM;34.606.480/0001-50;BB ETF IBOVESPA FUNDO DE INDICE;2023-06-30;495170;1467273936.89;AÇÕES E OUTROS TVM CEDIDOS EM EMPRÉSTIMO;;N;Para negociação;;;;;52795.00;561210.85;;;BEEF3;;;;;;;;2007-07-20;;;;
FIIM;34.606.480/0001-50;BB ETF IBOVESPA FUNDO DE INDICE;2023-06-30;495170;1467273936.89;AÇÕES E OUTROS TVM CEDIDOS EM EMPRÉSTIMO;;N;Para negociação;;;;;21041.00;175692.35;;;DXCO3;;;;;;;;2021-08-19;;;;
FIIM;34.606.480/0001-50;BB ETF IBOVESPA FUNDO DE INDICE;2023-06-30;495170;1467273936.89;AÇÕES E OUTROS TVM CEDIDOS EM EMPRÉSTIMO;;N;Para negociação;;;;;11069.00;245731.80;;;RAIL3;;;;;;;;2017-03-13;;;;
FIIM;34.606.480/0001-50;BB ETF IBOVESPA FUNDO DE INDICE;2023-06-30;495170;1467273936.89;AÇÕES E OUTROS TVM CEDIDOS EM EMPRÉSTIMO;;N;Para negociação;;;;;632518.00;2062008.68;;;COGN3;;;;;;;;2019-10-11;;;;
FIIM;34.606.480/0001-50;BB ETF IBOVESPA FUNDO DE INDICE;2023-06-30;495170;1467273936.89;AÇÕES E OUTROS TVM CEDIDOS EM EMPRÉSTIMO;;N;Para negociação;;;;;210810.00;2557125.30;;;CSNA3;;;;;;;;1997-12-30;;;;
FIIM;34.606.480/0001-50;BB ETF IBOVESPA FUNDO DE INDICE;2023-06-30;495170;1467273936.89;AÇÕES E OUTROS TVM CEDIDOS EM EMPRÉSTIMO;;N;Para negociação;;;;;16797.00;149661.27;;;BRFS3;;;;;;;;2009-12-10;;;;
FIIM;34.606.480/0001-50;BB ETF IBOVESPA FUNDO DE INDICE;2023-06-30;495170;1467273936.89;AÇÕES E OUTROS TVM CEDIDOS EM EMPRÉSTIMO;;N;Para negociação;;;;;469066.00;13884353.60;;;RADL3;;;;;;;;2011-12-19;;;;
FIIM;34.606.480/0001-50;BB ETF IBOVESPA FUNDO DE INDICE;2023-06-30;495170;1467273936.89;AÇÕES E OUTROS TVM CEDIDOS EM EMPRÉSTIMO;;N;Para negociação;;;;;;1895947.30;;;IGTI11;;;PJ;60543816000193;IGUATEMI S.A.;;;;;;;
FIIM;34.606.480/0001-50;BB ETF IBOVESPA FUNDO DE INDICE;2023-06-30;495170;1467273936.89;AÇÕES E OUTROS TVM CEDIDOS EM EMPRÉSTIMO;;N;Para negociação;;;;;332996.00;4678593.80;;;CCRO3;;;;;;;;2002-02-01;;;;
FIIM;34.606.480/0001-50;BB ETF IBOVESPA FUNDO DE INDICE;2023-06-30;495170;1467273936.89;AÇÕES E OUTROS TVM CEDIDOS EM EMPRÉSTIMO;;N;Para negociação;;;;;27704.00;1058846.88;;;SLCE3;;;;;;;;2007-06-15;;;;
FIIM;34.606.480/0001-50;BB ETF IBOVESPA FUNDO DE INDICE;2023-06-30;495170;1467273936.89;AÇÕES E OUTROS TVM CEDIDOS EM EMPRÉSTIMO;;N;Para negociação;;;;;24366.00;356230.92;;;TIMS3;;;;;;;;2020-10-13;;;;
FIIM;34.606.480/0001-50;BB ETF IBOVESPA FUNDO DE INDICE;2023-06-30;495170;1467273936.89;AÇÕES E OUTROS TVM CEDIDOS EM EMPRÉSTIMO;;N;Para negociação;;;;;374686.00;13893356.88;;;PRIO3;;;;;;;;2015-06-26;;;;
FIIM;34.606.480/0001-50;BB ETF IBOVESPA FUNDO DE INDICE;2023-06-30;495170;1467273936.89;AÇÕES E OUTROS TVM CEDIDOS EM EMPRÉSTIMO;;N;Para negociação;;;;;;5892978.00;;;ENGI11;;;PJ;864214000106;ENERGISA SA;;;;;;;
FIIM;34.606.480/0001-50;BB ETF IBOVESPA FUNDO DE INDICE;2023-06-30;495170;1467273936.89;AÇÕES E OUTROS TVM CEDIDOS EM EMPRÉSTIMO;;N;Para negociação;;;;;840970.00;12286571.70;;;B3SA3;;;;;;;;2018-03-26;;;;
FIIM;34.606.480/0001-50;BB ETF IBOVESPA FUNDO DE INDICE;2023-06-30;495170;1467273936.89;AÇÕES E OUTROS TVM CEDIDOS EM EMPRÉSTIMO;;N;Para negociação;;;;;123552.00;5500535.04;;;ELET6;;;;;;;;1997-12-16;;;;
FIIM;34.606.480/0001-50;BB ETF IBOVESPA FUNDO DE INDICE;2023-06-30;495170;1467273936.89;AÇÕES E OUTROS TVM CEDIDOS EM EMPRÉSTIMO;;N;Para negociação;;;;;45566.00;559094.82;;;ENEV3;;;;;;;;2013-10-22;;;;
FIIM;34.606.480/0001-50;BB ETF IBOVESPA FUNDO DE INDICE;2023-06-30;495170;1467273936.89;AÇÕES E OUTROS TVM CEDIDOS EM EMPRÉSTIMO;;N;Para negociação;;;;;122886.00;5614661.34;;;EGIE3;;;;;;;;2016-07-21;;;;
FIIM;34.606.480/0001-50;BB ETF IBOVESPA FUNDO DE INDICE;2023-06-30;495170;1467273936.89;AÇÕES E OUTROS TVM CEDIDOS EM EMPRÉSTIMO;;N;Para negociação;;;;;103075.00;1192577.75;;;MRVE3;;;;;;;;2007-07-23;;;;
FIIM;34.606.480/0001-50;BB ETF IBOVESPA FUNDO DE INDICE;2023-06-30;495170;1467273936.89;AÇÕES E OUTROS TVM CEDIDOS EM EMPRÉSTIMO;;N;Para negociação;;;;;12800.00;508800.00;;;ELET3;;;;;;;;1997-12-16;;;;
FIIM;34.606.480/0001-50;BB ETF IBOVESPA FUNDO DE INDICE;2023-06-30;495170;1467273936.89;AÇÕES E OUTROS TVM CEDIDOS EM EMPRÉSTIMO;;N;Para negociação;;;;;70342.00;844104.00;;;SOMA3;;;;;;;;2020-07-31;;;;
FIIM;34.606.480/0001-50;BB ETF IBOVESPA FUNDO DE INDICE;2023-06-30;495170;1467273936.89;AÇÕES E OUTROS TVM CEDIDOS EM EMPRÉSTIMO;;N;Para negociação;;;;;15502.00;290042.42;;;PCAR3;;;;;;;;1997-09-02;;;;
FIIM;34.606.480/0001-50;BB ETF IBOVESPA FUNDO DE INDICE;2023-06-30;495170;1467273936.89;AÇÕES E OUTROS TVM CEDIDOS EM EMPRÉSTIMO;;N;Para negociação;;;;;517108.00;2161511.44;;;CMIN3;;;;;;;;2021-05-03;;;;
FIIM;34.606.480/0001-50;BB ETF IBOVESPA FUNDO DE INDICE;2023-06-30;495170;1467273936.89;AÇÕES E OUTROS TVM CEDIDOS EM EMPRÉSTIMO;;N;Para negociação;;;;;2452872.00;40349744.40;;;BBDC4;;;;;;;;1998-03-02;;;;
FIIM;34.606.480/0001-50;BB ETF IBOVESPA FUNDO DE INDICE;2023-06-30;495170;1467273936.89;AÇÕES E OUTROS TVM CEDIDOS EM EMPRÉSTIMO;;N;Para negociação;;;;;115443.00;2288080.26;;;YDUQ3;;;;;;;;2019-07-23;;;;
FIIM;34.606.480/0001-50;BB ETF IBOVESPA FUNDO DE INDICE;2023-06-30;495170;1467273936.89;AÇÕES E OUTROS TVM CEDIDOS EM EMPRÉSTIMO;;N;Para negociação;;;;;182978.00;5200234.76;;;ITUB4;;;;;;;;2009-05-20;;;;
FIIM;34.606.480/0001-50;BB ETF IBOVESPA FUNDO DE INDICE;2023-06-30;495170;1467273936.89;AÇÕES E OUTROS TVM CEDIDOS EM EMPRÉSTIMO;;N;Para negociação;;;;;108704.00;2414315.84;;;BRAP4;;;;;;;;2000-08-10;;;;
FIIM;34.606.480/0001-50;BB ETF IBOVESPA FUNDO DE INDICE;2023-06-30;495170;1467273936.89;AÇÕES E OUTROS TVM CEDIDOS EM EMPRÉSTIMO;;N;Para negociação;;;;;7102.00;131671.08;;;EMBR3;;;;;;;;1997-07-28;;;;
FIIM;34.606.480/0001-50;BB ETF IBOVESPA FUNDO DE INDICE;2023-06-30;495170;1467273936.89;AÇÕES E OUTROS TVM CEDIDOS EM EMPRÉSTIMO;;N;Para negociação;;;;;313950.00;3026478.00;;;ITSA4;;;;;;;;1998-03-04;;;;
FIIM;34.606.480/0001-50;BB ETF IBOVESPA FUNDO DE INDICE;2023-06-30;495170;1467273936.89;AÇÕES E OUTROS TVM CEDIDOS EM EMPRÉSTIMO;;N;Para negociação;;;;;817243.00;52483345.46;;;VALE3;;;;;;;;1997-07-24;;;;
FIIM;34.606.480/0001-50;BB ETF IBOVESPA FUNDO DE INDICE;2023-06-30;495170;1467273936.89;AÇÕES E OUTROS TVM CEDIDOS EM EMPRÉSTIMO;;N;Para negociação;;;;;106257.00;2138953.41;;;CYRE3;;;;;;;;1997-04-22;;;;
FIIM;34.606.480/0001-50;BB ETF IBOVESPA FUNDO DE INDICE;2023-06-30;495170;1467273936.89;AÇÕES E OUTROS TVM CEDIDOS EM EMPRÉSTIMO;;N;Para negociação;;;;;;8435845.00;;;ASAI3;;;PJ;6057223000171;SENDAS DISTRIBUIDORA S.A.;;;;;;;
FIIM;34.606.480/0001-50;BB ETF IBOVESPA FUNDO DE INDICE;2023-06-30;495170;1467273936.89;AÇÕES E OUTROS TVM CEDIDOS EM EMPRÉSTIMO;;N;Para negociação;;;;;353880.00;11649729.60;;;RDOR3;;;;;;;;2021-06-25;;;;
FIIM;34.606.480/0001-50;BB ETF IBOVESPA FUNDO DE INDICE;2023-06-30;495170;1467273936.89;AÇÕES E OUTROS TVM CEDIDOS EM EMPRÉSTIMO;;N;Para negociação;;;;;102516.00;3393279.60;;;PETR3;;;;;;;;1997-03-24;;;;
FIIM;34.606.480/0001-50;BB ETF IBOVESPA FUNDO DE INDICE;2023-06-30;495170;1467273936.89;AÇÕES E OUTROS TVM CEDIDOS EM EMPRÉSTIMO;;N;Para negociação;;;;;346010.00;15300562.20;;;SUZB3;;;;;;;;2004-08-05;;;;
FIIM;34.606.480/0001-50;BB ETF IBOVESPA FUNDO DE INDICE;2023-06-30;495170;1467273936.89;AÇÕES E OUTROS TVM CEDIDOS EM EMPRÉSTIMO;;N;Para negociação;;;;;88890.00;4089828.90;;;HYPE3;;;;;;;;2008-04-18;;;;
FIIM;34.606.480/0001-50;BB ETF IBOVESPA FUNDO DE INDICE;2023-06-30;495170;1467273936.89;AÇÕES E OUTROS TVM CEDIDOS EM EMPRÉSTIMO;;N;Para negociação;;;;;64947.00;855351.99;;;GOLL4;;;;;;;;2004-06-24;;;;
FIIM;34.606.480/0001-50;BB ETF IBOVESPA FUNDO DE INDICE;2023-06-30;495170;1467273936.89;AÇÕES E OUTROS TVM CEDIDOS EM EMPRÉSTIMO;;N;Para negociação;;;;;74422.00;2231171.56;;;TOTS3;;;;;;;;2006-03-09;;;;
FIIM;34.606.480/0001-50;BB ETF IBOVESPA FUNDO DE INDICE;2023-06-30;495170;1467273936.89;AÇÕES E OUTROS TVM CEDIDOS EM EMPRÉSTIMO;;N;Para negociação;;;;;219060.00;3667064.40;;;NTCO3;;;;;;;;2019-12-18;;;;
FIIM;34.606.480/0001-50;BB ETF IBOVESPA FUNDO DE INDICE;2023-06-30;495170;1467273936.89;AÇÕES E OUTROS TVM CEDIDOS EM EMPRÉSTIMO;;N;Para negociação;;;;;;648957.81;;;SANB11;;;PJ;90400888000142;BCO SANTANDER (BRASIL) SA;;;;;;;
FIIM;34.606.480/0001-50;BB ETF IBOVESPA FUNDO DE INDICE;2023-06-30;495170;1467273936.89;AÇÕES E OUTROS TVM CEDIDOS EM EMPRÉSTIMO;;N;Para negociação;;;;;598521.00;17674325.13;;;PETR4;;;;;;;;1997-03-24;;;;
FIIM;34.606.480/0001-50;BB ETF IBOVESPA FUNDO DE INDICE;2023-06-30;495170;1467273936.89;AÇÕES E OUTROS TVM CEDIDOS EM EMPRÉSTIMO;;N;Para negociação;;;;;153362.00;1084269.34;;;USIM5;;;;;;;;1999-02-02;;;;
FIIM;34.606.480/0001-50;BB ETF IBOVESPA FUNDO DE INDICE;2023-06-30;495170;1467273936.89;AÇÕES E OUTROS TVM CEDIDOS EM EMPRÉSTIMO;;N;Para negociação;;;;;43138.00;794601.96;;;EZTC3;;;;;;;;2007-06-22;;;;
FIIM;34.606.480/0001-50;BB ETF IBOVESPA FUNDO DE INDICE;2023-06-30;495170;1467273936.89;AÇÕES E OUTROS TVM CEDIDOS EM EMPRÉSTIMO;;N;Para negociação;;;;;16064.00;105701.12;;;PETZ3;;;;;;;;2020-09-11;;;;
FIIM;34.606.480/0001-50;BB ETF IBOVESPA FUNDO DE INDICE;2023-06-30;495170;1467273936.89;AÇÕES E OUTROS TVM CEDIDOS EM EMPRÉSTIMO;;N;Para negociação;;;;;212710.00;2382352.00;;;CRFB3;;;;;;;;2017-07-20;;;;
FIIM;34.606.480/0001-50;BB ETF IBOVESPA FUNDO DE INDICE;2023-06-30;495170;1467273936.89;AÇÕES E OUTROS TVM CEDIDOS EM EMPRÉSTIMO;;N;Para negociação;;;;;1707.00;58703.73;;;CPFE3;;;;;;;;2004-09-29;;;;
FIIM;34.606.480/0001-50;BB ETF IBOVESPA FUNDO DE INDICE;2023-06-30;495170;1467273936.89;AÇÕES E OUTROS TVM CEDIDOS EM EMPRÉSTIMO;;N;Para negociação;;;;;60506.00;519141.48;;;LWSA3;;;;;;;;2020-02-06;;;;
FIIM;34.606.480/0001-50;BB ETF IBOVESPA FUNDO DE INDICE;2023-06-30;495170;1467273936.89;AÇÕES E OUTROS TVM CEDIDOS EM EMPRÉSTIMO;;N;Para negociação;;;;;1000.00;17860.00;;;CSAN3;;;;;;;;2005-11-18;;;;
FIIM;34.606.480/0001-50;BB ETF IBOVESPA FUNDO DE INDICE;2023-06-30;495170;1467273936.89;AÇÕES E OUTROS TVM CEDIDOS EM EMPRÉSTIMO;;N;Para negociação;;;;;230094.00;3545748.54;;;ABEV3;;;;;;;;2013-11-11;;;;
FIIM;34.606.480/0001-50;BB ETF IBOVESPA FUNDO DE INDICE;2023-06-30;495170;1467273936.89;AÇÕES E OUTROS TVM CEDIDOS EM EMPRÉSTIMO;;N;Para negociação;;;;;61660.00;2105689.00;;;SMTO3;;;;;;;;2007-02-12;;;;
FIIM;34.606.480/0001-50;BB ETF IBOVESPA FUNDO DE INDICE;2023-06-30;495170;1467273936.89;AÇÕES E OUTROS TVM CEDIDOS EM EMPRÉSTIMO;;N;Para negociação;;;;;103463.00;3894347.32;;;TAEE11;;;;;;;;2012-05-28;;;;
FIIM;34.606.480/0001-50;BB ETF IBOVESPA FUNDO DE INDICE;2023-06-30;495170;1467273936.89;CERTIFICADO OU RECIBO DE DEPÓSITO DE VALORES MOBILIÁRIOS;;N;Para negociação;39000.00;1166800.00;10200.00;311106.13;;6886022.19;;;BCO SANTANDE UNT N2;;;PJ;90400888000142;BCO SANTANDER (BRASIL) SA;;;;;;;
FIIM;34.606.480/0001-50;BB ETF IBOVESPA FUNDO DE INDICE;2023-06-30;495170;1467273936.89;CERTIFICADO OU RECIBO DE DEPÓSITO DE VALORES MOBILIÁRIOS;;N;Para negociação;78000.00;1661960.00;20400.00;458498.62;;9156157.22;;;KLABIN UNT N2;;;PJ;89637490000145;KLABIN SA;;;;;;;
FIIM;34.606.480/0001-50;BB ETF IBOVESPA FUNDO DE INDICE;2023-06-30;495170;1467273936.89;CERTIFICADO OU RECIBO DE DEPÓSITO DE VALORES MOBILIÁRIOS;;N;Para negociação;24960.00;553142.40;6440.00;145645.23;;1421764.30;;;IGUATEMI S.A UNIT;;;PJ;60543816000193;IGUATEMI S.A.;;;;;;;
FIIM;34.606.480/0001-50;BB ETF IBOVESPA FUNDO DE INDICE;2023-06-30;495170;1467273936.89;CERTIFICADO OU RECIBO DE DEPÓSITO DE VALORES MOBILIÁRIOS;;N;Para negociação;31200.00;1393584.00;8000.00;373174.14;;2565722.00;;;ENERGISA UNT;;;PJ;864214000106;ENERGISA SA;;;;;;;
FIIM;34.606.480/0001-50;BB ETF IBOVESPA FUNDO DE INDICE;2023-06-30;495170;1467273936.89;CERTIFICADO OU RECIBO DE DEPÓSITO DE VALORES MOBILIÁRIOS;;N;Para negociação;23400.00;872454.00;6200.00;234109.03;48037.00;1808112.68;;;TAEE11;;;;;;;;2012-05-28;;;;
FIIM;34.803.814/0001-86;IT NOW SMALL CAPS FUNDO DE ÍNDICE;2023-06-30;487663;218076254.40;AÇÕES;Ação ordinária;N;Para negociação;11378.00;270126.90;16900.00;399269.00;18926.00;450438.80;;;AALR3;;;;;;;;2016-10-28;;;;
FIIM;34.803.814/0001-86;IT NOW SMALL CAPS FUNDO DE ÍNDICE;2023-06-30;487663;218076254.40;AÇÕES;Ação ordinária;N;Para negociação;23917.00;37911.31;35572.00;56510.83;36792.00;59970.96;;;TRAD3;;;;;;;;2021-07-28;;;;
FIIM;34.803.814/0001-86;IT NOW SMALL CAPS FUNDO DE ÍNDICE;2023-06-30;487663;218076254.40;AÇÕES;Ação ordinária;N;Para negociação;78943.00;570672.11;117387.00;836281.43;155115.00;1127686.05;;;MRFG3;;;;;;;;2007-06-28;;;;
FIIM;34.803.814/0001-86;IT NOW SMALL CAPS FUNDO DE ÍNDICE;2023-06-30;487663;218076254.40;AÇÕES;Ação ordinária;N;Para negociação;125040.00;986752.52;185966.00;1436838.90;237200.00;1878624.00;;;GMAT3;;;;;;;;2020-10-13;;;;
FIIM;34.803.814/0001-86;IT NOW SMALL CAPS FUNDO DE ÍNDICE;2023-06-30;487663;218076254.40;AÇÕES;Ação ordinária;N;Para negociação;10433.00;481617.82;15514.00;699651.56;16370.00;761859.80;;;LEVE3;;;;;;;;1973-04-30;;;;
FIIM;34.803.814/0001-86;IT NOW SMALL CAPS FUNDO DE ÍNDICE;2023-06-30;487663;218076254.40;AÇÕES;Ação ordinária;N;Para negociação;11773.00;256275.00;17526.00;357459.80;18096.00;394130.88;;;AMBP3;;;;;;;;2020-07-13;;;;
FIIM;34.803.814/0001-86;IT NOW SMALL CAPS FUNDO DE ÍNDICE;2023-06-30;487663;218076254.40;AÇÕES;Ação ordinária;N;Para negociação;40244.00;409367.60;59866.00;580374.38;87591.00;884669.10;;;ONCO3;;;;;;;;2021-08-10;;;;
FIIM;34.803.814/0001-86;IT NOW SMALL CAPS FUNDO DE ÍNDICE;2023-06-30;487663;218076254.40;AÇÕES;Ação ordinária;N;Para negociação;25777.00;290932.87;38376.00;408539.52;40378.00;464347.00;;;TEND3;;;;;;;;2007-10-15;;;;
FIIM;34.803.814/0001-86;IT NOW SMALL CAPS FUNDO DE ÍNDICE;2023-06-30;487663;218076254.40;AÇÕES;Ação ordinária;N;Para negociação;19372.00;426644.60;28883.00;621306.22;35392.00;782517.12;;;SQIA3;;;;;;;;2019-02-18;;;;
FIIM;34.803.814/0001-86;IT NOW SMALL CAPS FUNDO DE ÍNDICE;2023-06-30;487663;218076254.40;AÇÕES;Ação ordinária;N;Para negociação;30945.00;801298.00;45969.00;1168769.86;47753.00;1236325.17;;;INTB3;;;;;;;;2021-02-04;;;;
FIIM;34.803.814/0001-86;IT NOW SMALL CAPS FUNDO DE ÍNDICE;2023-06-30;487663;218076254.40;AÇÕES;Ação ordinária;N;Para negociação;20857.00;285014.22;30961.00;424141.87;32961.00;452884.14;;;ENAT3;;;;;;;;2019-04-24;;;;
FIIM;34.803.814/0001-86;IT NOW SMALL CAPS FUNDO DE ÍNDICE;2023-06-30;487663;218076254.40;AÇÕES;Ação ordinária;N;Para negociação;204914.00;653381.16;304782.00;974226.01;348540.00;1108357.20;;;HBSA3;;;;;;;;2020-09-25;;;;
FIIM;34.803.814/0001-86;IT NOW SMALL CAPS FUNDO DE ÍNDICE;2023-06-30;487663;218076254.40;AÇÕES;Ação ordinária;N;Para negociação;22356.00;436621.60;33239.00;632344.75;37512.00;737110.80;;;DIRR3;;;;;;;;2009-11-19;;;;
FIIM;34.803.814/0001-86;IT NOW SMALL CAPS FUNDO DE ÍNDICE;2023-06-30;487663;218076254.40;AÇÕES;Ação ordinária;N;Para negociação;90552.00;602310.12;134672.00;893311.88;152028.00;1000344.24;;;PETZ3;;;;;;;;2020-09-11;;;;
FIIM;34.803.814/0001-86;IT NOW SMALL CAPS FUNDO DE ÍNDICE;2023-06-30;487663;218076254.40;AÇÕES;Ação ordinária;N;Para negociação;14197.00;69995.26;21014.00;99215.26;22912.00;114560.00;;;SEER3;;;;;;;;2013-10-29;;;;
FIIM;34.803.814/0001-86;IT NOW SMALL CAPS FUNDO DE ÍNDICE;2023-06-30;487663;218076254.40;AÇÕES;Ação ordinária;N;Para negociação;39419.00;516920.66;58556.00;771210.08;62942.00;836499.18;;;SBFG3;;;;;;;;2021-03-31;;;;
FIIM;34.803.814/0001-86;IT NOW SMALL CAPS FUNDO DE ÍNDICE;2023-06-30;487663;218076254.40;AÇÕES;Ação ordinária;N;Para negociação;489436.00;1587393.36;727764.00;2353458.62;925313.00;3016520.38;;;COGN3;;;;;;;;2019-10-11;;;;
FIIM;34.803.814/0001-86;IT NOW SMALL CAPS FUNDO DE ÍNDICE;2023-06-30;487663;218076254.40;AÇÕES;Ação ordinária;N;Para negociação;72962.00;329346.50;108444.00;531352.76;130842.00;595331.10;;;ZAMP3;;;;;;;;2022-10-26;;;;
FIIM;34.803.814/0001-86;IT NOW SMALL CAPS FUNDO DE ÍNDICE;2023-06-30;487663;218076254.40;AÇÕES;Ação ordinária;N;Para negociação;73893.00;1481386.99;109949.00;2168410.76;114074.00;2296309.62;;;CYRE3;;;;;;;;1996-05-27;;;;
FIIM;34.803.814/0001-86;IT NOW SMALL CAPS FUNDO DE ÍNDICE;2023-06-30;487663;218076254.40;AÇÕES;Ação ordinária;N;Para negociação;22101.00;166842.48;32765.00;251400.49;42110.00;325089.20;;;GUAR3;;;;;;;;1973-05-14;;;;
FIIM;34.803.814/0001-86;IT NOW SMALL CAPS FUNDO DE ÍNDICE;2023-06-30;487663;218076254.40;AÇÕES;Ação ordinária;N;Para negociação;27501.00;253231.57;40885.00;373683.65;42904.00;397720.08;;;RANI3;;;;;;;;1981-06-10;;;;
FIIM;34.803.814/0001-86;IT NOW SMALL CAPS FUNDO DE ÍNDICE;2023-06-30;487663;218076254.40;AÇÕES;Ação ordinária;N;Para negociação;70924.00;181038.72;105493.00;266377.82;109450.00;282381.00;;;MEAL3;;;;;;;;2015-03-31;;;;
FIIM;34.803.814/0001-86;IT NOW SMALL CAPS FUNDO DE ÍNDICE;2023-06-30;487663;218076254.40;AÇÕES;Ação ordinária;N;Para negociação;50788.00;1070452.24;75510.00;1566103.66;78216.00;1654268.40;;;CSMG3;;;;;;;;2006-02-08;;;;
FIIM;34.803.814/0001-86;IT NOW SMALL CAPS FUNDO DE ÍNDICE;2023-06-30;487663;218076254.40;AÇÕES;Ação ordinária;N;Para negociação;84903.00;1039467.27;126375.00;1540190.51;162039.00;1984977.75;;;AESB3;;;;;;;;2021-03-29;;;;
FIIM;34.803.814/0001-86;IT NOW SMALL CAPS FUNDO DE ÍNDICE;2023-06-30;487663;218076254.40;AÇÕES;Ação ordinária;N;Para negociação;28621.00;1086164.82;42581.00;1604209.68;45098.00;1723645.56;;;SLCE3;;;;;;;;2007-06-15;;;;
FIIM;34.803.814/0001-86;IT NOW SMALL CAPS FUNDO DE ÍNDICE;2023-06-30;487663;218076254.40;AÇÕES;Ação ordinária;N;Para negociação;16073.00;374897.32;23965.00;552504.04;24817.00;580469.63;;;LOGG3;;;;;;;;2018-12-21;;;;
FIIM;34.803.814/0001-86;IT NOW SMALL CAPS FUNDO DE ÍNDICE;2023-06-30;487663;218076254.40;AÇÕES;Ação ordinária;N;Para negociação;15997.00;389931.03;23754.00;571929.34;25560.00;626475.60;;;AGRO3;;;;;;;;2006-05-02;;;;
FIIM;34.803.814/0001-86;IT NOW SMALL CAPS FUNDO DE ÍNDICE;2023-06-30;487663;218076254.40;AÇÕES;Ação ordinária;N;Para negociação;315.00;25155.06;462.00;36529.08;787.00;63935.88;;;BRPR3;;;;;;;;2007-04-23;;;;
FIIM;34.803.814/0001-86;IT NOW SMALL CAPS FUNDO DE ÍNDICE;2023-06-30;487663;218076254.40;AÇÕES;Ação ordinária;N;Para negociação;26930.00;190142.12;40049.00;278810.40;52933.00;373706.98;;;CAML3;;;;;;;;2017-09-28;;;;
FIIM;34.803.814/0001-86;IT NOW SMALL CAPS FUNDO DE ÍNDICE;2023-06-30;487663;218076254.40;AÇÕES;Ação ordinária;N;Para negociação;79758.00;1554349.32;118629.00;2302939.47;129283.00;2562389.06;;;YDUQ3;;;;;;;;2019-07-23;;;;
FIIM;34.803.814/0001-86;IT NOW SMALL CAPS FUNDO DE ÍNDICE;2023-06-30;487663;218076254.40;AÇÕES;Ação ordinária;N;Para negociação;7223.00;98313.37;2295.00;32888.25;3594.00;53299.02;;;FHER3;;;;;;;;2007-04-12;;;;
FIIM;34.803.814/0001-86;IT NOW SMALL CAPS FUNDO DE ÍNDICE;2023-06-30;487663;218076254.40;AÇÕES;Ação ordinária;N;Para negociação;77645.00;1660448.97;133643.00;2774011.55;175993.00;3783849.50;;;SMFT3;;;;;;;;2018-02-26;;;;
FIIM;34.803.814/0001-86;IT NOW SMALL CAPS FUNDO DE ÍNDICE;2023-06-30;487663;218076254.40;AÇÕES;Ação ordinária;N;Para negociação;69320.00;285897.56;103083.00;422410.78;109718.00;459718.42;;;ANIM3;;;;;;;;2013-10-28;;;;
FIIM;34.803.814/0001-86;IT NOW SMALL CAPS FUNDO DE ÍNDICE;2023-06-30;487663;218076254.40;AÇÕES;Ação ordinária;N;Para negociação;8109.00;152236.84;12026.00;233767.15;12415.00;231043.15;;;BLAU3;;;;;;;;2021-04-19;;;;
FIIM;34.803.814/0001-86;IT NOW SMALL CAPS FUNDO DE ÍNDICE;2023-06-30;487663;218076254.40;AÇÕES;Ação ordinária;N;Para negociação;22567.00;319932.88;33590.00;469086.05;49257.00;698956.83;;;BMOB3;;;;;;;;2021-02-10;;;;
FIIM;34.803.814/0001-86;IT NOW SMALL CAPS FUNDO DE ÍNDICE;2023-06-30;487663;218076254.40;AÇÕES;Ação ordinária;N;Para negociação;132325.00;1575381.06;196782.00;2380794.48;206785.00;2481420.00;;;SOMA3;;;;;;;;2020-07-31;;;;
FIIM;34.803.814/0001-86;IT NOW SMALL CAPS FUNDO DE ÍNDICE;2023-06-30;487663;218076254.40;AÇÕES;Ação ordinária;N;Para negociação;290161.00;2576828.39;431476.00;3724485.36;446855.00;3981478.05;;;BRFS3;;;;;;;;2009-12-10;;;;
FIIM;34.803.814/0001-86;IT NOW SMALL CAPS FUNDO DE ÍNDICE;2023-06-30;487663;218076254.40;AÇÕES;Ação ordinária;N;Para negociação;30636.00;392936.40;45583.00;571693.07;47671.00;612572.35;;;TTEN3;;;;;;;;2021-07-12;;;;
FIIM;34.803.814/0001-86;IT NOW SMALL CAPS FUNDO DE ÍNDICE;2023-06-30;487663;218076254.40;AÇÕES;Ação ordinária;N;Para negociação;275224.00;844359.00;116302.00;353821.10;0.00;0.00;;;MODL3;;;;;;;;2021-04-30;;;;
FIIM;34.803.814/0001-86;IT NOW SMALL CAPS FUNDO DE ÍNDICE;2023-06-30;487663;218076254.40;AÇÕES;Ação ordinária;N;Para negociação;25416.00;467892.08;37827.00;684949.59;39495.00;727497.90;;;EZTC3;;;;;;;;2007-06-22;;;;
FIIM;34.803.814/0001-86;IT NOW SMALL CAPS FUNDO DE ÍNDICE;2023-06-30;487663;218076254.40;AÇÕES;Ação ordinária;N;Para negociação;70175.00;743778.24;104315.00;1083263.66;110246.00;1171914.98;;;BEEF3;;;;;;;;2007-07-20;;;;
FIIM;34.803.814/0001-86;IT NOW SMALL CAPS FUNDO DE ÍNDICE;2023-06-30;487663;218076254.40;AÇÕES;Ação ordinária;N;Para negociação;28386.00;153913.60;42183.00;230945.70;50673.00;275154.39;;;CEAB3;;;;;;;;2019-10-28;;;;
FIIM;34.803.814/0001-86;IT NOW SMALL CAPS FUNDO DE ÍNDICE;2023-06-30;487663;218076254.40;AÇÕES;Ação ordinária;N;Para negociação;21966.00;949535.92;32688.00;1418369.44;36644.00;1595846.20;;;IRBR3;;;;;;;;2017-07-31;;;;
FIIM;34.803.814/0001-86;IT NOW SMALL CAPS FUNDO DE ÍNDICE;2023-06-30;487663;218076254.40;AÇÕES;Ação ordinária;N;Para negociação;35344.00;442323.40;52647.00;646960.78;71890.00;897906.10;;;MYPK3;;;;;;;;1984-09-14;;;;
FIIM;34.803.814/0001-86;IT NOW SMALL CAPS FUNDO DE ÍNDICE;2023-06-30;487663;218076254.40;AÇÕES;Ação ordinária;N;Para negociação;42583.00;790497.65;63398.00;1151117.28;91131.00;1705061.01;;;PCAR3;;;;;;;;1995-10-03;;;;
FIIM;34.803.814/0001-86;IT NOW SMALL CAPS FUNDO DE ÍNDICE;2023-06-30;487663;218076254.40;AÇÕES;Ação ordinária;N;Para negociação;121396.00;302949.40;180542.00;441379.12;198825.00;495074.25;;;MLAS3;;;;;;;;2021-07-22;;;;
FIIM;34.803.814/0001-86;IT NOW SMALL CAPS FUNDO DE ÍNDICE;2023-06-30;487663;218076254.40;AÇÕES;Ação ordinária;N;Para negociação;48403.00;546076.79;71912.00;793239.71;99668.00;1123258.36;;;MILS3;;;;;;;;2010-04-16;;;;
FIIM;34.803.814/0001-86;IT NOW SMALL CAPS FUNDO DE ÍNDICE;2023-06-30;487663;218076254.40;AÇÕES;Ação ordinária;N;Para negociação;14623.00;101464.72;21806.00;145733.08;28519.00;198492.24;;;PTBL3;;;;;;;;1991-11-11;;;;
FIIM;34.803.814/0001-86;IT NOW SMALL CAPS FUNDO DE ÍNDICE;2023-06-30;487663;218076254.40;AÇÕES;Ação ordinária;N;Para negociação;74074.00;621052.90;110235.00;910350.00;113908.00;951131.80;;;DXCO3;;;;;;;;2021-08-19;;;;
FIIM;34.803.814/0001-86;IT NOW SMALL CAPS FUNDO DE ÍNDICE;2023-06-30;487663;218076254.40;AÇÕES;Ação ordinária;N;Para negociação;18232.00;476868.28;27032.00;694805.70;32065.00;840744.30;;;TUPY3;;;;;;;;1973-06-13;;;;
FIIM;34.803.814/0001-86;IT NOW SMALL CAPS FUNDO DE ÍNDICE;2023-06-30;487663;218076254.40;AÇÕES;Ação ordinária;N;Para negociação;20302.00;127207.60;30147.00;190788.41;33325.00;209947.50;;;WIZC3;;;;;;;;2023-02-09;;;;
FIIM;34.803.814/0001-86;IT NOW SMALL CAPS FUNDO DE ÍNDICE;2023-06-30;487663;218076254.40;AÇÕES;Ação ordinária;N;Para negociação;83967.00;142606.95;124880.00;204786.36;126934.00;217057.14;;;IFCM3;;;;;;;;2021-05-04;;;;
FIIM;34.803.814/0001-86;IT NOW SMALL CAPS FUNDO DE ÍNDICE;2023-06-30;487663;218076254.40;AÇÕES;Ação ordinária;N;Para negociação;116118.00;996380.52;172641.00;1490363.42;219609.00;1884245.22;;;LWSA3;;;;;;;;2020-02-06;;;;
FIIM;34.803.814/0001-86;IT NOW SMALL CAPS FUNDO DE ÍNDICE;2023-06-30;487663;218076254.40;AÇÕES;Ação ordinária;N;Para negociação;143094.00;1133748.36;212735.00;1666389.68;226289.00;1796734.66;;;BOAS3;;;;;;;;2020-09-30;;;;
FIIM;34.803.814/0001-86;IT NOW SMALL CAPS FUNDO DE ÍNDICE;2023-06-30;487663;218076254.40;AÇÕES;Ação ordinária;N;Para negociação;100580.00;1686071.80;149592.00;2468163.68;199301.00;3366193.89;;;GGPS3;;;;;;;;2021-04-26;;;;
FIIM;34.803.814/0001-86;IT NOW SMALL CAPS FUNDO DE ÍNDICE;2023-06-30;487663;218076254.40;AÇÕES;Ação ordinária;N;Para negociação;18697.00;792144.77;27814.00;1167996.13;28826.00;1227122.82;;;MDIA3;;;;;;;;2006-10-18;;;;
FIIM;34.803.814/0001-86;IT NOW SMALL CAPS FUNDO DE ÍNDICE;2023-06-30;487663;218076254.40;AÇÕES;Ação ordinária;N;Para negociação;425095.00;924829.49;632108.00;1411175.73;674536.00;1450252.40;;;VIIA3;;;;;;;;2021-08-16;;;;
FIIM;34.803.814/0001-86;IT NOW SMALL CAPS FUNDO DE ÍNDICE;2023-06-30;487663;218076254.40;AÇÕES;Ação ordinária;N;Para negociação;48223.00;291441.47;71748.00;437621.57;75537.00;460020.33;;;LJQQ3;;;;;;;;2020-08-10;;;;
FIIM;34.803.814/0001-86;IT NOW SMALL CAPS FUNDO DE ÍNDICE;2023-06-30;487663;218076254.40;AÇÕES;Ação ordinária;N;Para negociação;35595.00;376526.10;52889.00;550651.98;54706.00;576054.18;;;MOVI3;;;;;;;;2017-02-08;;;;
FIIM;34.803.814/0001-86;IT NOW SMALL CAPS FUNDO DE ÍNDICE;2023-06-30;487663;218076254.40;AÇÕES;Ação ordinária;N;Para negociação;82348.00;948035.12;122482.00;1365600.63;128466.00;1486351.62;;;MRVE3;;;;;;;;2007-07-23;;;;
FIIM;34.803.814/0001-86;IT NOW SMALL CAPS FUNDO DE ÍNDICE;2023-06-30;487663;218076254.40;AÇÕES;Ação ordinária;N;Para negociação;198090.00;3685674.16;294550.00;5439950.88;396808.00;7356820.32;;;EMBR3;;;;;;;;1989-08-28;;;;
FIIM;34.803.814/0001-86;IT NOW SMALL CAPS FUNDO DE ÍNDICE;2023-06-30;487663;218076254.40;AÇÕES;Ação ordinária;N;Para negociação;46423.00;698183.04;69029.00;1036095.71;74219.00;1111800.62;;;ARML3;;;;;;;;2021-07-28;;;;
FIIM;34.803.814/0001-86;IT NOW SMALL CAPS FUNDO DE ÍNDICE;2023-06-30;487663;218076254.40;AÇÕES;Ação ordinária;N;Para negociação;48148.00;451914.68;71638.00;667716.58;74165.00;701600.90;;;KEPL3;;;;;;;;1981-02-13;;;;
FIIM;34.803.814/0001-86;IT NOW SMALL CAPS FUNDO DE ÍNDICE;2023-06-30;487663;218076254.40;AÇÕES;Ação ordinária;N;Para negociação;6999.00;358862.63;10377.00;530601.80;15602.00;800694.64;;;LOGN3;;;;;;;;2007-06-21;;;;
FIIM;34.803.814/0001-86;IT NOW SMALL CAPS FUNDO DE ÍNDICE;2023-06-30;487663;218076254.40;AÇÕES;Ação ordinária;N;Para negociação;16403.00;1293633.56;24449.00;1901032.04;25330.00;2002843.10;;;ARZZ3;;;;;;;;2011-02-02;;;;
FIIM;34.803.814/0001-86;IT NOW SMALL CAPS FUNDO DE ÍNDICE;2023-06-30;487663;218076254.40;AÇÕES;Ação ordinária;N;Para negociação;113528.00;1820794.40;175177.00;2722337.73;213732.00;3430398.60;;;FLRY3;;;;;;;;2009-12-17;;;;
FIIM;34.803.814/0001-86;IT NOW SMALL CAPS FUNDO DE ÍNDICE;2023-06-30;487663;218076254.40;AÇÕES;Ação ordinária;N;Para negociação;26736.00;757557.60;39763.00;1113948.22;56727.00;1615584.96;;;VIVA3;;;;;;;;2019-10-10;;;;
FIIM;34.803.814/0001-86;IT NOW SMALL CAPS FUNDO DE ÍNDICE;2023-06-30;487663;218076254.40;AÇÕES;Ação ordinária;N;Para negociação;18567.00;146477.92;47913.00;421076.51;28020.00;218836.20;;;CASH3;;;;;;;;2020-11-05;;;;
FIIM;34.803.814/0001-86;IT NOW SMALL CAPS FUNDO DE ÍNDICE;2023-06-30;487663;218076254.40;AÇÕES;Ação ordinária;N;Para negociação;19237.00;244945.33;28585.00;349281.71;47881.00;612876.80;;;PNVL3;;;;;;;;1984-08-03;;;;
FIIM;34.803.814/0001-86;IT NOW SMALL CAPS FUNDO DE ÍNDICE;2023-06-30;487663;218076254.40;AÇÕES;Ação ordinária;N;Para negociação;19927.00;140087.83;29597.00;196540.65;42391.00;299280.46;;;LAVV3;;;;;;;;2020-09-02;;;;
FIIM;34.803.814/0001-86;IT NOW SMALL CAPS FUNDO DE ÍNDICE;2023-06-30;487663;218076254.40;AÇÕES;Ação ordinária;N;Para negociação;74884.00;361793.26;111322.00;530038.74;179244.00;867540.96;;;QUAL3;;;;;;;;2011-06-29;;;;
FIIM;34.803.814/0001-86;IT NOW SMALL CAPS FUNDO DE ÍNDICE;2023-06-30;487663;218076254.40;AÇÕES;Ação ordinária;N;Para negociação;69784.00;868730.20;103743.00;1236428.20;107957.00;1354860.35;;;ODPV3;;;;;;;;2006-12-01;;;;
FIIM;34.803.814/0001-86;IT NOW SMALL CAPS FUNDO DE ÍNDICE;2023-06-30;487663;218076254.40;AÇÕES;Ação ordinária;N;Para negociação;51567.00;260668.74;76653.00;386733.39;79278.00;399561.12;;;CBAV3;;;;;;;;2021-07-15;;;;
FIIM;34.803.814/0001-86;IT NOW SMALL CAPS FUNDO DE ÍNDICE;2023-06-30;487663;218076254.40;AÇÕES;Ação ordinária;N;Para negociação;231385.00;2351829.23;344160.00;3442794.45;415727.00;4223786.32;;;STBP3;;;;;;;;2007-11-21;;;;
FIIM;34.803.814/0001-86;IT NOW SMALL CAPS FUNDO DE ÍNDICE;2023-06-30;487663;218076254.40;AÇÕES;Ação ordinária;N;Para negociação;61124.00;82105.56;91028.00;115076.82;96482.00;128321.06;;;AERI3;;;;;;;;2020-11-11;;;;
FIIM;34.803.814/0001-86;IT NOW SMALL CAPS FUNDO DE ÍNDICE;2023-06-30;487663;218076254.40;AÇÕES;Ação ordinária;N;Para negociação;71344.00;839265.34;106130.00;1205044.86;156320.00;1849265.60;;;DASA3;;;;;;;;2004-11-19;;;;
FIIM;34.803.814/0001-86;IT NOW SMALL CAPS FUNDO DE ÍNDICE;2023-06-30;487663;218076254.40;AÇÕES;Ação ordinária;N;Para negociação;19252.00;106273.46;28608.00;156161.09;32743.00;182051.08;;;TRIS3;;;;;;;;2007-10-15;;;;
FIIM;34.803.814/0001-86;IT NOW SMALL CAPS FUNDO DE ÍNDICE;2023-06-30;487663;218076254.40;AÇÕES;Ação ordinária;N;Para negociação;12238.00;456729.46;18287.00;656895.14;25858.00;964244.82;;;ORVR3;;;;;;;;2021-02-17;;;;
FIIM;34.803.814/0001-86;IT NOW SMALL CAPS FUNDO DE ÍNDICE;2023-06-30;487663;218076254.40;AÇÕES;Ação ordinária;N;Para negociação;64291.00;1924048.98;115012.00;3304639.86;97750.00;2917837.50;;;RRRP3;;;;;;;;2020-11-12;;;;
FIIM;34.803.814/0001-86;IT NOW SMALL CAPS FUNDO DE ÍNDICE;2023-06-30;487663;218076254.40;AÇÕES;Ação ordinária;N;Para negociação;53591.00;363829.90;79781.00;529180.12;107403.00;731414.43;;;EVEN3;;;;;;;;2007-04-02;;;;
FIIM;34.803.814/0001-86;IT NOW SMALL CAPS FUNDO DE ÍNDICE;2023-06-30;487663;218076254.40;AÇÕES;Ação ordinária;N;Para negociação;32390.00;515547.42;48135.00;752641.10;49843.00;799980.15;;;CURY3;;;;;;;;2020-09-21;;;;
FIIM;34.803.814/0001-86;IT NOW SMALL CAPS FUNDO DE ÍNDICE;2023-06-30;487663;218076254.40;AÇÕES;Ação ordinária;N;Para negociação;19851.00;179741.02;29587.00;264868.26;30672.00;282795.84;;;POSI3;;;;;;;;2006-12-11;;;;
FIIM;34.803.814/0001-86;IT NOW SMALL CAPS FUNDO DE ÍNDICE;2023-06-30;487663;218076254.40;AÇÕES;Ação ordinária;N;Para negociação;66235.00;1562887.15;98505.00;2322385.45;125956.00;2975080.72;;;ENBR3;;;;;;;;2005-07-13;;;;
FIIM;34.803.814/0001-86;IT NOW SMALL CAPS FUNDO DE ÍNDICE;2023-06-30;487663;218076254.40;AÇÕES;Ação ordinária;N;Para negociação;83638.00;544697.08;124373.00;822671.72;129374.00;840931.00;;;ECOR3;;;;;;;;2010-04-01;;;;
FIIM;34.803.814/0001-86;IT NOW SMALL CAPS FUNDO DE ÍNDICE;2023-06-30;487663;218076254.40;AÇÕES;Ação ordinária;N;Para negociação;72245.00;538630.54;107451.00;800669.39;162135.00;1212769.80;;;GRND3;;;;;;;;2004-10-29;;;;
FIIM;34.803.814/0001-86;IT NOW SMALL CAPS FUNDO DE ÍNDICE;2023-06-30;487663;218076254.40;AÇÕES;Ação ordinária;N;Para negociação;74599.00;1421045.15;110983.00;2100881.91;116303.00;2229528.51;;;RECV3;;;;;;;;2021-05-05;;;;
FIIM;34.803.814/0001-86;IT NOW SMALL CAPS FUNDO DE ÍNDICE;2023-06-30;487663;218076254.40;AÇÕES;Ação ordinária;N;Para negociação;64331.00;115672.31;95711.00;170840.70;99239.00;180614.98;;;ESPA3;;;;;;;;2021-02-01;;;;
FIIM;34.803.814/0001-86;IT NOW SMALL CAPS FUNDO DE ÍNDICE;2023-06-30;487663;218076254.40;AÇÕES;Ação ordinária;N;Para negociação;26916.00;203145.24;40027.00;313784.74;41547.00;312433.44;;;JALL3;;;;;;;;2021-02-08;;;;
FIIM;34.803.814/0001-86;IT NOW SMALL CAPS FUNDO DE ÍNDICE;2023-06-30;487663;218076254.40;AÇÕES;Ação ordinária;N;Para negociação;61105.00;551956.04;90881.00;818082.96;91599.00;823475.01;;;SIMH3;;;;;;;;2020-09-18;;;;
FIIM;34.803.814/0001-86;IT NOW SMALL CAPS FUNDO DE ÍNDICE;2023-06-30;487663;218076254.40;AÇÕES;Ação ordinária;N;Para negociação;143498.00;3515661.68;213428.00;5168140.12;335811.00;8277741.15;;;ALSO3;;;;;;;;2019-08-06;;;;
FIIM;34.803.814/0001-86;IT NOW SMALL CAPS FUNDO DE ÍNDICE;2023-06-30;487663;218076254.40;AÇÕES;Ação ordinária;N;Para negociação;41458.00;166355.14;61526.00;240064.88;64271.00;260297.55;;;PGMN3;;;;;;;;2020-09-02;;;;
FIIM;34.803.814/0001-86;IT NOW SMALL CAPS FUNDO DE ÍNDICE;2023-06-30;487663;218076254.40;AÇÕES;Ação ordinária;N;Para negociação;19792.00;341900.60;29499.00;505558.03;47852.00;827839.60;;;VULC3;;;;;;;;1973-07-02;;;;
FIIM;34.803.814/0001-86;IT NOW SMALL CAPS FUNDO DE ÍNDICE;2023-06-30;487663;218076254.40;AÇÕES;Ação ordinária;N;Para negociação;12203.00;205321.53;18110.00;299296.85;19032.00;319927.92;;;ROMI3;;;;;;;;1973-06-22;;;;
FIIM;34.803.814/0001-86;IT NOW SMALL CAPS FUNDO DE ÍNDICE;2023-06-30;487663;218076254.40;AÇÕES;Ação ordinária;N;Para negociação;74374.00;261938.10;110654.00;387515.71;173941.00;610532.91;;;CVCB3;;;;;;;;2013-12-09;;;;
FIIM;34.803.814/0001-86;IT NOW SMALL CAPS FUNDO DE ÍNDICE;2023-06-30;487663;218076254.40;AÇÕES;Ação ordinária;N;Para negociação;14158.00;94613.68;21124.00;136518.20;25256.00;169215.20;;;CLSA3;;;;;;;;2021-07-30;;;;
FIIM;34.803.814/0001-86;IT NOW SMALL CAPS FUNDO DE ÍNDICE;2023-06-30;487663;218076254.40;AÇÕES;Ação ordinária;N;Para negociação;13298.00;90434.08;19716.00;135810.04;22005.00;152274.60;;;GFSA3;;;;;;;;2006-01-26;;;;
FIIM;34.803.814/0001-86;IT NOW SMALL CAPS FUNDO DE ÍNDICE;2023-06-30;487663;218076254.40;AÇÕES;Ação ordinária;N;Para negociação;90717.00;1016990.22;134814.00;1469612.21;149152.00;1685417.60;;;MEGA3;;;;;;;;2021-12-27;;;;
FIIM;34.803.814/0001-86;IT NOW SMALL CAPS FUNDO DE ÍNDICE;2023-06-30;487663;218076254.40;AÇÕES;Ação ordinária;N;Para negociação;21847.00;231526.25;32512.00;341542.50;34069.00;363175.54;;;MATD3;;;;;;;;2021-04-16;;;;
FIIM;34.803.814/0001-86;IT NOW SMALL CAPS FUNDO DE ÍNDICE;2023-06-30;487663;218076254.40;AÇÕES;Ação ordinária;N;Para negociação;48836.00;72563.26;106625.00;158626.64;74101.00;110410.49;;;SEQL3;;;;;;;;2020-10-07;;;;
FIIM;34.803.814/0001-86;IT NOW SMALL CAPS FUNDO DE ÍNDICE;2023-06-30;487663;218076254.40;AÇÕES;Ação ordinária;N;Para negociação;80567.00;407321.14;119795.00;590631.11;144014.00;733031.26;;;JHSF3;;;;;;;;2007-04-12;;;;
FIIM;34.803.814/0001-86;IT NOW SMALL CAPS FUNDO DE ÍNDICE;2023-06-30;487663;218076254.40;AÇÕES;Ação ordinária;N;Para negociação;38569.00;1324357.65;57356.00;2013845.92;74845.00;2555956.75;;;SMTO3;;;;;;;;2007-02-12;;;;
FIIM;34.803.814/0001-86;IT NOW SMALL CAPS FUNDO DE ÍNDICE;2023-06-30;487663;218076254.40;AÇÕES;Ação preferencial;N;Para negociação;18387.00;277153.24;27385.00;402931.56;28343.00;427129.01;;;TASA4;;;;;;;;2019-11-12;;;;
FIIM;34.803.814/0001-86;IT NOW SMALL CAPS FUNDO DE ÍNDICE;2023-06-30;487663;218076254.40;AÇÕES;Ação preferencial;N;Para negociação;67670.00;1500004.94;100663.00;2253465.59;108486.00;2409474.06;;;BRAP4;;;;;;;;2000-08-10;;;;
FIIM;34.803.814/0001-86;IT NOW SMALL CAPS FUNDO DE ÍNDICE;2023-06-30;487663;218076254.40;AÇÕES;Ação preferencial;N;Para negociação;149657.00;775206.01;222595.00;1203051.20;232433.00;1210975.93;;;POMO4;;;;;;;;1978-07-20;;;;
FIIM;34.803.814/0001-86;IT NOW SMALL CAPS FUNDO DE ÍNDICE;2023-06-30;487663;218076254.40;AÇÕES;Ação preferencial;N;Para negociação;138834.00;982528.02;206529.00;1488778.17;213166.00;1507083.62;;;USIM5;;;;;;;;1999-02-02;;;;
FIIM;34.803.814/0001-86;IT NOW SMALL CAPS FUNDO DE ÍNDICE;2023-06-30;487663;218076254.40;AÇÕES;Ação preferencial;N;Para negociação;58867.00;757456.50;87471.00;1103808.74;115233.00;1517618.61;;;GOLL4;;;;;;;;2004-06-24;;;;
FIIM;34.803.814/0001-86;IT NOW SMALL CAPS FUNDO DE ÍNDICE;2023-06-30;487663;218076254.40;AÇÕES;Ação preferencial;N;Para negociação;12398.00;971473.04;18375.00;1415959.26;19187.00;1518459.18;;;UNIP6;;;;;;;;1980-06-04;;;;
FIIM;34.803.814/0001-86;IT NOW SMALL CAPS FUNDO DE ÍNDICE;2023-06-30;487663;218076254.40;AÇÕES;Ação preferencial;N;Para negociação;179788.00;2119333.44;267383.00;3188508.97;373919.00;4419722.58;;;GOAU4;;;;;;;;1973-08-27;;;;
FIIM;34.803.814/0001-86;IT NOW SMALL CAPS FUNDO DE ÍNDICE;2023-06-30;487663;218076254.40;AÇÕES;Ação preferencial;N;Para negociação;10873.00;526978.16;16206.00;782248.15;22684.00;1099493.48;;;FESA4;;;;;;;;1979-01-31;;;;
FIIM;34.803.814/0001-86;IT NOW SMALL CAPS FUNDO DE ÍNDICE;2023-06-30;487663;218076254.40;AÇÕES;Ação preferencial;N;Para negociação;54517.00;512394.45;80605.00;752701.17;136684.00;1271161.20;;;ALPA4;;;;;;;;1973-03-19;;;;
FIIM;34.803.814/0001-86;IT NOW SMALL CAPS FUNDO DE ÍNDICE;2023-06-30;487663;218076254.40;AÇÕES;Ação preferencial;N;Para negociação;18052.00;341464.26;26847.00;499010.00;28015.00;534246.05;;;ABCB4;;;;;;;;2007-07-25;;;;
FIIM;34.803.814/0001-86;IT NOW SMALL CAPS FUNDO DE ÍNDICE;2023-06-30;487663;218076254.40;AÇÕES;Ação preferencial;N;Para negociação;54566.00;809776.40;81132.00;1200833.74;97158.00;1457370.00;;;BRSR6;;;;;;;;2007-09-03;;;;
FIIM;34.803.814/0001-86;IT NOW SMALL CAPS FUNDO DE ÍNDICE;2023-06-30;487663;218076254.40;AÇÕES;Ação preferencial;N;Para negociação;47908.00;579125.82;71286.00;852182.40;84274.00;1025614.58;;;RAPT4;;;;;;;;1993-03-19;;;;
FIIM;34.803.814/0001-86;IT NOW SMALL CAPS FUNDO DE ÍNDICE;2023-06-30;487663;218076254.40;AÇÕES;Ação preferencial;N;Para negociação;92081.00;828059.47;136894.00;1234569.41;141895.00;1298339.25;;;BPAN4;;;;;;;;2014-08-05;;;;
FIIM;34.803.814/0001-86;IT NOW SMALL CAPS FUNDO DE ÍNDICE;2023-06-30;487663;218076254.40;AÇÕES;Ação preferencial;N;Para negociação;88347.00;1906742.91;131338.00;2781690.86;166532.00;3640389.52;;;AZUL4;;;;;;;;2017-04-11;;;;
FIIM;34.803.814/0001-86;IT NOW SMALL CAPS FUNDO DE ÍNDICE;2023-06-30;487663;218076254.40;TÍTULOS PÚBLICOS;;;Para negociação;60.00;802721.90;29.00;388370.06;0.00;0.00;;;;;2024-09-01;;;;;210100;;;;;
FIIM;34.803.814/0001-86;IT NOW SMALL CAPS FUNDO DE ÍNDICE;2023-06-30;487663;218076254.40;TÍTULOS PÚBLICOS;;;Para negociação;23.00;308532.08;0.00;0.00;0.00;0.00;;;;;2025-03-01;;;;;210100;;;;;
FIIM;34.803.814/0001-86;IT NOW SMALL CAPS FUNDO DE ÍNDICE;2023-06-30;487663;218076254.40;TÍTULOS PÚBLICOS;;;Para negociação;3.00;40316.31;4.00;53385.29;22.00;295671.04;;;;;2025-09-01;;;;;210100;;;;;
FIIM;34.803.814/0001-86;IT NOW SMALL CAPS FUNDO DE ÍNDICE;2023-06-30;487663;218076254.40;TÍTULOS PÚBLICOS;;;Para negociação;21.00;279993.46;3.00;40102.79;0.00;0.00;;;;;2024-03-01;;;;;210100;;;;;
FIIM;34.803.814/0001-86;IT NOW SMALL CAPS FUNDO DE ÍNDICE;2023-06-30;487663;218076254.40;DISPONIBILIDADES;Outros;;Para negociação;;;;;;57331.84;;;;DISPONIBILIDADES;;;;;;;;;;;
FIIM;34.803.814/0001-86;IT NOW SMALL CAPS FUNDO DE ÍNDICE;2023-06-30;487663;218076254.40;VALORES A PAGAR;Outros;;Para negociação;;;;;;199712463.02;;;;VALORES A PAGAR;;;;;;;;;;;
FIIM;34.803.814/0001-86;IT NOW SMALL CAPS FUNDO DE ÍNDICE;2023-06-30;487663;218076254.40;VALORES A RECEBER;Outros;;Para negociação;;;;;;200369280.23;;;;VALORES A RECEBER;;;;;;;;;;;
FIIM;34.803.814/0001-86;IT NOW SMALL CAPS FUNDO DE ÍNDICE;2023-06-30;487663;218076254.40;MERCADO FUTURO - POSIÇÕES COMPRADAS;Contrato Futuro;;Para negociação;0.00;0.00;0.00;0.00;40.00;-4240.00;;;;FUT WIN;;;;;;;;;;;
FIIM;34.803.814/0001-86;IT NOW SMALL CAPS FUNDO DE ÍNDICE;2023-06-30;487663;218076254.40;AÇÕES E OUTROS TVM CEDIDOS EM EMPRÉSTIMO;Ação ordinária;N;Para negociação;;;;;100495.00;1863177.30;;;EMBR3;;;;;;;;1989-08-28;;;;
FIIM;34.803.814/0001-86;IT NOW SMALL CAPS FUNDO DE ÍNDICE;2023-06-30;487663;218076254.40;AÇÕES E OUTROS TVM CEDIDOS EM EMPRÉSTIMO;Ação ordinária;N;Para negociação;;;;;72446.00;1162758.30;;;FLRY3;;;;;;;;2009-12-17;;;;
FIIM;34.803.814/0001-86;IT NOW SMALL CAPS FUNDO DE ÍNDICE;2023-06-30;487663;218076254.40;AÇÕES E OUTROS TVM CEDIDOS EM EMPRÉSTIMO;Ação ordinária;N;Para negociação;;;;;8855.00;42858.20;;;QUAL3;;;;;;;;2011-06-29;;;;
FIIM;34.803.814/0001-86;IT NOW SMALL CAPS FUNDO DE ÍNDICE;2023-06-30;487663;218076254.40;AÇÕES E OUTROS TVM CEDIDOS EM EMPRÉSTIMO;Ação ordinária;N;Para negociação;;;;;26611.00;1017072.42;;;SLCE3;;;;;;;;2007-06-15;;;;
FIIM;34.803.814/0001-86;IT NOW SMALL CAPS FUNDO DE ÍNDICE;2023-06-30;487663;218076254.40;AÇÕES E OUTROS TVM CEDIDOS EM EMPRÉSTIMO;Ação ordinária;N;Para negociação;;;;;12573.00;62865.00;;;SEER3;;;;;;;;2013-10-29;;;;
FIIM;34.803.814/0001-86;IT NOW SMALL CAPS FUNDO DE ÍNDICE;2023-06-30;487663;218076254.40;AÇÕES E OUTROS TVM CEDIDOS EM EMPRÉSTIMO;Ação ordinária;N;Para negociação;;;;;27252.00;185586.12;;;EVEN3;;;;;;;;2007-04-02;;;;
FIIM;34.803.814/0001-86;IT NOW SMALL CAPS FUNDO DE ÍNDICE;2023-06-30;487663;218076254.40;AÇÕES E OUTROS TVM CEDIDOS EM EMPRÉSTIMO;Ação ordinária;N;Para negociação;;;;;31564.00;506602.20;;;CURY3;;;;;;;;2020-09-21;;;;
FIIM;34.803.814/0001-86;IT NOW SMALL CAPS FUNDO DE ÍNDICE;2023-06-30;487663;218076254.40;AÇÕES E OUTROS TVM CEDIDOS EM EMPRÉSTIMO;Ação ordinária;N;Para negociação;;;;;106016.00;263979.84;;;MLAS3;;;;;;;;2021-07-22;;;;
FIIM;34.803.814/0001-86;IT NOW SMALL CAPS FUNDO DE ÍNDICE;2023-06-30;487663;218076254.40;AÇÕES E OUTROS TVM CEDIDOS EM EMPRÉSTIMO;Ação ordinária;N;Para negociação;;;;;20756.00;221258.96;;;MATD3;;;;;;;;2021-04-16;;;;
FIIM;34.803.814/0001-86;IT NOW SMALL CAPS FUNDO DE ÍNDICE;2023-06-30;487663;218076254.40;AÇÕES E OUTROS TVM CEDIDOS EM EMPRÉSTIMO;Ação ordinária;N;Para negociação;;;;;133017.00;1056154.98;;;BOAS3;;;;;;;;2020-09-30;;;;
FIIM;34.803.814/0001-86;IT NOW SMALL CAPS FUNDO DE ÍNDICE;2023-06-30;487663;218076254.40;AÇÕES E OUTROS TVM CEDIDOS EM EMPRÉSTIMO;Ação ordinária;N;Para negociação;;;;;15545.00;86430.20;;;TRIS3;;;;;;;;2007-10-15;;;;
FIIM;34.803.814/0001-86;IT NOW SMALL CAPS FUNDO DE ÍNDICE;2023-06-30;487663;218076254.40;AÇÕES E OUTROS TVM CEDIDOS EM EMPRÉSTIMO;Ação ordinária;N;Para negociação;;;;;400.00;5120.00;;;PNVL3;;;;;;;;1984-08-03;;;;
FIIM;34.803.814/0001-86;IT NOW SMALL CAPS FUNDO DE ÍNDICE;2023-06-30;487663;218076254.40;AÇÕES E OUTROS TVM CEDIDOS EM EMPRÉSTIMO;Ação ordinária;N;Para negociação;;;;;19157.00;176627.54;;;POSI3;;;;;;;;2006-12-11;;;;
FIIM;34.803.814/0001-86;IT NOW SMALL CAPS FUNDO DE ÍNDICE;2023-06-30;487663;218076254.40;AÇÕES E OUTROS TVM CEDIDOS EM EMPRÉSTIMO;Ação ordinária;N;Para negociação;;;;;11578.00;252168.84;;;AMBP3;;;;;;;;2020-07-13;;;;
FIIM;34.803.814/0001-86;IT NOW SMALL CAPS FUNDO DE ÍNDICE;2023-06-30;487663;218076254.40;AÇÕES E OUTROS TVM CEDIDOS EM EMPRÉSTIMO;Ação ordinária;N;Para negociação;;;;;13634.00;357483.48;;;TUPY3;;;;;;;;1973-06-13;;;;
FIIM;34.803.814/0001-86;IT NOW SMALL CAPS FUNDO DE ÍNDICE;2023-06-30;487663;218076254.40;AÇÕES E OUTROS TVM CEDIDOS EM EMPRÉSTIMO;Ação ordinária;N;Para negociação;;;;;12890.00;45243.90;;;CVCB3;;;;;;;;2013-12-09;;;;
FIIM;34.803.814/0001-86;IT NOW SMALL CAPS FUNDO DE ÍNDICE;2023-06-30;487663;218076254.40;AÇÕES E OUTROS TVM CEDIDOS EM EMPRÉSTIMO;Ação ordinária;N;Para negociação;;;;;21205.00;455907.50;;;SMFT3;;;;;;;;2018-02-26;;;;
FIIM;34.803.814/0001-86;IT NOW SMALL CAPS FUNDO DE ÍNDICE;2023-06-30;487663;218076254.40;AÇÕES E OUTROS TVM CEDIDOS EM EMPRÉSTIMO;Ação ordinária;N;Para negociação;;;;;24570.00;605650.50;;;ALSO3;;;;;;;;2019-08-06;;;;
FIIM;34.803.814/0001-86;IT NOW SMALL CAPS FUNDO DE ÍNDICE;2023-06-30;487663;218076254.40;AÇÕES E OUTROS TVM CEDIDOS EM EMPRÉSTIMO;Ação ordinária;N;Para negociação;;;;;20651.00;112134.93;;;CEAB3;;;;;;;;2019-10-28;;;;
FIIM;34.803.814/0001-86;IT NOW SMALL CAPS FUNDO DE ÍNDICE;2023-06-30;487663;218076254.40;AÇÕES E OUTROS TVM CEDIDOS EM EMPRÉSTIMO;Ação ordinária;N;Para negociação;;;;;76880.00;608889.60;;;GMAT3;;;;;;;;2020-10-13;;;;
FIIM;34.803.814/0001-86;IT NOW SMALL CAPS FUNDO DE ÍNDICE;2023-06-30;487663;218076254.40;AÇÕES E OUTROS TVM CEDIDOS EM EMPRÉSTIMO;Ação ordinária;N;Para negociação;;;;;18059.00;768771.63;;;MDIA3;;;;;;;;2006-10-18;;;;
FIIM;34.803.814/0001-86;IT NOW SMALL CAPS FUNDO DE ÍNDICE;2023-06-30;487663;218076254.40;AÇÕES E OUTROS TVM CEDIDOS EM EMPRÉSTIMO;Ação ordinária;N;Para negociação;;;;;48468.00;72217.32;;;SEQL3;;;;;;;;2020-10-07;;;;
FIIM;34.803.814/0001-86;IT NOW SMALL CAPS FUNDO DE ÍNDICE;2023-06-30;487663;218076254.40;AÇÕES E OUTROS TVM CEDIDOS EM EMPRÉSTIMO;Ação ordinária;N;Para negociação;;;;;65967.00;701229.21;;;BEEF3;;;;;;;;2007-07-20;;;;
FIIM;34.803.814/0001-86;IT NOW SMALL CAPS FUNDO DE ÍNDICE;2023-06-30;487663;218076254.40;AÇÕES E OUTROS TVM CEDIDOS EM EMPRÉSTIMO;Ação ordinária;N;Para negociação;;;;;13380.00;135138.00;;;ONCO3;;;;;;;;2021-08-10;;;;
FIIM;34.803.814/0001-86;IT NOW SMALL CAPS FUNDO DE ÍNDICE;2023-06-30;487663;218076254.40;AÇÕES E OUTROS TVM CEDIDOS EM EMPRÉSTIMO;Ação ordinária;N;Para negociação;;;;;165486.00;1681337.76;;;STBP3;;;;;;;;2007-11-21;;;;
FIIM;34.803.814/0001-86;IT NOW SMALL CAPS FUNDO DE ÍNDICE;2023-06-30;487663;218076254.40;AÇÕES E OUTROS TVM CEDIDOS EM EMPRÉSTIMO;Ação ordinária;N;Para negociação;;;;;22095.00;754544.25;;;SMTO3;;;;;;;;2007-02-12;;;;
FIIM;34.803.814/0001-86;IT NOW SMALL CAPS FUNDO DE ÍNDICE;2023-06-30;487663;218076254.40;AÇÕES E OUTROS TVM CEDIDOS EM EMPRÉSTIMO;Ação ordinária;N;Para negociação;;;;;62495.00;113740.90;;;ESPA3;;;;;;;;2021-02-01;;;;
FIIM;34.803.814/0001-86;IT NOW SMALL CAPS FUNDO DE ÍNDICE;2023-06-30;487663;218076254.40;AÇÕES E OUTROS TVM CEDIDOS EM EMPRÉSTIMO;Ação ordinária;N;Para negociação;;;;;42326.00;634043.48;;;ARML3;;;;;;;;2021-07-28;;;;
FIIM;34.803.814/0001-86;IT NOW SMALL CAPS FUNDO DE ÍNDICE;2023-06-30;487663;218076254.40;AÇÕES E OUTROS TVM CEDIDOS EM EMPRÉSTIMO;Ação ordinária;N;Para negociação;;;;;29735.00;769839.15;;;INTB3;;;;;;;;2021-02-04;;;;
FIIM;34.803.814/0001-86;IT NOW SMALL CAPS FUNDO DE ÍNDICE;2023-06-30;487663;218076254.40;AÇÕES E OUTROS TVM CEDIDOS EM EMPRÉSTIMO;Ação ordinária;N;Para negociação;;;;;39.00;3168.36;;;BRPR3;;;;;;;;2007-04-23;;;;
FIIM;34.803.814/0001-86;IT NOW SMALL CAPS FUNDO DE ÍNDICE;2023-06-30;487663;218076254.40;AÇÕES E OUTROS TVM CEDIDOS EM EMPRÉSTIMO;Ação ordinária;N;Para negociação;;;;;71958.00;617399.64;;;LWSA3;;;;;;;;2020-02-06;;;;
FIIM;34.803.814/0001-86;IT NOW SMALL CAPS FUNDO DE ÍNDICE;2023-06-30;487663;218076254.40;AÇÕES E OUTROS TVM CEDIDOS EM EMPRÉSTIMO;Ação ordinária;N;Para negociação;;;;;75322.00;495618.76;;;PETZ3;;;;;;;;2020-09-11;;;;
FIIM;34.803.814/0001-86;IT NOW SMALL CAPS FUNDO DE ÍNDICE;2023-06-30;487663;218076254.40;AÇÕES E OUTROS TVM CEDIDOS EM EMPRÉSTIMO;Ação ordinária;N;Para negociação;;;;;67252.00;844012.60;;;ODPV3;;;;;;;;2006-12-01;;;;
FIIM;34.803.814/0001-86;IT NOW SMALL CAPS FUNDO DE ÍNDICE;2023-06-30;487663;218076254.40;AÇÕES E OUTROS TVM CEDIDOS EM EMPRÉSTIMO;Ação ordinária;N;Para negociação;;;;;125385.00;1504620.00;;;SOMA3;;;;;;;;2020-07-31;;;;
FIIM;34.803.814/0001-86;IT NOW SMALL CAPS FUNDO DE ÍNDICE;2023-06-30;487663;218076254.40;AÇÕES E OUTROS TVM CEDIDOS EM EMPRÉSTIMO;Ação ordinária;N;Para negociação;;;;;8395.00;58429.20;;;PTBL3;;;;;;;;1991-11-11;;;;
FIIM;34.803.814/0001-86;IT NOW SMALL CAPS FUNDO DE ÍNDICE;2023-06-30;487663;218076254.40;AÇÕES E OUTROS TVM CEDIDOS EM EMPRÉSTIMO;Ação ordinária;N;Para negociação;;;;;18598.00;365450.70;;;DIRR3;;;;;;;;2009-11-19;;;;
FIIM;34.803.814/0001-86;IT NOW SMALL CAPS FUNDO DE ÍNDICE;2023-06-30;487663;218076254.40;AÇÕES E OUTROS TVM CEDIDOS EM EMPRÉSTIMO;Ação ordinária;N;Para negociação;;;;;64375.00;269731.25;;;ANIM3;;;;;;;;2013-10-28;;;;
FIIM;34.803.814/0001-86;IT NOW SMALL CAPS FUNDO DE ÍNDICE;2023-06-30;487663;218076254.40;AÇÕES E OUTROS TVM CEDIDOS EM EMPRÉSTIMO;Ação ordinária;N;Para negociação;;;;;15517.00;362942.63;;;LOGG3;;;;;;;;2018-12-21;;;;
FIIM;34.803.814/0001-86;IT NOW SMALL CAPS FUNDO DE ÍNDICE;2023-06-30;487663;218076254.40;AÇÕES E OUTROS TVM CEDIDOS EM EMPRÉSTIMO;Ação ordinária;N;Para negociação;;;;;24421.00;280841.50;;;TEND3;;;;;;;;2007-10-15;;;;
FIIM;34.803.814/0001-86;IT NOW SMALL CAPS FUNDO DE ÍNDICE;2023-06-30;487663;218076254.40;AÇÕES E OUTROS TVM CEDIDOS EM EMPRÉSTIMO;Ação ordinária;N;Para negociação;;;;;58400.00;297256.00;;;JHSF3;;;;;;;;2007-04-12;;;;
FIIM;34.803.814/0001-86;IT NOW SMALL CAPS FUNDO DE ÍNDICE;2023-06-30;487663;218076254.40;AÇÕES E OUTROS TVM CEDIDOS EM EMPRÉSTIMO;Ação ordinária;N;Para negociação;;;;;46750.00;442255.00;;;KEPL3;;;;;;;;1981-02-13;;;;
FIIM;34.803.814/0001-86;IT NOW SMALL CAPS FUNDO DE ÍNDICE;2023-06-30;487663;218076254.40;AÇÕES E OUTROS TVM CEDIDOS EM EMPRÉSTIMO;Ação ordinária;N;Para negociação;;;;;49356.00;1043879.40;;;CSMG3;;;;;;;;2006-02-08;;;;
FIIM;34.803.814/0001-86;IT NOW SMALL CAPS FUNDO DE ÍNDICE;2023-06-30;487663;218076254.40;AÇÕES E OUTROS TVM CEDIDOS EM EMPRÉSTIMO;Ação ordinária;N;Para negociação;;;;;83846.00;143376.66;;;IFCM3;;;;;;;;2021-05-04;;;;
FIIM;34.803.814/0001-86;IT NOW SMALL CAPS FUNDO DE ÍNDICE;2023-06-30;487663;218076254.40;AÇÕES E OUTROS TVM CEDIDOS EM EMPRÉSTIMO;Ação ordinária;N;Para negociação;;;;;26166.00;242558.82;;;RANI3;;;;;;;;1981-06-10;;;;
FIIM;34.803.814/0001-86;IT NOW SMALL CAPS FUNDO DE ÍNDICE;2023-06-30;487663;218076254.40;AÇÕES E OUTROS TVM CEDIDOS EM EMPRÉSTIMO;Ação ordinária;N;Para negociação;;;;;281827.00;2511078.57;;;BRFS3;;;;;;;;2009-12-10;;;;
FIIM;34.803.814/0001-86;IT NOW SMALL CAPS FUNDO DE ÍNDICE;2023-06-30;487663;218076254.40;AÇÕES E OUTROS TVM CEDIDOS EM EMPRÉSTIMO;Ação ordinária;N;Para negociação;;;;;7772.00;144636.92;;;BLAU3;;;;;;;;2021-04-19;;;;
FIIM;34.803.814/0001-86;IT NOW SMALL CAPS FUNDO DE ÍNDICE;2023-06-30;487663;218076254.40;AÇÕES E OUTROS TVM CEDIDOS EM EMPRÉSTIMO;Ação ordinária;N;Para negociação;;;;;13243.00;292802.73;;;SQIA3;;;;;;;;2019-02-18;;;;
FIIM;34.803.814/0001-86;IT NOW SMALL CAPS FUNDO DE ÍNDICE;2023-06-30;487663;218076254.40;AÇÕES E OUTROS TVM CEDIDOS EM EMPRÉSTIMO;Ação ordinária;N;Para negociação;;;;;166018.00;527937.24;;;HBSA3;;;;;;;;2020-09-25;;;;
FIIM;34.803.814/0001-86;IT NOW SMALL CAPS FUNDO DE ÍNDICE;2023-06-30;487663;218076254.40;AÇÕES E OUTROS TVM CEDIDOS EM EMPRÉSTIMO;Ação ordinária;N;Para negociação;;;;;303546.00;989559.96;;;COGN3;;;;;;;;2019-10-11;;;;
FIIM;34.803.814/0001-86;IT NOW SMALL CAPS FUNDO DE ÍNDICE;2023-06-30;487663;218076254.40;AÇÕES E OUTROS TVM CEDIDOS EM EMPRÉSTIMO;Ação ordinária;N;Para negociação;;;;;24340.00;448342.80;;;EZTC3;;;;;;;;2007-06-22;;;;
FIIM;34.803.814/0001-86;IT NOW SMALL CAPS FUNDO DE ÍNDICE;2023-06-30;487663;218076254.40;AÇÕES E OUTROS TVM CEDIDOS EM EMPRÉSTIMO;Ação ordinária;N;Para negociação;;;;;22862.00;270457.46;;;DASA3;;;;;;;;2004-11-19;;;;
FIIM;34.803.814/0001-86;IT NOW SMALL CAPS FUNDO DE ÍNDICE;2023-06-30;487663;218076254.40;AÇÕES E OUTROS TVM CEDIDOS EM EMPRÉSTIMO;Ação ordinária;N;Para negociação;;;;;19307.00;144416.36;;;GRND3;;;;;;;;2004-10-29;;;;
FIIM;34.803.814/0001-86;IT NOW SMALL CAPS FUNDO DE ÍNDICE;2023-06-30;487663;218076254.40;AÇÕES E OUTROS TVM CEDIDOS EM EMPRÉSTIMO;Ação ordinária;N;Para negociação;;;;;7567.00;53423.02;;;LAVV3;;;;;;;;2020-09-02;;;;
FIIM;34.803.814/0001-86;IT NOW SMALL CAPS FUNDO DE ÍNDICE;2023-06-30;487663;218076254.40;AÇÕES E OUTROS TVM CEDIDOS EM EMPRÉSTIMO;Ação ordinária;N;Para negociação;;;;;15778.00;295206.38;;;PCAR3;;;;;;;;1995-10-03;;;;
FIIM;34.803.814/0001-86;IT NOW SMALL CAPS FUNDO DE ÍNDICE;2023-06-30;487663;218076254.40;AÇÕES E OUTROS TVM CEDIDOS EM EMPRÉSTIMO;Ação ordinária;N;Para negociação;;;;;42929.00;312093.83;;;MRFG3;;;;;;;;2007-06-28;;;;
FIIM;34.803.814/0001-86;IT NOW SMALL CAPS FUNDO DE ÍNDICE;2023-06-30;487663;218076254.40;AÇÕES E OUTROS TVM CEDIDOS EM EMPRÉSTIMO;Ação ordinária;N;Para negociação;;;;;21849.00;246238.23;;;MILS3;;;;;;;;2010-04-16;;;;
FIIM;34.803.814/0001-86;IT NOW SMALL CAPS FUNDO DE ÍNDICE;2023-06-30;487663;218076254.40;AÇÕES E OUTROS TVM CEDIDOS EM EMPRÉSTIMO;Ação ordinária;N;Para negociação;;;;;392848.00;844623.20;;;VIIA3;;;;;;;;2021-08-16;;;;
FIIM;34.803.814/0001-86;IT NOW SMALL CAPS FUNDO DE ÍNDICE;2023-06-30;487663;218076254.40;AÇÕES E OUTROS TVM CEDIDOS EM EMPRÉSTIMO;Ação ordinária;N;Para negociação;;;;;10472.00;70162.40;;;CLSA3;;;;;;;;2021-07-30;;;;
FIIM;34.803.814/0001-86;IT NOW SMALL CAPS FUNDO DE ÍNDICE;2023-06-30;487663;218076254.40;AÇÕES E OUTROS TVM CEDIDOS EM EMPRÉSTIMO;Ação ordinária;N;Para negociação;;;;;13298.00;102660.56;;;GUAR3;;;;;;;;1973-05-14;;;;
FIIM;34.803.814/0001-86;IT NOW SMALL CAPS FUNDO DE ÍNDICE;2023-06-30;487663;218076254.40;AÇÕES E OUTROS TVM CEDIDOS EM EMPRÉSTIMO;Ação ordinária;N;Para negociação;;;;;68642.00;177096.36;;;MEAL3;;;;;;;;2015-03-31;;;;
FIIM;34.803.814/0001-86;IT NOW SMALL CAPS FUNDO DE ÍNDICE;2023-06-30;487663;218076254.40;AÇÕES E OUTROS TVM CEDIDOS EM EMPRÉSTIMO;Ação ordinária;N;Para negociação;;;;;39666.00;160647.30;;;PGMN3;;;;;;;;2020-09-02;;;;
FIIM;34.803.814/0001-86;IT NOW SMALL CAPS FUNDO DE ÍNDICE;2023-06-30;487663;218076254.40;AÇÕES E OUTROS TVM CEDIDOS EM EMPRÉSTIMO;Ação ordinária;N;Para negociação;;;;;11289.00;78119.88;;;GFSA3;;;;;;;;2006-01-26;;;;
FIIM;34.803.814/0001-86;IT NOW SMALL CAPS FUNDO DE ÍNDICE;2023-06-30;487663;218076254.40;AÇÕES E OUTROS TVM CEDIDOS EM EMPRÉSTIMO;Ação ordinária;N;Para negociação;;;;;10437.00;297245.76;;;VIVA3;;;;;;;;2019-10-10;;;;
FIIM;34.803.814/0001-86;IT NOW SMALL CAPS FUNDO DE ÍNDICE;2023-06-30;487663;218076254.40;AÇÕES E OUTROS TVM CEDIDOS EM EMPRÉSTIMO;Ação ordinária;N;Para negociação;;;;;72191.00;602794.85;;;DXCO3;;;;;;;;2021-08-19;;;;
FIIM;34.803.814/0001-86;IT NOW SMALL CAPS FUNDO DE ÍNDICE;2023-06-30;487663;218076254.40;AÇÕES E OUTROS TVM CEDIDOS EM EMPRÉSTIMO;Ação ordinária;N;Para negociação;;;;;5029.00;187531.41;;;ORVR3;;;;;;;;2021-02-17;;;;
FIIM;34.803.814/0001-86;IT NOW SMALL CAPS FUNDO DE ÍNDICE;2023-06-30;487663;218076254.40;AÇÕES E OUTROS TVM CEDIDOS EM EMPRÉSTIMO;Ação ordinária;N;Para negociação;;;;;14710.00;103852.60;;;CAML3;;;;;;;;2017-09-28;;;;
FIIM;34.803.814/0001-86;IT NOW SMALL CAPS FUNDO DE ÍNDICE;2023-06-30;487663;218076254.40;AÇÕES E OUTROS TVM CEDIDOS EM EMPRÉSTIMO;Ação ordinária;N;Para negociação;;;;;7478.00;106112.82;;;BMOB3;;;;;;;;2021-02-10;;;;
FIIM;34.803.814/0001-86;IT NOW SMALL CAPS FUNDO DE ÍNDICE;2023-06-30;487663;218076254.40;AÇÕES E OUTROS TVM CEDIDOS EM EMPRÉSTIMO;Ação ordinária;N;Para negociação;;;;;1789.00;91811.48;;;LOGN3;;;;;;;;2007-06-21;;;;
FIIM;34.803.814/0001-86;IT NOW SMALL CAPS FUNDO DE ÍNDICE;2023-06-30;487663;218076254.40;AÇÕES E OUTROS TVM CEDIDOS EM EMPRÉSTIMO;Ação ordinária;N;Para negociação;;;;;15836.00;1252152.52;;;ARZZ3;;;;;;;;2011-02-02;;;;
FIIM;34.803.814/0001-86;IT NOW SMALL CAPS FUNDO DE ÍNDICE;2023-06-30;487663;218076254.40;AÇÕES E OUTROS TVM CEDIDOS EM EMPRÉSTIMO;Ação ordinária;N;Para negociação;;;;;16980.00;212080.20;;;MYPK3;;;;;;;;1984-09-14;;;;
FIIM;34.803.814/0001-86;IT NOW SMALL CAPS FUNDO DE ÍNDICE;2023-06-30;487663;218076254.40;AÇÕES E OUTROS TVM CEDIDOS EM EMPRÉSTIMO;Ação ordinária;N;Para negociação;;;;;23284.00;37952.92;;;TRAD3;;;;;;;;2021-07-28;;;;
FIIM;34.803.814/0001-86;IT NOW SMALL CAPS FUNDO DE ÍNDICE;2023-06-30;487663;218076254.40;AÇÕES E OUTROS TVM CEDIDOS EM EMPRÉSTIMO;Ação ordinária;N;Para negociação;;;;;80549.00;523568.50;;;ECOR3;;;;;;;;2010-04-01;;;;
FIIM;34.803.814/0001-86;IT NOW SMALL CAPS FUNDO DE ÍNDICE;2023-06-30;487663;218076254.40;AÇÕES E OUTROS TVM CEDIDOS EM EMPRÉSTIMO;Ação ordinária;N;Para negociação;;;;;14545.00;356497.95;;;AGRO3;;;;;;;;2006-05-02;;;;
FIIM;34.803.814/0001-86;IT NOW SMALL CAPS FUNDO DE ÍNDICE;2023-06-30;487663;218076254.40;AÇÕES E OUTROS TVM CEDIDOS EM EMPRÉSTIMO;Ação ordinária;N;Para negociação;;;;;40541.00;957578.42;;;ENBR3;;;;;;;;2005-07-13;;;;
FIIM;34.803.814/0001-86;IT NOW SMALL CAPS FUNDO DE ÍNDICE;2023-06-30;487663;218076254.40;AÇÕES E OUTROS TVM CEDIDOS EM EMPRÉSTIMO;Ação ordinária;N;Para negociação;;;;;78576.00;887908.80;;;MEGA3;;;;;;;;2021-12-27;;;;
FIIM;34.803.814/0001-86;IT NOW SMALL CAPS FUNDO DE ÍNDICE;2023-06-30;487663;218076254.40;AÇÕES E OUTROS TVM CEDIDOS EM EMPRÉSTIMO;Ação ordinária;N;Para negociação;;;;;29354.00;377198.90;;;TTEN3;;;;;;;;2021-07-12;;;;
FIIM;34.803.814/0001-86;IT NOW SMALL CAPS FUNDO DE ÍNDICE;2023-06-30;487663;218076254.40;AÇÕES E OUTROS TVM CEDIDOS EM EMPRÉSTIMO;Ação ordinária;N;Para negociação;;;;;26088.00;196181.76;;;JALL3;;;;;;;;2021-02-08;;;;
FIIM;34.803.814/0001-86;IT NOW SMALL CAPS FUNDO DE ÍNDICE;2023-06-30;487663;218076254.40;AÇÕES E OUTROS TVM CEDIDOS EM EMPRÉSTIMO;Ação ordinária;N;Para negociação;;;;;11484.00;193046.04;;;ROMI3;;;;;;;;1973-06-22;;;;
FIIM;34.803.814/0001-86;IT NOW SMALL CAPS FUNDO DE ÍNDICE;2023-06-30;487663;218076254.40;AÇÕES E OUTROS TVM CEDIDOS EM EMPRÉSTIMO;Ação ordinária;N;Para negociação;;;;;71061.00;1362239.37;;;RECV3;;;;;;;;2021-05-05;;;;
FIIM;34.803.814/0001-86;IT NOW SMALL CAPS FUNDO DE ÍNDICE;2023-06-30;487663;218076254.40;AÇÕES E OUTROS TVM CEDIDOS EM EMPRÉSTIMO;Ação ordinária;N;Para negociação;;;;;18772.00;146609.32;;;CASH3;;;;;;;;2020-11-05;;;;
FIIM;34.803.814/0001-86;IT NOW SMALL CAPS FUNDO DE ÍNDICE;2023-06-30;487663;218076254.40;AÇÕES E OUTROS TVM CEDIDOS EM EMPRÉSTIMO;Ação ordinária;N;Para negociação;;;;;57287.00;76191.71;;;AERI3;;;;;;;;2020-11-11;;;;
FIIM;34.803.814/0001-86;IT NOW SMALL CAPS FUNDO DE ÍNDICE;2023-06-30;487663;218076254.40;AÇÕES E OUTROS TVM CEDIDOS EM EMPRÉSTIMO;Ação ordinária;N;Para negociação;;;;;9549.00;227266.20;;;AALR3;;;;;;;;2016-10-28;;;;
FIIM;34.803.814/0001-86;IT NOW SMALL CAPS FUNDO DE ÍNDICE;2023-06-30;487663;218076254.40;AÇÕES E OUTROS TVM CEDIDOS EM EMPRÉSTIMO;Ação ordinária;N;Para negociação;;;;;50207.00;253043.28;;;CBAV3;;;;;;;;2021-07-15;;;;
FIIM;34.803.814/0001-86;IT NOW SMALL CAPS FUNDO DE ÍNDICE;2023-06-30;487663;218076254.40;AÇÕES E OUTROS TVM CEDIDOS EM EMPRÉSTIMO;Ação ordinária;N;Para negociação;;;;;35899.00;477097.71;;;SBFG3;;;;;;;;2021-03-31;;;;
FIIM;34.803.814/0001-86;IT NOW SMALL CAPS FUNDO DE ÍNDICE;2023-06-30;487663;218076254.40;AÇÕES E OUTROS TVM CEDIDOS EM EMPRÉSTIMO;Ação ordinária;N;Para negociação;;;;;1851.00;32022.30;;;VULC3;;;;;;;;1973-07-02;;;;
FIIM;34.803.814/0001-86;IT NOW SMALL CAPS FUNDO DE ÍNDICE;2023-06-30;487663;218076254.40;AÇÕES E OUTROS TVM CEDIDOS EM EMPRÉSTIMO;Ação ordinária;N;Para negociação;;;;;45609.00;277758.81;;;LJQQ3;;;;;;;;2020-08-10;;;;
FIIM;34.803.814/0001-86;IT NOW SMALL CAPS FUNDO DE ÍNDICE;2023-06-30;487663;218076254.40;AÇÕES E OUTROS TVM CEDIDOS EM EMPRÉSTIMO;Ação ordinária;N;Para negociação;;;;;61944.00;556876.56;;;SIMH3;;;;;;;;2020-09-18;;;;
FIIM;34.803.814/0001-86;IT NOW SMALL CAPS FUNDO DE ÍNDICE;2023-06-30;487663;218076254.40;AÇÕES E OUTROS TVM CEDIDOS EM EMPRÉSTIMO;Ação ordinária;N;Para negociação;;;;;61065.00;1822790.25;;;RRRP3;;;;;;;;2020-11-12;;;;
FIIM;34.803.814/0001-86;IT NOW SMALL CAPS FUNDO DE ÍNDICE;2023-06-30;487663;218076254.40;AÇÕES E OUTROS TVM CEDIDOS EM EMPRÉSTIMO;Ação ordinária;N;Para negociação;;;;;52232.00;237655.60;;;ZAMP3;;;;;;;;2022-10-26;;;;
FIIM;34.803.814/0001-86;IT NOW SMALL CAPS FUNDO DE ÍNDICE;2023-06-30;487663;218076254.40;AÇÕES E OUTROS TVM CEDIDOS EM EMPRÉSTIMO;Ação ordinária;N;Para negociação;;;;;18530.00;806981.50;;;IRBR3;;;;;;;;2017-07-31;;;;
FIIM;34.803.814/0001-86;IT NOW SMALL CAPS FUNDO DE ÍNDICE;2023-06-30;487663;218076254.40;AÇÕES E OUTROS TVM CEDIDOS EM EMPRÉSTIMO;Ação ordinária;N;Para negociação;;;;;78242.00;905259.94;;;MRVE3;;;;;;;;2007-07-23;;;;
FIIM;34.803.814/0001-86;IT NOW SMALL CAPS FUNDO DE ÍNDICE;2023-06-30;487663;218076254.40;AÇÕES E OUTROS TVM CEDIDOS EM EMPRÉSTIMO;Ação ordinária;N;Para negociação;;;;;71127.00;1409737.14;;;YDUQ3;;;;;;;;2019-07-23;;;;
FIIM;34.803.814/0001-86;IT NOW SMALL CAPS FUNDO DE ÍNDICE;2023-06-30;487663;218076254.40;AÇÕES E OUTROS TVM CEDIDOS EM EMPRÉSTIMO;Ação ordinária;N;Para negociação;;;;;71509.00;1439476.17;;;CYRE3;;;;;;;;1996-05-27;;;;
FIIM;34.803.814/0001-86;IT NOW SMALL CAPS FUNDO DE ÍNDICE;2023-06-30;487663;218076254.40;AÇÕES E OUTROS TVM CEDIDOS EM EMPRÉSTIMO;Ação ordinária;N;Para negociação;;;;;53084.00;896588.76;;;GGPS3;;;;;;;;2021-04-26;;;;
FIIM;34.803.814/0001-86;IT NOW SMALL CAPS FUNDO DE ÍNDICE;2023-06-30;487663;218076254.40;AÇÕES E OUTROS TVM CEDIDOS EM EMPRÉSTIMO;Ação ordinária;N;Para negociação;;;;;17583.00;110772.90;;;WIZC3;;;;;;;;2023-02-09;;;;
FIIM;34.803.814/0001-86;IT NOW SMALL CAPS FUNDO DE ÍNDICE;2023-06-30;487663;218076254.40;AÇÕES E OUTROS TVM CEDIDOS EM EMPRÉSTIMO;Ação ordinária;N;Para negociação;;;;;19369.00;266130.06;;;ENAT3;;;;;;;;2019-04-24;;;;
FIIM;34.803.814/0001-86;IT NOW SMALL CAPS FUNDO DE ÍNDICE;2023-06-30;487663;218076254.40;AÇÕES E OUTROS TVM CEDIDOS EM EMPRÉSTIMO;Ação ordinária;N;Para negociação;;;;;9727.00;452694.58;;;LEVE3;;;;;;;;1973-04-30;;;;
FIIM;34.803.814/0001-86;IT NOW SMALL CAPS FUNDO DE ÍNDICE;2023-06-30;487663;218076254.40;AÇÕES E OUTROS TVM CEDIDOS EM EMPRÉSTIMO;Ação ordinária;N;Para negociação;;;;;51359.00;629147.75;;;AESB3;;;;;;;;2021-03-29;;;;
FIIM;34.803.814/0001-86;IT NOW SMALL CAPS FUNDO DE ÍNDICE;2023-06-30;487663;218076254.40;AÇÕES E OUTROS TVM CEDIDOS EM EMPRÉSTIMO;Ação ordinária;N;Para negociação;;;;;34544.00;363748.32;;;MOVI3;;;;;;;;2017-02-08;;;;
FIIM;34.803.814/0001-86;IT NOW SMALL CAPS FUNDO DE ÍNDICE;2023-06-30;487663;218076254.40;AÇÕES E OUTROS TVM CEDIDOS EM EMPRÉSTIMO;Ação preferencial;N;Para negociação;;;;;36045.00;438667.65;;;RAPT4;;;;;;;;1993-03-19;;;;
FIIM;34.803.814/0001-86;IT NOW SMALL CAPS FUNDO DE ÍNDICE;2023-06-30;487663;218076254.40;AÇÕES E OUTROS TVM CEDIDOS EM EMPRÉSTIMO;Ação preferencial;N;Para negociação;;;;;55235.00;1207437.10;;;AZUL4;;;;;;;;2017-04-11;;;;
FIIM;34.803.814/0001-86;IT NOW SMALL CAPS FUNDO DE ÍNDICE;2023-06-30;487663;218076254.40;AÇÕES E OUTROS TVM CEDIDOS EM EMPRÉSTIMO;Ação preferencial;N;Para negociação;;;;;61446.00;1364715.66;;;BRAP4;;;;;;;;2000-08-10;;;;
FIIM;34.803.814/0001-86;IT NOW SMALL CAPS FUNDO DE ÍNDICE;2023-06-30;487663;218076254.40;AÇÕES E OUTROS TVM CEDIDOS EM EMPRÉSTIMO;Ação preferencial;N;Para negociação;;;;;77718.00;918626.76;;;GOAU4;;;;;;;;1973-08-27;;;;
FIIM;34.803.814/0001-86;IT NOW SMALL CAPS FUNDO DE ÍNDICE;2023-06-30;487663;218076254.40;AÇÕES E OUTROS TVM CEDIDOS EM EMPRÉSTIMO;Ação preferencial;N;Para negociação;;;;;4729.00;229214.63;;;FESA4;;;;;;;;1979-01-31;;;;
FIIM;34.803.814/0001-86;IT NOW SMALL CAPS FUNDO DE ÍNDICE;2023-06-30;487663;218076254.40;AÇÕES E OUTROS TVM CEDIDOS EM EMPRÉSTIMO;Ação preferencial;N;Para negociação;;;;;32449.00;427353.33;;;GOLL4;;;;;;;;2004-06-24;;;;
FIIM;34.803.814/0001-86;IT NOW SMALL CAPS FUNDO DE ÍNDICE;2023-06-30;487663;218076254.40;AÇÕES E OUTROS TVM CEDIDOS EM EMPRÉSTIMO;Ação preferencial;N;Para negociação;;;;;39908.00;598620.00;;;BRSR6;;;;;;;;2007-09-03;;;;
FIIM;34.803.814/0001-86;IT NOW SMALL CAPS FUNDO DE ÍNDICE;2023-06-30;487663;218076254.40;AÇÕES E OUTROS TVM CEDIDOS EM EMPRÉSTIMO;Ação preferencial;N;Para negociação;;;;;143242.00;746290.82;;;POMO4;;;;;;;;1978-07-20;;;;
FIIM;34.803.814/0001-86;IT NOW SMALL CAPS FUNDO DE ÍNDICE;2023-06-30;487663;218076254.40;AÇÕES E OUTROS TVM CEDIDOS EM EMPRÉSTIMO;Ação preferencial;N;Para negociação;;;;;135475.00;957808.25;;;USIM5;;;;;;;;1999-02-02;;;;
FIIM;34.803.814/0001-86;IT NOW SMALL CAPS FUNDO DE ÍNDICE;2023-06-30;487663;218076254.40;AÇÕES E OUTROS TVM CEDIDOS EM EMPRÉSTIMO;Ação preferencial;N;Para negociação;;;;;89248.00;816619.20;;;BPAN4;;;;;;;;2014-08-05;;;;
FIIM;34.803.814/0001-86;IT NOW SMALL CAPS FUNDO DE ÍNDICE;2023-06-30;487663;218076254.40;AÇÕES E OUTROS TVM CEDIDOS EM EMPRÉSTIMO;Ação preferencial;N;Para negociação;;;;;11818.00;935276.52;;;UNIP6;;;;;;;;1980-06-04;;;;
FIIM;34.803.814/0001-86;IT NOW SMALL CAPS FUNDO DE ÍNDICE;2023-06-30;487663;218076254.40;AÇÕES E OUTROS TVM CEDIDOS EM EMPRÉSTIMO;Ação preferencial;N;Para negociação;;;;;18038.00;271832.66;;;TASA4;;;;;;;;2019-11-12;;;;
FIIM;34.803.814/0001-86;IT NOW SMALL CAPS FUNDO DE ÍNDICE;2023-06-30;487663;218076254.40;AÇÕES E OUTROS TVM CEDIDOS EM EMPRÉSTIMO;Ação preferencial;N;Para negociação;;;;;17214.00;328270.98;;;ABCB4;;;;;;;;2007-07-25;;;;
FIIM;34.803.814/0001-86;IT NOW SMALL CAPS FUNDO DE ÍNDICE;2023-06-30;487663;218076254.40;AÇÕES E OUTROS TVM CEDIDOS EM EMPRÉSTIMO;Certificado de depósito de ações;N;Para negociação;;;;;40613.00;887800.18;;;SAPR11;;;;;;;;2017-11-17;;;;
FIIM;34.803.814/0001-86;IT NOW SMALL CAPS FUNDO DE ÍNDICE;2023-06-30;487663;218076254.40;AÇÕES E OUTROS TVM CEDIDOS EM EMPRÉSTIMO;Certificado de depósito de ações;N;Para negociação;;;;;36463.00;817500.46;;;IGTI11;;;;;;;;2021-11-22;;;;
FIIM;34.803.814/0001-86;IT NOW SMALL CAPS FUNDO DE ÍNDICE;2023-06-30;487663;218076254.40;AÇÕES E OUTROS TVM CEDIDOS EM EMPRÉSTIMO;Certificado de depósito de ações;N;Para negociação;;;;;29343.00;879703.14;;;ALUP11;;;;;;;;2013-04-24;;;;
FIIM;34.803.814/0001-86;IT NOW SMALL CAPS FUNDO DE ÍNDICE;2023-06-30;487663;218076254.40;AÇÕES E OUTROS TVM CEDIDOS EM EMPRÉSTIMO;Certificado de depósito de ações;N;Para negociação;;;;;55942.00;2105656.88;;;TAEE11;;;;;;;;2012-05-28;;;;
FIIM;34.803.814/0001-86;IT NOW SMALL CAPS FUNDO DE ÍNDICE;2023-06-30;487663;218076254.40;CERTIFICADO OU RECIBO DE DEPÓSITO DE VALORES MOBILIÁRIOS;Certificado de depósito de ações;N;Para negociação;0.00;0.00;0.00;0.00;95496.00;2087542.56;;;SAPR11;;;;;;;;2017-11-17;;;;
FIIM;34.803.814/0001-86;IT NOW SMALL CAPS FUNDO DE ÍNDICE;2023-06-30;487663;218076254.40;CERTIFICADO OU RECIBO DE DEPÓSITO DE VALORES MOBILIÁRIOS;Certificado de depósito de ações;N;Para negociação;0.00;0.00;0.00;0.00;109560.00;2456335.20;;;IGTI11;;;;;;;;2021-11-22;;;;
FIIM;34.803.814/0001-86;IT NOW SMALL CAPS FUNDO DE ÍNDICE;2023-06-30;487663;218076254.40;CERTIFICADO OU RECIBO DE DEPÓSITO DE VALORES MOBILIÁRIOS;Certificado de depósito de ações;N;Para negociação;0.00;0.00;0.00;0.00;69246.00;2075995.08;;;ALUP11;;;;;;;;2013-04-24;;;;
FIIM;34.803.814/0001-86;IT NOW SMALL CAPS FUNDO DE ÍNDICE;2023-06-30;487663;218076254.40;CERTIFICADO OU RECIBO DE DEPÓSITO DE VALORES MOBILIÁRIOS;Certificado de depósito de ações;N;Para negociação;0.00;0.00;0.00;0.00;92026.00;3463858.64;;;TAEE11;;;;;;;;2012-05-28;;;;
FIIM;35.578.672/0001-63;TREND ETF NASDAQ 100 FUNDO DE INVESTIMENTO DE INDICE - INVESTIMENTO NO EXTERIOR;2023-06-30;487963;111299646.09;COTAS DE FUNDOS;;N;;2175.59;263415.05;1729.01;208763.26;914.04;111248.26;;;;;;PJ;43105440000116;BNP Paribas Soberano II FIC FI RF Simples;;;;;;;
FIIM;36.046.508/0001-78;TREND ETF IFIX FUNDO DE INDICE;2023-06-30;488338;30430598.14;DISPONIBILIDADES;Outros;;Para negociação;;;;;;3000.00;;2023-09-28;;Disponibilidade;;;;;;;;;;;
FIIM;36.046.508/0001-78;TREND ETF IFIX FUNDO DE INDICE;2023-06-30;488338;30430598.14;VALORES A PAGAR;Outros;;Para negociação;;;;;;229249.63;;2023-09-28;;Valores a Pagar;;;;;;;;;;;
FIIM;36.046.508/0001-78;TREND ETF IFIX FUNDO DE INDICE;2023-06-30;488338;30430598.14;VALORES A RECEBER;Outros;;Para negociação;;;;;;279821.08;;2023-09-28;;Valores a Receber;;;;;;;;;;;
FIIM;36.046.508/0001-78;TREND ETF IFIX FUNDO DE INDICE;2023-06-30;488338;30430598.14;AÇÕES E OUTROS TVM CEDIDOS EM EMPRÉSTIMO;Ação ordinária;N;Para negociação;;;;;3830.00;41747.00;;2023-09-28;;MXRF11;;PJ;97521225000125;MAXI RENDA FDO INV IMOB - FII;;;;;;;
FIIM;36.046.508/0001-78;TREND ETF IFIX FUNDO DE INDICE;2023-06-30;488338;30430598.14;AÇÕES E OUTROS TVM CEDIDOS EM EMPRÉSTIMO;Ação ordinária;N;Para negociação;;;;;10.00;950.00;;2023-09-28;;RZAT11;;PJ;28267696000136;RIZA ARCTIUM REAL ESTATE FDO INV IMOB;;;;;;;
FIIM;36.046.508/0001-78;TREND ETF IFIX FUNDO DE INDICE;2023-06-30;488338;30430598.14;AÇÕES E OUTROS TVM CEDIDOS EM EMPRÉSTIMO;Ação ordinária;N;Para negociação;;;;;1230.00;129752.70;;2023-09-28;;XPML11;;PJ;28757546000100;XP MALLS FDO INV IMOB FII;;;;;;;
FIIM;36.046.508/0001-78;TREND ETF IFIX FUNDO DE INDICE;2023-06-30;488338;30430598.14;AÇÕES E OUTROS TVM CEDIDOS EM EMPRÉSTIMO;Ação ordinária;N;Para negociação;;;;;56.00;5188.96;;2023-09-28;;MCCI11;;PJ;23648935000184;FDO INV. INV. MAUA CAPITAL RECEBIVEIS IM;;;;;;;
FIIM;36.046.508/0001-78;TREND ETF IFIX FUNDO DE INDICE;2023-06-30;488338;30430598.14;AÇÕES E OUTROS TVM CEDIDOS EM EMPRÉSTIMO;Ação ordinária;N;Para negociação;;;;;468.00;46402.20;;2023-09-28;;SNCI11;;PJ;41076710000182;SUNO RECEB?VEIS IMOBILI?RIOS FDO DE INV;;;;;;;
FIIM;36.046.508/0001-78;TREND ETF IFIX FUNDO DE INDICE;2023-06-30;488338;30430598.14;AÇÕES E OUTROS TVM CEDIDOS EM EMPRÉSTIMO;Ação ordinária;N;Para negociação;;;;;1.00;141.59;;2023-09-28;;HGRE11;;PJ;9072017000129;HG REAL ESTATE FDO INV IMOB;;;;;;;
FIIM;36.046.508/0001-78;TREND ETF IFIX FUNDO DE INDICE;2023-06-30;488338;30430598.14;AÇÕES E OUTROS TVM CEDIDOS EM EMPRÉSTIMO;Ação ordinária;N;Para negociação;;;;;1936.00;227731.68;;2023-09-28;;LVBI11;;PJ;30629603000118;FDO INV IMOB - VBI LOG?STICO;;;;;;;
FIIM;36.046.508/0001-78;TREND ETF IFIX FUNDO DE INDICE;2023-06-30;488338;30430598.14;AÇÕES E OUTROS TVM CEDIDOS EM EMPRÉSTIMO;Ação ordinária;N;Para negociação;;;;;413.00;89992.70;;2023-09-28;;HGBS11;;PJ;8431747000106;FDO INV IMOB HG BRASIL SHOPPING;;;;;;;
FIIM;36.046.508/0001-78;TREND ETF IFIX FUNDO DE INDICE;2023-06-30;488338;30430598.14;AÇÕES E OUTROS TVM CEDIDOS EM EMPRÉSTIMO;Ação ordinária;N;Para negociação;;;;;1300.00;126945.00;;2023-09-28;;KNCR11;;PJ;16706958000132;KINEA RENDIMENTOS IMOBILI?RIOS-FDO INV I;;;;;;;
FIIM;36.046.508/0001-78;TREND ETF IFIX FUNDO DE INDICE;2023-06-30;488338;30430598.14;AÇÕES E OUTROS TVM CEDIDOS EM EMPRÉSTIMO;Ação ordinária;N;Para negociação;;;;;5520.00;46920.00;;2023-09-28;;KISU11;;PJ;36669660000107;KILIMA FIC FDO. IMOB. SUNO 30;;;;;;;
FIIM;36.046.508/0001-78;TREND ETF IFIX FUNDO DE INDICE;2023-06-30;488338;30430598.14;AÇÕES E OUTROS TVM CEDIDOS EM EMPRÉSTIMO;Ação ordinária;N;Para negociação;;;;;329.00;43546.44;;2023-09-28;;HGRU11;;PJ;29641226000153;CSHG RENDA URBANA - FDO INV IMOB - FII;;;;;;;
FIIM;36.046.508/0001-78;TREND ETF IFIX FUNDO DE INDICE;2023-06-30;488338;30430598.14;AÇÕES E OUTROS TVM CEDIDOS EM EMPRÉSTIMO;Ação ordinária;N;Para negociação;;;;;13327.00;127672.66;;2023-09-28;;VGHF11;;PJ;36771692000119;VALORA HEDGE FUND FDO. INV. IMOB.;;;;;;;
FIIM;36.046.508/0001-78;TREND ETF IFIX FUNDO DE INDICE;2023-06-30;488338;30430598.14;AÇÕES E OUTROS TVM CEDIDOS EM EMPRÉSTIMO;Ação ordinária;N;Para negociação;;;;;1380.00;129720.00;;2023-09-28;;RZAK11;;PJ;36642219000131;RIZA AKIN FDO. INV. IMOB. FII;;;;;;;
FIIM;36.046.508/0001-78;TREND ETF IFIX FUNDO DE INDICE;2023-06-30;488338;30430598.14;AÇÕES E OUTROS TVM CEDIDOS EM EMPRÉSTIMO;Ação ordinária;N;Para negociação;;;;;2205.00;206388.00;;2023-09-28;;HSML11;;PJ;32892018000131;HSI MALL FDO INV IMOB;;;;;;;
FIIM;36.046.508/0001-78;TREND ETF IFIX FUNDO DE INDICE;2023-06-30;488338;30430598.14;AÇÕES E OUTROS TVM CEDIDOS EM EMPRÉSTIMO;Ação ordinária;N;Para negociação;;;;;100.00;9117.00;;2023-09-28;;RBRR11;;PJ;29467977000103;FDO INV IMOB - FII RBR RENDIMENTO HIGH G;;;;;;;
FIIM;36.046.508/0001-78;TREND ETF IFIX FUNDO DE INDICE;2023-06-30;488338;30430598.14;AÇÕES E OUTROS TVM CEDIDOS EM EMPRÉSTIMO;Ação ordinária;N;Para negociação;;;;;1720.00;154112.00;;2023-09-28;;CVBI11;;PJ;28729197000113;FDO INV. IMOB. VBI CRI;;;;;;;
FIIM;36.046.508/0001-78;TREND ETF IFIX FUNDO DE INDICE;2023-06-30;488338;30430598.14;AÇÕES E OUTROS TVM CEDIDOS EM EMPRÉSTIMO;Ação ordinária;N;Para negociação;;;;;14.00;1631.98;;2023-09-28;;BRCO11;;PJ;20748515000181;BRESCO - FDO INV IMOB;;;;;;;
FIIM;36.046.508/0001-78;TREND ETF IFIX FUNDO DE INDICE;2023-06-30;488338;30430598.14;AÇÕES E OUTROS TVM CEDIDOS EM EMPRÉSTIMO;Ação ordinária;N;Para negociação;;;;;72.00;6746.40;;2023-09-28;;KNIP11;;PJ;24960430000113;KINEA ?NDICES DE PRE?OS FDO INV IMOB - F;;;;;;;
FIIM;36.046.508/0001-78;TREND ETF IFIX FUNDO DE INDICE;2023-06-30;488338;30430598.14;AÇÕES E OUTROS TVM CEDIDOS EM EMPRÉSTIMO;Ação ordinária;N;Para negociação;;;;;2340.00;141991.20;;2023-09-28;;DEVA11;;PJ;37087810000137;DEVANT RECEB?VEIS IMOBILI?RIOS FDO. INVE;;;;;;;
FIIM;36.046.508/0001-78;TREND ETF IFIX FUNDO DE INDICE;2023-06-30;488338;30430598.14;AÇÕES E OUTROS TVM CEDIDOS EM EMPRÉSTIMO;Ação ordinária;N;Para negociação;;;;;23.00;2276.08;;2023-09-28;;BBPO11;;PJ;14410722000129;BB PROGRESSIVO II FDO INV IMOB - FII;;;;;;;
FIIM;36.046.508/0001-78;TREND ETF IFIX FUNDO DE INDICE;2023-06-30;488338;30430598.14;AÇÕES E OUTROS TVM CEDIDOS EM EMPRÉSTIMO;Ação ordinária;N;Para negociação;;;;;300.00;31200.00;;2023-09-28;;HGCR11;;PJ;11160521000122;CSHG RECEB?VEIS IMOBILI?RIOS - FDO INV I;;;;;;;
FIIM;36.046.508/0001-78;TREND ETF IFIX FUNDO DE INDICE;2023-06-30;488338;30430598.14;AÇÕES E OUTROS TVM CEDIDOS EM EMPRÉSTIMO;Ação ordinária;N;Para negociação;;;;;1427.00;121637.48;;2023-09-28;;CPTS11;;PJ;18979895000113;CAPITANIA SECURITIES II FDO INV IMOB - F;;;;;;;
FIIM;36.046.508/0001-78;TREND ETF IFIX FUNDO DE INDICE;2023-06-30;488338;30430598.14;AÇÕES E OUTROS TVM CEDIDOS EM EMPRÉSTIMO;Ação ordinária;N;Para negociação;;;;;1210.00;27830.00;;2023-09-28;;XPPR11;;PJ;30654849000140;XP PROPERTIES FDO. INV. IMOB.;;;;;;;
FIIM;36.046.508/0001-78;TREND ETF IFIX FUNDO DE INDICE;2023-06-30;488338;30430598.14;AÇÕES E OUTROS TVM CEDIDOS EM EMPRÉSTIMO;Ação ordinária;N;Para negociação;;;;;621.00;44538.12;;2023-09-28;;BCFF11;;PJ;11026627000138;BC FUNDO DE FUNDOS DE INV IMOBILI?RIOS -;;;;;;;
FIIM;36.046.508/0001-78;TREND ETF IFIX FUNDO DE INDICE;2023-06-30;488338;30430598.14;AÇÕES E OUTROS TVM CEDIDOS EM EMPRÉSTIMO;Ação ordinária;N;Para negociação;;;;;252.00;2305.80;;2023-09-28;;BTCI11;;PJ;9552812000114;FII BTG PACTUAL CR?DITO IMOBILI?RIO;;;;;;;
FIIM;36.046.508/0001-78;TREND ETF IFIX FUNDO DE INDICE;2023-06-30;488338;30430598.14;AÇÕES E OUTROS TVM CEDIDOS EM EMPRÉSTIMO;Ação ordinária;N;Para negociação;;;;;20.00;1594.00;;2023-09-28;;JSRE11;;PJ;13371132000171;JS REAL ESTATE MULTIGEST?O - FII;;;;;;;
FIIM;36.046.508/0001-78;TREND ETF IFIX FUNDO DE INDICE;2023-06-30;488338;30430598.14;AÇÕES E OUTROS TVM CEDIDOS EM EMPRÉSTIMO;Ação ordinária;N;Para negociação;;;;;1531.00;256029.13;;2023-09-28;;HGLG11;;PJ;11728688000147;CSHG LOG?STICA - FDO INV IMOB - FII;;;;;;;
FIIM;36.046.508/0001-78;TREND ETF IFIX FUNDO DE INDICE;2023-06-30;488338;30430598.14;AÇÕES E OUTROS TVM CEDIDOS EM EMPRÉSTIMO;Ação ordinária;N;Para negociação;;;;;113.00;10058.13;;2023-09-28;;KNSC11;;PJ;35864448000138;KINEA SECURITIES FDO. DE INV. IMOB. - FI;;;;;;;
FIIM;36.046.508/0001-78;TREND ETF IFIX FUNDO DE INDICE;2023-06-30;488338;30430598.14;AÇÕES E OUTROS TVM CEDIDOS EM EMPRÉSTIMO;Ação ordinária;N;Para negociação;;;;;3060.00;314078.40;;2023-09-28;;BTLG11;;PJ;11839593000109;BTG PACTUAL LOGISTICA FDO INV IMOB - FII;;;;;;;
FIIM;36.046.508/0001-78;TREND ETF IFIX FUNDO DE INDICE;2023-06-30;488338;30430598.14;AÇÕES E OUTROS TVM CEDIDOS EM EMPRÉSTIMO;Ação ordinária;N;Para negociação;;;;;386.00;34740.00;;2023-09-28;;VGIP11;;PJ;34197811000146;VALORA CRI ?NDICE DE PRE?O FDO INVEST. I;;;;;;;
FIIM;36.046.508/0001-78;TREND ETF IFIX FUNDO DE INDICE;2023-06-30;488338;30430598.14;AÇÕES E OUTROS TVM CEDIDOS EM EMPRÉSTIMO;Ação ordinária;N;Para negociação;;;;;4122.00;241631.64;;2023-09-28;;HCTR11;;PJ;30248180000196;HECTARE CE - FDO INV IMOB;;;;;;;
FIIM;36.046.508/0001-78;TREND ETF IFIX FUNDO DE INDICE;2023-06-30;488338;30430598.14;AÇÕES E OUTROS TVM CEDIDOS EM EMPRÉSTIMO;Ação ordinária;N;Para negociação;;;;;1682.00;197601.36;;2023-09-28;;MALL11;;PJ;26499833000132;MALLS BRASIL PLURAL FDO INV IMOB;;;;;;;
FIIM;36.046.508/0001-78;TREND ETF IFIX FUNDO DE INDICE;2023-06-30;488338;30430598.14;OUTROS VALORES MOBILIÁRIOS REGISTRADOS NA CVM OBJETO DE OFERTA PÚBLICA;Recibo de subscrição;N;Para negociação;;;;;633.00;69940.17;;2023-09-28;;TRXF/TRXF14/BRTRXFR41M18;;PJ;28548288000152;TRX REAL ESTATE FDO. INV. IMOB. - FII;;;;;;;
FIIM;36.046.508/0001-78;TREND ETF IFIX FUNDO DE INDICE;2023-06-30;488338;30430598.14;OUTROS VALORES MOBILIÁRIOS REGISTRADOS NA CVM OBJETO DE OFERTA PÚBLICA;Recibo de subscrição;N;Para negociação;;;;;672.00;77521.92;;2023-09-28;;ALZR/ALZR13/BRALZRR16M10;;PJ;28737771000185;ALIANZA TRUST RENDA IMOBILIARIA FDO INV;;;;;;;
FIIM;36.046.508/0001-78;TREND ETF IFIX FUNDO DE INDICE;2023-06-30;488338;30430598.14;OUTROS VALORES MOBILIÁRIOS REGISTRADOS NA CVM OBJETO DE OFERTA PÚBLICA;Recibo de subscrição;N;Para negociação;;;;;2347.00;392488.81;;2023-09-28;;HGLG/HGLG13/BRHGLGR15M10;;PJ;11728688000147;CSHG LOG?STICA - FDO INV IMOB - FII;;;;;;;
FIIM;36.046.508/0001-78;TREND ETF IFIX FUNDO DE INDICE;2023-06-30;488338;30430598.14;OUTROS VALORES MOBILIÁRIOS REGISTRADOS NA CVM OBJETO DE OFERTA PÚBLICA;Recibo de subscrição;N;Para negociação;;;;;662.00;69834.38;;2023-09-28;;XPML/XPML13/BRXPMLR26M18;;PJ;28757546000100;XP MALLS FDO INV IMOB FII;;;;;;;
FIIM;36.046.508/0001-78;TREND ETF IFIX FUNDO DE INDICE;2023-06-30;488338;30430598.14;OUTROS VALORES MOBILIÁRIOS REGISTRADOS NA CVM OBJETO DE OFERTA PÚBLICA;Recibo de subscrição;N;Para negociação;;;;;1500.00;173040.00;;2023-09-28;;ALZR/ALZR14/BRALZRR17M19;;PJ;28737771000185;ALIANZA TRUST RENDA IMOBILIARIA FDO INV;;;;;;;
FIIM;36.046.508/0001-78;TREND ETF IFIX FUNDO DE INDICE;2023-06-30;488338;30430598.14;OUTROS VALORES MOBILIÁRIOS REGISTRADOS NA CVM OBJETO DE OFERTA PÚBLICA;Recibo de subscrição;N;Para negociação;;;;;8141.00;2686.53;;2023-09-28;MXRF12;;;;;;;;2023-06-29;;;;
FIIM;36.669.709/0001-21;EMPIRICUS TEVA CRIPTOMOEDAS TOP20 FUNDO DE ÍNDICE INVESTIMENTO NO EXTERIOR;2023-06-30;488250;50477962.96;DISPONIBILIDADES;Outros;;Para negociação;;;;;;5262.48;;;;VORTX CAIXA;;PJ;22610500000188;VORTX DTVM;;;;;;;
FIIM;36.669.709/0001-21;EMPIRICUS TEVA CRIPTOMOEDAS TOP20 FUNDO DE ÍNDICE INVESTIMENTO NO EXTERIOR;2023-06-30;488250;50477962.96;VALORES A PAGAR;Outros;;Para negociação;;;;;;6334.99;;;;TAXA ADM PROVIS?O;;PJ;29415858000107;SEM DEFINI??O;;;;;;;
FIIM;36.669.709/0001-21;EMPIRICUS TEVA CRIPTOMOEDAS TOP20 FUNDO DE ÍNDICE INVESTIMENTO NO EXTERIOR;2023-06-30;488250;50477962.96;VALORES A PAGAR;Outros;;Para negociação;;;;;;2111.66;;;;TX ESCRT FIX PROVIS?O;;PJ;29415858000107;SEM DEFINI??O;;;;;;;
FIIM;36.669.709/0001-21;EMPIRICUS TEVA CRIPTOMOEDAS TOP20 FUNDO DE ÍNDICE INVESTIMENTO NO EXTERIOR;2023-06-30;488250;50477962.96;VALORES A PAGAR;Outros;;Para negociação;;;;;;31052.33;;;;TAXA GEST?O PROVIS?O;;PJ;29415858000107;SEM DEFINI??O;;;;;;;
FIIM;36.669.709/0001-21;EMPIRICUS TEVA CRIPTOMOEDAS TOP20 FUNDO DE ÍNDICE INVESTIMENTO NO EXTERIOR;2023-06-30;488250;50477962.96;VALORES A RECEBER;Outros;;Para negociação;;;;;;274.34;;;;ANBIMA 07/23 DIFERIDO;;PJ;29415858000107;SEM DEFINI??O;;;;;;;
FIIM;36.669.709/0001-21;EMPIRICUS TEVA CRIPTOMOEDAS TOP20 FUNDO DE ÍNDICE INVESTIMENTO NO EXTERIOR;2023-06-30;488250;50477962.96;VALORES A RECEBER;Outros;;Para negociação;;;;;;10904.24;;;;VAL A RECEBE;;PJ;29415858000107;SEM DEFINI??O;;;;;;;
FIIM;36.669.709/0001-21;EMPIRICUS TEVA CRIPTOMOEDAS TOP20 FUNDO DE ÍNDICE INVESTIMENTO NO EXTERIOR;2023-06-30;488250;50477962.96;VALORES A RECEBER;Outros;;Para negociação;;;;;;4800.86;;;;TX REGISTRO DIFERIDO;;PJ;29415858000107;SEM DEFINI??O;;;;;;;
FIIM;36.669.709/0001-21;EMPIRICUS TEVA CRIPTOMOEDAS TOP20 FUNDO DE ÍNDICE INVESTIMENTO NO EXTERIOR;2023-06-30;488250;50477962.96;VALORES A RECEBER;Outros;;Para negociação;;;;;;14700.00;;;;AUDITORIA DIFERIDO;;PJ;29415858000107;SEM DEFINI??O;;;;;;;
FIIM;36.669.709/0001-21;EMPIRICUS TEVA CRIPTOMOEDAS TOP20 FUNDO DE ÍNDICE INVESTIMENTO NO EXTERIOR;2023-06-30;488250;50477962.96;INVESTIMENTO NO EXTERIOR;Outros;N;Para negociação;;;;;3636.00;1.54;;;LUNA USD C20;;2022-05-06;;;LUNA USD C20;N;;;28;ESTADOS UNIDOS DA AMÉRICA;A1;AMERICAN STOCK EXCHANGE
FIIM;36.669.709/0001-21;EMPIRICUS TEVA CRIPTOMOEDAS TOP20 FUNDO DE ÍNDICE INVESTIMENTO NO EXTERIOR;2023-06-30;488250;50477962.96;INVESTIMENTO NO EXTERIOR;Outros;N;Para negociação;;;;;5253.00;99455.83;;;FIL USD C20;;2022-05-06;;;FIL USD C20;N;;;28;ESTADOS UNIDOS DA AMÉRICA;A1;AMERICAN STOCK EXCHANGE
FIIM;36.669.709/0001-21;EMPIRICUS TEVA CRIPTOMOEDAS TOP20 FUNDO DE ÍNDICE INVESTIMENTO NO EXTERIOR;2023-06-30;488250;50477962.96;INVESTIMENTO NO EXTERIOR;Outros;N;Para negociação;;;;;231.00;33903990.17;;;BTC USD C20;;2022-05-06;;;BTC USD C20;N;;;28;ESTADOS UNIDOS DA AMÉRICA;A1;AMERICAN STOCK EXCHANGE
FIIM;36.669.709/0001-21;EMPIRICUS TEVA CRIPTOMOEDAS TOP20 FUNDO DE ÍNDICE INVESTIMENTO NO EXTERIOR;2023-06-30;488250;50477962.96;INVESTIMENTO NO EXTERIOR;Outros;N;Para negociação;;;;;5309.00;103892.08;;;ICP USD C20;;2022-05-06;;;ICP USD C20;N;;;28;ESTADOS UNIDOS DA AMÉRICA;A1;AMERICAN STOCK EXCHANGE
FIIM;36.669.709/0001-21;EMPIRICUS TEVA CRIPTOMOEDAS TOP20 FUNDO DE ÍNDICE INVESTIMENTO NO EXTERIOR;2023-06-30;488250;50477962.96;INVESTIMENTO NO EXTERIOR;Outros;N;Para negociação;;;;;4657.00;439282.05;;;SOL USD C20;;2022-02-05;;;SOL USD C20;N;;;28;ESTADOS UNIDOS DA AMÉRICA;A1;AMERICAN STOCK EXCHANGE
FIIM;36.669.709/0001-21;EMPIRICUS TEVA CRIPTOMOEDAS TOP20 FUNDO DE ÍNDICE INVESTIMENTO NO EXTERIOR;2023-06-30;488250;50477962.96;INVESTIMENTO NO EXTERIOR;Outros;N;Para negociação;;;;;421646.00;584697.04;;;ADA USD C20;;2022-05-06;;;ADA USD C20;N;;;28;ESTADOS UNIDOS DA AMÉRICA;A1;AMERICAN STOCK EXCHANGE
FIIM;36.669.709/0001-21;EMPIRICUS TEVA CRIPTOMOEDAS TOP20 FUNDO DE ÍNDICE INVESTIMENTO NO EXTERIOR;2023-06-30;488250;50477962.96;INVESTIMENTO NO EXTERIOR;Outros;N;Para negociação;;;;;1425.00;13160995.50;;;ETH USD C20;;2022-05-06;;;ETH USD C20;N;;;28;ESTADOS UNIDOS DA AMÉRICA;A1;AMERICAN STOCK EXCHANGE
FIIM;36.669.709/0001-21;EMPIRICUS TEVA CRIPTOMOEDAS TOP20 FUNDO DE ÍNDICE INVESTIMENTO NO EXTERIOR;2023-06-30;488250;50477962.96;INVESTIMENTO NO EXTERIOR;Outros;N;Para negociação;;;;;14587.00;361550.71;;;DOT USD C20;;2022-05-06;;;DOT USD C20;N;;;28;ESTADOS UNIDOS DA AMÉRICA;A1;AMERICAN STOCK EXCHANGE
FIIM;36.669.709/0001-21;EMPIRICUS TEVA CRIPTOMOEDAS TOP20 FUNDO DE ÍNDICE INVESTIMENTO NO EXTERIOR;2023-06-30;488250;50477962.96;INVESTIMENTO NO EXTERIOR;Outros;N;Para negociação;;;;;1346.00;13911.66;;;ETHW USD C20;;2023-01-02;;;ETHW USD C20;N;;;28;ESTADOS UNIDOS DA AMÉRICA;A1;AMERICAN STOCK EXCHANGE
FIIM;36.669.709/0001-21;EMPIRICUS TEVA CRIPTOMOEDAS TOP20 FUNDO DE ÍNDICE INVESTIMENTO NO EXTERIOR;2023-06-30;488250;50477962.96;INVESTIMENTO NO EXTERIOR;Outros;N;Para negociação;;;;;10056.00;66570.90;;;NEAR USD C20;;2022-10-03;;;NEAR USD;N;;;28;ESTADOS UNIDOS DA AMÉRICA;A1;AMERICAN STOCK EXCHANGE
FIIM;36.669.709/0001-21;EMPIRICUS TEVA CRIPTOMOEDAS TOP20 FUNDO DE ÍNDICE INVESTIMENTO NO EXTERIOR;2023-06-30;488250;50477962.96;INVESTIMENTO NO EXTERIOR;Outros;N;Para negociação;;;;;3602.00;161171.24;;;ATOM USD C20;;2022-05-06;;;ATOM USD C20;N;;;28;ESTADOS UNIDOS DA AMÉRICA;A1;AMERICAN STOCK EXCHANGE
FIIM;36.669.709/0001-21;EMPIRICUS TEVA CRIPTOMOEDAS TOP20 FUNDO DE ÍNDICE INVESTIMENTO NO EXTERIOR;2023-06-30;488250;50477962.96;INVESTIMENTO NO EXTERIOR;Outros;N;Para negociação;;;;;9110.00;227180.73;;;UNI USD C20;;2022-05-06;;;UNI USD C20;N;;;28;ESTADOS UNIDOS DA AMÉRICA;A1;AMERICAN STOCK EXCHANGE
FIIM;36.669.709/0001-21;EMPIRICUS TEVA CRIPTOMOEDAS TOP20 FUNDO DE ÍNDICE INVESTIMENTO NO EXTERIOR;2023-06-30;488250;50477962.96;INVESTIMENTO NO EXTERIOR;Outros;N;Para negociação;;;;;2070.00;72388.70;;;APT USD C20;;2023-02-01;;;APT USD;N;;;28;ESTADOS UNIDOS DA AMÉRICA;A1;AMERICAN STOCK EXCHANGE
FIIM;36.669.709/0001-21;EMPIRICUS TEVA CRIPTOMOEDAS TOP20 FUNDO DE ÍNDICE INVESTIMENTO NO EXTERIOR;2023-06-30;488250;50477962.96;INVESTIMENTO NO EXTERIOR;Outros;N;Para negociação;;;;;15487.00;85676.25;;;ARB USD C20;;2023-05-02;;;ARB USD;N;;;28;ESTADOS UNIDOS DA AMÉRICA;A1;AMERICAN STOCK EXCHANGE
FIIM;36.669.709/0001-21;EMPIRICUS TEVA CRIPTOMOEDAS TOP20 FUNDO DE ÍNDICE INVESTIMENTO NO EXTERIOR;2023-06-30;488250;50477962.96;INVESTIMENTO NO EXTERIOR;Outros;N;Para negociação;;;;;110546.00;343199.78;;;MATI USD C2;;2022-05-06;;;MATIC USD C20;N;;;28;ESTADOS UNIDOS DA AMÉRICA;A1;AMERICAN STOCK EXCHANGE
FIIM;36.669.709/0001-21;EMPIRICUS TEVA CRIPTOMOEDAS TOP20 FUNDO DE ÍNDICE INVESTIMENTO NO EXTERIOR;2023-06-30;488250;50477962.96;INVESTIMENTO NO EXTERIOR;Outros;N;Para negociação;;;;;8850.00;86443.06;;;LDO USD C20;;2023-01-02;;;LDO USD C20;N;;;28;ESTADOS UNIDOS DA AMÉRICA;A1;AMERICAN STOCK EXCHANGE
FIIM;36.669.709/0001-21;EMPIRICUS TEVA CRIPTOMOEDAS TOP20 FUNDO DE ÍNDICE INVESTIMENTO NO EXTERIOR;2023-06-30;488250;50477962.96;INVESTIMENTO NO EXTERIOR;Outros;N;Para negociação;;;;;6074.00;185289.83;;;LINK USD C20;;2022-05-06;;;LINK USD C20;N;;;28;ESTADOS UNIDOS DA AMÉRICA;A1;AMERICAN STOCK EXCHANGE
FIIM;36.669.709/0001-21;EMPIRICUS TEVA CRIPTOMOEDAS TOP20 FUNDO DE ÍNDICE INVESTIMENTO NO EXTERIOR;2023-06-30;488250;50477962.96;INVESTIMENTO NO EXTERIOR;Outros;N;Para negociação;;;;;3805.00;237213.23;;;AVAX USD C20;;2022-05-06;;;AVAX USD C20;N;;;28;ESTADOS UNIDOS DA AMÉRICA;A1;AMERICAN STOCK EXCHANGE
FIIM;36.669.709/0001-21;EMPIRICUS TEVA CRIPTOMOEDAS TOP20 FUNDO DE ÍNDICE INVESTIMENTO NO EXTERIOR;2023-06-30;488250;50477962.96;INVESTIMENTO NO EXTERIOR;Outros;N;Para negociação;;;;;330783.00;176624.07;;;XLM USD C20;;2022-05-06;;;XLM USD C20;N;;;28;ESTADOS UNIDOS DA AMÉRICA;A1;AMERICAN STOCK EXCHANGE
FIIM;36.669.709/0001-21;EMPIRICUS TEVA CRIPTOMOEDAS TOP20 FUNDO DE ÍNDICE INVESTIMENTO NO EXTERIOR;2023-06-30;488250;50477962.96;INVESTIMENTO NO EXTERIOR;Outros;N;Para negociação;;;;;91551.00;45977.27;;;GRT USD C20;;2023-03-01;;;GRT USD C20;N;;;28;ESTADOS UNIDOS DA AMÉRICA;A1;AMERICAN STOCK EXCHANGE
FIIM;36.669.709/0001-21;EMPIRICUS TEVA CRIPTOMOEDAS TOP20 FUNDO DE ÍNDICE INVESTIMENTO NO EXTERIOR;2023-06-30;488250;50477962.96;INVESTIMENTO NO EXTERIOR;Outros;N;Para negociação;;;;;3542.00;38552.15;;;APE USD C20;;2022-05-06;;;APE USD C20;N;;;28;ESTADOS UNIDOS DA AMÉRICA;A1;AMERICAN STOCK EXCHANGE
FIIM;36.669.709/0001-21;EMPIRICUS TEVA CRIPTOMOEDAS TOP20 FUNDO DE ÍNDICE INVESTIMENTO NO EXTERIOR;2023-06-30;488250;50477962.96;INVESTIMENTO NO EXTERIOR;Outros;N;Para negociação;;;;;169.00;87456.23;;;QNT USD C20;;2022-10-03;;;QNT USD C20;N;;;28;ESTADOS UNIDOS DA AMÉRICA;A1;AMERICAN STOCK EXCHANGE
FIIM;37.843.293/0001-89;BTG PACTUAL ESG FUNDO DE ÍNDICE S&P/B3 BRAZIL ESG;2023-06-30;486930;21244648.35;AÇÕES;Ação ordinária;N;Para negociação;0.00;0.00;59.00;666.11;6063.00;72756.00;;;SOMA3;;;;;;;;2020-07-31;;;;
FIIM;37.843.293/0001-89;BTG PACTUAL ESG FUNDO DE ÍNDICE S&P/B3 BRAZIL ESG;2023-06-30;486930;21244648.35;AÇÕES;Ação ordinária;N;Para negociação;24.00;731.28;0.00;0.00;1419.00;43662.63;;;BBSE3;;;;;;;;2013-04-29;;;;
FIIM;37.843.293/0001-89;BTG PACTUAL ESG FUNDO DE ÍNDICE S&P/B3 BRAZIL ESG;2023-06-30;486930;21244648.35;AÇÕES;Ação ordinária;N;Para negociação;0.00;0.00;23.00;481.62;468.00;8709.48;;;BLAU3;;;;;;;;2021-09-24;;;;
FIIM;37.843.293/0001-89;BTG PACTUAL ESG FUNDO DE ÍNDICE S&P/B3 BRAZIL ESG;2023-06-30;486930;21244648.35;AÇÕES;Ação ordinária;N;Para negociação;0.00;0.00;114.00;781.32;4.00;26.00;;;ECOR3;;;;;;;;2010-04-01;;;;
FIIM;37.843.293/0001-89;BTG PACTUAL ESG FUNDO DE ÍNDICE S&P/B3 BRAZIL ESG;2023-06-30;486930;21244648.35;AÇÕES;Ação ordinária;N;Para negociação;0.00;0.00;517.00;9213.11;22370.00;403778.50;;;VBBR3;;;;;;;;2021-10-22;;;;
FIIM;37.843.293/0001-89;BTG PACTUAL ESG FUNDO DE ÍNDICE S&P/B3 BRAZIL ESG;2023-06-30;486930;21244648.35;AÇÕES;Ação ordinária;N;Para negociação;0.00;0.00;39.00;405.60;2582.00;26594.60;;;CXSE3;;;;;;;;2021-04-29;;;;
FIIM;37.843.293/0001-89;BTG PACTUAL ESG FUNDO DE ÍNDICE S&P/B3 BRAZIL ESG;2023-06-30;486930;21244648.35;AÇÕES;Ação ordinária;N;Para negociação;41.00;1107.82;0.00;0.00;1912.00;53765.44;;;PSSA3;;;;;;;;2004-11-22;;;;
FIIM;37.843.293/0001-89;BTG PACTUAL ESG FUNDO DE ÍNDICE S&P/B3 BRAZIL ESG;2023-06-30;486930;21244648.35;AÇÕES;Ação ordinária;N;Para negociação;0.00;0.00;150.00;2156.00;3587.00;51401.71;;;AURE3;;;;;;;;2022-03-28;;;;
FIIM;37.843.293/0001-89;BTG PACTUAL ESG FUNDO DE ÍNDICE S&P/B3 BRAZIL ESG;2023-06-30;486930;21244648.35;AÇÕES;Ação ordinária;N;Para negociação;2.00;37.10;0.00;0.00;200.00;3684.00;;;EZTC3;;;;;;;;2007-06-22;;;;
FIIM;37.843.293/0001-89;BTG PACTUAL ESG FUNDO DE ÍNDICE S&P/B3 BRAZIL ESG;2023-06-30;486930;21244648.35;AÇÕES;Ação ordinária;N;Para negociação;12.00;448.44;0.00;0.00;475.00;17712.75;;;ORVR3;;;;;;;;2021-02-17;;;;
FIIM;37.843.293/0001-89;BTG PACTUAL ESG FUNDO DE ÍNDICE S&P/B3 BRAZIL ESG;2023-06-30;486930;21244648.35;AÇÕES;Ação ordinária;N;Para negociação;0.00;0.00;252.00;2396.60;17959.00;182463.44;;;STBP3;;;;;;;;2007-11-21;;;;
FIIM;37.843.293/0001-89;BTG PACTUAL ESG FUNDO DE ÍNDICE S&P/B3 BRAZIL ESG;2023-06-30;486930;21244648.35;AÇÕES;Ação ordinária;N;Para negociação;0.00;0.00;9.00;66.51;13619.00;99010.13;;;MRFG3;;;;;;;;2007-06-28;;;;
FIIM;37.843.293/0001-89;BTG PACTUAL ESG FUNDO DE ÍNDICE S&P/B3 BRAZIL ESG;2023-06-30;486930;21244648.35;AÇÕES;Ação ordinária;N;Para negociação;0.00;0.00;324.00;3534.00;124.00;1401.20;;;MEGA3;;;;;;;;2021-12-27;;;;
FIIM;37.843.293/0001-89;BTG PACTUAL ESG FUNDO DE ÍNDICE S&P/B3 BRAZIL ESG;2023-06-30;486930;21244648.35;AÇÕES;Ação ordinária;N;Para negociação;0.00;0.00;6842.00;21962.82;787.00;2565.62;;;COGN3;;;;;;;;2019-10-11;;;;
FIIM;37.843.293/0001-89;BTG PACTUAL ESG FUNDO DE ÍNDICE S&P/B3 BRAZIL ESG;2023-06-30;486930;21244648.35;AÇÕES;Ação ordinária;N;Para negociação;0.00;0.00;107.00;899.01;107.00;991.89;;;RANI3;;;;;;;;1995-07-17;;;;
FIIM;37.843.293/0001-89;BTG PACTUAL ESG FUNDO DE ÍNDICE S&P/B3 BRAZIL ESG;2023-06-30;486930;21244648.35;AÇÕES;Ação ordinária;N;Para negociação;0.00;0.00;215.00;806.55;9826.00;41170.94;;;ANIM3;;;;;;;;2013-10-28;;;;
FIIM;37.843.293/0001-89;BTG PACTUAL ESG FUNDO DE ÍNDICE S&P/B3 BRAZIL ESG;2023-06-30;486930;21244648.35;AÇÕES;Ação ordinária;N;Para negociação;219.00;1695.92;0.00;0.00;9007.00;71335.44;;;GMAT3;;;;;;;;2020-10-13;;;;
FIIM;37.843.293/0001-89;BTG PACTUAL ESG FUNDO DE ÍNDICE S&P/B3 BRAZIL ESG;2023-06-30;486930;21244648.35;AÇÕES;Ação ordinária;N;Para negociação;81.00;2281.77;0.00;0.00;5304.00;137320.56;;;INTB3;;;;;;;;2021-02-04;;;;
FIIM;37.843.293/0001-89;BTG PACTUAL ESG FUNDO DE ÍNDICE S&P/B3 BRAZIL ESG;2023-06-30;486930;21244648.35;AÇÕES;Ação ordinária;N;Para negociação;0.00;0.00;429.00;6046.35;12748.00;179109.40;;;CCRO3;;;;;;;;2002-02-01;;;;
FIIM;37.843.293/0001-89;BTG PACTUAL ESG FUNDO DE ÍNDICE S&P/B3 BRAZIL ESG;2023-06-30;486930;21244648.35;AÇÕES;Ação ordinária;N;Para negociação;0.00;0.00;132.00;2439.44;5405.00;114748.15;;;NEOE3;;;;;;;;2017-10-05;;;;
FIIM;37.843.293/0001-89;BTG PACTUAL ESG FUNDO DE ÍNDICE S&P/B3 BRAZIL ESG;2023-06-30;486930;21244648.35;AÇÕES;Ação ordinária;N;Para negociação;0.00;0.00;448.00;1483.20;15202.00;48342.36;;;HBSA3;;;;;;;;2020-09-25;;;;
FIIM;37.843.293/0001-89;BTG PACTUAL ESG FUNDO DE ÍNDICE S&P/B3 BRAZIL ESG;2023-06-30;486930;21244648.35;AÇÕES;Ação ordinária;N;Para negociação;0.00;0.00;174.00;2639.36;2112.00;30877.44;;;TIMS3;;;;;;;;2020-10-13;;;;
FIIM;37.843.293/0001-89;BTG PACTUAL ESG FUNDO DE ÍNDICE S&P/B3 BRAZIL ESG;2023-06-30;486930;21244648.35;AÇÕES;Ação ordinária;N;Para negociação;0.00;0.00;70.00;1887.90;427.00;11815.09;;;MULT3;;;;;;;;2007-07-27;;;;
FIIM;37.843.293/0001-89;BTG PACTUAL ESG FUNDO DE ÍNDICE S&P/B3 BRAZIL ESG;2023-06-30;486930;21244648.35;AÇÕES;Ação ordinária;N;Para negociação;0.00;0.00;131.00;9995.30;1792.00;141693.44;;;ARZZ3;;;;;;;;2011-02-02;;;;
FIIM;37.843.293/0001-89;BTG PACTUAL ESG FUNDO DE ÍNDICE S&P/B3 BRAZIL ESG;2023-06-30;486930;21244648.35;AÇÕES;Ação ordinária;N;Para negociação;0.00;0.00;130.00;4068.60;3847.00;132298.33;;;CPFE3;;;;;;;;2004-09-29;;;;
FIIM;37.843.293/0001-89;BTG PACTUAL ESG FUNDO DE ÍNDICE S&P/B3 BRAZIL ESG;2023-06-30;486930;21244648.35;AÇÕES;Ação ordinária;N;Para negociação;0.00;0.00;565.00;8655.60;9551.00;147180.91;;;ABEV3;;;;;;;;2013-11-11;;;;
FIIM;37.843.293/0001-89;BTG PACTUAL ESG FUNDO DE ÍNDICE S&P/B3 BRAZIL ESG;2023-06-30;486930;21244648.35;AÇÕES;Ação ordinária;N;Para negociação;0.00;0.00;339.00;3391.32;4809.00;43232.91;;;SIMH3;;;;;;;;2020-09-18;;;;
FIIM;37.843.293/0001-89;BTG PACTUAL ESG FUNDO DE ÍNDICE S&P/B3 BRAZIL ESG;2023-06-30;486930;21244648.35;AÇÕES;Ação ordinária;N;Para negociação;0.00;0.00;2.00;70.78;209.00;7749.72;;;PRIO3;;;;;;;;2015-06-26;;;;
FIIM;37.843.293/0001-89;BTG PACTUAL ESG FUNDO DE ÍNDICE S&P/B3 BRAZIL ESG;2023-06-30;486930;21244648.35;AÇÕES;Ação ordinária;N;Para negociação;0.00;0.00;153.00;2417.57;2885.00;48727.65;;;GGPS3;;;;;;;;2021-04-26;;;;
FIIM;37.843.293/0001-89;BTG PACTUAL ESG FUNDO DE ÍNDICE S&P/B3 BRAZIL ESG;2023-06-30;486930;21244648.35;AÇÕES;Ação ordinária;N;Para negociação;0.00;0.00;154.00;942.10;624.00;3931.20;;;WIZC3;;;;;;;;2023-02-09;;;;
FIIM;37.843.293/0001-89;BTG PACTUAL ESG FUNDO DE ÍNDICE S&P/B3 BRAZIL ESG;2023-06-30;486930;21244648.35;AÇÕES;Ação ordinária;N;Para negociação;0.00;0.00;1058.00;17407.00;24664.00;412875.36;;;NTCO3;;;;;;;;2019-12-18;;;;
FIIM;37.843.293/0001-89;BTG PACTUAL ESG FUNDO DE ÍNDICE S&P/B3 BRAZIL ESG;2023-06-30;486930;21244648.35;AÇÕES;Ação ordinária;N;Para negociação;0.00;0.00;44.00;1369.28;1409.00;45299.35;;;EQTL3;;;;;;;;2006-04-03;;;;
FIIM;37.843.293/0001-89;BTG PACTUAL ESG FUNDO DE ÍNDICE S&P/B3 BRAZIL ESG;2023-06-30;486930;21244648.35;AÇÕES;Ação ordinária;N;Para negociação;0.00;0.00;234.00;8192.00;4066.00;155402.52;;;SLCE3;;;;;;;;2007-06-15;;;;
FIIM;37.843.293/0001-89;BTG PACTUAL ESG FUNDO DE ÍNDICE S&P/B3 BRAZIL ESG;2023-06-30;486930;21244648.35;AÇÕES;Ação ordinária;N;Para negociação;0.00;0.00;97.00;145.50;5640.00;7501.20;;;AERI3;;;;;;;;2020-11-11;;;;
FIIM;37.843.293/0001-89;BTG PACTUAL ESG FUNDO DE ÍNDICE S&P/B3 BRAZIL ESG;2023-06-30;486930;21244648.35;AÇÕES;Ação ordinária;N;Para negociação;800.00;5704.00;0.00;0.00;3047.00;21085.24;;;GFSA3;;;;;;;;2006-01-26;;;;
FIIM;37.843.293/0001-89;BTG PACTUAL ESG FUNDO DE ÍNDICE S&P/B3 BRAZIL ESG;2023-06-30;486930;21244648.35;AÇÕES;Ação ordinária;N;Para negociação;0.00;0.00;379.00;8692.52;14717.00;326717.40;;;RAIL3;;;;;;;;2017-03-13;;;;
FIIM;37.843.293/0001-89;BTG PACTUAL ESG FUNDO DE ÍNDICE S&P/B3 BRAZIL ESG;2023-06-30;486930;21244648.35;AÇÕES;Ação ordinária;N;Para negociação;0.00;0.00;12.00;249.84;590.00;11717.40;;;VVEO3;;;;;;;;2021-08-09;;;;
FIIM;37.843.293/0001-89;BTG PACTUAL ESG FUNDO DE ÍNDICE S&P/B3 BRAZIL ESG;2023-06-30;486930;21244648.35;AÇÕES;Ação ordinária;N;Para negociação;0.00;0.00;1288.00;3241.36;9365.00;23318.85;;;MLAS3;;;;;;;;2021-07-22;;;;
FIIM;37.843.293/0001-89;BTG PACTUAL ESG FUNDO DE ÍNDICE S&P/B3 BRAZIL ESG;2023-06-30;486930;21244648.35;AÇÕES;Ação ordinária;N;Para negociação;0.00;0.00;1073.00;6434.35;24394.00;122945.76;;;CBAV3;;;;;;;;2021-07-15;;;;
FIIM;37.843.293/0001-89;BTG PACTUAL ESG FUNDO DE ÍNDICE S&P/B3 BRAZIL ESG;2023-06-30;486930;21244648.35;AÇÕES;Ação ordinária;N;Para negociação;0.00;0.00;175.00;1377.75;100.00;706.00;;;CAML3;;;;;;;;2017-09-28;;;;
FIIM;37.843.293/0001-89;BTG PACTUAL ESG FUNDO DE ÍNDICE S&P/B3 BRAZIL ESG;2023-06-30;486930;21244648.35;AÇÕES;Ação ordinária;N;Para negociação;0.00;0.00;325.00;9295.50;326.00;9649.60;;;RADL3;;;;;;;;2011-12-19;;;;
FIIM;37.843.293/0001-89;BTG PACTUAL ESG FUNDO DE ÍNDICE S&P/B3 BRAZIL ESG;2023-06-30;486930;21244648.35;AÇÕES;Ação ordinária;N;Para negociação;466.00;3357.88;0.00;0.00;5536.00;38530.56;;;PTBL3;;;;;;;;1997-04-08;;;;
FIIM;37.843.293/0001-89;BTG PACTUAL ESG FUNDO DE ÍNDICE S&P/B3 BRAZIL ESG;2023-06-30;486930;21244648.35;AÇÕES;Ação ordinária;N;Para negociação;276.00;439.60;0.00;0.00;2308.00;3946.68;;;IFCM3;;;;;;;;2021-05-04;;;;
FIIM;37.843.293/0001-89;BTG PACTUAL ESG FUNDO DE ÍNDICE S&P/B3 BRAZIL ESG;2023-06-30;486930;21244648.35;AÇÕES;Ação ordinária;N;Para negociação;524.00;2148.64;0.00;0.00;12516.00;43931.16;;;CVCB3;;;;;;;;2013-12-09;;;;
FIIM;37.843.293/0001-89;BTG PACTUAL ESG FUNDO DE ÍNDICE S&P/B3 BRAZIL ESG;2023-06-30;486930;21244648.35;AÇÕES;Ação ordinária;N;Para negociação;0.00;0.00;425.00;14167.50;2003.00;65938.76;;;RDOR3;;;;;;;;2021-06-25;;;;
FIIM;37.843.293/0001-89;BTG PACTUAL ESG FUNDO DE ÍNDICE S&P/B3 BRAZIL ESG;2023-06-30;486930;21244648.35;AÇÕES;Ação ordinária;N;Para negociação;0.00;0.00;55.00;1472.90;3034.00;79551.48;;;TUPY3;;;;;;;;1995-11-10;;;;
FIIM;37.843.293/0001-89;BTG PACTUAL ESG FUNDO DE ÍNDICE S&P/B3 BRAZIL ESG;2023-06-30;486930;21244648.35;AÇÕES;Ação ordinária;N;Para negociação;0.00;0.00;63.00;945.00;63.00;943.74;;;ARML3;;;;;;;;2021-07-28;;;;
FIIM;37.843.293/0001-89;BTG PACTUAL ESG FUNDO DE ÍNDICE S&P/B3 BRAZIL ESG;2023-06-30;486930;21244648.35;AÇÕES;Ação ordinária;N;Para negociação;0.00;0.00;203.00;2653.18;200.00;2426.00;;;CSNA3;;;;;;;;1997-12-30;;;;
FIIM;37.843.293/0001-89;BTG PACTUAL ESG FUNDO DE ÍNDICE S&P/B3 BRAZIL ESG;2023-06-30;486930;21244648.35;AÇÕES;Ação ordinária;N;Para negociação;0.00;0.00;225.00;10988.25;5019.00;247938.60;;;BBAS3;;;;;;;;1997-09-30;;;;
FIIM;37.843.293/0001-89;BTG PACTUAL ESG FUNDO DE ÍNDICE S&P/B3 BRAZIL ESG;2023-06-30;486930;21244648.35;AÇÕES;Ação ordinária;N;Para negociação;0.00;0.00;38.00;2549.80;29.00;1986.50;;;RENT3;;;;;;;;2005-05-23;;;;
FIIM;37.843.293/0001-89;BTG PACTUAL ESG FUNDO DE ÍNDICE S&P/B3 BRAZIL ESG;2023-06-30;486930;21244648.35;AÇÕES;Ação ordinária;N;Para negociação;0.00;0.00;207.00;4797.42;4957.00;122190.05;;;ALSO3;;;;;;;;2019-08-06;;;;
FIIM;37.843.293/0001-89;BTG PACTUAL ESG FUNDO DE ÍNDICE S&P/B3 BRAZIL ESG;2023-06-30;486930;21244648.35;AÇÕES;Ação ordinária;N;Para negociação;0.00;0.00;106.00;799.82;4848.00;36263.04;;;GRND3;;;;;;;;2004-10-29;;;;
FIIM;37.843.293/0001-89;BTG PACTUAL ESG FUNDO DE ÍNDICE S&P/B3 BRAZIL ESG;2023-06-30;486930;21244648.35;AÇÕES;Ação ordinária;N;Para negociação;0.00;0.00;61.00;641.11;1932.00;20595.12;;;MATD3;;;;;;;;2021-04-16;;;;
FIIM;37.843.293/0001-89;BTG PACTUAL ESG FUNDO DE ÍNDICE S&P/B3 BRAZIL ESG;2023-06-30;486930;21244648.35;AÇÕES;Ação ordinária;N;Para negociação;13.00;906.75;0.00;0.00;340.00;27621.60;;;BRPR3;;;;;;;;2007-08-06;;;;
FIIM;37.843.293/0001-89;BTG PACTUAL ESG FUNDO DE ÍNDICE S&P/B3 BRAZIL ESG;2023-06-30;486930;21244648.35;AÇÕES;Ação ordinária;N;Para negociação;0.00;0.00;454.00;1952.20;20625.00;90337.50;;;HAPV3;;;;;;;;2018-04-25;;;;
FIIM;37.843.293/0001-89;BTG PACTUAL ESG FUNDO DE ÍNDICE S&P/B3 BRAZIL ESG;2023-06-30;486930;21244648.35;AÇÕES;Ação ordinária;N;Para negociação;698.00;8254.40;0.00;0.00;20049.00;231966.93;;;MRVE3;;;;;;;;2007-07-23;;;;
FIIM;37.843.293/0001-89;BTG PACTUAL ESG FUNDO DE ÍNDICE S&P/B3 BRAZIL ESG;2023-06-30;486930;21244648.35;AÇÕES;Ação ordinária;N;Para negociação;0.00;0.00;1197.00;4559.60;15299.00;51557.63;;;MGLU3;;;;;;;;2011-05-02;;;;
FIIM;37.843.293/0001-89;BTG PACTUAL ESG FUNDO DE ÍNDICE S&P/B3 BRAZIL ESG;2023-06-30;486930;21244648.35;AÇÕES;Ação ordinária;N;Para negociação;0.00;0.00;367.00;6479.91;2748.00;51415.08;;;PCAR3;;;;;;;;1997-09-02;;;;
FIIM;37.843.293/0001-89;BTG PACTUAL ESG FUNDO DE ÍNDICE S&P/B3 BRAZIL ESG;2023-06-30;486930;21244648.35;AÇÕES;Ação ordinária;N;Para negociação;0.00;0.00;2119.00;9705.59;1800.00;8262.00;;;CIEL3;;;;;;;;2009-12-18;;;;
FIIM;37.843.293/0001-89;BTG PACTUAL ESG FUNDO DE ÍNDICE S&P/B3 BRAZIL ESG;2023-06-30;486930;21244648.35;AÇÕES;Ação ordinária;N;Para negociação;0.00;0.00;1120.00;5476.00;6625.00;32065.00;;;QUAL3;;;;;;;;2011-06-29;;;;
FIIM;37.843.293/0001-89;BTG PACTUAL ESG FUNDO DE ÍNDICE S&P/B3 BRAZIL ESG;2023-06-30;486930;21244648.35;AÇÕES;Ação ordinária;N;Para negociação;312.00;4143.12;0.00;0.00;1400.00;18606.00;;;SBFG3;;;;;;;;2021-03-31;;;;
FIIM;37.843.293/0001-89;BTG PACTUAL ESG FUNDO DE ÍNDICE S&P/B3 BRAZIL ESG;2023-06-30;486930;21244648.35;AÇÕES;Ação ordinária;N;Para negociação;0.00;0.00;29.00;1409.40;186.00;9545.52;;;LOGN3;;;;;;;;2007-06-21;;;;
FIIM;37.843.293/0001-89;BTG PACTUAL ESG FUNDO DE ÍNDICE S&P/B3 BRAZIL ESG;2023-06-30;486930;21244648.35;AÇÕES;Ação ordinária;N;Para negociação;0.00;0.00;60.00;727.20;2801.00;31567.27;;;MILS3;;;;;;;;2010-04-16;;;;
FIIM;37.843.293/0001-89;BTG PACTUAL ESG FUNDO DE ÍNDICE S&P/B3 BRAZIL ESG;2023-06-30;486930;21244648.35;AÇÕES;Ação ordinária;N;Para negociação;0.00;0.00;822.00;18527.00;17386.00;378493.22;;;;KLBN11;;PJ;89637490000145;KLABIN SA;;;;;;;
FIIM;37.843.293/0001-89;BTG PACTUAL ESG FUNDO DE ÍNDICE S&P/B3 BRAZIL ESG;2023-06-30;486930;21244648.35;AÇÕES;Ação ordinária;S;Para negociação;0.00;0.00;354.00;10210.74;9474.00;297957.30;;;;BPAC11;;PJ;30306294000145;Banco BTG Pactual SA;;;;;;;
FIIM;37.843.293/0001-89;BTG PACTUAL ESG FUNDO DE ÍNDICE S&P/B3 BRAZIL ESG;2023-06-30;486930;21244648.35;AÇÕES;Ação ordinária;N;Para negociação;0.00;0.00;88.00;158.40;2828.00;5146.96;;;;ESPA3;;PJ;26659061000159;MPM CORPOREOS SA;;;;;;;
FIIM;37.843.293/0001-89;BTG PACTUAL ESG FUNDO DE ÍNDICE S&P/B3 BRAZIL ESG;2023-06-30;486930;21244648.35;AÇÕES;Ação ordinária;N;Para negociação;0.00;0.00;71.00;908.80;1639.00;20979.20;;;FRAS3;;;;;;;;2002-10-01;;;;
FIIM;37.843.293/0001-89;BTG PACTUAL ESG FUNDO DE ÍNDICE S&P/B3 BRAZIL ESG;2023-06-30;486930;21244648.35;AÇÕES;Ação ordinária;N;Para negociação;0.00;0.00;78.00;381.42;1551.00;7894.59;;;JHSF3;;;;;;;;2007-04-12;;;;
FIIM;37.843.293/0001-89;BTG PACTUAL ESG FUNDO DE ÍNDICE S&P/B3 BRAZIL ESG;2023-06-30;486930;21244648.35;AÇÕES;Ação ordinária;N;Para negociação;0.00;0.00;95.00;2251.50;95.00;2328.45;;;AGRO3;;;;;;;;2006-05-02;;;;
FIIM;37.843.293/0001-89;BTG PACTUAL ESG FUNDO DE ÍNDICE S&P/B3 BRAZIL ESG;2023-06-30;486930;21244648.35;AÇÕES;Ação ordinária;N;Para negociação;0.00;0.00;79.00;1641.62;50.00;1075.00;;;SMFT3;;;;;;;;2018-02-26;;;;
FIIM;37.843.293/0001-89;BTG PACTUAL ESG FUNDO DE ÍNDICE S&P/B3 BRAZIL ESG;2023-06-30;486930;21244648.35;AÇÕES;Ação ordinária;N;Para negociação;0.00;0.00;246.00;9314.18;2720.00;102680.00;;;WEGE3;;;;;;;;2004-08-02;;;;
FIIM;37.843.293/0001-89;BTG PACTUAL ESG FUNDO DE ÍNDICE S&P/B3 BRAZIL ESG;2023-06-30;486930;21244648.35;AÇÕES;Ação ordinária;N;Para negociação;0.00;0.00;1099.00;45368.50;5022.00;213786.54;;;MDIA3;;;;;;;;2006-10-18;;;;
FIIM;37.843.293/0001-89;BTG PACTUAL ESG FUNDO DE ÍNDICE S&P/B3 BRAZIL ESG;2023-06-30;486930;21244648.35;AÇÕES;Ação ordinária;N;Para negociação;0.00;0.00;5.00;361.00;67.00;4998.87;;;UNIP3;;;;;;;;1996-09-26;;;;
FIIM;37.843.293/0001-89;BTG PACTUAL ESG FUNDO DE ÍNDICE S&P/B3 BRAZIL ESG;2023-06-30;486930;21244648.35;AÇÕES;Ação ordinária;N;Para negociação;0.00;0.00;1024.00;4597.04;25949.00;108466.82;;;CMIN3;;;;;;;;2021-05-03;;;;
FIIM;37.843.293/0001-89;BTG PACTUAL ESG FUNDO DE ÍNDICE S&P/B3 BRAZIL ESG;2023-06-30;486930;21244648.35;AÇÕES;Ação ordinária;N;Para negociação;0.00;0.00;119.00;2123.44;4133.00;73815.38;;;CSAN3;;;;;;;;2005-11-18;;;;
FIIM;37.843.293/0001-89;BTG PACTUAL ESG FUNDO DE ÍNDICE S&P/B3 BRAZIL ESG;2023-06-30;486930;21244648.35;AÇÕES;Ação ordinária;N;Para negociação;0.00;0.00;169.00;1933.50;2640.00;27799.20;;;MOVI3;;;;;;;;2017-02-08;;;;
FIIM;37.843.293/0001-89;BTG PACTUAL ESG FUNDO DE ÍNDICE S&P/B3 BRAZIL ESG;2023-06-30;486930;21244648.35;AÇÕES;Ação ordinária;N;Para negociação;0.00;0.00;463.00;13837.40;9955.00;298450.90;;;TOTS3;;;;;;;;2006-03-09;;;;
FIIM;37.843.293/0001-89;BTG PACTUAL ESG FUNDO DE ÍNDICE S&P/B3 BRAZIL ESG;2023-06-30;486930;21244648.35;AÇÕES;Ação ordinária;N;Para negociação;0.00;0.00;53.00;394.85;1407.00;10257.03;;;USIM3;;;;;;;;1998-01-02;;;;
FIIM;37.843.293/0001-89;BTG PACTUAL ESG FUNDO DE ÍNDICE S&P/B3 BRAZIL ESG;2023-06-30;486930;21244648.35;AÇÕES;Ação ordinária;N;Para negociação;0.00;0.00;876.00;18832.84;21654.00;433080.00;;;LREN3;;;;;;;;1998-01-02;;;;
FIIM;37.843.293/0001-89;BTG PACTUAL ESG FUNDO DE ÍNDICE S&P/B3 BRAZIL ESG;2023-06-30;486930;21244648.35;AÇÕES;Ação ordinária;N;Para negociação;0.00;0.00;232.00;3018.80;6937.00;86643.13;;;MYPK3;;;;;;;;1997-06-30;;;;
FIIM;37.843.293/0001-89;BTG PACTUAL ESG FUNDO DE ÍNDICE S&P/B3 BRAZIL ESG;2023-06-30;486930;21244648.35;AÇÕES;Ação ordinária;N;Para negociação;0.00;0.00;136.00;1003.40;6160.00;40532.80;;;PETZ3;;;;;;;;2020-09-11;;;;
FIIM;37.843.293/0001-89;BTG PACTUAL ESG FUNDO DE ÍNDICE S&P/B3 BRAZIL ESG;2023-06-30;486930;21244648.35;AÇÕES;Ação ordinária;N;Para negociação;0.00;0.00;1067.00;9304.91;6147.00;51327.45;;;DXCO3;;;;;;;;2021-08-19;;;;
FIIM;37.843.293/0001-89;BTG PACTUAL ESG FUNDO DE ÍNDICE S&P/B3 BRAZIL ESG;2023-06-30;486930;21244648.35;AÇÕES;Ação ordinária;N;Para negociação;0.00;0.00;36.00;729.36;3671.00;79954.38;;;AMBP3;;;;;;;;2020-07-13;;;;
FIIM;37.843.293/0001-89;BTG PACTUAL ESG FUNDO DE ÍNDICE S&P/B3 BRAZIL ESG;2023-06-30;486930;21244648.35;AÇÕES;Ação ordinária;N;Para negociação;0.00;0.00;46.00;804.54;1412.00;24427.60;;;VULC3;;;;;;;;1991-05-02;;;;
FIIM;37.843.293/0001-89;BTG PACTUAL ESG FUNDO DE ÍNDICE S&P/B3 BRAZIL ESG;2023-06-30;486930;21244648.35;AÇÕES;Ação ordinária;N;Para negociação;0.00;0.00;279.00;1829.08;357.00;2431.17;;;EVEN3;;;;;;;;2007-04-02;;;;
FIIM;37.843.293/0001-89;BTG PACTUAL ESG FUNDO DE ÍNDICE S&P/B3 BRAZIL ESG;2023-06-30;486930;21244648.35;AÇÕES;Ação ordinária;N;Para negociação;36.00;686.88;0.00;0.00;476.00;9124.92;;;RECV3;;;;;;;;2021-05-05;;;;
FIIM;37.843.293/0001-89;BTG PACTUAL ESG FUNDO DE ÍNDICE S&P/B3 BRAZIL ESG;2023-06-30;486930;21244648.35;AÇÕES;Ação ordinária;N;Para negociação;0.00;0.00;86.00;4612.18;807.00;45651.99;;;SBSP3;;;;;;;;1998-02-11;;;;
FIIM;37.843.293/0001-89;BTG PACTUAL ESG FUNDO DE ÍNDICE S&P/B3 BRAZIL ESG;2023-06-30;486930;21244648.35;AÇÕES;Ação ordinária;N;Para negociação;0.00;0.00;13.00;177.45;947.00;12784.50;;;PORT3;;;;;;;;2021-10-25;;;;
FIIM;37.843.293/0001-89;BTG PACTUAL ESG FUNDO DE ÍNDICE S&P/B3 BRAZIL ESG;2023-06-30;486930;21244648.35;AÇÕES;Ação ordinária;N;Para negociação;0.00;0.00;168.00;2106.52;3427.00;44036.95;;;TTEN3;;;;;;;;2021-07-12;;;;
FIIM;37.843.293/0001-89;BTG PACTUAL ESG FUNDO DE ÍNDICE S&P/B3 BRAZIL ESG;2023-06-30;486930;21244648.35;AÇÕES;Ação ordinária;N;Para negociação;0.00;0.00;84.00;987.00;185.00;2072.00;;;CRFB3;;;;;;;;2017-07-20;;;;
FIIM;37.843.293/0001-89;BTG PACTUAL ESG FUNDO DE ÍNDICE S&P/B3 BRAZIL ESG;2023-06-30;486930;21244648.35;AÇÕES;Ação ordinária;N;Para negociação;0.00;0.00;33.00;588.39;3286.00;65128.52;;;YDUQ3;;;;;;;;2019-07-23;;;;
FIIM;37.843.293/0001-89;BTG PACTUAL ESG FUNDO DE ÍNDICE S&P/B3 BRAZIL ESG;2023-06-30;486930;21244648.35;AÇÕES;Ação ordinária;N;Para negociação;0.00;0.00;34.00;299.54;5635.00;44009.35;;;CASH3;;;;;;;;2020-11-05;;;;
FIIM;37.843.293/0001-89;BTG PACTUAL ESG FUNDO DE ÍNDICE S&P/B3 BRAZIL ESG;2023-06-30;486930;21244648.35;AÇÕES;Ação ordinária;N;Para negociação;0.00;0.00;137.00;1541.36;118.00;1191.80;;;ONCO3;;;;;;;;2021-08-10;;;;
FIIM;37.843.293/0001-89;BTG PACTUAL ESG FUNDO DE ÍNDICE S&P/B3 BRAZIL ESG;2023-06-30;486930;21244648.35;AÇÕES;Ação ordinária;N;Para negociação;0.00;0.00;91.00;1751.75;1600.00;32208.00;;;CYRE3;;;;;;;;1997-04-22;;;;
FIIM;37.843.293/0001-89;BTG PACTUAL ESG FUNDO DE ÍNDICE S&P/B3 BRAZIL ESG;2023-06-30;486930;21244648.35;AÇÕES;Ação ordinária;N;Para negociação;0.00;0.00;10.00;116.00;25.00;289.75;;;GOAU3;;;;;;;;1998-01-02;;;;
FIIM;37.843.293/0001-89;BTG PACTUAL ESG FUNDO DE ÍNDICE S&P/B3 BRAZIL ESG;2023-06-30;486930;21244648.35;AÇÕES;Ação ordinária;N;Para negociação;0.00;0.00;102.00;866.92;1000.00;9460.00;;;KEPL3;;;;;;;;1996-03-18;;;;
FIIM;37.843.293/0001-89;BTG PACTUAL ESG FUNDO DE ÍNDICE S&P/B3 BRAZIL ESG;2023-06-30;486930;21244648.35;AÇÕES;Ação ordinária;N;Para negociação;0.00;0.00;755.00;7020.40;4600.00;39468.00;;;LWSA3;;;;;;;;2020-02-06;;;;
FIIM;37.843.293/0001-89;BTG PACTUAL ESG FUNDO DE ÍNDICE S&P/B3 BRAZIL ESG;2023-06-30;486930;21244648.35;AÇÕES;Ação ordinária;N;Para negociação;0.00;0.00;13.00;185.25;6411.00;88087.14;;;ENAT3;;;;;;;;2019-04-24;;;;
FIIM;37.843.293/0001-89;BTG PACTUAL ESG FUNDO DE ÍNDICE S&P/B3 BRAZIL ESG;2023-06-30;486930;21244648.35;AÇÕES;Ação ordinária;N;Para negociação;0.00;0.00;26.00;214.24;2893.00;21755.36;;;JALL3;;;;;;;;2021-07-28;;;;
FIIM;37.843.293/0001-89;BTG PACTUAL ESG FUNDO DE ÍNDICE S&P/B3 BRAZIL ESG;2023-06-30;486930;21244648.35;AÇÕES;Ação ordinária;N;Para negociação;0.00;0.00;332.00;15479.80;7398.00;327139.56;;;SUZB3;;;;;;;;2004-08-05;;;;
FIIM;37.843.293/0001-89;BTG PACTUAL ESG FUNDO DE ÍNDICE S&P/B3 BRAZIL ESG;2023-06-30;486930;21244648.35;AÇÕES;Ação ordinária;N;Para negociação;0.00;0.00;641.00;9755.20;21317.00;311441.37;;;B3SA3;;;;;;;;2018-03-26;;;;
FIIM;37.843.293/0001-89;BTG PACTUAL ESG FUNDO DE ÍNDICE S&P/B3 BRAZIL ESG;2023-06-30;486930;21244648.35;AÇÕES;Ação ordinária;N;Para negociação;0.00;0.00;275.00;12606.75;305.00;14033.05;;;HYPE3;;;;;;;;2008-04-18;;;;
FIIM;37.843.293/0001-89;BTG PACTUAL ESG FUNDO DE ÍNDICE S&P/B3 BRAZIL ESG;2023-06-30;486930;21244648.35;AÇÕES;Ação ordinária;N;Para negociação;106.00;1451.60;0.00;0.00;14953.00;205603.75;;;ASAI3;;;;;;;;2021-08-12;;;;
FIIM;37.843.293/0001-89;BTG PACTUAL ESG FUNDO DE ÍNDICE S&P/B3 BRAZIL ESG;2023-06-30;486930;21244648.35;AÇÕES;Ação ordinária;N;Para negociação;0.00;0.00;199.00;5563.95;3435.00;97828.80;;;VIVA3;;;;;;;;2019-10-10;;;;
FIIM;37.843.293/0001-89;BTG PACTUAL ESG FUNDO DE ÍNDICE S&P/B3 BRAZIL ESG;2023-06-30;486930;21244648.35;AÇÕES;Ação ordinária;N;Para negociação;0.00;0.00;204.00;3246.48;7327.00;117598.35;;;FLRY3;;;;;;;;2009-12-17;;;;
FIIM;37.843.293/0001-89;BTG PACTUAL ESG FUNDO DE ÍNDICE S&P/B3 BRAZIL ESG;2023-06-30;486930;21244648.35;AÇÕES;Ação preferencial;N;Para negociação;0.00;0.00;920.00;8702.60;38489.00;371033.96;;;ITSA4;;;;;;;;1998-03-04;;;;
FIIM;37.843.293/0001-89;BTG PACTUAL ESG FUNDO DE ÍNDICE S&P/B3 BRAZIL ESG;2023-06-30;486930;21244648.35;AÇÕES;Ação preferencial;N;Para negociação;0.00;0.00;581.00;4299.40;14864.00;105088.48;;;USIM5;;;;;;;;1999-02-02;;;;
FIIM;37.843.293/0001-89;BTG PACTUAL ESG FUNDO DE ÍNDICE S&P/B3 BRAZIL ESG;2023-06-30;486930;21244648.35;AÇÕES;Ação preferencial;N;Para negociação;0.00;0.00;270.00;6880.70;7223.00;183175.28;;;TRPL4;;;;;;;;1999-07-26;;;;
FIIM;37.843.293/0001-89;BTG PACTUAL ESG FUNDO DE ÍNDICE S&P/B3 BRAZIL ESG;2023-06-30;486930;21244648.35;AÇÕES;Ação preferencial;N;Para negociação;0.00;0.00;724.00;8643.12;10595.00;128941.15;;;RAPT4;;;;;;;;1996-04-16;;;;
FIIM;37.843.293/0001-89;BTG PACTUAL ESG FUNDO DE ÍNDICE S&P/B3 BRAZIL ESG;2023-06-30;486930;21244648.35;AÇÕES;Ação preferencial;N;Para negociação;0.00;0.00;73.00;2190.73;2686.00;79317.58;;;PETR4;;;;;;;;1997-03-24;;;;
FIIM;37.843.293/0001-89;BTG PACTUAL ESG FUNDO DE ÍNDICE S&P/B3 BRAZIL ESG;2023-06-30;486930;21244648.35;AÇÕES;Ação preferencial;N;Para negociação;0.00;0.00;177.00;4979.62;12092.00;343654.64;;;ITUB4;;;;;;;;2009-05-20;;;;
FIIM;37.843.293/0001-89;BTG PACTUAL ESG FUNDO DE ÍNDICE S&P/B3 BRAZIL ESG;2023-06-30;486930;21244648.35;AÇÕES;Ação preferencial;N;Para negociação;1757.00;48652.37;0.00;0.00;101.00;2813.86;;;BRKM5;;;;;;;;2002-09-02;;;;
FIIM;37.843.293/0001-89;BTG PACTUAL ESG FUNDO DE ÍNDICE S&P/B3 BRAZIL ESG;2023-06-30;486930;21244648.35;AÇÕES;Ação preferencial;N;Para negociação;0.00;0.00;13.00;306.41;392.00;8706.32;;;BRAP4;;;;;;;;2000-08-10;;;;
FIIM;37.843.293/0001-89;BTG PACTUAL ESG FUNDO DE ÍNDICE S&P/B3 BRAZIL ESG;2023-06-30;486930;21244648.35;AÇÕES;Ação preferencial;N;Para negociação;0.00;0.00;35.00;1682.10;35.00;1696.45;;;FESA4;;;;;;;;1997-05-02;;;;
FIIM;37.843.293/0001-89;BTG PACTUAL ESG FUNDO DE ÍNDICE S&P/B3 BRAZIL ESG;2023-06-30;486930;21244648.35;AÇÕES;Ação preferencial;N;Para negociação;267.00;3856.12;0.00;0.00;6552.00;98280.00;;;BRSR6;;;;;;;;2007-09-03;;;;
FIIM;37.843.293/0001-89;BTG PACTUAL ESG FUNDO DE ÍNDICE S&P/B3 BRAZIL ESG;2023-06-30;486930;21244648.35;AÇÕES;Ação preferencial;N;Para negociação;0.00;0.00;238.00;2883.80;8569.00;101285.58;;;GOAU4;;;;;;;;1998-01-02;;;;
FIIM;37.843.293/0001-89;BTG PACTUAL ESG FUNDO DE ÍNDICE S&P/B3 BRAZIL ESG;2023-06-30;486930;21244648.35;AÇÕES;Ação preferencial;N;Para negociação;0.00;0.00;120.00;3122.60;2273.00;56984.11;;;GGBR4;;;;;;;;2001-02-01;;;;
FIIM;37.843.293/0001-89;BTG PACTUAL ESG FUNDO DE ÍNDICE S&P/B3 BRAZIL ESG;2023-06-30;486930;21244648.35;AÇÕES;Ação preferencial;N;Para negociação;2918.00;11496.92;0.00;0.00;53890.00;237116.00;;;RAIZ4;;;;;;;;2021-08-05;;;;
FIIM;37.843.293/0001-89;BTG PACTUAL ESG FUNDO DE ÍNDICE S&P/B3 BRAZIL ESG;2023-06-30;486930;21244648.35;AÇÕES;Ação preferencial;N;Para negociação;0.00;0.00;17.00;539.24;283.00;8447.55;;;;RRRP3;;PJ;12091809000155;3R PETROLEUM OLEO E GAS S.A.;;;;;;;
FIIM;37.843.293/0001-89;BTG PACTUAL ESG FUNDO DE ÍNDICE S&P/B3 BRAZIL ESG;2023-06-30;486930;21244648.35;AÇÕES;Ação preferencial;N;Para negociação;0.00;0.00;714.00;9103.64;20471.00;263257.06;;;CMIG4;;;;;;;;1997-12-26;;;;
FIIM;37.843.293/0001-89;BTG PACTUAL ESG FUNDO DE ÍNDICE S&P/B3 BRAZIL ESG;2023-06-30;486930;21244648.35;AÇÕES;Ação preferencial;N;Para negociação;0.00;0.00;823.00;13865.48;19558.00;321729.10;;;BBDC4;;;;;;;;1998-03-02;;;;
FIIM;37.843.293/0001-89;BTG PACTUAL ESG FUNDO DE ÍNDICE S&P/B3 BRAZIL ESG;2023-06-30;486930;21244648.35;AÇÕES;Ação preferencial;N;Para negociação;0.00;0.00;118.00;2110.30;2714.00;51755.98;;;ABCB4;;;;;;;;2007-07-25;;;;
FIIM;37.843.293/0001-89;BTG PACTUAL ESG FUNDO DE ÍNDICE S&P/B3 BRAZIL ESG;2023-06-30;486930;21244648.35;AÇÕES;Ação preferencial;N;Para negociação;0.00;0.00;21.00;1585.50;54.00;4273.56;;;UNIP6;;;;;;;;1996-09-26;;;;
FIIM;37.843.293/0001-89;BTG PACTUAL ESG FUNDO DE ÍNDICE S&P/B3 BRAZIL ESG;2023-06-30;486930;21244648.35;AÇÕES;Ação preferencial;N;Para negociação;143.00;1597.02;0.00;0.00;2748.00;36191.16;;;GOLL4;;;;;;;;2004-06-24;;;;
FIIM;37.843.293/0001-89;BTG PACTUAL ESG FUNDO DE ÍNDICE S&P/B3 BRAZIL ESG;2023-06-30;486930;21244648.35;AÇÕES;Ação preferencial;N;Para negociação;0.00;0.00;331.00;2675.10;699.00;6395.85;;;BPAN4;;;;;;;;2014-08-05;;;;
FIIM;37.843.293/0001-89;BTG PACTUAL ESG FUNDO DE ÍNDICE S&P/B3 BRAZIL ESG;2023-06-30;486930;21244648.35;OPERAÇÕES COMPROMISSADAS;;N;Para negociação;0.00;0.00;0.00;0.00;32.00;129367.31;;;;;2025-05-15;;;;;760199;;;;;
FIIM;37.985.763/0001-49;TREND ETF LBMA OURO FUNDO DE INVESTIMENTO DE INDICE INVESTIMENTO NO EXTERIOR;2023-06-30;487959;343206548.79;COTAS DE FUNDOS;;N;;783.51;94680.83;1224.61;148457.02;1292.82;157350.84;;;;;;PJ;43105440000116;BNP Paribas Soberano II FIC FI RF Simples;;;;;;;
FIIM;38.000.706/0001-26;IT NOW BLOOMBERG GALAXY BITCOIN FUNDO DE ÍNDICE;2023-06-30;487677;15254001.83;DISPONIBILIDADES;Outros;;Para negociação;;;;;;14461.21;;;;DISPONIBILIDADES;;;;;;;;;;;
FIIM;38.000.706/0001-26;IT NOW BLOOMBERG GALAXY BITCOIN FUNDO DE ÍNDICE;2023-06-30;487677;15254001.83;VALORES A PAGAR;Outros;;Para negociação;;;;;;35273.53;;;;VALORES A PAGAR;;;;;;;;;;;
FIIM;38.000.706/0001-26;IT NOW BLOOMBERG GALAXY BITCOIN FUNDO DE ÍNDICE;2023-06-30;487677;15254001.83;VALORES A RECEBER;Outros;;Para negociação;;;;;;11299.94;;;;VALORES A RECEBER;;;;;;;;;;;
FIIM;38.000.706/0001-26;IT NOW BLOOMBERG GALAXY BITCOIN FUNDO DE ÍNDICE;2023-06-30;487677;15254001.83;INVESTIMENTO NO EXTERIOR;Fundo de Investimento e de Cotas;N;Para negociação;0.00;0.00;0.00;0.00;174241.00;15263514.21;;;82;;2050-12-31;;;NAV - 174241;N;;;28;ESTADOS UNIDOS DA AMÉRICA;99;OUTRAS BOLSAS OU MERCADOS DE BALCÃO ORGANIZADOS
FIIM;38.314.708/0001-90;HASHDEX NASDAQ CRYPTO INDEX FUNDO DE INDICE;2023-06-30;487625;1222355220.66;DISPONIBILIDADES;Outros;;Para negociação;;;;;;14196.55;;2023-09-28;;Disponibilidade;;;;;;;;;;;
FIIM;38.314.708/0001-90;HASHDEX NASDAQ CRYPTO INDEX FUNDO DE INDICE;2023-06-30;487625;1222355220.66;VALORES A PAGAR;Outros;;Para negociação;;;;;;7692059.30;;2023-09-28;;Valores a Pagar;;;;;;;;;;;
FIIM;38.314.708/0001-90;HASHDEX NASDAQ CRYPTO INDEX FUNDO DE INDICE;2023-06-30;487625;1222355220.66;VALORES A RECEBER;Outros;;Para negociação;;;;;;2398009.64;;2023-09-28;;Valores a Receber;;;;;;;;;;;
FIIM;38.314.708/0001-90;HASHDEX NASDAQ CRYPTO INDEX FUNDO DE INDICE;2023-06-30;487625;1222355220.66;OPERAÇÕES COMPROMISSADAS;;N;Para negociação;;;;;165.00;2187950.43;;2023-09-28;;;2029-03-01;;;;;210100;;;;;
FIIM;38.314.708/0001-90;HASHDEX NASDAQ CRYPTO INDEX FUNDO DE INDICE;2023-06-30;487625;1222355220.66;OPERAÇÕES COMPROMISSADAS;;N;Para negociação;;;;;94.00;1252376.31;;2023-09-28;;;2024-09-01;;;;;210100;;;;;
FIIM;38.314.708/0001-90;HASHDEX NASDAQ CRYPTO INDEX FUNDO DE INDICE;2023-06-30;487625;1222355220.66;INVESTIMENTO NO EXTERIOR;Outros;N;Para negociação;1882.00;30571013.68;0.00;0.00;70133.00;1215079521.02;;2023-09-28;HASH 11 ETF;;2050-12-29;;;HASH 11 ETF CLASSE E;N;;;28;ESTADOS UNIDOS DA AMÉRICA;99;OUTRAS BOLSAS OU MERCADOS DE BALCÃO ORGANIZADOS
FIIM;38.314.708/0001-90;HASHDEX NASDAQ CRYPTO INDEX FUNDO DE INDICE;2023-06-30;487625;1222355220.66;INVESTIMENTO NO EXTERIOR;Outros;N;Para negociação;3.33;53219.12;0.00;0.00;435.96;7553131.38;;2023-09-28;HASH 11 ETF;;2050-12-29;;;HASH 11 ETF CLASSE C;N;;;28;ESTADOS UNIDOS DA AMÉRICA;99;OUTRAS BOLSAS OU MERCADOS DE BALCÃO ORGANIZADOS
FIIM;38.354.844/0001-03;IT NOW NYSE FANG + FUNDO DE INDICE;2023-06-30;487664;48544550.02;DISPONIBILIDADES;Outros;;Para negociação;;;;;;460625.55;;;;DISPONIBILIDADES;;;;;;;;;;;
FIIM;38.354.844/0001-03;IT NOW NYSE FANG + FUNDO DE INDICE;2023-06-30;487664;48544550.02;VALORES A PAGAR;Outros;;Para negociação;;;;;;411985.10;;;;VALORES A PAGAR;;;;;;;;;;;
FIIM;38.354.844/0001-03;IT NOW NYSE FANG + FUNDO DE INDICE;2023-06-30;487664;48544550.02;VALORES A RECEBER;Outros;;Para negociação;;;;;;38687.14;;;;VALORES A RECEBER;;;;;;;;;;;
FIIM;38.354.844/0001-03;IT NOW NYSE FANG + FUNDO DE INDICE;2023-06-30;487664;48544550.02;INVESTIMENTO NO EXTERIOR;Ação ordinária;N;Para negociação;532.00;101555.21;334.00;61516.12;5602.00;4718230.04;;;1;;2049-12-31;;;SNOWFLAKE INC-CLASS A - 5602;N;;;28;ESTADOS UNIDOS DA AMÉRICA;99;OUTRAS BOLSAS OU MERCADOS DE BALCÃO ORGANIZADOS
FIIM;38.354.844/0001-03;IT NOW NYSE FANG + FUNDO DE INDICE;2023-06-30;487664;48544550.02;INVESTIMENTO NO EXTERIOR;Ação ordinária;N;Para negociação;1062.00;130923.12;0.00;0.00;7966.00;4342850.18;;;1;;2049-12-31;;;ADVANCED MICRO DEVICES INC - 7966;N;;;28;ESTADOS UNIDOS DA AMÉRICA;99;OUTRAS BOLSAS OU MERCADOS DE BALCÃO ORGANIZADOS
FIIM;38.354.844/0001-03;IT NOW NYSE FANG + FUNDO DE INDICE;2023-06-30;487664;48544550.02;INVESTIMENTO NO EXTERIOR;Ação ordinária;N;Para negociação;280.00;97431.52;237.00;81132.21;3007.00;4900882.09;;;1;;2049-12-31;;;MICROSOFT CORP - 3007;N;;;28;ESTADOS UNIDOS DA AMÉRICA;A11;NASDAQ STOCK MARKET
FIIM;38.354.844/0001-03;IT NOW NYSE FANG + FUNDO DE INDICE;2023-06-30;487664;48544550.02;INVESTIMENTO NO EXTERIOR;Ação ordinária;N;Para negociação;774.00;96827.02;551.00;68065.03;8201.00;4698223.32;;;1;;2049-12-31;;;GOOGLE INC - 8201;N;;;28;ESTADOS UNIDOS DA AMÉRICA;A11;NASDAQ STOCK MARKET
FIIM;38.354.844/0001-03;IT NOW NYSE FANG + FUNDO DE INDICE;2023-06-30;487664;48544550.02;INVESTIMENTO NO EXTERIOR;Ação ordinária;N;Para negociação;364.00;160397.62;0.00;0.00;2301.00;4850934.00;;;1;;2049-12-31;;;NETFLIX INC - 2301;N;;;28;ESTADOS UNIDOS DA AMÉRICA;A11;NASDAQ STOCK MARKET
FIIM;38.354.844/0001-03;IT NOW NYSE FANG + FUNDO DE INDICE;2023-06-30;487664;48544550.02;INVESTIMENTO NO EXTERIOR;Ação ordinária;N;Para negociação;537.00;137845.14;0.00;0.00;3950.00;4948683.31;;;1;;2049-12-31;;;TESLA INC - 3950;N;;;28;ESTADOS UNIDOS DA AMÉRICA;A11;NASDAQ STOCK MARKET
FIIM;38.354.844/0001-03;IT NOW NYSE FANG + FUNDO DE INDICE;2023-06-30;487664;48544550.02;INVESTIMENTO NO EXTERIOR;Ação ordinária;N;Para negociação;773.00;98241.55;380.00;47686.20;8023.00;5005573.44;;;1;;2049-12-31;;;AMAZON.COM, INC - 8023;N;;;28;ESTADOS UNIDOS DA AMÉRICA;A11;NASDAQ STOCK MARKET
FIIM;38.354.844/0001-03;IT NOW NYSE FANG + FUNDO DE INDICE;2023-06-30;487664;48544550.02;INVESTIMENTO NO EXTERIOR;Ação ordinária;N;Para negociação;983.00;419438.17;0.00;0.00;2359.00;4775969.40;;;1;;2049-12-31;;;NVIDIA CORP - 2359;N;;;28;ESTADOS UNIDOS DA AMÉRICA;A11;NASDAQ STOCK MARKET
FIIM;38.354.844/0001-03;IT NOW NYSE FANG + FUNDO DE INDICE;2023-06-30;487664;48544550.02;INVESTIMENTO NO EXTERIOR;Ação ordinária;N;Para negociação;486.00;90368.71;708.00;130923.36;5514.00;5118869.07;;;1;;2049-12-31;;;APPLE INC - 5514;N;;;28;ESTADOS UNIDOS DA AMÉRICA;A11;NASDAQ STOCK MARKET
FIIM;38.354.844/0001-03;IT NOW NYSE FANG + FUNDO DE INDICE;2023-06-30;487664;48544550.02;INVESTIMENTO NO EXTERIOR;Ação ordinária;N;Para negociação;383.00;107893.32;0.00;0.00;3711.00;5097007.58;;;1;;2049-12-31;;;META HOLDING S/A - 3711;N;;;28;ESTADOS UNIDOS DA AMÉRICA;99;OUTRAS BOLSAS OU MERCADOS DE BALCÃO ORGANIZADOS
FIIM;38.354.864/0001-84;IT NOW IMA-B5 P2 FUNDO DE INDICE;2023-06-30;487661;362578972.80;TÍTULOS PÚBLICOS;;;Para negociação;0.00;0.00;0.00;0.00;8766.00;38218362.77;;;;;2028-08-15;;;;;760199;;;;;
FIIM;38.354.864/0001-84;IT NOW IMA-B5 P2 FUNDO DE INDICE;2023-06-30;487661;362578972.80;TÍTULOS PÚBLICOS;;;Para negociação;0.00;0.00;0.00;0.00;22731.00;97386308.43;;;;;2026-08-15;;;;;760199;;;;;
FIIM;38.354.864/0001-84;IT NOW IMA-B5 P2 FUNDO DE INDICE;2023-06-30;487661;362578972.80;TÍTULOS PÚBLICOS;;;Para negociação;0.00;0.00;0.00;0.00;10597.00;45098089.29;;;;;2027-05-15;;;;;760199;;;;;
FIIM;38.354.864/0001-84;IT NOW IMA-B5 P2 FUNDO DE INDICE;2023-06-30;487661;362578972.80;TÍTULOS PÚBLICOS;;;Para negociação;0.00;0.00;0.00;0.00;26451.00;110009792.83;;;;;2024-08-15;;;;;760199;;;;;
FIIM;38.354.864/0001-84;IT NOW IMA-B5 P2 FUNDO DE INDICE;2023-06-30;487661;362578972.80;TÍTULOS PÚBLICOS;;;Para negociação;0.00;0.00;0.00;0.00;17285.00;71828819.17;;;;;2025-05-15;;;;;760199;;;;;
FIIM;38.354.864/0001-84;IT NOW IMA-B5 P2 FUNDO DE INDICE;2023-06-30;487661;362578972.80;DISPONIBILIDADES;Outros;;Para negociação;;;;;;101225.88;;;;DISPONIBILIDADES;;;;;;;;;;;
FIIM;38.354.864/0001-84;IT NOW IMA-B5 P2 FUNDO DE INDICE;2023-06-30;487661;362578972.80;VALORES A PAGAR;Outros;;Para negociação;;;;;;92571.72;;;;VALORES A PAGAR;;;;;;;;;;;
FIIM;38.354.864/0001-84;IT NOW IMA-B5 P2 FUNDO DE INDICE;2023-06-30;487661;362578972.80;VALORES A RECEBER;Outros;;Para negociação;;;;;;28946.15;;;;VALORES A RECEBER;;;;;;;;;;;
FIIM;38.542.870/0001-65;TREND ETF MSCI CHINA FUNDO DE INVESTIMENTO DE INDICE INVESTIMENTO NO EXTERIOR;2023-06-30;487960;190652126.65;COTAS DE FUNDOS;;N;;846.83;102437.65;518.03;62776.15;253.99;30913.10;;;;;;PJ;43105440000116;BNP Paribas Soberano II FIC FI RF Simples;;;;;;;
FIIM;38.542.889/0001-01;TREND ETF MSCI ACWI FUNDO DE INVESTIMENTO DE INDICE - INVESTIMENTO NO EXTERIOR;2023-06-30;487962;51662137.33;COTAS DE FUNDOS;;N;;331.49;40132.56;265.86;32304.59;203.18;24729.85;;;;;;PJ;43105440000116;BNP Paribas Soberano II FIC FI RF Simples;;;;;;;
FIIM;38.595.988/0001-51;TREND ETF MSCI EUROPA FUNDO DE INVESTIMENTO DE INDICE INVESTIMENTO NO EXTERIOR;2023-06-30;487961;32021664.20;COTAS DE FUNDOS;;N;;206.59;25014.06;227.16;27573.17;116.61;14192.46;;;;;;PJ;43105440000116;BNP Paribas Soberano II FIC FI RF Simples;;;;;;;
FIIM;39.979.022/0001-80;QR CME CF BITCOIN REFERENCE RATE FUNDO DE INDICE - INVESTIMENTO NO EXTERIOR;2023-06-30;488235;149073410.89;DISPONIBILIDADES;Outros;;Para negociação;;;;;;2037.98;;;;EXTERIOR CAIXA;;PJ;4423567000121;*** A Definir ***;;;;;;;
FIIM;39.979.022/0001-80;QR CME CF BITCOIN REFERENCE RATE FUNDO DE INDICE - INVESTIMENTO NO EXTERIOR;2023-06-30;488235;149073410.89;VALORES A PAGAR;Outros;;Para negociação;;;;;;10313.63;;;;TAXA ADM PROVIS?O;;PJ;29415858000107;SEM DEFINI??O;;;;;;;
FIIM;39.979.022/0001-80;QR CME CF BITCOIN REFERENCE RATE FUNDO DE INDICE - INVESTIMENTO NO EXTERIOR;2023-06-30;488235;149073410.89;VALORES A PAGAR;Outros;;Para negociação;;;;;;2000.00;;;;TX ESCRT FIX PROVIS?O;;PJ;29415858000107;SEM DEFINI??O;;;;;;;
FIIM;39.979.022/0001-80;QR CME CF BITCOIN REFERENCE RATE FUNDO DE INDICE - INVESTIMENTO NO EXTERIOR;2023-06-30;488235;149073410.89;VALORES A PAGAR;Outros;;Para negociação;;;;;;69903.46;;;;TAXA GEST?O PROVIS?O;;PJ;29415858000107;SEM DEFINI??O;;;;;;;
FIIM;39.979.022/0001-80;QR CME CF BITCOIN REFERENCE RATE FUNDO DE INDICE - INVESTIMENTO NO EXTERIOR;2023-06-30;488235;149073410.89;VALORES A PAGAR;Outros;;Para negociação;;;;;;14399.20;;;;TX ESCRT VAR PROVIS?O;;PJ;29415858000107;SEM DEFINI??O;;;;;;;
FIIM;39.979.022/0001-80;QR CME CF BITCOIN REFERENCE RATE FUNDO DE INDICE - INVESTIMENTO NO EXTERIOR;2023-06-30;488235;149073410.89;VALORES A PAGAR;Outros;;Para negociação;;;;;;69498.44;;;;VALOR A PAGA;;PJ;29415858000107;SEM DEFINI??O;;;;;;;
FIIM;39.979.022/0001-80;QR CME CF BITCOIN REFERENCE RATE FUNDO DE INDICE - INVESTIMENTO NO EXTERIOR;2023-06-30;488235;149073410.89;VALORES A PAGAR;Outros;;Para negociação;;;;;;5100.00;;;;DESP AUDITOR PROVISAO;;PJ;29415858000107;SEM DEFINI??O;;;;;;;
FIIM;39.979.022/0001-80;QR CME CF BITCOIN REFERENCE RATE FUNDO DE INDICE - INVESTIMENTO NO EXTERIOR;2023-06-30;488235;149073410.89;VALORES A RECEBER;Outros;;Para negociação;;;;;;412.13;;;;ANBIMA 07/23 DIFERIDO;;PJ;29415858000107;SEM DEFINI??O;;;;;;;
FIIM;39.979.022/0001-80;QR CME CF BITCOIN REFERENCE RATE FUNDO DE INDICE - INVESTIMENTO NO EXTERIOR;2023-06-30;488235;149073410.89;VALORES A RECEBER;Outros;;Para negociação;;;;;;10241.98;;;;TX REGISTRO DIFERIDO;;PJ;29415858000107;SEM DEFINI??O;;;;;;;
FIIM;39.979.022/0001-80;QR CME CF BITCOIN REFERENCE RATE FUNDO DE INDICE - INVESTIMENTO NO EXTERIOR;2023-06-30;488235;149073410.89;VALORES A RECEBER;Outros;;Para negociação;;;;;;7069.38;;;;ANUIDADE_B3 DIFERIDO;;PJ;29415858000107;SEM DEFINI??O;;;;;;;
FIIM;39.979.022/0001-80;QR CME CF BITCOIN REFERENCE RATE FUNDO DE INDICE - INVESTIMENTO NO EXTERIOR;2023-06-30;488235;149073410.89;VALORES A RECEBER;Outros;;Para negociação;;;;;;14229.91;;;;VAL A RECEBE;;PJ;29415858000107;SEM DEFINI??O;;;;;;;
FIIM;39.979.022/0001-80;QR CME CF BITCOIN REFERENCE RATE FUNDO DE INDICE - INVESTIMENTO NO EXTERIOR;2023-06-30;488235;149073410.89;OPERAÇÕES COMPROMISSADAS;Título público federal;N;Para negociação;;;;;81.00;70362.11;;;;OVER LTN SELIC - 01/10/2024;;PJ;394460040950;SECRETARIA TESOURO NACIONAL;;;;;;;
FIIM;39.979.022/0001-80;QR CME CF BITCOIN REFERENCE RATE FUNDO DE INDICE - INVESTIMENTO NO EXTERIOR;2023-06-30;488235;149073410.89;INVESTIMENTO NO EXTERIOR;Outros;N;Para negociação;;;;;1027.00;149140272.13;;;CME IND USD;;2021-06-22;;;CME IND USD;N;;;28;ESTADOS UNIDOS DA AMÉRICA;A1;AMERICAN STOCK EXCHANGE
FIIM;40.155.573/0001-09;TREND ETF IBOVESPA FUNDO DE INDICE;2023-06-30;488164;532857278.42;AÇÕES;Ação ordinária;N;Para negociação;1746.00;20215.20;7414.00;81985.71;62834.00;754008.00;;2023-09-28;SOMA3;;;;;;;;2020-07-31;;;;
FIIM;40.155.573/0001-09;TREND ETF IBOVESPA FUNDO DE INDICE;2023-06-30;488164;532857278.42;AÇÕES;Ação ordinária;N;Para negociação;5331.00;77233.19;22659.00;319080.21;181958.00;2663865.12;;2023-09-28;BBDC3;;;;;;;;1973-12-06;;;;
FIIM;40.155.573/0001-09;TREND ETF IBOVESPA FUNDO DE INDICE;2023-06-30;488164;532857278.42;AÇÕES;Ação ordinária;N;Para negociação;15370.00;64262.11;65300.00;274818.07;726484.00;3181999.92;;2023-09-28;HAPV3;;;;;;;;2018-04-25;;;;
FIIM;40.155.573/0001-09;TREND ETF IBOVESPA FUNDO DE INDICE;2023-06-30;488164;532857278.42;AÇÕES;Ação ordinária;N;Para negociação;294.00;11773.03;1234.00;48339.62;9351.00;407236.05;;2023-09-28;IRBR3;;;;;;;;2017-07-31;;;;
FIIM;40.155.573/0001-09;TREND ETF IBOVESPA FUNDO DE INDICE;2023-06-30;488164;532857278.42;AÇÕES;Ação ordinária;N;Para negociação;1052.00;18689.99;4470.00;73214.32;26673.00;528658.86;;2023-09-28;YDUQ3;;;;;;;;2019-07-23;;;;
FIIM;40.155.573/0001-09;TREND ETF IBOVESPA FUNDO DE INDICE;2023-06-30;488164;532857278.42;AÇÕES;Ação ordinária;N;Para negociação;379.00;13917.98;1601.00;57278.28;26284.00;1004574.48;;2023-09-28;SLCE3;;;;;;;;2007-06-15;;;;
FIIM;40.155.573/0001-09;TREND ETF IBOVESPA FUNDO DE INDICE;2023-06-30;488164;532857278.42;AÇÕES;Ação ordinária;N;Para negociação;2983.00;49796.91;12670.00;193286.78;117464.00;1966347.36;;2023-09-28;NTCO3;;;;;;;;2019-12-18;;;;
FIIM;40.155.573/0001-09;TREND ETF IBOVESPA FUNDO DE INDICE;2023-06-30;488164;532857278.42;AÇÕES;Ação ordinária;N;Para negociação;2389.00;72509.66;10145.00;312930.67;76913.00;2366613.01;;2023-09-28;BBSE3;;;;;;;;2013-04-29;;;;
FIIM;40.155.573/0001-09;TREND ETF IBOVESPA FUNDO DE INDICE;2023-06-30;488164;532857278.42;AÇÕES;Ação ordinária;N;Para negociação;1825.00;53974.00;7758.00;227035.45;55347.00;1659303.06;;2023-09-28;TOTS3;;;;;;;;2006-03-09;;;;
FIIM;40.155.573/0001-09;TREND ETF IBOVESPA FUNDO DE INDICE;2023-06-30;488164;532857278.42;AÇÕES;Ação ordinária;N;Para negociação;20378.00;297831.92;86583.00;1253515.89;971023.00;14186646.03;;2023-09-28;B3SA3;;;;;;;;2018-03-26;;;;
FIIM;40.155.573/0001-09;TREND ETF IBOVESPA FUNDO DE INDICE;2023-06-30;488164;532857278.42;AÇÕES;Ação ordinária;N;Para negociação;4483.00;166497.59;19040.00;716331.00;183298.00;6919499.50;;2023-09-28;WEGE3;;;;;;;;2004-08-02;;;;
FIIM;40.155.573/0001-09;TREND ETF IBOVESPA FUNDO DE INDICE;2023-06-30;488164;532857278.42;AÇÕES;Ação ordinária;N;Para negociação;332.00;6113.21;1421.00;26433.90;9592.00;176684.64;;2023-09-28;EZTC3;;;;;;;;2007-06-22;;;;
FIIM;40.155.573/0001-09;TREND ETF IBOVESPA FUNDO DE INDICE;2023-06-30;488164;532857278.42;AÇÕES;Ação ordinária;N;Para negociação;909.00;40596.30;3856.00;168248.09;23023.00;1051920.87;;2023-09-28;EGIE3;;;;;;;;2016-07-21;;;;
FIIM;40.155.573/0001-09;TREND ETF IBOVESPA FUNDO DE INDICE;2023-06-30;488164;532857278.42;AÇÕES;Ação ordinária;N;Para negociação;10631.00;359670.73;45168.00;1433356.79;662915.00;21942486.50;;2023-09-28;PETR3;;;;;;;;1973-09-18;;;;
FIIM;40.155.573/0001-09;TREND ETF IBOVESPA FUNDO DE INDICE;2023-06-30;488164;532857278.42;AÇÕES;Ação ordinária;N;Para negociação;506.00;18309.94;2161.00;80732.81;24753.00;845314.95;;2023-09-28;SMTO3;;;;;;;;2007-02-12;;;;
FIIM;40.155.573/0001-09;TREND ETF IBOVESPA FUNDO DE INDICE;2023-06-30;488164;532857278.42;AÇÕES;Ação ordinária;N;Para negociação;10216.00;36963.28;43406.00;166359.47;333941.00;1125381.17;;2023-09-28;MGLU3;;;;;;;;2011-05-02;;;;
FIIM;40.155.573/0001-09;TREND ETF IBOVESPA FUNDO DE INDICE;2023-06-30;488164;532857278.42;AÇÕES;Ação ordinária;N;Para negociação;1492.00;23508.59;6164.00;96948.83;40621.00;651967.05;;2023-09-28;FLRY3;;;;;;;;2009-12-17;;;;
FIIM;40.155.573/0001-09;TREND ETF IBOVESPA FUNDO DE INDICE;2023-06-30;488164;532857278.42;AÇÕES;Ação ordinária;N;Para negociação;3826.00;34126.28;16257.00;143081.69;96476.00;859601.16;;2023-09-28;BRFS3;;;;;;;;2009-12-10;;;;
FIIM;40.155.573/0001-09;TREND ETF IBOVESPA FUNDO DE INDICE;2023-06-30;488164;532857278.42;AÇÕES;Ação ordinária;N;Para negociação;3382.00;72573.59;14359.00;299334.51;207300.00;4146000.00;;2023-09-28;LREN3;;;;;;;;1973-07-24;;;;
FIIM;40.155.573/0001-09;TREND ETF IBOVESPA FUNDO DE INDICE;2023-06-30;488164;532857278.42;AÇÕES;Ação ordinária;N;Para negociação;979.00;8448.83;4154.00;36861.93;49416.00;412623.60;;2023-09-28;DXCO3;;;;;;;;2021-08-19;;;;
FIIM;40.155.573/0001-09;TREND ETF IBOVESPA FUNDO DE INDICE;2023-06-30;488164;532857278.42;AÇÕES;Ação ordinária;N;Para negociação;4163.00;73902.59;17687.00;300805.76;285813.00;5104620.18;;2023-09-28;CSAN3;;;;;;;;2005-11-18;;;;
FIIM;40.155.573/0001-09;TREND ETF IBOVESPA FUNDO DE INDICE;2023-06-30;488164;532857278.42;AÇÕES;Ação ordinária;N;Para negociação;1203.00;65351.06;5128.00;274796.56;31637.00;1789705.09;;2023-09-28;SBSP3;;;;;;;;1997-03-11;;;;
FIIM;40.155.573/0001-09;TREND ETF IBOVESPA FUNDO DE INDICE;2023-06-30;488164;532857278.42;AÇÕES;Ação ordinária;N;Para negociação;4032.00;70246.88;17138.00;297545.49;183053.00;3196105.38;;2023-09-28;JBSS3;;;;;;;;2007-03-29;;;;
FIIM;40.155.573/0001-09;TREND ETF IBOVESPA FUNDO DE INDICE;2023-06-30;488164;532857278.42;AÇÕES;Ação ordinária;N;Para negociação;1192.00;8320.93;5071.00;37282.54;30051.00;197735.58;;2023-09-28;PETZ3;;;;;;;;2020-09-11;;;;
FIIM;40.155.573/0001-09;TREND ETF IBOVESPA FUNDO DE INDICE;2023-06-30;488164;532857278.42;AÇÕES;Ação ordinária;N;Para negociação;1535.00;13451.61;6509.00;56838.72;66719.00;572449.02;;2023-09-28;LWSA3;;;;;;;;2020-02-06;;;;
FIIM;40.155.573/0001-09;TREND ETF IBOVESPA FUNDO DE INDICE;2023-06-30;488164;532857278.42;AÇÕES;Ação ordinária;N;Para negociação;1894.00;45133.63;8042.00;183559.43;50431.00;1243124.15;;2023-09-28;ALSO3;;;;;;;;2019-08-06;;;;
FIIM;40.155.573/0001-09;TREND ETF IBOVESPA FUNDO DE INDICE;2023-06-30;488164;532857278.42;AÇÕES;Ação ordinária;N;Para negociação;5602.00;13489.14;23811.00;56527.09;141912.00;305110.80;;2023-09-28;VIIA3;;;;;;;;2021-08-16;;;;
FIIM;40.155.573/0001-09;TREND ETF IBOVESPA FUNDO DE INDICE;2023-06-30;488164;532857278.42;AÇÕES;Ação ordinária;N;Para negociação;3866.00;70123.38;16428.00;295619.90;117502.00;2219612.78;;2023-09-28;UGPA3;;;;;;;;1999-10-13;;;;
FIIM;40.155.573/0001-09;TREND ETF IBOVESPA FUNDO DE INDICE;2023-06-30;488164;532857278.42;AÇÕES;Ação ordinária;N;Para negociação;1882.00;21105.82;7988.00;84579.64;47468.00;531641.60;;2023-09-28;CRFB3;;;;;;;;2017-07-20;;;;
FIIM;40.155.573/0001-09;TREND ETF IBOVESPA FUNDO DE INDICE;2023-06-30;488164;532857278.42;AÇÕES;Ação ordinária;N;Para negociação;4233.00;56962.36;17983.00;221968.46;304379.00;4185211.25;;2023-09-28;ASAI3;;;;;;;;2021-03-01;;;;
FIIM;40.155.573/0001-09;TREND ETF IBOVESPA FUNDO DE INDICE;2023-06-30;488164;532857278.42;AÇÕES;Ação ordinária;N;Para negociação;1500.00;64655.28;6385.00;269224.16;38126.00;1649712.02;;2023-09-28;VIVT3;;;;;;;;2011-10-06;;;;
FIIM;40.155.573/0001-09;TREND ETF IBOVESPA FUNDO DE INDICE;2023-06-30;488164;532857278.42;AÇÕES;Ação ordinária;N;Para negociação;4137.00;118360.56;17578.00;493086.28;140520.00;4159392.00;;2023-09-28;RADL3;;;;;;;;2011-12-19;;;;
FIIM;40.155.573/0001-09;TREND ETF IBOVESPA FUNDO DE INDICE;2023-06-30;488164;532857278.42;AÇÕES;Ação ordinária;N;Para negociação;220.00;16902.65;922.00;70473.24;5484.00;433619.88;;2023-09-28;ARZZ3;;;;;;;;2011-02-02;;;;
FIIM;40.155.573/0001-09;TREND ETF IBOVESPA FUNDO DE INDICE;2023-06-30;488164;532857278.42;AÇÕES;Ação ordinária;N;Para negociação;880.00;20672.92;3721.00;86891.41;58205.00;1374802.10;;2023-09-28;ENBR3;;;;;;;;2005-07-13;;;;
FIIM;40.155.573/0001-09;TREND ETF IBOVESPA FUNDO DE INDICE;2023-06-30;488164;532857278.42;AÇÕES;Ação ordinária;N;Para negociação;14339.00;963497.52;60934.00;4140813.06;361822.00;23236208.84;;2023-09-28;VALE3;;;;;;;;1982-02-15;;;;
FIIM;40.155.573/0001-09;TREND ETF IBOVESPA FUNDO DE INDICE;2023-06-30;488164;532857278.42;AÇÕES;Ação ordinária;N;Para negociação;3965.00;123009.00;16851.00;491543.17;192398.00;6185595.70;;2023-09-28;EQTL3;;;;;;;;2006-04-03;;;;
FIIM;40.155.573/0001-09;TREND ETF IBOVESPA FUNDO DE INDICE;2023-06-30;488164;532857278.42;AÇÕES;Ação ordinária;N;Para negociação;926.00;9814.80;3932.00;41768.51;23405.00;248795.15;;2023-09-28;BEEF3;;;;;;;;2007-07-20;;;;
FIIM;40.155.573/0001-09;TREND ETF IBOVESPA FUNDO DE INDICE;2023-06-30;488164;532857278.42;AÇÕES;Ação ordinária;N;Para negociação;2614.00;49233.70;11097.00;215887.42;71386.00;1323496.44;;2023-09-28;EMBR3;;;;;;;;1989-08-28;;;;
FIIM;40.155.573/0001-09;TREND ETF IBOVESPA FUNDO DE INDICE;2023-06-30;488164;532857278.42;AÇÕES;Ação ordinária;N;Para negociação;3891.00;18105.23;16540.00;77149.60;162910.00;747756.90;;2023-09-28;CIEL3;;;;;;;;2009-12-18;;;;
FIIM;40.155.573/0001-09;TREND ETF IBOVESPA FUNDO DE INDICE;2023-06-30;488164;532857278.42;AÇÕES;Ação ordinária;N;Para negociação;983.00;3733.46;4169.00;16092.56;38752.00;136019.52;;2023-09-28;CVCB3;;;;;;;;2013-12-09;;;;
FIIM;40.155.573/0001-09;TREND ETF IBOVESPA FUNDO DE INDICE;2023-06-30;488164;532857278.42;AÇÕES;Ação ordinária;N;Para negociação;565.00;9795.35;2389.00;41070.66;14225.00;266149.75;;2023-09-28;PCAR3;;;;;;;;1995-10-03;;;;
FIIM;40.155.573/0001-09;TREND ETF IBOVESPA FUNDO DE INDICE;2023-06-30;488164;532857278.42;AÇÕES;Ação ordinária;N;Para negociação;3962.00;70585.74;16830.00;294157.66;271156.00;4894365.80;;2023-09-28;VBBR3;;;;;;;;2021-10-22;;;;
FIIM;40.155.573/0001-09;TREND ETF IBOVESPA FUNDO DE INDICE;2023-06-30;488164;532857278.42;AÇÕES;Ação ordinária;N;Para negociação;3890.00;127657.26;16537.00;522987.25;98609.00;3246208.28;;2023-09-28;RDOR3;;;;;;;;2021-06-25;;;;
FIIM;40.155.573/0001-09;TREND ETF IBOVESPA FUNDO DE INDICE;2023-06-30;488164;532857278.42;AÇÕES;Ação ordinária;N;Para negociação;2579.00;118434.63;10972.00;511278.00;67055.00;2965172.10;;2023-09-28;SUZB3;;;;;;;;2004-08-05;;;;
FIIM;40.155.573/0001-09;TREND ETF IBOVESPA FUNDO DE INDICE;2023-06-30;488164;532857278.42;AÇÕES;Ação ordinária;N;Para negociação;665.00;21532.19;2833.00;86893.92;22251.00;765211.89;;2023-09-28;CPFE3;;;;;;;;2004-09-29;;;;
FIIM;40.155.573/0001-09;TREND ETF IBOVESPA FUNDO DE INDICE;2023-06-30;488164;532857278.42;AÇÕES;Ação ordinária;N;Para negociação;955.00;26221.30;4037.00;106916.85;50621.00;1400683.07;;2023-09-28;MULT3;;;;;;;;2007-07-27;;;;
FIIM;40.155.573/0001-09;TREND ETF IBOVESPA FUNDO DE INDICE;2023-06-30;488164;532857278.42;AÇÕES;Ação ordinária;N;Para negociação;4323.00;96328.32;18360.00;415063.90;166911.00;3705424.20;;2023-09-28;RAIL3;;;;;;;;2017-03-13;;;;
FIIM;40.155.573/0001-09;TREND ETF IBOVESPA FUNDO DE INDICE;2023-06-30;488164;532857278.42;AÇÕES;Ação ordinária;N;Para negociação;1139.00;36142.43;3496.00;112066.60;33812.00;1009288.20;;2023-09-28;RRRP3;;;;;;;;2020-11-12;;;;
FIIM;40.155.573/0001-09;TREND ETF IBOVESPA FUNDO DE INDICE;2023-06-30;488164;532857278.42;AÇÕES;Ação ordinária;N;Para negociação;1088.00;12227.65;4613.00;51578.45;27950.00;323381.50;;2023-09-28;MRVE3;;;;;;;;2007-07-23;;;;
FIIM;40.155.573/0001-09;TREND ETF IBOVESPA FUNDO DE INDICE;2023-06-30;488164;532857278.42;AÇÕES;Ação ordinária;N;Para negociação;2095.00;27158.04;8905.00;115369.53;71924.00;872438.12;;2023-09-28;CSNA3;;;;;;;;1993-08-02;;;;
FIIM;40.155.573/0001-09;TREND ETF IBOVESPA FUNDO DE INDICE;2023-06-30;488164;532857278.42;AÇÕES;Ação ordinária;N;Para negociação;2984.00;107452.70;12674.00;449275.10;120931.00;4484121.48;;2023-09-28;PRIO3;;;;;;;;2015-06-26;;;;
FIIM;40.155.573/0001-09;TREND ETF IBOVESPA FUNDO DE INDICE;2023-06-30;488164;532857278.42;AÇÕES;Ação ordinária;N;Para negociação;5611.00;67234.50;23831.00;284671.39;354427.00;4348819.29;;2023-09-28;ENEV3;;;;;;;;2013-10-22;;;;
FIIM;40.155.573/0001-09;TREND ETF IBOVESPA FUNDO DE INDICE;2023-06-30;488164;532857278.42;AÇÕES;Ação ordinária;N;Para negociação;5046.00;249812.41;21451.00;1000095.76;192749.00;9521800.60;;2023-09-28;BBAS3;;;;;;;;1973-05-31;;;;
FIIM;40.155.573/0001-09;TREND ETF IBOVESPA FUNDO DE INDICE;2023-06-30;488164;532857278.42;AÇÕES;Ação ordinária;N;Para negociação;976.00;18929.82;4142.00;79932.55;45566.00;917243.58;;2023-09-28;CYRE3;;;;;;;;1996-05-27;;;;
FIIM;40.155.573/0001-09;TREND ETF IBOVESPA FUNDO DE INDICE;2023-06-30;488164;532857278.42;AÇÕES;Ação ordinária;N;Para negociação;1426.00;63490.20;6055.00;261959.10;36877.00;1696710.77;;2023-09-28;HYPE3;;;;;;;;2008-04-18;;;;
FIIM;40.155.573/0001-09;TREND ETF IBOVESPA FUNDO DE INDICE;2023-06-30;488164;532857278.42;AÇÕES;Ação ordinária;N;Para negociação;1045.00;7576.61;4424.00;30936.57;26224.00;190648.48;;2023-09-28;MRFG3;;;;;;;;2007-06-28;;;;
FIIM;40.155.573/0001-09;TREND ETF IBOVESPA FUNDO DE INDICE;2023-06-30;488164;532857278.42;AÇÕES;Ação ordinária;N;Para negociação;250.00;2090.90;1077.00;9805.28;6953.00;54302.93;;2023-09-28;CASH3;;;;;;;;2020-11-05;;;;
FIIM;40.155.573/0001-09;TREND ETF IBOVESPA FUNDO DE INDICE;2023-06-30;488164;532857278.42;AÇÕES;Ação ordinária;N;Para negociação;2750.00;185018.18;11683.00;779321.61;78168.00;5354508.00;;2023-09-28;RENT3;;;;;;;;2005-05-23;;;;
FIIM;40.155.573/0001-09;TREND ETF IBOVESPA FUNDO DE INDICE;2023-06-30;488164;532857278.42;AÇÕES;Ação ordinária;N;Para negociação;2877.00;42129.88;12212.00;174954.94;95468.00;1395742.16;;2023-09-28;TIMS3;;;;;;;;2020-10-13;;;;
FIIM;40.155.573/0001-09;TREND ETF IBOVESPA FUNDO DE INDICE;2023-06-30;488164;532857278.42;AÇÕES;Ação ordinária;N;Para negociação;7174.00;278880.28;30488.00;1144868.65;220569.00;8767617.75;;2023-09-28;ELET3;;;;;;;;1983-09-01;;;;
FIIM;40.155.573/0001-09;TREND ETF IBOVESPA FUNDO DE INDICE;2023-06-30;488164;532857278.42;AÇÕES;Ação ordinária;N;Para negociação;15592.00;237588.44;66246.00;977895.58;440922.00;6794608.02;;2023-09-28;ABEV3;;;;;;;;2013-11-11;;;;
FIIM;40.155.573/0001-09;TREND ETF IBOVESPA FUNDO DE INDICE;2023-06-30;488164;532857278.42;AÇÕES;Ação ordinária;N;Para negociação;6452.00;20348.14;27417.00;83508.04;185660.00;605251.60;;2023-09-28;COGN3;;;;;;;;2019-10-11;;;;
FIIM;40.155.573/0001-09;TREND ETF IBOVESPA FUNDO DE INDICE;2023-06-30;488164;532857278.42;AÇÕES;Ação ordinária;N;Para negociação;3546.00;49698.33;15075.00;213407.84;125229.00;1759467.45;;2023-09-28;CCRO3;;;;;;;;2002-02-01;;;;
FIIM;40.155.573/0001-09;TREND ETF IBOVESPA FUNDO DE INDICE;2023-06-30;488164;532857278.42;AÇÕES;Ação ordinária;N;Para negociação;3947.00;17460.07;16771.00;77246.57;101003.00;422192.54;;2023-09-28;CMIN3;;;;;;;;2021-05-03;;;;
FIIM;40.155.573/0001-09;TREND ETF IBOVESPA FUNDO DE INDICE;2023-06-30;488164;532857278.42;AÇÕES;Ação preferencial;N;Para negociação;17823.00;169534.26;75725.00;701893.78;1183773.00;11411571.72;;2023-09-28;ITSA4;;;;;;;;1973-09-17;;;;
FIIM;40.155.573/0001-09;TREND ETF IBOVESPA FUNDO DE INDICE;2023-06-30;488164;532857278.42;AÇÕES;Ação preferencial;N;Para negociação;1168.00;23543.00;4951.00;95724.15;32390.00;708045.40;;2023-09-28;AZUL4;;;;;;;;2017-04-11;;;;
FIIM;40.155.573/0001-09;TREND ETF IBOVESPA FUNDO DE INDICE;2023-06-30;488164;532857278.42;AÇÕES;Ação preferencial;N;Para negociação;946.00;26360.91;4008.00;102750.79;23840.00;664182.40;;2023-09-28;BRKM5;;;;;;;;2002-09-02;;;;
FIIM;40.155.573/0001-09;TREND ETF IBOVESPA FUNDO DE INDICE;2023-06-30;488164;532857278.42;AÇÕES;Ação preferencial;N;Para negociação;1834.00;13420.04;7781.00;57318.43;46239.00;326909.73;;2023-09-28;USIM5;;;;;;;;1999-02-02;;;;
FIIM;40.155.573/0001-09;TREND ETF IBOVESPA FUNDO DE INDICE;2023-06-30;488164;532857278.42;AÇÕES;Ação preferencial;N;Para negociação;3885.00;99118.52;16508.00;416896.02;99832.00;2502788.24;;2023-09-28;GGBR4;;;;;;;;2001-02-01;;;;
FIIM;40.155.573/0001-09;TREND ETF IBOVESPA FUNDO DE INDICE;2023-06-30;488164;532857278.42;AÇÕES;Ação preferencial;N;Para negociação;17069.00;482537.64;72515.00;2000966.99;429682.00;12211562.44;;2023-09-28;ITUB4;;;;;;;;2009-05-20;;;;
FIIM;40.155.573/0001-09;TREND ETF IBOVESPA FUNDO DE INDICE;2023-06-30;488164;532857278.42;AÇÕES;Ação preferencial;N;Para negociação;18296.00;303265.26;77727.00;1274219.71;463029.00;7616827.05;;2023-09-28;BBDC4;;;;;;;;1973-12-06;;;;
FIIM;40.155.573/0001-09;TREND ETF IBOVESPA FUNDO DE INDICE;2023-06-30;488164;532857278.42;AÇÕES;Ação preferencial;N;Para negociação;892.00;20501.14;3791.00;86036.65;58069.00;1289712.49;;2023-09-28;BRAP4;;;;;;;;2000-08-10;;;;
FIIM;40.155.573/0001-09;TREND ETF IBOVESPA FUNDO DE INDICE;2023-06-30;488164;532857278.42;AÇÕES;Ação preferencial;N;Para negociação;4267.00;17874.07;18129.00;70037.87;189561.00;834068.40;;2023-09-28;RAIZ4;;;;;;;;2021-08-05;;;;
FIIM;40.155.573/0001-09;TREND ETF IBOVESPA FUNDO DE INDICE;2023-06-30;488164;532857278.42;AÇÕES;Ação preferencial;N;Para negociação;919.00;9609.01;3053.00;32777.99;26995.00;251053.50;;2023-09-28;ALPA4;;;;;;;;1973-03-19;;;;
FIIM;40.155.573/0001-09;TREND ETF IBOVESPA FUNDO DE INDICE;2023-06-30;488164;532857278.42;AÇÕES;Ação preferencial;N;Para negociação;5131.00;64687.84;21784.00;265340.58;285831.00;3675786.66;;2023-09-28;CMIG4;;;;;;;;1973-08-20;;;;
FIIM;40.155.573/0001-09;TREND ETF IBOVESPA FUNDO DE INDICE;2023-06-30;488164;532857278.42;AÇÕES;Ação preferencial;N;Para negociação;16232.00;490308.19;68964.00;1954796.26;718215.00;21208888.95;;2023-09-28;PETR4;;;;;;;;1973-09-18;;;;
FIIM;40.155.573/0001-09;TREND ETF IBOVESPA FUNDO DE INDICE;2023-06-30;488164;532857278.42;AÇÕES;Ação preferencial;N;Para negociação;983.00;43036.93;4164.00;175313.99;26471.00;1178488.92;;2023-09-28;ELET6;;;;;;;;1974-11-13;;;;
FIIM;40.155.573/0001-09;TREND ETF IBOVESPA FUNDO DE INDICE;2023-06-30;488164;532857278.42;AÇÕES;Ação preferencial;N;Para negociação;2371.00;28432.56;10075.00;118941.64;128728.00;1521564.96;;2023-09-28;GOAU4;;;;;;;;1973-08-27;;;;
FIIM;40.155.573/0001-09;TREND ETF IBOVESPA FUNDO DE INDICE;2023-06-30;488164;532857278.42;AÇÕES;Ação preferencial;N;Para negociação;782.00;8925.85;3303.00;32548.59;20074.00;264374.58;;2023-09-28;GOLL4;;;;;;;;2004-06-24;;;;
FIIM;40.155.573/0001-09;TREND ETF IBOVESPA FUNDO DE INDICE;2023-06-30;488164;532857278.42;AÇÕES;Ação preferencial;N;Para negociação;5558.00;43921.60;23611.00;179785.94;156264.00;1295428.56;;2023-09-28;CPLE6;;;;;;;;1996-11-14;;;;
FIIM;40.155.573/0001-09;TREND ETF IBOVESPA FUNDO DE INDICE;2023-06-30;488164;532857278.42;DISPONIBILIDADES;Outros;;Para negociação;;;;;;8106.94;;2023-09-28;;Disponibilidade;;;;;;;;;;;
FIIM;40.155.573/0001-09;TREND ETF IBOVESPA FUNDO DE INDICE;2023-06-30;488164;532857278.42;VALORES A PAGAR;Outros;;Para negociação;;;;;;2622304.05;;2023-09-28;;Valores a Pagar;;;;;;;;;;;
FIIM;40.155.573/0001-09;TREND ETF IBOVESPA FUNDO DE INDICE;2023-06-30;488164;532857278.42;VALORES A RECEBER;Outros;;Para negociação;;;;;;9546511.16;;2023-09-28;;Valores a Receber;;;;;;;;;;;
FIIM;40.155.573/0001-09;TREND ETF IBOVESPA FUNDO DE INDICE;2023-06-30;488164;532857278.42;MERCADO FUTURO - POSIÇÕES COMPRADAS;Contrato Futuro;;Para negociação;;;;;2.00;276.60;;2023-09-28;;FUT WIN/Q23;;;;;;;;;;;
FIIM;40.155.573/0001-09;TREND ETF IBOVESPA FUNDO DE INDICE;2023-06-30;488164;532857278.42;MERCADO FUTURO - POSIÇÕES COMPRADAS;Futuro de IND:Ibovespa;;Para negociação;;;;;65.00;-43615.00;;2023-09-28;;FUT IND/Q23;;;;;;;;;;;
FIIM;40.155.573/0001-09;TREND ETF IBOVESPA FUNDO DE INDICE;2023-06-30;488164;532857278.42;AÇÕES E OUTROS TVM CEDIDOS EM EMPRÉSTIMO;Ação ordinária;N;Para negociação;;;;;10049.00;794574.43;;2023-09-28;ARZZ3;;;;;;;;2011-02-02;;;;
FIIM;40.155.573/0001-09;TREND ETF IBOVESPA FUNDO DE INDICE;2023-06-30;488164;532857278.42;AÇÕES E OUTROS TVM CEDIDOS EM EMPRÉSTIMO;Ação ordinária;N;Para negociação;;;;;138986.00;5246721.50;;2023-09-28;WEGE3;;;;;;;;2004-08-02;;;;
FIIM;40.155.573/0001-09;TREND ETF IBOVESPA FUNDO DE INDICE;2023-06-30;488164;532857278.42;AÇÕES E OUTROS TVM CEDIDOS EM EMPRÉSTIMO;Ação ordinária;N;Para negociação;;;;;43403.00;372397.74;;2023-09-28;LWSA3;;;;;;;;2020-02-06;;;;
FIIM;40.155.573/0001-09;TREND ETF IBOVESPA FUNDO DE INDICE;2023-06-30;488164;532857278.42;AÇÕES E OUTROS TVM CEDIDOS EM EMPRÉSTIMO;Ação ordinária;N;Para negociação;;;;;107102.00;1870000.92;;2023-09-28;JBSS3;;;;;;;;2007-03-29;;;;
FIIM;40.155.573/0001-09;TREND ETF IBOVESPA FUNDO DE INDICE;2023-06-30;488164;532857278.42;AÇÕES E OUTROS TVM CEDIDOS EM EMPRÉSTIMO;Ação ordinária;N;Para negociação;;;;;70036.00;3030457.72;;2023-09-28;VIVT3;;;;;;;;2011-10-06;;;;
FIIM;40.155.573/0001-09;TREND ETF IBOVESPA FUNDO DE INDICE;2023-06-30;488164;532857278.42;AÇÕES E OUTROS TVM CEDIDOS EM EMPRÉSTIMO;Ação ordinária;N;Para negociação;;;;;11880.00;405702.00;;2023-09-28;SMTO3;;;;;;;;2007-02-12;;;;
FIIM;40.155.573/0001-09;TREND ETF IBOVESPA FUNDO DE INDICE;2023-06-30;488164;532857278.42;AÇÕES E OUTROS TVM CEDIDOS EM EMPRÉSTIMO;Ação ordinária;N;Para negociação;;;;;42220.00;1929031.80;;2023-09-28;EGIE3;;;;;;;;2016-07-21;;;;
FIIM;40.155.573/0001-09;TREND ETF IBOVESPA FUNDO DE INDICE;2023-06-30;488164;532857278.42;AÇÕES E OUTROS TVM CEDIDOS EM EMPRÉSTIMO;Ação ordinária;N;Para negociação;;;;;96999.00;1623763.26;;2023-09-28;NTCO3;;;;;;;;2019-12-18;;;;
FIIM;40.155.573/0001-09;TREND ETF IBOVESPA FUNDO DE INDICE;2023-06-30;488164;532857278.42;AÇÕES E OUTROS TVM CEDIDOS EM EMPRÉSTIMO;Ação ordinária;N;Para negociação;;;;;261235.00;561655.25;;2023-09-28;VIIA3;;;;;;;;2021-08-16;;;;
FIIM;40.155.573/0001-09;TREND ETF IBOVESPA FUNDO DE INDICE;2023-06-30;488164;532857278.42;AÇÕES E OUTROS TVM CEDIDOS EM EMPRÉSTIMO;Ação ordinária;N;Para negociação;;;;;67469.00;1082877.45;;2023-09-28;FLRY3;;;;;;;;2009-12-17;;;;
FIIM;40.155.573/0001-09;TREND ETF IBOVESPA FUNDO DE INDICE;2023-06-30;488164;532857278.42;AÇÕES E OUTROS TVM CEDIDOS EM EMPRÉSTIMO;Ação ordinária;N;Para negociação;;;;;11470.00;499518.50;;2023-09-28;IRBR3;;;;;;;;2017-07-31;;;;
FIIM;40.155.573/0001-09;TREND ETF IBOVESPA FUNDO DE INDICE;2023-06-30;488164;532857278.42;AÇÕES E OUTROS TVM CEDIDOS EM EMPRÉSTIMO;Ação ordinária;N;Para negociação;;;;;50104.00;579703.28;;2023-09-28;MRVE3;;;;;;;;2007-07-23;;;;
FIIM;40.155.573/0001-09;TREND ETF IBOVESPA FUNDO DE INDICE;2023-06-30;488164;532857278.42;AÇÕES E OUTROS TVM CEDIDOS EM EMPRÉSTIMO;Ação ordinária;N;Para negociação;;;;;48575.00;353140.25;;2023-09-28;MRFG3;;;;;;;;2007-06-28;;;;
FIIM;40.155.573/0001-09;TREND ETF IBOVESPA FUNDO DE INDICE;2023-06-30;488164;532857278.42;AÇÕES E OUTROS TVM CEDIDOS EM EMPRÉSTIMO;Ação ordinária;N;Para negociação;;;;;31798.00;111610.98;;2023-09-28;CVCB3;;;;;;;;2013-12-09;;;;
FIIM;40.155.573/0001-09;TREND ETF IBOVESPA FUNDO DE INDICE;2023-06-30;488164;532857278.42;AÇÕES E OUTROS TVM CEDIDOS EM EMPRÉSTIMO;Ação ordinária;N;Para negociação;;;;;295581.00;11749344.75;;2023-09-28;ELET3;;;;;;;;1983-09-01;;;;
FIIM;40.155.573/0001-09;TREND ETF IBOVESPA FUNDO DE INDICE;2023-06-30;488164;532857278.42;AÇÕES E OUTROS TVM CEDIDOS EM EMPRÉSTIMO;Ação ordinária;N;Para negociação;;;;;24517.00;493527.21;;2023-09-28;CYRE3;;;;;;;;1996-05-27;;;;
FIIM;40.155.573/0001-09;TREND ETF IBOVESPA FUNDO DE INDICE;2023-06-30;488164;532857278.42;AÇÕES E OUTROS TVM CEDIDOS EM EMPRÉSTIMO;Ação ordinária;N;Para negociação;;;;;35743.00;714860.00;;2023-09-28;LREN3;;;;;;;;1973-07-24;;;;
FIIM;40.155.573/0001-09;TREND ETF IBOVESPA FUNDO DE INDICE;2023-06-30;488164;532857278.42;AÇÕES E OUTROS TVM CEDIDOS EM EMPRÉSTIMO;Ação ordinária;N;Para negociação;;;;;157040.00;4648384.00;;2023-09-28;RADL3;;;;;;;;2011-12-19;;;;
FIIM;40.155.573/0001-09;TREND ETF IBOVESPA FUNDO DE INDICE;2023-06-30;488164;532857278.42;AÇÕES E OUTROS TVM CEDIDOS EM EMPRÉSTIMO;Ação ordinária;N;Para negociação;;;;;14520.00;267458.40;;2023-09-28;EZTC3;;;;;;;;2007-06-22;;;;
FIIM;40.155.573/0001-09;TREND ETF IBOVESPA FUNDO DE INDICE;2023-06-30;488164;532857278.42;AÇÕES E OUTROS TVM CEDIDOS EM EMPRÉSTIMO;Ação ordinária;N;Para negociação;;;;;4691.00;110801.42;;2023-09-28;ENBR3;;;;;;;;2005-07-13;;;;
FIIM;40.155.573/0001-09;TREND ETF IBOVESPA FUNDO DE INDICE;2023-06-30;488164;532857278.42;AÇÕES E OUTROS TVM CEDIDOS EM EMPRÉSTIMO;Ação ordinária;N;Para negociação;;;;;201672.00;2952478.08;;2023-09-28;BBDC3;;;;;;;;1973-12-06;;;;
FIIM;40.155.573/0001-09;TREND ETF IBOVESPA FUNDO DE INDICE;2023-06-30;488164;532857278.42;AÇÕES E OUTROS TVM CEDIDOS EM EMPRÉSTIMO;Ação ordinária;N;Para negociação;;;;;92060.00;2959729.00;;2023-09-28;EQTL3;;;;;;;;2006-04-03;;;;
FIIM;40.155.573/0001-09;TREND ETF IBOVESPA FUNDO DE INDICE;2023-06-30;488164;532857278.42;AÇÕES E OUTROS TVM CEDIDOS EM EMPRÉSTIMO;Ação ordinária;N;Para negociação;;;;;117125.00;537603.75;;2023-09-28;CIEL3;;;;;;;;2009-12-18;;;;
FIIM;40.155.573/0001-09;TREND ETF IBOVESPA FUNDO DE INDICE;2023-06-30;488164;532857278.42;AÇÕES E OUTROS TVM CEDIDOS EM EMPRÉSTIMO;Ação ordinária;N;Para negociação;;;;;101692.00;3366005.20;;2023-09-28;PETR3;;;;;;;;1973-09-18;;;;
FIIM;40.155.573/0001-09;TREND ETF IBOVESPA FUNDO DE INDICE;2023-06-30;488164;532857278.42;AÇÕES E OUTROS TVM CEDIDOS EM EMPRÉSTIMO;Ação ordinária;N;Para negociação;;;;;85666.00;2111666.90;;2023-09-28;ALSO3;;;;;;;;2019-08-06;;;;
FIIM;40.155.573/0001-09;TREND ETF IBOVESPA FUNDO DE INDICE;2023-06-30;488164;532857278.42;AÇÕES E OUTROS TVM CEDIDOS EM EMPRÉSTIMO;Ação ordinária;N;Para negociação;;;;;50.00;687.50;;2023-09-28;ASAI3;;;;;;;;2021-03-01;;;;
FIIM;40.155.573/0001-09;TREND ETF IBOVESPA FUNDO DE INDICE;2023-06-30;488164;532857278.42;AÇÕES E OUTROS TVM CEDIDOS EM EMPRÉSTIMO;Ação ordinária;N;Para negociação;;;;;170455.00;8420477.00;;2023-09-28;BBAS3;;;;;;;;1973-05-31;;;;
FIIM;40.155.573/0001-09;TREND ETF IBOVESPA FUNDO DE INDICE;2023-06-30;488164;532857278.42;AÇÕES E OUTROS TVM CEDIDOS EM EMPRÉSTIMO;Ação ordinária;N;Para negociação;;;;;181369.00;5970667.48;;2023-09-28;RDOR3;;;;;;;;2021-06-25;;;;
FIIM;40.155.573/0001-09;TREND ETF IBOVESPA FUNDO DE INDICE;2023-06-30;488164;532857278.42;AÇÕES E OUTROS TVM CEDIDOS EM EMPRÉSTIMO;Ação ordinária;N;Para negociação;;;;;26185.00;781622.25;;2023-09-28;RRRP3;;;;;;;;2020-11-12;;;;
FIIM;40.155.573/0001-09;TREND ETF IBOVESPA FUNDO DE INDICE;2023-06-30;488164;532857278.42;AÇÕES E OUTROS TVM CEDIDOS EM EMPRÉSTIMO;Ação ordinária;N;Para negociação;;;;;65597.00;3018117.97;;2023-09-28;HYPE3;;;;;;;;2008-04-18;;;;
FIIM;40.155.573/0001-09;TREND ETF IBOVESPA FUNDO DE INDICE;2023-06-30;488164;532857278.42;AÇÕES E OUTROS TVM CEDIDOS EM EMPRÉSTIMO;Ação ordinária;N;Para negociação;;;;;20852.00;174114.20;;2023-09-28;DXCO3;;;;;;;;2021-08-19;;;;
FIIM;40.155.573/0001-09;TREND ETF IBOVESPA FUNDO DE INDICE;2023-06-30;488164;532857278.42;AÇÕES E OUTROS TVM CEDIDOS EM EMPRÉSTIMO;Ação ordinária;N;Para negociação;;;;;94800.00;2916996.00;;2023-09-28;BBSE3;;;;;;;;2013-04-29;;;;
FIIM;40.155.573/0001-09;TREND ETF IBOVESPA FUNDO DE INDICE;2023-06-30;488164;532857278.42;AÇÕES E OUTROS TVM CEDIDOS EM EMPRÉSTIMO;Ação ordinária;N;Para negociação;;;;;87703.00;982273.60;;2023-09-28;CRFB3;;;;;;;;2017-07-20;;;;
FIIM;40.155.573/0001-09;TREND ETF IBOVESPA FUNDO DE INDICE;2023-06-30;488164;532857278.42;AÇÕES E OUTROS TVM CEDIDOS EM EMPRÉSTIMO;Ação ordinária;N;Para negociação;;;;;43150.00;458684.50;;2023-09-28;BEEF3;;;;;;;;2007-07-20;;;;
FIIM;40.155.573/0001-09;TREND ETF IBOVESPA FUNDO DE INDICE;2023-06-30;488164;532857278.42;AÇÕES E OUTROS TVM CEDIDOS EM EMPRÉSTIMO;Ação ordinária;N;Para negociação;;;;;62621.00;751452.00;;2023-09-28;SOMA3;;;;;;;;2020-07-31;;;;
FIIM;40.155.573/0001-09;TREND ETF IBOVESPA FUNDO DE INDICE;2023-06-30;488164;532857278.42;AÇÕES E OUTROS TVM CEDIDOS EM EMPRÉSTIMO;Ação ordinária;N;Para negociação;;;;;669730.00;43010060.60;;2023-09-28;VALE3;;;;;;;;1982-02-15;;;;
FIIM;40.155.573/0001-09;TREND ETF IBOVESPA FUNDO DE INDICE;2023-06-30;488164;532857278.42;AÇÕES E OUTROS TVM CEDIDOS EM EMPRÉSTIMO;Ação ordinária;N;Para negociação;;;;;26139.00;489060.69;;2023-09-28;PCAR3;;;;;;;;1995-10-03;;;;
FIIM;40.155.573/0001-09;TREND ETF IBOVESPA FUNDO DE INDICE;2023-06-30;488164;532857278.42;AÇÕES E OUTROS TVM CEDIDOS EM EMPRÉSTIMO;Ação ordinária;N;Para negociação;;;;;93597.00;3470576.76;;2023-09-28;PRIO3;;;;;;;;2015-06-26;;;;
FIIM;40.155.573/0001-09;TREND ETF IBOVESPA FUNDO DE INDICE;2023-06-30;488164;532857278.42;AÇÕES E OUTROS TVM CEDIDOS EM EMPRÉSTIMO;Ação ordinária;N;Para negociação;;;;;400834.00;1350810.58;;2023-09-28;MGLU3;;;;;;;;2011-05-02;;;;
FIIM;40.155.573/0001-09;TREND ETF IBOVESPA FUNDO DE INDICE;2023-06-30;488164;532857278.42;AÇÕES E OUTROS TVM CEDIDOS EM EMPRÉSTIMO;Ação ordinária;N;Para negociação;;;;;17620.00;487545.40;;2023-09-28;MULT3;;;;;;;;2007-07-27;;;;
FIIM;40.155.573/0001-09;TREND ETF IBOVESPA FUNDO DE INDICE;2023-06-30;488164;532857278.42;AÇÕES E OUTROS TVM CEDIDOS EM EMPRÉSTIMO;Ação ordinária;N;Para negociação;;;;;111205.00;1625817.10;;2023-09-28;TIMS3;;;;;;;;2020-10-13;;;;
FIIM;40.155.573/0001-09;TREND ETF IBOVESPA FUNDO DE INDICE;2023-06-30;488164;532857278.42;AÇÕES E OUTROS TVM CEDIDOS EM EMPRÉSTIMO;Ação ordinária;N;Para negociação;;;;;160612.00;3033960.68;;2023-09-28;UGPA3;;;;;;;;1999-10-13;;;;
FIIM;40.155.573/0001-09;TREND ETF IBOVESPA FUNDO DE INDICE;2023-06-30;488164;532857278.42;AÇÕES E OUTROS TVM CEDIDOS EM EMPRÉSTIMO;Ação ordinária;N;Para negociação;;;;;13747.00;248133.35;;2023-09-28;VBBR3;;;;;;;;2021-10-22;;;;
FIIM;40.155.573/0001-09;TREND ETF IBOVESPA FUNDO DE INDICE;2023-06-30;488164;532857278.42;AÇÕES E OUTROS TVM CEDIDOS EM EMPRÉSTIMO;Ação ordinária;N;Para negociação;;;;;182905.00;764542.90;;2023-09-28;CMIN3;;;;;;;;2021-05-03;;;;
FIIM;40.155.573/0001-09;TREND ETF IBOVESPA FUNDO DE INDICE;2023-06-30;488164;532857278.42;AÇÕES E OUTROS TVM CEDIDOS EM EMPRÉSTIMO;Ação ordinária;N;Para negociação;;;;;130024.00;1826837.20;;2023-09-28;CCRO3;;;;;;;;2002-02-01;;;;
FIIM;40.155.573/0001-09;TREND ETF IBOVESPA FUNDO DE INDICE;2023-06-30;488164;532857278.42;AÇÕES E OUTROS TVM CEDIDOS EM EMPRÉSTIMO;Ação ordinária;N;Para negociação;;;;;278472.00;907818.72;;2023-09-28;COGN3;;;;;;;;2019-10-11;;;;
FIIM;40.155.573/0001-09;TREND ETF IBOVESPA FUNDO DE INDICE;2023-06-30;488164;532857278.42;AÇÕES E OUTROS TVM CEDIDOS EM EMPRÉSTIMO;Ação ordinária;N;Para negociação;;;;;178730.00;1592484.30;;2023-09-28;BRFS3;;;;;;;;2009-12-10;;;;
FIIM;40.155.573/0001-09;TREND ETF IBOVESPA FUNDO DE INDICE;2023-06-30;488164;532857278.42;AÇÕES E OUTROS TVM CEDIDOS EM EMPRÉSTIMO;Ação ordinária;N;Para negociação;;;;;48951.00;600628.77;;2023-09-28;ENEV3;;;;;;;;2013-10-22;;;;
FIIM;40.155.573/0001-09;TREND ETF IBOVESPA FUNDO DE INDICE;2023-06-30;488164;532857278.42;AÇÕES E OUTROS TVM CEDIDOS EM EMPRÉSTIMO;Ação ordinária;N;Para negociação;;;;;378932.00;1659722.16;;2023-09-28;HAPV3;;;;;;;;2018-04-25;;;;
FIIM;40.155.573/0001-09;TREND ETF IBOVESPA FUNDO DE INDICE;2023-06-30;488164;532857278.42;AÇÕES E OUTROS TVM CEDIDOS EM EMPRÉSTIMO;Ação ordinária;N;Para negociação;;;;;55812.00;367242.96;;2023-09-28;PETZ3;;;;;;;;2020-09-11;;;;
FIIM;40.155.573/0001-09;TREND ETF IBOVESPA FUNDO DE INDICE;2023-06-30;488164;532857278.42;AÇÕES E OUTROS TVM CEDIDOS EM EMPRÉSTIMO;Ação ordinária;N;Para negociação;;;;;76022.00;2279139.56;;2023-09-28;TOTS3;;;;;;;;2006-03-09;;;;
FIIM;40.155.573/0001-09;TREND ETF IBOVESPA FUNDO DE INDICE;2023-06-30;488164;532857278.42;AÇÕES E OUTROS TVM CEDIDOS EM EMPRÉSTIMO;Ação ordinária;N;Para negociação;;;;;494697.00;7227523.17;;2023-09-28;B3SA3;;;;;;;;2018-03-26;;;;
FIIM;40.155.573/0001-09;TREND ETF IBOVESPA FUNDO DE INDICE;2023-06-30;488164;532857278.42;AÇÕES E OUTROS TVM CEDIDOS EM EMPRÉSTIMO;Ação ordinária;N;Para negociação;;;;;143863.00;3193758.60;;2023-09-28;RAIL3;;;;;;;;2017-03-13;;;;
FIIM;40.155.573/0001-09;TREND ETF IBOVESPA FUNDO DE INDICE;2023-06-30;488164;532857278.42;AÇÕES E OUTROS TVM CEDIDOS EM EMPRÉSTIMO;Ação ordinária;N;Para negociação;;;;;13565.00;242270.90;;2023-09-28;CSAN3;;;;;;;;2005-11-18;;;;
FIIM;40.155.573/0001-09;TREND ETF IBOVESPA FUNDO DE INDICE;2023-06-30;488164;532857278.42;AÇÕES E OUTROS TVM CEDIDOS EM EMPRÉSTIMO;Ação ordinária;N;Para negociação;;;;;116420.00;2158426.80;;2023-09-28;EMBR3;;;;;;;;1989-08-28;;;;
FIIM;40.155.573/0001-09;TREND ETF IBOVESPA FUNDO DE INDICE;2023-06-30;488164;532857278.42;AÇÕES E OUTROS TVM CEDIDOS EM EMPRÉSTIMO;Ação ordinária;N;Para negociação;;;;;55283.00;3127359.31;;2023-09-28;SBSP3;;;;;;;;1997-03-11;;;;
FIIM;40.155.573/0001-09;TREND ETF IBOVESPA FUNDO DE INDICE;2023-06-30;488164;532857278.42;AÇÕES E OUTROS TVM CEDIDOS EM EMPRÉSTIMO;Ação ordinária;N;Para negociação;;;;;680508.00;10486628.28;;2023-09-28;ABEV3;;;;;;;;2013-11-11;;;;
FIIM;40.155.573/0001-09;TREND ETF IBOVESPA FUNDO DE INDICE;2023-06-30;488164;532857278.42;AÇÕES E OUTROS TVM CEDIDOS EM EMPRÉSTIMO;Ação ordinária;N;Para negociação;;;;;25742.00;885267.38;;2023-09-28;CPFE3;;;;;;;;2004-09-29;;;;
FIIM;40.155.573/0001-09;TREND ETF IBOVESPA FUNDO DE INDICE;2023-06-30;488164;532857278.42;AÇÕES E OUTROS TVM CEDIDOS EM EMPRÉSTIMO;Ação ordinária;N;Para negociação;;;;;10726.00;83770.06;;2023-09-28;CASH3;;;;;;;;2020-11-05;;;;
FIIM;40.155.573/0001-09;TREND ETF IBOVESPA FUNDO DE INDICE;2023-06-30;488164;532857278.42;AÇÕES E OUTROS TVM CEDIDOS EM EMPRÉSTIMO;Ação ordinária;N;Para negociação;;;;;49002.00;971219.64;;2023-09-28;YDUQ3;;;;;;;;2019-07-23;;;;
FIIM;40.155.573/0001-09;TREND ETF IBOVESPA FUNDO DE INDICE;2023-06-30;488164;532857278.42;AÇÕES E OUTROS TVM CEDIDOS EM EMPRÉSTIMO;Ação ordinária;N;Para negociação;;;;;118754.00;5251301.88;;2023-09-28;SUZB3;;;;;;;;2004-08-05;;;;
FIIM;40.155.573/0001-09;TREND ETF IBOVESPA FUNDO DE INDICE;2023-06-30;488164;532857278.42;AÇÕES E OUTROS TVM CEDIDOS EM EMPRÉSTIMO;Ação ordinária;N;Para negociação;;;;;119583.00;8191435.50;;2023-09-28;RENT3;;;;;;;;2005-05-23;;;;
FIIM;40.155.573/0001-09;TREND ETF IBOVESPA FUNDO DE INDICE;2023-06-30;488164;532857278.42;AÇÕES E OUTROS TVM CEDIDOS EM EMPRÉSTIMO;Ação ordinária;N;Para negociação;;;;;78829.00;956195.77;;2023-09-28;CSNA3;;;;;;;;1993-08-02;;;;
FIIM;40.155.573/0001-09;TREND ETF IBOVESPA FUNDO DE INDICE;2023-06-30;488164;532857278.42;AÇÕES E OUTROS TVM CEDIDOS EM EMPRÉSTIMO;Ação ordinária;N;Para negociação;;;;;789.00;30155.58;;2023-09-28;SLCE3;;;;;;;;2007-06-15;;;;
FIIM;40.155.573/0001-09;TREND ETF IBOVESPA FUNDO DE INDICE;2023-06-30;488164;532857278.42;AÇÕES E OUTROS TVM CEDIDOS EM EMPRÉSTIMO;Ação preferencial;N;Para negociação;;;;;852682.00;14026618.90;;2023-09-28;BBDC4;;;;;;;;1973-12-06;;;;
FIIM;40.155.573/0001-09;TREND ETF IBOVESPA FUNDO DE INDICE;2023-06-30;488164;532857278.42;AÇÕES E OUTROS TVM CEDIDOS EM EMPRÉSTIMO;Ação preferencial;N;Para negociação;;;;;85422.00;603933.54;;2023-09-28;USIM5;;;;;;;;1999-02-02;;;;
FIIM;40.155.573/0001-09;TREND ETF IBOVESPA FUNDO DE INDICE;2023-06-30;488164;532857278.42;AÇÕES E OUTROS TVM CEDIDOS EM EMPRÉSTIMO;Ação preferencial;N;Para negociação;;;;;117339.00;516291.60;;2023-09-28;RAIZ4;;;;;;;;2021-08-05;;;;
FIIM;40.155.573/0001-09;TREND ETF IBOVESPA FUNDO DE INDICE;2023-06-30;488164;532857278.42;AÇÕES E OUTROS TVM CEDIDOS EM EMPRÉSTIMO;Ação preferencial;N;Para negociação;;;;;243404.00;2017819.16;;2023-09-28;CPLE6;;;;;;;;1996-11-14;;;;
FIIM;40.155.573/0001-09;TREND ETF IBOVESPA FUNDO DE INDICE;2023-06-30;488164;532857278.42;AÇÕES E OUTROS TVM CEDIDOS EM EMPRÉSTIMO;Ação preferencial;N;Para negociação;;;;;797835.00;22674470.70;;2023-09-28;ITUB4;;;;;;;;2009-05-20;;;;
FIIM;40.155.573/0001-09;TREND ETF IBOVESPA FUNDO DE INDICE;2023-06-30;488164;532857278.42;AÇÕES E OUTROS TVM CEDIDOS EM EMPRÉSTIMO;Ação preferencial;N;Para negociação;;;;;6100.00;135481.00;;2023-09-28;BRAP4;;;;;;;;2000-08-10;;;;
FIIM;40.155.573/0001-09;TREND ETF IBOVESPA FUNDO DE INDICE;2023-06-30;488164;532857278.42;AÇÕES E OUTROS TVM CEDIDOS EM EMPRÉSTIMO;Ação preferencial;N;Para negociação;;;;;24633.00;229086.90;;2023-09-28;ALPA4;;;;;;;;1973-03-19;;;;
FIIM;40.155.573/0001-09;TREND ETF IBOVESPA FUNDO DE INDICE;2023-06-30;488164;532857278.42;AÇÕES E OUTROS TVM CEDIDOS EM EMPRÉSTIMO;Ação preferencial;N;Para negociação;;;;;179618.00;4503023.26;;2023-09-28;GGBR4;;;;;;;;2001-02-01;;;;
FIIM;40.155.573/0001-09;TREND ETF IBOVESPA FUNDO DE INDICE;2023-06-30;488164;532857278.42;AÇÕES E OUTROS TVM CEDIDOS EM EMPRÉSTIMO;Ação preferencial;N;Para negociação;;;;;82836.00;1065270.96;;2023-09-28;CMIG4;;;;;;;;1973-08-20;;;;
FIIM;40.155.573/0001-09;TREND ETF IBOVESPA FUNDO DE INDICE;2023-06-30;488164;532857278.42;AÇÕES E OUTROS TVM CEDIDOS EM EMPRÉSTIMO;Ação preferencial;N;Para negociação;;;;;51371.00;1122970.06;;2023-09-28;AZUL4;;;;;;;;2017-04-11;;;;
FIIM;40.155.573/0001-09;TREND ETF IBOVESPA FUNDO DE INDICE;2023-06-30;488164;532857278.42;AÇÕES E OUTROS TVM CEDIDOS EM EMPRÉSTIMO;Ação preferencial;N;Para negociação;;;;;98099.00;945674.36;;2023-09-28;ITSA4;;;;;;;;1973-09-17;;;;
FIIM;40.155.573/0001-09;TREND ETF IBOVESPA FUNDO DE INDICE;2023-06-30;488164;532857278.42;AÇÕES E OUTROS TVM CEDIDOS EM EMPRÉSTIMO;Ação preferencial;N;Para negociação;;;;;43960.00;1224725.60;;2023-09-28;BRKM5;;;;;;;;2002-09-02;;;;
FIIM;40.155.573/0001-09;TREND ETF IBOVESPA FUNDO DE INDICE;2023-06-30;488164;532857278.42;AÇÕES E OUTROS TVM CEDIDOS EM EMPRÉSTIMO;Ação preferencial;N;Para negociação;;;;;41838.00;494525.16;;2023-09-28;GOAU4;;;;;;;;1973-08-27;;;;
FIIM;40.155.573/0001-09;TREND ETF IBOVESPA FUNDO DE INDICE;2023-06-30;488164;532857278.42;AÇÕES E OUTROS TVM CEDIDOS EM EMPRÉSTIMO;Ação preferencial;N;Para negociação;;;;;449195.00;13264728.35;;2023-09-28;PETR4;;;;;;;;1973-09-18;;;;
FIIM;40.155.573/0001-09;TREND ETF IBOVESPA FUNDO DE INDICE;2023-06-30;488164;532857278.42;AÇÕES E OUTROS TVM CEDIDOS EM EMPRÉSTIMO;Ação preferencial;N;Para negociação;;;;;43966.00;1957366.32;;2023-09-28;ELET6;;;;;;;;1974-11-13;;;;
FIIM;40.155.573/0001-09;TREND ETF IBOVESPA FUNDO DE INDICE;2023-06-30;488164;532857278.42;AÇÕES E OUTROS TVM CEDIDOS EM EMPRÉSTIMO;Ação preferencial;N;Para negociação;;;;;35714.00;470353.38;;2023-09-28;GOLL4;;;;;;;;2004-06-24;;;;
FIIM;40.155.573/0001-09;TREND ETF IBOVESPA FUNDO DE INDICE;2023-06-30;488164;532857278.42;AÇÕES E OUTROS TVM CEDIDOS EM EMPRÉSTIMO;Certificado de depósito de ações;N;Para negociação;;;;;172790.00;5434245.50;;2023-09-28;BPAC11;;;;;;;;2017-02-16;;;;
FIIM;40.155.573/0001-09;TREND ETF IBOVESPA FUNDO DE INDICE;2023-06-30;488164;532857278.42;AÇÕES E OUTROS TVM CEDIDOS EM EMPRÉSTIMO;Certificado de depósito de ações;N;Para negociação;;;;;56123.00;1719047.49;;2023-09-28;SANB11;;;;;;;;2009-10-07;;;;
FIIM;40.155.573/0001-09;TREND ETF IBOVESPA FUNDO DE INDICE;2023-06-30;488164;532857278.42;AÇÕES E OUTROS TVM CEDIDOS EM EMPRÉSTIMO;Certificado de depósito de ações;N;Para negociação;;;;;27969.00;1052753.16;;2023-09-28;TAEE11;;;;;;;;2012-05-28;;;;
FIIM;40.155.573/0001-09;TREND ETF IBOVESPA FUNDO DE INDICE;2023-06-30;488164;532857278.42;AÇÕES E OUTROS TVM CEDIDOS EM EMPRÉSTIMO;Certificado de depósito de ações;N;Para negociação;;;;;33790.00;757571.80;;2023-09-28;IGTI11;;;;;;;;2021-11-22;;;;
FIIM;40.155.573/0001-09;TREND ETF IBOVESPA FUNDO DE INDICE;2023-06-30;488164;532857278.42;AÇÕES E OUTROS TVM CEDIDOS EM EMPRÉSTIMO;Certificado de depósito de ações;N;Para negociação;;;;;25694.00;1289838.80;;2023-09-28;ENGI11;;;;;;;;2009-11-03;;;;
FIIM;40.155.573/0001-09;TREND ETF IBOVESPA FUNDO DE INDICE;2023-06-30;488164;532857278.42;AÇÕES E OUTROS TVM CEDIDOS EM EMPRÉSTIMO;Certificado de depósito de ações;N;Para negociação;;;;;140497.00;4418630.65;;2023-09-28;;BPAC11;;PJ;30306294000145;BANCO BTG PACTUAL S.A.;;;;;;;
FIIM;40.155.573/0001-09;TREND ETF IBOVESPA FUNDO DE INDICE;2023-06-30;488164;532857278.42;AÇÕES E OUTROS TVM CEDIDOS EM EMPRÉSTIMO;Certificado de depósito de ações;N;Para negociação;;;;;76447.00;1664251.19;;2023-09-28;KLBN11;;;;;;;;2014-01-10;;;;
FIIM;40.155.573/0001-09;TREND ETF IBOVESPA FUNDO DE INDICE;2023-06-30;488164;532857278.42;CERTIFICADO OU RECIBO DE DEPÓSITO DE VALORES MOBILIÁRIOS;Certificado de depósito de ações;N;Para negociação;;;;;102991.00;2242114.07;;2023-09-28;KLBN11;;;;;;;;2014-01-10;;;;
FIIM;40.155.573/0001-09;TREND ETF IBOVESPA FUNDO DE INDICE;2023-06-30;488164;532857278.42;CERTIFICADO OU RECIBO DE DEPÓSITO DE VALORES MOBILIÁRIOS;Certificado de depósito de ações;N;Para negociação;;;;;37828.00;1898965.60;;2023-09-28;ENGI11;;;;;;;;2009-11-03;;;;
FIIM;40.155.573/0001-09;TREND ETF IBOVESPA FUNDO DE INDICE;2023-06-30;488164;532857278.42;CERTIFICADO OU RECIBO DE DEPÓSITO DE VALORES MOBILIÁRIOS;Certificado de depósito de ações;N;Para negociação;;;;;21363.00;478958.46;;2023-09-28;IGTI11;;;;;;;;2021-11-22;;;;
FIIM;40.155.573/0001-09;TREND ETF IBOVESPA FUNDO DE INDICE;2023-06-30;488164;532857278.42;CERTIFICADO OU RECIBO DE DEPÓSITO DE VALORES MOBILIÁRIOS;Certificado de depósito de ações;N;Para negociação;;;;;34796.00;1065801.48;;2023-09-28;SANB11;;;;;;;;2009-10-07;;;;
FIIM;40.155.573/0001-09;TREND ETF IBOVESPA FUNDO DE INDICE;2023-06-30;488164;532857278.42;CERTIFICADO OU RECIBO DE DEPÓSITO DE VALORES MOBILIÁRIOS;Certificado de depósito de ações;N;Para negociação;;;;;27907.00;1050419.48;;2023-09-28;TAEE11;;;;;;;;2012-05-28;;;;
FIIM;40.155.573/0001-09;TREND ETF IBOVESPA FUNDO DE INDICE;2023-06-30;488164;532857278.42;OUTROS VALORES MOBILIÁRIOS REGISTRADOS NA CVM OBJETO DE OFERTA PÚBLICA;Recibo de subscrição;N;Para negociação;;;;;823.00;26319.54;;2023-09-28;;EQTL/EQTL9/BREQTLR02OR3;;PJ;3220438000173;EQUATORIAL ENERGIA S.A.;;;;;;;
FIIM;40.751.130/0001-80;INVESTO ETF MSCI US TECHNOLOGY FUNDO DE INVESTIMENTO DE INDICE - INVESTIMENTO NO EXTERIOR;2023-06-30;488163;36642165.17;DISPONIBILIDADES;Outros;;Para negociação;;;;;;6044.81;;2023-09-28;;Disponibilidade;;;;;;;;;;;
FIIM;40.751.130/0001-80;INVESTO ETF MSCI US TECHNOLOGY FUNDO DE INVESTIMENTO DE INDICE - INVESTIMENTO NO EXTERIOR;2023-06-30;488163;36642165.17;VALORES A PAGAR;Outros;;Para negociação;;;;;;22512.96;;2023-09-28;;Valores a Pagar;;;;;;;;;;;
FIIM;40.751.130/0001-80;INVESTO ETF MSCI US TECHNOLOGY FUNDO DE INVESTIMENTO DE INDICE - INVESTIMENTO NO EXTERIOR;2023-06-30;488163;36642165.17;VALORES A RECEBER;Outros;;Para negociação;;;;;;100254.21;;2023-09-28;;Valores a Receber;;;;;;;;;;;
FIIM;40.751.130/0001-80;INVESTO ETF MSCI US TECHNOLOGY FUNDO DE INVESTIMENTO DE INDICE - INVESTIMENTO NO EXTERIOR;2023-06-30;488163;36642165.17;INVESTIMENTO NO EXTERIOR;Outros;N;Para negociação;;;;;17259.00;36523111.96;;2023-09-28;9000139;;2021-06-11;;;VANGUARD INFOR ETF;N;;;28;ESTADOS UNIDOS DA AMÉRICA;99;OUTRAS BOLSAS OU MERCADOS DE BALCÃO ORGANIZADOS
FIIM;40.755.515/0001-16;HASHDEX DEFI INDEX FUNDO DE ÍNDICE;2023-06-30;487623;16885229.71;DISPONIBILIDADES;Outros;;Para negociação;;;;;;10224.18;;2023-09-28;;Disponibilidade;;;;;;;;;;;
FIIM;40.755.515/0001-16;HASHDEX DEFI INDEX FUNDO DE ÍNDICE;2023-06-30;487623;16885229.71;VALORES A PAGAR;Outros;;Para negociação;;;;;;12863.94;;2023-09-28;;Valores a Pagar;;;;;;;;;;;
FIIM;40.755.515/0001-16;HASHDEX DEFI INDEX FUNDO DE ÍNDICE;2023-06-30;487623;16885229.71;VALORES A RECEBER;Outros;;Para negociação;;;;;;7462.72;;2023-09-28;;Valores a Receber;;;;;;;;;;;
FIIM;40.755.515/0001-16;HASHDEX DEFI INDEX FUNDO DE ÍNDICE;2023-06-30;487623;16885229.71;INVESTIMENTO NO EXTERIOR;Outros;N;Para negociação;4.00;5694.29;0.00;0.00;11714.00;16837131.44;;2023-09-28;HASH DEFI11;;2050-12-29;;;HASH DEFI CLASS B;N;;;28;ESTADOS UNIDOS DA AMÉRICA;99;OUTRAS BOLSAS OU MERCADOS DE BALCÃO ORGANIZADOS
FIIM;40.755.515/0001-16;HASHDEX DEFI INDEX FUNDO DE ÍNDICE;2023-06-30;487623;16885229.71;INVESTIMENTO NO EXTERIOR;Outros;N;Para negociação;0.00;0.00;0.00;0.00;28.35;40748.34;;2023-09-28;HASH DEFI11;;2050-12-29;;;HASH DEFI CLASS C;N;;;28;ESTADOS UNIDOS DA AMÉRICA;99;OUTRAS BOLSAS OU MERCADOS DE BALCÃO ORGANIZADOS
FIIM;40.952.802/0001-16;TREND ETF MSCI US TECHNOLOGY FUNDO DE INVESTIMENTO DE ÍNDICE;2023-06-30;487969;135457390.63;COTAS DE FUNDOS;;N;;281.09;33960.44;332.32;40157.67;348.13;42371.33;;;;;;PJ;43105440000116;BNP Paribas Soberano II FIC FI RF Simples;;;;;;;
FIIM;40.953.254/0001-49;TREND ETF MSCI USA ESG FUNDO DE INVESTIMENTO DE ÍNDICE - INVESTIMENTO NO EXTERIOR;2023-06-30;487966;49115917.59;COTAS DE FUNDOS;;N;;228.57;27661.92;151.29;18380.23;195.56;23801.37;;;;;;PJ;43105440000116;BNP Paribas Soberano II FIC FI RF Simples;;;;;;;
FIIM;40.953.725/0001-19;TREND ETF MSCI EMERGING MARKETS ESG FUNDO DE INVESTIMENTO DE ÍNDICE - INVESTIMENTO NO EXTERIOR;2023-06-30;487964;18522359.57;COTAS DE FUNDOS;;N;;1336.68;161191.49;157.95;19206.08;304.89;37108.16;;;;;;PJ;43105440000116;BNP Paribas Soberano II FIC FI RF Simples;;;;;;;
FIIM;40.953.905/0001-09;TREND ETF MSCI EAFE ESG FUNDO DE INVESTIMENTO DE ÍNDICE - INVESTIMENTO NO EXTERIOR;2023-06-30;487965;40822577.11;COTAS DE FUNDOS;;N;;194.60;23522.89;313.37;37958.49;160.25;19504.73;;;;;;PJ;43105440000116;BNP Paribas Soberano II FIC FI RF Simples;;;;;;;
FIIM;40.955.945/0001-81;TREND ETF FTSE US REITS FUNDO DE INVESTIMENTO DE ÍNDICE;2023-06-30;487968;11776848.81;COTAS DE FUNDOS;;N;;256.13;30892.45;284.79;34652.07;307.09;37376.12;;;;;;PJ;43105440000116;BNP Paribas Soberano II FIC FI RF Simples;;;;;;;
FIIM;41.012.711/0001-63;IT NOW S&P® KENSHO® MOONSHOTS FUNDO DE INDICE;2023-06-30;487672;4833323.53;DISPONIBILIDADES;Outros;;Para negociação;;;;;;108203.71;;;;DISPONIBILIDADES;;;;;;;;;;;
FIIM;41.012.711/0001-63;IT NOW S&P® KENSHO® MOONSHOTS FUNDO DE INDICE;2023-06-30;487672;4833323.53;VALORES A PAGAR;Outros;;Para negociação;;;;;;247146.81;;;;VALORES A PAGAR;;;;;;;;;;;
FIIM;41.012.711/0001-63;IT NOW S&P® KENSHO® MOONSHOTS FUNDO DE INDICE;2023-06-30;487672;4833323.53;VALORES A RECEBER;Outros;;Para negociação;;;;;;144580.00;;;;VALORES A RECEBER;;;;;;;;;;;
FIIM;41.012.711/0001-63;IT NOW S&P® KENSHO® MOONSHOTS FUNDO DE INDICE;2023-06-30;487672;4833323.53;INVESTIMENTO NO EXTERIOR;Ação ordinária;N;Para negociação;0.00;0.00;3083.00;11735.73;5564.00;87610.41;;;1;;2049-12-31;;;BLUEBIRD BIO INC - 5564;N;;;28;ESTADOS UNIDOS DA AMÉRICA;99;OUTRAS BOLSAS OU MERCADOS DE BALCÃO ORGANIZADOS
FIIM;41.012.711/0001-63;IT NOW S&P® KENSHO® MOONSHOTS FUNDO DE INDICE;2023-06-30;487672;4833323.53;INVESTIMENTO NO EXTERIOR;Ação ordinária;N;Para negociação;0.00;0.00;2031.00;21689.78;2031.00;115089.13;;;1;;2049-12-31;;;SNAP INC - 2031;N;;;28;ESTADOS UNIDOS DA AMÉRICA;99;OUTRAS BOLSAS OU MERCADOS DE BALCÃO ORGANIZADOS
FIIM;41.012.711/0001-63;IT NOW S&P® KENSHO® MOONSHOTS FUNDO DE INDICE;2023-06-30;487672;4833323.53;INVESTIMENTO NO EXTERIOR;Ação ordinária;N;Para negociação;0.00;0.00;413.00;7203.11;1321.00;95466.82;;;1;;2049-12-31;;;BILIBILI INC-ADR - 1321;N;;;28;ESTADOS UNIDOS DA AMÉRICA;99;OUTRAS BOLSAS OU MERCADOS DE BALCÃO ORGANIZADOS
FIIM;41.012.711/0001-63;IT NOW S&P® KENSHO® MOONSHOTS FUNDO DE INDICE;2023-06-30;487672;4833323.53;INVESTIMENTO NO EXTERIOR;Ação ordinária;N;Para negociação;0.00;0.00;330.00;19055.78;330.00;88666.39;;;1;;2049-12-31;;;CRISPR THERAPEUTICS AG - 330;N;;;28;ESTADOS UNIDOS DA AMÉRICA;99;OUTRAS BOLSAS OU MERCADOS DE BALCÃO ORGANIZADOS
FIIM;41.012.711/0001-63;IT NOW S&P® KENSHO® MOONSHOTS FUNDO DE INDICE;2023-06-30;487672;4833323.53;INVESTIMENTO NO EXTERIOR;Ação ordinária;N;Para negociação;1079.00;48004.71;3.00;129.57;568.00;99033.06;;;1;;2049-12-31;;;C3.AI INC-A - 568;N;;;28;ESTADOS UNIDOS DA AMÉRICA;99;OUTRAS BOLSAS OU MERCADOS DE BALCÃO ORGANIZADOS
FIIM;41.012.711/0001-63;IT NOW S&P® KENSHO® MOONSHOTS FUNDO DE INDICE;2023-06-30;487672;4833323.53;INVESTIMENTO NO EXTERIOR;Ação ordinária;N;Para negociação;0.00;0.00;103.00;1649.07;1513.00;109342.39;;;1;;2049-12-31;;;SPRINT CORP - 1513;N;;;28;ESTADOS UNIDOS DA AMÉRICA;99;OUTRAS BOLSAS OU MERCADOS DE BALCÃO ORGANIZADOS
FIIM;41.012.711/0001-63;IT NOW S&P® KENSHO® MOONSHOTS FUNDO DE INDICE;2023-06-30;487672;4833323.53;INVESTIMENTO NO EXTERIOR;Ação ordinária;N;Para negociação;4075.00;18337.50;17.00;74.80;2734.00;59928.95;;;1;;2049-12-31;;;MICROVISION INC - 2734;N;;;28;ESTADOS UNIDOS DA AMÉRICA;99;OUTRAS BOLSAS OU MERCADOS DE BALCÃO ORGANIZADOS
FIIM;41.012.711/0001-63;IT NOW S&P® KENSHO® MOONSHOTS FUNDO DE INDICE;2023-06-30;487672;4833323.53;INVESTIMENTO NO EXTERIOR;Ação ordinária;N;Para negociação;0.00;0.00;23176.00;24780.80;23176.00;96678.16;;;1;;2049-12-31;;;WORKHORSE GROUP INC - 23176;N;;;28;ESTADOS UNIDOS DA AMÉRICA;99;OUTRAS BOLSAS OU MERCADOS DE BALCÃO ORGANIZADOS
FIIM;41.012.711/0001-63;IT NOW S&P® KENSHO® MOONSHOTS FUNDO DE INDICE;2023-06-30;487672;4833323.53;INVESTIMENTO NO EXTERIOR;Ação ordinária;N;Para negociação;806.00;13855.14;7.00;117.74;1254.00;94645.92;;;1;;2049-12-31;;;FASTLY INC - CLASS A - 1254;N;;;28;ESTADOS UNIDOS DA AMÉRICA;99;OUTRAS BOLSAS OU MERCADOS DE BALCÃO ORGANIZADOS
FIIM;41.012.711/0001-63;IT NOW S&P® KENSHO® MOONSHOTS FUNDO DE INDICE;2023-06-30;487672;4833323.53;INVESTIMENTO NO EXTERIOR;Ação ordinária;N;Para negociação;0.00;0.00;3544.00;17187.52;3544.00;84299.07;;;1;;2049-12-31;;;ALLOGENE THERAPEUTICS INC - 3544;N;;;28;ESTADOS UNIDOS DA AMÉRICA;99;OUTRAS BOLSAS OU MERCADOS DE BALCÃO ORGANIZADOS
FIIM;41.012.711/0001-63;IT NOW S&P® KENSHO® MOONSHOTS FUNDO DE INDICE;2023-06-30;487672;4833323.53;INVESTIMENTO NO EXTERIOR;Ação ordinária;N;Para negociação;3.00;257.22;1.00;82.37;257.00;102914.26;;;1;;2049-12-31;;;AMBARELLA INC - 257;N;;;28;ESTADOS UNIDOS DA AMÉRICA;99;OUTRAS BOLSAS OU MERCADOS DE BALCÃO ORGANIZADOS
FIIM;41.012.711/0001-63;IT NOW S&P® KENSHO® MOONSHOTS FUNDO DE INDICE;2023-06-30;487672;4833323.53;INVESTIMENTO NO EXTERIOR;Ação ordinária;N;Para negociação;465.00;1167.15;54.00;126.90;8660.00;119781.13;;;1;;2049-12-31;;;NANO DIMENSION LTD - ADR - 8660;N;;;28;ESTADOS UNIDOS DA AMÉRICA;99;OUTRAS BOLSAS OU MERCADOS DE BALCÃO ORGANIZADOS
FIIM;41.012.711/0001-63;IT NOW S&P® KENSHO® MOONSHOTS FUNDO DE INDICE;2023-06-30;487672;4833323.53;INVESTIMENTO NO EXTERIOR;Ação ordinária;N;Para negociação;0.00;0.00;7392.00;24685.60;7392.00;153541.00;;;1;;2049-12-31;;;EOS ENERGY ENTERPRISES INC - 7392;N;;;28;ESTADOS UNIDOS DA AMÉRICA;A11;NASDAQ STOCK MARKET
FIIM;41.012.711/0001-63;IT NOW S&P® KENSHO® MOONSHOTS FUNDO DE INDICE;2023-06-30;487672;4833323.53;INVESTIMENTO NO EXTERIOR;Ação ordinária;N;Para negociação;0.00;0.00;34881.00;41536.99;34881.00;230377.84;;;1;;2049-12-31;;;NIKOLA CORP - 34881;N;;;28;ESTADOS UNIDOS DA AMÉRICA;99;OUTRAS BOLSAS OU MERCADOS DE BALCÃO ORGANIZADOS
FIIM;41.012.711/0001-63;IT NOW S&P® KENSHO® MOONSHOTS FUNDO DE INDICE;2023-06-30;487672;4833323.53;INVESTIMENTO NO EXTERIOR;Ação ordinária;N;Para negociação;0.00;0.00;1935.00;3558.81;8329.00;66570.53;;;1;;2049-12-31;;;HYLLION HOLDINGS - 8329;N;;;28;ESTADOS UNIDOS DA AMÉRICA;99;OUTRAS BOLSAS OU MERCADOS DE BALCÃO ORGANIZADOS
FIIM;41.012.711/0001-63;IT NOW S&P® KENSHO® MOONSHOTS FUNDO DE INDICE;2023-06-30;487672;4833323.53;INVESTIMENTO NO EXTERIOR;Ação ordinária;N;Para negociação;43.00;1931.13;3.00;130.86;476.00;92902.38;;;1;;2049-12-31;;;INTELLIA THERAPEUTICS INC - 476;N;;;28;ESTADOS UNIDOS DA AMÉRICA;99;OUTRAS BOLSAS OU MERCADOS DE BALCÃO ORGANIZADOS
FIIM;41.012.711/0001-63;IT NOW S&P® KENSHO® MOONSHOTS FUNDO DE INDICE;2023-06-30;487672;4833323.53;INVESTIMENTO NO EXTERIOR;Ação ordinária;N;Para negociação;33.00;2499.75;1.00;73.35;287.00;95257.91;;;1;;2049-12-31;;;OKTA INC - 287;N;;;28;ESTADOS UNIDOS DA AMÉRICA;A11;NASDAQ STOCK MARKET
FIIM;41.012.711/0001-63;IT NOW S&P® KENSHO® MOONSHOTS FUNDO DE INDICE;2023-06-30;487672;4833323.53;INVESTIMENTO NO EXTERIOR;Ação ordinária;N;Para negociação;0.00;0.00;561.00;1879.29;4250.00;65496.41;;;1;;2049-12-31;;;PLANET LABS PBC - 4250;N;;;28;ESTADOS UNIDOS DA AMÉRICA;99;OUTRAS BOLSAS OU MERCADOS DE BALCÃO ORGANIZADOS
FIIM;41.012.711/0001-63;IT NOW S&P® KENSHO® MOONSHOTS FUNDO DE INDICE;2023-06-30;487672;4833323.53;INVESTIMENTO NO EXTERIOR;Ação ordinária;N;Para negociação;0.00;0.00;1968.00;17351.78;1968.00;77517.11;;;1;;2049-12-31;;;EDITAS MEDICINE INC - 1968;N;;;28;ESTADOS UNIDOS DA AMÉRICA;99;OUTRAS BOLSAS OU MERCADOS DE BALCÃO ORGANIZADOS
FIIM;41.012.711/0001-63;IT NOW S&P® KENSHO® MOONSHOTS FUNDO DE INDICE;2023-06-30;487672;4833323.53;INVESTIMENTO NO EXTERIOR;Ação ordinária;N;Para negociação;0.00;0.00;2218.00;21199.60;2218.00;105622.71;;;1;;2049-12-31;;;BIGCOMMERCE HOLDING-SER 1 - 2218;N;;;28;ESTADOS UNIDOS DA AMÉRICA;99;OUTRAS BOLSAS OU MERCADOS DE BALCÃO ORGANIZADOS
FIIM;41.012.711/0001-63;IT NOW S&P® KENSHO® MOONSHOTS FUNDO DE INDICE;2023-06-30;487672;4833323.53;INVESTIMENTO NO EXTERIOR;Ação ordinária;N;Para negociação;0.00;0.00;885.00;22983.33;885.00;112963.71;;;1;;2049-12-31;;;DROPBOX INC - 885;N;;;28;ESTADOS UNIDOS DA AMÉRICA;A11;NASDAQ STOCK MARKET
FIIM;41.012.711/0001-63;IT NOW S&P® KENSHO® MOONSHOTS FUNDO DE INDICE;2023-06-30;487672;4833323.53;INVESTIMENTO NO EXTERIOR;Ação ordinária;N;Para negociação;0.00;0.00;685.00;3281.01;4976.00;92402.72;;;1;;2049-12-31;;;VIRGIN GALACTIC HOLDINGS INC - 4976;N;;;28;ESTADOS UNIDOS DA AMÉRICA;99;OUTRAS BOLSAS OU MERCADOS DE BALCÃO ORGANIZADOS
FIIM;41.012.711/0001-63;IT NOW S&P® KENSHO® MOONSHOTS FUNDO DE INDICE;2023-06-30;487672;4833323.53;INVESTIMENTO NO EXTERIOR;Ação ordinária;N;Para negociação;4073.00;8756.95;48.00;100.80;7529.00;59816.09;;;1;;2049-12-31;;;TUSIMPLE HOLDINGS INC - 7529;N;;;28;ESTADOS UNIDOS DA AMÉRICA;99;OUTRAS BOLSAS OU MERCADOS DE BALCÃO ORGANIZADOS
FIIM;41.012.711/0001-63;IT NOW S&P® KENSHO® MOONSHOTS FUNDO DE INDICE;2023-06-30;487672;4833323.53;INVESTIMENTO NO EXTERIOR;Ação ordinária;N;Para negociação;1732.00;9023.72;17.00;88.23;2641.00;64463.11;;;1;;2049-12-31;;;VUZIX CORP - 2641;N;;;28;ESTADOS UNIDOS DA AMÉRICA;99;OUTRAS BOLSAS OU MERCADOS DE BALCÃO ORGANIZADOS
FIIM;41.012.711/0001-63;IT NOW S&P® KENSHO® MOONSHOTS FUNDO DE INDICE;2023-06-30;487672;4833323.53;INVESTIMENTO NO EXTERIOR;Ação ordinária;N;Para negociação;0.00;0.00;628.00;3723.41;3349.00;90399.69;;;1;;2049-12-31;;;FLAGSTONE REINSURANCE HOLDINGS - 3349;N;;;28;ESTADOS UNIDOS DA AMÉRICA;99;OUTRAS BOLSAS OU MERCADOS DE BALCÃO ORGANIZADOS
FIIM;41.012.711/0001-63;IT NOW S&P® KENSHO® MOONSHOTS FUNDO DE INDICE;2023-06-30;487672;4833323.53;INVESTIMENTO NO EXTERIOR;Ação ordinária;N;Para negociação;0.00;0.00;4683.00;21446.64;4683.00;97719.97;;;1;;2049-12-31;;;BALLARD POWER SYSTEMS INC - 4683;N;;;28;ESTADOS UNIDOS DA AMÉRICA;99;OUTRAS BOLSAS OU MERCADOS DE BALCÃO ORGANIZADOS
FIIM;41.012.711/0001-63;IT NOW S&P® KENSHO® MOONSHOTS FUNDO DE INDICE;2023-06-30;487672;4833323.53;INVESTIMENTO NO EXTERIOR;Ação ordinária;N;Para negociação;0.00;0.00;10.00;415.40;596.00;123853.63;;;1;;2049-12-31;;;UNITY SOFTWARE INC - 596;N;;;28;ESTADOS UNIDOS DA AMÉRICA;99;OUTRAS BOLSAS OU MERCADOS DE BALCÃO ORGANIZADOS
FIIM;41.012.711/0001-63;IT NOW S&P® KENSHO® MOONSHOTS FUNDO DE INDICE;2023-06-30;487672;4833323.53;INVESTIMENTO NO EXTERIOR;Ação ordinária;N;Para negociação;0.00;0.00;1172.00;23321.33;1172.00;105172.35;;;1;;2049-12-31;;;VERVE THERAPEUTICS INC - 1172;N;;;28;ESTADOS UNIDOS DA AMÉRICA;A11;NASDAQ STOCK MARKET
FIIM;41.012.711/0001-63;IT NOW S&P® KENSHO® MOONSHOTS FUNDO DE INDICE;2023-06-30;487672;4833323.53;INVESTIMENTO NO EXTERIOR;Outros;N;Para negociação;0.00;0.00;311.00;590.17;11628.00;103511.99;;;999;;2049-12-31;;;GINKGO BIOWORKS HOLDINGS INC - 11628;N;;;28;ESTADOS UNIDOS DA AMÉRICA;99;OUTRAS BOLSAS OU MERCADOS DE BALCÃO ORGANIZADOS
FIIM;41.012.711/0001-63;IT NOW S&P® KENSHO® MOONSHOTS FUNDO DE INDICE;2023-06-30;487672;4833323.53;INVESTIMENTO NO EXTERIOR;Outros;N;Para negociação;560.00;14005.60;5.00;121.00;911.00;96095.41;;;999;;2049-12-31;;;ASANA INC - CL A - 911;N;;;28;ESTADOS UNIDOS DA AMÉRICA;99;OUTRAS BOLSAS OU MERCADOS DE BALCÃO ORGANIZADOS
FIIM;41.012.711/0001-63;IT NOW S&P® KENSHO® MOONSHOTS FUNDO DE INDICE;2023-06-30;487672;4833323.53;INVESTIMENTO NO EXTERIOR;Outros;N;Para negociação;0.00;0.00;725.00;26983.60;725.00;124255.32;;;999;;2049-12-31;;;UPSTART HOLDINGS INC - 725;N;;;28;ESTADOS UNIDOS DA AMÉRICA;99;OUTRAS BOLSAS OU MERCADOS DE BALCÃO ORGANIZADOS
FIIM;41.012.711/0001-63;IT NOW S&P® KENSHO® MOONSHOTS FUNDO DE INDICE;2023-06-30;487672;4833323.53;INVESTIMENTO NO EXTERIOR;Outros;N;Para negociação;0.00;0.00;3234.00;20953.12;3234.00;106642.89;;;999;;2049-12-31;;;LUCID GROUP - 3234;N;;;28;ESTADOS UNIDOS DA AMÉRICA;99;OUTRAS BOLSAS OU MERCADOS DE BALCÃO ORGANIZADOS
FIIM;41.012.711/0001-63;IT NOW S&P® KENSHO® MOONSHOTS FUNDO DE INDICE;2023-06-30;487672;4833323.53;INVESTIMENTO NO EXTERIOR;Outros;N;Para negociação;5910.00;7801.20;33.00;41.25;5235.00;31318.38;;;999;;2049-12-31;;;AEVA TECHNOLOGIES INC - 5235;N;;;28;ESTADOS UNIDOS DA AMÉRICA;99;OUTRAS BOLSAS OU MERCADOS DE BALCÃO ORGANIZADOS
FIIM;41.012.711/0001-63;IT NOW S&P® KENSHO® MOONSHOTS FUNDO DE INDICE;2023-06-30;487672;4833323.53;INVESTIMENTO NO EXTERIOR;Outros;N;Para negociação;0.00;0.00;5099.00;9330.51;5099.00;41974.56;;;999;;2049-12-31;;;ATAI LIFE SCIENCES NV - 5099;N;;;28;ESTADOS UNIDOS DA AMÉRICA;99;OUTRAS BOLSAS OU MERCADOS DE BALCÃO ORGANIZADOS
FIIM;41.012.711/0001-63;IT NOW S&P® KENSHO® MOONSHOTS FUNDO DE INDICE;2023-06-30;487672;4833323.53;INVESTIMENTO NO EXTERIOR;Outros;N;Para negociação;0.00;0.00;2188.00;5116.44;9240.00;101712.07;;;999;;2049-12-31;;;BUTTERFLY NETWORK INC - 9240;N;;;28;ESTADOS UNIDOS DA AMÉRICA;99;OUTRAS BOLSAS OU MERCADOS DE BALCÃO ORGANIZADOS
FIIM;41.012.711/0001-63;IT NOW S&P® KENSHO® MOONSHOTS FUNDO DE INDICE;2023-06-30;487672;4833323.53;INVESTIMENTO NO EXTERIOR;Outros;N;Para negociação;161.00;1951.32;11.00;127.71;1745.00;92618.91;;;999;;2049-12-31;;;AVIDITY BIOSCIENCES INC - 1745;N;;;28;ESTADOS UNIDOS DA AMÉRICA;99;OUTRAS BOLSAS OU MERCADOS DE BALCÃO ORGANIZADOS
FIIM;41.012.711/0001-63;IT NOW S&P® KENSHO® MOONSHOTS FUNDO DE INDICE;2023-06-30;487672;4833323.53;INVESTIMENTO NO EXTERIOR;Outros;N;Para negociação;305.00;9991.80;5.00;156.25;695.00;104910.55;;;999;;2049-12-31;;;SQUARESPACE INC - CLASS A - 695;N;;;28;ESTADOS UNIDOS DA AMÉRICA;99;OUTRAS BOLSAS OU MERCADOS DE BALCÃO ORGANIZADOS
FIIM;41.012.711/0001-63;IT NOW S&P® KENSHO® MOONSHOTS FUNDO DE INDICE;2023-06-30;487672;4833323.53;INVESTIMENTO NO EXTERIOR;Outros;N;Para negociação;876.00;8453.40;14.00;137.06;2123.00;102419.63;;;999;;2049-12-31;;;ROIVANT SCIENCES LTD - 2123;N;;;28;ESTADOS UNIDOS DA AMÉRICA;99;OUTRAS BOLSAS OU MERCADOS DE BALCÃO ORGANIZADOS
FIIM;41.012.711/0001-63;IT NOW S&P® KENSHO® MOONSHOTS FUNDO DE INDICE;2023-06-30;487672;4833323.53;INVESTIMENTO NO EXTERIOR;Outros;N;Para negociação;0.00;0.00;1133.00;23263.36;1133.00;97985.26;;;999;;2049-12-31;;;4D MOLECULAR THERAPEUTICS IN - 1133;N;;;28;ESTADOS UNIDOS DA AMÉRICA;99;OUTRAS BOLSAS OU MERCADOS DE BALCÃO ORGANIZADOS
FIIM;41.012.711/0001-63;IT NOW S&P® KENSHO® MOONSHOTS FUNDO DE INDICE;2023-06-30;487672;4833323.53;INVESTIMENTO NO EXTERIOR;Outros;N;Para negociação;0.00;0.00;1195.00;15368.19;1195.00;75208.40;;;999;;2049-12-31;;;XPERI HOLDING CORP - 1195;N;;;28;ESTADOS UNIDOS DA AMÉRICA;A11;NASDAQ STOCK MARKET
FIIM;41.012.711/0001-63;IT NOW S&P® KENSHO® MOONSHOTS FUNDO DE INDICE;2023-06-30;487672;4833323.53;INVESTIMENTO NO EXTERIOR;Outros;N;Para negociação;0.00;0.00;2202.00;22085.64;2202.00;105176.94;;;999;;2049-12-31;;;ROBINHOOD MARKETS INC - A - 2202;N;;;28;ESTADOS UNIDOS DA AMÉRICA;99;OUTRAS BOLSAS OU MERCADOS DE BALCÃO ORGANIZADOS
FIIM;41.012.711/0001-63;IT NOW S&P® KENSHO® MOONSHOTS FUNDO DE INDICE;2023-06-30;487672;4833323.53;INVESTIMENTO NO EXTERIOR;Outros;N;Para negociação;609.00;5986.47;13.00;119.73;2097.00;94340.67;;;999;;2049-12-31;;;INDIE SEMICONDUCTOR INC - 2097;N;;;28;ESTADOS UNIDOS DA AMÉRICA;99;OUTRAS BOLSAS OU MERCADOS DE BALCÃO ORGANIZADOS
FIIM;41.012.711/0001-63;IT NOW S&P® KENSHO® MOONSHOTS FUNDO DE INDICE;2023-06-30;487672;4833323.53;INVESTIMENTO NO EXTERIOR;Outros;N;Para negociação;0.00;0.00;3097.00;9586.75;7113.00;96681.60;;;999;;2049-12-31;;;INNOVIZ TECHNOLOGIES LTD - 7113;N;;;28;ESTADOS UNIDOS DA AMÉRICA;99;OUTRAS BOLSAS OU MERCADOS DE BALCÃO ORGANIZADOS
FIIM;41.012.711/0001-63;IT NOW S&P® KENSHO® MOONSHOTS FUNDO DE INDICE;2023-06-30;487672;4833323.53;INVESTIMENTO NO EXTERIOR;Outros;N;Para negociação;0.00;0.00;389.00;21629.01;389.00;133208.49;;;999;;2049-12-31;;;COINBASE GLOBAL INC - 389;N;;;28;ESTADOS UNIDOS DA AMÉRICA;A11;NASDAQ STOCK MARKET
FIIM;41.012.711/0001-63;IT NOW S&P® KENSHO® MOONSHOTS FUNDO DE INDICE;2023-06-30;487672;4833323.53;INVESTIMENTO NO EXTERIOR;Outros;N;Para negociação;406.00;1778.28;32.00;132.48;4964.00;97881.74;;;999;;2049-12-31;;;VIMEO INC - 4964;N;;;28;ESTADOS UNIDOS DA AMÉRICA;99;OUTRAS BOLSAS OU MERCADOS DE BALCÃO ORGANIZADOS
FIIM;41.012.711/0001-63;IT NOW S&P® KENSHO® MOONSHOTS FUNDO DE INDICE;2023-06-30;487672;4833323.53;INVESTIMENTO NO EXTERIOR;Outros;N;Para negociação;0.00;0.00;3085.00;21192.55;3085.00;101581.89;;;999;;2049-12-31;;;LUMINAR TECHNOLOGIES INC - 3085;N;;;28;ESTADOS UNIDOS DA AMÉRICA;A11;NASDAQ STOCK MARKET
FIIM;41.012.711/0001-63;IT NOW S&P® KENSHO® MOONSHOTS FUNDO DE INDICE;2023-06-30;487672;4833323.53;INVESTIMENTO NO EXTERIOR;Outros;N;Para negociação;0.00;0.00;9136.00;16528.33;9136.00;76518.56;;;999;;2049-12-31;;;23ANDME HOLDING CO -CLASS A - 9136;N;;;28;ESTADOS UNIDOS DA AMÉRICA;99;OUTRAS BOLSAS OU MERCADOS DE BALCÃO ORGANIZADOS
FIIM;41.012.711/0001-63;IT NOW S&P® KENSHO® MOONSHOTS FUNDO DE INDICE;2023-06-30;487672;4833323.53;INVESTIMENTO NO EXTERIOR;Outros;N;Para negociação;0.00;0.00;1081.00;9164.01;1081.00;35491.34;;;999;;2049-12-31;;;908 DEVICES INC - 1081;N;;;28;ESTADOS UNIDOS DA AMÉRICA;99;OUTRAS BOLSAS OU MERCADOS DE BALCÃO ORGANIZADOS
FIIM;41.012.711/0001-63;IT NOW S&P® KENSHO® MOONSHOTS FUNDO DE INDICE;2023-06-30;487672;4833323.53;INVESTIMENTO NO EXTERIOR;Outros;N;Para negociação;10094.00;22711.50;36.00;88.20;5700.00;80203.78;;;999;;2049-12-31;;;AURORA INNOVATION INC - 5700;N;;;28;ESTADOS UNIDOS DA AMÉRICA;99;OUTRAS BOLSAS OU MERCADOS DE BALCÃO ORGANIZADOS
FIIM;41.012.711/0001-63;IT NOW S&P® KENSHO® MOONSHOTS FUNDO DE INDICE;2023-06-30;487672;4833323.53;INVESTIMENTO NO EXTERIOR;Outros;N;Para negociação;0.00;0.00;745.00;11389.14;1934.00;140415.40;;;999;;2049-12-31;;;EHANG HOLDINGS LTD-SPS ADR - 1934;N;;;28;ESTADOS UNIDOS DA AMÉRICA;99;OUTRAS BOLSAS OU MERCADOS DE BALCÃO ORGANIZADOS
FIIM;41.054.432/0001-62;IT NOW RUSSELL® 1000 GREEN REVENUES 50 FUNDO DE ÍNDICE;2023-06-30;487671;9731506.18;DISPONIBILIDADES;Outros;;Para negociação;;;;;;49197.24;;;;DISPONIBILIDADES;;;;;;;;;;;
FIIM;41.054.432/0001-62;IT NOW RUSSELL® 1000 GREEN REVENUES 50 FUNDO DE ÍNDICE;2023-06-30;487671;9731506.18;VALORES A PAGAR;Outros;;Para negociação;;;;;;53948.30;;;;VALORES A PAGAR;;;;;;;;;;;
FIIM;41.054.432/0001-62;IT NOW RUSSELL® 1000 GREEN REVENUES 50 FUNDO DE ÍNDICE;2023-06-30;487671;9731506.18;VALORES A RECEBER;Outros;;Para negociação;;;;;;24548.82;;;;VALORES A RECEBER;;;;;;;;;;;
FIIM;41.054.432/0001-62;IT NOW RUSSELL® 1000 GREEN REVENUES 50 FUNDO DE ÍNDICE;2023-06-30;487671;9731506.18;INVESTIMENTO NO EXTERIOR;Ação ordinária;N;Para negociação;179.00;34808.34;1.00;196.08;358.00;344562.32;;;1;;2049-12-31;;;EATON CORP - 358;N;;;28;ESTADOS UNIDOS DA AMÉRICA;99;OUTRAS BOLSAS OU MERCADOS DE BALCÃO ORGANIZADOS
FIIM;41.054.432/0001-62;IT NOW RUSSELL® 1000 GREEN REVENUES 50 FUNDO DE ÍNDICE;2023-06-30;487671;9731506.18;INVESTIMENTO NO EXTERIOR;Ação ordinária;N;Para negociação;125.00;20698.75;2.00;333.48;881.00;731219.53;;;1;;2049-12-31;;;WASTE MANAGEMENT INC - 881;N;;;28;ESTADOS UNIDOS DA AMÉRICA;99;OUTRAS BOLSAS OU MERCADOS DE BALCÃO ORGANIZADOS
FIIM;41.054.432/0001-62;IT NOW RUSSELL® 1000 GREEN REVENUES 50 FUNDO DE ÍNDICE;2023-06-30;487671;9731506.18;INVESTIMENTO NO EXTERIOR;Ação ordinária;N;Para negociação;6.00;4476.66;1.00;759.94;130.00;487751.78;;;1;;2049-12-31;;;EQUINIX INC - 130;N;;;28;ESTADOS UNIDOS DA AMÉRICA;99;OUTRAS BOLSAS OU MERCADOS DE BALCÃO ORGANIZADOS
FIIM;41.054.432/0001-62;IT NOW RUSSELL® 1000 GREEN REVENUES 50 FUNDO DE ÍNDICE;2023-06-30;487671;9731506.18;INVESTIMENTO NO EXTERIOR;Ação ordinária;N;Para negociação;0.00;0.00;68.00;1932.56;354.00;53199.26;;;1;;2099-12-31;;;RAYONIER INC - 354;N;;;28;ESTADOS UNIDOS DA AMÉRICA;99;OUTRAS BOLSAS OU MERCADOS DE BALCÃO ORGANIZADOS
FIIM;41.054.432/0001-62;IT NOW RUSSELL® 1000 GREEN REVENUES 50 FUNDO DE ÍNDICE;2023-06-30;487671;9731506.18;INVESTIMENTO NO EXTERIOR;Ação ordinária;N;Para negociação;0.00;0.00;120.00;3284.40;518.00;69540.10;;;1;;2049-12-31;;;NUTANIX INC - 518;N;;;28;ESTADOS UNIDOS DA AMÉRICA;A11;NASDAQ STOCK MARKET
FIIM;41.054.432/0001-62;IT NOW RUSSELL® 1000 GREEN REVENUES 50 FUNDO DE ÍNDICE;2023-06-30;487671;9731506.18;INVESTIMENTO NO EXTERIOR;Ação ordinária;N;Para negociação;0.00;0.00;154.00;8830.36;154.00;43500.33;;;1;;2049-12-31;;;SONOCO PRODUCTS CO - 154;N;;;28;ESTADOS UNIDOS DA AMÉRICA;99;OUTRAS BOLSAS OU MERCADOS DE BALCÃO ORGANIZADOS
FIIM;41.054.432/0001-62;IT NOW RUSSELL® 1000 GREEN REVENUES 50 FUNDO DE ÍNDICE;2023-06-30;487671;9731506.18;INVESTIMENTO NO EXTERIOR;Ação ordinária;N;Para negociação;21.00;5074.86;1.00;241.07;44.00;54021.11;;;1;;2049-12-31;;;CARLISLE COS INC - 44;N;;;28;ESTADOS UNIDOS DA AMÉRICA;99;OUTRAS BOLSAS OU MERCADOS DE BALCÃO ORGANIZADOS
FIIM;41.054.432/0001-62;IT NOW RUSSELL® 1000 GREEN REVENUES 50 FUNDO DE ÍNDICE;2023-06-30;487671;9731506.18;INVESTIMENTO NO EXTERIOR;Ação ordinária;N;Para negociação;57.00;8352.21;2.00;295.54;447.00;327683.01;;;1;;2049-12-31;;;REPUBLIC SERVICES INC - 447;N;;;28;ESTADOS UNIDOS DA AMÉRICA;99;OUTRAS BOLSAS OU MERCADOS DE BALCÃO ORGANIZADOS
FIIM;41.054.432/0001-62;IT NOW RUSSELL® 1000 GREEN REVENUES 50 FUNDO DE ÍNDICE;2023-06-30;487671;9731506.18;INVESTIMENTO NO EXTERIOR;Ação ordinária;N;Para negociação;50.00;3006.00;0.00;0.00;167.00;51632.32;;;1;;2049-12-31;;;PENTAIR INC - 167;N;;;28;ESTADOS UNIDOS DA AMÉRICA;99;OUTRAS BOLSAS OU MERCADOS DE BALCÃO ORGANIZADOS
FIIM;41.054.432/0001-62;IT NOW RUSSELL® 1000 GREEN REVENUES 50 FUNDO DE ÍNDICE;2023-06-30;487671;9731506.18;INVESTIMENTO NO EXTERIOR;Ação ordinária;N;Para negociação;0.00;0.00;57.00;5901.78;250.00;132596.13;;;1;;2049-12-31;;;ENTEGRIS INC - 250;N;;;28;ESTADOS UNIDOS DA AMÉRICA;A11;NASDAQ STOCK MARKET
FIIM;41.054.432/0001-62;IT NOW RUSSELL® 1000 GREEN REVENUES 50 FUNDO DE ÍNDICE;2023-06-30;487671;9731506.18;INVESTIMENTO NO EXTERIOR;Ação ordinária;N;Para negociação;0.00;0.00;43.00;5848.11;157.00;108299.57;;;1;;2049-12-31;;;UNIVERSAL DISPLAY CORP - 157;N;;;28;ESTADOS UNIDOS DA AMÉRICA;99;OUTRAS BOLSAS OU MERCADOS DE BALCÃO ORGANIZADOS
FIIM;41.054.432/0001-62;IT NOW RUSSELL® 1000 GREEN REVENUES 50 FUNDO DE ÍNDICE;2023-06-30;487671;9731506.18;INVESTIMENTO NO EXTERIOR;Ação ordinária;N;Para negociação;109.00;23762.00;0.00;0.00;208.00;225736.85;;;1;;2049-12-31;;;NORFOLK SOUTHERN CORP - 208;N;;;28;ESTADOS UNIDOS DA AMÉRICA;99;OUTRAS BOLSAS OU MERCADOS DE BALCÃO ORGANIZADOS
FIIM;41.054.432/0001-62;IT NOW RUSSELL® 1000 GREEN REVENUES 50 FUNDO DE ÍNDICE;2023-06-30;487671;9731506.18;INVESTIMENTO NO EXTERIOR;Ação ordinária;N;Para negociação;0.00;0.00;555.00;9168.60;2441.00;196268.11;;;1;;2049-12-31;;;HEWLETT PACKARD ENTERPRISE CO - 2441;N;;;28;ESTADOS UNIDOS DA AMÉRICA;99;OUTRAS BOLSAS OU MERCADOS DE BALCÃO ORGANIZADOS
FIIM;41.054.432/0001-62;IT NOW RUSSELL® 1000 GREEN REVENUES 50 FUNDO DE ÍNDICE;2023-06-30;487671;9731506.18;INVESTIMENTO NO EXTERIOR;Ação ordinária;N;Para negociação;21.00;1504.86;0.00;0.00;150.00;54574.75;;;1;;2049-12-31;;;HEXCEL CORP - 150;N;;;28;ESTADOS UNIDOS DA AMÉRICA;99;OUTRAS BOLSAS OU MERCADOS DE BALCÃO ORGANIZADOS
FIIM;41.054.432/0001-62;IT NOW RUSSELL® 1000 GREEN REVENUES 50 FUNDO DE ÍNDICE;2023-06-30;487671;9731506.18;INVESTIMENTO NO EXTERIOR;Ação ordinária;N;Para negociação;0.00;0.00;18.00;1268.82;148.00;52033.77;;;1;;2049-12-31;;;ARMSTRONG WORLD INDUSTRIES INC - 148;N;;;28;ESTADOS UNIDOS DA AMÉRICA;99;OUTRAS BOLSAS OU MERCADOS DE BALCÃO ORGANIZADOS
FIIM;41.054.432/0001-62;IT NOW RUSSELL® 1000 GREEN REVENUES 50 FUNDO DE ÍNDICE;2023-06-30;487671;9731506.18;INVESTIMENTO NO EXTERIOR;Ação ordinária;N;Para negociação;1122.00;36734.28;4.00;132.44;2064.00;336850.16;;;1;;2049-12-31;;;CSX CORP - 2064;N;;;28;ESTADOS UNIDOS DA AMÉRICA;99;OUTRAS BOLSAS OU MERCADOS DE BALCÃO ORGANIZADOS
FIIM;41.054.432/0001-62;IT NOW RUSSELL® 1000 GREEN REVENUES 50 FUNDO DE ÍNDICE;2023-06-30;487671;9731506.18;INVESTIMENTO NO EXTERIOR;Ação ordinária;N;Para negociação;33.00;5244.36;0.00;0.00;70.00;54856.17;;;1;;2049-12-31;;;TETRA TECH INC - 70;N;;;28;ESTADOS UNIDOS DA AMÉRICA;99;OUTRAS BOLSAS OU MERCADOS DE BALCÃO ORGANIZADOS
FIIM;41.054.432/0001-62;IT NOW RUSSELL® 1000 GREEN REVENUES 50 FUNDO DE ÍNDICE;2023-06-30;487671;9731506.18;INVESTIMENTO NO EXTERIOR;Ação ordinária;N;Para negociação;0.00;0.00;30.00;2458.50;122.00;50746.05;;;1;;2050-05-20;;;ASHLAND GLOBAL HOLDINGS INC - 122;N;;;28;ESTADOS UNIDOS DA AMÉRICA;99;OUTRAS BOLSAS OU MERCADOS DE BALCÃO ORGANIZADOS
FIIM;41.054.432/0001-62;IT NOW RUSSELL® 1000 GREEN REVENUES 50 FUNDO DE ÍNDICE;2023-06-30;487671;9731506.18;INVESTIMENTO NO EXTERIOR;Ação ordinária;N;Para negociação;11.00;2029.72;0.00;0.00;248.00;225623.14;;;1;;2049-12-31;;;FIRST SOLAR INC - 248;N;;;28;ESTADOS UNIDOS DA AMÉRICA;99;OUTRAS BOLSAS OU MERCADOS DE BALCÃO ORGANIZADOS
FIIM;41.054.432/0001-62;IT NOW RUSSELL® 1000 GREEN REVENUES 50 FUNDO DE ÍNDICE;2023-06-30;487671;9731506.18;INVESTIMENTO NO EXTERIOR;Ação ordinária;N;Para negociação;23.00;3352.48;1.00;140.23;409.00;279429.41;;;1;;2049-12-31;;;AMERICAN WATER WORKS CO INC - 409;N;;;28;ESTADOS UNIDOS DA AMÉRICA;99;OUTRAS BOLSAS OU MERCADOS DE BALCÃO ORGANIZADOS
FIIM;41.054.432/0001-62;IT NOW RUSSELL® 1000 GREEN REVENUES 50 FUNDO DE ÍNDICE;2023-06-30;487671;9731506.18;INVESTIMENTO NO EXTERIOR;Ação ordinária;N;Para negociação;0.00;0.00;2.00;135.70;158.00;56698.97;;;1;;2049-12-31;;;LOUISIANA-PACIFIC CORP - 158;N;;;28;ESTADOS UNIDOS DA AMÉRICA;99;OUTRAS BOLSAS OU MERCADOS DE BALCÃO ORGANIZADOS
FIIM;41.054.432/0001-62;IT NOW RUSSELL® 1000 GREEN REVENUES 50 FUNDO DE ÍNDICE;2023-06-30;487671;9731506.18;INVESTIMENTO NO EXTERIOR;Ação ordinária;N;Para negociação;127.00;32588.20;3.00;723.15;899.00;1126295.26;;;1;;2049-12-31;;;TESLA INC - 899;N;;;28;ESTADOS UNIDOS DA AMÉRICA;A11;NASDAQ STOCK MARKET
FIIM;41.054.432/0001-62;IT NOW RUSSELL® 1000 GREEN REVENUES 50 FUNDO DE ÍNDICE;2023-06-30;487671;9731506.18;INVESTIMENTO NO EXTERIOR;Ação ordinária;N;Para negociação;0.00;0.00;646.00;129130.38;646.00;632635.11;;;1;;2049-12-31;;;UNION PACIFIC CORP - 646;N;;;28;ESTADOS UNIDOS DA AMÉRICA;99;OUTRAS BOLSAS OU MERCADOS DE BALCÃO ORGANIZADOS
FIIM;41.054.432/0001-62;IT NOW RUSSELL® 1000 GREEN REVENUES 50 FUNDO DE ÍNDICE;2023-06-30;487671;9731506.18;INVESTIMENTO NO EXTERIOR;Ação ordinária;N;Para negociação;104.00;5747.04;0.00;0.00;209.00;57395.72;;;1;;2049-12-31;;;MASCO CORP - 209;N;;;28;ESTADOS UNIDOS DA AMÉRICA;99;OUTRAS BOLSAS OU MERCADOS DE BALCÃO ORGANIZADOS
FIIM;41.054.432/0001-62;IT NOW RUSSELL® 1000 GREEN REVENUES 50 FUNDO DE ÍNDICE;2023-06-30;487671;9731506.18;INVESTIMENTO NO EXTERIOR;Ação ordinária;N;Para negociação;19.00;1117.96;0.00;0.00;336.00;102580.44;;;1;;2049-12-31;;;DARLING INTERNATIONAL INC - 336;N;;;28;ESTADOS UNIDOS DA AMÉRICA;99;OUTRAS BOLSAS OU MERCADOS DE BALCÃO ORGANIZADOS
FIIM;41.054.432/0001-62;IT NOW RUSSELL® 1000 GREEN REVENUES 50 FUNDO DE ÍNDICE;2023-06-30;487671;9731506.18;INVESTIMENTO NO EXTERIOR;Ação ordinária;N;Para negociação;25.00;3101.50;0.00;0.00;87.00;54337.85;;;1;;2049-12-31;;;OWENS CORNING - 87;N;;;28;ESTADOS UNIDOS DA AMÉRICA;99;OUTRAS BOLSAS OU MERCADOS DE BALCÃO ORGANIZADOS
FIIM;41.054.432/0001-62;IT NOW RUSSELL® 1000 GREEN REVENUES 50 FUNDO DE ÍNDICE;2023-06-30;487671;9731506.18;INVESTIMENTO NO EXTERIOR;Ação ordinária;N;Para negociação;19.00;4766.53;0.00;0.00;46.00;58565.89;;;1;;2049-12-31;;;TOPBUILD CORP - 46;N;;;28;ESTADOS UNIDOS DA AMÉRICA;99;OUTRAS BOLSAS OU MERCADOS DE BALCÃO ORGANIZADOS
FIIM;41.054.432/0001-62;IT NOW RUSSELL® 1000 GREEN REVENUES 50 FUNDO DE ÍNDICE;2023-06-30;487671;9731506.18;INVESTIMENTO NO EXTERIOR;Ação ordinária;N;Para negociação;0.00;0.00;335.00;9567.60;335.00;45790.53;;;1;;2049-12-31;;;CLEARWAY ENERGY INC-C - 335;N;;;28;ESTADOS UNIDOS DA AMÉRICA;99;OUTRAS BOLSAS OU MERCADOS DE BALCÃO ORGANIZADOS
FIIM;41.054.432/0001-62;IT NOW RUSSELL® 1000 GREEN REVENUES 50 FUNDO DE ÍNDICE;2023-06-30;487671;9731506.18;INVESTIMENTO NO EXTERIOR;Ação ordinária;N;Para negociação;10.00;515.00;0.00;0.00;215.00;59259.53;;;1;;2049-12-31;;;BOSTON PROPERTIES INC - 215;N;;;28;ESTADOS UNIDOS DA AMÉRICA;99;OUTRAS BOLSAS OU MERCADOS DE BALCÃO ORGANIZADOS
FIIM;41.054.432/0001-62;IT NOW RUSSELL® 1000 GREEN REVENUES 50 FUNDO DE ÍNDICE;2023-06-30;487671;9731506.18;INVESTIMENTO NO EXTERIOR;Ação ordinária;N;Para negociação;37.00;2241.83;0.00;0.00;180.00;56478.62;;;1;;2049-12-31;;;TREX CO INC - 180;N;;;28;ESTADOS UNIDOS DA AMÉRICA;99;OUTRAS BOLSAS OU MERCADOS DE BALCÃO ORGANIZADOS
FIIM;41.054.432/0001-62;IT NOW RUSSELL® 1000 GREEN REVENUES 50 FUNDO DE ÍNDICE;2023-06-30;487671;9731506.18;INVESTIMENTO NO EXTERIOR;Ação ordinária;N;Para negociação;0.00;0.00;360.00;5230.80;765.00;66415.80;;;1;;2049-12-31;;;VORNADO REALTY TRUST - 765;N;;;28;ESTADOS UNIDOS DA AMÉRICA;99;OUTRAS BOLSAS OU MERCADOS DE BALCÃO ORGANIZADOS
FIIM;41.054.432/0001-62;IT NOW RUSSELL® 1000 GREEN REVENUES 50 FUNDO DE ÍNDICE;2023-06-30;487671;9731506.18;INVESTIMENTO NO EXTERIOR;Ação ordinária;N;Para negociação;0.00;0.00;1396.00;180688.10;1396.00;894018.86;;;1;;2049-12-31;;;IBM - 1396;N;;;28;ESTADOS UNIDOS DA AMÉRICA;99;OUTRAS BOLSAS OU MERCADOS DE BALCÃO ORGANIZADOS
FIIM;41.054.432/0001-62;IT NOW RUSSELL® 1000 GREEN REVENUES 50 FUNDO DE ÍNDICE;2023-06-30;487671;9731506.18;INVESTIMENTO NO EXTERIOR;Ação ordinária;N;Para negociação;29.00;2977.72;0.00;0.00;315.00;164221.77;;;1;;2049-12-31;;;STEEL DYNAMICS INC - 315;N;;;28;ESTADOS UNIDOS DA AMÉRICA;99;OUTRAS BOLSAS OU MERCADOS DE BALCÃO ORGANIZADOS
FIIM;41.054.432/0001-62;IT NOW RUSSELL® 1000 GREEN REVENUES 50 FUNDO DE ÍNDICE;2023-06-30;487671;9731506.18;INVESTIMENTO NO EXTERIOR;Ação ordinária;N;Para negociação;29.00;3219.87;0.00;0.00;226.00;121813.84;;;1;;2049-12-31;;;XYLEM INC/NY - 226;N;;;28;ESTADOS UNIDOS DA AMÉRICA;99;OUTRAS BOLSAS OU MERCADOS DE BALCÃO ORGANIZADOS
FIIM;41.054.432/0001-62;IT NOW RUSSELL® 1000 GREEN REVENUES 50 FUNDO DE ÍNDICE;2023-06-30;487671;9731506.18;INVESTIMENTO NO EXTERIOR;Ação ordinária;N;Para negociação;132.00;13506.24;0.00;0.00;255.00;133844.55;;;1;;2049-12-31;;;WABTEC CORP/DE - 255;N;;;28;ESTADOS UNIDOS DA AMÉRICA;99;OUTRAS BOLSAS OU MERCADOS DE BALCÃO ORGANIZADOS
FIIM;41.054.432/0001-62;IT NOW RUSSELL® 1000 GREEN REVENUES 50 FUNDO DE ÍNDICE;2023-06-30;487671;9731506.18;INVESTIMENTO NO EXTERIOR;Ação ordinária;N;Para negociação;11.00;1709.62;1.00;156.11;108.00;84991.89;;;1;;2049-12-31;;;CLEAN HARBORS INC - 108;N;;;28;ESTADOS UNIDOS DA AMÉRICA;99;OUTRAS BOLSAS OU MERCADOS DE BALCÃO ORGANIZADOS
FIIM;41.054.432/0001-62;IT NOW RUSSELL® 1000 GREEN REVENUES 50 FUNDO DE ÍNDICE;2023-06-30;487671;9731506.18;INVESTIMENTO NO EXTERIOR;Ação ordinária;N;Para negociação;92.00;2797.72;0.00;0.00;1636.00;262379.81;;;1;;2049-12-31;;;WEYERHAEUSER CO - 1636;N;;;28;ESTADOS UNIDOS DA AMÉRICA;99;OUTRAS BOLSAS OU MERCADOS DE BALCÃO ORGANIZADOS
FIIM;41.054.432/0001-62;IT NOW RUSSELL® 1000 GREEN REVENUES 50 FUNDO DE ÍNDICE;2023-06-30;487671;9731506.18;INVESTIMENTO NO EXTERIOR;Ação ordinária;N;Para negociação;0.00;0.00;2.00;320.56;61.00;47610.55;;;1;;2049-12-31;;;ACUITY BRANDS INC - 61;N;;;28;ESTADOS UNIDOS DA AMÉRICA;99;OUTRAS BOLSAS OU MERCADOS DE BALCÃO ORGANIZADOS
FIIM;41.054.432/0001-62;IT NOW RUSSELL® 1000 GREEN REVENUES 50 FUNDO DE ÍNDICE;2023-06-30;487671;9731506.18;INVESTIMENTO NO EXTERIOR;Ação ordinária;N;Para negociação;0.00;0.00;27.00;1181.79;228.00;50675.69;;;1;;2049-12-31;;;STERICYCLE INC - 228;N;;;28;ESTADOS UNIDOS DA AMÉRICA;A11;NASDAQ STOCK MARKET
FIIM;41.054.432/0001-62;IT NOW RUSSELL® 1000 GREEN REVENUES 50 FUNDO DE ÍNDICE;2023-06-30;487671;9731506.18;INVESTIMENTO NO EXTERIOR;Ação ordinária;N;Para negociação;10.00;1586.90;0.00;0.00;310.00;248483.37;;;1;;2049-12-31;;;ENPHASE ENERGY INC - 310;N;;;28;ESTADOS UNIDOS DA AMÉRICA;99;OUTRAS BOLSAS OU MERCADOS DE BALCÃO ORGANIZADOS
FIIM;41.054.432/0001-62;IT NOW RUSSELL® 1000 GREEN REVENUES 50 FUNDO DE ÍNDICE;2023-06-30;487671;9731506.18;INVESTIMENTO NO EXTERIOR;Ação ordinária;N;Para negociação;278.00;18067.22;0.00;0.00;553.00;180343.27;;;1;;2049-12-31;;;JOHNSON CONTROLS INC - 553;N;;;28;ESTADOS UNIDOS DA AMÉRICA;99;OUTRAS BOLSAS OU MERCADOS DE BALCÃO ORGANIZADOS
FIIM;41.054.432/0001-62;IT NOW RUSSELL® 1000 GREEN REVENUES 50 FUNDO DE ÍNDICE;2023-06-30;487671;9731506.18;INVESTIMENTO NO EXTERIOR;Ação ordinária;N;Para negociação;0.00;0.00;38.00;653.98;546.00;46670.96;;;1;;2049-12-31;;;SUNRUN INC - 546;N;;;28;ESTADOS UNIDOS DA AMÉRICA;99;OUTRAS BOLSAS OU MERCADOS DE BALCÃO ORGANIZADOS
FIIM;41.054.432/0001-62;IT NOW RUSSELL® 1000 GREEN REVENUES 50 FUNDO DE ÍNDICE;2023-06-30;487671;9731506.18;INVESTIMENTO NO EXTERIOR;Ação ordinária;N;Para negociação;0.00;0.00;95.00;22626.80;688.00;790264.32;;;1;;2049-12-31;;;DANAHER CORP - 688;N;;;28;ESTADOS UNIDOS DA AMÉRICA;99;OUTRAS BOLSAS OU MERCADOS DE BALCÃO ORGANIZADOS
FIIM;41.054.432/0001-62;IT NOW RUSSELL® 1000 GREEN REVENUES 50 FUNDO DE ÍNDICE;2023-06-30;487671;9731506.18;INVESTIMENTO NO EXTERIOR;Ação ordinária;N;Para negociação;0.00;0.00;1247.00;11472.40;1247.00;62008.99;;;1;;2049-12-31;;;PLUG POWER INC - 1247;N;;;28;ESTADOS UNIDOS DA AMÉRICA;99;OUTRAS BOLSAS OU MERCADOS DE BALCÃO ORGANIZADOS
FIIM;41.054.432/0001-62;IT NOW RUSSELL® 1000 GREEN REVENUES 50 FUNDO DE ÍNDICE;2023-06-30;487671;9731506.18;INVESTIMENTO NO EXTERIOR;Outros;N;Para negociação;23.00;920.23;0.00;0.00;304.00;58066.81;;;999;;2049-12-31;;;ESSENTIAL UTILITIES INC - 304;N;;;28;ESTADOS UNIDOS DA AMÉRICA;99;OUTRAS BOLSAS OU MERCADOS DE BALCÃO ORGANIZADOS
FIIM;41.054.432/0001-62;IT NOW RUSSELL® 1000 GREEN REVENUES 50 FUNDO DE ÍNDICE;2023-06-30;487671;9731506.18;INVESTIMENTO NO EXTERIOR;Outros;N;Para negociação;0.00;0.00;83.00;4104.35;365.00;97109.61;;;999;;2049-12-31;;;WOLFSPEED INC - 365;N;;;28;ESTADOS UNIDOS DA AMÉRICA;99;OUTRAS BOLSAS OU MERCADOS DE BALCÃO ORGANIZADOS
FIIM;41.054.432/0001-62;IT NOW RUSSELL® 1000 GREEN REVENUES 50 FUNDO DE ÍNDICE;2023-06-30;487671;9731506.18;INVESTIMENTO NO EXTERIOR;Outros;N;Para negociação;0.00;0.00;437.00;2390.39;1733.00;57146.61;;;999;;2049-12-31;;;LUCID GROUP - 1733;N;;;28;ESTADOS UNIDOS DA AMÉRICA;99;OUTRAS BOLSAS OU MERCADOS DE BALCÃO ORGANIZADOS
FIIM;41.054.432/0001-62;IT NOW RUSSELL® 1000 GREEN REVENUES 50 FUNDO DE ÍNDICE;2023-06-30;487671;9731506.18;INVESTIMENTO NO EXTERIOR;Outros;N;Para negociação;0.00;0.00;350.00;9530.50;350.00;45227.70;;;999;;2049-12-31;;;CLEARWAY ENERGY INC-A - 350;N;;;28;ESTADOS UNIDOS DA AMÉRICA;99;OUTRAS BOLSAS OU MERCADOS DE BALCÃO ORGANIZADOS
FIIM;41.054.432/0001-62;IT NOW RUSSELL® 1000 GREEN REVENUES 50 FUNDO DE ÍNDICE;2023-06-30;487671;9731506.18;INVESTIMENTO NO EXTERIOR;Outros;N;Para negociação;208.00;11608.48;0.00;0.00;422.00;117566.27;;;999;;2049-12-31;;;BALL CORP - 422;N;;;28;ESTADOS UNIDOS DA AMÉRICA;99;OUTRAS BOLSAS OU MERCADOS DE BALCÃO ORGANIZADOS
FIIM;41.054.432/0001-62;IT NOW RUSSELL® 1000 GREEN REVENUES 50 FUNDO DE ÍNDICE;2023-06-30;487671;9731506.18;INVESTIMENTO NO EXTERIOR;Outros;N;Para negociação;0.00;0.00;153.00;10338.21;153.00;52685.96;;;999;;2049-12-31;;;FORTUNE BRANDS INNOVATIONS I - 153;N;;;28;ESTADOS UNIDOS DA AMÉRICA;99;OUTRAS BOLSAS OU MERCADOS DE BALCÃO ORGANIZADOS
FIIM;41.054.459/0001-55;IT NOW MSCI USA IMI GENOMIC INNOVATION SELECT 50 FUNDO DE INDICE;2023-06-30;487669;6206183.64;DISPONIBILIDADES;Outros;;Para negociação;;;;;;13613.86;;;;DISPONIBILIDADES;;;;;;;;;;;
FIIM;41.054.459/0001-55;IT NOW MSCI USA IMI GENOMIC INNOVATION SELECT 50 FUNDO DE INDICE;2023-06-30;487669;6206183.64;VALORES A PAGAR;Outros;;Para negociação;;;;;;36527.07;;;;VALORES A PAGAR;;;;;;;;;;;
FIIM;41.054.459/0001-55;IT NOW MSCI USA IMI GENOMIC INNOVATION SELECT 50 FUNDO DE INDICE;2023-06-30;487669;6206183.64;VALORES A RECEBER;Outros;;Para negociação;;;;;;28892.52;;;;VALORES A RECEBER;;;;;;;;;;;
FIIM;41.054.459/0001-55;IT NOW MSCI USA IMI GENOMIC INNOVATION SELECT 50 FUNDO DE INDICE;2023-06-30;487669;6206183.64;INVESTIMENTO NO EXTERIOR;Ação ordinária;N;Para negociação;0.00;0.00;3.00;102.00;249.00;38051.42;;;1;;2049-12-31;;;BEAM INC - 249;N;;;28;ESTADOS UNIDOS DA AMÉRICA;99;OUTRAS BOLSAS OU MERCADOS DE BALCÃO ORGANIZADOS
FIIM;41.054.459/0001-55;IT NOW MSCI USA IMI GENOMIC INNOVATION SELECT 50 FUNDO DE INDICE;2023-06-30;487669;6206183.64;INVESTIMENTO NO EXTERIOR;Ação ordinária;N;Para negociação;0.00;0.00;11.00;277.20;769.00;93188.58;;;1;;2049-12-31;;;TELADOC HEALTH INC - 769;N;;;28;ESTADOS UNIDOS DA AMÉRICA;99;OUTRAS BOLSAS OU MERCADOS DE BALCÃO ORGANIZADOS
FIIM;41.054.459/0001-55;IT NOW MSCI USA IMI GENOMIC INNOVATION SELECT 50 FUNDO DE INDICE;2023-06-30;487669;6206183.64;INVESTIMENTO NO EXTERIOR;Ação ordinária;N;Para negociação;0.00;0.00;5.00;1011.70;345.00;313623.22;;;1;;2049-12-31;;;ALNYLAM PHARMACEUTICALS INC - 345;N;;;28;ESTADOS UNIDOS DA AMÉRICA;A11;NASDAQ STOCK MARKET
FIIM;41.054.459/0001-55;IT NOW MSCI USA IMI GENOMIC INNOVATION SELECT 50 FUNDO DE INDICE;2023-06-30;487669;6206183.64;INVESTIMENTO NO EXTERIOR;Ação ordinária;N;Para negociação;0.00;0.00;8.00;152.80;596.00;54510.43;;;1;;2049-12-31;;;EXELIXIS INC - 596;N;;;28;ESTADOS UNIDOS DA AMÉRICA;A11;NASDAQ STOCK MARKET
FIIM;41.054.459/0001-55;IT NOW MSCI USA IMI GENOMIC INNOVATION SELECT 50 FUNDO DE INDICE;2023-06-30;487669;6206183.64;INVESTIMENTO NO EXTERIOR;Ação ordinária;N;Para negociação;0.00;0.00;2.00;1070.22;125.00;312136.93;;;1;;2049-12-31;;;THERMO FISHER SCIENTIFIC INC - 125;N;;;28;ESTADOS UNIDOS DA AMÉRICA;99;OUTRAS BOLSAS OU MERCADOS DE BALCÃO ORGANIZADOS
FIIM;41.054.459/0001-55;IT NOW MSCI USA IMI GENOMIC INNOVATION SELECT 50 FUNDO DE INDICE;2023-06-30;487669;6206183.64;INVESTIMENTO NO EXTERIOR;Ação ordinária;N;Para negociação;0.00;0.00;5.00;294.70;351.00;94308.80;;;1;;2049-12-31;;;CRISPR THERAPEUTICS AG - 351;N;;;28;ESTADOS UNIDOS DA AMÉRICA;99;OUTRAS BOLSAS OU MERCADOS DE BALCÃO ORGANIZADOS
FIIM;41.054.459/0001-55;IT NOW MSCI USA IMI GENOMIC INNOVATION SELECT 50 FUNDO DE INDICE;2023-06-30;487669;6206183.64;INVESTIMENTO NO EXTERIOR;Ação ordinária;N;Para negociação;0.00;0.00;6.00;352.32;411.00;109839.84;;;1;;2049-12-31;;;10X GENOMICS INC-CLASS A - 411;N;;;28;ESTADOS UNIDOS DA AMÉRICA;99;OUTRAS BOLSAS OU MERCADOS DE BALCÃO ORGANIZADOS
FIIM;41.054.459/0001-55;IT NOW MSCI USA IMI GENOMIC INNOVATION SELECT 50 FUNDO DE INDICE;2023-06-30;487669;6206183.64;INVESTIMENTO NO EXTERIOR;Ação ordinária;N;Para negociação;0.00;0.00;12.00;948.00;835.00;307995.61;;;1;;2049-12-31;;;GILEAD SCIENCES INC - 835;N;;;28;ESTADOS UNIDOS DA AMÉRICA;A11;NASDAQ STOCK MARKET
FIIM;41.054.459/0001-55;IT NOW MSCI USA IMI GENOMIC INNOVATION SELECT 50 FUNDO DE INDICE;2023-06-30;487669;6206183.64;INVESTIMENTO NO EXTERIOR;Ação ordinária;N;Para negociação;0.00;0.00;15.00;968.18;1001.00;306370.76;;;1;;2049-12-31;;;BRISTOL-MYERS SQUIBB CO - 1001;N;;;28;ESTADOS UNIDOS DA AMÉRICA;99;OUTRAS BOLSAS OU MERCADOS DE BALCÃO ORGANIZADOS
FIIM;41.054.459/0001-55;IT NOW MSCI USA IMI GENOMIC INNOVATION SELECT 50 FUNDO DE INDICE;2023-06-30;487669;6206183.64;INVESTIMENTO NO EXTERIOR;Ação ordinária;N;Para negociação;0.00;0.00;5.00;1083.90;318.00;342088.25;;;1;;2049-12-31;;;IQVIA HOLDINGS INC - 318;N;;;28;ESTADOS UNIDOS DA AMÉRICA;99;OUTRAS BOLSAS OU MERCADOS DE BALCÃO ORGANIZADOS
FIIM;41.054.459/0001-55;IT NOW MSCI USA IMI GENOMIC INNOVATION SELECT 50 FUNDO DE INDICE;2023-06-30;487669;6206183.64;INVESTIMENTO NO EXTERIOR;Ação ordinária;N;Para negociação;0.00;0.00;0.00;0.00;13.00;12039.18;;;1;;2049-12-31;;;CORVEL CORP - 13;N;;;28;ESTADOS UNIDOS DA AMÉRICA;A11;NASDAQ STOCK MARKET
FIIM;41.054.459/0001-55;IT NOW MSCI USA IMI GENOMIC INNOVATION SELECT 50 FUNDO DE INDICE;2023-06-30;487669;6206183.64;INVESTIMENTO NO EXTERIOR;Ação ordinária;N;Para negociação;0.00;0.00;0.00;0.00;118.00;23228.08;;;1;;2049-12-31;;;INTEGRA LIFESCIENCES HOLDINGS - 118;N;;;28;ESTADOS UNIDOS DA AMÉRICA;A11;NASDAQ STOCK MARKET
FIIM;41.054.459/0001-55;IT NOW MSCI USA IMI GENOMIC INNOVATION SELECT 50 FUNDO DE INDICE;2023-06-30;487669;6206183.64;INVESTIMENTO NO EXTERIOR;Ação ordinária;N;Para negociação;0.00;0.00;6.00;227.16;458.00;78473.17;;;1;;2049-12-31;;;GUARDANT HEALTH INC - 458;N;;;28;ESTADOS UNIDOS DA AMÉRICA;A11;NASDAQ STOCK MARKET
FIIM;41.054.459/0001-55;IT NOW MSCI USA IMI GENOMIC INNOVATION SELECT 50 FUNDO DE INDICE;2023-06-30;487669;6206183.64;INVESTIMENTO NO EXTERIOR;Ação ordinária;N;Para negociação;0.00;0.00;2.00;263.22;195.00;106878.08;;;1;;2049-12-31;;;SAREPTA THERAPEUTICS INC - 195;N;;;28;ESTADOS UNIDOS DA AMÉRICA;99;OUTRAS BOLSAS OU MERCADOS DE BALCÃO ORGANIZADOS
FIIM;41.054.459/0001-55;IT NOW MSCI USA IMI GENOMIC INNOVATION SELECT 50 FUNDO DE INDICE;2023-06-30;487669;6206183.64;INVESTIMENTO NO EXTERIOR;Ação ordinária;N;Para negociação;0.00;0.00;7.00;909.86;521.00;302960.97;;;1;;2049-12-31;;;MODERNA INC - 521;N;;;28;ESTADOS UNIDOS DA AMÉRICA;A11;NASDAQ STOCK MARKET
FIIM;41.054.459/0001-55;IT NOW MSCI USA IMI GENOMIC INNOVATION SELECT 50 FUNDO DE INDICE;2023-06-30;487669;6206183.64;INVESTIMENTO NO EXTERIOR;Ação ordinária;N;Para negociação;0.00;0.00;5.00;244.30;330.00;72856.79;;;1;;2049-12-31;;;ULTRAGENYX PHARMACEUTICAL IN - 330;N;;;28;ESTADOS UNIDOS DA AMÉRICA;A11;NASDAQ STOCK MARKET
FIIM;41.054.459/0001-55;IT NOW MSCI USA IMI GENOMIC INNOVATION SELECT 50 FUNDO DE INDICE;2023-06-30;487669;6206183.64;INVESTIMENTO NO EXTERIOR;Ação ordinária;N;Para negociação;0.00;0.00;2.00;121.78;101.00;30549.99;;;1;;2049-12-31;;;BPMC - 101;N;;;28;ESTADOS UNIDOS DA AMÉRICA;A11;NASDAQ STOCK MARKET
FIIM;41.054.459/0001-55;IT NOW MSCI USA IMI GENOMIC INNOVATION SELECT 50 FUNDO DE INDICE;2023-06-30;487669;6206183.64;INVESTIMENTO NO EXTERIOR;Ação ordinária;N;Para negociação;0.00;0.00;3.00;411.60;189.00;127144.11;;;1;;2049-12-31;;;QUEST DIAGNOSTICS INC - 189;N;;;28;ESTADOS UNIDOS DA AMÉRICA;99;OUTRAS BOLSAS OU MERCADOS DE BALCÃO ORGANIZADOS
FIIM;41.054.459/0001-55;IT NOW MSCI USA IMI GENOMIC INNOVATION SELECT 50 FUNDO DE INDICE;2023-06-30;487669;6206183.64;INVESTIMENTO NO EXTERIOR;Ação ordinária;N;Para negociação;0.00;0.00;2.00;441.22;116.00;133336.61;;;1;;2049-12-31;;;MEDPACE HOLDINGS INC - 116;N;;;28;ESTADOS UNIDOS DA AMÉRICA;99;OUTRAS BOLSAS OU MERCADOS DE BALCÃO ORGANIZADOS
FIIM;41.054.459/0001-55;IT NOW MSCI USA IMI GENOMIC INNOVATION SELECT 50 FUNDO DE INDICE;2023-06-30;487669;6206183.64;INVESTIMENTO NO EXTERIOR;Ação ordinária;N;Para negociação;0.00;0.00;1.00;379.06;48.00;87094.47;;;1;;2049-12-31;;;BIO-RAD LABORATORIES INC - 48;N;;;28;ESTADOS UNIDOS DA AMÉRICA;99;OUTRAS BOLSAS OU MERCADOS DE BALCÃO ORGANIZADOS
FIIM;41.054.459/0001-55;IT NOW MSCI USA IMI GENOMIC INNOVATION SELECT 50 FUNDO DE INDICE;2023-06-30;487669;6206183.64;INVESTIMENTO NO EXTERIOR;Ação ordinária;N;Para negociação;0.00;0.00;7.00;355.04;506.00;117840.70;;;1;;2049-12-31;;;NATERA INC - 506;N;;;28;ESTADOS UNIDOS DA AMÉRICA;A11;NASDAQ STOCK MARKET
FIIM;41.054.459/0001-55;IT NOW MSCI USA IMI GENOMIC INNOVATION SELECT 50 FUNDO DE INDICE;2023-06-30;487669;6206183.64;INVESTIMENTO NO EXTERIOR;Ação ordinária;N;Para negociação;0.00;0.00;5.00;227.85;372.00;72604.38;;;1;;2049-12-31;;;INTELLIA THERAPEUTICS INC - 372;N;;;28;ESTADOS UNIDOS DA AMÉRICA;99;OUTRAS BOLSAS OU MERCADOS DE BALCÃO ORGANIZADOS
FIIM;41.054.459/0001-55;IT NOW MSCI USA IMI GENOMIC INNOVATION SELECT 50 FUNDO DE INDICE;2023-06-30;487669;6206183.64;INVESTIMENTO NO EXTERIOR;Ação ordinária;N;Para negociação;0.00;0.00;15.00;280.50;1028.00;92840.55;;;1;;2049-12-31;;;IMMUNOGEN INC - 1028;N;;;28;ESTADOS UNIDOS DA AMÉRICA;A11;NASDAQ STOCK MARKET
FIIM;41.054.459/0001-55;IT NOW MSCI USA IMI GENOMIC INNOVATION SELECT 50 FUNDO DE INDICE;2023-06-30;487669;6206183.64;INVESTIMENTO NO EXTERIOR;Ação ordinária;N;Para negociação;0.00;0.00;4.00;345.42;232.00;92003.76;;;1;;2049-12-31;;;QUIDEL CORP - 232;N;;;28;ESTADOS UNIDOS DA AMÉRICA;A11;NASDAQ STOCK MARKET
FIIM;41.054.459/0001-55;IT NOW MSCI USA IMI GENOMIC INNOVATION SELECT 50 FUNDO DE INDICE;2023-06-30;487669;6206183.64;INVESTIMENTO NO EXTERIOR;Ação ordinária;N;Para negociação;0.00;0.00;3.00;107.22;177.00;30208.37;;;1;;2049-12-31;;;ARROWHEAD RESEARCH CORP - 177;N;;;28;ESTADOS UNIDOS DA AMÉRICA;A11;NASDAQ STOCK MARKET
FIIM;41.054.459/0001-55;IT NOW MSCI USA IMI GENOMIC INNOVATION SELECT 50 FUNDO DE INDICE;2023-06-30;487669;6206183.64;INVESTIMENTO NO EXTERIOR;Ação ordinária;N;Para negociação;9.00;392.31;20.00;740.70;779.00;161658.82;;;1;;2049-12-31;;;CATALENT INC - 779;N;;;28;ESTADOS UNIDOS DA AMÉRICA;99;OUTRAS BOLSAS OU MERCADOS DE BALCÃO ORGANIZADOS
FIIM;41.054.459/0001-55;IT NOW MSCI USA IMI GENOMIC INNOVATION SELECT 50 FUNDO DE INDICE;2023-06-30;487669;6206183.64;INVESTIMENTO NO EXTERIOR;Ação ordinária;N;Para negociação;0.00;0.00;8.00;129.92;551.00;42377.97;;;1;;2049-12-31;;;NEOGENOMICS INC - 551;N;;;28;ESTADOS UNIDOS DA AMÉRICA;99;OUTRAS BOLSAS OU MERCADOS DE BALCÃO ORGANIZADOS
FIIM;41.054.459/0001-55;IT NOW MSCI USA IMI GENOMIC INNOVATION SELECT 50 FUNDO DE INDICE;2023-06-30;487669;6206183.64;INVESTIMENTO NO EXTERIOR;Ação ordinária;N;Para negociação;0.00;0.00;5.00;466.95;384.00;172571.67;;;1;;2049-12-31;;;EXACT SCIENCES CORP - 384;N;;;28;ESTADOS UNIDOS DA AMÉRICA;99;OUTRAS BOLSAS OU MERCADOS DE BALCÃO ORGANIZADOS
FIIM;41.054.459/0001-55;IT NOW MSCI USA IMI GENOMIC INNOVATION SELECT 50 FUNDO DE INDICE;2023-06-30;487669;6206183.64;INVESTIMENTO NO EXTERIOR;Ação ordinária;N;Para negociação;0.00;0.00;3.00;116.91;161.00;27839.82;;;1;;2049-12-31;;;MIRATI THERAPEUTICS INC - 161;N;;;28;ESTADOS UNIDOS DA AMÉRICA;99;OUTRAS BOLSAS OU MERCADOS DE BALCÃO ORGANIZADOS
FIIM;41.054.459/0001-55;IT NOW MSCI USA IMI GENOMIC INNOVATION SELECT 50 FUNDO DE INDICE;2023-06-30;487669;6206183.64;INVESTIMENTO NO EXTERIOR;Ação ordinária;N;Para negociação;0.00;0.00;4.00;792.06;321.00;288042.01;;;1;;2049-12-31;;;ILLUMINA INC - 321;N;;;28;ESTADOS UNIDOS DA AMÉRICA;99;OUTRAS BOLSAS OU MERCADOS DE BALCÃO ORGANIZADOS
FIIM;41.054.459/0001-55;IT NOW MSCI USA IMI GENOMIC INNOVATION SELECT 50 FUNDO DE INDICE;2023-06-30;487669;6206183.64;INVESTIMENTO NO EXTERIOR;Ação ordinária;N;Para negociação;0.00;0.00;0.00;0.00;377.00;12702.42;;;1;;2049-12-31;;;BIOCRYST PHARMACEUTICALS INC - 377;N;;;28;ESTADOS UNIDOS DA AMÉRICA;A11;NASDAQ STOCK MARKET
FIIM;41.054.459/0001-55;IT NOW MSCI USA IMI GENOMIC INNOVATION SELECT 50 FUNDO DE INDICE;2023-06-30;487669;6206183.64;INVESTIMENTO NO EXTERIOR;Ação ordinária;N;Para negociação;0.00;0.00;5.00;132.40;228.00;27105.60;;;1;;2049-12-31;;;TG THERAPEUTICS INC - 228;N;;;28;ESTADOS UNIDOS DA AMÉRICA;99;OUTRAS BOLSAS OU MERCADOS DE BALCÃO ORGANIZADOS
FIIM;41.054.459/0001-55;IT NOW MSCI USA IMI GENOMIC INNOVATION SELECT 50 FUNDO DE INDICE;2023-06-30;487669;6206183.64;INVESTIMENTO NO EXTERIOR;Ação ordinária;N;Para negociação;0.00;0.00;0.00;0.00;134.00;15731.67;;;1;;2049-12-31;;;VIR BIOTECHNOLOGY INC - 134;N;;;28;ESTADOS UNIDOS DA AMÉRICA;99;OUTRAS BOLSAS OU MERCADOS DE BALCÃO ORGANIZADOS
FIIM;41.054.459/0001-55;IT NOW MSCI USA IMI GENOMIC INNOVATION SELECT 50 FUNDO DE INDICE;2023-06-30;487669;6206183.64;INVESTIMENTO NO EXTERIOR;Ação ordinária;N;Para negociação;0.00;0.00;1.00;208.97;72.00;72450.46;;;1;;2049-12-31;;;CHARLES RIVER LABORATORIES INT - 72;N;;;28;ESTADOS UNIDOS DA AMÉRICA;99;OUTRAS BOLSAS OU MERCADOS DE BALCÃO ORGANIZADOS
FIIM;41.054.459/0001-55;IT NOW MSCI USA IMI GENOMIC INNOVATION SELECT 50 FUNDO DE INDICE;2023-06-30;487669;6206183.64;INVESTIMENTO NO EXTERIOR;Ação ordinária;N;Para negociação;0.00;0.00;7.00;848.61;511.00;294088.93;;;1;;2049-12-31;;;AGILENT TECHNOLOGIES INC - 511;N;;;28;ESTADOS UNIDOS DA AMÉRICA;99;OUTRAS BOLSAS OU MERCADOS DE BALCÃO ORGANIZADOS
FIIM;41.054.459/0001-55;IT NOW MSCI USA IMI GENOMIC INNOVATION SELECT 50 FUNDO DE INDICE;2023-06-30;487669;6206183.64;INVESTIMENTO NO EXTERIOR;Ação ordinária;N;Para negociação;0.00;0.00;3.00;226.02;247.00;87383.93;;;1;;2049-12-31;;;BRUKER CORP - 247;N;;;28;ESTADOS UNIDOS DA AMÉRICA;A11;NASDAQ STOCK MARKET
FIIM;41.054.459/0001-55;IT NOW MSCI USA IMI GENOMIC INNOVATION SELECT 50 FUNDO DE INDICE;2023-06-30;487669;6206183.64;INVESTIMENTO NO EXTERIOR;Ação ordinária;N;Para negociação;0.00;0.00;8.00;840.16;604.00;315148.91;;;1;;2049-12-31;;;ABBOTT LABORATORIES - 604;N;;;28;ESTADOS UNIDOS DA AMÉRICA;99;OUTRAS BOLSAS OU MERCADOS DE BALCÃO ORGANIZADOS
FIIM;41.054.459/0001-55;IT NOW MSCI USA IMI GENOMIC INNOVATION SELECT 50 FUNDO DE INDICE;2023-06-30;487669;6206183.64;INVESTIMENTO NO EXTERIOR;Ação ordinária;N;Para negociação;0.00;0.00;9.00;729.36;644.00;249564.43;;;1;;2049-12-31;;;HOLOGIC INC - 644;N;;;28;ESTADOS UNIDOS DA AMÉRICA;A11;NASDAQ STOCK MARKET
FIIM;41.054.459/0001-55;IT NOW MSCI USA IMI GENOMIC INNOVATION SELECT 50 FUNDO DE INDICE;2023-06-30;487669;6206183.64;INVESTIMENTO NO EXTERIOR;Ação ordinária;N;Para negociação;0.00;0.00;4.00;470.68;242.00;137584.00;;;1;;2049-12-31;;;REVVITY INC - 242;N;;;28;ESTADOS UNIDOS DA AMÉRICA;99;OUTRAS BOLSAS OU MERCADOS DE BALCÃO ORGANIZADOS
FIIM;41.054.459/0001-55;IT NOW MSCI USA IMI GENOMIC INNOVATION SELECT 50 FUNDO DE INDICE;2023-06-30;487669;6206183.64;INVESTIMENTO NO EXTERIOR;Ação ordinária;N;Para negociação;0.00;0.00;0.00;0.00;98.00;14910.40;;;1;;2049-12-31;;;CERES INC - 98;N;;;28;ESTADOS UNIDOS DA AMÉRICA;99;OUTRAS BOLSAS OU MERCADOS DE BALCÃO ORGANIZADOS
FIIM;41.054.459/0001-55;IT NOW MSCI USA IMI GENOMIC INNOVATION SELECT 50 FUNDO DE INDICE;2023-06-30;487669;6206183.64;INVESTIMENTO NO EXTERIOR;Ação ordinária;N;Para negociação;0.00;0.00;3.00;125.07;211.00;41433.98;;;1;;2049-12-31;;;IONIS PHARMACEUTICALS INC - 211;N;;;28;ESTADOS UNIDOS DA AMÉRICA;A11;NASDAQ STOCK MARKET
FIIM;41.054.459/0001-55;IT NOW MSCI USA IMI GENOMIC INNOVATION SELECT 50 FUNDO DE INDICE;2023-06-30;487669;6206183.64;INVESTIMENTO NO EXTERIOR;Ação ordinária;N;Para negociação;0.00;0.00;10.00;766.10;739.00;288713.39;;;1;;2049-12-31;;;TECHNE CORP - 739;N;;;28;ESTADOS UNIDOS DA AMÉRICA;A11;NASDAQ STOCK MARKET
FIIM;41.054.459/0001-55;IT NOW MSCI USA IMI GENOMIC INNOVATION SELECT 50 FUNDO DE INDICE;2023-06-30;487669;6206183.64;INVESTIMENTO NO EXTERIOR;Ação ordinária;N;Para negociação;0.00;0.00;16.00;212.96;1116.00;71037.64;;;1;;2049-12-31;;;PACIFIC BIOSCIENCES OF CALIFOR - 1116;N;;;28;ESTADOS UNIDOS DA AMÉRICA;A11;NASDAQ STOCK MARKET
FIIM;41.054.459/0001-55;IT NOW MSCI USA IMI GENOMIC INNOVATION SELECT 50 FUNDO DE INDICE;2023-06-30;487669;6206183.64;INVESTIMENTO NO EXTERIOR;Ação ordinária;N;Para negociação;0.00;0.00;3.00;1047.24;193.00;325058.56;;;1;;2049-12-31;;;VERTEX PHARMACEUTICALS INC - 193;N;;;28;ESTADOS UNIDOS DA AMÉRICA;99;OUTRAS BOLSAS OU MERCADOS DE BALCÃO ORGANIZADOS
FIIM;41.054.459/0001-55;IT NOW MSCI USA IMI GENOMIC INNOVATION SELECT 50 FUNDO DE INDICE;2023-06-30;487669;6206183.64;INVESTIMENTO NO EXTERIOR;Ação ordinária;N;Para negociação;0.00;0.00;1.00;161.06;88.00;59578.42;;;1;;2049-12-31;;;REPLIGEN CORP - 88;N;;;28;ESTADOS UNIDOS DA AMÉRICA;99;OUTRAS BOLSAS OU MERCADOS DE BALCÃO ORGANIZADOS
FIIM;41.054.459/0001-55;IT NOW MSCI USA IMI GENOMIC INNOVATION SELECT 50 FUNDO DE INDICE;2023-06-30;487669;6206183.64;INVESTIMENTO NO EXTERIOR;Outros;N;Para negociação;0.00;0.00;0.00;0.00;192.00;23404.68;;;999;;2049-12-31;;;VERACYTE INC - 192;N;;;28;ESTADOS UNIDOS DA AMÉRICA;99;OUTRAS BOLSAS OU MERCADOS DE BALCÃO ORGANIZADOS
FIIM;41.054.459/0001-55;IT NOW MSCI USA IMI GENOMIC INNOVATION SELECT 50 FUNDO DE INDICE;2023-06-30;487669;6206183.64;INVESTIMENTO NO EXTERIOR;Outros;N;Para negociação;0.00;0.00;4.00;153.72;300.00;56484.37;;;999;;2049-12-31;;;IVERIC BIO INC - 300;N;;;28;ESTADOS UNIDOS DA AMÉRICA;99;OUTRAS BOLSAS OU MERCADOS DE BALCÃO ORGANIZADOS
FIIM;41.054.459/0001-55;IT NOW MSCI USA IMI GENOMIC INNOVATION SELECT 50 FUNDO DE INDICE;2023-06-30;487669;6206183.64;INVESTIMENTO NO EXTERIOR;Outros;N;Para negociação;0.00;0.00;6.00;134.76;290.00;22498.50;;;999;;2049-12-31;;;VIKING THERAPEUTICS INC - 290;N;;;28;ESTADOS UNIDOS DA AMÉRICA;99;OUTRAS BOLSAS OU MERCADOS DE BALCÃO ORGANIZADOS
FIIM;41.054.459/0001-55;IT NOW MSCI USA IMI GENOMIC INNOVATION SELECT 50 FUNDO DE INDICE;2023-06-30;487669;6206183.64;INVESTIMENTO NO EXTERIOR;Outros;N;Para negociação;0.00;0.00;3.00;138.93;182.00;40660.70;;;999;;2049-12-31;;;AZENTA INC - 182;N;;;28;ESTADOS UNIDOS DA AMÉRICA;A11;NASDAQ STOCK MARKET
FIIM;41.054.489/0001-61;IT NOW MSCI USA IMI MILLENIALS SELECT 50 FUNDO DE INDICE;2023-06-30;487667;9267611.88;DISPONIBILIDADES;Outros;;Para negociação;;;;;;43007.00;;;;DISPONIBILIDADES;;;;;;;;;;;
FIIM;41.054.489/0001-61;IT NOW MSCI USA IMI MILLENIALS SELECT 50 FUNDO DE INDICE;2023-06-30;487667;9267611.88;VALORES A PAGAR;Outros;;Para negociação;;;;;;60446.12;;;;VALORES A PAGAR;;;;;;;;;;;
FIIM;41.054.489/0001-61;IT NOW MSCI USA IMI MILLENIALS SELECT 50 FUNDO DE INDICE;2023-06-30;487667;9267611.88;VALORES A RECEBER;Outros;;Para negociação;;;;;;30493.66;;;;VALORES A RECEBER;;;;;;;;;;;
FIIM;41.054.489/0001-61;IT NOW MSCI USA IMI MILLENIALS SELECT 50 FUNDO DE INDICE;2023-06-30;487667;9267611.88;INVESTIMENTO NO EXTERIOR;Ação ordinária;N;Para negociação;0.00;0.00;0.00;0.00;322.00;118725.72;;;1;;2049-12-31;;;COLGATE-PALMOLIVE COMPANY - 322;N;;;28;ESTADOS UNIDOS DA AMÉRICA;99;OUTRAS BOLSAS OU MERCADOS DE BALCÃO ORGANIZADOS
FIIM;41.054.489/0001-61;IT NOW MSCI USA IMI MILLENIALS SELECT 50 FUNDO DE INDICE;2023-06-30;487667;9267611.88;INVESTIMENTO NO EXTERIOR;Ação ordinária;N;Para negociação;0.00;0.00;0.00;0.00;83.00;213864.99;;;1;;2049-12-31;;;COSTCO WHOLESALE CORP - 83;N;;;28;ESTADOS UNIDOS DA AMÉRICA;99;OUTRAS BOLSAS OU MERCADOS DE BALCÃO ORGANIZADOS
FIIM;41.054.489/0001-61;IT NOW MSCI USA IMI MILLENIALS SELECT 50 FUNDO DE INDICE;2023-06-30;487667;9267611.88;INVESTIMENTO NO EXTERIOR;Ação ordinária;N;Para negociação;0.00;0.00;0.00;0.00;84.00;53026.96;;;1;;2049-12-31;;;TARGET CORP - 84;N;;;28;ESTADOS UNIDOS DA AMÉRICA;99;OUTRAS BOLSAS OU MERCADOS DE BALCÃO ORGANIZADOS
FIIM;41.054.489/0001-61;IT NOW MSCI USA IMI MILLENIALS SELECT 50 FUNDO DE INDICE;2023-06-30;487667;9267611.88;INVESTIMENTO NO EXTERIOR;Ação ordinária;N;Para negociação;0.00;0.00;0.00;0.00;186.00;435296.94;;;1;;2049-12-31;;;ADOBE SYSTEMS INC - 186;N;;;28;ESTADOS UNIDOS DA AMÉRICA;A11;NASDAQ STOCK MARKET
FIIM;41.054.489/0001-61;IT NOW MSCI USA IMI MILLENIALS SELECT 50 FUNDO DE INDICE;2023-06-30;487667;9267611.88;INVESTIMENTO NO EXTERIOR;Ação ordinária;N;Para negociação;0.00;0.00;0.00;0.00;389.00;222851.95;;;1;;2049-12-31;;;GOOGLE INC - 389;N;;;28;ESTADOS UNIDOS DA AMÉRICA;A11;NASDAQ STOCK MARKET
FIIM;41.054.489/0001-61;IT NOW MSCI USA IMI MILLENIALS SELECT 50 FUNDO DE INDICE;2023-06-30;487667;9267611.88;INVESTIMENTO NO EXTERIOR;Ação ordinária;N;Para negociação;0.00;0.00;0.00;0.00;1067.00;307523.18;;;1;;2049-12-31;;;COCA-COLA CO/THE - 1067;N;;;28;ESTADOS UNIDOS DA AMÉRICA;99;OUTRAS BOLSAS OU MERCADOS DE BALCÃO ORGANIZADOS
FIIM;41.054.489/0001-61;IT NOW MSCI USA IMI MILLENIALS SELECT 50 FUNDO DE INDICE;2023-06-30;487667;9267611.88;INVESTIMENTO NO EXTERIOR;Ação ordinária;N;Para negociação;0.00;0.00;0.00;0.00;127.00;18666.21;;;1;;2049-12-31;;;HEWLETT-PACKARD CO - 127;N;;;28;ESTADOS UNIDOS DA AMÉRICA;99;OUTRAS BOLSAS OU MERCADOS DE BALCÃO ORGANIZADOS
FIIM;41.054.489/0001-61;IT NOW MSCI USA IMI MILLENIALS SELECT 50 FUNDO DE INDICE;2023-06-30;487667;9267611.88;INVESTIMENTO NO EXTERIOR;Ação ordinária;N;Para negociação;0.00;0.00;0.00;0.00;252.00;92505.72;;;1;;2049-12-31;;;GENERAL MILLS INC - 252;N;;;28;ESTADOS UNIDOS DA AMÉRICA;99;OUTRAS BOLSAS OU MERCADOS DE BALCÃO ORGANIZADOS
FIIM;41.054.489/0001-61;IT NOW MSCI USA IMI MILLENIALS SELECT 50 FUNDO DE INDICE;2023-06-30;487667;9267611.88;INVESTIMENTO NO EXTERIOR;Ação ordinária;N;Para negociação;0.00;0.00;0.00;0.00;576.00;304260.95;;;1;;2049-12-31;;;NIKE INC - 576;N;;;28;ESTADOS UNIDOS DA AMÉRICA;99;OUTRAS BOLSAS OU MERCADOS DE BALCÃO ORGANIZADOS
FIIM;41.054.489/0001-61;IT NOW MSCI USA IMI MILLENIALS SELECT 50 FUNDO DE INDICE;2023-06-30;487667;9267611.88;INVESTIMENTO NO EXTERIOR;Ação ordinária;N;Para negociação;0.00;0.00;0.00;0.00;193.00;208478.63;;;1;;2049-12-31;;;LOWE'S COS INC - 193;N;;;28;ESTADOS UNIDOS DA AMÉRICA;99;OUTRAS BOLSAS OU MERCADOS DE BALCÃO ORGANIZADOS
FIIM;41.054.489/0001-61;IT NOW MSCI USA IMI MILLENIALS SELECT 50 FUNDO DE INDICE;2023-06-30;487667;9267611.88;INVESTIMENTO NO EXTERIOR;Ação ordinária;N;Para negociação;0.00;0.00;0.00;0.00;50.00;31037.21;;;1;;2049-12-31;;;ELECTRONIC ARTS INC - 50;N;;;28;ESTADOS UNIDOS DA AMÉRICA;A11;NASDAQ STOCK MARKET
FIIM;41.054.489/0001-61;IT NOW MSCI USA IMI MILLENIALS SELECT 50 FUNDO DE INDICE;2023-06-30;487667;9267611.88;INVESTIMENTO NO EXTERIOR;Ação ordinária;N;Para negociação;0.00;0.00;0.00;0.00;159.00;75382.08;;;1;;2049-12-31;;;STARBUCKS CORPORATION - 159;N;;;28;ESTADOS UNIDOS DA AMÉRICA;A11;NASDAQ STOCK MARKET
FIIM;41.054.489/0001-61;IT NOW MSCI USA IMI MILLENIALS SELECT 50 FUNDO DE INDICE;2023-06-30;487667;9267611.88;INVESTIMENTO NO EXTERIOR;Ação ordinária;N;Para negociação;0.00;0.00;0.00;0.00;184.00;423263.11;;;1;;2049-12-31;;;UNITEDHEALTH GROUP INC - 184;N;;;28;ESTADOS UNIDOS DA AMÉRICA;99;OUTRAS BOLSAS OU MERCADOS DE BALCÃO ORGANIZADOS
FIIM;41.054.489/0001-61;IT NOW MSCI USA IMI MILLENIALS SELECT 50 FUNDO DE INDICE;2023-06-30;487667;9267611.88;INVESTIMENTO NO EXTERIOR;Ação ordinária;N;Para negociação;0.00;0.00;0.00;0.00;573.00;200029.05;;;1;;2045-12-30;;;MONDELEZ INTERNATIONAL INC - 573;N;;;28;ESTADOS UNIDOS DA AMÉRICA;A11;NASDAQ STOCK MARKET
FIIM;41.054.489/0001-61;IT NOW MSCI USA IMI MILLENIALS SELECT 50 FUNDO DE INDICE;2023-06-30;487667;9267611.88;INVESTIMENTO NO EXTERIOR;Ação ordinária;N;Para negociação;0.00;0.00;0.00;0.00;400.00;300905.39;;;1;;2049-12-31;;;WAL-MART STORES INC - 400;N;;;28;ESTADOS UNIDOS DA AMÉRICA;99;OUTRAS BOLSAS OU MERCADOS DE BALCÃO ORGANIZADOS
FIIM;41.054.489/0001-61;IT NOW MSCI USA IMI MILLENIALS SELECT 50 FUNDO DE INDICE;2023-06-30;487667;9267611.88;INVESTIMENTO NO EXTERIOR;Ação ordinária;N;Para negociação;0.00;0.00;0.00;0.00;62.00;50379.15;;;1;;2049-12-31;;;DOLLAR GENERAL CORP - 62;N;;;28;ESTADOS UNIDOS DA AMÉRICA;99;OUTRAS BOLSAS OU MERCADOS DE BALCÃO ORGANIZADOS
FIIM;41.054.489/0001-61;IT NOW MSCI USA IMI MILLENIALS SELECT 50 FUNDO DE INDICE;2023-06-30;487667;9267611.88;INVESTIMENTO NO EXTERIOR;Ação ordinária;N;Para negociação;0.00;0.00;0.00;0.00;332.00;241107.57;;;1;;2049-12-31;;;PROCTER & GAMBLE COMPANY - 332;N;;;28;ESTADOS UNIDOS DA AMÉRICA;99;OUTRAS BOLSAS OU MERCADOS DE BALCÃO ORGANIZADOS
FIIM;41.054.489/0001-61;IT NOW MSCI USA IMI MILLENIALS SELECT 50 FUNDO DE INDICE;2023-06-30;487667;9267611.88;INVESTIMENTO NO EXTERIOR;Ação ordinária;N;Para negociação;0.00;0.00;0.00;0.00;565.00;100565.10;;;1;;2049-12-31;;;VERIZON COMMUNICATIONS INC - 565;N;;;28;ESTADOS UNIDOS DA AMÉRICA;99;OUTRAS BOLSAS OU MERCADOS DE BALCÃO ORGANIZADOS
FIIM;41.054.489/0001-61;IT NOW MSCI USA IMI MILLENIALS SELECT 50 FUNDO DE INDICE;2023-06-30;487667;9267611.88;INVESTIMENTO NO EXTERIOR;Ação ordinária;N;Para negociação;0.00;0.00;0.00;0.00;632.00;270049.85;;;1;;2049-12-31;;;WALT DISNEY CO/THE - 632;N;;;28;ESTADOS UNIDOS DA AMÉRICA;99;OUTRAS BOLSAS OU MERCADOS DE BALCÃO ORGANIZADOS
FIIM;41.054.489/0001-61;IT NOW MSCI USA IMI MILLENIALS SELECT 50 FUNDO DE INDICE;2023-06-30;487667;9267611.88;INVESTIMENTO NO EXTERIOR;Ação ordinária;N;Para negociação;0.00;0.00;0.00;0.00;197.00;136278.38;;;1;;2049-12-31;;;APPLIED MATERIALS INC - 197;N;;;28;ESTADOS UNIDOS DA AMÉRICA;99;OUTRAS BOLSAS OU MERCADOS DE BALCÃO ORGANIZADOS
FIIM;41.054.489/0001-61;IT NOW MSCI USA IMI MILLENIALS SELECT 50 FUNDO DE INDICE;2023-06-30;487667;9267611.88;INVESTIMENTO NO EXTERIOR;Ação ordinária;N;Para negociação;0.00;0.00;0.00;0.00;291.00;589150.95;;;1;;2049-12-31;;;NVIDIA CORP - 291;N;;;28;ESTADOS UNIDOS DA AMÉRICA;A11;NASDAQ STOCK MARKET
FIIM;41.054.489/0001-61;IT NOW MSCI USA IMI MILLENIALS SELECT 50 FUNDO DE INDICE;2023-06-30;487667;9267611.88;INVESTIMENTO NO EXTERIOR;Ação ordinária;N;Para negociação;0.00;0.00;0.00;0.00;18.00;102050.92;;;1;;2049-12-31;;;MERCADOLIBRE INC - 18;N;;;28;ESTADOS UNIDOS DA AMÉRICA;99;OUTRAS BOLSAS OU MERCADOS DE BALCÃO ORGANIZADOS
FIIM;41.054.489/0001-61;IT NOW MSCI USA IMI MILLENIALS SELECT 50 FUNDO DE INDICE;2023-06-30;487667;9267611.88;INVESTIMENTO NO EXTERIOR;Ação ordinária;N;Para negociação;0.00;0.00;0.00;0.00;11.00;142161.57;;;1;;2049-12-31;;;BOOKING HOLDINGS INC - 11;N;;;28;ESTADOS UNIDOS DA AMÉRICA;99;OUTRAS BOLSAS OU MERCADOS DE BALCÃO ORGANIZADOS
FIIM;41.054.489/0001-61;IT NOW MSCI USA IMI MILLENIALS SELECT 50 FUNDO DE INDICE;2023-06-30;487667;9267611.88;INVESTIMENTO NO EXTERIOR;Ação ordinária;N;Para negociação;0.00;0.00;0.00;0.00;18.00;55381.10;;;1;;2049-12-31;;;LAM RESEARCH CORP - 18;N;;;28;ESTADOS UNIDOS DA AMÉRICA;99;OUTRAS BOLSAS OU MERCADOS DE BALCÃO ORGANIZADOS
FIIM;41.054.489/0001-61;IT NOW MSCI USA IMI MILLENIALS SELECT 50 FUNDO DE INDICE;2023-06-30;487667;9267611.88;INVESTIMENTO NO EXTERIOR;Ação ordinária;N;Para negociação;0.00;0.00;0.00;0.00;371.00;509563.40;;;1;;2049-12-31;;;META HOLDING S/A - 371;N;;;28;ESTADOS UNIDOS DA AMÉRICA;99;OUTRAS BOLSAS OU MERCADOS DE BALCÃO ORGANIZADOS
FIIM;41.054.489/0001-61;IT NOW MSCI USA IMI MILLENIALS SELECT 50 FUNDO DE INDICE;2023-06-30;487667;9267611.88;INVESTIMENTO NO EXTERIOR;Ação ordinária;N;Para negociação;0.00;0.00;0.00;0.00;212.00;446935.24;;;1;;2049-12-31;;;NETFLIX INC - 212;N;;;28;ESTADOS UNIDOS DA AMÉRICA;A11;NASDAQ STOCK MARKET
FIIM;41.054.489/0001-61;IT NOW MSCI USA IMI MILLENIALS SELECT 50 FUNDO DE INDICE;2023-06-30;487667;9267611.88;INVESTIMENTO NO EXTERIOR;Ação ordinária;N;Para negociação;0.00;0.00;0.00;0.00;783.00;488516.01;;;1;;2049-12-31;;;AMAZON.COM, INC - 783;N;;;28;ESTADOS UNIDOS DA AMÉRICA;A11;NASDAQ STOCK MARKET
FIIM;41.054.489/0001-61;IT NOW MSCI USA IMI MILLENIALS SELECT 50 FUNDO DE INDICE;2023-06-30;487667;9267611.88;INVESTIMENTO NO EXTERIOR;Ação ordinária;N;Para negociação;0.00;0.00;0.00;0.00;507.00;161920.47;;;1;;2049-12-31;;;PAYPAL HOLDINGS INC - 507;N;;;28;ESTADOS UNIDOS DA AMÉRICA;99;OUTRAS BOLSAS OU MERCADOS DE BALCÃO ORGANIZADOS
FIIM;41.054.489/0001-61;IT NOW MSCI USA IMI MILLENIALS SELECT 50 FUNDO DE INDICE;2023-06-30;487667;9267611.88;INVESTIMENTO NO EXTERIOR;Ação ordinária;N;Para negociação;0.00;0.00;0.00;0.00;238.00;270505.86;;;1;;2049-12-31;;;VISA INC - 238;N;;;28;ESTADOS UNIDOS DA AMÉRICA;99;OUTRAS BOLSAS OU MERCADOS DE BALCÃO ORGANIZADOS
FIIM;41.054.489/0001-61;IT NOW MSCI USA IMI MILLENIALS SELECT 50 FUNDO DE INDICE;2023-06-30;487667;9267611.88;INVESTIMENTO NO EXTERIOR;Ação ordinária;N;Para negociação;0.00;0.00;0.00;0.00;244.00;98444.19;;;1;;2049-12-31;;;ACTIVISION BLIZZARD INC - 244;N;;;28;ESTADOS UNIDOS DA AMÉRICA;99;OUTRAS BOLSAS OU MERCADOS DE BALCÃO ORGANIZADOS
FIIM;41.054.489/0001-61;IT NOW MSCI USA IMI MILLENIALS SELECT 50 FUNDO DE INDICE;2023-06-30;487667;9267611.88;INVESTIMENTO NO EXTERIOR;Ação ordinária;N;Para negociação;0.00;0.00;0.00;0.00;206.00;294207.19;;;1;;2049-12-31;;;MC DONALDS CORP. - 206;N;;;28;ESTADOS UNIDOS DA AMÉRICA;99;OUTRAS BOLSAS OU MERCADOS DE BALCÃO ORGANIZADOS
FIIM;41.054.489/0001-61;IT NOW MSCI USA IMI MILLENIALS SELECT 50 FUNDO DE INDICE;2023-06-30;487667;9267611.88;INVESTIMENTO NO EXTERIOR;Ação ordinária;N;Para negociação;0.00;0.00;0.00;0.00;50.00;48979.92;;;1;;2049-12-31;;;QUANEX BUILDING PRODUCTS CORP - 50;N;;;28;ESTADOS UNIDOS DA AMÉRICA;A11;NASDAQ STOCK MARKET
FIIM;41.054.489/0001-61;IT NOW MSCI USA IMI MILLENIALS SELECT 50 FUNDO DE INDICE;2023-06-30;487667;9267611.88;INVESTIMENTO NO EXTERIOR;Ação ordinária;N;Para negociação;0.00;0.00;0.00;0.00;55.00;23427.47;;;1;;2049-12-31;;;COSTAR GROUP INC - 55;N;;;28;ESTADOS UNIDOS DA AMÉRICA;A11;NASDAQ STOCK MARKET
FIIM;41.054.489/0001-61;IT NOW MSCI USA IMI MILLENIALS SELECT 50 FUNDO DE INDICE;2023-06-30;487667;9267611.88;INVESTIMENTO NO EXTERIOR;Ação ordinária;N;Para negociação;0.00;0.00;0.00;0.00;133.00;88192.33;;;1;;2049-12-31;;;YUM! BRANDS INC - 133;N;;;28;ESTADOS UNIDOS DA AMÉRICA;99;OUTRAS BOLSAS OU MERCADOS DE BALCÃO ORGANIZADOS
FIIM;41.054.489/0001-61;IT NOW MSCI USA IMI MILLENIALS SELECT 50 FUNDO DE INDICE;2023-06-30;487667;9267611.88;INVESTIMENTO NO EXTERIOR;Ação ordinária;N;Para negociação;0.00;0.00;0.00;0.00;163.00;87474.63;;;1;;2049-12-31;;;ROSS STORES INC - 163;N;;;28;ESTADOS UNIDOS DA AMÉRICA;99;OUTRAS BOLSAS OU MERCADOS DE BALCÃO ORGANIZADOS
FIIM;41.054.489/0001-61;IT NOW MSCI USA IMI MILLENIALS SELECT 50 FUNDO DE INDICE;2023-06-30;487667;9267611.88;INVESTIMENTO NO EXTERIOR;Ação ordinária;N;Para negociação;0.00;0.00;0.00;0.00;157.00;47420.98;;;1;;2049-12-31;;;MICRON TECHNOLOGY INC - 157;N;;;28;ESTADOS UNIDOS DA AMÉRICA;99;OUTRAS BOLSAS OU MERCADOS DE BALCÃO ORGANIZADOS
FIIM;41.054.489/0001-61;IT NOW MSCI USA IMI MILLENIALS SELECT 50 FUNDO DE INDICE;2023-06-30;487667;9267611.88;INVESTIMENTO NO EXTERIOR;Ação ordinária;N;Para negociação;0.00;0.00;0.00;0.00;226.00;150239.24;;;1;;2049-12-31;;;T-MOBILE US INC - 226;N;;;28;ESTADOS UNIDOS DA AMÉRICA;99;OUTRAS BOLSAS OU MERCADOS DE BALCÃO ORGANIZADOS
FIIM;41.054.489/0001-61;IT NOW MSCI USA IMI MILLENIALS SELECT 50 FUNDO DE INDICE;2023-06-30;487667;9267611.88;INVESTIMENTO NO EXTERIOR;Ação ordinária;N;Para negociação;0.00;0.00;0.00;0.00;221.00;70411.48;;;1;;2049-12-31;;;SQUARE INC - 221;N;;;28;ESTADOS UNIDOS DA AMÉRICA;99;OUTRAS BOLSAS OU MERCADOS DE BALCÃO ORGANIZADOS
FIIM;41.054.489/0001-61;IT NOW MSCI USA IMI MILLENIALS SELECT 50 FUNDO DE INDICE;2023-06-30;487667;9267611.88;INVESTIMENTO NO EXTERIOR;Ação ordinária;N;Para negociação;0.00;0.00;0.00;0.00;211.00;77980.30;;;1;;2049-12-31;;;TRADE DESK INC/THE - 211;N;;;28;ESTADOS UNIDOS DA AMÉRICA;99;OUTRAS BOLSAS OU MERCADOS DE BALCÃO ORGANIZADOS
FIIM;41.054.489/0001-61;IT NOW MSCI USA IMI MILLENIALS SELECT 50 FUNDO DE INDICE;2023-06-30;487667;9267611.88;INVESTIMENTO NO EXTERIOR;Ação ordinária;N;Para negociação;0.00;0.00;0.00;0.00;351.00;203215.80;;;1;;2049-12-31;;;GOOGLE INC - 351;N;;;28;ESTADOS UNIDOS DA AMÉRICA;A11;NASDAQ STOCK MARKET
FIIM;41.054.489/0001-61;IT NOW MSCI USA IMI MILLENIALS SELECT 50 FUNDO DE INDICE;2023-06-30;487667;9267611.88;INVESTIMENTO NO EXTERIOR;Ação ordinária;N;Para negociação;0.00;0.00;0.00;0.00;222.00;49937.12;;;1;;2049-12-31;;;KROGER CO/THE - 222;N;;;28;ESTADOS UNIDOS DA AMÉRICA;99;OUTRAS BOLSAS OU MERCADOS DE BALCÃO ORGANIZADOS
FIIM;41.054.489/0001-61;IT NOW MSCI USA IMI MILLENIALS SELECT 50 FUNDO DE INDICE;2023-06-30;487667;9267611.88;INVESTIMENTO NO EXTERIOR;Ação ordinária;N;Para negociação;0.00;0.00;0.00;0.00;314.00;278349.35;;;1;;2049-12-31;;;PEPSICO INC - 314;N;;;28;ESTADOS UNIDOS DA AMÉRICA;99;OUTRAS BOLSAS OU MERCADOS DE BALCÃO ORGANIZADOS
FIIM;41.054.489/0001-61;IT NOW MSCI USA IMI MILLENIALS SELECT 50 FUNDO DE INDICE;2023-06-30;487667;9267611.88;INVESTIMENTO NO EXTERIOR;Ação ordinária;N;Para negociação;0.00;0.00;0.00;0.00;1128.00;224312.16;;;1;;2049-12-31;;;COMCAST CORP - 1128;N;;;28;ESTADOS UNIDOS DA AMÉRICA;A11;NASDAQ STOCK MARKET
FIIM;41.054.489/0001-61;IT NOW MSCI USA IMI MILLENIALS SELECT 50 FUNDO DE INDICE;2023-06-30;487667;9267611.88;INVESTIMENTO NO EXTERIOR;Ação ordinária;N;Para negociação;0.00;0.00;0.00;0.00;520.00;482737.01;;;1;;2049-12-31;;;APPLE INC - 520;N;;;28;ESTADOS UNIDOS DA AMÉRICA;A11;NASDAQ STOCK MARKET
FIIM;41.054.489/0001-61;IT NOW MSCI USA IMI MILLENIALS SELECT 50 FUNDO DE INDICE;2023-06-30;487667;9267611.88;INVESTIMENTO NO EXTERIOR;Ação ordinária;N;Para negociação;0.00;0.00;0.00;0.00;50.00;90575.05;;;1;;2049-12-31;;;LULULEMON ATHLETICA INC - 50;N;;;28;ESTADOS UNIDOS DA AMÉRICA;99;OUTRAS BOLSAS OU MERCADOS DE BALCÃO ORGANIZADOS
FIIM;41.054.489/0001-61;IT NOW MSCI USA IMI MILLENIALS SELECT 50 FUNDO DE INDICE;2023-06-30;487667;9267611.88;INVESTIMENTO NO EXTERIOR;Outros;N;Para negociação;0.00;0.00;0.00;0.00;71.00;150972.40;;;999;;2049-12-31;;;ELEVANCE HEALTH INC - 71;N;;;28;ESTADOS UNIDOS DA AMÉRICA;99;OUTRAS BOLSAS OU MERCADOS DE BALCÃO ORGANIZADOS
FIIM;41.054.489/0001-61;IT NOW MSCI USA IMI MILLENIALS SELECT 50 FUNDO DE INDICE;2023-06-30;487667;9267611.88;INVESTIMENTO NO EXTERIOR;Outros;N;Para negociação;0.00;0.00;0.00;0.00;227.00;33972.41;;;999;;2049-12-31;;;KEURIG DR PEPPER INC - 227;N;;;28;ESTADOS UNIDOS DA AMÉRICA;99;OUTRAS BOLSAS OU MERCADOS DE BALCÃO ORGANIZADOS
FIIM;41.054.489/0001-61;IT NOW MSCI USA IMI MILLENIALS SELECT 50 FUNDO DE INDICE;2023-06-30;487667;9267611.88;INVESTIMENTO NO EXTERIOR;Outros;N;Para negociação;0.00;0.00;0.00;0.00;78.00;47843.15;;;999;;2049-12-31;;;AIRBNB INC-CLASS A - 78;N;;;28;ESTADOS UNIDOS DA AMÉRICA;99;OUTRAS BOLSAS OU MERCADOS DE BALCÃO ORGANIZADOS
FIIM;41.054.489/0001-61;IT NOW MSCI USA IMI MILLENIALS SELECT 50 FUNDO DE INDICE;2023-06-30;487667;9267611.88;INVESTIMENTO NO EXTERIOR;Outros;N;Para negociação;0.00;0.00;174.00;19655.46;174.00;105053.17;;;999;;2049-12-31;;;FISERV INC - 174;N;;;28;ESTADOS UNIDOS DA AMÉRICA;99;OUTRAS BOLSAS OU MERCADOS DE BALCÃO ORGANIZADOS
FIIM;41.054.489/0001-61;IT NOW MSCI USA IMI MILLENIALS SELECT 50 FUNDO DE INDICE;2023-06-30;487667;9267611.88;INVESTIMENTO NO EXTERIOR;Outros;N;Para negociação;0.00;0.00;0.00;0.00;507.00;30428.33;;;999;;2049-12-31;;;WARNER BROS DISCOVERY INC - 507;N;;;28;ESTADOS UNIDOS DA AMÉRICA;99;OUTRAS BOLSAS OU MERCADOS DE BALCÃO ORGANIZADOS
FIIM;41.054.515/0001-51;IT NOW MORNINGSTAR XT US HEALTHCARE FUNDO DE INDICE;2023-06-30;487665;9456433.68;DISPONIBILIDADES;Outros;;Para negociação;;;;;;51286.41;;;;DISPONIBILIDADES;;;;;;;;;;;
FIIM;41.054.515/0001-51;IT NOW MORNINGSTAR XT US HEALTHCARE FUNDO DE INDICE;2023-06-30;487665;9456433.68;VALORES A PAGAR;Outros;;Para negociação;;;;;;68009.38;;;;VALORES A PAGAR;;;;;;;;;;;
FIIM;41.054.515/0001-51;IT NOW MORNINGSTAR XT US HEALTHCARE FUNDO DE INDICE;2023-06-30;487665;9456433.68;VALORES A RECEBER;Outros;;Para negociação;;;;;;23215.75;;;;VALORES A RECEBER;;;;;;;;;;;
FIIM;41.054.515/0001-51;IT NOW MORNINGSTAR XT US HEALTHCARE FUNDO DE INDICE;2023-06-30;487665;9456433.68;INVESTIMENTO NO EXTERIOR;Ação ordinária;N;Para negociação;7.00;288.89;0.00;0.00;1610.00;314228.65;;;1;;2049-12-31;;;INTELLIA THERAPEUTICS INC - 1610;N;;;28;ESTADOS UNIDOS DA AMÉRICA;99;OUTRAS BOLSAS OU MERCADOS DE BALCÃO ORGANIZADOS
FIIM;41.054.515/0001-51;IT NOW MORNINGSTAR XT US HEALTHCARE FUNDO DE INDICE;2023-06-30;487665;9456433.68;INVESTIMENTO NO EXTERIOR;Ação ordinária;N;Para negociação;0.00;0.00;0.00;0.00;346.00;274093.83;;;1;;2049-12-31;;;JOHNSON & JOHNSON - 346;N;;;28;ESTADOS UNIDOS DA AMÉRICA;99;OUTRAS BOLSAS OU MERCADOS DE BALCÃO ORGANIZADOS
FIIM;41.054.515/0001-51;IT NOW MORNINGSTAR XT US HEALTHCARE FUNDO DE INDICE;2023-06-30;487665;9456433.68;INVESTIMENTO NO EXTERIOR;Ação ordinária;N;Para negociação;2.00;169.90;0.00;0.00;1335.00;599956.20;;;1;;2049-12-31;;;EXACT SCIENCES CORP - 1335;N;;;28;ESTADOS UNIDOS DA AMÉRICA;99;OUTRAS BOLSAS OU MERCADOS DE BALCÃO ORGANIZADOS
FIIM;41.054.515/0001-51;IT NOW MORNINGSTAR XT US HEALTHCARE FUNDO DE INDICE;2023-06-30;487665;9456433.68;INVESTIMENTO NO EXTERIOR;Ação ordinária;N;Para negociação;3.00;187.11;0.00;0.00;729.00;217189.87;;;1;;2049-12-31;;;INCYTE CORP LTD - 729;N;;;28;ESTADOS UNIDOS DA AMÉRICA;A11;NASDAQ STOCK MARKET
FIIM;41.054.515/0001-51;IT NOW MORNINGSTAR XT US HEALTHCARE FUNDO DE INDICE;2023-06-30;487665;9456433.68;INVESTIMENTO NO EXTERIOR;Ação ordinária;N;Para negociação;0.00;0.00;0.00;0.00;265.00;240899.00;;;1;;2049-12-31;;;ALNYLAM PHARMACEUTICALS INC - 265;N;;;28;ESTADOS UNIDOS DA AMÉRICA;A11;NASDAQ STOCK MARKET
FIIM;41.054.515/0001-51;IT NOW MORNINGSTAR XT US HEALTHCARE FUNDO DE INDICE;2023-06-30;487665;9456433.68;INVESTIMENTO NO EXTERIOR;Ação ordinária;N;Para negociação;1.00;114.46;0.00;0.00;440.00;250152.73;;;1;;2049-12-31;;;REVVITY INC - 440;N;;;28;ESTADOS UNIDOS DA AMÉRICA;99;OUTRAS BOLSAS OU MERCADOS DE BALCÃO ORGANIZADOS
FIIM;41.054.515/0001-51;IT NOW MORNINGSTAR XT US HEALTHCARE FUNDO DE INDICE;2023-06-30;487665;9456433.68;INVESTIMENTO NO EXTERIOR;Ação ordinária;N;Para negociação;0.00;0.00;0.00;0.00;180.00;229618.87;;;1;;2049-12-31;;;WATERS CORP - 180;N;;;28;ESTADOS UNIDOS DA AMÉRICA;99;OUTRAS BOLSAS OU MERCADOS DE BALCÃO ORGANIZADOS
FIIM;41.054.515/0001-51;IT NOW MORNINGSTAR XT US HEALTHCARE FUNDO DE INDICE;2023-06-30;487665;9456433.68;INVESTIMENTO NO EXTERIOR;Ação ordinária;N;Para negociação;2.00;131.96;0.00;0.00;766.00;234445.56;;;1;;2049-12-31;;;BRISTOL-MYERS SQUIBB CO - 766;N;;;28;ESTADOS UNIDOS DA AMÉRICA;99;OUTRAS BOLSAS OU MERCADOS DE BALCÃO ORGANIZADOS
FIIM;41.054.515/0001-51;IT NOW MORNINGSTAR XT US HEALTHCARE FUNDO DE INDICE;2023-06-30;487665;9456433.68;INVESTIMENTO NO EXTERIOR;Ação ordinária;N;Para negociação;1.00;221.88;0.00;0.00;214.00;227393.77;;;1;;2049-12-31;;;AMGEN INC - 214;N;;;28;ESTADOS UNIDOS DA AMÉRICA;A11;NASDAQ STOCK MARKET
FIIM;41.054.515/0001-51;IT NOW MORNINGSTAR XT US HEALTHCARE FUNDO DE INDICE;2023-06-30;487665;9456433.68;INVESTIMENTO NO EXTERIOR;Ação ordinária;N;Para negociação;0.00;0.00;0.00;0.00;110.00;274680.50;;;1;;2049-12-31;;;THERMO FISHER SCIENTIFIC INC - 110;N;;;28;ESTADOS UNIDOS DA AMÉRICA;99;OUTRAS BOLSAS OU MERCADOS DE BALCÃO ORGANIZADOS
FIIM;41.054.515/0001-51;IT NOW MORNINGSTAR XT US HEALTHCARE FUNDO DE INDICE;2023-06-30;487665;9456433.68;INVESTIMENTO NO EXTERIOR;Ação ordinária;N;Para negociação;0.00;0.00;0.00;0.00;195.00;357843.71;;;1;;2049-12-31;;;COOPER COS INC/THE - 195;N;;;28;ESTADOS UNIDOS DA AMÉRICA;99;OUTRAS BOLSAS OU MERCADOS DE BALCÃO ORGANIZADOS
FIIM;41.054.515/0001-51;IT NOW MORNINGSTAR XT US HEALTHCARE FUNDO DE INDICE;2023-06-30;487665;9456433.68;INVESTIMENTO NO EXTERIOR;Ação ordinária;N;Para negociação;1.00;136.86;0.00;0.00;370.00;238582.57;;;1;;2049-12-31;;;ABBOTT LABORATORIES - 370;N;;;28;ESTADOS UNIDOS DA AMÉRICA;99;OUTRAS BOLSAS OU MERCADOS DE BALCÃO ORGANIZADOS
FIIM;41.054.515/0001-51;IT NOW MORNINGSTAR XT US HEALTHCARE FUNDO DE INDICE;2023-06-30;487665;9456433.68;INVESTIMENTO NO EXTERIOR;Ação ordinária;N;Para negociação;2.00;259.46;0.00;0.00;405.00;240294.77;;;1;;2049-12-31;;;JAZZ PHARMACEUTICALS PLC - 405;N;;;28;ESTADOS UNIDOS DA AMÉRICA;A11;NASDAQ STOCK MARKET
FIIM;41.054.515/0001-51;IT NOW MORNINGSTAR XT US HEALTHCARE FUNDO DE INDICE;2023-06-30;487665;9456433.68;INVESTIMENTO NO EXTERIOR;Ação ordinária;N;Para negociação;0.00;0.00;0.00;0.00;80.00;275114.59;;;1;;2049-12-31;;;REGENERON PHARMACEUTICALS INC - 80;N;;;28;ESTADOS UNIDOS DA AMÉRICA;99;OUTRAS BOLSAS OU MERCADOS DE BALCÃO ORGANIZADOS
FIIM;41.054.515/0001-51;IT NOW MORNINGSTAR XT US HEALTHCARE FUNDO DE INDICE;2023-06-30;487665;9456433.68;INVESTIMENTO NO EXTERIOR;Ação ordinária;N;Para negociação;2.00;257.80;0.00;0.00;342.00;198872.65;;;1;;2049-12-31;;;MODERNA INC - 342;N;;;28;ESTADOS UNIDOS DA AMÉRICA;A11;NASDAQ STOCK MARKET
FIIM;41.054.515/0001-51;IT NOW MORNINGSTAR XT US HEALTHCARE FUNDO DE INDICE;2023-06-30;487665;9456433.68;INVESTIMENTO NO EXTERIOR;Ação ordinária;N;Para negociação;0.00;0.00;0.00;0.00;193.00;325058.56;;;1;;2049-12-31;;;VERTEX PHARMACEUTICALS INC - 193;N;;;28;ESTADOS UNIDOS DA AMÉRICA;99;OUTRAS BOLSAS OU MERCADOS DE BALCÃO ORGANIZADOS
FIIM;41.054.515/0001-51;IT NOW MORNINGSTAR XT US HEALTHCARE FUNDO DE INDICE;2023-06-30;487665;9456433.68;INVESTIMENTO NO EXTERIOR;Ação ordinária;N;Para negociação;0.00;0.00;0.00;0.00;398.00;229055.56;;;1;;2049-12-31;;;AGILENT TECHNOLOGIES INC - 398;N;;;28;ESTADOS UNIDOS DA AMÉRICA;99;OUTRAS BOLSAS OU MERCADOS DE BALCÃO ORGANIZADOS
FIIM;41.054.515/0001-51;IT NOW MORNINGSTAR XT US HEALTHCARE FUNDO DE INDICE;2023-06-30;487665;9456433.68;INVESTIMENTO NO EXTERIOR;Ação ordinária;N;Para negociação;9.00;291.51;0.00;0.00;1271.00;217771.61;;;1;;2049-12-31;;;GUARDANT HEALTH INC - 1271;N;;;28;ESTADOS UNIDOS DA AMÉRICA;A11;NASDAQ STOCK MARKET
FIIM;41.054.515/0001-51;IT NOW MORNINGSTAR XT US HEALTHCARE FUNDO DE INDICE;2023-06-30;487665;9456433.68;INVESTIMENTO NO EXTERIOR;Ação ordinária;N;Para negociação;0.00;0.00;0.00;0.00;699.00;257831.05;;;1;;2049-12-31;;;GILEAD SCIENCES INC - 699;N;;;28;ESTADOS UNIDOS DA AMÉRICA;A11;NASDAQ STOCK MARKET
FIIM;41.054.515/0001-51;IT NOW MORNINGSTAR XT US HEALTHCARE FUNDO DE INDICE;2023-06-30;487665;9456433.68;INVESTIMENTO NO EXTERIOR;Ação ordinária;N;Para negociação;0.00;0.00;0.00;0.00;1604.00;314976.80;;;1;;2049-12-31;;;IONIS PHARMACEUTICALS INC - 1604;N;;;28;ESTADOS UNIDOS DA AMÉRICA;A11;NASDAQ STOCK MARKET
FIIM;41.054.515/0001-51;IT NOW MORNINGSTAR XT US HEALTHCARE FUNDO DE INDICE;2023-06-30;487665;9456433.68;INVESTIMENTO NO EXTERIOR;Ação ordinária;N;Para negociação;3.00;257.82;0.00;0.00;844.00;381035.09;;;1;;2049-12-31;;;EDWARDS LIFESCIENCES CORP - 844;N;;;28;ESTADOS UNIDOS DA AMÉRICA;99;OUTRAS BOLSAS OU MERCADOS DE BALCÃO ORGANIZADOS
FIIM;41.054.515/0001-51;IT NOW MORNINGSTAR XT US HEALTHCARE FUNDO DE INDICE;2023-06-30;487665;9456433.68;INVESTIMENTO NO EXTERIOR;Ação ordinária;N;Para negociação;0.00;0.00;0.00;0.00;440.00;346515.97;;;1;;2049-12-31;;;MASIMO CORP - 440;N;;;28;ESTADOS UNIDOS DA AMÉRICA;A11;NASDAQ STOCK MARKET
FIIM;41.054.515/0001-51;IT NOW MORNINGSTAR XT US HEALTHCARE FUNDO DE INDICE;2023-06-30;487665;9456433.68;INVESTIMENTO NO EXTERIOR;Ação ordinária;N;Para negociação;4.00;252.16;0.00;0.00;1211.00;325378.79;;;1;;2049-12-31;;;CRISPR THERAPEUTICS AG - 1211;N;;;28;ESTADOS UNIDOS DA AMÉRICA;99;OUTRAS BOLSAS OU MERCADOS DE BALCÃO ORGANIZADOS
FIIM;41.054.515/0001-51;IT NOW MORNINGSTAR XT US HEALTHCARE FUNDO DE INDICE;2023-06-30;487665;9456433.68;INVESTIMENTO NO EXTERIOR;Ação ordinária;N;Para negociação;0.00;0.00;0.00;0.00;165.00;370348.81;;;1;;2049-12-31;;;ELI LILLY AND COMPANY - 165;N;;;28;ESTADOS UNIDOS DA AMÉRICA;99;OUTRAS BOLSAS OU MERCADOS DE BALCÃO ORGANIZADOS
FIIM;41.054.515/0001-51;IT NOW MORNINGSTAR XT US HEALTHCARE FUNDO DE INDICE;2023-06-30;487665;9456433.68;INVESTIMENTO NO EXTERIOR;Ação ordinária;N;Para negociação;3.00;248.01;0.00;0.00;759.00;296527.01;;;1;;2049-12-31;;;TECHNE CORP - 759;N;;;28;ESTADOS UNIDOS DA AMÉRICA;A11;NASDAQ STOCK MARKET
FIIM;41.054.515/0001-51;IT NOW MORNINGSTAR XT US HEALTHCARE FUNDO DE INDICE;2023-06-30;487665;9456433.68;INVESTIMENTO NO EXTERIOR;Ação ordinária;N;Para negociação;0.00;0.00;0.00;0.00;229.00;374764.18;;;1;;2049-12-31;;;INTUITIVE SURGICAL INC - 229;N;;;28;ESTADOS UNIDOS DA AMÉRICA;A11;NASDAQ STOCK MARKET
FIIM;41.054.515/0001-51;IT NOW MORNINGSTAR XT US HEALTHCARE FUNDO DE INDICE;2023-06-30;487665;9456433.68;INVESTIMENTO NO EXTERIOR;Ação ordinária;N;Para negociação;1.00;233.12;0.00;0.00;228.00;261889.92;;;1;;2049-12-31;;;DANAHER CORP - 228;N;;;28;ESTADOS UNIDOS DA AMÉRICA;99;OUTRAS BOLSAS OU MERCADOS DE BALCÃO ORGANIZADOS
FIIM;41.054.515/0001-51;IT NOW MORNINGSTAR XT US HEALTHCARE FUNDO DE INDICE;2023-06-30;487665;9456433.68;INVESTIMENTO NO EXTERIOR;Ação ordinária;N;Para negociação;0.00;0.00;0.00;0.00;557.00;307606.89;;;1;;2049-12-31;;;MERCK & CO INC - 557;N;;;28;ESTADOS UNIDOS DA AMÉRICA;99;OUTRAS BOLSAS OU MERCADOS DE BALCÃO ORGANIZADOS
FIIM;41.054.515/0001-51;IT NOW MORNINGSTAR XT US HEALTHCARE FUNDO DE INDICE;2023-06-30;487665;9456433.68;INVESTIMENTO NO EXTERIOR;Ação ordinária;N;Para negociação;1.00;195.19;0.00;0.00;513.00;472531.25;;;1;;2049-12-31;;;SEATTLE GENETICS INC - 513;N;;;28;ESTADOS UNIDOS DA AMÉRICA;A11;NASDAQ STOCK MARKET
FIIM;41.054.515/0001-51;IT NOW MORNINGSTAR XT US HEALTHCARE FUNDO DE INDICE;2023-06-30;487665;9456433.68;INVESTIMENTO NO EXTERIOR;Ação ordinária;N;Para negociação;0.00;0.00;0.00;0.00;210.00;286291.34;;;1;;2049-12-31;;;BIOGEN IDEC INC - 210;N;;;28;ESTADOS UNIDOS DA AMÉRICA;A11;NASDAQ STOCK MARKET
FIIM;41.054.515/0001-51;IT NOW MORNINGSTAR XT US HEALTHCARE FUNDO DE INDICE;2023-06-30;487665;9456433.68;INVESTIMENTO NO EXTERIOR;Ação ordinária;N;Para negociação;2.00;183.46;0.00;0.00;591.00;245176.63;;;1;;2049-12-31;;;BIOMARIN PHARMACEUTICAL INC - 591;N;;;28;ESTADOS UNIDOS DA AMÉRICA;A11;NASDAQ STOCK MARKET
FIIM;41.054.515/0001-51;IT NOW MORNINGSTAR XT US HEALTHCARE FUNDO DE INDICE;2023-06-30;487665;9456433.68;INVESTIMENTO NO EXTERIOR;Ação ordinária;N;Para negociação;0.00;0.00;0.00;0.00;294.00;263814.17;;;1;;2049-12-31;;;ILLUMINA INC - 294;N;;;28;ESTADOS UNIDOS DA AMÉRICA;99;OUTRAS BOLSAS OU MERCADOS DE BALCÃO ORGANIZADOS
FIIM;41.256.573/0001-68;HASHDEX NASDAQ BITCOIN REFERENCE PRICE FUNDO DE ÍNDICE;2023-06-30;487624;211191072.71;DISPONIBILIDADES;Outros;;Para negociação;;;;;;3323.21;;2023-09-28;;Disponibilidade;;;;;;;;;;;
FIIM;41.256.573/0001-68;HASHDEX NASDAQ BITCOIN REFERENCE PRICE FUNDO DE ÍNDICE;2023-06-30;487624;211191072.71;VALORES A PAGAR;Outros;;Para negociação;;;;;;1161456.95;;2023-09-28;;Valores a Pagar;;;;;;;;;;;
FIIM;41.256.573/0001-68;HASHDEX NASDAQ BITCOIN REFERENCE PRICE FUNDO DE ÍNDICE;2023-06-30;487624;211191072.71;VALORES A RECEBER;Outros;;Para negociação;;;;;;26677.98;;2023-09-28;;Valores a Receber;;;;;;;;;;;
FIIM;41.256.573/0001-68;HASHDEX NASDAQ BITCOIN REFERENCE PRICE FUNDO DE ÍNDICE;2023-06-30;487624;211191072.71;OPERAÇÕES COMPROMISSADAS;;N;Para negociação;;;;;0.00;0.00;;2023-09-28;;;2024-07-01;;;;;100000;;;;;
FIIM;41.256.573/0001-68;HASHDEX NASDAQ BITCOIN REFERENCE PRICE FUNDO DE ÍNDICE;2023-06-30;487624;211191072.71;OPERAÇÕES COMPROMISSADAS;;N;Para negociação;;;;;86.00;1145791.09;;2023-09-28;;;2024-09-01;;;;;210100;;;;;
FIIM;41.256.573/0001-68;HASHDEX NASDAQ BITCOIN REFERENCE PRICE FUNDO DE ÍNDICE;2023-06-30;487624;211191072.71;INVESTIMENTO NO EXTERIOR;Outros;N;Para negociação;1.73;6555.53;0.00;0.00;21.79;92732.82;;2023-09-28;HNBTC CLASS;;2050-12-29;;;HNBTC CLASSE C;N;;;28;ESTADOS UNIDOS DA AMÉRICA;99;OUTRAS BOLSAS OU MERCADOS DE BALCÃO ORGANIZADOS
FIIM;41.256.573/0001-68;HASHDEX NASDAQ BITCOIN REFERENCE PRICE FUNDO DE ÍNDICE;2023-06-30;487624;211191072.71;INVESTIMENTO NO EXTERIOR;Outros;N;Para negociação;3469.00;13310827.12;0.00;0.00;49608.00;211078431.61;;2023-09-28;HNBTC CLASS;;2050-12-29;;;HNBTC CLASSE B;N;;;28;ESTADOS UNIDOS DA AMÉRICA;99;OUTRAS BOLSAS OU MERCADOS DE BALCÃO ORGANIZADOS
FIIM;41.706.298/0001-37;QR CME CF ETHER REFERENCE RATE FUNDO DE ÍNDICE - INVESTIMENTO NO EXTERIOR;2023-06-30;488236;65337912.99;DISPONIBILIDADES;Outros;;Para negociação;;;;;;32801.38;;;;EXTERIOR CAIXA;;PJ;4423567000121;*** A Definir ***;;;;;;;
FIIM;41.706.298/0001-37;QR CME CF ETHER REFERENCE RATE FUNDO DE ÍNDICE - INVESTIMENTO NO EXTERIOR;2023-06-30;488236;65337912.99;VALORES A PAGAR;Outros;;Para negociação;;;;;;45000.00;;;;DESP AUDITOR PROVISAO;;PJ;29415858000107;SEM DEFINI??O;;;;;;;
FIIM;41.706.298/0001-37;QR CME CF ETHER REFERENCE RATE FUNDO DE ÍNDICE - INVESTIMENTO NO EXTERIOR;2023-06-30;488236;65337912.99;VALORES A PAGAR;Outros;;Para negociação;;;;;;3.20;;;;TX ESCRT VAR PROVIS?O;;PJ;29415858000107;SEM DEFINI??O;;;;;;;
FIIM;41.706.298/0001-37;QR CME CF ETHER REFERENCE RATE FUNDO DE ÍNDICE - INVESTIMENTO NO EXTERIOR;2023-06-30;488236;65337912.99;VALORES A PAGAR;Outros;;Para negociação;;;;;;20848.41;;;;VALOR A PAGA;;PJ;29415858000107;SEM DEFINI??O;;;;;;;
FIIM;41.706.298/0001-37;QR CME CF ETHER REFERENCE RATE FUNDO DE ÍNDICE - INVESTIMENTO NO EXTERIOR;2023-06-30;488236;65337912.99;VALORES A PAGAR;Outros;;Para negociação;;;;;;32922.22;;;;TAXA GEST?O PROVIS?O;;PJ;29415858000107;SEM DEFINI??O;;;;;;;
FIIM;41.706.298/0001-37;QR CME CF ETHER REFERENCE RATE FUNDO DE ÍNDICE - INVESTIMENTO NO EXTERIOR;2023-06-30;488236;65337912.99;VALORES A PAGAR;Outros;;Para negociação;;;;;;2000.00;;;;TX ESCRT FIX PROVIS?O;;PJ;29415858000107;SEM DEFINI??O;;;;;;;
FIIM;41.706.298/0001-37;QR CME CF ETHER REFERENCE RATE FUNDO DE ÍNDICE - INVESTIMENTO NO EXTERIOR;2023-06-30;488236;65337912.99;VALORES A PAGAR;Outros;;Para negociação;;;;;;6604.15;;;;TAXA ADM PROVIS?O;;PJ;29415858000107;SEM DEFINI??O;;;;;;;
FIIM;41.706.298/0001-37;QR CME CF ETHER REFERENCE RATE FUNDO DE ÍNDICE - INVESTIMENTO NO EXTERIOR;2023-06-30;488236;65337912.99;VALORES A PAGAR;Outros;;Para negociação;;;;;;790.40;;;;IR S/RESGATE IR;;PJ;29415858000107;SEM DEFINI??O;;;;;;;
FIIM;41.706.298/0001-37;QR CME CF ETHER REFERENCE RATE FUNDO DE ÍNDICE - INVESTIMENTO NO EXTERIOR;2023-06-30;488236;65337912.99;VALORES A RECEBER;Outros;;Para negociação;;;;;;7069.38;;;;ANUIDADE_B3 DIFERIDO;;PJ;29415858000107;SEM DEFINI??O;;;;;;;
FIIM;41.706.298/0001-37;QR CME CF ETHER REFERENCE RATE FUNDO DE ÍNDICE - INVESTIMENTO NO EXTERIOR;2023-06-30;488236;65337912.99;VALORES A RECEBER;Outros;;Para negociação;;;;;;1855.01;;;;VAL A RECEBE;;PJ;29415858000107;SEM DEFINI??O;;;;;;;
FIIM;41.706.298/0001-37;QR CME CF ETHER REFERENCE RATE FUNDO DE ÍNDICE - INVESTIMENTO NO EXTERIOR;2023-06-30;488236;65337912.99;VALORES A RECEBER;Outros;;Para negociação;;;;;;6401.52;;;;TX REGISTRO DIFERIDO;;PJ;29415858000107;SEM DEFINI??O;;;;;;;
FIIM;41.706.298/0001-37;QR CME CF ETHER REFERENCE RATE FUNDO DE ÍNDICE - INVESTIMENTO NO EXTERIOR;2023-06-30;488236;65337912.99;VALORES A RECEBER;Outros;;Para negociação;;;;;;274.34;;;;ANBIMA 07/23 DIFERIDO;;PJ;29415858000107;SEM DEFINI??O;;;;;;;
FIIM;41.706.298/0001-37;QR CME CF ETHER REFERENCE RATE FUNDO DE ÍNDICE - INVESTIMENTO NO EXTERIOR;2023-06-30;488236;65337912.99;INVESTIMENTO NO EXTERIOR;Outros;N;Para negociação;;;;;7331.00;65397679.74;;;CME ETH USD;;2021-08-03;;;CME ETH USD;N;;;28;ESTADOS UNIDOS DA AMÉRICA;A1;AMERICAN STOCK EXCHANGE
FIIM;41.907.631/0001-76;HASHDEX NASDAQ ETHEREUM REFERENCE PRICE FUNDO DE ÍNDICE;2023-06-30;487626;98338994.62;DISPONIBILIDADES;Outros;;Para negociação;;;;;;12744.69;;2023-09-28;;Disponibilidade;;;;;;;;;;;
FIIM;41.907.631/0001-76;HASHDEX NASDAQ ETHEREUM REFERENCE PRICE FUNDO DE ÍNDICE;2023-06-30;487626;98338994.62;VALORES A PAGAR;Outros;;Para negociação;;;;;;19291.24;;2023-09-28;;Valores a Pagar;;;;;;;;;;;
FIIM;41.907.631/0001-76;HASHDEX NASDAQ ETHEREUM REFERENCE PRICE FUNDO DE ÍNDICE;2023-06-30;487626;98338994.62;VALORES A RECEBER;Outros;;Para negociação;;;;;;16073.01;;2023-09-28;;Valores a Receber;;;;;;;;;;;
FIIM;41.907.631/0001-76;HASHDEX NASDAQ ETHEREUM REFERENCE PRICE FUNDO DE ÍNDICE;2023-06-30;487626;98338994.62;OPERAÇÕES COMPROMISSADAS;;N;Para negociação;;;;;0.00;0.00;;2023-09-28;;;2024-09-01;;;;;210100;;;;;
FIIM;41.907.631/0001-76;HASHDEX NASDAQ ETHEREUM REFERENCE PRICE FUNDO DE ÍNDICE;2023-06-30;487626;98338994.62;INVESTIMENTO NO EXTERIOR;Outros;N;Para negociação;452.00;1187574.54;0.00;0.00;35235.00;98288622.17;;2023-09-28;ETHE11 - CL;;2050-12-29;;;ETHE11 - CLASSE B;N;;;28;ESTADOS UNIDOS DA AMÉRICA;99;OUTRAS BOLSAS OU MERCADOS DE BALCÃO ORGANIZADOS
FIIM;41.907.631/0001-76;HASHDEX NASDAQ ETHEREUM REFERENCE PRICE FUNDO DE ÍNDICE;2023-06-30;487626;98338994.62;INVESTIMENTO NO EXTERIOR;Outros;N;Para negociação;6.28;16433.74;0.00;0.00;14.42;40224.37;;2023-09-28;ETHE11 - CL;;2050-12-29;;;ETHE11 - CLASSE C;N;;;28;ESTADOS UNIDOS DA AMÉRICA;99;OUTRAS BOLSAS OU MERCADOS DE BALCÃO ORGANIZADOS
FIIM;42.101.885/0001-65;TREND ETF CRSP U.S. LARGE CAP FUNDO DE INVESTIMENTO DE ÍNDICE;2023-06-30;487967;271454957.07;COTAS DE FUNDOS;;N;;216.71;26196.21;431.70;52205.61;389.49;47405.72;;;;;;PJ;43105440000116;BNP Paribas Soberano II FIC FI RF Simples;;;;;;;
FIIM;42.134.357/0001-02;BTG PACTUAL S&P/B3 INGENIUS FUNDO DE ÍNDICE;2023-06-30;486926;7114234.12;OPERAÇÕES COMPROMISSADAS;;N;Para negociação;0.00;0.00;0.00;0.00;4.00;13745.55;;;;;2025-05-15;;;;;760199;;;;;
FIIM;42.264.597/0001-21;IT NOW S&P® KENSHO® HYDROGEN FUNDO DE ÍNDICE;2023-06-30;487674;7865362.49;DISPONIBILIDADES;Outros;;Para negociação;;;;;;201975.42;;;;DISPONIBILIDADES;;;;;;;;;;;
FIIM;42.264.597/0001-21;IT NOW S&P® KENSHO® HYDROGEN FUNDO DE ÍNDICE;2023-06-30;487674;7865362.49;VALORES A PAGAR;Outros;;Para negociação;;;;;;248071.80;;;;VALORES A PAGAR;;;;;;;;;;;
FIIM;42.264.597/0001-21;IT NOW S&P® KENSHO® HYDROGEN FUNDO DE ÍNDICE;2023-06-30;487674;7865362.49;VALORES A RECEBER;Outros;;Para negociação;;;;;;49006.29;;;;VALORES A RECEBER;;;;;;;;;;;
FIIM;42.264.597/0001-21;IT NOW S&P® KENSHO® HYDROGEN FUNDO DE ÍNDICE;2023-06-30;487674;7865362.49;INVESTIMENTO NO EXTERIOR;Ação ordinária;N;Para negociação;0.00;0.00;0.00;0.00;324.00;464470.38;;;1;;2049-12-31;;;AIR PRODUCTS & CHEMICALS INC - 324;N;;;28;ESTADOS UNIDOS DA AMÉRICA;99;OUTRAS BOLSAS OU MERCADOS DE BALCÃO ORGANIZADOS
FIIM;42.264.597/0001-21;IT NOW S&P® KENSHO® HYDROGEN FUNDO DE ÍNDICE;2023-06-30;487674;7865362.49;INVESTIMENTO NO EXTERIOR;Ação ordinária;N;Para negociação;0.00;0.00;0.00;0.00;422.00;495147.69;;;1;;2049-12-31;;;CUMMINS INC - 422;N;;;28;ESTADOS UNIDOS DA AMÉRICA;99;OUTRAS BOLSAS OU MERCADOS DE BALCÃO ORGANIZADOS
FIIM;42.264.597/0001-21;IT NOW S&P® KENSHO® HYDROGEN FUNDO DE ÍNDICE;2023-06-30;487674;7865362.49;INVESTIMENTO NO EXTERIOR;Ação ordinária;N;Para negociação;0.00;0.00;0.00;0.00;753.00;430552.91;;;1;;2049-12-31;;;WESTLAKE CHEMICAL CORP - 753;N;;;28;ESTADOS UNIDOS DA AMÉRICA;99;OUTRAS BOLSAS OU MERCADOS DE BALCÃO ORGANIZADOS
FIIM;42.264.597/0001-21;IT NOW S&P® KENSHO® HYDROGEN FUNDO DE ÍNDICE;2023-06-30;487674;7865362.49;INVESTIMENTO NO EXTERIOR;Ação ordinária;N;Para negociação;0.00;0.00;0.00;0.00;11613.00;577474.30;;;1;;2049-12-31;;;PLUG POWER INC - 11613;N;;;28;ESTADOS UNIDOS DA AMÉRICA;99;OUTRAS BOLSAS OU MERCADOS DE BALCÃO ORGANIZADOS
FIIM;42.264.597/0001-21;IT NOW S&P® KENSHO® HYDROGEN FUNDO DE ÍNDICE;2023-06-30;487674;7865362.49;INVESTIMENTO NO EXTERIOR;Ação ordinária;N;Para negociação;0.00;0.00;0.00;0.00;1601.00;532305.95;;;1;;2049-12-31;;;WORTHINGTON INDUSTRIES INC - 1601;N;;;28;ESTADOS UNIDOS DA AMÉRICA;99;OUTRAS BOLSAS OU MERCADOS DE BALCÃO ORGANIZADOS
FIIM;42.264.597/0001-21;IT NOW S&P® KENSHO® HYDROGEN FUNDO DE ÍNDICE;2023-06-30;487674;7865362.49;INVESTIMENTO NO EXTERIOR;Ação ordinária;N;Para negociação;0.00;0.00;0.00;0.00;1689.00;415413.84;;;1;;2049-12-31;;;OLIN CORP - 1689;N;;;28;ESTADOS UNIDOS DA AMÉRICA;99;OUTRAS BOLSAS OU MERCADOS DE BALCÃO ORGANIZADOS
FIIM;42.264.597/0001-21;IT NOW S&P® KENSHO® HYDROGEN FUNDO DE ÍNDICE;2023-06-30;487674;7865362.49;INVESTIMENTO NO EXTERIOR;Ação ordinária;N;Para negociação;0.00;0.00;0.00;0.00;3012.00;531785.28;;;1;;2049-12-31;;;CHEMOURS CO/THE - 3012;N;;;28;ESTADOS UNIDOS DA AMÉRICA;99;OUTRAS BOLSAS OU MERCADOS DE BALCÃO ORGANIZADOS
FIIM;42.264.597/0001-21;IT NOW S&P® KENSHO® HYDROGEN FUNDO DE ÍNDICE;2023-06-30;487674;7865362.49;INVESTIMENTO NO EXTERIOR;Ação ordinária;N;Para negociação;0.00;0.00;0.00;0.00;113658.00;750674.71;;;1;;2049-12-31;;;NIKOLA CORP - 113658;N;;;28;ESTADOS UNIDOS DA AMÉRICA;99;OUTRAS BOLSAS OU MERCADOS DE BALCÃO ORGANIZADOS
FIIM;42.264.597/0001-21;IT NOW S&P® KENSHO® HYDROGEN FUNDO DE ÍNDICE;2023-06-30;487674;7865362.49;INVESTIMENTO NO EXTERIOR;Ação ordinária;N;Para negociação;0.00;0.00;0.00;0.00;753.00;575860.46;;;1;;2049-12-31;;;CHART INDUSTRIES INC - 753;N;;;28;ESTADOS UNIDOS DA AMÉRICA;A11;NASDAQ STOCK MARKET
FIIM;42.264.597/0001-21;IT NOW S&P® KENSHO® HYDROGEN FUNDO DE ÍNDICE;2023-06-30;487674;7865362.49;INVESTIMENTO NO EXTERIOR;Ação ordinária;N;Para negociação;0.00;0.00;0.00;0.00;5982.00;468098.08;;;1;;2049-12-31;;;BLOOM ENERGY CORP - 5982;N;;;28;ESTADOS UNIDOS DA AMÉRICA;99;OUTRAS BOLSAS OU MERCADOS DE BALCÃO ORGANIZADOS
FIIM;42.264.597/0001-21;IT NOW S&P® KENSHO® HYDROGEN FUNDO DE ÍNDICE;2023-06-30;487674;7865362.49;INVESTIMENTO NO EXTERIOR;Ação ordinária;N;Para negociação;0.00;0.00;0.00;0.00;6141.00;488475.52;;;1;;2049-12-31;;;FMC TECHNOLOGIES INC - 6141;N;;;28;ESTADOS UNIDOS DA AMÉRICA;99;OUTRAS BOLSAS OU MERCADOS DE BALCÃO ORGANIZADOS
FIIM;42.264.597/0001-21;IT NOW S&P® KENSHO® HYDROGEN FUNDO DE ÍNDICE;2023-06-30;487674;7865362.49;INVESTIMENTO NO EXTERIOR;Ação ordinária;N;Para negociação;0.00;0.00;0.00;0.00;21394.00;446427.74;;;1;;2049-12-31;;;BALLARD POWER SYSTEMS INC - 21394;N;;;28;ESTADOS UNIDOS DA AMÉRICA;99;OUTRAS BOLSAS OU MERCADOS DE BALCÃO ORGANIZADOS
FIIM;42.264.597/0001-21;IT NOW S&P® KENSHO® HYDROGEN FUNDO DE ÍNDICE;2023-06-30;487674;7865362.49;INVESTIMENTO NO EXTERIOR;Ação ordinária;N;Para negociação;0.00;0.00;0.00;0.00;1134.00;303061.77;;;1;;2049-12-31;;;HYSTER-YALE MATERIALS HANDLING - 1134;N;;;28;ESTADOS UNIDOS DA AMÉRICA;99;OUTRAS BOLSAS OU MERCADOS DE BALCÃO ORGANIZADOS
FIIM;42.264.597/0001-21;IT NOW S&P® KENSHO® HYDROGEN FUNDO DE ÍNDICE;2023-06-30;487674;7865362.49;INVESTIMENTO NO EXTERIOR;Ação ordinária;N;Para negociação;0.00;0.00;0.00;0.00;39880.00;412269.86;;;1;;2049-12-31;;;FUELCELL ENERGY INC - 39880;N;;;28;ESTADOS UNIDOS DA AMÉRICA;99;OUTRAS BOLSAS OU MERCADOS DE BALCÃO ORGANIZADOS
FIIM;42.264.597/0001-21;IT NOW S&P® KENSHO® HYDROGEN FUNDO DE ÍNDICE;2023-06-30;487674;7865362.49;INVESTIMENTO NO EXTERIOR;Ação ordinária;N;Para negociação;0.00;0.00;0.00;0.00;246.00;448666.82;;;1;;2049-12-31;;;LINDE AG - 246;N;;;28;ESTADOS UNIDOS DA AMÉRICA;99;OUTRAS BOLSAS OU MERCADOS DE BALCÃO ORGANIZADOS
FIIM;42.264.597/0001-21;IT NOW S&P® KENSHO® HYDROGEN FUNDO DE ÍNDICE;2023-06-30;487674;7865362.49;INVESTIMENTO NO EXTERIOR;Outros;N;Para negociação;0.00;0.00;0.00;0.00;1619.00;110261.63;;;999;;2049-12-31;;;LUXFER HOLDINGS PLC - 1619;N;;;28;ESTADOS UNIDOS DA AMÉRICA;99;OUTRAS BOLSAS OU MERCADOS DE BALCÃO ORGANIZADOS
FIIM;42.264.597/0001-21;IT NOW S&P® KENSHO® HYDROGEN FUNDO DE ÍNDICE;2023-06-30;487674;7865362.49;INVESTIMENTO NO EXTERIOR;Outros;N;Para negociação;0.00;0.00;0.00;0.00;1424.00;411505.64;;;999;;2049-12-31;;;SHELL PLC - 1424;N;;;28;ESTADOS UNIDOS DA AMÉRICA;99;OUTRAS BOLSAS OU MERCADOS DE BALCÃO ORGANIZADOS
FIIM;42.280.262/0001-05;INVESTO FTSE GLOBAL EQUITIES ETF FUNDO DE INVESTIMENTO DE ÍNDICE - INVESTIMENTO NO EXTERIOR;2023-06-30;488181;93741708.81;DISPONIBILIDADES;Outros;;Para negociação;;;;;;40739.57;;2023-09-28;;Disponibilidade;;;;;;;;;;;
FIIM;42.280.262/0001-05;INVESTO FTSE GLOBAL EQUITIES ETF FUNDO DE INVESTIMENTO DE ÍNDICE - INVESTIMENTO NO EXTERIOR;2023-06-30;488181;93741708.81;VALORES A PAGAR;Outros;;Para negociação;;;;;;110951.69;;2023-09-28;;Valores a Pagar;;;;;;;;;;;
FIIM;42.280.262/0001-05;INVESTO FTSE GLOBAL EQUITIES ETF FUNDO DE INVESTIMENTO DE ÍNDICE - INVESTIMENTO NO EXTERIOR;2023-06-30;488181;93741708.81;VALORES A RECEBER;Outros;;Para negociação;;;;;;31594.58;;2023-09-28;;Valores a Receber;;;;;;;;;;;
FIIM;42.280.262/0001-05;INVESTO FTSE GLOBAL EQUITIES ETF FUNDO DE INVESTIMENTO DE ÍNDICE - INVESTIMENTO NO EXTERIOR;2023-06-30;488181;93741708.81;INVESTIMENTO NO EXTERIOR;Outros;N;Para negociação;;;;;202038.00;93775186.12;;2023-09-28;9000158;;2021-10-08;;;VANGUARD TOTAL WORLD;N;;;28;ESTADOS UNIDOS DA AMÉRICA;99;OUTRAS BOLSAS OU MERCADOS DE BALCÃO ORGANIZADOS
FIIM;42.280.298/0001-80;INVESTO S&P BIOTECHNOLOGY SELECTION INDUSTRY ETF FUNDO DE INVESTIMENTO DE ÍNDICE - INVEST. EXTERIOR;2023-06-30;488167;1235073.63;DISPONIBILIDADES;Outros;;Para negociação;;;;;;5741.47;;2023-09-28;;Disponibilidade;;;;;;;;;;;
FIIM;42.280.298/0001-80;INVESTO S&P BIOTECHNOLOGY SELECTION INDUSTRY ETF FUNDO DE INVESTIMENTO DE ÍNDICE - INVEST. EXTERIOR;2023-06-30;488167;1235073.63;VALORES A PAGAR;Outros;;Para negociação;;;;;;1350.11;;2023-09-28;;Valores a Pagar;;;;;;;;;;;
FIIM;42.280.298/0001-80;INVESTO S&P BIOTECHNOLOGY SELECTION INDUSTRY ETF FUNDO DE INVESTIMENTO DE ÍNDICE - INVEST. EXTERIOR;2023-06-30;488167;1235073.63;VALORES A RECEBER;Outros;;Para negociação;;;;;;43702.16;;2023-09-28;;Valores a Receber;;;;;;;;;;;
FIIM;42.280.298/0001-80;INVESTO S&P BIOTECHNOLOGY SELECTION INDUSTRY ETF FUNDO DE INVESTIMENTO DE ÍNDICE - INVEST. EXTERIOR;2023-06-30;488167;1235073.63;INVESTIMENTO NO EXTERIOR;Outros;N;Para negociação;;;;;2967.00;1181445.16;;2023-09-28;9000170;;2021-12-10;;;SPDR SP BIOTECH ETF;N;;;28;ESTADOS UNIDOS DA AMÉRICA;99;OUTRAS BOLSAS OU MERCADOS DE BALCÃO ORGANIZADOS
FIIM;42.280.328/0001-59;INVESTO MSCI US REAL ESTATE ETF FUNDO DE INVESTIMENTO DE ÍNDICE - INVESTIMENTO NO EXTERIOR;2023-06-30;488165;21880290.43;DISPONIBILIDADES;Outros;;Para negociação;;;;;;6160.44;;2023-09-28;;Disponibilidade;;;;;;;;;;;
FIIM;42.280.328/0001-59;INVESTO MSCI US REAL ESTATE ETF FUNDO DE INVESTIMENTO DE ÍNDICE - INVESTIMENTO NO EXTERIOR;2023-06-30;488165;21880290.43;VALORES A PAGAR;Outros;;Para negociação;;;;;;10847.42;;2023-09-28;;Valores a Pagar;;;;;;;;;;;
FIIM;42.280.328/0001-59;INVESTO MSCI US REAL ESTATE ETF FUNDO DE INVESTIMENTO DE ÍNDICE - INVESTIMENTO NO EXTERIOR;2023-06-30;488165;21880290.43;VALORES A RECEBER;Outros;;Para negociação;;;;;;230464.72;;2023-09-28;;Valores a Receber;;;;;;;;;;;
FIIM;42.280.328/0001-59;INVESTO MSCI US REAL ESTATE ETF FUNDO DE INVESTIMENTO DE ÍNDICE - INVESTIMENTO NO EXTERIOR;2023-06-30;488165;21880290.43;INVESTIMENTO NO EXTERIOR;Outros;N;Para negociação;;;;;54122.00;21644370.66;;2023-09-28;9000159;;2021-10-08;;;VANGUARD REAL ESTATE;N;;;28;ESTADOS UNIDOS DA AMÉRICA;99;OUTRAS BOLSAS OU MERCADOS DE BALCÃO ORGANIZADOS
FIIM;42.280.376/0001-47;INVESTO ETF BLUESTAR 5G COMMUNICATIONS INDEX FUNDO DE INVESTIMENTO DE -NDICE - INVESTIMENTO NO EXTER;2023-06-30;488180;6366113.03;DISPONIBILIDADES;Outros;;Para negociação;;;;;;6121.57;;2023-09-28;;Disponibilidade;;;;;;;;;;;
FIIM;42.280.376/0001-47;INVESTO ETF BLUESTAR 5G COMMUNICATIONS INDEX FUNDO DE INVESTIMENTO DE -NDICE - INVESTIMENTO NO EXTER;2023-06-30;488180;6366113.03;VALORES A PAGAR;Outros;;Para negociação;;;;;;14797.49;;2023-09-28;;Valores a Pagar;;;;;;;;;;;
FIIM;42.280.376/0001-47;INVESTO ETF BLUESTAR 5G COMMUNICATIONS INDEX FUNDO DE INVESTIMENTO DE -NDICE - INVESTIMENTO NO EXTER;2023-06-30;488180;6366113.03;VALORES A RECEBER;Outros;;Para negociação;;;;;;26301.33;;2023-09-28;;Valores a Receber;;;;;;;;;;;
FIIM;42.280.376/0001-47;INVESTO ETF BLUESTAR 5G COMMUNICATIONS INDEX FUNDO DE INVESTIMENTO DE -NDICE - INVESTIMENTO NO EXTER;2023-06-30;488180;6366113.03;INVESTIMENTO NO EXTERIOR;Outros;N;Para negociação;;;;;39291.00;6330179.33;;2023-09-28;9000172;;2022-01-31;;;DEFIANCE NEXT GEN;N;;;28;ESTADOS UNIDOS DA AMÉRICA;99;OUTRAS BOLSAS OU MERCADOS DE BALCÃO ORGANIZADOS
FIIM;42.427.783/0001-34;BTG PACTUAL B3 IBOVESPA FUNDO DE ÍNDICE;2023-06-30;486924;287521009.55;AÇÕES;Ação ordinária;N;Para negociação;0.00;0.00;0.00;0.00;14552.00;556177.44;;;SLCE3;;;;;;;;2007-06-15;;;;
FIIM;42.427.783/0001-34;BTG PACTUAL B3 IBOVESPA FUNDO DE ÍNDICE;2023-06-30;486924;287521009.55;AÇÕES;Ação ordinária;N;Para negociação;0.00;0.00;0.00;0.00;28490.00;937890.80;;;RDOR3;;;;;;;;2021-06-25;;;;
FIIM;42.427.783/0001-34;BTG PACTUAL B3 IBOVESPA FUNDO DE ÍNDICE;2023-06-30;486924;287521009.55;AÇÕES;Ação ordinária;N;Para negociação;0.00;0.00;0.00;0.00;114042.00;4228677.36;;;PRIO3;;;;;;;;2015-06-26;;;;
FIIM;42.427.783/0001-34;BTG PACTUAL B3 IBOVESPA FUNDO DE ÍNDICE;2023-06-30;486924;287521009.55;AÇÕES;Ação ordinária;N;Para negociação;0.00;0.00;0.00;0.00;168838.00;2321522.50;;;ASAI3;;;;;;;;2021-08-12;;;;
FIIM;42.427.783/0001-34;BTG PACTUAL B3 IBOVESPA FUNDO DE ÍNDICE;2023-06-30;486924;287521009.55;AÇÕES;Ação ordinária;N;Para negociação;0.00;0.00;0.00;0.00;102813.00;1503126.06;;;TIMS3;;;;;;;;2020-10-13;;;;
FIIM;42.427.783/0001-34;BTG PACTUAL B3 IBOVESPA FUNDO DE ÍNDICE;2023-06-30;486924;287521009.55;AÇÕES;Ação ordinária;N;Para negociação;0.00;0.00;0.00;0.00;2507.00;108477.89;;;VIVT3;;;;;;;;2011-10-06;;;;
FIIM;42.427.783/0001-34;BTG PACTUAL B3 IBOVESPA FUNDO DE ÍNDICE;2023-06-30;486924;287521009.55;AÇÕES;Ação ordinária;N;Para negociação;0.00;0.00;0.00;0.00;21944.00;233264.72;;;BEEF3;;;;;;;;2007-07-20;;;;
FIIM;42.427.783/0001-34;BTG PACTUAL B3 IBOVESPA FUNDO DE ÍNDICE;2023-06-30;486924;287521009.55;AÇÕES;Ação ordinária;N;Para negociação;0.00;0.00;0.00;0.00;26024.00;894965.36;;;CPFE3;;;;;;;;2004-09-29;;;;
FIIM;42.427.783/0001-34;BTG PACTUAL B3 IBOVESPA FUNDO DE ÍNDICE;2023-06-30;486924;287521009.55;AÇÕES;Ação ordinária;N;Para negociação;0.00;0.00;0.00;0.00;42168.00;487883.76;;;MRVE3;;;;;;;;2007-07-23;;;;
FIIM;42.427.783/0001-34;BTG PACTUAL B3 IBOVESPA FUNDO DE ÍNDICE;2023-06-30;486924;287521009.55;AÇÕES;Ação ordinária;N;Para negociação;0.00;0.00;0.00;0.00;43443.00;697260.15;;;FLRY3;;;;;;;;2009-12-17;;;;
FIIM;42.427.783/0001-34;BTG PACTUAL B3 IBOVESPA FUNDO DE ÍNDICE;2023-06-30;486924;287521009.55;AÇÕES;Ação ordinária;N;Para negociação;0.00;0.00;0.00;0.00;3186.00;64134.18;;;CYRE3;;;;;;;;1997-04-22;;;;
FIIM;42.427.783/0001-34;BTG PACTUAL B3 IBOVESPA FUNDO DE ÍNDICE;2023-06-30;486924;287521009.55;AÇÕES;Ação ordinária;N;Para negociação;0.00;0.00;0.00;0.00;128392.00;2567840.00;;;LREN3;;;;;;;;1998-01-02;;;;
FIIM;42.427.783/0001-34;BTG PACTUAL B3 IBOVESPA FUNDO DE ÍNDICE;2023-06-30;486924;287521009.55;AÇÕES;Ação ordinária;N;Para negociação;0.00;0.00;0.00;0.00;16075.00;54172.75;;;MGLU3;;;;;;;;2011-05-02;;;;
FIIM;42.427.783/0001-34;BTG PACTUAL B3 IBOVESPA FUNDO DE ÍNDICE;2023-06-30;486924;287521009.55;AÇÕES;Ação ordinária;N;Para negociação;0.00;0.00;0.00;0.00;107222.00;7344707.00;;;RENT3;;;;;;;;2005-05-23;;;;
FIIM;42.427.783/0001-34;BTG PACTUAL B3 IBOVESPA FUNDO DE ÍNDICE;2023-06-30;486924;287521009.55;AÇÕES;Ação ordinária;N;Para negociação;0.00;0.00;0.00;0.00;18700.00;123046.00;;;PETZ3;;;;;;;;2020-09-11;;;;
FIIM;42.427.783/0001-34;BTG PACTUAL B3 IBOVESPA FUNDO DE ÍNDICE;2023-06-30;486924;287521009.55;AÇÕES;Ação ordinária;N;Para negociação;0.00;0.00;0.00;0.00;367298.00;1608765.24;;;HAPV3;;;;;;;;2018-04-25;;;;
FIIM;42.427.783/0001-34;BTG PACTUAL B3 IBOVESPA FUNDO DE ÍNDICE;2023-06-30;486924;287521009.55;AÇÕES;Ação ordinária;N;Para negociação;0.00;0.00;0.00;0.00;2400.00;5160.00;;;VIIA3;;;;;;;;2021-08-16;;;;
FIIM;42.427.783/0001-34;BTG PACTUAL B3 IBOVESPA FUNDO DE ÍNDICE;2023-06-30;486924;287521009.55;AÇÕES;Ação ordinária;N;Para negociação;0.00;0.00;0.00;0.00;112873.00;1889494.02;;;NTCO3;;;;;;;;2019-12-18;;;;
FIIM;42.427.783/0001-34;BTG PACTUAL B3 IBOVESPA FUNDO DE ÍNDICE;2023-06-30;486924;287521009.55;AÇÕES;Ação ordinária;N;Para negociação;0.00;0.00;0.00;0.00;91865.00;2826686.05;;;BBSE3;;;;;;;;2013-04-29;;;;
FIIM;42.427.783/0001-34;BTG PACTUAL B3 IBOVESPA FUNDO DE ÍNDICE;2023-06-30;486924;287521009.55;AÇÕES;Ação ordinária;N;Para negociação;0.00;0.00;0.00;0.00;1091.00;50196.91;;;HYPE3;;;;;;;;2008-04-18;;;;
FIIM;42.427.783/0001-34;BTG PACTUAL B3 IBOVESPA FUNDO DE ÍNDICE;2023-06-30;486924;287521009.55;AÇÕES;Ação ordinária;N;Para negociação;0.00;0.00;0.00;0.00;11278.00;312062.26;;;MULT3;;;;;;;;2007-07-27;;;;
FIIM;42.427.783/0001-34;BTG PACTUAL B3 IBOVESPA FUNDO DE ÍNDICE;2023-06-30;486924;287521009.55;AÇÕES;Ação ordinária;N;Para negociação;0.00;0.00;0.00;0.00;97997.00;4333427.34;;;SUZB3;;;;;;;;2004-08-05;;;;
FIIM;42.427.783/0001-34;BTG PACTUAL B3 IBOVESPA FUNDO DE ÍNDICE;2023-06-30;486924;287521009.55;AÇÕES;Ação ordinária;N;Para negociação;0.00;0.00;0.00;0.00;6698.00;132754.36;;;YDUQ3;;;;;;;;2019-07-23;;;;
FIIM;42.427.783/0001-34;BTG PACTUAL B3 IBOVESPA FUNDO DE ÍNDICE;2023-06-30;486924;287521009.55;AÇÕES;Ação ordinária;N;Para negociação;0.00;0.00;0.00;0.00;146837.00;673981.83;;;CIEL3;;;;;;;;2009-12-18;;;;
FIIM;42.427.783/0001-34;BTG PACTUAL B3 IBOVESPA FUNDO DE ÍNDICE;2023-06-30;486924;287521009.55;AÇÕES;Ação ordinária;N;Para negociação;0.00;0.00;0.00;0.00;100082.00;1855520.28;;;EMBR3;;;;;;;;1997-07-28;;;;
FIIM;42.427.783/0001-34;BTG PACTUAL B3 IBOVESPA FUNDO DE ÍNDICE;2023-06-30;486924;287521009.55;AÇÕES;Ação ordinária;N;Para negociação;0.00;0.00;0.00;0.00;538564.00;34586580.08;;;VALE3;;;;;;;;1997-07-24;;;;
FIIM;42.427.783/0001-34;BTG PACTUAL B3 IBOVESPA FUNDO DE ÍNDICE;2023-06-30;486924;287521009.55;AÇÕES;Ação ordinária;N;Para negociação;0.00;0.00;0.00;0.00;143384.00;1759321.68;;;ENEV3;;;;;;;;2013-10-22;;;;
FIIM;42.427.783/0001-34;BTG PACTUAL B3 IBOVESPA FUNDO DE ÍNDICE;2023-06-30;486924;287521009.55;AÇÕES;Ação ordinária;N;Para negociação;0.00;0.00;0.00;0.00;1827.00;144460.89;;;ARZZ3;;;;;;;;2011-02-02;;;;
FIIM;42.427.783/0001-34;BTG PACTUAL B3 IBOVESPA FUNDO DE ÍNDICE;2023-06-30;486924;287521009.55;AÇÕES;Ação ordinária;N;Para negociação;0.00;0.00;0.00;0.00;6756.00;199977.60;;;RADL3;;;;;;;;2011-12-19;;;;
FIIM;42.427.783/0001-34;BTG PACTUAL B3 IBOVESPA FUNDO DE ÍNDICE;2023-06-30;486924;287521009.55;AÇÕES;Ação ordinária;N;Para negociação;0.00;0.00;0.00;0.00;16704.00;763205.76;;;EGIE3;;;;;;;;2016-07-21;;;;
FIIM;42.427.783/0001-34;BTG PACTUAL B3 IBOVESPA FUNDO DE ÍNDICE;2023-06-30;486924;287521009.55;AÇÕES;Ação ordinária;N;Para negociação;0.00;0.00;0.00;0.00;153142.00;2764213.10;;;VBBR3;;;;;;;;2021-10-22;;;;
FIIM;42.427.783/0001-34;BTG PACTUAL B3 IBOVESPA FUNDO DE ÍNDICE;2023-06-30;486924;287521009.55;AÇÕES;Ação ordinária;N;Para negociação;0.00;0.00;0.00;0.00;4094.00;96700.28;;;ENBR3;;;;;;;;2005-07-13;;;;
FIIM;42.427.783/0001-34;BTG PACTUAL B3 IBOVESPA FUNDO DE ÍNDICE;2023-06-30;486924;287521009.55;AÇÕES;Ação ordinária;N;Para negociação;0.00;0.00;0.00;0.00;34623.00;289102.05;;;DXCO3;;;;;;;;2021-08-19;;;;
FIIM;42.427.783/0001-34;BTG PACTUAL B3 IBOVESPA FUNDO DE ÍNDICE;2023-06-30;486924;287521009.55;AÇÕES;Ação ordinária;N;Para negociação;0.00;0.00;0.00;0.00;218305.00;7225895.50;;;PETR3;;;;;;;;1997-03-24;;;;
FIIM;42.427.783/0001-34;BTG PACTUAL B3 IBOVESPA FUNDO DE ÍNDICE;2023-06-30;486924;287521009.55;AÇÕES;Ação ordinária;N;Para negociação;0.00;0.00;0.00;0.00;82.00;1510.44;;;EZTC3;;;;;;;;2007-06-22;;;;
FIIM;42.427.783/0001-34;BTG PACTUAL B3 IBOVESPA FUNDO DE ÍNDICE;2023-06-30;486924;287521009.55;AÇÕES;Ação ordinária;N;Para negociação;0.00;0.00;0.00;0.00;14913.00;48616.38;;;COGN3;;;;;;;;2019-10-11;;;;
FIIM;42.427.783/0001-34;BTG PACTUAL B3 IBOVESPA FUNDO DE ÍNDICE;2023-06-30;486924;287521009.55;AÇÕES;Ação ordinária;N;Para negociação;0.00;0.00;0.00;0.00;167674.00;3722362.80;;;RAIL3;;;;;;;;2017-03-13;;;;
FIIM;42.427.783/0001-34;BTG PACTUAL B3 IBOVESPA FUNDO DE ÍNDICE;2023-06-30;486924;287521009.55;AÇÕES;Ação ordinária;N;Para negociação;0.00;0.00;0.00;0.00;95574.00;2080645.98;;;;KLBN11;;PJ;89637490000145;KLABIN SA;;;;;;;
FIIM;42.427.783/0001-34;BTG PACTUAL B3 IBOVESPA FUNDO DE ÍNDICE;2023-06-30;486924;287521009.55;AÇÕES;Ação ordinária;S;Para negociação;0.00;0.00;0.00;0.00;169401.00;5327661.45;;;;BPAC11;;PJ;30306294000145;Banco BTG Pactual SA;;;;;;;
FIIM;42.427.783/0001-34;BTG PACTUAL B3 IBOVESPA FUNDO DE ÍNDICE;2023-06-30;486924;287521009.55;AÇÕES;Ação ordinária;N;Para negociação;0.00;0.00;0.00;0.00;17173.00;147344.34;;;LWSA3;;;;;;;;2020-02-06;;;;
FIIM;42.427.783/0001-34;BTG PACTUAL B3 IBOVESPA FUNDO DE ÍNDICE;2023-06-30;486924;287521009.55;AÇÕES;Ação ordinária;N;Para negociação;0.00;0.00;0.00;0.00;164009.00;2929200.74;;;CSAN3;;;;;;;;2005-11-18;;;;
FIIM;42.427.783/0001-34;BTG PACTUAL B3 IBOVESPA FUNDO DE ÍNDICE;2023-06-30;486924;287521009.55;AÇÕES;Ação ordinária;N;Para negociação;0.00;0.00;0.00;0.00;16617.00;120805.59;;;MRFG3;;;;;;;;2007-06-28;;;;
FIIM;42.427.783/0001-34;BTG PACTUAL B3 IBOVESPA FUNDO DE ÍNDICE;2023-06-30;486924;287521009.55;AÇÕES;Ação ordinária;N;Para negociação;0.00;0.00;0.00;0.00;53092.00;1002907.88;;;UGPA3;;;;;;;;1999-10-13;;;;
FIIM;42.427.783/0001-34;BTG PACTUAL B3 IBOVESPA FUNDO DE ÍNDICE;2023-06-30;486924;287521009.55;AÇÕES;Ação ordinária;N;Para negociação;0.00;0.00;0.00;0.00;643208.00;9397268.88;;;B3SA3;;;;;;;;2018-03-26;;;;
FIIM;42.427.783/0001-34;BTG PACTUAL B3 IBOVESPA FUNDO DE ÍNDICE;2023-06-30;486924;287521009.55;AÇÕES;Ação ordinária;N;Para negociação;0.00;0.00;0.00;0.00;35990.00;126324.90;;;CVCB3;;;;;;;;2013-12-09;;;;
FIIM;42.427.783/0001-34;BTG PACTUAL B3 IBOVESPA FUNDO DE ÍNDICE;2023-06-30;486924;287521009.55;AÇÕES;Ação ordinária;N;Para negociação;0.00;0.00;0.00;0.00;71360.00;2139372.80;;;TOTS3;;;;;;;;2006-03-09;;;;
FIIM;42.427.783/0001-34;BTG PACTUAL B3 IBOVESPA FUNDO DE ÍNDICE;2023-06-30;486924;287521009.55;AÇÕES;Ação ordinária;N;Para negociação;0.00;0.00;0.00;0.00;154320.00;4961388.00;;;EQTL3;;;;;;;;2006-04-03;;;;
FIIM;42.427.783/0001-34;BTG PACTUAL B3 IBOVESPA FUNDO DE ÍNDICE;2023-06-30;486924;287521009.55;AÇÕES;Ação ordinária;N;Para negociação;0.00;0.00;0.00;0.00;21461.00;401535.31;;;PCAR3;;;;;;;;1997-09-02;;;;
FIIM;42.427.783/0001-34;BTG PACTUAL B3 IBOVESPA FUNDO DE ÍNDICE;2023-06-30;486924;287521009.55;AÇÕES;Ação ordinária;N;Para negociação;0.00;0.00;0.00;0.00;356764.00;5497733.24;;;ABEV3;;;;;;;;2013-11-11;;;;
FIIM;42.427.783/0001-34;BTG PACTUAL B3 IBOVESPA FUNDO DE ÍNDICE;2023-06-30;486924;287521009.55;AÇÕES;Ação ordinária;N;Para negociação;0.00;0.00;0.00;0.00;84743.00;354225.74;;;CMIN3;;;;;;;;2021-05-03;;;;
FIIM;42.427.783/0001-34;BTG PACTUAL B3 IBOVESPA FUNDO DE ÍNDICE;2023-06-30;486924;287521009.55;AÇÕES;Ação ordinária;N;Para negociação;0.00;0.00;0.00;0.00;3185.00;24874.85;;;CASH3;;;;;;;;2020-11-05;;;;
FIIM;42.427.783/0001-34;BTG PACTUAL B3 IBOVESPA FUNDO DE ÍNDICE;2023-06-30;486924;287521009.55;AÇÕES;Ação ordinária;N;Para negociação;0.00;0.00;0.00;0.00;171945.00;6490923.75;;;WEGE3;;;;;;;;2004-08-02;;;;
FIIM;42.427.783/0001-34;BTG PACTUAL B3 IBOVESPA FUNDO DE ÍNDICE;2023-06-30;486924;287521009.55;AÇÕES;Ação ordinária;N;Para negociação;0.00;0.00;0.00;0.00;31542.00;353270.40;;;CRFB3;;;;;;;;2017-07-20;;;;
FIIM;42.427.783/0001-34;BTG PACTUAL B3 IBOVESPA FUNDO DE ÍNDICE;2023-06-30;486924;287521009.55;AÇÕES;Ação ordinária;N;Para negociação;0.00;0.00;0.00;0.00;10808.00;188707.68;;;JBSS3;;;;;;;;2007-03-29;;;;
FIIM;42.427.783/0001-34;BTG PACTUAL B3 IBOVESPA FUNDO DE ÍNDICE;2023-06-30;486924;287521009.55;AÇÕES;Ação ordinária;N;Para negociação;0.00;0.00;0.00;0.00;11861.00;585933.40;;;BBAS3;;;;;;;;1997-09-30;;;;
FIIM;42.427.783/0001-34;BTG PACTUAL B3 IBOVESPA FUNDO DE ÍNDICE;2023-06-30;486924;287521009.55;AÇÕES;Ação ordinária;N;Para negociação;0.00;0.00;0.00;0.00;45777.00;2589604.89;;;SBSP3;;;;;;;;1998-02-11;;;;
FIIM;42.427.783/0001-34;BTG PACTUAL B3 IBOVESPA FUNDO DE ÍNDICE;2023-06-30;486924;287521009.55;AÇÕES;Ação ordinária;N;Para negociação;0.00;0.00;0.00;0.00;66886.00;802632.00;;;SOMA3;;;;;;;;2020-07-31;;;;
FIIM;42.427.783/0001-34;BTG PACTUAL B3 IBOVESPA FUNDO DE ÍNDICE;2023-06-30;486924;287521009.55;AÇÕES;Ação ordinária;N;Para negociação;0.00;0.00;0.00;0.00;73480.00;1811282.00;;;ALSO3;;;;;;;;2019-08-06;;;;
FIIM;42.427.783/0001-34;BTG PACTUAL B3 IBOVESPA FUNDO DE ÍNDICE;2023-06-30;486924;287521009.55;AÇÕES;Ação ordinária;N;Para negociação;0.00;0.00;0.00;0.00;28996.00;258354.36;;;BRFS3;;;;;;;;2009-12-10;;;;
FIIM;42.427.783/0001-34;BTG PACTUAL B3 IBOVESPA FUNDO DE ÍNDICE;2023-06-30;486924;287521009.55;AÇÕES;Ação preferencial;N;Para negociação;0.00;0.00;0.00;0.00;88640.00;1047724.80;;;GOAU4;;;;;;;;1998-01-02;;;;
FIIM;42.427.783/0001-34;BTG PACTUAL B3 IBOVESPA FUNDO DE ÍNDICE;2023-06-30;486924;287521009.55;AÇÕES;Ação preferencial;N;Para negociação;0.00;0.00;0.00;0.00;12858.00;169339.86;;;GOLL4;;;;;;;;2004-06-24;;;;
FIIM;42.427.783/0001-34;BTG PACTUAL B3 IBOVESPA FUNDO DE ÍNDICE;2023-06-30;486924;287521009.55;AÇÕES;Ação preferencial;N;Para negociação;0.00;0.00;0.00;0.00;35791.00;782391.26;;;AZUL4;;;;;;;;2017-04-11;;;;
FIIM;42.427.783/0001-34;BTG PACTUAL B3 IBOVESPA FUNDO DE ÍNDICE;2023-06-30;486924;287521009.55;AÇÕES;Ação preferencial;N;Para negociação;0.00;0.00;0.00;0.00;485344.00;14332208.32;;;PETR4;;;;;;;;1997-03-24;;;;
FIIM;42.427.783/0001-34;BTG PACTUAL B3 IBOVESPA FUNDO DE ÍNDICE;2023-06-30;486924;287521009.55;AÇÕES;Ação preferencial;N;Para negociação;0.00;0.00;0.00;0.00;8321.00;58829.47;;;USIM5;;;;;;;;1999-02-02;;;;
FIIM;42.427.783/0001-34;BTG PACTUAL B3 IBOVESPA FUNDO DE ÍNDICE;2023-06-30;486924;287521009.55;AÇÕES;Ação preferencial;N;Para negociação;0.00;0.00;0.00;0.00;4531.00;100633.51;;;BRAP4;;;;;;;;2000-08-10;;;;
FIIM;42.427.783/0001-34;BTG PACTUAL B3 IBOVESPA FUNDO DE ÍNDICE;2023-06-30;486924;287521009.55;AÇÕES;Ação preferencial;N;Para negociação;0.00;0.00;0.00;0.00;22776.00;570994.32;;;GGBR4;;;;;;;;2001-02-01;;;;
FIIM;42.427.783/0001-34;BTG PACTUAL B3 IBOVESPA FUNDO DE ÍNDICE;2023-06-30;486924;287521009.55;AÇÕES;Ação preferencial;N;Para negociação;0.00;0.00;0.00;0.00;32271.00;963289.35;;;;RRRP3;;PJ;12091809000155;3R PETROLEUM OLEO E GAS S.A.;;;;;;;
FIIM;42.427.783/0001-34;BTG PACTUAL B3 IBOVESPA FUNDO DE ÍNDICE;2023-06-30;486924;287521009.55;AÇÕES;Ação preferencial;N;Para negociação;0.00;0.00;0.00;0.00;202426.00;2603198.36;;;CMIG4;;;;;;;;1997-12-26;;;;
FIIM;42.427.783/0001-34;BTG PACTUAL B3 IBOVESPA FUNDO DE ÍNDICE;2023-06-30;486924;287521009.55;AÇÕES;Ação preferencial;N;Para negociação;0.00;0.00;0.00;0.00;668915.00;19010564.30;;;ITUB4;;;;;;;;2009-05-20;;;;
FIIM;42.427.783/0001-34;BTG PACTUAL B3 IBOVESPA FUNDO DE ÍNDICE;2023-06-30;486924;287521009.55;AÇÕES;Ação preferencial;N;Para negociação;0.00;0.00;0.00;0.00;696056.00;6709979.84;;;ITSA4;;;;;;;;1998-03-04;;;;
FIIM;42.427.783/0001-34;BTG PACTUAL B3 IBOVESPA FUNDO DE ÍNDICE;2023-06-30;486924;287521009.55;AÇÕES;Ação preferencial;N;Para negociação;0.00;0.00;0.00;0.00;712050.00;11713222.50;;;BBDC4;;;;;;;;1998-03-02;;;;
FIIM;42.427.783/0001-34;BTG PACTUAL B3 IBOVESPA FUNDO DE ÍNDICE;2023-06-30;486924;287521009.55;AÇÕES;Ação preferencial;N;Para negociação;0.00;0.00;0.00;0.00;216220.00;1792463.80;;;CPLE6;;;;;;;;1998-03-13;;;;
FIIM;42.427.783/0001-34;BTG PACTUAL B3 IBOVESPA FUNDO DE ÍNDICE;2023-06-30;486924;287521009.55;OPERAÇÕES COMPROMISSADAS;;N;Para negociação;0.00;0.00;0.00;0.00;463.00;1910887.99;;;;;2025-05-15;;;;;760199;;;;;
FIIM;42.682.113/0001-64;ÍNDICE DE AÇÕES TECH BRASIL ETF FUNDO DE ÍNDICE;2023-06-30;486935;7680298.02;AÇÕES;Ação ordinária;N;Para negociação;0.00;0.00;0.00;0.00;15244.00;121037.36;;;BOAS3;;;;;;;;2020-09-30;;;;
FIIM;42.682.113/0001-64;ÍNDICE DE AÇÕES TECH BRASIL ETF FUNDO DE ÍNDICE;2023-06-30;486935;7680298.02;AÇÕES;Ação ordinária;N;Para negociação;0.00;0.00;0.00;0.00;2033.00;52634.37;;;INTB3;;;;;;;;2021-02-04;;;;
FIIM;42.682.113/0001-64;ÍNDICE DE AÇÕES TECH BRASIL ETF FUNDO DE ÍNDICE;2023-06-30;486935;7680298.02;AÇÕES;Ação ordinária;N;Para negociação;0.00;0.00;25155.00;84772.90;93447.00;314916.39;;;MGLU3;;;;;;;;2011-05-02;;;;
FIIM;42.682.113/0001-64;ÍNDICE DE AÇÕES TECH BRASIL ETF FUNDO DE ÍNDICE;2023-06-30;486935;7680298.02;AÇÕES;Ação ordinária;N;Para negociação;0.00;0.00;0.00;0.00;7068.00;21769.44;;;MODL3;;;;;;;;2021-09-28;;;;
FIIM;42.682.113/0001-64;ÍNDICE DE AÇÕES TECH BRASIL ETF FUNDO DE ÍNDICE;2023-06-30;486935;7680298.02;AÇÕES;Ação ordinária;N;Para negociação;0.00;0.00;0.00;0.00;38818.00;178174.62;;;CIEL3;;;;;;;;2009-12-18;;;;
FIIM;42.682.113/0001-64;ÍNDICE DE AÇÕES TECH BRASIL ETF FUNDO DE ÍNDICE;2023-06-30;486935;7680298.02;AÇÕES;Ação ordinária;N;Para negociação;0.00;0.00;0.00;0.00;15374.00;460912.52;;;TOTS3;;;;;;;;2006-03-09;;;;
FIIM;42.682.113/0001-64;ÍNDICE DE AÇÕES TECH BRASIL ETF FUNDO DE ÍNDICE;2023-06-30;486935;7680298.02;AÇÕES;Ação ordinária;N;Para negociação;0.00;0.00;0.00;0.00;3323.00;30638.06;;;POSI3;;;;;;;;2006-12-11;;;;
FIIM;42.682.113/0001-64;ÍNDICE DE AÇÕES TECH BRASIL ETF FUNDO DE ÍNDICE;2023-06-30;486935;7680298.02;AÇÕES;Ação ordinária;N;Para negociação;0.00;0.00;0.00;0.00;2725.00;60249.75;;;SQIA3;;;;;;;;2019-02-18;;;;
FIIM;42.682.113/0001-64;ÍNDICE DE AÇÕES TECH BRASIL ETF FUNDO DE ÍNDICE;2023-06-30;486935;7680298.02;AÇÕES;Ação ordinária;N;Para negociação;0.00;0.00;11873.00;25527.68;48405.00;104070.75;;;VIIA3;;;;;;;;2021-08-16;;;;
FIIM;42.682.113/0001-64;ÍNDICE DE AÇÕES TECH BRASIL ETF FUNDO DE ÍNDICE;2023-06-30;486935;7680298.02;AÇÕES;Ação ordinária;N;Para negociação;0.00;0.00;0.00;0.00;1747.00;13644.07;;;CASH3;;;;;;;;2020-11-05;;;;
FIIM;42.682.113/0001-64;ÍNDICE DE AÇÕES TECH BRASIL ETF FUNDO DE ÍNDICE;2023-06-30;486935;7680298.02;AÇÕES;Ação ordinária;N;Para negociação;0.00;0.00;0.00;0.00;14986.00;128579.88;;;LWSA3;;;;;;;;2020-02-06;;;;
FIIM;42.682.113/0001-64;ÍNDICE DE AÇÕES TECH BRASIL ETF FUNDO DE ÍNDICE;2023-06-30;486935;7680298.02;AÇÕES;Ação ordinária;N;Para negociação;0.00;0.00;0.00;0.00;9444.00;23515.56;;;MLAS3;;;;;;;;2021-07-22;;;;
FIIM;42.682.113/0001-64;ÍNDICE DE AÇÕES TECH BRASIL ETF FUNDO DE ÍNDICE;2023-06-30;486935;7680298.02;OPERAÇÕES COMPROMISSADAS;;N;Para negociação;0.00;0.00;0.00;0.00;3.00;36991.68;;;;;2023-09-01;;;;;210100;;;;;
FIIM;42.682.199/0001-25;BTG PACTUAL S&P 500 FUNDO DE ÍNDICE;2023-06-30;486925;7877732.13;OPERAÇÕES COMPROMISSADAS;;N;Para negociação;0.00;0.00;0.00;0.00;25.00;101827.54;;;;;2025-05-15;;;;;760199;;;;;
FIIM;42.682.281/0001-50;BTG PACTUAL SMLL B3 FUNDO DE ÍNDICE;2023-06-30;486928;8696563.11;AÇÕES;Ação ordinária;N;Para negociação;0.00;0.00;0.00;0.00;4640.00;43894.40;;;KEPL3;;;;;;;;1996-03-18;;;;
FIIM;42.682.281/0001-50;BTG PACTUAL SMLL B3 FUNDO DE ÍNDICE;2023-06-30;486928;8696563.11;AÇÕES;Ação ordinária;N;Para negociação;0.00;0.00;0.00;0.00;11811.00;29409.39;;;MLAS3;;;;;;;;2021-07-22;;;;
FIIM;42.682.281/0001-50;BTG PACTUAL SMLL B3 FUNDO DE ÍNDICE;2023-06-30;486928;8696563.11;AÇÕES;Ação ordinária;N;Para negociação;0.00;0.00;0.00;0.00;7028.00;151102.00;;;SMFT3;;;;;;;;2018-02-26;;;;
FIIM;42.682.281/0001-50;BTG PACTUAL SMLL B3 FUNDO DE ÍNDICE;2023-06-30;486928;8696563.11;AÇÕES;Ação ordinária;N;Para negociação;0.00;0.00;0.00;0.00;1305.00;9030.60;;;GFSA3;;;;;;;;2006-01-26;;;;
FIIM;42.682.281/0001-50;BTG PACTUAL SMLL B3 FUNDO DE ÍNDICE;2023-06-30;486928;8696563.11;AÇÕES;Ação ordinária;N;Para negociação;0.00;0.00;0.00;0.00;3097.00;39796.45;;;TTEN3;;;;;;;;2021-07-12;;;;
FIIM;42.682.281/0001-50;BTG PACTUAL SMLL B3 FUNDO DE ÍNDICE;2023-06-30;486928;8696563.11;AÇÕES;Ação ordinária;N;Para negociação;0.00;0.00;0.00;0.00;825.00;15353.25;;;BLAU3;;;;;;;;2021-09-24;;;;
FIIM;42.682.281/0001-50;BTG PACTUAL SMLL B3 FUNDO DE ÍNDICE;2023-06-30;486928;8696563.11;AÇÕES;Ação ordinária;N;Para negociação;0.00;0.00;0.00;0.00;1426.00;9924.96;;;PTBL3;;;;;;;;1997-04-08;;;;
FIIM;42.682.281/0001-50;BTG PACTUAL SMLL B3 FUNDO DE ÍNDICE;2023-06-30;486928;8696563.11;AÇÕES;Ação ordinária;N;Para negociação;0.00;0.00;0.00;0.00;5016.00;7473.84;;;SEQL3;;;;;;;;2020-10-07;;;;
FIIM;42.682.281/0001-50;BTG PACTUAL SMLL B3 FUNDO DE ÍNDICE;2023-06-30;486928;8696563.11;AÇÕES;Ação ordinária;N;Para negociação;0.00;0.00;0.00;0.00;42748.00;91908.20;;;VIIA3;;;;;;;;2021-08-16;;;;
FIIM;42.682.281/0001-50;BTG PACTUAL SMLL B3 FUNDO DE ÍNDICE;2023-06-30;486928;8696563.11;AÇÕES;Ação ordinária;N;Para negociação;0.00;0.00;0.00;0.00;1929.00;24691.20;;;PNVL3;;;;;;;;1998-01-02;;;;
FIIM;42.682.281/0001-50;BTG PACTUAL SMLL B3 FUNDO DE ÍNDICE;2023-06-30;486928;8696563.11;AÇÕES;Ação ordinária;N;Para negociação;0.00;0.00;0.00;0.00;13003.00;156036.00;;;SOMA3;;;;;;;;2020-07-31;;;;
FIIM;42.682.281/0001-50;BTG PACTUAL SMLL B3 FUNDO DE ÍNDICE;2023-06-30;486928;8696563.11;AÇÕES;Ação ordinária;N;Para negociação;0.00;0.00;0.00;0.00;7264.00;54334.72;;;GRND3;;;;;;;;2004-10-29;;;;
FIIM;42.682.281/0001-50;BTG PACTUAL SMLL B3 FUNDO DE ÍNDICE;2023-06-30;486928;8696563.11;AÇÕES;Ação ordinária;N;Para negociação;0.00;0.00;0.00;0.00;8564.00;104909.00;;;AESB3;;;;;;;;2021-08-10;;;;
FIIM;42.682.281/0001-50;BTG PACTUAL SMLL B3 FUNDO DE ÍNDICE;2023-06-30;486928;8696563.11;AÇÕES;Ação ordinária;N;Para negociação;0.00;0.00;0.00;0.00;1753.00;45963.66;;;TUPY3;;;;;;;;1995-11-10;;;;
FIIM;42.682.281/0001-50;BTG PACTUAL SMLL B3 FUNDO DE ÍNDICE;2023-06-30;486928;8696563.11;AÇÕES;Ação ordinária;N;Para negociação;0.00;0.00;0.00;0.00;9172.00;103643.60;;;MEGA3;;;;;;;;2021-12-27;;;;
FIIM;42.682.281/0001-50;BTG PACTUAL SMLL B3 FUNDO DE ÍNDICE;2023-06-30;486928;8696563.11;AÇÕES;Ação ordinária;N;Para negociação;0.00;0.00;0.00;0.00;7105.00;18330.90;;;MEAL3;;;;;;;;2015-03-31;;;;
FIIM;42.682.281/0001-50;BTG PACTUAL SMLL B3 FUNDO DE ÍNDICE;2023-06-30;486928;8696563.11;AÇÕES;Ação ordinária;N;Para negociação;0.00;0.00;0.00;0.00;1421.00;7105.00;;;SEER3;;;;;;;;2013-10-29;;;;
FIIM;42.682.281/0001-50;BTG PACTUAL SMLL B3 FUNDO DE ÍNDICE;2023-06-30;486928;8696563.11;AÇÕES;Ação ordinária;N;Para negociação;0.00;0.00;0.00;0.00;8017.00;13709.07;;;IFCM3;;;;;;;;2021-05-04;;;;
FIIM;42.682.281/0001-50;BTG PACTUAL SMLL B3 FUNDO DE ÍNDICE;2023-06-30;486928;8696563.11;AÇÕES;Ação ordinária;N;Para negociação;0.00;0.00;0.00;0.00;2191.00;95418.05;;;IRBR3;;;;;;;;2017-07-31;;;;
FIIM;42.682.281/0001-50;BTG PACTUAL SMLL B3 FUNDO DE ÍNDICE;2023-06-30;486928;8696563.11;AÇÕES;Ação ordinária;N;Para negociação;0.00;0.00;0.00;0.00;4328.00;80976.88;;;PCAR3;;;;;;;;1997-09-02;;;;
FIIM;42.682.281/0001-50;BTG PACTUAL SMLL B3 FUNDO DE ÍNDICE;2023-06-30;486928;8696563.11;AÇÕES;Ação ordinária;N;Para negociação;0.00;0.00;0.00;0.00;2615.00;74475.20;;;VIVA3;;;;;;;;2019-10-10;;;;
FIIM;42.682.281/0001-50;BTG PACTUAL SMLL B3 FUNDO DE ÍNDICE;2023-06-30;486928;8696563.11;AÇÕES;Ação ordinária;N;Para negociação;0.00;0.00;0.00;0.00;1593.00;39044.43;;;AGRO3;;;;;;;;2006-05-02;;;;
FIIM;42.682.281/0001-50;BTG PACTUAL SMLL B3 FUNDO DE ÍNDICE;2023-06-30;486928;8696563.11;AÇÕES;Ação ordinária;N;Para negociação;0.00;0.00;0.00;0.00;14304.00;352593.60;;;ALSO3;;;;;;;;2019-08-06;;;;
FIIM;42.682.281/0001-50;BTG PACTUAL SMLL B3 FUNDO DE ÍNDICE;2023-06-30;486928;8696563.11;AÇÕES;Ação ordinária;N;Para negociação;0.00;0.00;0.00;0.00;2412.00;3931.56;;;TRAD3;;;;;;;;2021-07-28;;;;
FIIM;42.682.281/0001-50;BTG PACTUAL SMLL B3 FUNDO DE ÍNDICE;2023-06-30;486928;8696563.11;AÇÕES;Ação ordinária;N;Para negociação;0.00;0.00;0.00;0.00;12215.00;96742.80;;;GMAT3;;;;;;;;2020-10-13;;;;
FIIM;42.682.281/0001-50;BTG PACTUAL SMLL B3 FUNDO DE ÍNDICE;2023-06-30;486928;8696563.11;AÇÕES;Ação ordinária;N;Para negociação;0.00;0.00;0.00;0.00;682.00;35000.24;;;LOGN3;;;;;;;;2007-06-21;;;;
FIIM;42.682.281/0001-50;BTG PACTUAL SMLL B3 FUNDO DE ÍNDICE;2023-06-30;486928;8696563.11;AÇÕES;Ação ordinária;N;Para negociação;0.00;0.00;0.00;0.00;2071.00;13047.30;;;WIZC3;;;;;;;;2023-02-09;;;;
FIIM;42.682.281/0001-50;BTG PACTUAL SMLL B3 FUNDO DE ÍNDICE;2023-06-30;486928;8696563.11;AÇÕES;Ação ordinária;N;Para negociação;0.00;0.00;0.00;0.00;31.00;2518.44;;;BRPR3;;;;;;;;2007-08-06;;;;
FIIM;42.682.281/0001-50;BTG PACTUAL SMLL B3 FUNDO DE ÍNDICE;2023-06-30;486928;8696563.11;AÇÕES;Ação ordinária;N;Para negociação;0.00;0.00;0.00;0.00;2163.00;16698.36;;;GUAR3;;;;;;;;1997-04-24;;;;
FIIM;42.682.281/0001-50;BTG PACTUAL SMLL B3 FUNDO DE ÍNDICE;2023-06-30;486928;8696563.11;AÇÕES;Ação ordinária;N;Para negociação;0.00;0.00;0.00;0.00;424.00;6287.92;;;FHER3;;;;;;;;2007-04-12;;;;
FIIM;42.682.281/0001-50;BTG PACTUAL SMLL B3 FUNDO DE ÍNDICE;2023-06-30;486928;8696563.11;AÇÕES;Ação ordinária;N;Para negociação;0.00;0.00;0.00;0.00;4709.00;28677.81;;;LJQQ3;;;;;;;;2020-08-10;;;;
FIIM;42.682.281/0001-50;BTG PACTUAL SMLL B3 FUNDO DE ÍNDICE;2023-06-30;486928;8696563.11;AÇÕES;Ação ordinária;N;Para negociação;0.00;0.00;0.00;0.00;1855.00;10313.80;;;TRIS3;;;;;;;;2007-10-15;;;;
FIIM;42.682.281/0001-50;BTG PACTUAL SMLL B3 FUNDO DE ÍNDICE;2023-06-30;486928;8696563.11;AÇÕES;Ação ordinária;N;Para negociação;0.00;0.00;0.00;0.00;1967.00;18135.74;;;POSI3;;;;;;;;2006-12-11;;;;
FIIM;42.682.281/0001-50;BTG PACTUAL SMLL B3 FUNDO DE ÍNDICE;2023-06-30;486928;8696563.11;AÇÕES;Ação ordinária;N;Para negociação;0.00;0.00;0.00;0.00;7683.00;23663.64;;;MODL3;;;;;;;;2021-09-28;;;;
FIIM;42.682.281/0001-50;BTG PACTUAL SMLL B3 FUNDO DE ÍNDICE;2023-06-30;486928;8696563.11;AÇÕES;Ação ordinária;N;Para negociação;0.00;0.00;0.00;0.00;4616.00;69147.68;;;ARML3;;;;;;;;2021-07-28;;;;
FIIM;42.682.281/0001-50;BTG PACTUAL SMLL B3 FUNDO DE ÍNDICE;2023-06-30;486928;8696563.11;AÇÕES;Ação ordinária;N;Para negociação;0.00;0.00;0.00;0.00;8583.00;55789.50;;;ECOR3;;;;;;;;2010-04-01;;;;
FIIM;42.682.281/0001-50;BTG PACTUAL SMLL B3 FUNDO DE ÍNDICE;2023-06-30;486928;8696563.11;AÇÕES;Ação ordinária;N;Para negociação;0.00;0.00;0.00;0.00;4051.00;40915.10;;;ONCO3;;;;;;;;2021-08-10;;;;
FIIM;42.682.281/0001-50;BTG PACTUAL SMLL B3 FUNDO DE ÍNDICE;2023-06-30;486928;8696563.11;AÇÕES;Ação ordinária;N;Para negociação;0.00;0.00;0.00;0.00;6893.00;86507.15;;;ODPV3;;;;;;;;2006-12-01;;;;
FIIM;42.682.281/0001-50;BTG PACTUAL SMLL B3 FUNDO DE ÍNDICE;2023-06-30;486928;8696563.11;AÇÕES;Ação ordinária;N;Para negociação;0.00;0.00;0.00;0.00;1965.00;13872.90;;;LAVV3;;;;;;;;2020-09-02;;;;
FIIM;42.682.281/0001-50;BTG PACTUAL SMLL B3 FUNDO DE ÍNDICE;2023-06-30;486928;8696563.11;AÇÕES;Ação ordinária;N;Para negociação;0.00;0.00;0.00;0.00;7199.00;60111.65;;;DXCO3;;;;;;;;2021-08-19;;;;
FIIM;42.682.281/0001-50;BTG PACTUAL SMLL B3 FUNDO DE ÍNDICE;2023-06-30;486928;8696563.11;AÇÕES;Ação ordinária;N;Para negociação;0.00;0.00;0.00;0.00;2699.00;19054.94;;;CAML3;;;;;;;;2017-09-28;;;;
FIIM;42.682.281/0001-50;BTG PACTUAL SMLL B3 FUNDO DE ÍNDICE;2023-06-30;486928;8696563.11;AÇÕES;Ação ordinária;N;Para negociação;0.00;0.00;0.00;0.00;8262.00;95591.34;;;MRVE3;;;;;;;;2007-07-23;;;;
FIIM;42.682.281/0001-50;BTG PACTUAL SMLL B3 FUNDO DE ÍNDICE;2023-06-30;486928;8696563.11;AÇÕES;Ação ordinária;N;Para negociação;0.00;0.00;0.00;0.00;7157.00;84667.31;;;DASA3;;;;;;;;2004-11-19;;;;
FIIM;42.682.281/0001-50;BTG PACTUAL SMLL B3 FUNDO DE ÍNDICE;2023-06-30;486928;8696563.11;AÇÕES;Ação ordinária;N;Para negociação;0.00;0.00;0.00;0.00;7481.00;36208.04;;;QUAL3;;;;;;;;2011-06-29;;;;
FIIM;42.682.281/0001-50;BTG PACTUAL SMLL B3 FUNDO DE ÍNDICE;2023-06-30;486928;8696563.11;AÇÕES;Ação ordinária;N;Para negociação;0.00;0.00;0.00;0.00;1198.00;20138.38;;;ROMI3;;;;;;;;1998-01-02;;;;
FIIM;42.682.281/0001-50;BTG PACTUAL SMLL B3 FUNDO DE ÍNDICE;2023-06-30;486928;8696563.11;AÇÕES;Ação ordinária;N;Para negociação;0.00;0.00;0.00;0.00;1910.00;42230.10;;;SQIA3;;;;;;;;2019-02-18;;;;
FIIM;42.682.281/0001-50;BTG PACTUAL SMLL B3 FUNDO DE ÍNDICE;2023-06-30;486928;8696563.11;AÇÕES;Ação ordinária;N;Para negociação;0.00;0.00;0.00;0.00;7213.00;25317.63;;;CVCB3;;;;;;;;2013-12-09;;;;
FIIM;42.682.281/0001-50;BTG PACTUAL SMLL B3 FUNDO DE ÍNDICE;2023-06-30;486928;8696563.11;AÇÕES;Ação ordinária;N;Para negociação;0.00;0.00;0.00;0.00;29244.00;260564.04;;;BRFS3;;;;;;;;2009-12-10;;;;
FIIM;42.682.281/0001-50;BTG PACTUAL SMLL B3 FUNDO DE ÍNDICE;2023-06-30;486928;8696563.11;AÇÕES;Ação ordinária;N;Para negociação;0.00;0.00;0.00;0.00;1971.00;34098.30;;;VULC3;;;;;;;;1991-05-02;;;;
FIIM;42.682.281/0001-50;BTG PACTUAL SMLL B3 FUNDO DE ÍNDICE;2023-06-30;486928;8696563.11;AÇÕES;Ação ordinária;N;Para negociação;0.00;0.00;0.00;0.00;19596.00;62315.28;;;HBSA3;;;;;;;;2020-09-25;;;;
FIIM;42.682.281/0001-50;BTG PACTUAL SMLL B3 FUNDO DE ÍNDICE;2023-06-30;486928;8696563.11;AÇÕES;Ação ordinária;N;Para negociação;0.00;0.00;0.00;0.00;7391.00;148780.83;;;CYRE3;;;;;;;;1997-04-22;;;;
FIIM;42.682.281/0001-50;BTG PACTUAL SMLL B3 FUNDO DE ÍNDICE;2023-06-30;486928;8696563.11;AÇÕES;Ação ordinária;N;Para negociação;0.00;0.00;0.00;0.00;2523.00;29014.50;;;TEND3;;;;;;;;2007-10-15;;;;
FIIM;42.682.281/0001-50;BTG PACTUAL SMLL B3 FUNDO DE ÍNDICE;2023-06-30;486928;8696563.11;AÇÕES;Ação ordinária;N;Para negociação;0.00;0.00;0.00;0.00;5023.00;25315.92;;;CBAV3;;;;;;;;2021-07-15;;;;
FIIM;42.682.281/0001-50;BTG PACTUAL SMLL B3 FUNDO DE ÍNDICE;2023-06-30;486928;8696563.11;AÇÕES;Ação ordinária;N;Para negociação;18670.00;168030.00;1692.00;15228.00;1880.00;14682.80;;;CASH3;;;;;;;;2020-11-05;;;;
FIIM;42.682.281/0001-50;BTG PACTUAL SMLL B3 FUNDO DE ÍNDICE;2023-06-30;486928;8696563.11;AÇÕES;Ação ordinária;N;Para negociação;0.00;0.00;0.00;0.00;2213.00;43485.45;;;DIRR3;;;;;;;;2009-11-19;;;;
FIIM;42.682.281/0001-50;BTG PACTUAL SMLL B3 FUNDO DE ÍNDICE;2023-06-30;486928;8696563.11;AÇÕES;Ação ordinária;N;Para negociação;0.00;0.00;0.00;0.00;4153.00;16819.65;;;PGMN3;;;;;;;;2020-09-02;;;;
FIIM;42.682.281/0001-50;BTG PACTUAL SMLL B3 FUNDO DE ÍNDICE;2023-06-30;486928;8696563.11;AÇÕES;Ação ordinária;N;Para negociação;0.00;0.00;0.00;0.00;8064.00;41045.76;;;JHSF3;;;;;;;;2007-04-12;;;;
FIIM;42.682.281/0001-50;BTG PACTUAL SMLL B3 FUNDO DE ÍNDICE;2023-06-30;486928;8696563.11;AÇÕES;Ação ordinária;N;Para negociação;0.00;0.00;0.00;0.00;19615.00;363662.10;;;EMBR3;;;;;;;;1997-07-28;;;;
FIIM;42.682.281/0001-50;BTG PACTUAL SMLL B3 FUNDO DE ÍNDICE;2023-06-30;486928;8696563.11;AÇÕES;Ação ordinária;N;Para negociação;0.00;0.00;0.00;0.00;5189.00;35337.09;;;EVEN3;;;;;;;;2007-04-02;;;;
FIIM;42.682.281/0001-50;BTG PACTUAL SMLL B3 FUNDO DE ÍNDICE;2023-06-30;486928;8696563.11;AÇÕES;Ação ordinária;N;Para negociação;0.00;0.00;0.00;0.00;6390.00;11629.80;;;;ESPA3;;PJ;26659061000159;MPM CORPOREOS SA;;;;;;;
FIIM;42.682.281/0001-50;BTG PACTUAL SMLL B3 FUNDO DE ÍNDICE;2023-06-30;486928;8696563.11;AÇÕES;Ação ordinária;N;Para negociação;0.00;0.00;0.00;0.00;1162.00;25308.36;;;AMBP3;;;;;;;;2020-07-13;;;;
FIIM;42.682.281/0001-50;BTG PACTUAL SMLL B3 FUNDO DE ÍNDICE;2023-06-30;486928;8696563.11;AÇÕES;Ação ordinária;N;Para negociação;0.00;0.00;0.00;0.00;11253.00;96550.74;;;LWSA3;;;;;;;;2020-02-06;;;;
FIIM;42.682.281/0001-50;BTG PACTUAL SMLL B3 FUNDO DE ÍNDICE;2023-06-30;486928;8696563.11;AÇÕES;Ação ordinária;N;Para negociação;0.00;0.00;0.00;0.00;7397.00;33656.35;;;ZAMP3;;;;;;;;2022-10-26;;;;
FIIM;42.682.281/0001-50;BTG PACTUAL SMLL B3 FUNDO DE ÍNDICE;2023-06-30;486928;8696563.11;AÇÕES;Ação ordinária;N;Para negociação;0.00;0.00;0.00;0.00;6025.00;54164.75;;;SIMH3;;;;;;;;2020-09-18;;;;
FIIM;42.682.281/0001-50;BTG PACTUAL SMLL B3 FUNDO DE ÍNDICE;2023-06-30;486928;8696563.11;AÇÕES;Ação ordinária;N;Para negociação;0.00;0.00;0.00;0.00;4754.00;53577.58;;;MILS3;;;;;;;;2010-04-16;;;;
FIIM;42.682.281/0001-50;BTG PACTUAL SMLL B3 FUNDO DE ÍNDICE;2023-06-30;486928;8696563.11;AÇÕES;Ação ordinária;N;Para negociação;0.00;0.00;0.00;0.00;1612.00;37704.68;;;LOGG3;;;;;;;;2018-12-21;;;;
FIIM;42.682.281/0001-50;BTG PACTUAL SMLL B3 FUNDO DE ÍNDICE;2023-06-30;486928;8696563.11;AÇÕES;Ação ordinária;N;Para negociação;0.00;0.00;0.00;0.00;14254.00;113176.76;;;BOAS3;;;;;;;;2020-09-30;;;;
FIIM;42.682.281/0001-50;BTG PACTUAL SMLL B3 FUNDO DE ÍNDICE;2023-06-30;486928;8696563.11;AÇÕES;Ação ordinária;N;Para negociação;0.00;0.00;0.00;0.00;9042.00;59496.36;;;PETZ3;;;;;;;;2020-09-11;;;;
FIIM;42.682.281/0001-50;BTG PACTUAL SMLL B3 FUNDO DE ÍNDICE;2023-06-30;486928;8696563.11;AÇÕES;Ação ordinária;N;Para negociação;0.00;0.00;0.00;0.00;3912.00;133594.80;;;SMTO3;;;;;;;;2007-02-12;;;;
FIIM;42.682.281/0001-50;BTG PACTUAL SMLL B3 FUNDO DE ÍNDICE;2023-06-30;486928;8696563.11;AÇÕES;Ação ordinária;N;Para negociação;0.00;0.00;0.00;0.00;5052.00;106849.80;;;CSMG3;;;;;;;;2006-02-08;;;;
FIIM;42.682.281/0001-50;BTG PACTUAL SMLL B3 FUNDO DE ÍNDICE;2023-06-30;486928;8696563.11;AÇÕES;Ação ordinária;N;Para negociação;0.00;0.00;0.00;0.00;6613.00;156199.06;;;ENBR3;;;;;;;;2005-07-13;;;;
FIIM;42.682.281/0001-50;BTG PACTUAL SMLL B3 FUNDO DE ÍNDICE;2023-06-30;486928;8696563.11;AÇÕES;Ação ordinária;N;Para negociação;0.00;0.00;0.00;0.00;7989.00;158341.98;;;YDUQ3;;;;;;;;2019-07-23;;;;
FIIM;42.682.281/0001-50;BTG PACTUAL SMLL B3 FUNDO DE ÍNDICE;2023-06-30;486928;8696563.11;AÇÕES;Ação ordinária;N;Para negociação;0.00;0.00;0.00;0.00;1609.00;127223.63;;;ARZZ3;;;;;;;;2011-02-02;;;;
FIIM;42.682.281/0001-50;BTG PACTUAL SMLL B3 FUNDO DE ÍNDICE;2023-06-30;486928;8696563.11;AÇÕES;Ação ordinária;N;Para negociação;0.00;0.00;0.00;0.00;3659.00;45700.91;;;MYPK3;;;;;;;;1997-06-30;;;;
FIIM;42.682.281/0001-50;BTG PACTUAL SMLL B3 FUNDO DE ÍNDICE;2023-06-30;486928;8696563.11;AÇÕES;Ação ordinária;N;Para negociação;0.00;0.00;0.00;0.00;3454.00;36370.62;;;MOVI3;;;;;;;;2017-02-08;;;;
FIIM;42.682.281/0001-50;BTG PACTUAL SMLL B3 FUNDO DE ÍNDICE;2023-06-30;486928;8696563.11;AÇÕES;Ação ordinária;N;Para negociação;0.00;0.00;0.00;0.00;1134.00;26989.20;;;AALR3;;;;;;;;2016-10-28;;;;
FIIM;42.682.281/0001-50;BTG PACTUAL SMLL B3 FUNDO DE ÍNDICE;2023-06-30;486928;8696563.11;AÇÕES;Ação ordinária;N;Para negociação;0.00;0.00;0.00;0.00;1244.00;46388.76;;;ORVR3;;;;;;;;2021-02-17;;;;
FIIM;42.682.281/0001-50;BTG PACTUAL SMLL B3 FUNDO DE ÍNDICE;2023-06-30;486928;8696563.11;AÇÕES;Ação ordinária;N;Para negociação;0.00;0.00;0.00;0.00;7524.00;144235.08;;;RECV3;;;;;;;;2021-05-05;;;;
FIIM;42.682.281/0001-50;BTG PACTUAL SMLL B3 FUNDO DE ÍNDICE;2023-06-30;486928;8696563.11;AÇÕES;Ação ordinária;N;Para negociação;0.00;0.00;0.00;0.00;49348.00;160874.48;;;COGN3;;;;;;;;2019-10-11;;;;
FIIM;42.682.281/0001-50;BTG PACTUAL SMLL B3 FUNDO DE ÍNDICE;2023-06-30;486928;8696563.11;AÇÕES;Ação ordinária;N;Para negociação;0.00;0.00;0.00;0.00;10036.00;169508.04;;;GGPS3;;;;;;;;2021-04-26;;;;
FIIM;42.682.281/0001-50;BTG PACTUAL SMLL B3 FUNDO DE ÍNDICE;2023-06-30;486928;8696563.11;AÇÕES;Ação ordinária;N;Para negociação;0.00;0.00;0.00;0.00;2841.00;108583.02;;;SLCE3;;;;;;;;2007-06-15;;;;
FIIM;42.682.281/0001-50;BTG PACTUAL SMLL B3 FUNDO DE ÍNDICE;2023-06-30;486928;8696563.11;AÇÕES;Ação ordinária;N;Para negociação;0.00;0.00;0.00;0.00;1383.00;9266.10;;;CLSA3;;;;;;;;2021-07-30;;;;
FIIM;42.682.281/0001-50;BTG PACTUAL SMLL B3 FUNDO DE ÍNDICE;2023-06-30;486928;8696563.11;AÇÕES;Ação ordinária;N;Para negociação;0.00;0.00;0.00;0.00;2241.00;23889.06;;;MATD3;;;;;;;;2021-04-16;;;;
FIIM;42.682.281/0001-50;BTG PACTUAL SMLL B3 FUNDO DE ÍNDICE;2023-06-30;486928;8696563.11;AÇÕES;Ação ordinária;N;Para negociação;0.00;0.00;0.00;0.00;6103.00;8116.99;;;AERI3;;;;;;;;2020-11-11;;;;
FIIM;42.682.281/0001-50;BTG PACTUAL SMLL B3 FUNDO DE ÍNDICE;2023-06-30;486928;8696563.11;AÇÕES;Ação ordinária;N;Para negociação;0.00;0.00;0.00;0.00;2882.00;15649.26;;;CEAB3;;;;;;;;2019-10-28;;;;
FIIM;42.682.281/0001-50;BTG PACTUAL SMLL B3 FUNDO DE ÍNDICE;2023-06-30;486928;8696563.11;AÇÕES;Ação ordinária;N;Para negociação;0.00;0.00;0.00;0.00;23497.00;238729.52;;;STBP3;;;;;;;;2007-11-21;;;;
FIIM;42.682.281/0001-50;BTG PACTUAL SMLL B3 FUNDO DE ÍNDICE;2023-06-30;486928;8696563.11;AÇÕES;Ação ordinária;N;Para negociação;0.00;0.00;548.00;8247.40;11539.00;185200.95;;;FLRY3;;;;;;;;2009-12-17;;;;
FIIM;42.682.281/0001-50;BTG PACTUAL SMLL B3 FUNDO DE ÍNDICE;2023-06-30;486928;8696563.11;AÇÕES;Ação ordinária;N;Para negociação;0.00;0.00;0.00;0.00;3222.00;51713.10;;;CURY3;;;;;;;;2020-09-21;;;;
FIIM;42.682.281/0001-50;BTG PACTUAL SMLL B3 FUNDO DE ÍNDICE;2023-06-30;486928;8696563.11;AÇÕES;Ação ordinária;N;Para negociação;0.00;0.00;0.00;0.00;2541.00;46805.22;;;EZTC3;;;;;;;;2007-06-22;;;;
FIIM;42.682.281/0001-50;BTG PACTUAL SMLL B3 FUNDO DE ÍNDICE;2023-06-30;486928;8696563.11;AÇÕES;Ação ordinária;N;Para negociação;0.00;0.00;0.00;0.00;2114.00;29046.36;;;ENAT3;;;;;;;;2019-04-24;;;;
FIIM;42.682.281/0001-50;BTG PACTUAL SMLL B3 FUNDO DE ÍNDICE;2023-06-30;486928;8696563.11;AÇÕES;Ação ordinária;N;Para negociação;0.00;0.00;0.00;0.00;3077.00;79663.53;;;INTB3;;;;;;;;2021-02-04;;;;
FIIM;42.682.281/0001-50;BTG PACTUAL SMLL B3 FUNDO DE ÍNDICE;2023-06-30;486928;8696563.11;AÇÕES;Ação ordinária;N;Para negociação;0.00;0.00;0.00;0.00;2228.00;31615.32;;;BMOB3;;;;;;;;2021-02-10;;;;
FIIM;42.682.281/0001-50;BTG PACTUAL SMLL B3 FUNDO DE ÍNDICE;2023-06-30;486928;8696563.11;AÇÕES;Ação ordinária;N;Para negociação;0.00;0.00;0.00;0.00;2721.00;20461.92;;;JALL3;;;;;;;;2021-07-28;;;;
FIIM;42.682.281/0001-50;BTG PACTUAL SMLL B3 FUNDO DE ÍNDICE;2023-06-30;486928;8696563.11;AÇÕES;Ação ordinária;N;Para negociação;0.00;0.00;0.00;0.00;3852.00;51193.08;;;SBFG3;;;;;;;;2021-03-31;;;;
FIIM;42.682.281/0001-50;BTG PACTUAL SMLL B3 FUNDO DE ÍNDICE;2023-06-30;486928;8696563.11;AÇÕES;Ação ordinária;N;Para negociação;0.00;0.00;0.00;0.00;2746.00;25455.42;;;RANI3;;;;;;;;1995-07-17;;;;
FIIM;42.682.281/0001-50;BTG PACTUAL SMLL B3 FUNDO DE ÍNDICE;2023-06-30;486928;8696563.11;AÇÕES;Ação ordinária;N;Para negociação;0.00;0.00;0.00;0.00;7073.00;29635.87;;;ANIM3;;;;;;;;2013-10-28;;;;
FIIM;42.682.281/0001-50;BTG PACTUAL SMLL B3 FUNDO DE ÍNDICE;2023-06-30;486928;8696563.11;AÇÕES;Ação ordinária;N;Para negociação;0.00;0.00;0.00;0.00;7026.00;74686.38;;;BEEF3;;;;;;;;2007-07-20;;;;
FIIM;42.682.281/0001-50;BTG PACTUAL SMLL B3 FUNDO DE ÍNDICE;2023-06-30;486928;8696563.11;AÇÕES;Ação ordinária;N;Para negociação;0.00;0.00;0.00;0.00;1009.00;46958.86;;;LEVE3;;;;;;;;1995-04-03;;;;
FIIM;42.682.281/0001-50;BTG PACTUAL SMLL B3 FUNDO DE ÍNDICE;2023-06-30;486928;8696563.11;AÇÕES;Ação ordinária;N;Para negociação;0.00;0.00;0.00;0.00;7923.00;57600.21;;;MRFG3;;;;;;;;2007-06-28;;;;
FIIM;42.682.281/0001-50;BTG PACTUAL SMLL B3 FUNDO DE ÍNDICE;2023-06-30;486928;8696563.11;AÇÕES;Ação ordinária;N;Para negociação;0.00;0.00;0.00;0.00;1867.00;79478.19;;;MDIA3;;;;;;;;2006-10-18;;;;
FIIM;42.682.281/0001-50;BTG PACTUAL SMLL B3 FUNDO DE ÍNDICE;2023-06-30;486928;8696563.11;AÇÕES;Ação preferencial;N;Para negociação;0.00;0.00;0.00;0.00;6620.00;147030.20;;;BRAP4;;;;;;;;2000-08-10;;;;
FIIM;42.682.281/0001-50;BTG PACTUAL SMLL B3 FUNDO DE ÍNDICE;2023-06-30;486928;8696563.11;AÇÕES;Ação preferencial;N;Para negociação;0.00;0.00;0.00;0.00;1831.00;27593.17;;;TASA4;;;;;;;;2019-11-12;;;;
FIIM;42.682.281/0001-50;BTG PACTUAL SMLL B3 FUNDO DE ÍNDICE;2023-06-30;486928;8696563.11;AÇÕES;Ação preferencial;N;Para negociação;0.00;0.00;0.00;0.00;1793.00;34192.51;;;ABCB4;;;;;;;;2007-07-25;;;;
FIIM;42.682.281/0001-50;BTG PACTUAL SMLL B3 FUNDO DE ÍNDICE;2023-06-30;486928;8696563.11;AÇÕES;Ação preferencial;N;Para negociação;0.00;0.00;0.00;0.00;14906.00;77660.26;;;POMO4;;;;;;;;1997-12-12;;;;
FIIM;42.682.281/0001-50;BTG PACTUAL SMLL B3 FUNDO DE ÍNDICE;2023-06-30;486928;8696563.11;AÇÕES;Ação preferencial;N;Para negociação;0.00;0.00;0.00;0.00;8574.00;187427.64;;;AZUL4;;;;;;;;2017-04-11;;;;
FIIM;42.682.281/0001-50;BTG PACTUAL SMLL B3 FUNDO DE ÍNDICE;2023-06-30;486928;8696563.11;AÇÕES;Ação preferencial;N;Para negociação;0.00;0.00;0.00;0.00;5473.00;50898.90;;;ALPA4;;;;;;;;1997-04-28;;;;
FIIM;42.682.281/0001-50;BTG PACTUAL SMLL B3 FUNDO DE ÍNDICE;2023-06-30;486928;8696563.11;AÇÕES;Ação preferencial;N;Para negociação;0.00;0.00;0.00;0.00;13803.00;97587.21;;;USIM5;;;;;;;;1999-02-02;;;;
FIIM;42.682.281/0001-50;BTG PACTUAL SMLL B3 FUNDO DE ÍNDICE;2023-06-30;486928;8696563.11;AÇÕES;Ação preferencial;N;Para negociação;0.00;0.00;0.00;0.00;4748.00;57783.16;;;RAPT4;;;;;;;;1996-04-16;;;;
FIIM;42.682.281/0001-50;BTG PACTUAL SMLL B3 FUNDO DE ÍNDICE;2023-06-30;486928;8696563.11;AÇÕES;Ação preferencial;N;Para negociação;0.00;0.00;0.00;0.00;9115.00;83402.25;;;BPAN4;;;;;;;;2014-08-05;;;;
FIIM;42.682.281/0001-50;BTG PACTUAL SMLL B3 FUNDO DE ÍNDICE;2023-06-30;486928;8696563.11;AÇÕES;Ação preferencial;N;Para negociação;0.00;0.00;0.00;0.00;5466.00;81990.00;;;BRSR6;;;;;;;;2007-09-03;;;;
FIIM;42.682.281/0001-50;BTG PACTUAL SMLL B3 FUNDO DE ÍNDICE;2023-06-30;486928;8696563.11;AÇÕES;Ação preferencial;N;Para negociação;0.00;0.00;0.00;0.00;1244.00;98450.16;;;UNIP6;;;;;;;;1996-09-26;;;;
FIIM;42.682.281/0001-50;BTG PACTUAL SMLL B3 FUNDO DE ÍNDICE;2023-06-30;486928;8696563.11;AÇÕES;Ação preferencial;N;Para negociação;0.00;0.00;0.00;0.00;6439.00;192204.15;;;;RRRP3;;PJ;12091809000155;3R PETROLEUM OLEO E GAS S.A.;;;;;;;
FIIM;42.682.281/0001-50;BTG PACTUAL SMLL B3 FUNDO DE ÍNDICE;2023-06-30;486928;8696563.11;AÇÕES;Ação preferencial;N;Para negociação;0.00;0.00;0.00;0.00;17569.00;207665.58;;;GOAU4;;;;;;;;1998-01-02;;;;
FIIM;42.682.281/0001-50;BTG PACTUAL SMLL B3 FUNDO DE ÍNDICE;2023-06-30;486928;8696563.11;AÇÕES;Ação preferencial;N;Para negociação;0.00;0.00;0.00;0.00;1080.00;52347.60;;;FESA4;;;;;;;;1997-05-02;;;;
FIIM;42.682.281/0001-50;BTG PACTUAL SMLL B3 FUNDO DE ÍNDICE;2023-06-30;486928;8696563.11;AÇÕES;Ação preferencial;N;Para negociação;0.00;0.00;0.00;0.00;5537.00;72922.29;;;GOLL4;;;;;;;;2004-06-24;;;;
FIIM;42.682.281/0001-50;BTG PACTUAL SMLL B3 FUNDO DE ÍNDICE;2023-06-30;486928;8696563.11;OPERAÇÕES COMPROMISSADAS;;N;Para negociação;0.00;0.00;0.00;0.00;13.00;50151.29;;;;;2025-05-15;;;;;760199;;;;;
FIIM;42.682.790/0001-82;QR BLOOMBERG DEFI FUNDO DE ÍNDICE - INVESTIMENTO NO EXTERIOR;2023-06-30;488238;8618883.35;DISPONIBILIDADES;Outros;;Para negociação;;;;;;22344.91;;;;EXTERIOR CAIXA;;PJ;4423567000121;*** A Definir ***;;;;;;;
FIIM;42.682.790/0001-82;QR BLOOMBERG DEFI FUNDO DE ÍNDICE - INVESTIMENTO NO EXTERIOR;2023-06-30;488238;8618883.35;VALORES A PAGAR;Outros;;Para negociação;;;;;;2000.00;;;;TX ESCRITUR PENDENTE;;PJ;29415858000107;SEM DEFINI??O;;;;;;;
FIIM;42.682.790/0001-82;QR BLOOMBERG DEFI FUNDO DE ÍNDICE - INVESTIMENTO NO EXTERIOR;2023-06-30;488238;8618883.35;VALORES A PAGAR;Outros;;Para negociação;;;;;;6431.65;;;;TAXA ADM PROVIS?O;;PJ;29415858000107;SEM DEFINI??O;;;;;;;
FIIM;42.682.790/0001-82;QR BLOOMBERG DEFI FUNDO DE ÍNDICE - INVESTIMENTO NO EXTERIOR;2023-06-30;488238;8618883.35;VALORES A PAGAR;Outros;;Para negociação;;;;;;2000.00;;;;TX ESCRT FIX PROVIS?O;;PJ;29415858000107;SEM DEFINI??O;;;;;;;
FIIM;42.682.790/0001-82;QR BLOOMBERG DEFI FUNDO DE ÍNDICE - INVESTIMENTO NO EXTERIOR;2023-06-30;488238;8618883.35;VALORES A PAGAR;Outros;;Para negociação;;;;;;7115.15;;;;TX CVM PROVIS?O;;PJ;29415858000107;SEM DEFINI??O;;;;;;;
FIIM;42.682.790/0001-82;QR BLOOMBERG DEFI FUNDO DE ÍNDICE - INVESTIMENTO NO EXTERIOR;2023-06-30;488238;8618883.35;VALORES A PAGAR;Outros;;Para negociação;;;;;;952.80;;;;TX ESCRT VAR PROVIS?O;;PJ;29415858000107;SEM DEFINI??O;;;;;;;
FIIM;42.682.790/0001-82;QR BLOOMBERG DEFI FUNDO DE ÍNDICE - INVESTIMENTO NO EXTERIOR;2023-06-30;488238;8618883.35;VALORES A PAGAR;Outros;;Para negociação;;;;;;41.03;;;;TAXA GEST?O PROVIS?O;;PJ;29415858000107;SEM DEFINI??O;;;;;;;
FIIM;42.682.790/0001-82;QR BLOOMBERG DEFI FUNDO DE ÍNDICE - INVESTIMENTO NO EXTERIOR;2023-06-30;488238;8618883.35;VALORES A RECEBER;Outros;;Para negociação;;;;;;95.17;;;;ANBIMA 07/23 DIFERIDO;;PJ;29415858000107;SEM DEFINI??O;;;;;;;
FIIM;42.682.790/0001-82;QR BLOOMBERG DEFI FUNDO DE ÍNDICE - INVESTIMENTO NO EXTERIOR;2023-06-30;488238;8618883.35;VALORES A RECEBER;Outros;;Para negociação;;;;;;3600.63;;;;TX REGISTRO DIFERIDO;;PJ;29415858000107;SEM DEFINI??O;;;;;;;
FIIM;42.682.790/0001-82;QR BLOOMBERG DEFI FUNDO DE ÍNDICE - INVESTIMENTO NO EXTERIOR;2023-06-30;488238;8618883.35;INVESTIMENTO NO EXTERIOR;Outros;N;Para negociação;;;;;139162.00;3523919.38;;;UNI USD DFI;;2022-02-07;;;UNI USD;N;;;28;ESTADOS UNIDOS DA AMÉRICA;A1;AMERICAN STOCK EXCHANGE
FIIM;42.682.790/0001-82;QR BLOOMBERG DEFI FUNDO DE ÍNDICE - INVESTIMENTO NO EXTERIOR;2023-06-30;488238;8618883.35;INVESTIMENTO NO EXTERIOR;Outros;N;Para negociação;;;;;1749.00;485854.15;;;COMP USD DFI;;2022-02-07;;;COMP USD;N;;;28;ESTADOS UNIDOS DA AMÉRICA;A1;AMERICAN STOCK EXCHANGE
FIIM;42.682.790/0001-82;QR BLOOMBERG DEFI FUNDO DE ÍNDICE - INVESTIMENTO NO EXTERIOR;2023-06-30;488238;8618883.35;INVESTIMENTO NO EXTERIOR;Outros;N;Para negociação;;;;;155255.00;575938.01;;;CRV USD DFI;;2022-02-07;;;CRV USD;N;;;28;ESTADOS UNIDOS DA AMÉRICA;A1;AMERICAN STOCK EXCHANGE
FIIM;42.682.790/0001-82;QR BLOOMBERG DEFI FUNDO DE ÍNDICE - INVESTIMENTO NO EXTERIOR;2023-06-30;488238;8618883.35;INVESTIMENTO NO EXTERIOR;Outros;N;Para negociação;;;;;62161.00;686707.52;;;SNX USD DFI;;2022-02-07;;;SNX USD;N;;;28;ESTADOS UNIDOS DA AMÉRICA;A1;AMERICAN STOCK EXCHANGE
FIIM;42.682.790/0001-82;QR BLOOMBERG DEFI FUNDO DE ÍNDICE - INVESTIMENTO NO EXTERIOR;2023-06-30;488238;8618883.35;INVESTIMENTO NO EXTERIOR;Outros;N;Para negociação;;;;;7.00;219213.36;;;YFI USD DFI;;2022-02-07;;;YFI USD;N;;;28;ESTADOS UNIDOS DA AMÉRICA;A1;AMERICAN STOCK EXCHANGE
FIIM;42.682.790/0001-82;QR BLOOMBERG DEFI FUNDO DE ÍNDICE - INVESTIMENTO NO EXTERIOR;2023-06-30;488238;8618883.35;INVESTIMENTO NO EXTERIOR;Outros;N;Para negociação;;;;;0.00;0.05;;;UMA USD DFI;;2022-03-02;;;UMA USD;N;;;28;ESTADOS UNIDOS DA AMÉRICA;A1;AMERICAN STOCK EXCHANGE
FIIM;42.682.790/0001-82;QR BLOOMBERG DEFI FUNDO DE ÍNDICE - INVESTIMENTO NO EXTERIOR;2023-06-30;488238;8618883.35;INVESTIMENTO NO EXTERIOR;Outros;N;Para negociação;;;;;179773.00;1735111.80;;;LDO USD DFI;;2023-03-31;;;LDO USD;N;;;28;ESTADOS UNIDOS DA AMÉRICA;A1;AMERICAN STOCK EXCHANGE
FIIM;42.682.790/0001-82;QR BLOOMBERG DEFI FUNDO DE ÍNDICE - INVESTIMENTO NO EXTERIOR;2023-06-30;488238;8618883.35;INVESTIMENTO NO EXTERIOR;Outros;N;Para negociação;;;;;32155.00;105248.63;;;SUSH USD DFI;;2022-02-07;;;SUSHI USD;N;;;28;ESTADOS UNIDOS DA AMÉRICA;A1;AMERICAN STOCK EXCHANGE
FIIM;42.682.790/0001-82;QR BLOOMBERG DEFI FUNDO DE ÍNDICE - INVESTIMENTO NO EXTERIOR;2023-06-30;488238;8618883.35;INVESTIMENTO NO EXTERIOR;Outros;N;Para negociação;;;;;3047.00;1030015.76;;;AAVE USD DFI;;2022-02-07;;;AAVE USD;N;;;28;ESTADOS UNIDOS DA AMÉRICA;A1;AMERICAN STOCK EXCHANGE
FIIM;42.682.790/0001-82;QR BLOOMBERG DEFI FUNDO DE ÍNDICE - INVESTIMENTO NO EXTERIOR;2023-06-30;488238;8618883.35;INVESTIMENTO NO EXTERIOR;Outros;N;Para negociação;;;;;27.00;74.70;;;BNT USD DFI;;2022-03-02;;;BNT USD;N;;;28;ESTADOS UNIDOS DA AMÉRICA;A1;AMERICAN STOCK EXCHANGE
FIIM;42.682.790/0001-82;QR BLOOMBERG DEFI FUNDO DE ÍNDICE - INVESTIMENTO NO EXTERIOR;2023-06-30;488238;8618883.35;INVESTIMENTO NO EXTERIOR;Outros;N;Para negociação;;;;;13881.00;249299.91;;;CVX USD DFI;;2022-10-31;;;CVX USD;N;;;28;ESTADOS UNIDOS DA AMÉRICA;A1;AMERICAN STOCK EXCHANGE
FIIM;43.105.466/0001-64;INVESTO ETF GLOBAL VIDEO GAMING & ESPORTS FUNDO DE INVESTIMENTO DE ÍNDICE- INVESTIMENTO NO EXTERIOR;2023-06-30;488166;13767119.49;DISPONIBILIDADES;Outros;;Para negociação;;;;;;8998.53;;2023-09-28;;Disponibilidade;;;;;;;;;;;
FIIM;43.105.466/0001-64;INVESTO ETF GLOBAL VIDEO GAMING & ESPORTS FUNDO DE INVESTIMENTO DE ÍNDICE- INVESTIMENTO NO EXTERIOR;2023-06-30;488166;13767119.49;VALORES A PAGAR;Outros;;Para negociação;;;;;;10976.06;;2023-09-28;;Valores a Pagar;;;;;;;;;;;
FIIM;43.105.466/0001-64;INVESTO ETF GLOBAL VIDEO GAMING & ESPORTS FUNDO DE INVESTIMENTO DE ÍNDICE- INVESTIMENTO NO EXTERIOR;2023-06-30;488166;13767119.49;VALORES A RECEBER;Outros;;Para negociação;;;;;;20781.62;;2023-09-28;;Valores a Receber;;;;;;;;;;;
FIIM;43.105.466/0001-64;INVESTO ETF GLOBAL VIDEO GAMING & ESPORTS FUNDO DE INVESTIMENTO DE ÍNDICE- INVESTIMENTO NO EXTERIOR;2023-06-30;488166;13767119.49;INVESTIMENTO NO EXTERIOR;Outros;N;Para negociação;;;;;51479.00;13735601.04;;2023-09-28;9000169;;2021-12-10;;;VANECK VIDEO GAMING;N;;;28;ESTADOS UNIDOS DA AMÉRICA;99;OUTRAS BOLSAS OU MERCADOS DE BALCÃO ORGANIZADOS
FIIM;43.140.303/0001-12;ETF TRÍGONO TEVA AÇÕES MICRO CAP / SMALL CAP FUNDO DE ÍNDICE;2023-06-30;486933;67977390.68;AÇÕES;Ação ordinária;N;Para negociação;0.00;0.00;2100.00;16674.00;138221.00;1097474.74;;;BOAS3;;;;;;;;2020-09-30;;;;
FIIM;43.140.303/0001-12;ETF TRÍGONO TEVA AÇÕES MICRO CAP / SMALL CAP FUNDO DE ÍNDICE;2023-06-30;486933;67977390.68;AÇÕES;Ação ordinária;N;Para negociação;0.00;0.00;200.00;3362.00;25431.00;427495.11;;;ROMI3;;;;;;;;1998-01-02;;;;
FIIM;43.140.303/0001-12;ETF TRÍGONO TEVA AÇÕES MICRO CAP / SMALL CAP FUNDO DE ÍNDICE;2023-06-30;486933;67977390.68;AÇÕES;Ação ordinária;N;Para negociação;0.00;0.00;600.00;6060.00;71044.00;717544.40;;;ONCO3;;;;;;;;2021-08-10;;;;
FIIM;43.140.303/0001-12;ETF TRÍGONO TEVA AÇÕES MICRO CAP / SMALL CAP FUNDO DE ÍNDICE;2023-06-30;486933;67977390.68;AÇÕES;Ação ordinária;N;Para negociação;0.00;0.00;500.00;6245.00;53726.00;671037.74;;;MYPK3;;;;;;;;1997-06-30;;;;
FIIM;43.140.303/0001-12;ETF TRÍGONO TEVA AÇÕES MICRO CAP / SMALL CAP FUNDO DE ÍNDICE;2023-06-30;486933;67977390.68;AÇÕES;Ação ordinária;N;Para negociação;0.00;0.00;400.00;4600.00;31055.00;357132.50;;;TEND3;;;;;;;;2007-10-15;;;;
FIIM;43.140.303/0001-12;ETF TRÍGONO TEVA AÇÕES MICRO CAP / SMALL CAP FUNDO DE ÍNDICE;2023-06-30;486933;67977390.68;AÇÕES;Ação ordinária;N;Para negociação;0.00;0.00;100.00;8124.00;2300.00;186852.00;;;BRPR3;;;;;;;;2007-08-06;;;;
FIIM;43.140.303/0001-12;ETF TRÍGONO TEVA AÇÕES MICRO CAP / SMALL CAP FUNDO DE ÍNDICE;2023-06-30;486933;67977390.68;AÇÕES;Ação ordinária;N;Para negociação;0.00;0.00;600.00;7974.00;54698.00;726936.42;;;SBFG3;;;;;;;;2021-03-31;;;;
FIIM;43.140.303/0001-12;ETF TRÍGONO TEVA AÇÕES MICRO CAP / SMALL CAP FUNDO DE ÍNDICE;2023-06-30;486933;67977390.68;AÇÕES;Ação ordinária;N;Para negociação;0.00;0.00;1200.00;6108.00;102363.00;521027.67;;;JHSF3;;;;;;;;2007-04-12;;;;
FIIM;43.140.303/0001-12;ETF TRÍGONO TEVA AÇÕES MICRO CAP / SMALL CAP FUNDO DE ÍNDICE;2023-06-30;486933;67977390.68;AÇÕES;Ação ordinária;N;Para negociação;0.00;0.00;400.00;5676.00;41580.00;590020.20;;;BMOB3;;;;;;;;2021-02-10;;;;
FIIM;43.140.303/0001-12;ETF TRÍGONO TEVA AÇÕES MICRO CAP / SMALL CAP FUNDO DE ÍNDICE;2023-06-30;486933;67977390.68;AÇÕES;Ação ordinária;N;Para negociação;0.00;0.00;300.00;2655.00;35700.00;315945.00;;;JSLG3;;;;;;;;2010-04-22;;;;
FIIM;43.140.303/0001-12;ETF TRÍGONO TEVA AÇÕES MICRO CAP / SMALL CAP FUNDO DE ÍNDICE;2023-06-30;486933;67977390.68;AÇÕES;Ação ordinária;N;Para negociação;0.00;0.00;700.00;6622.00;62435.00;590635.10;;;KEPL3;;;;;;;;1996-03-18;;;;
FIIM;43.140.303/0001-12;ETF TRÍGONO TEVA AÇÕES MICRO CAP / SMALL CAP FUNDO DE ÍNDICE;2023-06-30;486933;67977390.68;AÇÕES;Ação ordinária;N;Para negociação;0.00;0.00;1700.00;4233.00;146957.00;365922.93;;;MLAS3;;;;;;;;2021-07-22;;;;
FIIM;43.140.303/0001-12;ETF TRÍGONO TEVA AÇÕES MICRO CAP / SMALL CAP FUNDO DE ÍNDICE;2023-06-30;486933;67977390.68;AÇÕES;Ação ordinária;N;Para negociação;0.00;0.00;400.00;5120.00;52300.00;669440.00;;;FRAS3;;;;;;;;2002-10-01;;;;
FIIM;43.140.303/0001-12;ETF TRÍGONO TEVA AÇÕES MICRO CAP / SMALL CAP FUNDO DE ÍNDICE;2023-06-30;486933;67977390.68;AÇÕES;Ação ordinária;N;Para negociação;0.00;0.00;500.00;5265.00;38930.00;409932.90;;;MOVI3;;;;;;;;2017-02-08;;;;
FIIM;43.140.303/0001-12;ETF TRÍGONO TEVA AÇÕES MICRO CAP / SMALL CAP FUNDO DE ÍNDICE;2023-06-30;486933;67977390.68;AÇÕES;Ação ordinária;N;Para negociação;0.00;0.00;1200.00;8724.00;106700.00;775709.00;;;MRFG3;;;;;;;;2007-06-28;;;;
FIIM;43.140.303/0001-12;ETF TRÍGONO TEVA AÇÕES MICRO CAP / SMALL CAP FUNDO DE ÍNDICE;2023-06-30;486933;67977390.68;AÇÕES;Ação ordinária;N;Para negociação;0.00;0.00;500.00;8025.00;51360.00;824328.00;;;CURY3;;;;;;;;2020-09-21;;;;
FIIM;43.140.303/0001-12;ETF TRÍGONO TEVA AÇÕES MICRO CAP / SMALL CAP FUNDO DE ÍNDICE;2023-06-30;486933;67977390.68;AÇÕES;Ação ordinária;N;Para negociação;0.00;0.00;400.00;2824.00;47677.00;336599.62;;;CAML3;;;;;;;;2017-09-28;;;;
FIIM;43.140.303/0001-12;ETF TRÍGONO TEVA AÇÕES MICRO CAP / SMALL CAP FUNDO DE ÍNDICE;2023-06-30;486933;67977390.68;AÇÕES;Ação ordinária;N;Para negociação;0.00;0.00;7000.00;22820.00;1069800.00;3487548.00;;;COGN3;;;;;;;;2019-10-11;;;;
FIIM;43.140.303/0001-12;ETF TRÍGONO TEVA AÇÕES MICRO CAP / SMALL CAP FUNDO DE ÍNDICE;2023-06-30;486933;67977390.68;AÇÕES;Ação ordinária;N;Para negociação;0.00;0.00;300.00;2076.00;35101.00;242898.92;;;GFSA3;;;;;;;;2006-01-26;;;;
FIIM;43.140.303/0001-12;ETF TRÍGONO TEVA AÇÕES MICRO CAP / SMALL CAP FUNDO DE ÍNDICE;2023-06-30;486933;67977390.68;AÇÕES;Ação ordinária;N;Para negociação;0.00;0.00;300.00;7017.00;13374.00;312817.86;;;LOGG3;;;;;;;;2018-12-21;;;;
FIIM;43.140.303/0001-12;ETF TRÍGONO TEVA AÇÕES MICRO CAP / SMALL CAP FUNDO DE ÍNDICE;2023-06-30;486933;67977390.68;AÇÕES;Ação ordinária;N;Para negociação;0.00;0.00;6000.00;12900.00;527900.00;1134985.00;;;VIIA3;;;;;;;;2021-08-16;;;;
FIIM;43.140.303/0001-12;ETF TRÍGONO TEVA AÇÕES MICRO CAP / SMALL CAP FUNDO DE ÍNDICE;2023-06-30;486933;67977390.68;AÇÕES;Ação ordinária;N;Para negociação;0.00;0.00;1300.00;8554.00;113800.00;748804.00;;;PETZ3;;;;;;;;2020-09-11;;;;
FIIM;43.140.303/0001-12;ETF TRÍGONO TEVA AÇÕES MICRO CAP / SMALL CAP FUNDO DE ÍNDICE;2023-06-30;486933;67977390.68;AÇÕES;Ação ordinária;N;Para negociação;0.00;0.00;300.00;3840.00;41100.00;526080.00;;;PNVL3;;;;;;;;1998-01-02;;;;
FIIM;43.140.303/0001-12;ETF TRÍGONO TEVA AÇÕES MICRO CAP / SMALL CAP FUNDO DE ÍNDICE;2023-06-30;486933;67977390.68;AÇÕES;Ação ordinária;N;Para negociação;0.00;0.00;200.00;2366.00;28300.00;334789.00;;;VITT3;;;;;;;;2021-09-02;;;;
FIIM;43.140.303/0001-12;ETF TRÍGONO TEVA AÇÕES MICRO CAP / SMALL CAP FUNDO DE ÍNDICE;2023-06-30;486933;67977390.68;AÇÕES;Ação ordinária;N;Para negociação;0.00;0.00;400.00;3708.00;58531.00;542582.37;;;RANI3;;;;;;;;1995-07-17;;;;
FIIM;43.140.303/0001-12;ETF TRÍGONO TEVA AÇÕES MICRO CAP / SMALL CAP FUNDO DE ÍNDICE;2023-06-30;486933;67977390.68;AÇÕES;Ação ordinária;N;Para negociação;0.00;0.00;300.00;4122.00;14164.00;194613.36;;;ENAT3;;;;;;;;2019-04-24;;;;
FIIM;43.140.303/0001-12;ETF TRÍGONO TEVA AÇÕES MICRO CAP / SMALL CAP FUNDO DE ÍNDICE;2023-06-30;486933;67977390.68;AÇÕES;Ação ordinária;N;Para negociação;0.00;0.00;300.00;5190.00;25443.00;440163.90;;;VULC3;;;;;;;;1991-05-02;;;;
FIIM;43.140.303/0001-12;ETF TRÍGONO TEVA AÇÕES MICRO CAP / SMALL CAP FUNDO DE ÍNDICE;2023-06-30;486933;67977390.68;AÇÕES;Ação ordinária;N;Para negociação;0.00;0.00;300.00;2766.00;36200.00;333764.00;;;POSI3;;;;;;;;2006-12-11;;;;
FIIM;43.140.303/0001-12;ETF TRÍGONO TEVA AÇÕES MICRO CAP / SMALL CAP FUNDO DE ÍNDICE;2023-06-30;486933;67977390.68;AÇÕES;Ação ordinária;N;Para negociação;0.00;0.00;0.00;0.00;68986.00;1367302.52;;;YDUQ3;;;;;;;;2019-07-23;;;;
FIIM;43.140.303/0001-12;ETF TRÍGONO TEVA AÇÕES MICRO CAP / SMALL CAP FUNDO DE ÍNDICE;2023-06-30;486933;67977390.68;AÇÕES;Ação ordinária;N;Para negociação;0.00;0.00;200.00;2162.00;21700.00;234577.00;;;SOJA3;;;;;;;;2021-04-29;;;;
FIIM;43.140.303/0001-12;ETF TRÍGONO TEVA AÇÕES MICRO CAP / SMALL CAP FUNDO DE ÍNDICE;2023-06-30;486933;67977390.68;AÇÕES;Ação ordinária;N;Para negociação;0.00;0.00;1100.00;3861.00;125346.00;439964.46;;;CVCB3;;;;;;;;2013-12-09;;;;
FIIM;43.140.303/0001-12;ETF TRÍGONO TEVA AÇÕES MICRO CAP / SMALL CAP FUNDO DE ÍNDICE;2023-06-30;486933;67977390.68;AÇÕES;Ação ordinária;N;Para negociação;0.00;0.00;700.00;7889.00;99298.00;1119088.46;;;MILS3;;;;;;;;2010-04-16;;;;
FIIM;43.140.303/0001-12;ETF TRÍGONO TEVA AÇÕES MICRO CAP / SMALL CAP FUNDO DE ÍNDICE;2023-06-30;486933;67977390.68;AÇÕES;Ação ordinária;N;Para negociação;0.00;0.00;200.00;4380.00;18100.00;396390.00;;;TGMA3;;;;;;;;2007-07-03;;;;
FIIM;43.140.303/0001-12;ETF TRÍGONO TEVA AÇÕES MICRO CAP / SMALL CAP FUNDO DE ÍNDICE;2023-06-30;486933;67977390.68;AÇÕES;Ação ordinária;N;Para negociação;0.00;0.00;300.00;7353.00;19962.00;489268.62;;;AGRO3;;;;;;;;2006-05-02;;;;
FIIM;43.140.303/0001-12;ETF TRÍGONO TEVA AÇÕES MICRO CAP / SMALL CAP FUNDO DE ÍNDICE;2023-06-30;486933;67977390.68;AÇÕES;Ação ordinária;N;Para negociação;0.00;0.00;1200.00;10020.00;166712.00;1392045.20;;;DXCO3;;;;;;;;2021-08-19;;;;
FIIM;43.140.303/0001-12;ETF TRÍGONO TEVA AÇÕES MICRO CAP / SMALL CAP FUNDO DE ÍNDICE;2023-06-30;486933;67977390.68;AÇÕES;Ação ordinária;N;Para negociação;0.00;0.00;300.00;1890.00;23850.00;150255.00;;;WIZC3;;;;;;;;2023-02-09;;;;
FIIM;43.140.303/0001-12;ETF TRÍGONO TEVA AÇÕES MICRO CAP / SMALL CAP FUNDO DE ÍNDICE;2023-06-30;486933;67977390.68;AÇÕES;Ação ordinária;N;Para negociação;0.00;0.00;1000.00;4190.00;92190.00;386276.10;;;ANIM3;;;;;;;;2013-10-28;;;;
FIIM;43.140.303/0001-12;ETF TRÍGONO TEVA AÇÕES MICRO CAP / SMALL CAP FUNDO DE ÍNDICE;2023-06-30;486933;67977390.68;AÇÕES;Ação ordinária;N;Para negociação;0.00;0.00;200.00;4760.00;14062.00;334675.60;;;AALR3;;;;;;;;2016-10-28;;;;
FIIM;43.140.303/0001-12;ETF TRÍGONO TEVA AÇÕES MICRO CAP / SMALL CAP FUNDO DE ÍNDICE;2023-06-30;486933;67977390.68;AÇÕES;Ação ordinária;N;Para negociação;0.00;0.00;400.00;3008.00;40115.00;301664.80;;;JALL3;;;;;;;;2021-07-28;;;;
FIIM;43.140.303/0001-12;ETF TRÍGONO TEVA AÇÕES MICRO CAP / SMALL CAP FUNDO DE ÍNDICE;2023-06-30;486933;67977390.68;AÇÕES;Ação ordinária;N;Para negociação;0.00;0.00;1100.00;5324.00;106017.00;513122.28;;;QUAL3;;;;;;;;2011-06-29;;;;
FIIM;43.140.303/0001-12;ETF TRÍGONO TEVA AÇÕES MICRO CAP / SMALL CAP FUNDO DE ÍNDICE;2023-06-30;486933;67977390.68;AÇÕES;Ação ordinária;N;Para negociação;0.00;0.00;700.00;10486.00;57295.00;858279.10;;;ARML3;;;;;;;;2021-07-28;;;;
FIIM;43.140.303/0001-12;ETF TRÍGONO TEVA AÇÕES MICRO CAP / SMALL CAP FUNDO DE ÍNDICE;2023-06-30;486933;67977390.68;AÇÕES;Ação ordinária;N;Para negociação;0.00;0.00;1800.00;3276.00;134200.00;244244.00;;;;ESPA3;;PJ;26659061000159;MPM CORPOREOS SA;;;;;;;
FIIM;43.140.303/0001-12;ETF TRÍGONO TEVA AÇÕES MICRO CAP / SMALL CAP FUNDO DE ÍNDICE;2023-06-30;486933;67977390.68;AÇÕES;Ação ordinária;N;Para negociação;0.00;0.00;0.00;0.00;14346.00;312455.88;;;AMBP3;;;;;;;;2020-07-13;;;;
FIIM;43.140.303/0001-12;ETF TRÍGONO TEVA AÇÕES MICRO CAP / SMALL CAP FUNDO DE ÍNDICE;2023-06-30;486933;67977390.68;AÇÕES;Ação ordinária;N;Para negociação;0.00;0.00;1200.00;7800.00;103204.00;670826.00;;;ECOR3;;;;;;;;2010-04-01;;;;
FIIM;43.140.303/0001-12;ETF TRÍGONO TEVA AÇÕES MICRO CAP / SMALL CAP FUNDO DE ÍNDICE;2023-06-30;486933;67977390.68;AÇÕES;Ação ordinária;N;Para negociação;0.00;0.00;100.00;5132.00;9125.00;468295.00;;;LOGN3;;;;;;;;2007-06-21;;;;
FIIM;43.140.303/0001-12;ETF TRÍGONO TEVA AÇÕES MICRO CAP / SMALL CAP FUNDO DE ÍNDICE;2023-06-30;486933;67977390.68;AÇÕES;Ação ordinária;N;Para negociação;0.00;0.00;400.00;2172.00;34400.00;186792.00;;;CEAB3;;;;;;;;2019-10-28;;;;
FIIM;43.140.303/0001-12;ETF TRÍGONO TEVA AÇÕES MICRO CAP / SMALL CAP FUNDO DE ÍNDICE;2023-06-30;486933;67977390.68;AÇÕES;Ação ordinária;N;Para negociação;0.00;0.00;300.00;3198.00;44484.00;474199.44;;;MATD3;;;;;;;;2021-04-16;;;;
FIIM;43.140.303/0001-12;ETF TRÍGONO TEVA AÇÕES MICRO CAP / SMALL CAP FUNDO DE ÍNDICE;2023-06-30;486933;67977390.68;AÇÕES;Ação ordinária;N;Para negociação;0.00;0.00;200.00;7458.00;11800.00;440022.00;;;ORVR3;;;;;;;;2021-02-17;;;;
FIIM;43.140.303/0001-12;ETF TRÍGONO TEVA AÇÕES MICRO CAP / SMALL CAP FUNDO DE ÍNDICE;2023-06-30;486933;67977390.68;AÇÕES;Ação ordinária;N;Para negociação;0.00;0.00;400.00;7860.00;25312.00;497380.80;;;DIRR3;;;;;;;;2009-11-19;;;;
FIIM;43.140.303/0001-12;ETF TRÍGONO TEVA AÇÕES MICRO CAP / SMALL CAP FUNDO DE ÍNDICE;2023-06-30;486933;67977390.68;AÇÕES;Ação ordinária;N;Para negociação;0.00;0.00;900.00;1197.00;74050.00;98486.50;;;AERI3;;;;;;;;2020-11-11;;;;
FIIM;43.140.303/0001-12;ETF TRÍGONO TEVA AÇÕES MICRO CAP / SMALL CAP FUNDO DE ÍNDICE;2023-06-30;486933;67977390.68;AÇÕES;Ação ordinária;N;Para negociação;0.00;0.00;400.00;7368.00;23083.00;425188.86;;;EZTC3;;;;;;;;2007-06-22;;;;
FIIM;43.140.303/0001-12;ETF TRÍGONO TEVA AÇÕES MICRO CAP / SMALL CAP FUNDO DE ÍNDICE;2023-06-30;486933;67977390.68;AÇÕES;Ação ordinária;N;Para negociação;0.00;0.00;800.00;5448.00;71058.00;483904.98;;;EVEN3;;;;;;;;2007-04-02;;;;
FIIM;43.140.303/0001-12;ETF TRÍGONO TEVA AÇÕES MICRO CAP / SMALL CAP FUNDO DE ÍNDICE;2023-06-30;486933;67977390.68;AÇÕES;Ação ordinária;N;Para negociação;0.00;0.00;300.00;2343.00;15028.00;117368.68;;;CASH3;;;;;;;;2020-11-05;;;;
FIIM;43.140.303/0001-12;ETF TRÍGONO TEVA AÇÕES MICRO CAP / SMALL CAP FUNDO DE ÍNDICE;2023-06-30;486933;67977390.68;AÇÕES;Ação ordinária;N;Para negociação;0.00;0.00;300.00;6633.00;25024.00;553280.64;;;SQIA3;;;;;;;;2019-02-18;;;;
FIIM;43.140.303/0001-12;ETF TRÍGONO TEVA AÇÕES MICRO CAP / SMALL CAP FUNDO DE ÍNDICE;2023-06-30;486933;67977390.68;AÇÕES;Ação ordinária;N;Para negociação;0.00;0.00;200.00;1392.00;28974.00;201659.04;;;PTBL3;;;;;;;;1997-04-08;;;;
FIIM;43.140.303/0001-12;ETF TRÍGONO TEVA AÇÕES MICRO CAP / SMALL CAP FUNDO DE ÍNDICE;2023-06-30;486933;67977390.68;AÇÕES;Ação ordinária;N;Para negociação;0.00;0.00;1700.00;14586.00;128979.00;1106639.82;;;LWSA3;;;;;;;;2020-02-06;;;;
FIIM;43.140.303/0001-12;ETF TRÍGONO TEVA AÇÕES MICRO CAP / SMALL CAP FUNDO DE ÍNDICE;2023-06-30;486933;67977390.68;AÇÕES;Ação ordinária;N;Para negociação;0.00;0.00;1100.00;5005.00;129650.00;589907.50;;;ZAMP3;;;;;;;;2022-10-26;;;;
FIIM;43.140.303/0001-12;ETF TRÍGONO TEVA AÇÕES MICRO CAP / SMALL CAP FUNDO DE ÍNDICE;2023-06-30;486933;67977390.68;AÇÕES;Ação ordinária;N;Para negociação;0.00;0.00;0.00;0.00;101050.00;1169148.50;;;MRVE3;;;;;;;;2007-07-23;;;;
FIIM;43.140.303/0001-12;ETF TRÍGONO TEVA AÇÕES MICRO CAP / SMALL CAP FUNDO DE ÍNDICE;2023-06-30;486933;67977390.68;AÇÕES;Ação ordinária;N;Para negociação;0.00;0.00;800.00;4032.00;48750.00;245700.00;;;CBAV3;;;;;;;;2021-07-15;;;;
FIIM;43.140.303/0001-12;ETF TRÍGONO TEVA AÇÕES MICRO CAP / SMALL CAP FUNDO DE ÍNDICE;2023-06-30;486933;67977390.68;AÇÕES;Ação ordinária;N;Para negociação;0.00;0.00;700.00;4263.00;55278.00;336643.02;;;LJQQ3;;;;;;;;2020-08-10;;;;
FIIM;43.140.303/0001-12;ETF TRÍGONO TEVA AÇÕES MICRO CAP / SMALL CAP FUNDO DE ÍNDICE;2023-06-30;486933;67977390.68;AÇÕES;Ação ordinária;N;Para negociação;0.00;0.00;200.00;1000.00;20046.00;100230.00;;;SEER3;;;;;;;;2013-10-29;;;;
FIIM;43.140.303/0001-12;ETF TRÍGONO TEVA AÇÕES MICRO CAP / SMALL CAP FUNDO DE ÍNDICE;2023-06-30;486933;67977390.68;AÇÕES;Ação ordinária;N;Para negociação;0.00;0.00;200.00;9308.00;22000.00;1023880.00;;;LEVE3;;;;;;;;1995-04-03;;;;
FIIM;43.140.303/0001-12;ETF TRÍGONO TEVA AÇÕES MICRO CAP / SMALL CAP FUNDO DE ÍNDICE;2023-06-30;486933;67977390.68;AÇÕES;Ação ordinária;N;Para negociação;0.00;0.00;2900.00;9222.00;440726.00;1401508.68;;;HBSA3;;;;;;;;2020-09-25;;;;
FIIM;43.140.303/0001-12;ETF TRÍGONO TEVA AÇÕES MICRO CAP / SMALL CAP FUNDO DE ÍNDICE;2023-06-30;486933;67977390.68;AÇÕES;Ação ordinária;N;Para negociação;0.00;0.00;400.00;17420.00;25004.00;1088924.20;;;IRBR3;;;;;;;;2017-07-31;;;;
FIIM;43.140.303/0001-12;ETF TRÍGONO TEVA AÇÕES MICRO CAP / SMALL CAP FUNDO DE ÍNDICE;2023-06-30;486933;67977390.68;AÇÕES;Ação ordinária;N;Para negociação;0.00;0.00;300.00;7866.00;39500.00;1035690.00;;;TUPY3;;;;;;;;1995-11-10;;;;
FIIM;43.140.303/0001-12;ETF TRÍGONO TEVA AÇÕES MICRO CAP / SMALL CAP FUNDO DE ÍNDICE;2023-06-30;486933;67977390.68;AÇÕES;Ação ordinária;N;Para negociação;0.00;0.00;600.00;11226.00;67096.00;1255366.16;;;PCAR3;;;;;;;;1997-09-02;;;;
FIIM;43.140.303/0001-12;ETF TRÍGONO TEVA AÇÕES MICRO CAP / SMALL CAP FUNDO DE ÍNDICE;2023-06-30;486933;67977390.68;AÇÕES;Ação preferencial;N;Para negociação;0.00;0.00;2200.00;11462.00;188300.00;981043.00;;;POMO4;;;;;;;;1997-12-12;;;;
FIIM;43.140.303/0001-12;ETF TRÍGONO TEVA AÇÕES MICRO CAP / SMALL CAP FUNDO DE ÍNDICE;2023-06-30;486933;67977390.68;AÇÕES;Ação preferencial;N;Para negociação;0.00;0.00;800.00;12000.00;118900.00;1783500.00;;;BRSR6;;;;;;;;2007-09-03;;;;
FIIM;43.140.303/0001-12;ETF TRÍGONO TEVA AÇÕES MICRO CAP / SMALL CAP FUNDO DE ÍNDICE;2023-06-30;486933;67977390.68;AÇÕES;Ação preferencial;N;Para negociação;0.00;0.00;700.00;8519.00;65984.00;803025.28;;;RAPT4;;;;;;;;1996-04-16;;;;
FIIM;43.140.303/0001-12;ETF TRÍGONO TEVA AÇÕES MICRO CAP / SMALL CAP FUNDO DE ÍNDICE;2023-06-30;486933;67977390.68;AÇÕES;Ação preferencial;N;Para negociação;0.00;0.00;300.00;5721.00;35725.00;681275.75;;;ABCB4;;;;;;;;2007-07-25;;;;
FIIM;43.140.303/0001-12;ETF TRÍGONO TEVA AÇÕES MICRO CAP / SMALL CAP FUNDO DE ÍNDICE;2023-06-30;486933;67977390.68;AÇÕES;Ação preferencial;N;Para negociação;0.00;0.00;200.00;9694.00;22895.00;1109720.65;;;FESA4;;;;;;;;1997-05-02;;;;
FIIM;43.140.303/0001-12;ETF TRÍGONO TEVA AÇÕES MICRO CAP / SMALL CAP FUNDO DE ÍNDICE;2023-06-30;486933;67977390.68;OPERAÇÕES COMPROMISSADAS;;N;Para negociação;0.00;0.00;0.00;0.00;109.00;446846.31;;;;;2025-05-15;;;;;760199;;;;;
FIIM;43.210.375/0001-99;INVESTO ETF S&P SMALLCAP 600 VALUE FUNDO DE INVESTIMENTO DE ÍNDICE - INVESTIMENTO NO EXTERIOR;2023-06-30;488170;1960287.70;DISPONIBILIDADES;Outros;;Para negociação;;;;;;6284.82;;2023-09-28;;Disponibilidade;;;;;;;;;;;
FIIM;43.210.375/0001-99;INVESTO ETF S&P SMALLCAP 600 VALUE FUNDO DE INVESTIMENTO DE ÍNDICE - INVESTIMENTO NO EXTERIOR;2023-06-30;488170;1960287.70;VALORES A PAGAR;Outros;;Para negociação;;;;;;485.79;;2023-09-28;;Valores a Pagar;;;;;;;;;;;
FIIM;43.210.375/0001-99;INVESTO ETF S&P SMALLCAP 600 VALUE FUNDO DE INVESTIMENTO DE ÍNDICE - INVESTIMENTO NO EXTERIOR;2023-06-30;488170;1960287.70;VALORES A RECEBER;Outros;;Para negociação;;;;;;7123.89;;2023-09-28;;Valores a Receber;;;;;;;;;;;
FIIM;43.210.375/0001-99;INVESTO ETF S&P SMALLCAP 600 VALUE FUNDO DE INVESTIMENTO DE ÍNDICE - INVESTIMENTO NO EXTERIOR;2023-06-30;488170;1960287.70;INVESTIMENTO NO EXTERIOR;Outros;N;Para negociação;;;;;4931.00;1937776.79;;2023-09-28;9000188;;2022-06-17;;;VANGUARD SP SMALL-C;N;;;28;ESTADOS UNIDOS DA AMÉRICA;99;OUTRAS BOLSAS OU MERCADOS DE BALCÃO ORGANIZADOS
FIIM;43.210.419/0001-80;INVESTO ETF GLOBAL AGRIBUSINESS FUNDO DE INVESTIMENTO DE ÍNDICE - INVESTIMENTO NO EXTERIOR?;2023-06-30;488169;5164171.38;DISPONIBILIDADES;Outros;;Para negociação;;;;;;6163.55;;2023-09-28;;Disponibilidade;;;;;;;;;;;
FIIM;43.210.419/0001-80;INVESTO ETF GLOBAL AGRIBUSINESS FUNDO DE INVESTIMENTO DE ÍNDICE - INVESTIMENTO NO EXTERIOR?;2023-06-30;488169;5164171.38;VALORES A PAGAR;Outros;;Para negociação;;;;;;1295.17;;2023-09-28;;Valores a Pagar;;;;;;;;;;;
FIIM;43.210.419/0001-80;INVESTO ETF GLOBAL AGRIBUSINESS FUNDO DE INVESTIMENTO DE ÍNDICE - INVESTIMENTO NO EXTERIOR?;2023-06-30;488169;5164171.38;VALORES A RECEBER;Outros;;Para negociação;;;;;;11439.32;;2023-09-28;;Valores a Receber;;;;;;;;;;;
FIIM;43.210.419/0001-80;INVESTO ETF GLOBAL AGRIBUSINESS FUNDO DE INVESTIMENTO DE ÍNDICE - INVESTIMENTO NO EXTERIOR?;2023-06-30;488169;5164171.38;INVESTIMENTO NO EXTERIOR;Outros;N;Para negociação;;;;;13123.00;5133189.79;;2023-09-28;9000192;;2022-06-21;;;VANECK AGRIBUSINESS;N;;;28;ESTADOS UNIDOS DA AMÉRICA;99;OUTRAS BOLSAS OU MERCADOS DE BALCÃO ORGANIZADOS
FIIM;43.216.061/0001-01;INVESTO BLOOMBERG US BOND ETF FUNDO DE INVESTIMENTO DE ÍNDICE - INVESTIMENTO NO EXTERIO?R?;2023-06-30;488168;4300833.57;DISPONIBILIDADES;Outros;;Para negociação;;;;;;6078.02;;2023-09-28;;Disponibilidade;;;;;;;;;;;
FIIM;43.216.061/0001-01;INVESTO BLOOMBERG US BOND ETF FUNDO DE INVESTIMENTO DE ÍNDICE - INVESTIMENTO NO EXTERIO?R?;2023-06-30;488168;4300833.57;VALORES A PAGAR;Outros;;Para negociação;;;;;;4526.70;;2023-09-28;;Valores a Pagar;;;;;;;;;;;
FIIM;43.216.061/0001-01;INVESTO BLOOMBERG US BOND ETF FUNDO DE INVESTIMENTO DE ÍNDICE - INVESTIMENTO NO EXTERIO?R?;2023-06-30;488168;4300833.57;VALORES A RECEBER;Outros;;Para negociação;;;;;;13561.10;;2023-09-28;;Valores a Receber;;;;;;;;;;;
FIIM;43.216.061/0001-01;INVESTO BLOOMBERG US BOND ETF FUNDO DE INVESTIMENTO DE ÍNDICE - INVESTIMENTO NO EXTERIO?R?;2023-06-30;488168;4300833.57;INVESTIMENTO NO EXTERIOR;Outros;N;Para negociação;;;;;12303.00;4280144.07;;2023-09-28;9000177;;2022-02-08;;;VANGUARD TOTAL BOND;N;;;28;ESTADOS UNIDOS DA AMÉRICA;99;OUTRAS BOLSAS OU MERCADOS DE BALCÃO ORGANIZADOS
FIIM;43.216.095/0001-98;INVESTO BLOOMBERG GLOBAL BOND ETF FUNDO DE INVESTIMENTO DE ÍNDICE - INVESTIMENTO NO EXTERIOR;2023-06-30;488179;2603510.14;DISPONIBILIDADES;Outros;;Para negociação;;;;;;14216.71;;2023-09-28;;Disponibilidade;;;;;;;;;;;
FIIM;43.216.095/0001-98;INVESTO BLOOMBERG GLOBAL BOND ETF FUNDO DE INVESTIMENTO DE ÍNDICE - INVESTIMENTO NO EXTERIOR;2023-06-30;488179;2603510.14;VALORES A PAGAR;Outros;;Para negociação;;;;;;4195.14;;2023-09-28;;Valores a Pagar;;;;;;;;;;;
FIIM;43.216.095/0001-98;INVESTO BLOOMBERG GLOBAL BOND ETF FUNDO DE INVESTIMENTO DE ÍNDICE - INVESTIMENTO NO EXTERIOR;2023-06-30;488179;2603510.14;VALORES A RECEBER;Outros;;Para negociação;;;;;;13532.19;;2023-09-28;;Valores a Receber;;;;;;;;;;;
FIIM;43.216.095/0001-98;INVESTO BLOOMBERG GLOBAL BOND ETF FUNDO DE INVESTIMENTO DE ÍNDICE - INVESTIMENTO NO EXTERIOR;2023-06-30;488179;2603510.14;INVESTIMENTO NO EXTERIOR;Outros;N;Para negociação;;;;;11026.00;2579418.91;;2023-09-28;9000176;;2022-02-08;;;VANGUARD TOTAL INT B;N;;;28;ESTADOS UNIDOS DA AMÉRICA;99;OUTRAS BOLSAS OU MERCADOS DE BALCÃO ORGANIZADOS
FIIM;43.391.410/0001-13;BTG PACTUAL TEVA AÇÕES COMMODITIES BRASIL FUNDO DE ÍNDICE;2023-06-30;486931;14412860.04;AÇÕES;Ação ordinária;N;Para negociação;0.00;0.00;436.00;5525.20;12886.00;156307.18;;;CSNA3;;;;;;;;1997-12-30;;;;
FIIM;43.391.410/0001-13;BTG PACTUAL TEVA AÇÕES COMMODITIES BRASIL FUNDO DE ÍNDICE;2023-06-30;486931;14412860.04;AÇÕES;Ação ordinária;N;Para negociação;0.00;0.00;32.00;232.64;12900.00;93783.00;;;MRFG3;;;;;;;;2007-06-28;;;;
FIIM;43.391.410/0001-13;BTG PACTUAL TEVA AÇÕES COMMODITIES BRASIL FUNDO DE ÍNDICE;2023-06-30;486931;14412860.04;AÇÕES;Ação ordinária;N;Para negociação;78.00;2659.02;0.00;0.00;2817.00;93242.70;;;PETR3;;;;;;;;1997-03-24;;;;
FIIM;43.391.410/0001-13;BTG PACTUAL TEVA AÇÕES COMMODITIES BRASIL FUNDO DE ÍNDICE;2023-06-30;486931;14412860.04;AÇÕES;Ação ordinária;N;Para negociação;0.00;0.00;217.00;972.16;45466.00;190047.88;;;CMIN3;;;;;;;;2021-05-03;;;;
FIIM;43.391.410/0001-13;BTG PACTUAL TEVA AÇÕES COMMODITIES BRASIL FUNDO DE ÍNDICE;2023-06-30;486931;14412860.04;AÇÕES;Ação ordinária;N;Para negociação;0.00;0.00;254.00;1480.98;6713.00;33833.52;;;CBAV3;;;;;;;;2021-07-15;;;;
FIIM;43.391.410/0001-13;BTG PACTUAL TEVA AÇÕES COMMODITIES BRASIL FUNDO DE ÍNDICE;2023-06-30;486931;14412860.04;AÇÕES;Ação ordinária;N;Para negociação;238.00;4314.36;0.00;0.00;11230.00;215279.10;;;RECV3;;;;;;;;2021-05-05;;;;
FIIM;43.391.410/0001-13;BTG PACTUAL TEVA AÇÕES COMMODITIES BRASIL FUNDO DE ÍNDICE;2023-06-30;486931;14412860.04;AÇÕES;Ação ordinária;N;Para negociação;34.00;429.76;0.00;0.00;4664.00;59932.40;;;TTEN3;;;;;;;;2021-07-12;;;;
FIIM;43.391.410/0001-13;BTG PACTUAL TEVA AÇÕES COMMODITIES BRASIL FUNDO DE ÍNDICE;2023-06-30;486931;14412860.04;AÇÕES;Ação ordinária;N;Para negociação;54.00;1918.62;0.00;0.00;4313.00;164842.86;;;SLCE3;;;;;;;;2007-06-15;;;;
FIIM;43.391.410/0001-13;BTG PACTUAL TEVA AÇÕES COMMODITIES BRASIL FUNDO DE ÍNDICE;2023-06-30;486931;14412860.04;AÇÕES;Ação ordinária;N;Para negociação;0.00;0.00;153.00;7151.99;29625.00;1310017.50;;;SUZB3;;;;;;;;2004-08-05;;;;
FIIM;43.391.410/0001-13;BTG PACTUAL TEVA AÇÕES COMMODITIES BRASIL FUNDO DE ÍNDICE;2023-06-30;486931;14412860.04;AÇÕES;Ação ordinária;N;Para negociação;91.00;3012.10;0.00;0.00;34200.00;1268136.00;;;PRIO3;;;;;;;;2015-06-26;;;;
FIIM;43.391.410/0001-13;BTG PACTUAL TEVA AÇÕES COMMODITIES BRASIL FUNDO DE ÍNDICE;2023-06-30;486931;14412860.04;AÇÕES;Ação ordinária;N;Para negociação;192.00;4224.00;0.00;0.00;28623.00;623122.71;;;;KLBN11;;PJ;89637490000145;KLABIN SA;;;;;;;
FIIM;43.391.410/0001-13;BTG PACTUAL TEVA AÇÕES COMMODITIES BRASIL FUNDO DE ÍNDICE;2023-06-30;486931;14412860.04;AÇÕES;Ação ordinária;N;Para negociação;0.00;0.00;518.00;34770.14;33398.00;2144819.56;;;VALE3;;;;;;;;1997-07-24;;;;
FIIM;43.391.410/0001-13;BTG PACTUAL TEVA AÇÕES COMMODITIES BRASIL FUNDO DE ÍNDICE;2023-06-30;486931;14412860.04;AÇÕES;Ação ordinária;N;Para negociação;0.00;0.00;132.00;1143.40;42.00;389.34;;;RANI3;;;;;;;;1995-07-17;;;;
FIIM;43.391.410/0001-13;BTG PACTUAL TEVA AÇÕES COMMODITIES BRASIL FUNDO DE ÍNDICE;2023-06-30;486931;14412860.04;AÇÕES;Ação ordinária;N;Para negociação;90.00;981.00;0.00;0.00;10654.00;113252.02;;;BEEF3;;;;;;;;2007-07-20;;;;
FIIM;43.391.410/0001-13;BTG PACTUAL TEVA AÇÕES COMMODITIES BRASIL FUNDO DE ÍNDICE;2023-06-30;486931;14412860.04;AÇÕES;Ação ordinária;N;Para negociação;142.00;2555.16;0.00;0.00;1220.00;21301.20;;;JBSS3;;;;;;;;2007-03-29;;;;
FIIM;43.391.410/0001-13;BTG PACTUAL TEVA AÇÕES COMMODITIES BRASIL FUNDO DE ÍNDICE;2023-06-30;486931;14412860.04;AÇÕES;Ação ordinária;N;Para negociação;0.00;0.00;82.00;660.10;4238.00;31869.76;;;JALL3;;;;;;;;2021-07-28;;;;
FIIM;43.391.410/0001-13;BTG PACTUAL TEVA AÇÕES COMMODITIES BRASIL FUNDO DE ÍNDICE;2023-06-30;486931;14412860.04;AÇÕES;Ação ordinária;N;Para negociação;0.00;0.00;5.00;70.40;3211.00;44119.14;;;ENAT3;;;;;;;;2019-04-24;;;;
FIIM;43.391.410/0001-13;BTG PACTUAL TEVA AÇÕES COMMODITIES BRASIL FUNDO DE ÍNDICE;2023-06-30;486931;14412860.04;AÇÕES;Ação preferencial;N;Para negociação;0.00;0.00;217.00;1586.61;21087.00;149085.09;;;USIM5;;;;;;;;1999-02-02;;;;
FIIM;43.391.410/0001-13;BTG PACTUAL TEVA AÇÕES COMMODITIES BRASIL FUNDO DE ÍNDICE;2023-06-30;486931;14412860.04;AÇÕES;Ação preferencial;N;Para negociação;0.00;0.00;741.00;18625.43;42543.00;1066553.01;;;GGBR4;;;;;;;;2001-02-01;;;;
FIIM;43.391.410/0001-13;BTG PACTUAL TEVA AÇÕES COMMODITIES BRASIL FUNDO DE ÍNDICE;2023-06-30;486931;14412860.04;AÇÕES;Ação preferencial;N;Para negociação;0.00;0.00;23.00;1096.87;300.00;14541.00;;;FESA4;;;;;;;;1997-05-02;;;;
FIIM;43.391.410/0001-13;BTG PACTUAL TEVA AÇÕES COMMODITIES BRASIL FUNDO DE ÍNDICE;2023-06-30;486931;14412860.04;AÇÕES;Ação preferencial;N;Para negociação;0.00;0.00;391.00;4599.98;27113.00;320475.66;;;GOAU4;;;;;;;;1998-01-02;;;;
FIIM;43.391.410/0001-13;BTG PACTUAL TEVA AÇÕES COMMODITIES BRASIL FUNDO DE ÍNDICE;2023-06-30;486931;14412860.04;AÇÕES;Ação preferencial;N;Para negociação;282.00;8969.96;0.00;0.00;9565.00;285515.25;;;;RRRP3;;PJ;12091809000155;3R PETROLEUM OLEO E GAS S.A.;;;;;;;
FIIM;43.391.410/0001-13;BTG PACTUAL TEVA AÇÕES COMMODITIES BRASIL FUNDO DE ÍNDICE;2023-06-30;486931;14412860.04;AÇÕES;Ação preferencial;N;Para negociação;886.00;3535.14;0.00;0.00;48907.00;215190.80;;;RAIZ4;;;;;;;;2021-08-05;;;;
FIIM;43.391.410/0001-13;BTG PACTUAL TEVA AÇÕES COMMODITIES BRASIL FUNDO DE ÍNDICE;2023-06-30;486931;14412860.04;AÇÕES;Ação preferencial;N;Para negociação;119.00;3230.85;0.00;0.00;2324.00;64746.64;;;BRKM5;;;;;;;;2002-09-02;;;;
FIIM;43.391.410/0001-13;BTG PACTUAL TEVA AÇÕES COMMODITIES BRASIL FUNDO DE ÍNDICE;2023-06-30;486931;14412860.04;AÇÕES;Ação preferencial;N;Para negociação;11.00;819.72;0.00;0.00;4.00;316.56;;;UNIP6;;;;;;;;1996-09-26;;;;
FIIM;43.391.410/0001-13;BTG PACTUAL TEVA AÇÕES COMMODITIES BRASIL FUNDO DE ÍNDICE;2023-06-30;486931;14412860.04;OPERAÇÕES COMPROMISSADAS;;N;Para negociação;0.00;0.00;0.00;0.00;41.00;167016.92;;;;;2025-05-15;;;;;760199;;;;;
FIIM;43.951.717/0001-21;HASHDEX SMART CONTRACT PLATFORMS FUNDO DE ÍNDICE;2023-06-30;487627;6265747.68;DISPONIBILIDADES;Outros;;Para negociação;;;;;;9050.17;;2023-09-28;;Disponibilidade;;;;;;;;;;;
FIIM;43.951.717/0001-21;HASHDEX SMART CONTRACT PLATFORMS FUNDO DE ÍNDICE;2023-06-30;487627;6265747.68;VALORES A PAGAR;Outros;;Para negociação;;;;;;7276.68;;2023-09-28;;Valores a Pagar;;;;;;;;;;;
FIIM;43.951.717/0001-21;HASHDEX SMART CONTRACT PLATFORMS FUNDO DE ÍNDICE;2023-06-30;487627;6265747.68;VALORES A RECEBER;Outros;;Para negociação;;;;;;3765.50;;2023-09-28;;Valores a Receber;;;;;;;;;;;
FIIM;43.951.717/0001-21;HASHDEX SMART CONTRACT PLATFORMS FUNDO DE ÍNDICE;2023-06-30;487627;6265747.68;INVESTIMENTO NO EXTERIOR;Outros;N;Para negociação;1.03;1328.21;0.00;0.00;24.53;32476.03;;2023-09-28;HASHDEX SMA;;2050-12-29;;;HASHDEX SMART CONTRACT PLATFORMS - CLASSE C;N;;;28;ESTADOS UNIDOS DA AMÉRICA;99;OUTRAS BOLSAS OU MERCADOS DE BALCÃO ORGANIZADOS
FIIM;43.951.717/0001-21;HASHDEX SMART CONTRACT PLATFORMS FUNDO DE ÍNDICE;2023-06-30;487627;6265747.68;INVESTIMENTO NO EXTERIOR;Outros;N;Para negociação;65.00;85031.71;0.00;0.00;4703.00;6226702.11;;2023-09-28;HASHDEX SMA;;2050-12-29;;;HASHDEX SMART CONTRACT PLATFORMS - CLASSE B;N;;;28;ESTADOS UNIDOS DA AMÉRICA;99;OUTRAS BOLSAS OU MERCADOS DE BALCÃO ORGANIZADOS
FIIM;43.955.479/0001-22;INTER EQI TEVA ETF GRANDES GURUS DO MERCADO FUNDO DE ÍNDICE;2023-06-30;486932;8018591.10;AÇÕES;Ação ordinária;N;Para negociação;3500.00;11550.00;0.00;0.00;31600.00;100488.00;;;HBSA3;;;;;;;;2020-09-25;;;;
FIIM;43.955.479/0001-22;INTER EQI TEVA ETF GRANDES GURUS DO MERCADO FUNDO DE ÍNDICE;2023-06-30;486932;8018591.10;AÇÕES;Ação ordinária;N;Para negociação;1400.00;4508.00;0.00;0.00;6700.00;28073.00;;;ANIM3;;;;;;;;2013-10-28;;;;
FIIM;43.955.479/0001-22;INTER EQI TEVA ETF GRANDES GURUS DO MERCADO FUNDO DE ÍNDICE;2023-06-30;486932;8018591.10;AÇÕES;Ação ordinária;N;Para negociação;0.00;0.00;700.00;31318.00;3200.00;158080.00;;;BBAS3;;;;;;;;1997-09-30;;;;
FIIM;43.955.479/0001-22;INTER EQI TEVA ETF GRANDES GURUS DO MERCADO FUNDO DE ÍNDICE;2023-06-30;486932;8018591.10;AÇÕES;Ação ordinária;N;Para negociação;0.00;0.00;0.00;0.00;300.00;2469.00;;;CPLE3;;;;;;;;1998-03-13;;;;
FIIM;43.955.479/0001-22;INTER EQI TEVA ETF GRANDES GURUS DO MERCADO FUNDO DE ÍNDICE;2023-06-30;486932;8018591.10;AÇÕES;Ação ordinária;N;Para negociação;0.00;0.00;0.00;0.00;400.00;7556.00;;;UGPA3;;;;;;;;1999-10-13;;;;
FIIM;43.955.479/0001-22;INTER EQI TEVA ETF GRANDES GURUS DO MERCADO FUNDO DE ÍNDICE;2023-06-30;486932;8018591.10;AÇÕES;Ação ordinária;N;Para negociação;0.00;0.00;0.00;0.00;300.00;9231.00;;;BBSE3;;;;;;;;2013-04-29;;;;
FIIM;43.955.479/0001-22;INTER EQI TEVA ETF GRANDES GURUS DO MERCADO FUNDO DE ÍNDICE;2023-06-30;486932;8018591.10;AÇÕES;Ação ordinária;N;Para negociação;300.00;13500.00;0.00;0.00;1500.00;66330.00;;;SUZB3;;;;;;;;2004-08-05;;;;
FIIM;43.955.479/0001-22;INTER EQI TEVA ETF GRANDES GURUS DO MERCADO FUNDO DE ÍNDICE;2023-06-30;486932;8018591.10;AÇÕES;Ação ordinária;N;Para negociação;100.00;2648.00;0.00;0.00;500.00;13835.00;;;MULT3;;;;;;;;2007-07-27;;;;
FIIM;43.955.479/0001-22;INTER EQI TEVA ETF GRANDES GURUS DO MERCADO FUNDO DE ÍNDICE;2023-06-30;486932;8018591.10;AÇÕES;Ação ordinária;N;Para negociação;0.00;0.00;800.00;7664.00;800.00;7192.00;;;SIMH3;;;;;;;;2020-09-18;;;;
FIIM;43.955.479/0001-22;INTER EQI TEVA ETF GRANDES GURUS DO MERCADO FUNDO DE ÍNDICE;2023-06-30;486932;8018591.10;AÇÕES;Ação ordinária;N;Para negociação;0.00;0.00;100.00;464.00;1400.00;6426.00;;;CIEL3;;;;;;;;2009-12-18;;;;
FIIM;43.955.479/0001-22;INTER EQI TEVA ETF GRANDES GURUS DO MERCADO FUNDO DE ÍNDICE;2023-06-30;486932;8018591.10;AÇÕES;Ação ordinária;N;Para negociação;500.00;18875.00;0.00;0.00;1200.00;44748.00;;;ORVR3;;;;;;;;2021-02-17;;;;
FIIM;43.955.479/0001-22;INTER EQI TEVA ETF GRANDES GURUS DO MERCADO FUNDO DE ÍNDICE;2023-06-30;486932;8018591.10;AÇÕES;Ação ordinária;N;Para negociação;600.00;39096.00;0.00;0.00;2400.00;154128.00;;;VALE3;;;;;;;;1997-07-24;;;;
FIIM;43.955.479/0001-22;INTER EQI TEVA ETF GRANDES GURUS DO MERCADO FUNDO DE ÍNDICE;2023-06-30;486932;8018591.10;AÇÕES;Ação ordinária;N;Para negociação;2000.00;43940.00;0.00;0.00;4100.00;91020.00;;;RAIL3;;;;;;;;2017-03-13;;;;
FIIM;43.955.479/0001-22;INTER EQI TEVA ETF GRANDES GURUS DO MERCADO FUNDO DE ÍNDICE;2023-06-30;486932;8018591.10;AÇÕES;Ação ordinária;N;Para negociação;1800.00;64080.00;0.00;0.00;1200.00;47700.00;;;ELET3;;;;;;;;1997-12-16;;;;
FIIM;43.955.479/0001-22;INTER EQI TEVA ETF GRANDES GURUS DO MERCADO FUNDO DE ÍNDICE;2023-06-30;486932;8018591.10;AÇÕES;Ação ordinária;N;Para negociação;900.00;15669.00;0.00;0.00;4600.00;88182.00;;;RECV3;;;;;;;;2021-05-05;;;;
FIIM;43.955.479/0001-22;INTER EQI TEVA ETF GRANDES GURUS DO MERCADO FUNDO DE ÍNDICE;2023-06-30;486932;8018591.10;AÇÕES;Ação ordinária;N;Para negociação;500.00;15115.00;0.00;0.00;3300.00;108636.00;;;RDOR3;;;;;;;;2021-06-25;;;;
FIIM;43.955.479/0001-22;INTER EQI TEVA ETF GRANDES GURUS DO MERCADO FUNDO DE ÍNDICE;2023-06-30;486932;8018591.10;AÇÕES;Ação ordinária;N;Para negociação;200.00;3170.00;50.00;752.50;1050.00;16852.50;;;FLRY3;;;;;;;;2009-12-17;;;;
FIIM;43.955.479/0001-22;INTER EQI TEVA ETF GRANDES GURUS DO MERCADO FUNDO DE ÍNDICE;2023-06-30;486932;8018591.10;AÇÕES;Ação ordinária;N;Para negociação;100.00;2377.00;0.00;0.00;800.00;22496.00;;;PSSA3;;;;;;;;2004-11-22;;;;
FIIM;43.955.479/0001-22;INTER EQI TEVA ETF GRANDES GURUS DO MERCADO FUNDO DE ÍNDICE;2023-06-30;486932;8018591.10;AÇÕES;Ação ordinária;N;Para negociação;0.00;0.00;6700.00;56280.00;6700.00;63382.00;;;KEPL3;;;;;;;;1996-03-18;;;;
FIIM;43.955.479/0001-22;INTER EQI TEVA ETF GRANDES GURUS DO MERCADO FUNDO DE ÍNDICE;2023-06-30;486932;8018591.10;AÇÕES;Ação ordinária;N;Para negociação;1900.00;21185.00;0.00;0.00;5900.00;59590.00;;;ONCO3;;;;;;;;2021-08-10;;;;
FIIM;43.955.479/0001-22;INTER EQI TEVA ETF GRANDES GURUS DO MERCADO FUNDO DE ÍNDICE;2023-06-30;486932;8018591.10;AÇÕES;Ação ordinária;N;Para negociação;1000.00;11010.00;0.00;0.00;4500.00;61875.00;;;ASAI3;;;;;;;;2021-08-12;;;;
FIIM;43.955.479/0001-22;INTER EQI TEVA ETF GRANDES GURUS DO MERCADO FUNDO DE ÍNDICE;2023-06-30;486932;8018591.10;AÇÕES;Ação ordinária;N;Para negociação;0.00;0.00;6500.00;99580.00;6500.00;116090.00;;;CSAN3;;;;;;;;2005-11-18;;;;
FIIM;43.955.479/0001-22;INTER EQI TEVA ETF GRANDES GURUS DO MERCADO FUNDO DE ÍNDICE;2023-06-30;486932;8018591.10;AÇÕES;Ação ordinária;N;Para negociação;200.00;4654.00;0.00;0.00;1100.00;25982.00;;;ENBR3;;;;;;;;2005-07-13;;;;
FIIM;43.955.479/0001-22;INTER EQI TEVA ETF GRANDES GURUS DO MERCADO FUNDO DE ÍNDICE;2023-06-30;486932;8018591.10;AÇÕES;Ação ordinária;N;Para negociação;300.00;15690.00;0.00;0.00;200.00;11314.00;;;SBSP3;;;;;;;;1998-02-11;;;;
FIIM;43.955.479/0001-22;INTER EQI TEVA ETF GRANDES GURUS DO MERCADO FUNDO DE ÍNDICE;2023-06-30;486932;8018591.10;AÇÕES;Ação ordinária;N;Para negociação;0.00;0.00;0.00;0.00;1800.00;20340.00;;;MEGA3;;;;;;;;2021-12-27;;;;
FIIM;43.955.479/0001-22;INTER EQI TEVA ETF GRANDES GURUS DO MERCADO FUNDO DE ÍNDICE;2023-06-30;486932;8018591.10;AÇÕES;Ação ordinária;N;Para negociação;4300.00;50482.00;0.00;0.00;35600.00;436812.00;;;ENEV3;;;;;;;;2013-10-22;;;;
FIIM;43.955.479/0001-22;INTER EQI TEVA ETF GRANDES GURUS DO MERCADO FUNDO DE ÍNDICE;2023-06-30;486932;8018591.10;AÇÕES;Ação ordinária;N;Para negociação;300.00;1218.00;0.00;0.00;600.00;2022.00;;;MGLU3;;;;;;;;2011-05-02;;;;
FIIM;43.955.479/0001-22;INTER EQI TEVA ETF GRANDES GURUS DO MERCADO FUNDO DE ÍNDICE;2023-06-30;486932;8018591.10;AÇÕES;Ação ordinária;N;Para negociação;0.00;0.00;2900.00;107851.00;3600.00;135900.00;;;WEGE3;;;;;;;;2004-08-02;;;;
FIIM;43.955.479/0001-22;INTER EQI TEVA ETF GRANDES GURUS DO MERCADO FUNDO DE ÍNDICE;2023-06-30;486932;8018591.10;AÇÕES;Ação ordinária;N;Para negociação;0.00;0.00;2500.00;71550.00;5200.00;153920.00;;;RADL3;;;;;;;;2011-12-19;;;;
FIIM;43.955.479/0001-22;INTER EQI TEVA ETF GRANDES GURUS DO MERCADO FUNDO DE ÍNDICE;2023-06-30;486932;8018591.10;AÇÕES;Ação ordinária;N;Para negociação;1300.00;9230.00;0.00;0.00;9000.00;67320.00;;;GRND3;;;;;;;;2004-10-29;;;;
FIIM;43.955.479/0001-22;INTER EQI TEVA ETF GRANDES GURUS DO MERCADO FUNDO DE ÍNDICE;2023-06-30;486932;8018591.10;AÇÕES;Ação ordinária;N;Para negociação;0.00;0.00;5200.00;78468.00;5800.00;97962.00;;;GGPS3;;;;;;;;2021-04-26;;;;
FIIM;43.955.479/0001-22;INTER EQI TEVA ETF GRANDES GURUS DO MERCADO FUNDO DE ÍNDICE;2023-06-30;486932;8018591.10;AÇÕES;Ação ordinária;N;Para negociação;1500.00;29355.00;0.00;0.00;7100.00;152650.00;;;SMFT3;;;;;;;;2018-02-26;;;;
FIIM;43.955.479/0001-22;INTER EQI TEVA ETF GRANDES GURUS DO MERCADO FUNDO DE ÍNDICE;2023-06-30;486932;8018591.10;AÇÕES;Ação ordinária;N;Para negociação;0.00;0.00;1100.00;45694.00;1100.00;51194.00;;;LEVE3;;;;;;;;1995-04-03;;;;
FIIM;43.955.479/0001-22;INTER EQI TEVA ETF GRANDES GURUS DO MERCADO FUNDO DE ÍNDICE;2023-06-30;486932;8018591.10;AÇÕES;Ação ordinária;N;Para negociação;200.00;4496.00;0.00;0.00;854.00;21051.10;;;ALSO3;;;;;;;;2019-08-06;;;;
FIIM;43.955.479/0001-22;INTER EQI TEVA ETF GRANDES GURUS DO MERCADO FUNDO DE ÍNDICE;2023-06-30;486932;8018591.10;AÇÕES;Ação ordinária;N;Para negociação;0.00;0.00;500.00;13975.00;24500.00;787675.00;;;EQTL3;;;;;;;;2006-04-03;;;;
FIIM;43.955.479/0001-22;INTER EQI TEVA ETF GRANDES GURUS DO MERCADO FUNDO DE ÍNDICE;2023-06-30;486932;8018591.10;AÇÕES;Ação ordinária;N;Para negociação;1900.00;20330.00;0.00;0.00;2500.00;28925.00;;;MRVE3;;;;;;;;2007-07-23;;;;
FIIM;43.955.479/0001-22;INTER EQI TEVA ETF GRANDES GURUS DO MERCADO FUNDO DE ÍNDICE;2023-06-30;486932;8018591.10;AÇÕES;Ação ordinária;N;Para negociação;0.00;0.00;400.00;5696.00;900.00;13869.00;;;ABEV3;;;;;;;;2013-11-11;;;;
FIIM;43.955.479/0001-22;INTER EQI TEVA ETF GRANDES GURUS DO MERCADO FUNDO DE ÍNDICE;2023-06-30;486932;8018591.10;AÇÕES;Ação ordinária;N;Para negociação;100.00;1498.00;0.00;0.00;600.00;11892.00;;;YDUQ3;;;;;;;;2019-07-23;;;;
FIIM;43.955.479/0001-22;INTER EQI TEVA ETF GRANDES GURUS DO MERCADO FUNDO DE ÍNDICE;2023-06-30;486932;8018591.10;AÇÕES;Ação ordinária;N;Para negociação;0.00;0.00;1300.00;85189.00;9497.00;650544.50;;;RENT3;;;;;;;;2005-05-23;;;;
FIIM;43.955.479/0001-22;INTER EQI TEVA ETF GRANDES GURUS DO MERCADO FUNDO DE ÍNDICE;2023-06-30;486932;8018591.10;AÇÕES;Ação ordinária;N;Para negociação;0.00;0.00;10100.00;41410.00;81892.00;358686.96;;;HAPV3;;;;;;;;2018-04-25;;;;
FIIM;43.955.479/0001-22;INTER EQI TEVA ETF GRANDES GURUS DO MERCADO FUNDO DE ÍNDICE;2023-06-30;486932;8018591.10;AÇÕES;Ação ordinária;N;Para negociação;1200.00;20316.00;0.00;0.00;6800.00;122740.00;;;VBBR3;;;;;;;;2021-10-22;;;;
FIIM;43.955.479/0001-22;INTER EQI TEVA ETF GRANDES GURUS DO MERCADO FUNDO DE ÍNDICE;2023-06-30;486932;8018591.10;AÇÕES;Ação ordinária;N;Para negociação;2300.00;17480.00;0.00;0.00;10900.00;71722.00;;;PETZ3;;;;;;;;2020-09-11;;;;
FIIM;43.955.479/0001-22;INTER EQI TEVA ETF GRANDES GURUS DO MERCADO FUNDO DE ÍNDICE;2023-06-30;486932;8018591.10;AÇÕES;Ação ordinária;N;Para negociação;100.00;3006.00;0.00;0.00;400.00;13240.00;;;PETR3;;;;;;;;1997-03-24;;;;
FIIM;43.955.479/0001-22;INTER EQI TEVA ETF GRANDES GURUS DO MERCADO FUNDO DE ÍNDICE;2023-06-30;486932;8018591.10;AÇÕES;Ação ordinária;N;Para negociação;1200.00;17160.00;0.00;0.00;14200.00;207462.00;;;B3SA3;;;;;;;;2018-03-26;;;;
FIIM;43.955.479/0001-22;INTER EQI TEVA ETF GRANDES GURUS DO MERCADO FUNDO DE ÍNDICE;2023-06-30;486932;8018591.10;AÇÕES;Ação ordinária;N;Para negociação;100.00;7598.00;0.00;0.00;300.00;23721.00;;;ARZZ3;;;;;;;;2011-02-02;;;;
FIIM;43.955.479/0001-22;INTER EQI TEVA ETF GRANDES GURUS DO MERCADO FUNDO DE ÍNDICE;2023-06-30;486932;8018591.10;AÇÕES;Ação ordinária;S;Para negociação;0.00;0.00;2900.00;79112.00;6500.00;204425.00;;;;BPAC11;;PJ;30306294000145;Banco BTG Pactual SA;;;;;;;
FIIM;43.955.479/0001-22;INTER EQI TEVA ETF GRANDES GURUS DO MERCADO FUNDO DE ÍNDICE;2023-06-30;486932;8018591.10;AÇÕES;Ação ordinária;N;Para negociação;0.00;0.00;0.00;0.00;100.00;2177.00;;;;KLBN11;;PJ;89637490000145;KLABIN SA;;;;;;;
FIIM;43.955.479/0001-22;INTER EQI TEVA ETF GRANDES GURUS DO MERCADO FUNDO DE ÍNDICE;2023-06-30;486932;8018591.10;AÇÕES;Ação ordinária;N;Para negociação;800.00;11272.00;0.00;0.00;2900.00;46545.00;;;CURY3;;;;;;;;2020-09-21;;;;
FIIM;43.955.479/0001-22;INTER EQI TEVA ETF GRANDES GURUS DO MERCADO FUNDO DE ÍNDICE;2023-06-30;486932;8018591.10;AÇÕES;Ação ordinária;N;Para negociação;0.00;0.00;100.00;4159.00;100.00;4601.00;;;HYPE3;;;;;;;;2008-04-18;;;;
FIIM;43.955.479/0001-22;INTER EQI TEVA ETF GRANDES GURUS DO MERCADO FUNDO DE ÍNDICE;2023-06-30;486932;8018591.10;AÇÕES;Ação ordinária;N;Para negociação;300.00;6168.00;0.00;0.00;700.00;14000.00;;;LREN3;;;;;;;;1998-01-02;;;;
FIIM;43.955.479/0001-22;INTER EQI TEVA ETF GRANDES GURUS DO MERCADO FUNDO DE ÍNDICE;2023-06-30;486932;8018591.10;AÇÕES;Ação ordinária;N;Para negociação;500.00;13145.00;0.00;0.00;2200.00;62656.00;;;VIVA3;;;;;;;;2019-10-10;;;;
FIIM;43.955.479/0001-22;INTER EQI TEVA ETF GRANDES GURUS DO MERCADO FUNDO DE ÍNDICE;2023-06-30;486932;8018591.10;AÇÕES;Ação ordinária;N;Para negociação;1300.00;18707.00;0.00;0.00;7300.00;122202.00;;;NTCO3;;;;;;;;2019-12-18;;;;
FIIM;43.955.479/0001-22;INTER EQI TEVA ETF GRANDES GURUS DO MERCADO FUNDO DE ÍNDICE;2023-06-30;486932;8018591.10;AÇÕES;Ação ordinária;N;Para negociação;0.00;0.00;100.00;3685.00;100.00;3415.00;;;SMTO3;;;;;;;;2007-02-12;;;;
FIIM;43.955.479/0001-22;INTER EQI TEVA ETF GRANDES GURUS DO MERCADO FUNDO DE ÍNDICE;2023-06-30;486932;8018591.10;AÇÕES;Ação ordinária;N;Para negociação;0.00;0.00;900.00;17514.00;900.00;16686.00;;;EMBR3;;;;;;;;1997-07-28;;;;
FIIM;43.955.479/0001-22;INTER EQI TEVA ETF GRANDES GURUS DO MERCADO FUNDO DE ÍNDICE;2023-06-30;486932;8018591.10;AÇÕES;Ação ordinária;N;Para negociação;800.00;27336.00;0.00;0.00;3900.00;144612.00;;;PRIO3;;;;;;;;2015-06-26;;;;
FIIM;43.955.479/0001-22;INTER EQI TEVA ETF GRANDES GURUS DO MERCADO FUNDO DE ÍNDICE;2023-06-30;486932;8018591.10;AÇÕES;Ação ordinária;N;Para negociação;1200.00;4800.00;0.00;0.00;5700.00;25935.00;;;ZAMP3;;;;;;;;2022-10-26;;;;
FIIM;43.955.479/0001-22;INTER EQI TEVA ETF GRANDES GURUS DO MERCADO FUNDO DE ÍNDICE;2023-06-30;486932;8018591.10;AÇÕES;Ação ordinária;N;Para negociação;0.00;0.00;1700.00;11594.00;1700.00;15674.00;;;POSI3;;;;;;;;2006-12-11;;;;
FIIM;43.955.479/0001-22;INTER EQI TEVA ETF GRANDES GURUS DO MERCADO FUNDO DE ÍNDICE;2023-06-30;486932;8018591.10;AÇÕES;Ação ordinária;N;Para negociação;3800.00;40356.00;0.00;0.00;14300.00;171600.00;;;SOMA3;;;;;;;;2020-07-31;;;;
FIIM;43.955.479/0001-22;INTER EQI TEVA ETF GRANDES GURUS DO MERCADO FUNDO DE ÍNDICE;2023-06-30;486932;8018591.10;AÇÕES;Ação ordinária;N;Para negociação;0.00;0.00;2700.00;69660.00;2700.00;69903.00;;;INTB3;;;;;;;;2021-02-04;;;;
FIIM;43.955.479/0001-22;INTER EQI TEVA ETF GRANDES GURUS DO MERCADO FUNDO DE ÍNDICE;2023-06-30;486932;8018591.10;AÇÕES;Ação ordinária;N;Para negociação;0.00;0.00;2900.00;73254.00;2900.00;76038.00;;;TUPY3;;;;;;;;1995-11-10;;;;
FIIM;43.955.479/0001-22;INTER EQI TEVA ETF GRANDES GURUS DO MERCADO FUNDO DE ÍNDICE;2023-06-30;486932;8018591.10;AÇÕES;Ação ordinária;N;Para negociação;900.00;4221.00;0.00;0.00;4800.00;23232.00;;;QUAL3;;;;;;;;2011-06-29;;;;
FIIM;43.955.479/0001-22;INTER EQI TEVA ETF GRANDES GURUS DO MERCADO FUNDO DE ÍNDICE;2023-06-30;486932;8018591.10;AÇÕES;Ação preferencial;N;Para negociação;0.00;0.00;2700.00;72090.00;6300.00;179046.00;;;ITUB4;;;;;;;;2009-05-20;;;;
FIIM;43.955.479/0001-22;INTER EQI TEVA ETF GRANDES GURUS DO MERCADO FUNDO DE ÍNDICE;2023-06-30;486932;8018591.10;AÇÕES;Ação preferencial;N;Para negociação;900.00;24264.00;0.00;0.00;7200.00;212616.00;;;PETR4;;;;;;;;1997-03-24;;;;
FIIM;43.955.479/0001-22;INTER EQI TEVA ETF GRANDES GURUS DO MERCADO FUNDO DE ÍNDICE;2023-06-30;486932;8018591.10;AÇÕES;Ação preferencial;N;Para negociação;0.00;0.00;200.00;3156.00;3260.00;53627.00;;;BBDC4;;;;;;;;1998-03-02;;;;
FIIM;43.955.479/0001-22;INTER EQI TEVA ETF GRANDES GURUS DO MERCADO FUNDO DE ÍNDICE;2023-06-30;486932;8018591.10;AÇÕES;Ação preferencial;N;Para negociação;4400.00;39116.00;0.00;0.00;21540.00;207645.60;;;ITSA4;;;;;;;;1998-03-04;;;;
FIIM;43.955.479/0001-22;INTER EQI TEVA ETF GRANDES GURUS DO MERCADO FUNDO DE ÍNDICE;2023-06-30;486932;8018591.10;AÇÕES;Ação preferencial;N;Para negociação;0.00;0.00;1500.00;72630.00;1500.00;72705.00;;;FESA4;;;;;;;;1997-05-02;;;;
FIIM;43.955.479/0001-22;INTER EQI TEVA ETF GRANDES GURUS DO MERCADO FUNDO DE ÍNDICE;2023-06-30;486932;8018591.10;AÇÕES;Ação preferencial;N;Para negociação;1400.00;34006.00;0.00;0.00;2790.00;69945.30;;;GGBR4;;;;;;;;2001-02-01;;;;
FIIM;43.955.479/0001-22;INTER EQI TEVA ETF GRANDES GURUS DO MERCADO FUNDO DE ÍNDICE;2023-06-30;486932;8018591.10;AÇÕES;Ação preferencial;N;Para negociação;1900.00;20235.00;0.00;0.00;6800.00;63240.00;;;ALPA4;;;;;;;;1997-04-28;;;;
FIIM;43.955.479/0001-22;INTER EQI TEVA ETF GRANDES GURUS DO MERCADO FUNDO DE ÍNDICE;2023-06-30;486932;8018591.10;AÇÕES;Ação preferencial;N;Para negociação;400.00;15992.00;0.00;0.00;1900.00;84588.00;;;ELET6;;;;;;;;1997-12-16;;;;
FIIM;43.955.479/0001-22;INTER EQI TEVA ETF GRANDES GURUS DO MERCADO FUNDO DE ÍNDICE;2023-06-30;486932;8018591.10;AÇÕES;Ação preferencial;N;Para negociação;100.00;1177.00;0.00;0.00;600.00;7716.00;;;CMIG4;;;;;;;;1997-12-26;;;;
FIIM;43.955.479/0001-22;INTER EQI TEVA ETF GRANDES GURUS DO MERCADO FUNDO DE ÍNDICE;2023-06-30;486932;8018591.10;AÇÕES;Ação preferencial;N;Para negociação;0.00;0.00;200.00;13576.00;200.00;15828.00;;;UNIP6;;;;;;;;1996-09-26;;;;
FIIM;43.955.479/0001-22;INTER EQI TEVA ETF GRANDES GURUS DO MERCADO FUNDO DE ÍNDICE;2023-06-30;486932;8018591.10;AÇÕES;Ação preferencial;N;Para negociação;1900.00;14155.00;0.00;0.00;10700.00;88703.00;;;CPLE6;;;;;;;;1998-03-13;;;;
FIIM;43.955.479/0001-22;INTER EQI TEVA ETF GRANDES GURUS DO MERCADO FUNDO DE ÍNDICE;2023-06-30;486932;8018591.10;OPERAÇÕES COMPROMISSADAS;;N;Para negociação;0.00;0.00;0.00;0.00;17.00;72865.68;;;;;2030-08-15;;;;;760199;;;;;
FIIM;44.106.937/0001-11;INVESTO VANECK ETF MARKETVECTOR SMART CONTRACT LEADERS FUNDO DE INDICE INVESTIMENTO NO EXTERIOR;2023-06-30;488285;7387043.72;DISPONIBILIDADES;Outros;;Para negociação;;;;;;32718.75;;;;EXTERIOR CAIXA;;PJ;4423567000121;*** A Definir ***;;;;;;;
FIIM;44.106.937/0001-11;INVESTO VANECK ETF MARKETVECTOR SMART CONTRACT LEADERS FUNDO DE INDICE INVESTIMENTO NO EXTERIOR;2023-06-30;488285;7387043.72;VALORES A PAGAR;Outros;;Para negociação;;;;;;7373.19;;;;TAXA ADM PROVIS?O;;PJ;29415858000107;SEM DEFINI??O;;;;;;;
FIIM;44.106.937/0001-11;INVESTO VANECK ETF MARKETVECTOR SMART CONTRACT LEADERS FUNDO DE INDICE INVESTIMENTO NO EXTERIOR;2023-06-30;488285;7387043.72;VALORES A PAGAR;Outros;;Para negociação;;;;;;61.60;;;;TX ESCRT VAR PROVIS?O;;PJ;29415858000107;SEM DEFINI??O;;;;;;;
FIIM;44.106.937/0001-11;INVESTO VANECK ETF MARKETVECTOR SMART CONTRACT LEADERS FUNDO DE INDICE INVESTIMENTO NO EXTERIOR;2023-06-30;488285;7387043.72;VALORES A PAGAR;Outros;;Para negociação;;;;;;2106.59;;;;TX ESCRT FIX PROVIS?O;;PJ;29415858000107;SEM DEFINI??O;;;;;;;
FIIM;44.106.937/0001-11;INVESTO VANECK ETF MARKETVECTOR SMART CONTRACT LEADERS FUNDO DE INDICE INVESTIMENTO NO EXTERIOR;2023-06-30;488285;7387043.72;VALORES A RECEBER;Outros;;Para negociação;;;;;;1675.63;;;;TX REGISTRO DIFERIDO;;PJ;29415858000107;SEM DEFINI??O;;;;;;;
FIIM;44.106.937/0001-11;INVESTO VANECK ETF MARKETVECTOR SMART CONTRACT LEADERS FUNDO DE INDICE INVESTIMENTO NO EXTERIOR;2023-06-30;488285;7387043.72;VALORES A RECEBER;Outros;;Para negociação;;;;;;95.17;;;;ANBIMA 07/23 DIFERIDO;;PJ;29415858000107;SEM DEFINI??O;;;;;;;
FIIM;44.106.937/0001-11;INVESTO VANECK ETF MARKETVECTOR SMART CONTRACT LEADERS FUNDO DE INDICE INVESTIMENTO NO EXTERIOR;2023-06-30;488285;7387043.72;VALORES A RECEBER;Outros;;Para negociação;;;;;;679.82;;;;VAL A RECEBE;;PJ;29415858000107;SEM DEFINI??O;;;;;;;
FIIM;44.106.937/0001-11;INVESTO VANECK ETF MARKETVECTOR SMART CONTRACT LEADERS FUNDO DE INDICE INVESTIMENTO NO EXTERIOR;2023-06-30;488285;7387043.72;VALORES A RECEBER;Outros;;Para negociação;;;;;;19571.58;;;;INDICE OFF DIFERIDO;;PJ;29415858000107;SEM DEFINI??O;;;;;;;
FIIM;44.106.937/0001-11;INVESTO VANECK ETF MARKETVECTOR SMART CONTRACT LEADERS FUNDO DE INDICE INVESTIMENTO NO EXTERIOR;2023-06-30;488285;7387043.72;INVESTIMENTO NO EXTERIOR;Outros;N;Para negociação;;;;;5811.00;203594.57;;;APT USD B11;;2023-01-31;;;APT USD;N;;;28;ESTADOS UNIDOS DA AMÉRICA;A1;AMERICAN STOCK EXCHANGE
FIIM;44.106.937/0001-11;INVESTO VANECK ETF MARKETVECTOR SMART CONTRACT LEADERS FUNDO DE INDICE INVESTIMENTO NO EXTERIOR;2023-06-30;488285;7387043.72;INVESTIMENTO NO EXTERIOR;Outros;N;Para negociação;;;;;35622.00;197575.25;;;ARB USD B11;;2023-04-28;;;ARB USD;N;;;28;ESTADOS UNIDOS DA AMÉRICA;A1;AMERICAN STOCK EXCHANGE
FIIM;44.106.937/0001-11;INVESTO VANECK ETF MARKETVECTOR SMART CONTRACT LEADERS FUNDO DE INDICE INVESTIMENTO NO EXTERIOR;2023-06-30;488285;7387043.72;INVESTIMENTO NO EXTERIOR;Outros;N;Para negociação;;;;;0.00;0.05;;;NEAR USD B11;;2023-01-18;;;NEAR USD B11;N;;;28;ESTADOS UNIDOS DA AMÉRICA;A1;AMERICAN STOCK EXCHANGE
FIIM;44.106.937/0001-11;INVESTO VANECK ETF MARKETVECTOR SMART CONTRACT LEADERS FUNDO DE INDICE INVESTIMENTO NO EXTERIOR;2023-06-30;488285;7387043.72;INVESTIMENTO NO EXTERIOR;Outros;N;Para negociação;;;;;38302.00;125553.65;;;STX USD B11;;2023-03-31;;;STX USD;N;;;28;ESTADOS UNIDOS DA AMÉRICA;A1;AMERICAN STOCK EXCHANGE
FIIM;44.106.937/0001-11;INVESTO VANECK ETF MARKETVECTOR SMART CONTRACT LEADERS FUNDO DE INDICE INVESTIMENTO NO EXTERIOR;2023-06-30;488285;7387043.72;INVESTIMENTO NO EXTERIOR;Outros;N;Para negociação;;;;;11127.00;1015644.95;;;SOL USD B11;;2022-06-20;;;SOL USD;N;;;28;ESTADOS UNIDOS DA AMÉRICA;A1;AMERICAN STOCK EXCHANGE
FIIM;44.106.937/0001-11;INVESTO VANECK ETF MARKETVECTOR SMART CONTRACT LEADERS FUNDO DE INDICE INVESTIMENTO NO EXTERIOR;2023-06-30;488285;7387043.72;INVESTIMENTO NO EXTERIOR;Outros;N;Para negociação;;;;;259538.00;798863.65;;;MAT USD B11;;2023-01-31;;;MATIC USD;N;;;28;ESTADOS UNIDOS DA AMÉRICA;A1;AMERICAN STOCK EXCHANGE
FIIM;44.106.937/0001-11;INVESTO VANECK ETF MARKETVECTOR SMART CONTRACT LEADERS FUNDO DE INDICE INVESTIMENTO NO EXTERIOR;2023-06-30;488285;7387043.72;INVESTIMENTO NO EXTERIOR;Outros;N;Para negociação;;;;;9645.00;598182.62;;;AVAX USD B11;;2022-06-20;;;AVAX USD;N;;;28;ESTADOS UNIDOS DA AMÉRICA;A1;AMERICAN STOCK EXCHANGE
FIIM;44.106.937/0001-11;INVESTO VANECK ETF MARKETVECTOR SMART CONTRACT LEADERS FUNDO DE INDICE INVESTIMENTO NO EXTERIOR;2023-06-30;488285;7387043.72;INVESTIMENTO NO EXTERIOR;Outros;N;Para negociação;;;;;976095.00;1342050.62;;;ADA USD B11;;2022-06-20;;;ADA USD;N;;;28;ESTADOS UNIDOS DA AMÉRICA;A1;AMERICAN STOCK EXCHANGE
FIIM;44.106.937/0001-11;INVESTO VANECK ETF MARKETVECTOR SMART CONTRACT LEADERS FUNDO DE INDICE INVESTIMENTO NO EXTERIOR;2023-06-30;488285;7387043.72;INVESTIMENTO NO EXTERIOR;Outros;N;Para negociação;;;;;241.00;2211494.16;;;ETH USD B11;;2022-06-20;;;BTC USD C20;N;;;28;ESTADOS UNIDOS DA AMÉRICA;A1;AMERICAN STOCK EXCHANGE
FIIM;44.106.937/0001-11;INVESTO VANECK ETF MARKETVECTOR SMART CONTRACT LEADERS FUNDO DE INDICE INVESTIMENTO NO EXTERIOR;2023-06-30;488285;7387043.72;INVESTIMENTO NO EXTERIOR;Outros;N;Para negociação;;;;;34559.00;848884.63;;;DOT USD B11;;2022-06-20;;;DOT USD;N;;;28;ESTADOS UNIDOS DA AMÉRICA;A1;AMERICAN STOCK EXCHANGE
FIIM;44.107.447/0001-30;INVESTO VANECK ETF MVIS CRYPTO COMPARE MEDIA & ENTERTAINMENT LEADERS BRAZIL FUNDO DE ÍNDICE - INVEST;2023-06-30;488275;4337516.45;DISPONIBILIDADES;Outros;;Para negociação;;;;;;79809.18;;;;EXTERIOR CAIXA;;PJ;4423567000121;*** A Definir ***;;;;;;;
FIIM;44.107.447/0001-30;INVESTO VANECK ETF MVIS CRYPTO COMPARE MEDIA & ENTERTAINMENT LEADERS BRAZIL FUNDO DE ÍNDICE - INVEST;2023-06-30;488275;4337516.45;VALORES A PAGAR;Outros;;Para negociação;;;;;;2000.00;;;;TX ESCRT FIX PROVIS?O;;PJ;29415858000107;SEM DEFINI??O;;;;;;;
FIIM;44.107.447/0001-30;INVESTO VANECK ETF MVIS CRYPTO COMPARE MEDIA & ENTERTAINMENT LEADERS BRAZIL FUNDO DE ÍNDICE - INVEST;2023-06-30;488275;4337516.45;VALORES A PAGAR;Outros;;Para negociação;;;;;;7490.96;;;;TAXA ADM PROVIS?O;;PJ;29415858000107;SEM DEFINI??O;;;;;;;
FIIM;44.107.447/0001-30;INVESTO VANECK ETF MVIS CRYPTO COMPARE MEDIA & ENTERTAINMENT LEADERS BRAZIL FUNDO DE ÍNDICE - INVEST;2023-06-30;488275;4337516.45;VALORES A PAGAR;Outros;;Para negociação;;;;;;4004.60;;;;TX ESCRT VAR PROVIS?O;;PJ;29415858000107;SEM DEFINI??O;;;;;;;
FIIM;44.107.447/0001-30;INVESTO VANECK ETF MVIS CRYPTO COMPARE MEDIA & ENTERTAINMENT LEADERS BRAZIL FUNDO DE ÍNDICE - INVEST;2023-06-30;488275;4337516.45;VALORES A RECEBER;Outros;;Para negociação;;;;;;1109.81;;;;VAL A RECEBE;;PJ;29415858000107;SEM DEFINI??O;;;;;;;
FIIM;44.107.447/0001-30;INVESTO VANECK ETF MVIS CRYPTO COMPARE MEDIA & ENTERTAINMENT LEADERS BRAZIL FUNDO DE ÍNDICE - INVEST;2023-06-30;488275;4337516.45;VALORES A RECEBER;Outros;;Para negociação;;;;;;1675.63;;;;TX REGISTRO DIFERIDO;;PJ;29415858000107;SEM DEFINI??O;;;;;;;
FIIM;44.107.447/0001-30;INVESTO VANECK ETF MVIS CRYPTO COMPARE MEDIA & ENTERTAINMENT LEADERS BRAZIL FUNDO DE ÍNDICE - INVEST;2023-06-30;488275;4337516.45;VALORES A RECEBER;Outros;;Para negociação;;;;;;95.17;;;;ANBIMA 07/23 DIFERIDO;;PJ;29415858000107;SEM DEFINI??O;;;;;;;
FIIM;44.107.447/0001-30;INVESTO VANECK ETF MVIS CRYPTO COMPARE MEDIA & ENTERTAINMENT LEADERS BRAZIL FUNDO DE ÍNDICE - INVEST;2023-06-30;488275;4337516.45;VALORES A RECEBER;Outros;;Para negociação;;;;;;10935.54;;;;INDICE OFF DIFERIDO;;PJ;29415858000107;SEM DEFINI??O;;;;;;;
FIIM;44.107.447/0001-30;INVESTO VANECK ETF MVIS CRYPTO COMPARE MEDIA & ENTERTAINMENT LEADERS BRAZIL FUNDO DE ÍNDICE - INVEST;2023-06-30;488275;4337516.45;INVESTIMENTO NO EXTERIOR;Outros;N;Para negociação;;;;;91606.00;999482.80;;;APE USD IVT;;2022-05-02;;;APECOIN USD;N;;;28;ESTADOS UNIDOS DA AMÉRICA;A1;AMERICAN STOCK EXCHANGE
FIIM;44.107.447/0001-30;INVESTO VANECK ETF MVIS CRYPTO COMPARE MEDIA & ENTERTAINMENT LEADERS BRAZIL FUNDO DE ÍNDICE - INVEST;2023-06-30;488275;4337516.45;INVESTIMENTO NO EXTERIOR;Outros;N;Para negociação;;;;;464612.00;933148.88;;;SAND USD IVT;;2022-04-01;;;SAND USD;N;;;28;ESTADOS UNIDOS DA AMÉRICA;A1;AMERICAN STOCK EXCHANGE
FIIM;44.107.447/0001-30;INVESTO VANECK ETF MVIS CRYPTO COMPARE MEDIA & ENTERTAINMENT LEADERS BRAZIL FUNDO DE ÍNDICE - INVEST;2023-06-30;488275;4337516.45;INVESTIMENTO NO EXTERIOR;Outros;N;Para negociação;;;;;5362097.00;635689.01;;;GALA USD IVT;;2022-04-01;;;GALA GAMES USD;N;;;28;ESTADOS UNIDOS DA AMÉRICA;A1;AMERICAN STOCK EXCHANGE
FIIM;44.107.447/0001-30;INVESTO VANECK ETF MVIS CRYPTO COMPARE MEDIA & ENTERTAINMENT LEADERS BRAZIL FUNDO DE ÍNDICE - INVEST;2023-06-30;488275;4337516.45;INVESTIMENTO NO EXTERIOR;Outros;N;Para negociação;;;;;29102.00;830273.13;;;AXS USD IVT;;2022-04-01;;;AXS USD;N;;;28;ESTADOS UNIDOS DA AMÉRICA;A1;AMERICAN STOCK EXCHANGE
FIIM;44.107.447/0001-30;INVESTO VANECK ETF MVIS CRYPTO COMPARE MEDIA & ENTERTAINMENT LEADERS BRAZIL FUNDO DE ÍNDICE - INVEST;2023-06-30;488275;4337516.45;INVESTIMENTO NO EXTERIOR;Outros;N;Para negociação;;;;;470402.00;858792.86;;;MANA USD IVT;;2022-04-01;;;MANA USD;N;;;28;ESTADOS UNIDOS DA AMÉRICA;A1;AMERICAN STOCK EXCHANGE
FIIM;44.124.505/0001-33;HASHDEX CRYPTO METAVERSE FUNDO DE ÍNDICE;2023-06-30;487622;2201369.42;DISPONIBILIDADES;Outros;;Para negociação;;;;;;7842.36;;2023-09-28;;Disponibilidade;;;;;;;;;;;
FIIM;44.124.505/0001-33;HASHDEX CRYPTO METAVERSE FUNDO DE ÍNDICE;2023-06-30;487622;2201369.42;VALORES A PAGAR;Outros;;Para negociação;;;;;;8080.57;;2023-09-28;;Valores a Pagar;;;;;;;;;;;
FIIM;44.124.505/0001-33;HASHDEX CRYPTO METAVERSE FUNDO DE ÍNDICE;2023-06-30;487622;2201369.42;VALORES A RECEBER;Outros;;Para negociação;;;;;;2258.65;;2023-09-28;;Valores a Receber;;;;;;;;;;;
FIIM;44.124.505/0001-33;HASHDEX CRYPTO METAVERSE FUNDO DE ÍNDICE;2023-06-30;487622;2201369.42;INVESTIMENTO NO EXTERIOR;Outros;N;Para negociação;2.29;2650.63;0.00;0.00;5.56;6621.86;;2023-09-28;META 11 CLA;;2050-12-29;;;HASHDEX META 11;N;;;28;ESTADOS UNIDOS DA AMÉRICA;99;OUTRAS BOLSAS OU MERCADOS DE BALCÃO ORGANIZADOS
FIIM;44.124.505/0001-33;HASHDEX CRYPTO METAVERSE FUNDO DE ÍNDICE;2023-06-30;487622;2201369.42;INVESTIMENTO NO EXTERIOR;Outros;N;Para negociação;92.00;105712.64;0.00;0.00;1840.00;2191457.52;;2023-09-28;META 11 CLA;;2050-12-29;;;HASHDEX META 11;N;;;28;ESTADOS UNIDOS DA AMÉRICA;99;OUTRAS BOLSAS OU MERCADOS DE BALCÃO ORGANIZADOS
FIIM;45.064.129/0001-00;BTG PACTUAL TEVA  DEBÊNTURES DI FUNDO DE ÍNDICE;2023-06-30;486929;32125472.68;OPERAÇÕES COMPROMISSADAS;;N;Para negociação;0.00;0.00;0.00;0.00;2.00;8335.77;;;;;2030-08-15;;;;;760199;;;;;
FIIM;45.081.470/0001-65;BB ETF IAGRO-FFS B3 FUNDO DE ÍNDICE;2023-06-30;495172;33013791.82;;;;Para negociação;0.00;0.00;0.00;0.00;44.00;187838.90;;;760199;;;;;;;;2035-05-15;;;;
FIIM;45.081.470/0001-65;BB ETF IAGRO-FFS B3 FUNDO DE ÍNDICE;2023-06-30;495172;33013791.82;AÇÕES;;N;Para negociação;8500.00;144075.00;100.00;1733.85;17150.00;320876.50;;;PCAR3;;;;;;;;1997-09-02;;;;
FIIM;45.081.470/0001-65;BB ETF IAGRO-FFS B3 FUNDO DE ÍNDICE;2023-06-30;495172;33013791.82;AÇÕES;;N;Para negociação;15000.00;217350.00;200.00;2959.48;41100.00;609513.00;;;FHER3;;;;;;;;2007-04-12;;;;
FIIM;45.081.470/0001-65;BB ETF IAGRO-FFS B3 FUNDO DE ÍNDICE;2023-06-30;495172;33013791.82;AÇÕES;;N;Para negociação;5000.00;128580.00;100.00;2634.43;11555.00;302972.10;;;TUPY3;;;;;;;;1995-11-10;;;;
FIIM;45.081.470/0001-65;BB ETF IAGRO-FFS B3 FUNDO DE ÍNDICE;2023-06-30;495172;33013791.82;AÇÕES;;N;Para negociação;73500.00;636657.00;1100.00;10400.15;142240.00;1267358.40;;;BRFS3;;;;;;;;2009-12-10;;;;
FIIM;45.081.470/0001-65;BB ETF IAGRO-FFS B3 FUNDO DE ÍNDICE;2023-06-30;495172;33013791.82;AÇÕES;;N;Para negociação;25000.00;189500.00;400.00;3281.63;70400.00;557568.00;;;GMAT3;;;;;;;;2020-10-13;;;;
FIIM;45.081.470/0001-65;BB ETF IAGRO-FFS B3 FUNDO DE ÍNDICE;2023-06-30;495172;33013791.82;AÇÕES;;N;Para negociação;12000.00;454104.00;200.00;7363.83;35600.00;1215740.00;;;SMTO3;;;;;;;;2007-02-12;;;;
FIIM;45.081.470/0001-65;BB ETF IAGRO-FFS B3 FUNDO DE ÍNDICE;2023-06-30;495172;33013791.82;AÇÕES;;N;Para negociação;48500.00;336105.00;700.00;5343.66;95900.00;697193.00;;;MRFG3;;;;;;;;2007-06-28;;;;
FIIM;45.081.470/0001-65;BB ETF IAGRO-FFS B3 FUNDO DE ÍNDICE;2023-06-30;495172;33013791.82;AÇÕES;;N;Para negociação;10500.00;164724.00;200.00;2853.42;29400.00;440412.00;;;ARML3;;;;;;;;2021-07-28;;;;
FIIM;45.081.470/0001-65;BB ETF IAGRO-FFS B3 FUNDO DE ÍNDICE;2023-06-30;495172;33013791.82;AÇÕES;;N;Para negociação;45000.00;783450.00;700.00;13243.67;125000.00;2182500.00;;;JBSS3;;;;;;;;2007-03-29;;;;
FIIM;45.081.470/0001-65;BB ETF IAGRO-FFS B3 FUNDO DE ÍNDICE;2023-06-30;495172;33013791.82;AÇÕES;;N;Para negociação;43500.00;640668.00;700.00;10680.30;122100.00;1881561.00;;;ABEV3;;;;;;;;2013-11-11;;;;
FIIM;45.081.470/0001-65;BB ETF IAGRO-FFS B3 FUNDO DE ÍNDICE;2023-06-30;495172;33013791.82;AÇÕES;;N;Para negociação;21500.00;237145.00;300.00;3274.61;41600.00;465920.00;;;CRFB3;;;;;;;;2017-07-20;;;;
FIIM;45.081.470/0001-65;BB ETF IAGRO-FFS B3 FUNDO DE ÍNDICE;2023-06-30;495172;33013791.82;AÇÕES;;N;Para negociação;47000.00;159236.00;700.00;2556.25;91910.00;292273.80;;;HBSA3;;;;;;;;2020-09-25;;;;
FIIM;45.081.470/0001-65;BB ETF IAGRO-FFS B3 FUNDO DE ÍNDICE;2023-06-30;495172;33013791.82;AÇÕES;;N;Para negociação;14000.00;197624.00;200.00;2409.35;27430.00;332177.30;;;VAMO3;;;;;;;;2021-01-29;;;;
FIIM;45.081.470/0001-65;BB ETF IAGRO-FFS B3 FUNDO DE ÍNDICE;2023-06-30;495172;33013791.82;AÇÕES;;N;Para negociação;32500.00;276705.00;500.00;4582.30;90900.00;842643.00;;;RANI3;;;;;;;;1995-07-17;;;;
FIIM;45.081.470/0001-65;BB ETF IAGRO-FFS B3 FUNDO DE ÍNDICE;2023-06-30;495172;33013791.82;AÇÕES;;N;Para negociação;39000.00;286104.00;600.00;4718.33;107921.00;761922.26;;;CAML3;;;;;;;;2017-09-28;;;;
FIIM;45.081.470/0001-65;BB ETF IAGRO-FFS B3 FUNDO DE ÍNDICE;2023-06-30;495172;33013791.82;AÇÕES;;N;Para negociação;4000.00;312176.00;100.00;7870.92;10300.00;814421.00;;;ARZZ3;;;;;;;;2011-02-02;;;;
FIIM;45.081.470/0001-65;BB ETF IAGRO-FFS B3 FUNDO DE ÍNDICE;2023-06-30;495172;33013791.82;AÇÕES;;N;Para negociação;37500.00;395850.00;600.00;6681.33;86300.00;917369.00;;;BEEF3;;;;;;;;2007-07-20;;;;
FIIM;45.081.470/0001-65;BB ETF IAGRO-FFS B3 FUNDO DE ÍNDICE;2023-06-30;495172;33013791.82;AÇÕES;;N;Para negociação;75500.00;295356.00;1100.00;4644.31;148190.00;652036.00;;;RAIZ4;;;;;;;;2021-08-05;;;;
FIIM;45.081.470/0001-65;BB ETF IAGRO-FFS B3 FUNDO DE ÍNDICE;2023-06-30;495172;33013791.82;AÇÕES;;N;Para negociação;39500.00;490827.00;600.00;7989.95;;1516625.00;;;ASSAI - SEND ON;;;PJ;6057223000171;SENDAS DISTRIBUIDORA S.A.;;;;;;;
FIIM;45.081.470/0001-65;BB ETF IAGRO-FFS B3 FUNDO DE ÍNDICE;2023-06-30;495172;33013791.82;AÇÕES;;N;Para negociação;42500.00;721140.00;600.00;10751.36;118000.00;2107480.00;;;CSAN3;;;;;;;;2005-11-18;;;;
FIIM;45.081.470/0001-65;BB ETF IAGRO-FFS B3 FUNDO DE ÍNDICE;2023-06-30;495172;33013791.82;AÇÕES;;N;Para negociação;26500.00;335702.00;400.00;4982.50;73500.00;944475.00;;;TTEN3;;;;;;;;2021-07-12;;;;
FIIM;45.081.470/0001-65;BB ETF IAGRO-FFS B3 FUNDO DE ÍNDICE;2023-06-30;495172;33013791.82;AÇÕES;;N;Para negociação;6500.00;266409.00;100.00;4142.04;18700.00;796059.00;;;MDIA3;;;;;;;;2006-10-18;;;;
FIIM;45.081.470/0001-65;BB ETF IAGRO-FFS B3 FUNDO DE ÍNDICE;2023-06-30;495172;33013791.82;AÇÕES;;N;Para negociação;12500.00;289975.00;200.00;4892.46;27087.00;663902.37;;;AGRO3;;;;;;;;2006-05-02;;;;
FIIM;45.081.470/0001-65;BB ETF IAGRO-FFS B3 FUNDO DE ÍNDICE;2023-06-30;495172;33013791.82;AÇÕES;;N;Para negociação;13000.00;151008.00;200.00;2401.20;36200.00;440554.00;;;RAPT4;;;;;;;;1996-04-16;;;;
FIIM;45.081.470/0001-65;BB ETF IAGRO-FFS B3 FUNDO DE ÍNDICE;2023-06-30;495172;33013791.82;AÇÕES;;N;Para negociação;35500.00;296922.00;500.00;4117.05;;749495.84;;;JALLES MACHA ON;;;PJ;2635522000195;JALLES MACHADO S.A.;;;;;;;
FIIM;45.081.470/0001-65;BB ETF IAGRO-FFS B3 FUNDO DE ÍNDICE;2023-06-30;495172;33013791.82;AÇÕES;;N;Para negociação;52500.00;464625.00;800.00;7435.68;145679.00;1216419.65;;;DXCO3;;;;;;;;2021-08-19;;;;
FIIM;45.081.470/0001-65;BB ETF IAGRO-FFS B3 FUNDO DE ÍNDICE;2023-06-30;495172;33013791.82;AÇÕES;;N;Para negociação;9500.00;345458.00;100.00;3678.83;26090.00;997159.80;;;SLCE3;;;;;;;;2007-06-15;;;;
FIIM;45.081.470/0001-65;BB ETF IAGRO-FFS B3 FUNDO DE ÍNDICE;2023-06-30;495172;33013791.82;AÇÕES;;N;Para negociação;19500.00;890448.00;300.00;13888.00;38030.00;1681686.60;;;SUZB3;;;;;;;;2004-08-05;;;;
FIIM;45.081.470/0001-65;BB ETF IAGRO-FFS B3 FUNDO DE ÍNDICE;2023-06-30;495172;33013791.82;AÇÕES;;N;Para negociação;13000.00;112424.00;200.00;1764.86;37004.00;350057.84;;;KEPL3;;;;;;;;1996-03-18;;;;
FIIM;45.081.470/0001-65;BB ETF IAGRO-FFS B3 FUNDO DE ÍNDICE;2023-06-30;495172;33013791.82;AÇÕES;;N;Para negociação;28500.00;639825.00;400.00;8876.42;72609.00;1611919.80;;;RAIL3;;;;;;;;2017-03-13;;;;
FIIM;45.081.470/0001-65;BB ETF IAGRO-FFS B3 FUNDO DE ÍNDICE;2023-06-30;495172;33013791.82;DISPONIBILIDADES;;;Para negociação;;;;;;59452.27;;;BANCO BRASIL CAIXA;;;PJ;191;BCO BRASIL SA;;;;;;;
FIIM;45.081.470/0001-65;BB ETF IAGRO-FFS B3 FUNDO DE ÍNDICE;2023-06-30;495172;33013791.82;VALORES A PAGAR;;;Para negociação;;;;;;946.91;;;PROV.AUDIT 28/03/24;;;;;;;;;;;;
FIIM;45.081.470/0001-65;BB ETF IAGRO-FFS B3 FUNDO DE ÍNDICE;2023-06-30;495172;33013791.82;VALORES A PAGAR;;;Para negociação;;;;;;292.38;;;TXCUSTÓDIA A PAGAR;;;;;;;;;;;;
FIIM;45.081.470/0001-65;BB ETF IAGRO-FFS B3 FUNDO DE ÍNDICE;2023-06-30;495172;33013791.82;VALORES A PAGAR;;;Para negociação;;;;;;4400.00;;;AUDITORIA A PAGAR;;;;;;;;;;;;
FIIM;45.081.470/0001-65;BB ETF IAGRO-FFS B3 FUNDO DE ÍNDICE;2023-06-30;495172;33013791.82;VALORES A PAGAR;;;Para negociação;;;;;;453.98;;;TAXA ADMIN A PAGAR;;;;;;;;;;;;
FIIM;45.081.470/0001-65;BB ETF IAGRO-FFS B3 FUNDO DE ÍNDICE;2023-06-30;495172;33013791.82;VALORES A PAGAR;;;Para negociação;;;;;;32.91;;;SELIC A PAGAR;;;;;;;;;;;;
FIIM;45.081.470/0001-65;BB ETF IAGRO-FFS B3 FUNDO DE ÍNDICE;2023-06-30;495172;33013791.82;VALORES A RECEBER;;;Para negociação;;;;;;16273.68;;;Outros Valores;;;;;;;;;;;;
FIIM;45.081.470/0001-65;BB ETF IAGRO-FFS B3 FUNDO DE ÍNDICE;2023-06-30;495172;33013791.82;VALORES A RECEBER;;;Para negociação;;;;;;2138.36;;;DEXCO DIREITOS;;;PJ;97837181000147;DEXCO SA;;;;;;;
FIIM;45.081.470/0001-65;BB ETF IAGRO-FFS B3 FUNDO DE ÍNDICE;2023-06-30;495172;33013791.82;VALORES A RECEBER;;;Para negociação;;;;;;8174.20;;;FUND TUPY DIVIDEND;;;PJ;84683374000149;TUPY SA;;;;;;;
FIIM;45.081.470/0001-65;BB ETF IAGRO-FFS B3 FUNDO DE ÍNDICE;2023-06-30;495172;33013791.82;VALORES A RECEBER;;;Para negociação;;;;;;410.10;;;PROV REMUN DOADA;;;;;;;;;;;;
FIIM;45.081.470/0001-65;BB ETF IAGRO-FFS B3 FUNDO DE ÍNDICE;2023-06-30;495172;33013791.82;VALORES A RECEBER;;;Para negociação;;;;;;15930.70;;;SAO MARTINHO DIREITOS;;;PJ;51466860000156;SAO MARTINHO SA;;;;;;;
FIIM;45.081.470/0001-65;BB ETF IAGRO-FFS B3 FUNDO DE ÍNDICE;2023-06-30;495172;33013791.82;VALORES A RECEBER;;;Para negociação;;;;;;6934.80;;;DIFERIR CVM 29/12/23;;;;;;;;;;;;
FIIM;45.081.470/0001-65;BB ETF IAGRO-FFS B3 FUNDO DE ÍNDICE;2023-06-30;495172;33013791.82;VALORES A RECEBER;;;Para negociação;;;;;;911.61;;;VAMO LOCACOE DIREITOS;;;PJ;23373000000132;VAMOS LOCAÇÃO;;;;;;;
FIIM;45.081.470/0001-65;BB ETF IAGRO-FFS B3 FUNDO DE ÍNDICE;2023-06-30;495172;33013791.82;VALORES A RECEBER;;;Para negociação;;;;;;5010.51;;;CARREFOUR DIREITOS;;;PJ;75315333000109;ATACADAO SA;;;;;;;
FIIM;45.081.470/0001-65;BB ETF IAGRO-FFS B3 FUNDO DE ÍNDICE;2023-06-30;495172;33013791.82;VALORES A RECEBER;;;Para negociação;;;;;;351.12;;;ANBIMA DIF 31/07/23;;;;;;;;;;;;
FIIM;45.081.470/0001-65;BB ETF IAGRO-FFS B3 FUNDO DE ÍNDICE;2023-06-30;495172;33013791.82;VALORES A RECEBER;;;Para negociação;;;;;;1400.40;;;ARMAC DIREITOS;;;PJ;242184000104;ARMAC LOCAÇÃO, LOGÍSTICA E SERVIÇOS S.A.;;;;;;;
FIIM;45.081.470/0001-65;BB ETF IAGRO-FFS B3 FUNDO DE ÍNDICE;2023-06-30;495172;33013791.82;VALORES A RECEBER;;;Para negociação;;;;;;5171.90;;;TUPY ON JSCP;;;PJ;84683374000149;TUPY SA;;;;;;;
FIIM;45.081.470/0001-65;BB ETF IAGRO-FFS B3 FUNDO DE ÍNDICE;2023-06-30;495172;33013791.82;MERCADO FUTURO - POSIÇÕES COMPRADAS;;;Para negociação;1.00;122295.00;2.00;238560.00;;-671.00;;;IND FUTURO BMF - 16/08/2023;;;PJ;54641030000106;BOLSA MERCADORIAS FUTUROS BMF SA;;;;;;;
FIIM;45.081.470/0001-65;BB ETF IAGRO-FFS B3 FUNDO DE ÍNDICE;2023-06-30;495172;33013791.82;MERCADO FUTURO - POSIÇÕES COMPRADAS;;;Para negociação;2.00;233696.00;0.00;0.00;;0.00;;;IND FUTURO BMF - 14/06/2023;;;PJ;54641030000106;BOLSA MERCADORIAS FUTUROS BMF SA;;;;;;;
FIIM;45.081.470/0001-65;BB ETF IAGRO-FFS B3 FUNDO DE ÍNDICE;2023-06-30;495172;33013791.82;AÇÕES E OUTROS TVM CEDIDOS EM EMPRÉSTIMO;;N;Para negociação;;;;;7291.00;161860.20;;;RAIL3;;;;;;;;2017-03-13;;;;
FIIM;45.081.470/0001-65;BB ETF IAGRO-FFS B3 FUNDO DE ÍNDICE;2023-06-30;495172;33013791.82;AÇÕES E OUTROS TVM CEDIDOS EM EMPRÉSTIMO;;N;Para negociação;;;;;40000.00;290800.00;;;MRFG3;;;;;;;;2007-06-28;;;;
FIIM;45.081.470/0001-65;BB ETF IAGRO-FFS B3 FUNDO DE ÍNDICE;2023-06-30;495172;33013791.82;AÇÕES E OUTROS TVM CEDIDOS EM EMPRÉSTIMO;;N;Para negociação;;;;;60960.00;543153.60;;;BRFS3;;;;;;;;2009-12-10;;;;
FIIM;45.081.470/0001-65;BB ETF IAGRO-FFS B3 FUNDO DE ÍNDICE;2023-06-30;495172;33013791.82;AÇÕES E OUTROS TVM CEDIDOS EM EMPRÉSTIMO;;N;Para negociação;;;;;7350.00;137518.50;;;PCAR3;;;;;;;;1997-09-02;;;;
FIIM;45.081.470/0001-65;BB ETF IAGRO-FFS B3 FUNDO DE ÍNDICE;2023-06-30;495172;33013791.82;AÇÕES E OUTROS TVM CEDIDOS EM EMPRÉSTIMO;;N;Para negociação;;;;;;248.16;;;JALL3;;;PJ;2635522000195;JALLES MACHADO S.A.;;;;;;;
FIIM;45.081.470/0001-65;BB ETF IAGRO-FFS B3 FUNDO DE ÍNDICE;2023-06-30;495172;33013791.82;AÇÕES E OUTROS TVM CEDIDOS EM EMPRÉSTIMO;;N;Para negociação;;;;;7113.00;174339.63;;;AGRO3;;;;;;;;2006-05-02;;;;
FIIM;45.081.470/0001-65;BB ETF IAGRO-FFS B3 FUNDO DE ÍNDICE;2023-06-30;495172;33013791.82;AÇÕES E OUTROS TVM CEDIDOS EM EMPRÉSTIMO;;N;Para negociação;;;;;39390.00;125260.20;;;HBSA3;;;;;;;;2020-09-25;;;;
FIIM;45.081.470/0001-65;BB ETF IAGRO-FFS B3 FUNDO DE ÍNDICE;2023-06-30;495172;33013791.82;AÇÕES E OUTROS TVM CEDIDOS EM EMPRÉSTIMO;;N;Para negociação;;;;;17700.00;198240.00;;;CRFB3;;;;;;;;2017-07-20;;;;
FIIM;45.081.470/0001-65;BB ETF IAGRO-FFS B3 FUNDO DE ÍNDICE;2023-06-30;495172;33013791.82;AÇÕES E OUTROS TVM CEDIDOS EM EMPRÉSTIMO;;N;Para negociação;;;;;19000.00;201970.00;;;BEEF3;;;;;;;;2007-07-20;;;;
FIIM;45.081.470/0001-65;BB ETF IAGRO-FFS B3 FUNDO DE ÍNDICE;2023-06-30;495172;33013791.82;AÇÕES E OUTROS TVM CEDIDOS EM EMPRÉSTIMO;;N;Para negociação;;;;;1645.00;43131.90;;;TUPY3;;;;;;;;1995-11-10;;;;
FIIM;45.081.470/0001-65;BB ETF IAGRO-FFS B3 FUNDO DE ÍNDICE;2023-06-30;495172;33013791.82;AÇÕES E OUTROS TVM CEDIDOS EM EMPRÉSTIMO;;N;Para negociação;;;;;240.00;2004.00;;;DXCO3;;;;;;;;2021-08-19;;;;
FIIM;45.081.470/0001-65;BB ETF IAGRO-FFS B3 FUNDO DE ÍNDICE;2023-06-30;495172;33013791.82;AÇÕES E OUTROS TVM CEDIDOS EM EMPRÉSTIMO;;N;Para negociação;;;;;179.00;1263.74;;;CAML3;;;;;;;;2017-09-28;;;;
FIIM;45.081.470/0001-65;BB ETF IAGRO-FFS B3 FUNDO DE ÍNDICE;2023-06-30;495172;33013791.82;AÇÕES E OUTROS TVM CEDIDOS EM EMPRÉSTIMO;;N;Para negociação;;;;;16170.00;715037.40;;;SUZB3;;;;;;;;2004-08-05;;;;
FIIM;45.081.470/0001-65;BB ETF IAGRO-FFS B3 FUNDO DE ÍNDICE;2023-06-30;495172;33013791.82;AÇÕES E OUTROS TVM CEDIDOS EM EMPRÉSTIMO;;N;Para negociação;;;;;11670.00;141323.70;;;VAMO3;;;;;;;;2021-01-29;;;;
FIIM;45.081.470/0001-65;BB ETF IAGRO-FFS B3 FUNDO DE ÍNDICE;2023-06-30;495172;33013791.82;AÇÕES E OUTROS TVM CEDIDOS EM EMPRÉSTIMO;;N;Para negociação;;;;;63510.00;279444.00;;;RAIZ4;;;;;;;;2021-08-05;;;;
FIIM;45.081.470/0001-65;BB ETF IAGRO-FFS B3 FUNDO DE ÍNDICE;2023-06-30;495172;33013791.82;AÇÕES E OUTROS TVM CEDIDOS EM EMPRÉSTIMO;;N;Para negociação;;;;;96.00;908.16;;;KEPL3;;;;;;;;1996-03-18;;;;
FIIM;45.081.470/0001-65;BB ETF IAGRO-FFS B3 FUNDO DE ÍNDICE;2023-06-30;495172;33013791.82;CERTIFICADO OU RECIBO DE DEPÓSITO DE VALORES MOBILIÁRIOS;;N;Para negociação;34000.00;723996.00;500.00;11290.60;;2063796.00;;;KLABIN UNT N2;;;PJ;89637490000145;KLABIN SA;;;;;;;
FIIM;45.814.375/0001-23;INVESTO  MARKETVECTOR BRAZIL GLOBAL EXPOSURE ETF - FUNDO DE INVESTIMENTO  DE ÍNDICE;2023-06-30;488172;2106182.43;AÇÕES;Ação ordinária;N;Para negociação;0.00;0.00;0.00;0.00;3475.00;153664.50;;2023-09-28;SUZB3;;;;;;;;2004-08-05;;;;
FIIM;45.814.375/0001-23;INVESTO  MARKETVECTOR BRAZIL GLOBAL EXPOSURE ETF - FUNDO DE INVESTIMENTO  DE ÍNDICE;2023-06-30;488172;2106182.43;AÇÕES;Ação ordinária;N;Para negociação;0.00;0.00;0.00;0.00;7183.00;120243.42;;2023-09-28;NTCO3;;;;;;;;2019-12-18;;;;
FIIM;45.814.375/0001-23;INVESTO  MARKETVECTOR BRAZIL GLOBAL EXPOSURE ETF - FUNDO DE INVESTIMENTO  DE ÍNDICE;2023-06-30;488172;2106182.43;AÇÕES;Ação ordinária;N;Para negociação;0.00;0.00;0.00;0.00;5191.00;64835.59;;2023-09-28;MYPK3;;;;;;;;1984-09-14;;;;
FIIM;45.814.375/0001-23;INVESTO  MARKETVECTOR BRAZIL GLOBAL EXPOSURE ETF - FUNDO DE INVESTIMENTO  DE ÍNDICE;2023-06-30;488172;2106182.43;AÇÕES;Ação ordinária;N;Para negociação;0.00;0.00;0.00;0.00;14192.00;59322.56;;2023-09-28;CMIN3;;;;;;;;2021-05-03;;;;
FIIM;45.814.375/0001-23;INVESTO  MARKETVECTOR BRAZIL GLOBAL EXPOSURE ETF - FUNDO DE INVESTIMENTO  DE ÍNDICE;2023-06-30;488172;2106182.43;AÇÕES;Ação ordinária;N;Para negociação;0.00;0.00;0.00;0.00;4107.00;155039.25;;2023-09-28;WEGE3;;;;;;;;2004-08-02;;;;
FIIM;45.814.375/0001-23;INVESTO  MARKETVECTOR BRAZIL GLOBAL EXPOSURE ETF - FUNDO DE INVESTIMENTO  DE ÍNDICE;2023-06-30;488172;2106182.43;AÇÕES;Ação ordinária;N;Para negociação;0.00;0.00;0.00;0.00;8314.00;145162.44;;2023-09-28;JBSS3;;;;;;;;2007-03-29;;;;
FIIM;45.814.375/0001-23;INVESTO  MARKETVECTOR BRAZIL GLOBAL EXPOSURE ETF - FUNDO DE INVESTIMENTO  DE ÍNDICE;2023-06-30;488172;2106182.43;AÇÕES;Ação ordinária;N;Para negociação;0.00;0.00;0.00;0.00;7508.00;79810.04;;2023-09-28;BEEF3;;;;;;;;2007-07-20;;;;
FIIM;45.814.375/0001-23;INVESTO  MARKETVECTOR BRAZIL GLOBAL EXPOSURE ETF - FUNDO DE INVESTIMENTO  DE ÍNDICE;2023-06-30;488172;2106182.43;AÇÕES;Ação ordinária;N;Para negociação;0.00;0.00;0.00;0.00;7287.00;64927.17;;2023-09-28;BRFS3;;;;;;;;2009-12-10;;;;
FIIM;45.814.375/0001-23;INVESTO  MARKETVECTOR BRAZIL GLOBAL EXPOSURE ETF - FUNDO DE INVESTIMENTO  DE ÍNDICE;2023-06-30;488172;2106182.43;AÇÕES;Ação ordinária;N;Para negociação;0.00;0.00;0.00;0.00;1910.00;122660.20;;2023-09-28;VALE3;;;;;;;;1982-02-15;;;;
FIIM;45.814.375/0001-23;INVESTO  MARKETVECTOR BRAZIL GLOBAL EXPOSURE ETF - FUNDO DE INVESTIMENTO  DE ÍNDICE;2023-06-30;488172;2106182.43;AÇÕES;Ação ordinária;N;Para negociação;0.00;0.00;0.00;0.00;1971.00;85837.05;;2023-09-28;IRBR3;;;;;;;;2017-07-31;;;;
FIIM;45.814.375/0001-23;INVESTO  MARKETVECTOR BRAZIL GLOBAL EXPOSURE ETF - FUNDO DE INVESTIMENTO  DE ÍNDICE;2023-06-30;488172;2106182.43;AÇÕES;Ação ordinária;N;Para negociação;0.00;0.00;0.00;0.00;5546.00;102822.84;;2023-09-28;EMBR3;;;;;;;;1989-08-28;;;;
FIIM;45.814.375/0001-23;INVESTO  MARKETVECTOR BRAZIL GLOBAL EXPOSURE ETF - FUNDO DE INVESTIMENTO  DE ÍNDICE;2023-06-30;488172;2106182.43;AÇÕES;Ação ordinária;N;Para negociação;0.00;0.00;0.00;0.00;4959.00;60152.67;;2023-09-28;CSNA3;;;;;;;;1993-08-02;;;;
FIIM;45.814.375/0001-23;INVESTO  MARKETVECTOR BRAZIL GLOBAL EXPOSURE ETF - FUNDO DE INVESTIMENTO  DE ÍNDICE;2023-06-30;488172;2106182.43;AÇÕES;Ação ordinária;N;Para negociação;0.00;0.00;0.00;0.00;16441.00;119526.07;;2023-09-28;MRFG3;;;;;;;;2007-06-28;;;;
FIIM;45.814.375/0001-23;INVESTO  MARKETVECTOR BRAZIL GLOBAL EXPOSURE ETF - FUNDO DE INVESTIMENTO  DE ÍNDICE;2023-06-30;488172;2106182.43;AÇÕES;Ação ordinária;N;Para negociação;0.00;0.00;0.00;0.00;1310.00;50068.20;;2023-09-28;SLCE3;;;;;;;;2007-06-15;;;;
FIIM;45.814.375/0001-23;INVESTO  MARKETVECTOR BRAZIL GLOBAL EXPOSURE ETF - FUNDO DE INVESTIMENTO  DE ÍNDICE;2023-06-30;488172;2106182.43;AÇÕES;Ação ordinária;N;Para negociação;0.00;0.00;0.00;0.00;12126.00;186861.66;;2023-09-28;ABEV3;;;;;;;;2013-11-11;;;;
FIIM;45.814.375/0001-23;INVESTO  MARKETVECTOR BRAZIL GLOBAL EXPOSURE ETF - FUNDO DE INVESTIMENTO  DE ÍNDICE;2023-06-30;488172;2106182.43;AÇÕES;Ação ordinária;N;Para negociação;0.00;0.00;0.00;0.00;1578.00;53888.70;;2023-09-28;SMTO3;;;;;;;;2007-02-12;;;;
FIIM;45.814.375/0001-23;INVESTO  MARKETVECTOR BRAZIL GLOBAL EXPOSURE ETF - FUNDO DE INVESTIMENTO  DE ÍNDICE;2023-06-30;488172;2106182.43;AÇÕES;Ação ordinária;N;Para negociação;0.00;0.00;0.00;0.00;3892.00;144315.36;;2023-09-28;PRIO3;;;;;;;;2015-06-26;;;;
FIIM;45.814.375/0001-23;INVESTO  MARKETVECTOR BRAZIL GLOBAL EXPOSURE ETF - FUNDO DE INVESTIMENTO  DE ÍNDICE;2023-06-30;488172;2106182.43;AÇÕES;Ação preferencial;N;Para negociação;0.00;0.00;0.00;0.00;4055.00;47930.10;;2023-09-28;GOAU4;;;;;;;;1973-08-27;;;;
FIIM;45.814.375/0001-23;INVESTO  MARKETVECTOR BRAZIL GLOBAL EXPOSURE ETF - FUNDO DE INVESTIMENTO  DE ÍNDICE;2023-06-30;488172;2106182.43;AÇÕES;Ação preferencial;N;Para negociação;0.00;0.00;0.00;0.00;4751.00;132362.86;;2023-09-28;BRKM5;;;;;;;;2002-09-02;;;;
FIIM;45.814.375/0001-23;INVESTO  MARKETVECTOR BRAZIL GLOBAL EXPOSURE ETF - FUNDO DE INVESTIMENTO  DE ÍNDICE;2023-06-30;488172;2106182.43;AÇÕES;Ação preferencial;N;Para negociação;0.00;0.00;0.00;0.00;2534.00;56280.14;;2023-09-28;BRAP4;;;;;;;;2000-08-10;;;;
FIIM;45.814.375/0001-23;INVESTO  MARKETVECTOR BRAZIL GLOBAL EXPOSURE ETF - FUNDO DE INVESTIMENTO  DE ÍNDICE;2023-06-30;488172;2106182.43;AÇÕES;Ação preferencial;N;Para negociação;0.00;0.00;0.00;0.00;1885.00;47256.95;;2023-09-28;GGBR4;;;;;;;;2001-02-01;;;;
FIIM;45.814.375/0001-23;INVESTO  MARKETVECTOR BRAZIL GLOBAL EXPOSURE ETF - FUNDO DE INVESTIMENTO  DE ÍNDICE;2023-06-30;488172;2106182.43;DISPONIBILIDADES;Outros;;Para negociação;;;;;;3000.00;;2023-09-28;;Disponibilidade;;;;;;;;;;;
FIIM;45.814.375/0001-23;INVESTO  MARKETVECTOR BRAZIL GLOBAL EXPOSURE ETF - FUNDO DE INVESTIMENTO  DE ÍNDICE;2023-06-30;488172;2106182.43;VALORES A PAGAR;Outros;;Para negociação;;;;;;577.35;;2023-09-28;;Valores a Pagar;;;;;;;;;;;
FIIM;45.814.375/0001-23;INVESTO  MARKETVECTOR BRAZIL GLOBAL EXPOSURE ETF - FUNDO DE INVESTIMENTO  DE ÍNDICE;2023-06-30;488172;2106182.43;VALORES A RECEBER;Outros;;Para negociação;;;;;;1160.86;;2023-09-28;;Valores a Receber;;;;;;;;;;;
FIIM;45.814.400/0001-79;INVESTO MARKETVECTOR BRAZIL SMALL CAP VALUE ETF - FUNDO DE INVESTIMENTO DE ÍNDICE;2023-06-30;488171;1940832.22;AÇÕES;Ação ordinária;N;Para negociação;0.00;0.00;0.00;0.00;2153.00;17094.82;;2023-09-28;BOAS3;;;;;;;;2020-09-30;;;;
FIIM;45.814.400/0001-79;INVESTO MARKETVECTOR BRAZIL SMALL CAP VALUE ETF - FUNDO DE INVESTIMENTO DE ÍNDICE;2023-06-30;488171;1940832.22;AÇÕES;Ação ordinária;N;Para negociação;0.00;0.00;0.00;0.00;2566.00;18115.96;;2023-09-28;CAML3;;;;;;;;2017-09-28;;;;
FIIM;45.814.400/0001-79;INVESTO MARKETVECTOR BRAZIL SMALL CAP VALUE ETF - FUNDO DE INVESTIMENTO DE ÍNDICE;2023-06-30;488171;1940832.22;AÇÕES;Ação ordinária;N;Para negociação;0.00;0.00;0.00;0.00;12192.00;16215.36;;2023-09-28;AERI3;;;;;;;;2020-11-11;;;;
FIIM;45.814.400/0001-79;INVESTO MARKETVECTOR BRAZIL SMALL CAP VALUE ETF - FUNDO DE INVESTIMENTO DE ÍNDICE;2023-06-30;488171;1940832.22;AÇÕES;Ação ordinária;N;Para negociação;0.00;0.00;0.00;0.00;5426.00;21975.30;;2023-09-28;PGMN3;;;;;;;;2020-09-02;;;;
FIIM;45.814.400/0001-79;INVESTO MARKETVECTOR BRAZIL SMALL CAP VALUE ETF - FUNDO DE INVESTIMENTO DE ÍNDICE;2023-06-30;488171;1940832.22;AÇÕES;Ação ordinária;N;Para negociação;0.00;0.00;0.00;0.00;10792.00;23202.80;;2023-09-28;VIIA3;;;;;;;;2021-08-16;;;;
FIIM;45.814.400/0001-79;INVESTO MARKETVECTOR BRAZIL SMALL CAP VALUE ETF - FUNDO DE INVESTIMENTO DE ÍNDICE;2023-06-30;488171;1940832.22;AÇÕES;Ação ordinária;N;Para negociação;0.00;0.00;0.00;0.00;2399.00;17944.52;;2023-09-28;GRND3;;;;;;;;2004-10-29;;;;
FIIM;45.814.400/0001-79;INVESTO MARKETVECTOR BRAZIL SMALL CAP VALUE ETF - FUNDO DE INVESTIMENTO DE ÍNDICE;2023-06-30;488171;1940832.22;AÇÕES;Ação ordinária;N;Para negociação;0.00;0.00;0.00;0.00;1482.00;16702.14;;2023-09-28;MILS3;;;;;;;;2010-04-16;;;;
FIIM;45.814.400/0001-79;INVESTO MARKETVECTOR BRAZIL SMALL CAP VALUE ETF - FUNDO DE INVESTIMENTO DE ÍNDICE;2023-06-30;488171;1940832.22;AÇÕES;Ação ordinária;N;Para negociação;0.00;0.00;0.00;0.00;639.00;16754.58;;2023-09-28;TUPY3;;;;;;;;1973-06-13;;;;
FIIM;45.814.400/0001-79;INVESTO MARKETVECTOR BRAZIL SMALL CAP VALUE ETF - FUNDO DE INVESTIMENTO DE ÍNDICE;2023-06-30;488171;1940832.22;AÇÕES;Ação ordinária;N;Para negociação;0.00;0.00;0.00;0.00;4202.00;17270.22;;2023-09-28;FIQE3;;;;;;;;2021-07-27;;;;
FIIM;45.814.400/0001-79;INVESTO MARKETVECTOR BRAZIL SMALL CAP VALUE ETF - FUNDO DE INVESTIMENTO DE ÍNDICE;2023-06-30;488171;1940832.22;AÇÕES;Ação ordinária;N;Para negociação;0.00;0.00;0.00;0.00;2345.00;23825.20;;2023-09-28;STBP3;;;;;;;;2007-11-21;;;;
FIIM;45.814.400/0001-79;INVESTO MARKETVECTOR BRAZIL SMALL CAP VALUE ETF - FUNDO DE INVESTIMENTO DE ÍNDICE;2023-06-30;488171;1940832.22;AÇÕES;Ação ordinária;N;Para negociação;0.00;0.00;0.00;0.00;1109.00;22324.17;;2023-09-28;CYRE3;;;;;;;;1996-05-27;;;;
FIIM;45.814.400/0001-79;INVESTO MARKETVECTOR BRAZIL SMALL CAP VALUE ETF - FUNDO DE INVESTIMENTO DE ÍNDICE;2023-06-30;488171;1940832.22;AÇÕES;Ação ordinária;N;Para negociação;0.00;0.00;0.00;0.00;625.00;11981.25;;2023-09-28;RECV3;;;;;;;;2021-05-05;;;;
FIIM;45.814.400/0001-79;INVESTO MARKETVECTOR BRAZIL SMALL CAP VALUE ETF - FUNDO DE INVESTIMENTO DE ÍNDICE;2023-06-30;488171;1940832.22;AÇÕES;Ação ordinária;N;Para negociação;0.00;0.00;0.00;0.00;1475.00;27597.25;;2023-09-28;PCAR3;;;;;;;;1995-10-03;;;;
FIIM;45.814.400/0001-79;INVESTO MARKETVECTOR BRAZIL SMALL CAP VALUE ETF - FUNDO DE INVESTIMENTO DE ÍNDICE;2023-06-30;488171;1940832.22;AÇÕES;Ação ordinária;N;Para negociação;0.00;0.00;0.00;0.00;2017.00;21501.22;;2023-09-28;MATD3;;;;;;;;2021-04-16;;;;
FIIM;45.814.400/0001-79;INVESTO MARKETVECTOR BRAZIL SMALL CAP VALUE ETF - FUNDO DE INVESTIMENTO DE ÍNDICE;2023-06-30;488171;1940832.22;AÇÕES;Ação ordinária;N;Para negociação;0.00;0.00;0.00;0.00;2174.00;27283.70;;2023-09-28;ODPV3;;;;;;;;2006-12-01;;;;
FIIM;45.814.400/0001-79;INVESTO MARKETVECTOR BRAZIL SMALL CAP VALUE ETF - FUNDO DE INVESTIMENTO DE ÍNDICE;2023-06-30;488171;1940832.22;AÇÕES;Ação ordinária;N;Para negociação;0.00;0.00;0.00;0.00;3452.00;36349.56;;2023-09-28;MOVI3;;;;;;;;2017-02-08;;;;
FIIM;45.814.400/0001-79;INVESTO MARKETVECTOR BRAZIL SMALL CAP VALUE ETF - FUNDO DE INVESTIMENTO DE ÍNDICE;2023-06-30;488171;1940832.22;AÇÕES;Ação ordinária;N;Para negociação;0.00;0.00;0.00;0.00;729.00;17867.79;;2023-09-28;AGRO3;;;;;;;;2006-05-02;;;;
FIIM;45.814.400/0001-79;INVESTO MARKETVECTOR BRAZIL SMALL CAP VALUE ETF - FUNDO DE INVESTIMENTO DE ÍNDICE;2023-06-30;488171;1940832.22;AÇÕES;Ação ordinária;N;Para negociação;0.00;0.00;0.00;0.00;1483.00;19056.55;;2023-09-28;TTEN3;;;;;;;;2021-07-12;;;;
FIIM;45.814.400/0001-79;INVESTO MARKETVECTOR BRAZIL SMALL CAP VALUE ETF - FUNDO DE INVESTIMENTO DE ÍNDICE;2023-06-30;488171;1940832.22;AÇÕES;Ação ordinária;N;Para negociação;0.00;0.00;0.00;0.00;2324.00;21543.48;;2023-09-28;RANI3;;;;;;;;1981-06-10;;;;
FIIM;45.814.400/0001-79;INVESTO MARKETVECTOR BRAZIL SMALL CAP VALUE ETF - FUNDO DE INVESTIMENTO DE ÍNDICE;2023-06-30;488171;1940832.22;AÇÕES;Ação ordinária;N;Para negociação;0.00;0.00;0.00;0.00;648.00;30157.92;;2023-09-28;LEVE3;;;;;;;;1973-04-30;;;;
FIIM;45.814.400/0001-79;INVESTO MARKETVECTOR BRAZIL SMALL CAP VALUE ETF - FUNDO DE INVESTIMENTO DE ÍNDICE;2023-06-30;488171;1940832.22;AÇÕES;Ação ordinária;N;Para negociação;0.00;0.00;0.00;0.00;1862.00;9384.48;;2023-09-28;CBAV3;;;;;;;;2021-07-15;;;;
FIIM;45.814.400/0001-79;INVESTO MARKETVECTOR BRAZIL SMALL CAP VALUE ETF - FUNDO DE INVESTIMENTO DE ÍNDICE;2023-06-30;488171;1940832.22;AÇÕES;Ação ordinária;N;Para negociação;0.00;0.00;0.00;0.00;1277.00;23522.34;;2023-09-28;EZTC3;;;;;;;;2007-06-22;;;;
FIIM;45.814.400/0001-79;INVESTO MARKETVECTOR BRAZIL SMALL CAP VALUE ETF - FUNDO DE INVESTIMENTO DE ÍNDICE;2023-06-30;488171;1940832.22;AÇÕES;Ação ordinária;N;Para negociação;0.00;0.00;0.00;0.00;996.00;28366.08;;2023-09-28;VIVA3;;;;;;;;2019-10-10;;;;
FIIM;45.814.400/0001-79;INVESTO MARKETVECTOR BRAZIL SMALL CAP VALUE ETF - FUNDO DE INVESTIMENTO DE ÍNDICE;2023-06-30;488171;1940832.22;AÇÕES;Ação ordinária;N;Para negociação;0.00;0.00;0.00;0.00;2045.00;28098.30;;2023-09-28;ENAT3;;;;;;;;2019-04-24;;;;
FIIM;45.814.400/0001-79;INVESTO MARKETVECTOR BRAZIL SMALL CAP VALUE ETF - FUNDO DE INVESTIMENTO DE ÍNDICE;2023-06-30;488171;1940832.22;AÇÕES;Ação ordinária;N;Para negociação;0.00;0.00;0.00;0.00;785.00;29272.65;;2023-09-28;ORVR3;;;;;;;;2021-02-17;;;;
FIIM;45.814.400/0001-79;INVESTO MARKETVECTOR BRAZIL SMALL CAP VALUE ETF - FUNDO DE INVESTIMENTO DE ÍNDICE;2023-06-30;488171;1940832.22;AÇÕES;Ação ordinária;N;Para negociação;0.00;0.00;0.00;0.00;5039.00;24388.76;;2023-09-28;QUAL3;;;;;;;;2011-06-29;;;;
FIIM;45.814.400/0001-79;INVESTO MARKETVECTOR BRAZIL SMALL CAP VALUE ETF - FUNDO DE INVESTIMENTO DE ÍNDICE;2023-06-30;488171;1940832.22;AÇÕES;Ação ordinária;N;Para negociação;0.00;0.00;0.00;0.00;9193.00;28314.44;;2023-09-28;MODL3;;;;;;;;2021-04-30;;;;
FIIM;45.814.400/0001-79;INVESTO MARKETVECTOR BRAZIL SMALL CAP VALUE ETF - FUNDO DE INVESTIMENTO DE ÍNDICE;2023-06-30;488171;1940832.22;AÇÕES;Ação ordinária;N;Para negociação;0.00;0.00;0.00;0.00;2759.00;36667.11;;2023-09-28;;SBFG3;;PJ;13217485000111;GRUPO SBF SA;;;;;;;
FIIM;45.814.400/0001-79;INVESTO MARKETVECTOR BRAZIL SMALL CAP VALUE ETF - FUNDO DE INVESTIMENTO DE ÍNDICE;2023-06-30;488171;1940832.22;AÇÕES;Ação ordinária;N;Para negociação;0.00;0.00;0.00;0.00;1278.00;29892.42;;2023-09-28;;LOGG3;;PJ;9041168000110;LOG COMMERCIAL PROPERTIES;;;;;;;
FIIM;45.814.400/0001-79;INVESTO MARKETVECTOR BRAZIL SMALL CAP VALUE ETF - FUNDO DE INVESTIMENTO DE ÍNDICE;2023-06-30;488171;1940832.22;AÇÕES;Ação ordinária;N;Para negociação;0.00;0.00;0.00;0.00;670.00;12468.70;;2023-09-28;;BLAU3;;PJ;58430828000160;BLAU FARMAC?UTICA S.A.;;;;;;;
FIIM;45.814.400/0001-79;INVESTO MARKETVECTOR BRAZIL SMALL CAP VALUE ETF - FUNDO DE INVESTIMENTO DE ÍNDICE;2023-06-30;488171;1940832.22;AÇÕES;Ação ordinária;N;Para negociação;0.00;0.00;0.00;0.00;1531.00;22934.38;;2023-09-28;;ARML3;;PJ;242184000104;ARMAC LOCA??O, LOG?STICA E SERVI?OS S.A.;;;;;;;
FIIM;45.814.400/0001-79;INVESTO MARKETVECTOR BRAZIL SMALL CAP VALUE ETF - FUNDO DE INVESTIMENTO DE ÍNDICE;2023-06-30;488171;1940832.22;AÇÕES;Ação ordinária;N;Para negociação;0.00;0.00;0.00;0.00;4582.00;35373.04;;2023-09-28;GUAR3;;;;;;;;1973-05-14;;;;
FIIM;45.814.400/0001-79;INVESTO MARKETVECTOR BRAZIL SMALL CAP VALUE ETF - FUNDO DE INVESTIMENTO DE ÍNDICE;2023-06-30;488171;1940832.22;AÇÕES;Ação ordinária;N;Para negociação;0.00;0.00;0.00;0.00;1073.00;21084.45;;2023-09-28;DIRR3;;;;;;;;2009-11-19;;;;
FIIM;45.814.400/0001-79;INVESTO MARKETVECTOR BRAZIL SMALL CAP VALUE ETF - FUNDO DE INVESTIMENTO DE ÍNDICE;2023-06-30;488171;1940832.22;AÇÕES;Ação ordinária;N;Para negociação;0.00;0.00;0.00;0.00;873.00;44802.36;;2023-09-28;LOGN3;;;;;;;;2007-06-21;;;;
FIIM;45.814.400/0001-79;INVESTO MARKETVECTOR BRAZIL SMALL CAP VALUE ETF - FUNDO DE INVESTIMENTO DE ÍNDICE;2023-06-30;488171;1940832.22;AÇÕES;Ação ordinária;N;Para negociação;0.00;0.00;0.00;0.00;2524.00;23877.04;;2023-09-28;KEPL3;;;;;;;;1981-02-13;;;;
FIIM;45.814.400/0001-79;INVESTO MARKETVECTOR BRAZIL SMALL CAP VALUE ETF - FUNDO DE INVESTIMENTO DE ÍNDICE;2023-06-30;488171;1940832.22;AÇÕES;Ação ordinária;N;Para negociação;0.00;0.00;0.00;0.00;2559.00;31961.91;;2023-09-28;MYPK3;;;;;;;;1984-09-14;;;;
FIIM;45.814.400/0001-79;INVESTO MARKETVECTOR BRAZIL SMALL CAP VALUE ETF - FUNDO DE INVESTIMENTO DE ÍNDICE;2023-06-30;488171;1940832.22;AÇÕES;Ação ordinária;N;Para negociação;0.00;0.00;0.00;0.00;5088.00;25897.92;;2023-09-28;JHSF3;;;;;;;;2007-04-12;;;;
FIIM;45.814.400/0001-79;INVESTO MARKETVECTOR BRAZIL SMALL CAP VALUE ETF - FUNDO DE INVESTIMENTO DE ÍNDICE;2023-06-30;488171;1940832.22;AÇÕES;Ação ordinária;N;Para negociação;0.00;0.00;0.00;0.00;2370.00;23937.00;;2023-09-28;ONCO3;;;;;;;;2021-08-10;;;;
FIIM;45.814.400/0001-79;INVESTO MARKETVECTOR BRAZIL SMALL CAP VALUE ETF - FUNDO DE INVESTIMENTO DE ÍNDICE;2023-06-30;488171;1940832.22;AÇÕES;Ação ordinária;N;Para negociação;0.00;0.00;0.00;0.00;2196.00;43524.72;;2023-09-28;YDUQ3;;;;;;;;2019-07-23;;;;
FIIM;45.814.400/0001-79;INVESTO MARKETVECTOR BRAZIL SMALL CAP VALUE ETF - FUNDO DE INVESTIMENTO DE ÍNDICE;2023-06-30;488171;1940832.22;AÇÕES;Ação ordinária;N;Para negociação;0.00;0.00;0.00;0.00;1772.00;22681.60;;2023-09-28;PNVL3;;;;;;;;1984-08-03;;;;
FIIM;45.814.400/0001-79;INVESTO MARKETVECTOR BRAZIL SMALL CAP VALUE ETF - FUNDO DE INVESTIMENTO DE ÍNDICE;2023-06-30;488171;1940832.22;AÇÕES;Ação ordinária;N;Para negociação;0.00;0.00;0.00;0.00;3179.00;26544.65;;2023-09-28;DXCO3;;;;;;;;2021-08-19;;;;
FIIM;45.814.400/0001-79;INVESTO MARKETVECTOR BRAZIL SMALL CAP VALUE ETF - FUNDO DE INVESTIMENTO DE ÍNDICE;2023-06-30;488171;1940832.22;AÇÕES;Ação ordinária;N;Para negociação;0.00;0.00;0.00;0.00;16638.00;120958.26;;2023-09-28;MRFG3;;;;;;;;2007-06-28;;;;
FIIM;45.814.400/0001-79;INVESTO MARKETVECTOR BRAZIL SMALL CAP VALUE ETF - FUNDO DE INVESTIMENTO DE ÍNDICE;2023-06-30;488171;1940832.22;AÇÕES;Ação ordinária;N;Para negociação;0.00;0.00;0.00;0.00;6118.00;65034.34;;2023-09-28;BEEF3;;;;;;;;2007-07-20;;;;
FIIM;45.814.400/0001-79;INVESTO MARKETVECTOR BRAZIL SMALL CAP VALUE ETF - FUNDO DE INVESTIMENTO DE ÍNDICE;2023-06-30;488171;1940832.22;AÇÕES;Ação ordinária;N;Para negociação;0.00;0.00;0.00;0.00;2714.00;17858.12;;2023-09-28;PETZ3;;;;;;;;2020-09-11;;;;
FIIM;45.814.400/0001-79;INVESTO MARKETVECTOR BRAZIL SMALL CAP VALUE ETF - FUNDO DE INVESTIMENTO DE ÍNDICE;2023-06-30;488171;1940832.22;AÇÕES;Ação ordinária;N;Para negociação;0.00;0.00;0.00;0.00;1992.00;31971.60;;2023-09-28;CURY3;;;;;;;;2020-09-21;;;;
FIIM;45.814.400/0001-79;INVESTO MARKETVECTOR BRAZIL SMALL CAP VALUE ETF - FUNDO DE INVESTIMENTO DE ÍNDICE;2023-06-30;488171;1940832.22;AÇÕES;Ação ordinária;N;Para negociação;0.00;0.00;0.00;0.00;4460.00;28990.00;;2023-09-28;ECOR3;;;;;;;;2010-04-01;;;;
FIIM;45.814.400/0001-79;INVESTO MARKETVECTOR BRAZIL SMALL CAP VALUE ETF - FUNDO DE INVESTIMENTO DE ÍNDICE;2023-06-30;488171;1940832.22;AÇÕES;Ação ordinária;N;Para negociação;0.00;0.00;0.00;0.00;763.00;18159.40;;2023-09-28;AALR3;;;;;;;;2016-10-28;;;;
FIIM;45.814.400/0001-79;INVESTO MARKETVECTOR BRAZIL SMALL CAP VALUE ETF - FUNDO DE INVESTIMENTO DE ÍNDICE;2023-06-30;488171;1940832.22;AÇÕES;Ação ordinária;N;Para negociação;0.00;0.00;0.00;0.00;902.00;19645.56;;2023-09-28;AMBP3;;;;;;;;2020-07-13;;;;
FIIM;45.814.400/0001-79;INVESTO MARKETVECTOR BRAZIL SMALL CAP VALUE ETF - FUNDO DE INVESTIMENTO DE ÍNDICE;2023-06-30;488171;1940832.22;AÇÕES;Ação ordinária;N;Para negociação;0.00;0.00;0.00;0.00;2751.00;44153.55;;2023-09-28;FLRY3;;;;;;;;2009-12-17;;;;
FIIM;45.814.400/0001-79;INVESTO MARKETVECTOR BRAZIL SMALL CAP VALUE ETF - FUNDO DE INVESTIMENTO DE ÍNDICE;2023-06-30;488171;1940832.22;AÇÕES;Ação ordinária;N;Para negociação;0.00;0.00;0.00;0.00;3026.00;27203.74;;2023-09-28;SIMH3;;;;;;;;2020-09-18;;;;
FIIM;45.814.400/0001-79;INVESTO MARKETVECTOR BRAZIL SMALL CAP VALUE ETF - FUNDO DE INVESTIMENTO DE ÍNDICE;2023-06-30;488171;1940832.22;AÇÕES;Ação ordinária;N;Para negociação;0.00;0.00;0.00;0.00;3611.00;41779.27;;2023-09-28;MRVE3;;;;;;;;2007-07-23;;;;
FIIM;45.814.400/0001-79;INVESTO MARKETVECTOR BRAZIL SMALL CAP VALUE ETF - FUNDO DE INVESTIMENTO DE ÍNDICE;2023-06-30;488171;1940832.22;AÇÕES;Ação preferencial;N;Para negociação;0.00;0.00;0.00;0.00;3622.00;33141.30;;2023-09-28;BPAN4;;;;;;;;2014-08-05;;;;
FIIM;45.814.400/0001-79;INVESTO MARKETVECTOR BRAZIL SMALL CAP VALUE ETF - FUNDO DE INVESTIMENTO DE ÍNDICE;2023-06-30;488171;1940832.22;AÇÕES;Ação preferencial;N;Para negociação;0.00;0.00;0.00;0.00;1806.00;16795.80;;2023-09-28;ALPA4;;;;;;;;1973-03-19;;;;
FIIM;45.814.400/0001-79;INVESTO MARKETVECTOR BRAZIL SMALL CAP VALUE ETF - FUNDO DE INVESTIMENTO DE ÍNDICE;2023-06-30;488171;1940832.22;AÇÕES;Ação preferencial;N;Para negociação;0.00;0.00;0.00;0.00;55563.00;244477.20;;2023-09-28;RAIZ4;;;;;;;;2021-08-05;;;;
FIIM;45.814.400/0001-79;INVESTO MARKETVECTOR BRAZIL SMALL CAP VALUE ETF - FUNDO DE INVESTIMENTO DE ÍNDICE;2023-06-30;488171;1940832.22;AÇÕES;Ação preferencial;N;Para negociação;0.00;0.00;0.00;0.00;1143.00;17225.01;;2023-09-28;TASA4;;;;;;;;2019-11-12;;;;
FIIM;45.814.400/0001-79;INVESTO MARKETVECTOR BRAZIL SMALL CAP VALUE ETF - FUNDO DE INVESTIMENTO DE ÍNDICE;2023-06-30;488171;1940832.22;AÇÕES;Ação preferencial;N;Para negociação;0.00;0.00;0.00;0.00;5172.00;26946.12;;2023-09-28;POMO4;;;;;;;;1978-07-20;;;;
FIIM;45.814.400/0001-79;INVESTO MARKETVECTOR BRAZIL SMALL CAP VALUE ETF - FUNDO DE INVESTIMENTO DE ÍNDICE;2023-06-30;488171;1940832.22;AÇÕES;Ação preferencial;N;Para negociação;0.00;0.00;0.00;0.00;3036.00;36948.12;;2023-09-28;RAPT4;;;;;;;;1993-03-19;;;;
FIIM;45.814.400/0001-79;INVESTO MARKETVECTOR BRAZIL SMALL CAP VALUE ETF - FUNDO DE INVESTIMENTO DE ÍNDICE;2023-06-30;488171;1940832.22;AÇÕES;Ação preferencial;N;Para negociação;0.00;0.00;0.00;0.00;1621.00;24315.00;;2023-09-28;BRSR6;;;;;;;;2007-09-03;;;;
FIIM;45.814.400/0001-79;INVESTO MARKETVECTOR BRAZIL SMALL CAP VALUE ETF - FUNDO DE INVESTIMENTO DE ÍNDICE;2023-06-30;488171;1940832.22;AÇÕES;Ação preferencial;N;Para negociação;0.00;0.00;0.00;0.00;1314.00;25057.98;;2023-09-28;ABCB4;;;;;;;;2007-07-25;;;;
FIIM;45.814.400/0001-79;INVESTO MARKETVECTOR BRAZIL SMALL CAP VALUE ETF - FUNDO DE INVESTIMENTO DE ÍNDICE;2023-06-30;488171;1940832.22;DISPONIBILIDADES;Outros;;Para negociação;;;;;;3000.00;;2023-09-28;;Disponibilidade;;;;;;;;;;;
FIIM;45.814.400/0001-79;INVESTO MARKETVECTOR BRAZIL SMALL CAP VALUE ETF - FUNDO DE INVESTIMENTO DE ÍNDICE;2023-06-30;488171;1940832.22;VALORES A PAGAR;Outros;;Para negociação;;;;;;518.80;;2023-09-28;;Valores a Pagar;;;;;;;;;;;
FIIM;45.814.400/0001-79;INVESTO MARKETVECTOR BRAZIL SMALL CAP VALUE ETF - FUNDO DE INVESTIMENTO DE ÍNDICE;2023-06-30;488171;1940832.22;VALORES A RECEBER;Outros;;Para negociação;;;;;;3855.80;;2023-09-28;;Valores a Receber;;;;;;;;;;;
FIIM;45.814.400/0001-79;INVESTO MARKETVECTOR BRAZIL SMALL CAP VALUE ETF - FUNDO DE INVESTIMENTO DE ÍNDICE;2023-06-30;488171;1940832.22;CERTIFICADO OU RECIBO DE DEPÓSITO DE VALORES MOBILIÁRIOS;Certificado de depósito de ações;N;Para negociação;;;;;1278.00;18454.32;;2023-09-28;BRBI11;;;;;;;;2021-06-21;;;;
FIIM;45.814.400/0001-79;INVESTO MARKETVECTOR BRAZIL SMALL CAP VALUE ETF - FUNDO DE INVESTIMENTO DE ÍNDICE;2023-06-30;488171;1940832.22;CERTIFICADO OU RECIBO DE DEPÓSITO DE VALORES MOBILIÁRIOS;Certificado de depósito de ações;N;Para negociação;;;;;1129.00;24679.94;;2023-09-28;SAPR11;;;;;;;;2017-11-17;;;;
FIIM;45.823.539/0001-89;INVESTO MARKETVECTOR BRAZIL DOMESTIC EXPOSURE ETF - FUNDO DE INVESTIMENTO DE ÍNDICE;2023-06-30;488173;2104730.59;AÇÕES;Ação ordinária;N;Para negociação;0.00;0.00;0.00;0.00;706.00;28063.50;;2023-09-28;ELET3;;;;;;;;1983-09-01;;;;
FIIM;45.823.539/0001-89;INVESTO MARKETVECTOR BRAZIL DOMESTIC EXPOSURE ETF - FUNDO DE INVESTIMENTO DE ÍNDICE;2023-06-30;488173;2104730.59;AÇÕES;Ação ordinária;N;Para negociação;0.00;0.00;0.00;0.00;862.00;9076.86;;2023-09-28;MOVI3;;;;;;;;2017-02-08;;;;
FIIM;45.823.539/0001-89;INVESTO MARKETVECTOR BRAZIL DOMESTIC EXPOSURE ETF - FUNDO DE INVESTIMENTO DE ÍNDICE;2023-06-30;488173;2104730.59;AÇÕES;Ação ordinária;N;Para negociação;0.00;0.00;0.00;0.00;569.00;6890.59;;2023-09-28;VAMO3;;;;;;;;2021-01-29;;;;
FIIM;45.823.539/0001-89;INVESTO MARKETVECTOR BRAZIL DOMESTIC EXPOSURE ETF - FUNDO DE INVESTIMENTO DE ÍNDICE;2023-06-30;488173;2104730.59;AÇÕES;Ação ordinária;N;Para negociação;0.00;0.00;0.00;0.00;1008.00;22377.60;;2023-09-28;RAIL3;;;;;;;;2017-03-13;;;;
FIIM;45.823.539/0001-89;INVESTO MARKETVECTOR BRAZIL DOMESTIC EXPOSURE ETF - FUNDO DE INVESTIMENTO DE ÍNDICE;2023-06-30;488173;2104730.59;AÇÕES;Ação ordinária;N;Para negociação;0.00;0.00;0.00;0.00;98.00;7748.86;;2023-09-28;ARZZ3;;;;;;;;2011-02-02;;;;
FIIM;45.823.539/0001-89;INVESTO MARKETVECTOR BRAZIL DOMESTIC EXPOSURE ETF - FUNDO DE INVESTIMENTO DE ÍNDICE;2023-06-30;488173;2104730.59;AÇÕES;Ação ordinária;N;Para negociação;0.00;0.00;0.00;0.00;3603.00;52639.83;;2023-09-28;B3SA3;;;;;;;;2018-03-26;;;;
FIIM;45.823.539/0001-89;INVESTO MARKETVECTOR BRAZIL DOMESTIC EXPOSURE ETF - FUNDO DE INVESTIMENTO DE ÍNDICE;2023-06-30;488173;2104730.59;AÇÕES;Ação ordinária;N;Para negociação;0.00;0.00;0.00;0.00;1293.00;1926.57;;2023-09-28;SEQL3;;;;;;;;2020-10-07;;;;
FIIM;45.823.539/0001-89;INVESTO MARKETVECTOR BRAZIL DOMESTIC EXPOSURE ETF - FUNDO DE INVESTIMENTO DE ÍNDICE;2023-06-30;488173;2104730.59;AÇÕES;Ação ordinária;N;Para negociação;0.00;0.00;0.00;0.00;1017.00;11695.50;;2023-09-28;TEND3;;;;;;;;2007-10-15;;;;
FIIM;45.823.539/0001-89;INVESTO MARKETVECTOR BRAZIL DOMESTIC EXPOSURE ETF - FUNDO DE INVESTIMENTO DE ÍNDICE;2023-06-30;488173;2104730.59;AÇÕES;Ação ordinária;N;Para negociação;0.00;0.00;0.00;0.00;228.00;5902.92;;2023-09-28;INTB3;;;;;;;;2021-02-04;;;;
FIIM;45.823.539/0001-89;INVESTO MARKETVECTOR BRAZIL DOMESTIC EXPOSURE ETF - FUNDO DE INVESTIMENTO DE ÍNDICE;2023-06-30;488173;2104730.59;AÇÕES;Ação ordinária;N;Para negociação;0.00;0.00;0.00;0.00;768.00;7080.96;;2023-09-28;POSI3;;;;;;;;2006-12-11;;;;
FIIM;45.823.539/0001-89;INVESTO MARKETVECTOR BRAZIL DOMESTIC EXPOSURE ETF - FUNDO DE INVESTIMENTO DE ÍNDICE;2023-06-30;488173;2104730.59;AÇÕES;Ação ordinária;N;Para negociação;0.00;0.00;0.00;0.00;504.00;17332.56;;2023-09-28;CPFE3;;;;;;;;2004-09-29;;;;
FIIM;45.823.539/0001-89;INVESTO MARKETVECTOR BRAZIL DOMESTIC EXPOSURE ETF - FUNDO DE INVESTIMENTO DE ÍNDICE;2023-06-30;488173;2104730.59;AÇÕES;Ação ordinária;N;Para negociação;0.00;0.00;0.00;0.00;1030.00;4985.20;;2023-09-28;QUAL3;;;;;;;;2011-06-29;;;;
FIIM;45.823.539/0001-89;INVESTO MARKETVECTOR BRAZIL DOMESTIC EXPOSURE ETF - FUNDO DE INVESTIMENTO DE ÍNDICE;2023-06-30;488173;2104730.59;AÇÕES;Ação ordinária;N;Para negociação;0.00;0.00;0.00;0.00;1194.00;35342.40;;2023-09-28;RADL3;;;;;;;;2011-12-19;;;;
FIIM;45.823.539/0001-89;INVESTO MARKETVECTOR BRAZIL DOMESTIC EXPOSURE ETF - FUNDO DE INVESTIMENTO DE ÍNDICE;2023-06-30;488173;2104730.59;AÇÕES;Ação ordinária;N;Para negociação;0.00;0.00;0.00;0.00;1186.00;4162.86;;2023-09-28;CVCB3;;;;;;;;2013-12-09;;;;
FIIM;45.823.539/0001-89;INVESTO MARKETVECTOR BRAZIL DOMESTIC EXPOSURE ETF - FUNDO DE INVESTIMENTO DE ÍNDICE;2023-06-30;488173;2104730.59;AÇÕES;Ação ordinária;N;Para negociação;0.00;0.00;0.00;0.00;1046.00;22206.58;;2023-09-28;NEOE3;;;;;;;;2017-10-05;;;;
FIIM;45.823.539/0001-89;INVESTO MARKETVECTOR BRAZIL DOMESTIC EXPOSURE ETF - FUNDO DE INVESTIMENTO DE ÍNDICE;2023-06-30;488173;2104730.59;AÇÕES;Ação ordinária;N;Para negociação;0.00;0.00;0.00;0.00;273.00;11621.61;;2023-09-28;MDIA3;;;;;;;;2006-10-18;;;;
FIIM;45.823.539/0001-89;INVESTO MARKETVECTOR BRAZIL DOMESTIC EXPOSURE ETF - FUNDO DE INVESTIMENTO DE ÍNDICE;2023-06-30;488173;2104730.59;AÇÕES;Ação ordinária;N;Para negociação;0.00;0.00;0.00;0.00;1047.00;8983.26;;2023-09-28;LWSA3;;;;;;;;2020-02-06;;;;
FIIM;45.823.539/0001-89;INVESTO MARKETVECTOR BRAZIL DOMESTIC EXPOSURE ETF - FUNDO DE INVESTIMENTO DE ÍNDICE;2023-06-30;488173;2104730.59;AÇÕES;Ação ordinária;N;Para negociação;0.00;0.00;0.00;0.00;930.00;18600.00;;2023-09-28;LREN3;;;;;;;;1973-07-24;;;;
FIIM;45.823.539/0001-89;INVESTO MARKETVECTOR BRAZIL DOMESTIC EXPOSURE ETF - FUNDO DE INVESTIMENTO DE ÍNDICE;2023-06-30;488173;2104730.59;AÇÕES;Ação ordinária;N;Para negociação;0.00;0.00;0.00;0.00;625.00;27043.75;;2023-09-28;VIVT3;;;;;;;;2011-10-06;;;;
FIIM;45.823.539/0001-89;INVESTO MARKETVECTOR BRAZIL DOMESTIC EXPOSURE ETF - FUNDO DE INVESTIMENTO DE ÍNDICE;2023-06-30;488173;2104730.59;AÇÕES;Ação ordinária;N;Para negociação;0.00;0.00;0.00;0.00;500.00;3905.00;;2023-09-28;CASH3;;;;;;;;2020-11-05;;;;
FIIM;45.823.539/0001-89;INVESTO MARKETVECTOR BRAZIL DOMESTIC EXPOSURE ETF - FUNDO DE INVESTIMENTO DE ÍNDICE;2023-06-30;488173;2104730.59;AÇÕES;Ação ordinária;N;Para negociação;0.00;0.00;0.00;0.00;509.00;12022.58;;2023-09-28;ENBR3;;;;;;;;2005-07-13;;;;
FIIM;45.823.539/0001-89;INVESTO MARKETVECTOR BRAZIL DOMESTIC EXPOSURE ETF - FUNDO DE INVESTIMENTO DE ÍNDICE;2023-06-30;488173;2104730.59;AÇÕES;Ação ordinária;N;Para negociação;0.00;0.00;0.00;0.00;1389.00;19098.75;;2023-09-28;ASAI3;;;;;;;;2021-03-01;;;;
FIIM;45.823.539/0001-89;INVESTO MARKETVECTOR BRAZIL DOMESTIC EXPOSURE ETF - FUNDO DE INVESTIMENTO DE ÍNDICE;2023-06-30;488173;2104730.59;AÇÕES;Ação ordinária;N;Para negociação;0.00;0.00;0.00;0.00;1441.00;9366.50;;2023-09-28;ECOR3;;;;;;;;2010-04-01;;;;
FIIM;45.823.539/0001-89;INVESTO MARKETVECTOR BRAZIL DOMESTIC EXPOSURE ETF - FUNDO DE INVESTIMENTO DE ÍNDICE;2023-06-30;488173;2104730.59;AÇÕES;Ação ordinária;N;Para negociação;0.00;0.00;0.00;0.00;359.00;20308.63;;2023-09-28;SBSP3;;;;;;;;1997-03-11;;;;
FIIM;45.823.539/0001-89;INVESTO MARKETVECTOR BRAZIL DOMESTIC EXPOSURE ETF - FUNDO DE INVESTIMENTO DE ÍNDICE;2023-06-30;488173;2104730.59;AÇÕES;Ação ordinária;N;Para negociação;0.00;0.00;0.00;0.00;1940.00;8904.60;;2023-09-28;CIEL3;;;;;;;;2009-12-18;;;;
FIIM;45.823.539/0001-89;INVESTO MARKETVECTOR BRAZIL DOMESTIC EXPOSURE ETF - FUNDO DE INVESTIMENTO DE ÍNDICE;2023-06-30;488173;2104730.59;AÇÕES;Ação ordinária;N;Para negociação;0.00;0.00;0.00;0.00;277.00;7888.96;;2023-09-28;VIVA3;;;;;;;;2019-10-10;;;;
FIIM;45.823.539/0001-89;INVESTO MARKETVECTOR BRAZIL DOMESTIC EXPOSURE ETF - FUNDO DE INVESTIMENTO DE ÍNDICE;2023-06-30;488173;2104730.59;AÇÕES;Ação ordinária;N;Para negociação;0.00;0.00;0.00;0.00;4431.00;4652.55;;2023-09-28;OIBR3;;;;;;;;2012-04-09;;;;
FIIM;45.823.539/0001-89;INVESTO MARKETVECTOR BRAZIL DOMESTIC EXPOSURE ETF - FUNDO DE INVESTIMENTO DE ÍNDICE;2023-06-30;488173;2104730.59;AÇÕES;Ação ordinária;N;Para negociação;0.00;0.00;0.00;0.00;1829.00;14485.68;;2023-09-28;GMAT3;;;;;;;;2020-10-13;;;;
FIIM;45.823.539/0001-89;INVESTO MARKETVECTOR BRAZIL DOMESTIC EXPOSURE ETF - FUNDO DE INVESTIMENTO DE ÍNDICE;2023-06-30;488173;2104730.59;AÇÕES;Ação ordinária;N;Para negociação;0.00;0.00;0.00;0.00;520.00;9729.20;;2023-09-28;PCAR3;;;;;;;;1995-10-03;;;;
FIIM;45.823.539/0001-89;INVESTO MARKETVECTOR BRAZIL DOMESTIC EXPOSURE ETF - FUNDO DE INVESTIMENTO DE ÍNDICE;2023-06-30;488173;2104730.59;AÇÕES;Ação ordinária;N;Para negociação;0.00;0.00;0.00;0.00;3190.00;57579.50;;2023-09-28;VBBR3;;;;;;;;2021-10-22;;;;
FIIM;45.823.539/0001-89;INVESTO MARKETVECTOR BRAZIL DOMESTIC EXPOSURE ETF - FUNDO DE INVESTIMENTO DE ÍNDICE;2023-06-30;488173;2104730.59;AÇÕES;Ação ordinária;N;Para negociação;0.00;0.00;0.00;0.00;487.00;10300.05;;2023-09-28;CSMG3;;;;;;;;2006-02-08;;;;
FIIM;45.823.539/0001-89;INVESTO MARKETVECTOR BRAZIL DOMESTIC EXPOSURE ETF - FUNDO DE INVESTIMENTO DE ÍNDICE;2023-06-30;488173;2104730.59;AÇÕES;Ação ordinária;N;Para negociação;0.00;0.00;0.00;0.00;864.00;27777.60;;2023-09-28;EQTL3;;;;;;;;2006-04-03;;;;
FIIM;45.823.539/0001-89;INVESTO MARKETVECTOR BRAZIL DOMESTIC EXPOSURE ETF - FUNDO DE INVESTIMENTO DE ÍNDICE;2023-06-30;488173;2104730.59;AÇÕES;Ação ordinária;N;Para negociação;0.00;0.00;0.00;0.00;5176.00;11128.40;;2023-09-28;VIIA3;;;;;;;;2021-08-16;;;;
FIIM;45.823.539/0001-89;INVESTO MARKETVECTOR BRAZIL DOMESTIC EXPOSURE ETF - FUNDO DE INVESTIMENTO DE ÍNDICE;2023-06-30;488173;2104730.59;AÇÕES;Ação ordinária;N;Para negociação;0.00;0.00;0.00;0.00;250.00;11422.50;;2023-09-28;EGIE3;;;;;;;;2016-07-21;;;;
FIIM;45.823.539/0001-89;INVESTO MARKETVECTOR BRAZIL DOMESTIC EXPOSURE ETF - FUNDO DE INVESTIMENTO DE ÍNDICE;2023-06-30;488173;2104730.59;AÇÕES;Ação ordinária;N;Para negociação;0.00;0.00;0.00;0.00;270.00;5175.90;;2023-09-28;RECV3;;;;;;;;2021-05-05;;;;
FIIM;45.823.539/0001-89;INVESTO MARKETVECTOR BRAZIL DOMESTIC EXPOSURE ETF - FUNDO DE INVESTIMENTO DE ÍNDICE;2023-06-30;488173;2104730.59;AÇÕES;Ação ordinária;N;Para negociação;0.00;0.00;0.00;0.00;488.00;6993.04;;2023-09-28;AURE3;;;;;;;;2022-03-28;;;;
FIIM;45.823.539/0001-89;INVESTO MARKETVECTOR BRAZIL DOMESTIC EXPOSURE ETF - FUNDO DE INVESTIMENTO DE ÍNDICE;2023-06-30;488173;2104730.59;AÇÕES;Ação ordinária;N;Para negociação;0.00;0.00;0.00;0.00;432.00;7957.44;;2023-09-28;EZTC3;;;;;;;;2007-06-22;;;;
FIIM;45.823.539/0001-89;INVESTO MARKETVECTOR BRAZIL DOMESTIC EXPOSURE ETF - FUNDO DE INVESTIMENTO DE ÍNDICE;2023-06-30;488173;2104730.59;AÇÕES;Ação ordinária;N;Para negociação;0.00;0.00;0.00;0.00;1296.00;18208.80;;2023-09-28;CCRO3;;;;;;;;2002-02-01;;;;
FIIM;45.823.539/0001-89;INVESTO MARKETVECTOR BRAZIL DOMESTIC EXPOSURE ETF - FUNDO DE INVESTIMENTO DE ÍNDICE;2023-06-30;488173;2104730.59;AÇÕES;Ação ordinária;N;Para negociação;0.00;0.00;0.00;0.00;241.00;7193.85;;2023-09-28;RRRP3;;;;;;;;2020-11-12;;;;
FIIM;45.823.539/0001-89;INVESTO MARKETVECTOR BRAZIL DOMESTIC EXPOSURE ETF - FUNDO DE INVESTIMENTO DE ÍNDICE;2023-06-30;488173;2104730.59;AÇÕES;Ação ordinária;N;Para negociação;0.00;0.00;0.00;0.00;1250.00;6362.50;;2023-09-28;JHSF3;;;;;;;;2007-04-12;;;;
FIIM;45.823.539/0001-89;INVESTO MARKETVECTOR BRAZIL DOMESTIC EXPOSURE ETF - FUNDO DE INVESTIMENTO DE ÍNDICE;2023-06-30;488173;2104730.59;AÇÕES;Ação ordinária;N;Para negociação;0.00;0.00;0.00;0.00;889.00;10908.03;;2023-09-28;ENEV3;;;;;;;;2013-10-22;;;;
FIIM;45.823.539/0001-89;INVESTO MARKETVECTOR BRAZIL DOMESTIC EXPOSURE ETF - FUNDO DE INVESTIMENTO DE ÍNDICE;2023-06-30;488173;2104730.59;AÇÕES;Ação ordinária;N;Para negociação;0.00;0.00;0.00;0.00;657.00;8731.53;;2023-09-28;;SBFG3;;PJ;13217485000111;GRUPO SBF SA;;;;;;;
FIIM;45.823.539/0001-89;INVESTO MARKETVECTOR BRAZIL DOMESTIC EXPOSURE ETF - FUNDO DE INVESTIMENTO DE ÍNDICE;2023-06-30;488173;2104730.59;AÇÕES;Ação ordinária;N;Para negociação;0.00;0.00;0.00;0.00;3299.00;10754.74;;2023-09-28;COGN3;;;;;;;;2019-10-11;;;;
FIIM;45.823.539/0001-89;INVESTO MARKETVECTOR BRAZIL DOMESTIC EXPOSURE ETF - FUNDO DE INVESTIMENTO DE ÍNDICE;2023-06-30;488173;2104730.59;AÇÕES;Ação ordinária;N;Para negociação;0.00;0.00;0.00;0.00;5321.00;17931.77;;2023-09-28;MGLU3;;;;;;;;2011-05-02;;;;
FIIM;45.823.539/0001-89;INVESTO MARKETVECTOR BRAZIL DOMESTIC EXPOSURE ETF - FUNDO DE INVESTIMENTO DE ÍNDICE;2023-06-30;488173;2104730.59;AÇÕES;Ação ordinária;N;Para negociação;0.00;0.00;0.00;0.00;821.00;16272.22;;2023-09-28;YDUQ3;;;;;;;;2019-07-23;;;;
FIIM;45.823.539/0001-89;INVESTO MARKETVECTOR BRAZIL DOMESTIC EXPOSURE ETF - FUNDO DE INVESTIMENTO DE ÍNDICE;2023-06-30;488173;2104730.59;AÇÕES;Ação ordinária;N;Para negociação;0.00;0.00;0.00;0.00;1213.00;7387.17;;2023-09-28;LJQQ3;;;;;;;;2020-08-10;;;;
FIIM;45.823.539/0001-89;INVESTO MARKETVECTOR BRAZIL DOMESTIC EXPOSURE ETF - FUNDO DE INVESTIMENTO DE ÍNDICE;2023-06-30;488173;2104730.59;AÇÕES;Ação ordinária;N;Para negociação;0.00;0.00;0.00;0.00;2204.00;24684.80;;2023-09-28;CRFB3;;;;;;;;2017-07-20;;;;
FIIM;45.823.539/0001-89;INVESTO MARKETVECTOR BRAZIL DOMESTIC EXPOSURE ETF - FUNDO DE INVESTIMENTO DE ÍNDICE;2023-06-30;488173;2104730.59;AÇÕES;Ação ordinária;N;Para negociação;0.00;0.00;0.00;0.00;1345.00;24021.70;;2023-09-28;CSAN3;;;;;;;;2005-11-18;;;;
FIIM;45.823.539/0001-89;INVESTO MARKETVECTOR BRAZIL DOMESTIC EXPOSURE ETF - FUNDO DE INVESTIMENTO DE ÍNDICE;2023-06-30;488173;2104730.59;AÇÕES;Ação ordinária;N;Para negociação;0.00;0.00;0.00;0.00;338.00;15551.38;;2023-09-28;HYPE3;;;;;;;;2008-04-18;;;;
FIIM;45.823.539/0001-89;INVESTO MARKETVECTOR BRAZIL DOMESTIC EXPOSURE ETF - FUNDO DE INVESTIMENTO DE ÍNDICE;2023-06-30;488173;2104730.59;AÇÕES;Ação ordinária;N;Para negociação;0.00;0.00;0.00;0.00;559.00;7015.45;;2023-09-28;ODPV3;;;;;;;;2006-12-01;;;;
FIIM;45.823.539/0001-89;INVESTO MARKETVECTOR BRAZIL DOMESTIC EXPOSURE ETF - FUNDO DE INVESTIMENTO DE ÍNDICE;2023-06-30;488173;2104730.59;AÇÕES;Ação ordinária;N;Para negociação;0.00;0.00;0.00;0.00;1104.00;5023.20;;2023-09-28;ZAMP3;;;;;;;;2022-10-26;;;;
FIIM;45.823.539/0001-89;INVESTO MARKETVECTOR BRAZIL DOMESTIC EXPOSURE ETF - FUNDO DE INVESTIMENTO DE ÍNDICE;2023-06-30;488173;2104730.59;AÇÕES;Ação ordinária;N;Para negociação;0.00;0.00;0.00;0.00;1163.00;13455.91;;2023-09-28;MRVE3;;;;;;;;2007-07-23;;;;
FIIM;45.823.539/0001-89;INVESTO MARKETVECTOR BRAZIL DOMESTIC EXPOSURE ETF - FUNDO DE INVESTIMENTO DE ÍNDICE;2023-06-30;488173;2104730.59;AÇÕES;Ação ordinária;N;Para negociação;0.00;0.00;0.00;0.00;453.00;13580.94;;2023-09-28;TOTS3;;;;;;;;2006-03-09;;;;
FIIM;45.823.539/0001-89;INVESTO MARKETVECTOR BRAZIL DOMESTIC EXPOSURE ETF - FUNDO DE INVESTIMENTO DE ÍNDICE;2023-06-30;488173;2104730.59;AÇÕES;Ação ordinária;N;Para negociação;0.00;0.00;0.00;0.00;490.00;9863.70;;2023-09-28;CYRE3;;;;;;;;1996-05-27;;;;
FIIM;45.823.539/0001-89;INVESTO MARKETVECTOR BRAZIL DOMESTIC EXPOSURE ETF - FUNDO DE INVESTIMENTO DE ÍNDICE;2023-06-30;488173;2104730.59;AÇÕES;Ação ordinária;N;Para negociação;0.00;0.00;0.00;0.00;889.00;10668.00;;2023-09-28;SOMA3;;;;;;;;2020-07-31;;;;
FIIM;45.823.539/0001-89;INVESTO MARKETVECTOR BRAZIL DOMESTIC EXPOSURE ETF - FUNDO DE INVESTIMENTO DE ÍNDICE;2023-06-30;488173;2104730.59;AÇÕES;Ação ordinária;N;Para negociação;0.00;0.00;0.00;0.00;1198.00;17514.76;;2023-09-28;TIMS3;;;;;;;;2020-10-13;;;;
FIIM;45.823.539/0001-89;INVESTO MARKETVECTOR BRAZIL DOMESTIC EXPOSURE ETF - FUNDO DE INVESTIMENTO DE ÍNDICE;2023-06-30;488173;2104730.59;AÇÕES;Ação ordinária;N;Para negociação;0.00;0.00;0.00;0.00;2770.00;52325.30;;2023-09-28;UGPA3;;;;;;;;1999-10-13;;;;
FIIM;45.823.539/0001-89;INVESTO MARKETVECTOR BRAZIL DOMESTIC EXPOSURE ETF - FUNDO DE INVESTIMENTO DE ÍNDICE;2023-06-30;488173;2104730.59;AÇÕES;Ação ordinária;N;Para negociação;0.00;0.00;0.00;0.00;364.00;10071.88;;2023-09-28;MULT3;;;;;;;;2007-07-27;;;;
FIIM;45.823.539/0001-89;INVESTO MARKETVECTOR BRAZIL DOMESTIC EXPOSURE ETF - FUNDO DE INVESTIMENTO DE ÍNDICE;2023-06-30;488173;2104730.59;AÇÕES;Ação ordinária;N;Para negociação;0.00;0.00;0.00;0.00;277.00;7789.24;;2023-09-28;PSSA3;;;;;;;;2004-11-22;;;;
FIIM;45.823.539/0001-89;INVESTO MARKETVECTOR BRAZIL DOMESTIC EXPOSURE ETF - FUNDO DE INVESTIMENTO DE ÍNDICE;2023-06-30;488173;2104730.59;AÇÕES;Ação ordinária;N;Para negociação;0.00;0.00;0.00;0.00;1010.00;10261.60;;2023-09-28;STBP3;;;;;;;;2007-11-21;;;;
FIIM;45.823.539/0001-89;INVESTO MARKETVECTOR BRAZIL DOMESTIC EXPOSURE ETF - FUNDO DE INVESTIMENTO DE ÍNDICE;2023-06-30;488173;2104730.59;AÇÕES;Ação ordinária;N;Para negociação;0.00;0.00;0.00;0.00;760.00;25019.20;;2023-09-28;RDOR3;;;;;;;;2021-06-25;;;;
FIIM;45.823.539/0001-89;INVESTO MARKETVECTOR BRAZIL DOMESTIC EXPOSURE ETF - FUNDO DE INVESTIMENTO DE ÍNDICE;2023-06-30;488173;2104730.59;AÇÕES;Ação ordinária;N;Para negociação;0.00;0.00;0.00;0.00;246.00;5357.88;;2023-09-28;AMBP3;;;;;;;;2020-07-13;;;;
FIIM;45.823.539/0001-89;INVESTO MARKETVECTOR BRAZIL DOMESTIC EXPOSURE ETF - FUNDO DE INVESTIMENTO DE ÍNDICE;2023-06-30;488173;2104730.59;AÇÕES;Ação ordinária;N;Para negociação;0.00;0.00;0.00;0.00;899.00;5915.42;;2023-09-28;PETZ3;;;;;;;;2020-09-11;;;;
FIIM;45.823.539/0001-89;INVESTO MARKETVECTOR BRAZIL DOMESTIC EXPOSURE ETF - FUNDO DE INVESTIMENTO DE ÍNDICE;2023-06-30;488173;2104730.59;AÇÕES;Ação ordinária;N;Para negociação;17.00;1131.18;0.00;0.00;0.00;0.00;;2023-09-28;BRPR3;;;;;;;;2007-04-23;;;;
FIIM;45.823.539/0001-89;INVESTO MARKETVECTOR BRAZIL DOMESTIC EXPOSURE ETF - FUNDO DE INVESTIMENTO DE ÍNDICE;2023-06-30;488173;2104730.59;AÇÕES;Ação ordinária;N;Para negociação;0.00;0.00;0.00;0.00;548.00;13508.20;;2023-09-28;ALSO3;;;;;;;;2019-08-06;;;;
FIIM;45.823.539/0001-89;INVESTO MARKETVECTOR BRAZIL DOMESTIC EXPOSURE ETF - FUNDO DE INVESTIMENTO DE ÍNDICE;2023-06-30;488173;2104730.59;AÇÕES;Ação ordinária;N;Para negociação;0.00;0.00;0.00;0.00;1290.00;11597.10;;2023-09-28;SIMH3;;;;;;;;2020-09-18;;;;
FIIM;45.823.539/0001-89;INVESTO MARKETVECTOR BRAZIL DOMESTIC EXPOSURE ETF - FUNDO DE INVESTIMENTO DE ÍNDICE;2023-06-30;488173;2104730.59;AÇÕES;Ação ordinária;N;Para negociação;0.00;0.00;0.00;0.00;5548.00;24300.24;;2023-09-28;HAPV3;;;;;;;;2018-04-25;;;;
FIIM;45.823.539/0001-89;INVESTO MARKETVECTOR BRAZIL DOMESTIC EXPOSURE ETF - FUNDO DE INVESTIMENTO DE ÍNDICE;2023-06-30;488173;2104730.59;AÇÕES;Ação ordinária;N;Para negociação;0.00;0.00;0.00;0.00;533.00;8554.65;;2023-09-28;FLRY3;;;;;;;;2009-12-17;;;;
FIIM;45.823.539/0001-89;INVESTO MARKETVECTOR BRAZIL DOMESTIC EXPOSURE ETF - FUNDO DE INVESTIMENTO DE ÍNDICE;2023-06-30;488173;2104730.59;AÇÕES;Ação ordinária;N;Para negociação;0.00;0.00;0.00;0.00;1004.00;49597.60;;2023-09-28;BBAS3;;;;;;;;1973-05-31;;;;
FIIM;45.823.539/0001-89;INVESTO MARKETVECTOR BRAZIL DOMESTIC EXPOSURE ETF - FUNDO DE INVESTIMENTO DE ÍNDICE;2023-06-30;488173;2104730.59;AÇÕES;Ação ordinária;N;Para negociação;0.00;0.00;0.00;0.00;997.00;8324.95;;2023-09-28;DXCO3;;;;;;;;2021-08-19;;;;
FIIM;45.823.539/0001-89;INVESTO MARKETVECTOR BRAZIL DOMESTIC EXPOSURE ETF - FUNDO DE INVESTIMENTO DE ÍNDICE;2023-06-30;488173;2104730.59;AÇÕES;Ação ordinária;N;Para negociação;0.00;0.00;0.00;0.00;655.00;44867.50;;2023-09-28;RENT3;;;;;;;;2005-05-23;;;;
FIIM;45.823.539/0001-89;INVESTO MARKETVECTOR BRAZIL DOMESTIC EXPOSURE ETF - FUNDO DE INVESTIMENTO DE ÍNDICE;2023-06-30;488173;2104730.59;AÇÕES;Ação ordinária;N;Para negociação;0.00;0.00;0.00;0.00;2998.00;28481.00;;2023-09-28;LIGT3;;;;;;;;2006-02-22;;;;
FIIM;45.823.539/0001-89;INVESTO MARKETVECTOR BRAZIL DOMESTIC EXPOSURE ETF - FUNDO DE INVESTIMENTO DE ÍNDICE;2023-06-30;488173;2104730.59;AÇÕES;Ação ordinária;N;Para negociação;0.00;0.00;0.00;0.00;618.00;3114.72;;2023-09-28;CBAV3;;;;;;;;2021-07-15;;;;
FIIM;45.823.539/0001-89;INVESTO MARKETVECTOR BRAZIL DOMESTIC EXPOSURE ETF - FUNDO DE INVESTIMENTO DE ÍNDICE;2023-06-30;488173;2104730.59;AÇÕES;Ação ordinária;N;Para negociação;0.00;0.00;0.00;0.00;552.00;16985.04;;2023-09-28;BBSE3;;;;;;;;2013-04-29;;;;
FIIM;45.823.539/0001-89;INVESTO MARKETVECTOR BRAZIL DOMESTIC EXPOSURE ETF - FUNDO DE INVESTIMENTO DE ÍNDICE;2023-06-30;488173;2104730.59;AÇÕES;Ação ordinária;N;Para negociação;0.00;0.00;0.00;0.00;8706.00;10186.02;;2023-09-28;AMER3;;;;;;;;2021-07-19;;;;
FIIM;45.823.539/0001-89;INVESTO MARKETVECTOR BRAZIL DOMESTIC EXPOSURE ETF - FUNDO DE INVESTIMENTO DE ÍNDICE;2023-06-30;488173;2104730.59;AÇÕES;Ação preferencial;N;Para negociação;0.00;0.00;0.00;0.00;553.00;8295.00;;2023-09-28;BRSR6;;;;;;;;2007-09-03;;;;
FIIM;45.823.539/0001-89;INVESTO MARKETVECTOR BRAZIL DOMESTIC EXPOSURE ETF - FUNDO DE INVESTIMENTO DE ÍNDICE;2023-06-30;488173;2104730.59;AÇÕES;Ação preferencial;N;Para negociação;0.00;0.00;0.00;0.00;15154.00;66677.60;;2023-09-28;RAIZ4;;;;;;;;2021-08-05;;;;
FIIM;45.823.539/0001-89;INVESTO MARKETVECTOR BRAZIL DOMESTIC EXPOSURE ETF - FUNDO DE INVESTIMENTO DE ÍNDICE;2023-06-30;488173;2104730.59;AÇÕES;Ação preferencial;N;Para negociação;0.00;0.00;0.00;0.00;1633.00;21000.38;;2023-09-28;CMIG4;;;;;;;;1973-08-20;;;;
FIIM;45.823.539/0001-89;INVESTO MARKETVECTOR BRAZIL DOMESTIC EXPOSURE ETF - FUNDO DE INVESTIMENTO DE ÍNDICE;2023-06-30;488173;2104730.59;AÇÕES;Ação preferencial;N;Para negociação;0.00;0.00;0.00;0.00;467.00;4343.10;;2023-09-28;ALPA4;;;;;;;;1973-03-19;;;;
FIIM;45.823.539/0001-89;INVESTO MARKETVECTOR BRAZIL DOMESTIC EXPOSURE ETF - FUNDO DE INVESTIMENTO DE ÍNDICE;2023-06-30;488173;2104730.59;AÇÕES;Ação preferencial;N;Para negociação;0.00;0.00;0.00;0.00;1028.00;9406.20;;2023-09-28;BPAN4;;;;;;;;2014-08-05;;;;
FIIM;45.823.539/0001-89;INVESTO MARKETVECTOR BRAZIL DOMESTIC EXPOSURE ETF - FUNDO DE INVESTIMENTO DE ÍNDICE;2023-06-30;488173;2104730.59;AÇÕES;Ação preferencial;N;Para negociação;0.00;0.00;0.00;0.00;1135.00;14947.95;;2023-09-28;GOLL4;;;;;;;;2004-06-24;;;;
FIIM;45.823.539/0001-89;INVESTO MARKETVECTOR BRAZIL DOMESTIC EXPOSURE ETF - FUNDO DE INVESTIMENTO DE ÍNDICE;2023-06-30;488173;2104730.59;AÇÕES;Ação preferencial;N;Para negociação;0.00;0.00;0.00;0.00;2668.00;75824.56;;2023-09-28;ITUB4;;;;;;;;2009-05-20;;;;
FIIM;45.823.539/0001-89;INVESTO MARKETVECTOR BRAZIL DOMESTIC EXPOSURE ETF - FUNDO DE INVESTIMENTO DE ÍNDICE;2023-06-30;488173;2104730.59;AÇÕES;Ação preferencial;N;Para negociação;0.00;0.00;0.00;0.00;3877.00;37374.28;;2023-09-28;ITSA4;;;;;;;;1973-09-17;;;;
FIIM;45.823.539/0001-89;INVESTO MARKETVECTOR BRAZIL DOMESTIC EXPOSURE ETF - FUNDO DE INVESTIMENTO DE ÍNDICE;2023-06-30;488173;2104730.59;AÇÕES;Ação preferencial;N;Para negociação;0.00;0.00;0.00;0.00;1708.00;12075.56;;2023-09-28;USIM5;;;;;;;;1999-02-02;;;;
FIIM;45.823.539/0001-89;INVESTO MARKETVECTOR BRAZIL DOMESTIC EXPOSURE ETF - FUNDO DE INVESTIMENTO DE ÍNDICE;2023-06-30;488173;2104730.59;AÇÕES;Ação preferencial;N;Para negociação;0.00;0.00;0.00;0.00;372.00;9433.92;;2023-09-28;TRPL4;;;;;;;;1999-07-26;;;;
FIIM;45.823.539/0001-89;INVESTO MARKETVECTOR BRAZIL DOMESTIC EXPOSURE ETF - FUNDO DE INVESTIMENTO DE ÍNDICE;2023-06-30;488173;2104730.59;AÇÕES;Ação preferencial;N;Para negociação;0.00;0.00;0.00;0.00;3486.00;57344.70;;2023-09-28;BBDC4;;;;;;;;1973-12-06;;;;
FIIM;45.823.539/0001-89;INVESTO MARKETVECTOR BRAZIL DOMESTIC EXPOSURE ETF - FUNDO DE INVESTIMENTO DE ÍNDICE;2023-06-30;488173;2104730.59;AÇÕES;Ação preferencial;N;Para negociação;0.00;0.00;0.00;0.00;5351.00;158015.03;;2023-09-28;PETR4;;;;;;;;1973-09-18;;;;
FIIM;45.823.539/0001-89;INVESTO MARKETVECTOR BRAZIL DOMESTIC EXPOSURE ETF - FUNDO DE INVESTIMENTO DE ÍNDICE;2023-06-30;488173;2104730.59;AÇÕES;Ação preferencial;N;Para negociação;0.00;0.00;0.00;0.00;96.00;7597.44;;2023-09-28;UNIP6;;;;;;;;1980-06-04;;;;
FIIM;45.823.539/0001-89;INVESTO MARKETVECTOR BRAZIL DOMESTIC EXPOSURE ETF - FUNDO DE INVESTIMENTO DE ÍNDICE;2023-06-30;488173;2104730.59;AÇÕES;Ação preferencial;N;Para negociação;0.00;0.00;0.00;0.00;809.00;9845.53;;2023-09-28;RAPT4;;;;;;;;1993-03-19;;;;
FIIM;45.823.539/0001-89;INVESTO MARKETVECTOR BRAZIL DOMESTIC EXPOSURE ETF - FUNDO DE INVESTIMENTO DE ÍNDICE;2023-06-30;488173;2104730.59;AÇÕES;Ação preferencial;N;Para negociação;0.00;0.00;0.00;0.00;725.00;15848.50;;2023-09-28;AZUL4;;;;;;;;2017-04-11;;;;
FIIM;45.823.539/0001-89;INVESTO MARKETVECTOR BRAZIL DOMESTIC EXPOSURE ETF - FUNDO DE INVESTIMENTO DE ÍNDICE;2023-06-30;488173;2104730.59;DISPONIBILIDADES;Outros;;Para negociação;;;;;;3000.00;;2023-09-28;;Disponibilidade;;;;;;;;;;;
FIIM;45.823.539/0001-89;INVESTO MARKETVECTOR BRAZIL DOMESTIC EXPOSURE ETF - FUNDO DE INVESTIMENTO DE ÍNDICE;2023-06-30;488173;2104730.59;VALORES A PAGAR;Outros;;Para negociação;;;;;;561.40;;2023-09-28;;Valores a Pagar;;;;;;;;;;;
FIIM;45.823.539/0001-89;INVESTO MARKETVECTOR BRAZIL DOMESTIC EXPOSURE ETF - FUNDO DE INVESTIMENTO DE ÍNDICE;2023-06-30;488173;2104730.59;VALORES A RECEBER;Outros;;Para negociação;;;;;;24746.81;;2023-09-28;;Valores a Receber;;;;;;;;;;;
FIIM;45.823.539/0001-89;INVESTO MARKETVECTOR BRAZIL DOMESTIC EXPOSURE ETF - FUNDO DE INVESTIMENTO DE ÍNDICE;2023-06-30;488173;2104730.59;AÇÕES E OUTROS TVM CEDIDOS EM EMPRÉSTIMO;Certificado de depósito de ações;N;Para negociação;;;;;1710.00;53779.50;;2023-09-28;;BPAC11;;PJ;30306294000145;BANCO BTG PACTUAL S.A.;;;;;;;
FIIM;45.823.539/0001-89;INVESTO MARKETVECTOR BRAZIL DOMESTIC EXPOSURE ETF - FUNDO DE INVESTIMENTO DE ÍNDICE;2023-06-30;488173;2104730.59;CERTIFICADO OU RECIBO DE DEPÓSITO DE VALORES MOBILIÁRIOS;Certificado de depósito de ações;N;Para negociação;;;;;374.00;8385.08;;2023-09-28;IGTI11;;;;;;;;2021-11-22;;;;
FIIM;45.823.539/0001-89;INVESTO MARKETVECTOR BRAZIL DOMESTIC EXPOSURE ETF - FUNDO DE INVESTIMENTO DE ÍNDICE;2023-06-30;488173;2104730.59;CERTIFICADO OU RECIBO DE DEPÓSITO DE VALORES MOBILIÁRIOS;Certificado de depósito de ações;N;Para negociação;;;;;659.00;14346.43;;2023-09-28;KLBN11;;;;;;;;2014-01-10;;;;
FIIM;45.823.539/0001-89;INVESTO MARKETVECTOR BRAZIL DOMESTIC EXPOSURE ETF - FUNDO DE INVESTIMENTO DE ÍNDICE;2023-06-30;488173;2104730.59;CERTIFICADO OU RECIBO DE DEPÓSITO DE VALORES MOBILIÁRIOS;Certificado de depósito de ações;N;Para negociação;;;;;354.00;13324.56;;2023-09-28;TAEE11;;;;;;;;2012-05-28;;;;
FIIM;45.823.539/0001-89;INVESTO MARKETVECTOR BRAZIL DOMESTIC EXPOSURE ETF - FUNDO DE INVESTIMENTO DE ÍNDICE;2023-06-30;488173;2104730.59;CERTIFICADO OU RECIBO DE DEPÓSITO DE VALORES MOBILIÁRIOS;Certificado de depósito de ações;N;Para negociação;;;;;494.00;10798.84;;2023-09-28;SAPR11;;;;;;;;2017-11-17;;;;
FIIM;45.823.539/0001-89;INVESTO MARKETVECTOR BRAZIL DOMESTIC EXPOSURE ETF - FUNDO DE INVESTIMENTO DE ÍNDICE;2023-06-30;488173;2104730.59;CERTIFICADO OU RECIBO DE DEPÓSITO DE VALORES MOBILIÁRIOS;Certificado de depósito de ações;N;Para negociação;;;;;418.00;12803.34;;2023-09-28;SANB11;;;;;;;;2009-10-07;;;;
FIIM;45.823.539/0001-89;INVESTO MARKETVECTOR BRAZIL DOMESTIC EXPOSURE ETF - FUNDO DE INVESTIMENTO DE ÍNDICE;2023-06-30;488173;2104730.59;CERTIFICADO OU RECIBO DE DEPÓSITO DE VALORES MOBILIÁRIOS;Certificado de depósito de ações;N;Para negociação;;;;;429.00;21535.80;;2023-09-28;ENGI11;;;;;;;;2009-11-03;;;;
FIIM;45.823.539/0001-89;INVESTO MARKETVECTOR BRAZIL DOMESTIC EXPOSURE ETF - FUNDO DE INVESTIMENTO DE ÍNDICE;2023-06-30;488173;2104730.59;CERTIFICADO OU RECIBO DE DEPÓSITO DE VALORES MOBILIÁRIOS;Certificado de depósito de ações;N;Para negociação;;;;;313.00;13092.79;;2023-09-28;CPLE11;;;;;;;;2021-04-26;;;;
FIIM;45.823.539/0001-89;INVESTO MARKETVECTOR BRAZIL DOMESTIC EXPOSURE ETF - FUNDO DE INVESTIMENTO DE ÍNDICE;2023-06-30;488173;2104730.59;BRAZILIAN DEPOSITORY RECEIPT - BDR;BDR nível I;N;Para negociação;;;;;314.00;35183.70;;2023-09-28;;XPBR31;;PJ;35306280000145;XP INC.;;;;;;;
FIIM;45.823.539/0001-89;INVESTO MARKETVECTOR BRAZIL DOMESTIC EXPOSURE ETF - FUNDO DE INVESTIMENTO DE ÍNDICE;2023-06-30;488173;2104730.59;BRAZILIAN DEPOSITORY RECEIPT - BDR;BDR nível II;N;Para negociação;;;;;547.00;8101.07;;2023-09-28;INBR32;;;;;;;;2022-06-20;;;;
FIIM;45.823.539/0001-89;INVESTO MARKETVECTOR BRAZIL DOMESTIC EXPOSURE ETF - FUNDO DE INVESTIMENTO DE ÍNDICE;2023-06-30;488173;2104730.59;BRAZILIAN DEPOSITORY RECEIPT - BDR;BDR nível III;N;Para negociação;;;;;10376.00;65887.60;;2023-09-28;NUBR33;;;;;;;;2021-12-09;;;;
FIIM;45.823.539/0001-89;INVESTO MARKETVECTOR BRAZIL DOMESTIC EXPOSURE ETF - FUNDO DE INVESTIMENTO DE ÍNDICE;2023-06-30;488173;2104730.59;OUTRAS OPERAÇÕES PASSIVAS E EXIGIBILIDADES;Outros;;Para negociação;;;;;;121765.73;;2023-09-28;;MELI34;;PJ;0;MERCADOLIBRE INC;;;;;;;
FIIM;45.823.821/0001-66;INVESTO TEVA TESOURO SELIC ETF - FUNDO DE INVESTIMENTO DE ÍNDICE;2023-06-30;488174;1090060604.82;TÍTULOS PÚBLICOS;;;Para negociação;2.00;26821.76;2317.00;30876376.99;12419.00;166656308.81;;2023-09-28;;;2026-03-01;;;;;210100;;;;;
FIIM;45.823.821/0001-66;INVESTO TEVA TESOURO SELIC ETF - FUNDO DE INVESTIMENTO DE ÍNDICE;2023-06-30;488174;1090060604.82;TÍTULOS PÚBLICOS;;;Para negociação;22.00;292099.62;472.00;6289373.35;2793.00;37454662.62;;2023-09-28;;;2026-09-01;;;;;210100;;;;;
FIIM;45.823.821/0001-66;INVESTO TEVA TESOURO SELIC ETF - FUNDO DE INVESTIMENTO DE ÍNDICE;2023-06-30;488174;1090060604.82;TÍTULOS PÚBLICOS;;;Para negociação;58.00;771372.56;1711.00;22839751.00;10135.00;136210291.37;;2023-09-28;;;2025-09-01;;;;;210100;;;;;
FIIM;45.823.821/0001-66;INVESTO TEVA TESOURO SELIC ETF - FUNDO DE INVESTIMENTO DE ÍNDICE;2023-06-30;488174;1090060604.82;TÍTULOS PÚBLICOS;;;Para negociação;89.00;1178392.26;2064.00;27432833.61;12218.00;163499751.96;;2023-09-28;;;2027-03-01;;;;;210100;;;;;
FIIM;45.823.821/0001-66;INVESTO TEVA TESOURO SELIC ETF - FUNDO DE INVESTIMENTO DE ÍNDICE;2023-06-30;488174;1090060604.82;TÍTULOS PÚBLICOS;;;Para negociação;91.00;1200414.44;1660.00;21992521.61;9822.00;131046156.87;;2023-09-28;;;2028-09-01;;;;;210100;;;;;
FIIM;45.823.821/0001-66;INVESTO TEVA TESOURO SELIC ETF - FUNDO DE INVESTIMENTO DE ÍNDICE;2023-06-30;488174;1090060604.82;TÍTULOS PÚBLICOS;;;Para negociação;90.00;1190071.71;2429.00;32248577.40;14388.00;192340478.61;;2023-09-28;;;2027-09-01;;;;;210100;;;;;
FIIM;45.823.821/0001-66;INVESTO TEVA TESOURO SELIC ETF - FUNDO DE INVESTIMENTO DE ÍNDICE;2023-06-30;488174;1090060604.82;TÍTULOS PÚBLICOS;;;Para negociação;42.00;554635.00;1576.00;20896598.68;9323.00;124484563.39;;2023-09-28;;;2028-03-01;;;;;210100;;;;;
FIIM;45.823.821/0001-66;INVESTO TEVA TESOURO SELIC ETF - FUNDO DE INVESTIMENTO DE ÍNDICE;2023-06-30;488174;1090060604.82;TÍTULOS PÚBLICOS;;;Para negociação;1.00;13311.87;2299.00;30377662.87;10395.00;138498090.41;;2023-09-28;;;2029-03-01;;;;;210100;;;;;
FIIM;45.823.821/0001-66;INVESTO TEVA TESOURO SELIC ETF - FUNDO DE INVESTIMENTO DE ÍNDICE;2023-06-30;488174;1090060604.82;DISPONIBILIDADES;Outros;;Para negociação;;;;;;3000.00;;2023-09-28;;Disponibilidade;;;;;;;;;;;
FIIM;45.823.821/0001-66;INVESTO TEVA TESOURO SELIC ETF - FUNDO DE INVESTIMENTO DE ÍNDICE;2023-06-30;488174;1090060604.82;VALORES A PAGAR;Outros;;Para negociação;;;;;;365381.68;;2023-09-28;;Valores a Pagar;;;;;;;;;;;
FIIM;45.823.821/0001-66;INVESTO TEVA TESOURO SELIC ETF - FUNDO DE INVESTIMENTO DE ÍNDICE;2023-06-30;488174;1090060604.82;VALORES A RECEBER;Outros;;Para negociação;;;;;;59167.86;;2023-09-28;;Valores a Receber;;;;;;;;;;;
FIIM;46.467.170/0001-81;BB ETF ÍNDICE FUTURO DE MILHO B3 FUNDO DE ÍNDICE;2023-06-30;491775;25838344.62;TÍTULOS PÚBLICOS;;;Para negociação;374.00;4989497.49;0.00;0.00;1565.00;21001446.36;;;;;2026-03-01;;;;;210100;;;;;
FIIM;46.467.170/0001-81;BB ETF ÍNDICE FUTURO DE MILHO B3 FUNDO DE ÍNDICE;2023-06-30;491775;25838344.62;DISPONIBILIDADES;Outros;;Para negociação;;;;;;203044.28;;;;BANCO BRASIL CAIXA;;PJ;191;BCO BRASIL SA;;;;;;;
FIIM;46.467.170/0001-81;BB ETF ÍNDICE FUTURO DE MILHO B3 FUNDO DE ÍNDICE;2023-06-30;491775;25838344.62;VALORES A PAGAR;Outros;;Para negociação;;;;;;225.09;;;;TXCUST?DIA A PAGAR;;;;;;;;;;;
FIIM;46.467.170/0001-81;BB ETF ÍNDICE FUTURO DE MILHO B3 FUNDO DE ÍNDICE;2023-06-30;491775;25838344.62;VALORES A PAGAR;Outros;;Para negociação;;;;;;471.38;;;;TAXA ADMIN A PAGAR;;;;;;;;;;;
FIIM;46.467.170/0001-81;BB ETF ÍNDICE FUTURO DE MILHO B3 FUNDO DE ÍNDICE;2023-06-30;491775;25838344.62;VALORES A PAGAR;Outros;;Para negociação;;;;;;4400.00;;;;AUDITORIA A PAGAR;;;;;;;;;;;
FIIM;46.467.170/0001-81;BB ETF ÍNDICE FUTURO DE MILHO B3 FUNDO DE ÍNDICE;2023-06-30;491775;25838344.62;VALORES A PAGAR;Outros;;Para negociação;;;;;;167.34;;;;SELIC A PAGAR;;;;;;;;;;;
FIIM;46.467.170/0001-81;BB ETF ÍNDICE FUTURO DE MILHO B3 FUNDO DE ÍNDICE;2023-06-30;491775;25838344.62;VALORES A PAGAR;Outros;;Para negociação;;;;;;1338.00;;;;ANBID A PAGAR;;;;;;;;;;;
FIIM;46.467.170/0001-81;BB ETF ÍNDICE FUTURO DE MILHO B3 FUNDO DE ÍNDICE;2023-06-30;491775;25838344.62;VALORES A PAGAR;Outros;;Para negociação;;;;;;946.91;;;;PROV.AUDIT 28/03/24;;;;;;;;;;;
FIIM;46.467.170/0001-81;BB ETF ÍNDICE FUTURO DE MILHO B3 FUNDO DE ÍNDICE;2023-06-30;491775;25838344.62;VALORES A RECEBER;Outros;;Para negociação;;;;;;218.40;;;;ANBIMA DIF 31/07/23;;;;;;;;;;;
FIIM;46.467.170/0001-81;BB ETF ÍNDICE FUTURO DE MILHO B3 FUNDO DE ÍNDICE;2023-06-30;491775;25838344.62;VALORES A RECEBER;Outros;;Para negociação;;;;;;6934.80;;;;DIFERIR CVM 29/12/23;;;;;;;;;;;
FIIM;46.467.170/0001-81;BB ETF ÍNDICE FUTURO DE MILHO B3 FUNDO DE ÍNDICE;2023-06-30;491775;25838344.62;MERCADO FUTURO - POSIÇÕES COMPRADAS;Futuro de CNI:Milho;;Para negociação;103.00;2557399.50;50.00;1262925.00;1081.00;-574011.00;;;;CCM FUTURO BM&F - 17/07/2023;;PJ;54641030000106;BOLSA MERCADORIAS FUTUROS BMF SA;;;;;;;
FIIM;46.467.170/0001-81;BB ETF ÍNDICE FUTURO DE MILHO B3 FUNDO DE ÍNDICE;2023-06-30;491775;25838344.62;OPERAÇÕES COMPROMISSADAS;;N;Para negociação;;;;;1220.00;5208260.50;;;;;2035-05-15;;;;;760199;;;;;
FIIM;46.610.422/0001-80;BB ETF ÍNDICE FUTURO DE BOI GORDO B3 FUNDO DE ÍNDICE;2023-06-30;491779;53530378.93;TÍTULOS PÚBLICOS;;;Para negociação;0.00;0.00;0.00;0.00;3558.00;47746419.25;;;;;2026-03-01;;;;;210100;;;;;
FIIM;46.610.422/0001-80;BB ETF ÍNDICE FUTURO DE BOI GORDO B3 FUNDO DE ÍNDICE;2023-06-30;491779;53530378.93;DISPONIBILIDADES;Outros;;Para negociação;;;;;;301029.41;;;;BANCO BRASIL CAIXA;;PJ;191;BCO BRASIL SA;;;;;;;
FIIM;46.610.422/0001-80;BB ETF ÍNDICE FUTURO DE BOI GORDO B3 FUNDO DE ÍNDICE;2023-06-30;491779;53530378.93;VALORES A PAGAR;Outros;;Para negociação;;;;;;1097.52;;;;PROV.AUDIT 28/03/24;;;;;;;;;;;
FIIM;46.610.422/0001-80;BB ETF ÍNDICE FUTURO DE BOI GORDO B3 FUNDO DE ÍNDICE;2023-06-30;491779;53530378.93;VALORES A PAGAR;Outros;;Para negociação;;;;;;434.78;;;;TXCUST?DIA A PAGAR;;;;;;;;;;;
FIIM;46.610.422/0001-80;BB ETF ÍNDICE FUTURO DE BOI GORDO B3 FUNDO DE ÍNDICE;2023-06-30;491779;53530378.93;VALORES A PAGAR;Outros;;Para negociação;;;;;;956.44;;;;TAXA ADMIN A PAGAR;;;;;;;;;;;
FIIM;46.610.422/0001-80;BB ETF ÍNDICE FUTURO DE BOI GORDO B3 FUNDO DE ÍNDICE;2023-06-30;491779;53530378.93;VALORES A PAGAR;Outros;;Para negociação;;;;;;5100.00;;;;AUDITORIA A PAGAR;;;;;;;;;;;
FIIM;46.610.422/0001-80;BB ETF ÍNDICE FUTURO DE BOI GORDO B3 FUNDO DE ÍNDICE;2023-06-30;491779;53530378.93;VALORES A PAGAR;Outros;;Para negociação;;;;;;2128.57;;;;contas pagar Reclassi;;;;;;;;;;;
FIIM;46.610.422/0001-80;BB ETF ÍNDICE FUTURO DE BOI GORDO B3 FUNDO DE ÍNDICE;2023-06-30;491779;53530378.93;VALORES A PAGAR;Outros;;Para negociação;;;;;;239.10;;;;SELIC A PAGAR;;;;;;;;;;;
FIIM;46.610.422/0001-80;BB ETF ÍNDICE FUTURO DE BOI GORDO B3 FUNDO DE ÍNDICE;2023-06-30;491779;53530378.93;VALORES A PAGAR;Outros;;Para negociação;;;;;;3003.02;;;;Cotas Resgatar;;;;;;;;;;;
FIIM;46.610.422/0001-80;BB ETF ÍNDICE FUTURO DE BOI GORDO B3 FUNDO DE ÍNDICE;2023-06-30;491779;53530378.93;VALORES A RECEBER;Outros;;Para negociação;;;;;;6934.80;;;;DIFERIR CVM 29/12/23;;;;;;;;;;;
FIIM;46.610.422/0001-80;BB ETF ÍNDICE FUTURO DE BOI GORDO B3 FUNDO DE ÍNDICE;2023-06-30;491779;53530378.93;VALORES A RECEBER;Outros;;Para negociação;;;;;;351.12;;;;ANBIMA DIF 31/07/23;;;;;;;;;;;
FIIM;46.610.422/0001-80;BB ETF ÍNDICE FUTURO DE BOI GORDO B3 FUNDO DE ÍNDICE;2023-06-30;491779;53530378.93;MERCADO FUTURO - POSIÇÕES COMPRADAS;Futuro de BGI:Boi gordo;;Para negociação;0.00;0.00;618.00;53190010.50;618.00;-61182.00;;;;BGI FUTURO BM&F - 31/07/2023;;PJ;54641030000106;BOLSA MERCADORIAS FUTUROS BMF SA;;;;;;;
FIIM;46.610.422/0001-80;BB ETF ÍNDICE FUTURO DE BOI GORDO B3 FUNDO DE ÍNDICE;2023-06-30;491779;53530378.93;MERCADO FUTURO - POSIÇÕES COMPRADAS;Futuro de BGI:Boi gordo;;Para negociação;678.00;55816101.00;15.00;1202602.50;0.00;0.00;;;;BGI FUTURO BM&F - 30/06/2023;;PJ;54641030000106;BOLSA MERCADORIAS FUTUROS BMF SA;;;;;;;
FIIM;46.610.422/0001-80;BB ETF ÍNDICE FUTURO DE BOI GORDO B3 FUNDO DE ÍNDICE;2023-06-30;491779;53530378.93;OPERAÇÕES COMPROMISSADAS;;N;Para negociação;;;;;1300.00;5549785.78;;;;;2035-05-15;;;;;760199;;;;;
FIIM;48.643.091/0001-00;B-INDEX MORNINGSTAR BRASIL MOMENTO FUNDO DE INDICE;2023-06-30;486807;68382923.76;AÇÕES;Ação ordinária;N;Para negociação;16921.00;482250.26;614.00;17567.59;74523.00;2205880.80;;;RADL3;;;;;;;;2011-12-19;;;;
FIIM;48.643.091/0001-00;B-INDEX MORNINGSTAR BRASIL MOMENTO FUNDO DE INDICE;2023-06-30;486807;68382923.76;AÇÕES;Ação ordinária;N;Para negociação;25.00;513.50;105047.00;2226714.42;105022.00;2257973.00;;;SMFT3;;;;;;;;2018-02-26;;;;
FIIM;48.643.091/0001-00;B-INDEX MORNINGSTAR BRASIL MOMENTO FUNDO DE INDICE;2023-06-30;486807;68382923.76;AÇÕES;Ação ordinária;N;Para negociação;58.00;515.00;243330.00;2211717.88;161328.00;1347088.80;;;DXCO3;;;;;;;;2021-08-19;;;;
FIIM;48.643.091/0001-00;B-INDEX MORNINGSTAR BRASIL MOMENTO FUNDO DE INDICE;2023-06-30;486807;68382923.76;AÇÕES;Ação ordinária;N;Para negociação;30.00;543.30;121529.00;2144038.95;48799.00;921813.11;;;UGPA3;;;;;;;;1999-10-13;;;;
FIIM;48.643.091/0001-00;B-INDEX MORNINGSTAR BRASIL MOMENTO FUNDO DE INDICE;2023-06-30;486807;68382923.76;AÇÕES;Ação ordinária;N;Para negociação;17.00;516.63;7623.00;232072.87;69473.00;2137684.21;;;BBSE3;;;;;;;;2013-04-29;;;;
FIIM;48.643.091/0001-00;B-INDEX MORNINGSTAR BRASIL MOMENTO FUNDO DE INDICE;2023-06-30;486807;68382923.76;AÇÕES;Ação ordinária;N;Para negociação;20.00;552.60;2747.00;75024.09;47456.00;1334462.72;;;PSSA3;;;;;;;;2004-11-22;;;;
FIIM;48.643.091/0001-00;B-INDEX MORNINGSTAR BRASIL MOMENTO FUNDO DE INDICE;2023-06-30;486807;68382923.76;AÇÕES;Ação ordinária;N;Para negociação;14.00;509.60;2746.00;103749.86;55463.00;2093728.25;;;WEGE3;;;;;;;;2004-08-02;;;;
FIIM;48.643.091/0001-00;B-INDEX MORNINGSTAR BRASIL MOMENTO FUNDO DE INDICE;2023-06-30;486807;68382923.76;AÇÕES;Ação ordinária;N;Para negociação;4041.00;182653.11;391.00;17507.37;21331.00;974613.39;;;EGIE3;;;;;;;;2016-07-21;;;;
FIIM;48.643.091/0001-00;B-INDEX MORNINGSTAR BRASIL MOMENTO FUNDO DE INDICE;2023-06-30;486807;68382923.76;AÇÕES;Ação ordinária;N;Para negociação;19.00;529.91;77241.00;2153442.47;77220.00;2199225.60;;;VIVA3;;;;;;;;2019-10-10;;;;
FIIM;48.643.091/0001-00;B-INDEX MORNINGSTAR BRASIL MOMENTO FUNDO DE INDICE;2023-06-30;486807;68382923.76;AÇÕES;Ação ordinária;N;Para negociação;34733.00;700224.85;887.00;18051.18;54449.00;1151596.35;;;CSMG3;;;;;;;;2006-02-08;;;;
FIIM;48.643.091/0001-00;B-INDEX MORNINGSTAR BRASIL MOMENTO FUNDO DE INDICE;2023-06-30;486807;68382923.76;AÇÕES;Ação ordinária;N;Para negociação;13.00;471.78;56536.00;2084996.27;56523.00;1930260.45;;;SMTO3;;;;;;;;2007-02-12;;;;
FIIM;48.643.091/0001-00;B-INDEX MORNINGSTAR BRASIL MOMENTO FUNDO DE INDICE;2023-06-30;486807;68382923.76;AÇÕES;Ação ordinária;N;Para negociação;35.00;497.00;146097.00;2135890.80;146062.00;2133965.82;;;B3SA3;;;;;;;;2018-03-26;;;;
FIIM;48.643.091/0001-00;B-INDEX MORNINGSTAR BRASIL MOMENTO FUNDO DE INDICE;2023-06-30;486807;68382923.76;AÇÕES;Ação ordinária;S;Para negociação;1121.00;12972.53;1433.00;16707.09;122287.00;1534701.85;;;ODPV3;;;;;;;;2006-12-01;;;;
FIIM;48.643.091/0001-00;B-INDEX MORNINGSTAR BRASIL MOMENTO FUNDO DE INDICE;2023-06-30;486807;68382923.76;AÇÕES;Ação ordinária;N;Para negociação;23.00;561.20;94451.00;2210423.46;94428.00;2327650.20;;;ALSO3;;;;;;;;2019-08-06;;;;
FIIM;48.643.091/0001-00;B-INDEX MORNINGSTAR BRASIL MOMENTO FUNDO DE INDICE;2023-06-30;486807;68382923.76;AÇÕES;Ação ordinária;N;Para negociação;27.00;517.59;109984.00;2095472.16;44157.00;888880.41;;;CYRE3;;;;;;;;1996-05-27;;;;
FIIM;48.643.091/0001-00;B-INDEX MORNINGSTAR BRASIL MOMENTO FUNDO DE INDICE;2023-06-30;486807;68382923.76;AÇÕES;Ação ordinária;N;Para negociação;1165.00;42276.50;482.00;17300.76;35884.00;1330578.72;;;PRIO3;;;;;;;;2015-06-26;;;;
FIIM;48.643.091/0001-00;B-INDEX MORNINGSTAR BRASIL MOMENTO FUNDO DE INDICE;2023-06-30;486807;68382923.76;AÇÕES;Ação ordinária;N;Para negociação;6570.00;173926.08;627.00;16879.73;70690.00;1955992.30;;;MULT3;;;;;;;;2007-07-27;;;;
FIIM;48.643.091/0001-00;B-INDEX MORNINGSTAR BRASIL MOMENTO FUNDO DE INDICE;2023-06-30;486807;68382923.76;AÇÕES;Ação ordinária;N;Para negociação;6998.00;346337.10;378.00;18816.94;47297.00;2336471.80;;;BBAS3;;;;;;;;1973-05-31;;;;
FIIM;48.643.091/0001-00;B-INDEX MORNINGSTAR BRASIL MOMENTO FUNDO DE INDICE;2023-06-30;486807;68382923.76;AÇÕES;Ação ordinária;N;Para negociação;962.00;30780.53;544.00;17491.34;67347.00;2316063.33;;;CPFE3;;;;;;;;2004-09-29;;;;
FIIM;48.643.091/0001-00;B-INDEX MORNINGSTAR BRASIL MOMENTO FUNDO DE INDICE;2023-06-30;486807;68382923.76;AÇÕES;Ação ordinária;N;Para negociação;33.00;524.88;136729.00;2168700.31;136696.00;2308795.44;;;GGPS3;;;;;;;;2021-04-26;;;;
FIIM;48.643.091/0001-00;B-INDEX MORNINGSTAR BRASIL MOMENTO FUNDO DE INDICE;2023-06-30;486807;68382923.76;AÇÕES;Ação ordinária;N;Para negociação;22624.00;445675.13;1028.00;19911.57;89992.00;1910530.16;;;NEOE3;;;;;;;;2017-10-05;;;;
FIIM;48.643.091/0001-00;B-INDEX MORNINGSTAR BRASIL MOMENTO FUNDO DE INDICE;2023-06-30;486807;68382923.76;AÇÕES;Ação ordinária;N;Para negociação;36.00;530.28;150698.00;2245237.84;117472.00;1717440.64;;;TIMS3;;;;;;;;2020-10-13;;;;
FIIM;48.643.091/0001-00;B-INDEX MORNINGSTAR BRASIL MOMENTO FUNDO DE INDICE;2023-06-30;486807;68382923.76;AÇÕES;Ação ordinária;N;Para negociação;47927.00;483579.77;1759.00;17356.29;200751.00;2039630.16;;;STBP3;;;;;;;;2007-11-21;;;;
FIIM;48.643.091/0001-00;B-INDEX MORNINGSTAR BRASIL MOMENTO FUNDO DE INDICE;2023-06-30;486807;68382923.76;AÇÕES;Ação ordinária;N;Para negociação;22.00;517.22;92226.00;2162722.62;92204.00;2177858.48;;;ENBR3;;;;;;;;2005-07-13;;;;
FIIM;48.643.091/0001-00;B-INDEX MORNINGSTAR BRASIL MOMENTO FUNDO DE INDICE;2023-06-30;486807;68382923.76;AÇÕES;Ação preferencial;N;Para negociação;25380.00;244923.48;1867.00;17950.94;213818.00;2061205.52;;;ITSA4;;;;;;;;1973-09-17;;;;
FIIM;48.643.091/0001-00;B-INDEX MORNINGSTAR BRASIL MOMENTO FUNDO DE INDICE;2023-06-30;486807;68382923.76;AÇÕES;Ação preferencial;N;Para negociação;21.00;528.36;6366.00;165064.48;42669.00;1069711.83;;;GGBR4;;;;;;;;2001-02-01;;;;
FIIM;48.643.091/0001-00;B-INDEX MORNINGSTAR BRASIL MOMENTO FUNDO DE INDICE;2023-06-30;486807;68382923.76;AÇÕES;Ação preferencial;N;Para negociação;7889.00;226017.04;620.00;17719.14;31518.00;895741.56;;;ITUB4;;;;;;;;2009-05-20;;;;
FIIM;48.643.091/0001-00;B-INDEX MORNINGSTAR BRASIL MOMENTO FUNDO DE INDICE;2023-06-30;486807;68382923.76;AÇÕES;Ação preferencial;N;Para negociação;44.00;526.24;14060.00;170997.12;183700.00;2171334.00;;;GOAU4;;;;;;;;1973-08-27;;;;
FIIM;48.643.091/0001-00;B-INDEX MORNINGSTAR BRASIL MOMENTO FUNDO DE INDICE;2023-06-30;486807;68382923.76;AÇÕES;Ação preferencial;N;Para negociação;26.00;550.87;110491.00;2277742.66;52339.00;1144130.54;;;AZUL4;;;;;;;;2017-04-11;;;;
FIIM;48.643.091/0001-00;B-INDEX MORNINGSTAR BRASIL MOMENTO FUNDO DE INDICE;2023-06-30;486807;68382923.76;AÇÕES;Ação preferencial;N;Para negociação;10862.00;321982.26;594.00;17929.49;74574.00;2202170.22;;;PETR4;;;;;;;;1973-09-18;;;;
FIIM;48.643.091/0001-00;B-INDEX MORNINGSTAR BRASIL MOMENTO FUNDO DE INDICE;2023-06-30;486807;68382923.76;DISPONIBILIDADES;Outros;;Para negociação;;;;;;10000.00;;;;Disponibilidade;;;;;;;;;;;
FIIM;48.643.091/0001-00;B-INDEX MORNINGSTAR BRASIL MOMENTO FUNDO DE INDICE;2023-06-30;486807;68382923.76;VALORES A PAGAR;Outros;;Para negociação;;;;;;61610.37;;;;Valores a Pagar;;;;;;;;;;;
FIIM;48.643.091/0001-00;B-INDEX MORNINGSTAR BRASIL MOMENTO FUNDO DE INDICE;2023-06-30;486807;68382923.76;VALORES A RECEBER;Outros;;Para negociação;;;;;;862778.54;;;;Valores a Receber;;;;;;;;;;;
FIIM;48.643.091/0001-00;B-INDEX MORNINGSTAR BRASIL MOMENTO FUNDO DE INDICE;2023-06-30;486807;68382923.76;MERCADO FUTURO - POSIÇÕES COMPRADAS;Contrato Futuro;;Para negociação;;;;;9.00;-942.80;;;;FUT WIN/Q23;;;;;;;;;;;
FIIM;48.643.091/0001-00;B-INDEX MORNINGSTAR BRASIL MOMENTO FUNDO DE INDICE;2023-06-30;486807;68382923.76;MERCADO FUTURO - POSIÇÕES COMPRADAS;Futuro de IND:Ibovespa;;Para negociação;;;;;6.00;-4026.00;;;;FUT IND/Q23;;;;;;;;;;;
FIIM;48.643.091/0001-00;B-INDEX MORNINGSTAR BRASIL MOMENTO FUNDO DE INDICE;2023-06-30;486807;68382923.76;AÇÕES E OUTROS TVM CEDIDOS EM EMPRÉSTIMO;Ação ordinária;N;Para negociação;;;;;1473.00;43600.80;;;RADL3;;;;;;;;2011-12-19;;;;
FIIM;48.643.091/0001-00;B-INDEX MORNINGSTAR BRASIL MOMENTO FUNDO DE INDICE;2023-06-30;486807;68382923.76;AÇÕES E OUTROS TVM CEDIDOS EM EMPRÉSTIMO;Ação ordinária;N;Para negociação;;;;;33190.00;485237.80;;;TIMS3;;;;;;;;2020-10-13;;;;
FIIM;48.643.091/0001-00;B-INDEX MORNINGSTAR BRASIL MOMENTO FUNDO DE INDICE;2023-06-30;486807;68382923.76;AÇÕES E OUTROS TVM CEDIDOS EM EMPRÉSTIMO;Ação ordinária;N;Para negociação;;;;;53686.00;1135458.90;;;CSMG3;;;;;;;;2006-02-08;;;;
FIIM;48.643.091/0001-00;B-INDEX MORNINGSTAR BRASIL MOMENTO FUNDO DE INDICE;2023-06-30;486807;68382923.76;AÇÕES E OUTROS TVM CEDIDOS EM EMPRÉSTIMO;Ação ordinária;N;Para negociação;;;;;971.00;36655.25;;;WEGE3;;;;;;;;2004-08-02;;;;
FIIM;48.643.091/0001-00;B-INDEX MORNINGSTAR BRASIL MOMENTO FUNDO DE INDICE;2023-06-30;486807;68382923.76;AÇÕES E OUTROS TVM CEDIDOS EM EMPRÉSTIMO;Ação ordinária;N;Para negociação;;;;;28402.00;1297687.38;;;EGIE3;;;;;;;;2016-07-21;;;;
FIIM;48.643.091/0001-00;B-INDEX MORNINGSTAR BRASIL MOMENTO FUNDO DE INDICE;2023-06-30;486807;68382923.76;AÇÕES E OUTROS TVM CEDIDOS EM EMPRÉSTIMO;Ação ordinária;N;Para negociação;;;;;17381.00;176590.96;;;STBP3;;;;;;;;2007-11-21;;;;
FIIM;48.643.091/0001-00;B-INDEX MORNINGSTAR BRASIL MOMENTO FUNDO DE INDICE;2023-06-30;486807;68382923.76;AÇÕES E OUTROS TVM CEDIDOS EM EMPRÉSTIMO;Ação ordinária;N;Para negociação;;;;;72700.00;1373303.00;;;UGPA3;;;;;;;;1999-10-13;;;;
FIIM;48.643.091/0001-00;B-INDEX MORNINGSTAR BRASIL MOMENTO FUNDO DE INDICE;2023-06-30;486807;68382923.76;AÇÕES E OUTROS TVM CEDIDOS EM EMPRÉSTIMO;Ação ordinária;N;Para negociação;;;;;38390.00;815019.70;;;NEOE3;;;;;;;;2017-10-05;;;;
FIIM;48.643.091/0001-00;B-INDEX MORNINGSTAR BRASIL MOMENTO FUNDO DE INDICE;2023-06-30;486807;68382923.76;AÇÕES E OUTROS TVM CEDIDOS EM EMPRÉSTIMO;Ação ordinária;N;Para negociação;;;;;35895.00;1009367.40;;;PSSA3;;;;;;;;2004-11-22;;;;
FIIM;48.643.091/0001-00;B-INDEX MORNINGSTAR BRASIL MOMENTO FUNDO DE INDICE;2023-06-30;486807;68382923.76;AÇÕES E OUTROS TVM CEDIDOS EM EMPRÉSTIMO;Ação ordinária;N;Para negociação;;;;;2600.00;89414.00;;;CPFE3;;;;;;;;2004-09-29;;;;
FIIM;48.643.091/0001-00;B-INDEX MORNINGSTAR BRASIL MOMENTO FUNDO DE INDICE;2023-06-30;486807;68382923.76;AÇÕES E OUTROS TVM CEDIDOS EM EMPRÉSTIMO;Ação ordinária;N;Para negociação;;;;;8814.00;243883.38;;;MULT3;;;;;;;;2007-07-27;;;;
FIIM;48.643.091/0001-00;B-INDEX MORNINGSTAR BRASIL MOMENTO FUNDO DE INDICE;2023-06-30;486807;68382923.76;AÇÕES E OUTROS TVM CEDIDOS EM EMPRÉSTIMO;Ação ordinária;N;Para negociação;;;;;81944.00;684232.40;;;DXCO3;;;;;;;;2021-08-19;;;;
FIIM;48.643.091/0001-00;B-INDEX MORNINGSTAR BRASIL MOMENTO FUNDO DE INDICE;2023-06-30;486807;68382923.76;AÇÕES E OUTROS TVM CEDIDOS EM EMPRÉSTIMO;Ação ordinária;N;Para negociação;;;;;65800.00;1324554.00;;;CYRE3;;;;;;;;1996-05-27;;;;
FIIM;48.643.091/0001-00;B-INDEX MORNINGSTAR BRASIL MOMENTO FUNDO DE INDICE;2023-06-30;486807;68382923.76;AÇÕES E OUTROS TVM CEDIDOS EM EMPRÉSTIMO;Ação ordinária;S;Para negociação;;;;;62200.00;780610.00;;;ODPV3;;;;;;;;2006-12-01;;;;
FIIM;48.643.091/0001-00;B-INDEX MORNINGSTAR BRASIL MOMENTO FUNDO DE INDICE;2023-06-30;486807;68382923.76;AÇÕES E OUTROS TVM CEDIDOS EM EMPRÉSTIMO;Ação ordinária;N;Para negociação;;;;;2.00;56.96;;;VIVA3;;;;;;;;2019-10-10;;;;
FIIM;48.643.091/0001-00;B-INDEX MORNINGSTAR BRASIL MOMENTO FUNDO DE INDICE;2023-06-30;486807;68382923.76;AÇÕES E OUTROS TVM CEDIDOS EM EMPRÉSTIMO;Ação ordinária;N;Para negociação;;;;;26000.00;964080.00;;;PRIO3;;;;;;;;2015-06-26;;;;
FIIM;48.643.091/0001-00;B-INDEX MORNINGSTAR BRASIL MOMENTO FUNDO DE INDICE;2023-06-30;486807;68382923.76;AÇÕES E OUTROS TVM CEDIDOS EM EMPRÉSTIMO;Ação preferencial;N;Para negociação;;;;;58126.00;1270634.36;;;AZUL4;;;;;;;;2017-04-11;;;;
FIIM;48.643.091/0001-00;B-INDEX MORNINGSTAR BRASIL MOMENTO FUNDO DE INDICE;2023-06-30;486807;68382923.76;AÇÕES E OUTROS TVM CEDIDOS EM EMPRÉSTIMO;Ação preferencial;N;Para negociação;;;;;42800.00;1072996.00;;;GGBR4;;;;;;;;2001-02-01;;;;
FIIM;48.643.091/0001-00;B-INDEX MORNINGSTAR BRASIL MOMENTO FUNDO DE INDICE;2023-06-30;486807;68382923.76;AÇÕES E OUTROS TVM CEDIDOS EM EMPRÉSTIMO;Ação preferencial;N;Para negociação;;;;;47000.00;1335740.00;;;ITUB4;;;;;;;;2009-05-20;;;;
FIIM;48.643.091/0001-00;B-INDEX MORNINGSTAR BRASIL MOMENTO FUNDO DE INDICE;2023-06-30;486807;68382923.76;AÇÕES E OUTROS TVM CEDIDOS EM EMPRÉSTIMO;Ação preferencial;N;Para negociação;;;;;22511.00;217006.04;;;ITSA4;;;;;;;;1973-09-17;;;;
FIIM;48.643.091/0001-00;B-INDEX MORNINGSTAR BRASIL MOMENTO FUNDO DE INDICE;2023-06-30;486807;68382923.76;OPERAÇÕES COMPROMISSADAS;;S;Para negociação;;;;;11.00;143416.40;;;;;2027-09-01;;;;;210100;;;;;
FIIM;48.643.130/0001-79;B-INDEX MORNINGSTAR BRASIL PESOS IGUAIS FUNDO DE ÍNDICE;2023-06-30;486804;63986327.27;AÇÕES;Ação ordinária;N;Para negociação;6.00;303.10;2685.00;132827.70;13650.00;674310.00;;;BBAS3;;;;;;;;1973-05-31;;;;
FIIM;48.643.130/0001-79;B-INDEX MORNINGSTAR BRASIL PESOS IGUAIS FUNDO DE ÍNDICE;2023-06-30;486804;63986327.27;AÇÕES;Ação ordinária;S;Para negociação;14.00;222.40;9530.00;149151.78;40904.00;656509.20;;;FLRY3;;;;;;;;2009-12-17;;;;
FIIM;48.643.130/0001-79;B-INDEX MORNINGSTAR BRASIL PESOS IGUAIS FUNDO DE ÍNDICE;2023-06-30;486804;63986327.27;AÇÕES;Ação ordinária;N;Para negociação;10.00;234.75;6876.00;161243.86;26610.00;628528.20;;;ENBR3;;;;;;;;2005-07-13;;;;
FIIM;48.643.130/0001-79;B-INDEX MORNINGSTAR BRASIL PESOS IGUAIS FUNDO DE ÍNDICE;2023-06-30;486804;63986327.27;AÇÕES;Ação ordinária;N;Para negociação;21.00;219.73;6924.00;70413.32;27429.00;282518.70;;;CXSE3;;;;;;;;2021-04-29;;;;
FIIM;48.643.130/0001-79;B-INDEX MORNINGSTAR BRASIL PESOS IGUAIS FUNDO DE ÍNDICE;2023-06-30;486804;63986327.27;AÇÕES;Ação ordinária;N;Para negociação;16.00;214.64;24290.00;328038.40;35041.00;481813.75;;;ASAI3;;;;;;;;2021-03-01;;;;
FIIM;48.643.130/0001-79;B-INDEX MORNINGSTAR BRASIL PESOS IGUAIS FUNDO DE ÍNDICE;2023-06-30;486804;63986327.27;AÇÕES;Ação ordinária;N;Para negociação;15.00;219.85;14448.00;210614.57;44004.00;630577.32;;;AURE3;;;;;;;;2022-03-28;;;;
FIIM;48.643.130/0001-79;B-INDEX MORNINGSTAR BRASIL PESOS IGUAIS FUNDO DE ÍNDICE;2023-06-30;486804;63986327.27;AÇÕES;Ação ordinária;N;Para negociação;5.00;213.81;3399.00;146141.29;7944.00;343736.88;;;VIVT3;;;;;;;;2011-10-06;;;;
FIIM;48.643.130/0001-79;B-INDEX MORNINGSTAR BRASIL PESOS IGUAIS FUNDO DE ÍNDICE;2023-06-30;486804;63986327.27;AÇÕES;Ação ordinária;N;Para negociação;13.00;226.70;6784.00;118229.05;28077.00;525320.67;;;PCAR3;;;;;;;;1995-10-03;;;;
FIIM;48.643.130/0001-79;B-INDEX MORNINGSTAR BRASIL PESOS IGUAIS FUNDO DE ÍNDICE;2023-06-30;486804;63986327.27;AÇÕES;Ação ordinária;N;Para negociação;55.00;203.37;32161.00;119282.09;117389.00;395600.93;;;MGLU3;;;;;;;;2011-05-02;;;;
FIIM;48.643.130/0001-79;B-INDEX MORNINGSTAR BRASIL PESOS IGUAIS FUNDO DE ÍNDICE;2023-06-30;486804;63986327.27;AÇÕES;Ação ordinária;N;Para negociação;8.00;242.70;4121.00;126550.98;20984.00;674635.60;;;EQTL3;;;;;;;;2006-04-03;;;;
FIIM;48.643.130/0001-79;B-INDEX MORNINGSTAR BRASIL PESOS IGUAIS FUNDO DE ÍNDICE;2023-06-30;486804;63986327.27;AÇÕES;Ação ordinária;N;Para negociação;15.00;192.26;23740.00;318453.79;21249.00;257750.37;;;CSNA3;;;;;;;;1993-08-02;;;;
FIIM;48.643.130/0001-79;B-INDEX MORNINGSTAR BRASIL PESOS IGUAIS FUNDO DE ÍNDICE;2023-06-30;486804;63986327.27;AÇÕES;Ação ordinária;N;Para negociação;11.00;223.84;2311.00;46643.47;14815.00;313337.25;;;CSMG3;;;;;;;;2006-02-08;;;;
FIIM;48.643.130/0001-79;B-INDEX MORNINGSTAR BRASIL PESOS IGUAIS FUNDO DE ÍNDICE;2023-06-30;486804;63986327.27;AÇÕES;Ação ordinária;N;Para negociação;8446.00;59037.39;773.00;5312.40;44515.00;289347.50;;;ECOR3;;;;;;;;2010-04-01;;;;
FIIM;48.643.130/0001-79;B-INDEX MORNINGSTAR BRASIL PESOS IGUAIS FUNDO DE ÍNDICE;2023-06-30;486804;63986327.27;AÇÕES;Ação ordinária;N;Para negociação;14.00;238.10;11843.00;194818.98;16242.00;271891.08;;;NTCO3;;;;;;;;2019-12-18;;;;
FIIM;48.643.130/0001-79;B-INDEX MORNINGSTAR BRASIL PESOS IGUAIS FUNDO DE ÍNDICE;2023-06-30;486804;63986327.27;AÇÕES;Ação ordinária;N;Para negociação;17.00;208.00;7449.00;91160.23;25555.00;313048.75;;;AESB3;;;;;;;;2021-08-10;;;;
FIIM;48.643.130/0001-79;B-INDEX MORNINGSTAR BRASIL PESOS IGUAIS FUNDO DE ÍNDICE;2023-06-30;486804;63986327.27;AÇÕES;Ação ordinária;N;Para negociação;23.00;225.56;8372.00;79985.79;38645.00;347418.55;;;SIMH3;;;;;;;;2020-09-18;;;;
FIIM;48.643.130/0001-79;B-INDEX MORNINGSTAR BRASIL PESOS IGUAIS FUNDO DE ÍNDICE;2023-06-30;486804;63986327.27;AÇÕES;Ação ordinária;N;Para negociação;6.00;197.86;1573.00;52159.25;19195.00;631899.40;;;RDOR3;;;;;;;;2021-06-25;;;;
FIIM;48.643.130/0001-79;B-INDEX MORNINGSTAR BRASIL PESOS IGUAIS FUNDO DE ÍNDICE;2023-06-30;486804;63986327.27;AÇÕES;Ação ordinária;N;Para negociação;10.00;206.05;2552.00;53950.62;30309.00;651643.50;;;SMFT3;;;;;;;;2018-02-26;;;;
FIIM;48.643.130/0001-79;B-INDEX MORNINGSTAR BRASIL PESOS IGUAIS FUNDO DE ÍNDICE;2023-06-30;486804;63986327.27;AÇÕES;Ação ordinária;N;Para negociação;5.00;184.66;5353.00;202563.60;9787.00;369459.25;;;WEGE3;;;;;;;;2004-08-02;;;;
FIIM;48.643.130/0001-79;B-INDEX MORNINGSTAR BRASIL PESOS IGUAIS FUNDO DE ÍNDICE;2023-06-30;486804;63986327.27;AÇÕES;Ação ordinária;N;Para negociação;20.00;214.89;21384.00;238523.81;32791.00;348568.33;;;BEEF3;;;;;;;;2007-07-20;;;;
FIIM;48.643.130/0001-79;B-INDEX MORNINGSTAR BRASIL PESOS IGUAIS FUNDO DE ÍNDICE;2023-06-30;486804;63986327.27;AÇÕES;Ação ordinária;N;Para negociação;21.00;246.44;6992.00;82288.54;55870.00;670440.00;;;SOMA3;;;;;;;;2020-07-31;;;;
FIIM;48.643.130/0001-79;B-INDEX MORNINGSTAR BRASIL PESOS IGUAIS FUNDO DE ÍNDICE;2023-06-30;486804;63986327.27;AÇÕES;Ação ordinária;N;Para negociação;29.00;218.01;25019.00;184632.06;64811.00;484786.28;;;GRND3;;;;;;;;2004-10-29;;;;
FIIM;48.643.130/0001-79;B-INDEX MORNINGSTAR BRASIL PESOS IGUAIS FUNDO DE ÍNDICE;2023-06-30;486804;63986327.27;AÇÕES;Ação ordinária;N;Para negociação;5096.00;22155.77;1246.00;5253.91;90026.00;394313.88;;;HAPV3;;;;;;;;2018-04-25;;;;
FIIM;48.643.130/0001-79;B-INDEX MORNINGSTAR BRASIL PESOS IGUAIS FUNDO DE ÍNDICE;2023-06-30;486804;63986327.27;AÇÕES;Ação ordinária;N;Para negociação;1509.00;4860.67;1685.00;5414.84;80126.00;261210.76;;;COGN3;;;;;;;;2019-10-11;;;;
FIIM;48.643.130/0001-79;B-INDEX MORNINGSTAR BRASIL PESOS IGUAIS FUNDO DE ÍNDICE;2023-06-30;486804;63986327.27;AÇÕES;Ação ordinária;N;Para negociação;6.00;190.24;5369.00;174325.98;12407.00;370348.95;;;RRRP3;;;;;;;;2020-11-12;;;;
FIIM;48.643.130/0001-79;B-INDEX MORNINGSTAR BRASIL PESOS IGUAIS FUNDO DE ÍNDICE;2023-06-30;486804;63986327.27;AÇÕES;Ação ordinária;N;Para negociação;17.00;213.76;15306.00;190305.73;48886.00;628185.10;;;TTEN3;;;;;;;;2021-07-12;;;;
FIIM;48.643.130/0001-79;B-INDEX MORNINGSTAR BRASIL PESOS IGUAIS FUNDO DE ÍNDICE;2023-06-30;486804;63986327.27;AÇÕES;Ação ordinária;N;Para negociação;16.00;231.40;4467.00;65291.13;42154.00;615869.94;;;B3SA3;;;;;;;;2018-03-26;;;;
FIIM;48.643.130/0001-79;B-INDEX MORNINGSTAR BRASIL PESOS IGUAIS FUNDO DE ÍNDICE;2023-06-30;486804;63986327.27;AÇÕES;Ação ordinária;N;Para negociação;5.00;223.62;3496.00;157936.11;6133.00;280216.77;;;EGIE3;;;;;;;;2016-07-21;;;;
FIIM;48.643.130/0001-79;B-INDEX MORNINGSTAR BRASIL PESOS IGUAIS FUNDO DE ÍNDICE;2023-06-30;486804;63986327.27;AÇÕES;Ação ordinária;N;Para negociação;7.00;214.03;7451.00;226868.57;20050.00;616938.50;;;BBSE3;;;;;;;;2013-04-29;;;;
FIIM;48.643.130/0001-79;B-INDEX MORNINGSTAR BRASIL PESOS IGUAIS FUNDO DE ÍNDICE;2023-06-30;486804;63986327.27;AÇÕES;Ação ordinária;N;Para negociação;8.00;219.22;7638.00;208383.59;9661.00;271667.32;;;PSSA3;;;;;;;;2004-11-22;;;;
FIIM;48.643.130/0001-79;B-INDEX MORNINGSTAR BRASIL PESOS IGUAIS FUNDO DE ÍNDICE;2023-06-30;486804;63986327.27;AÇÕES;Ação ordinária;N;Para negociação;21.00;205.51;9155.00;92296.20;25913.00;263276.08;;;STBP3;;;;;;;;2007-11-21;;;;
FIIM;48.643.130/0001-79;B-INDEX MORNINGSTAR BRASIL PESOS IGUAIS FUNDO DE ÍNDICE;2023-06-30;486804;63986327.27;AÇÕES;Ação ordinária;N;Para negociação;4.00;176.13;3763.00;169991.32;14137.00;650443.37;;;HYPE3;;;;;;;;2008-04-18;;;;
FIIM;48.643.130/0001-79;B-INDEX MORNINGSTAR BRASIL PESOS IGUAIS FUNDO DE ÍNDICE;2023-06-30;486804;63986327.27;AÇÕES;Ação ordinária;N;Para negociação;6.00;219.40;5131.00;186039.82;11960.00;443476.80;;;PRIO3;;;;;;;;2015-06-26;;;;
FIIM;48.643.130/0001-79;B-INDEX MORNINGSTAR BRASIL PESOS IGUAIS FUNDO DE ÍNDICE;2023-06-30;486804;63986327.27;AÇÕES;Ação ordinária;N;Para negociação;8.00;215.92;5546.00;146888.03;22945.00;634888.15;;;MULT3;;;;;;;;2007-07-27;;;;
FIIM;48.643.130/0001-79;B-INDEX MORNINGSTAR BRASIL PESOS IGUAIS FUNDO DE ÍNDICE;2023-06-30;486804;63986327.27;AÇÕES;Ação ordinária;N;Para negociação;17.00;202.04;14111.00;170016.04;36998.00;453965.46;;;ENEV3;;;;;;;;2013-10-22;;;;
FIIM;48.643.130/0001-79;B-INDEX MORNINGSTAR BRASIL PESOS IGUAIS FUNDO DE ÍNDICE;2023-06-30;486804;63986327.27;AÇÕES;Ação ordinária;N;Para negociação;6.00;250.32;1281.00;52464.74;8607.00;366399.99;;;MDIA3;;;;;;;;2006-10-18;;;;
FIIM;48.643.130/0001-79;B-INDEX MORNINGSTAR BRASIL PESOS IGUAIS FUNDO DE ÍNDICE;2023-06-30;486804;63986327.27;AÇÕES;Ação ordinária;N;Para negociação;6.00;219.88;1088.00;40103.31;7212.00;246289.80;;;SMTO3;;;;;;;;2007-02-12;;;;
FIIM;48.643.130/0001-79;B-INDEX MORNINGSTAR BRASIL PESOS IGUAIS FUNDO DE ÍNDICE;2023-06-30;486804;63986327.27;AÇÕES;Ação ordinária;N;Para negociação;14.00;216.14;9623.00;145010.95;41841.00;644769.81;;;ABEV3;;;;;;;;2013-11-11;;;;
FIIM;48.643.130/0001-79;B-INDEX MORNINGSTAR BRASIL PESOS IGUAIS FUNDO DE ÍNDICE;2023-06-30;486804;63986327.27;AÇÕES;Ação ordinária;N;Para negociação;11.00;210.55;4227.00;80604.30;12734.00;256335.42;;;CYRE3;;;;;;;;1996-05-27;;;;
FIIM;48.643.130/0001-79;B-INDEX MORNINGSTAR BRASIL PESOS IGUAIS FUNDO DE ÍNDICE;2023-06-30;486804;63986327.27;AÇÕES;Ação ordinária;N;Para negociação;13.00;234.88;3182.00;56222.93;14104.00;266424.56;;;UGPA3;;;;;;;;1999-10-13;;;;
FIIM;48.643.130/0001-79;B-INDEX MORNINGSTAR BRASIL PESOS IGUAIS FUNDO DE ÍNDICE;2023-06-30;486804;63986327.27;AÇÕES;Ação ordinária;N;Para negociação;30.00;224.13;25975.00;187843.83;35638.00;259088.26;;;MRFG3;;;;;;;;2007-06-28;;;;
FIIM;48.643.130/0001-79;B-INDEX MORNINGSTAR BRASIL PESOS IGUAIS FUNDO DE ÍNDICE;2023-06-30;486804;63986327.27;AÇÕES;Ação ordinária;N;Para negociação;11.00;204.18;13091.00;234041.99;35184.00;614312.64;;;JBSS3;;;;;;;;2007-03-29;;;;
FIIM;48.643.130/0001-79;B-INDEX MORNINGSTAR BRASIL PESOS IGUAIS FUNDO DE ÍNDICE;2023-06-30;486804;63986327.27;AÇÕES;Ação ordinária;N;Para negociação;16.00;208.90;13251.00;180176.85;38791.00;469759.01;;;VAMO3;;;;;;;;2021-01-29;;;;
FIIM;48.643.130/0001-79;B-INDEX MORNINGSTAR BRASIL PESOS IGUAIS FUNDO DE ÍNDICE;2023-06-30;486804;63986327.27;AÇÕES;Ação ordinária;N;Para negociação;10.00;222.41;4431.00;96957.32;27530.00;611166.00;;;RAIL3;;;;;;;;2017-03-13;;;;
FIIM;48.643.130/0001-79;B-INDEX MORNINGSTAR BRASIL PESOS IGUAIS FUNDO DE ÍNDICE;2023-06-30;486804;63986327.27;AÇÕES;Ação ordinária;N;Para negociação;7.00;200.70;3140.00;89522.26;20802.00;615739.20;;;RADL3;;;;;;;;2011-12-19;;;;
FIIM;48.643.130/0001-79;B-INDEX MORNINGSTAR BRASIL PESOS IGUAIS FUNDO DE ÍNDICE;2023-06-30;486804;63986327.27;AÇÕES;Ação ordinária;N;Para negociação;13.00;230.57;7439.00;130869.39;35750.00;638495.00;;;CSAN3;;;;;;;;2005-11-18;;;;
FIIM;48.643.130/0001-79;B-INDEX MORNINGSTAR BRASIL PESOS IGUAIS FUNDO DE ÍNDICE;2023-06-30;486804;63986327.27;AÇÕES;Ação ordinária;N;Para negociação;6.00;234.96;3076.00;119846.55;16343.00;649634.25;;;ELET3;;;;;;;;1983-09-01;;;;
FIIM;48.643.130/0001-79;B-INDEX MORNINGSTAR BRASIL PESOS IGUAIS FUNDO DE ÍNDICE;2023-06-30;486804;63986327.27;AÇÕES;Ação ordinária;N;Para negociação;8.00;202.96;7950.00;207832.35;22894.00;592725.66;;;INTB3;;;;;;;;2021-02-04;;;;
FIIM;48.643.130/0001-79;B-INDEX MORNINGSTAR BRASIL PESOS IGUAIS FUNDO DE ÍNDICE;2023-06-30;486804;63986327.27;AÇÕES;Ação ordinária;S;Para negociação;44.00;205.16;50178.00;226906.90;83622.00;383824.98;;;CIEL3;;;;;;;;2009-12-18;;;;
FIIM;48.643.130/0001-79;B-INDEX MORNINGSTAR BRASIL PESOS IGUAIS FUNDO DE ÍNDICE;2023-06-30;486804;63986327.27;AÇÕES;Ação ordinária;N;Para negociação;4.00;218.62;3404.00;183089.24;11655.00;659323.35;;;SBSP3;;;;;;;;1997-03-11;;;;
FIIM;48.643.130/0001-79;B-INDEX MORNINGSTAR BRASIL PESOS IGUAIS FUNDO DE ÍNDICE;2023-06-30;486804;63986327.27;AÇÕES;Ação ordinária;N;Para negociação;26.00;228.95;2465.00;22306.92;28628.00;239043.80;;;DXCO3;;;;;;;;2021-08-19;;;;
FIIM;48.643.130/0001-79;B-INDEX MORNINGSTAR BRASIL PESOS IGUAIS FUNDO DE ÍNDICE;2023-06-30;486804;63986327.27;AÇÕES;Ação ordinária;N;Para negociação;5.00;231.24;4310.00;207968.01;5489.00;242723.58;;;SUZB3;;;;;;;;2004-08-05;;;;
FIIM;48.643.130/0001-79;B-INDEX MORNINGSTAR BRASIL PESOS IGUAIS FUNDO DE ÍNDICE;2023-06-30;486804;63986327.27;AÇÕES;Ação ordinária;N;Para negociação;14.00;135.68;60280.00;710895.42;60266.00;608686.60;;;ONCO3;;;;;;;;2021-08-10;;;;
FIIM;48.643.130/0001-79;B-INDEX MORNINGSTAR BRASIL PESOS IGUAIS FUNDO DE ÍNDICE;2023-06-30;486804;63986327.27;AÇÕES;Ação ordinária;N;Para negociação;21.00;230.92;10465.00;114903.07;60312.00;681525.60;;;MEGA3;;;;;;;;2021-12-27;;;;
FIIM;48.643.130/0001-79;B-INDEX MORNINGSTAR BRASIL PESOS IGUAIS FUNDO DE ÍNDICE;2023-06-30;486804;63986327.27;AÇÕES;Ação ordinária;N;Para negociação;7.00;205.95;5270.00;157468.17;20921.00;627211.58;;;TOTS3;;;;;;;;2006-03-09;;;;
FIIM;48.643.130/0001-79;B-INDEX MORNINGSTAR BRASIL PESOS IGUAIS FUNDO DE ÍNDICE;2023-06-30;486804;63986327.27;AÇÕES;Ação ordinária;N;Para negociação;2.00;133.14;3956.00;275460.59;9048.00;581062.56;;;VALE3;;;;;;;;1982-02-15;;;;
FIIM;48.643.130/0001-79;B-INDEX MORNINGSTAR BRASIL PESOS IGUAIS FUNDO DE ÍNDICE;2023-06-30;486804;63986327.27;AÇÕES;Ação ordinária;N;Para negociação;712.00;5544.95;684.00;5347.62;60806.00;481583.52;;;GMAT3;;;;;;;;2020-10-13;;;;
FIIM;48.643.130/0001-79;B-INDEX MORNINGSTAR BRASIL PESOS IGUAIS FUNDO DE ÍNDICE;2023-06-30;486804;63986327.27;AÇÕES;Ação ordinária;N;Para negociação;14.00;220.31;4591.00;72823.40;18225.00;307820.25;;;GGPS3;;;;;;;;2021-04-26;;;;
FIIM;48.643.130/0001-79;B-INDEX MORNINGSTAR BRASIL PESOS IGUAIS FUNDO DE ÍNDICE;2023-06-30;486804;63986327.27;AÇÕES;Ação ordinária;N;Para negociação;26.00;239.02;9330.00;85814.19;28636.00;255146.76;;;BRFS3;;;;;;;;2009-12-10;;;;
FIIM;48.643.130/0001-79;B-INDEX MORNINGSTAR BRASIL PESOS IGUAIS FUNDO DE ÍNDICE;2023-06-30;486804;63986327.27;AÇÕES;Ação ordinária;N;Para negociação;15.00;210.95;6409.00;90111.52;25592.00;359567.60;;;CCRO3;;;;;;;;2002-02-01;;;;
FIIM;48.643.130/0001-79;B-INDEX MORNINGSTAR BRASIL PESOS IGUAIS FUNDO DE ÍNDICE;2023-06-30;486804;63986327.27;AÇÕES;Ação ordinária;N;Para negociação;8.00;224.80;2676.00;74547.10;10686.00;304337.28;;;VIVA3;;;;;;;;2019-10-10;;;;
FIIM;48.643.130/0001-79;B-INDEX MORNINGSTAR BRASIL PESOS IGUAIS FUNDO DE ÍNDICE;2023-06-30;486804;63986327.27;AÇÕES;Ação ordinária;N;Para negociação;6.00;208.54;4139.00;138211.24;19296.00;638697.60;;;PETR3;;;;;;;;1973-09-18;;;;
FIIM;48.643.130/0001-79;B-INDEX MORNINGSTAR BRASIL PESOS IGUAIS FUNDO DE ÍNDICE;2023-06-30;486804;63986327.27;AÇÕES;Ação ordinária;N;Para negociação;7.00;221.26;5861.00;187576.82;12196.00;419420.44;;;CPFE3;;;;;;;;2004-09-29;;;;
FIIM;48.643.130/0001-79;B-INDEX MORNINGSTAR BRASIL PESOS IGUAIS FUNDO DE ÍNDICE;2023-06-30;486804;63986327.27;AÇÕES;Ação ordinária;N;Para negociação;10.00;218.68;6298.00;128161.32;11661.00;233220.00;;;LREN3;;;;;;;;1973-07-24;;;;
FIIM;48.643.130/0001-79;B-INDEX MORNINGSTAR BRASIL PESOS IGUAIS FUNDO DE ÍNDICE;2023-06-30;486804;63986327.27;AÇÕES;Ação ordinária;N;Para negociação;13.00;245.19;6529.00;128458.82;14964.00;317685.72;;;NEOE3;;;;;;;;2017-10-05;;;;
FIIM;48.643.130/0001-79;B-INDEX MORNINGSTAR BRASIL PESOS IGUAIS FUNDO DE ÍNDICE;2023-06-30;486804;63986327.27;AÇÕES;Ação ordinária;S;Para negociação;15.00;218.90;7718.00;112215.11;43695.00;639694.80;;;BBDC3;;;;;;;;1973-12-06;;;;
FIIM;48.643.130/0001-79;B-INDEX MORNINGSTAR BRASIL PESOS IGUAIS FUNDO DE ÍNDICE;2023-06-30;486804;63986327.27;AÇÕES;Ação ordinária;S;Para negociação;17.00;204.15;15766.00;182136.57;43455.00;545360.25;;;ODPV3;;;;;;;;2006-12-01;;;;
FIIM;48.643.130/0001-79;B-INDEX MORNINGSTAR BRASIL PESOS IGUAIS FUNDO DE ÍNDICE;2023-06-30;486804;63986327.27;AÇÕES;Ação ordinária;N;Para negociação;3.00;235.55;2258.00;169409.61;4709.00;372340.63;;;ARZZ3;;;;;;;;2011-02-02;;;;
FIIM;48.643.130/0001-79;B-INDEX MORNINGSTAR BRASIL PESOS IGUAIS FUNDO DE ÍNDICE;2023-06-30;486804;63986327.27;AÇÕES;Ação ordinária;N;Para negociação;5.00;337.95;1354.00;88271.77;9198.00;630063.00;;;RENT3;;;;;;;;2005-05-23;;;;
FIIM;48.643.130/0001-79;B-INDEX MORNINGSTAR BRASIL PESOS IGUAIS FUNDO DE ÍNDICE;2023-06-30;486804;63986327.27;AÇÕES;Ação ordinária;N;Para negociação;21028.00;246021.94;495.00;5608.95;34058.00;394051.06;;;MRVE3;;;;;;;;2007-07-23;;;;
FIIM;48.643.130/0001-79;B-INDEX MORNINGSTAR BRASIL PESOS IGUAIS FUNDO DE ÍNDICE;2023-06-30;486804;63986327.27;AÇÕES;Ação ordinária;N;Para negociação;17.00;190.26;21278.00;229659.68;31043.00;347681.60;;;CRFB3;;;;;;;;2017-07-20;;;;
FIIM;48.643.130/0001-79;B-INDEX MORNINGSTAR BRASIL PESOS IGUAIS FUNDO DE ÍNDICE;2023-06-30;486804;63986327.27;AÇÕES;Ação ordinária;N;Para negociação;10.00;179.90;8115.00;163174.23;27880.00;516895.20;;;EMBR3;;;;;;;;1989-08-28;;;;
FIIM;48.643.130/0001-79;B-INDEX MORNINGSTAR BRASIL PESOS IGUAIS FUNDO DE ÍNDICE;2023-06-30;486804;63986327.27;AÇÕES;Ação ordinária;N;Para negociação;10.00;194.94;18820.00;359287.55;20437.00;391777.29;;;RECV3;;;;;;;;2021-05-05;;;;
FIIM;48.643.130/0001-79;B-INDEX MORNINGSTAR BRASIL PESOS IGUAIS FUNDO DE ÍNDICE;2023-06-30;486804;63986327.27;AÇÕES;Ação ordinária;N;Para negociação;15.00;221.55;8105.00;120671.91;35885.00;524638.70;;;TIMS3;;;;;;;;2020-10-13;;;;
FIIM;48.643.130/0001-79;B-INDEX MORNINGSTAR BRASIL PESOS IGUAIS FUNDO DE ÍNDICE;2023-06-30;486804;63986327.27;AÇÕES;Ação ordinária;N;Para negociação;13.00;235.86;6750.00;118882.93;35668.00;643807.40;;;VBBR3;;;;;;;;2021-10-22;;;;
FIIM;48.643.130/0001-79;B-INDEX MORNINGSTAR BRASIL PESOS IGUAIS FUNDO DE ÍNDICE;2023-06-30;486804;63986327.27;AÇÕES;Ação ordinária;N;Para negociação;6.00;216.60;6772.00;246263.64;10636.00;406507.92;;;SLCE3;;;;;;;;2007-06-15;;;;
FIIM;48.643.130/0001-79;B-INDEX MORNINGSTAR BRASIL PESOS IGUAIS FUNDO DE ÍNDICE;2023-06-30;486804;63986327.27;AÇÕES;Ação ordinária;N;Para negociação;10.00;238.76;2217.00;51924.47;27252.00;671761.80;;;ALSO3;;;;;;;;2019-08-06;;;;
FIIM;48.643.130/0001-79;B-INDEX MORNINGSTAR BRASIL PESOS IGUAIS FUNDO DE ÍNDICE;2023-06-30;486804;63986327.27;AÇÕES;Ação preferencial;N;Para negociação;18.00;227.16;10066.00;124943.99;50930.00;654959.80;;;CMIG4;;;;;;;;1973-08-20;;;;
FIIM;48.643.130/0001-79;B-INDEX MORNINGSTAR BRASIL PESOS IGUAIS FUNDO DE ÍNDICE;2023-06-30;486804;63986327.27;AÇÕES;Ação preferencial;N;Para negociação;9.00;254.55;3196.00;95562.73;9789.00;272721.54;;;BRKM5;;;;;;;;2002-09-02;;;;
FIIM;48.643.130/0001-79;B-INDEX MORNINGSTAR BRASIL PESOS IGUAIS FUNDO DE ÍNDICE;2023-06-30;486804;63986327.27;AÇÕES;Ação preferencial;N;Para negociação;9.00;226.80;5186.00;129167.58;14327.00;363332.72;;;TRPL4;;;;;;;;1999-07-26;;;;
FIIM;48.643.130/0001-79;B-INDEX MORNINGSTAR BRASIL PESOS IGUAIS FUNDO DE ÍNDICE;2023-06-30;486804;63986327.27;AÇÕES;Ação preferencial;N;Para negociação;6.00;265.68;2095.00;92491.49;5932.00;264092.64;;;ELET6;;;;;;;;1974-11-13;;;;
FIIM;48.643.130/0001-79;B-INDEX MORNINGSTAR BRASIL PESOS IGUAIS FUNDO DE ÍNDICE;2023-06-30;486804;63986327.27;AÇÕES;Ação preferencial;N;Para negociação;7.00;218.81;4247.00;125928.86;21522.00;635544.66;;;PETR4;;;;;;;;1973-09-18;;;;
FIIM;48.643.130/0001-79;B-INDEX MORNINGSTAR BRASIL PESOS IGUAIS FUNDO DE ÍNDICE;2023-06-30;486804;63986327.27;AÇÕES;Ação preferencial;N;Para negociação;17.00;245.86;4304.00;61183.21;27350.00;410250.00;;;BRSR6;;;;;;;;2007-09-03;;;;
FIIM;48.643.130/0001-79;B-INDEX MORNINGSTAR BRASIL PESOS IGUAIS FUNDO DE ÍNDICE;2023-06-30;486804;63986327.27;AÇÕES;Ação preferencial;S;Para negociação;13.00;218.16;6165.00;104440.14;15075.00;247983.75;;;BBDC4;;;;;;;;1973-12-06;;;;
FIIM;48.643.130/0001-79;B-INDEX MORNINGSTAR BRASIL PESOS IGUAIS FUNDO DE ÍNDICE;2023-06-30;486804;63986327.27;AÇÕES;Ação preferencial;N;Para negociação;5059.00;104263.09;285.00;5813.14;12807.00;279961.02;;;AZUL4;;;;;;;;2017-04-11;;;;
FIIM;48.643.130/0001-79;B-INDEX MORNINGSTAR BRASIL PESOS IGUAIS FUNDO DE ÍNDICE;2023-06-30;486804;63986327.27;AÇÕES;Ação preferencial;N;Para negociação;21.00;222.74;12314.00;136988.65;29441.00;273801.30;;;ALPA4;;;;;;;;1973-03-19;;;;
FIIM;48.643.130/0001-79;B-INDEX MORNINGSTAR BRASIL PESOS IGUAIS FUNDO DE ÍNDICE;2023-06-30;486804;63986327.27;AÇÕES;Ação preferencial;N;Para negociação;8.00;201.42;8570.00;222328.47;15066.00;377704.62;;;GGBR4;;;;;;;;2001-02-01;;;;
FIIM;48.643.130/0001-79;B-INDEX MORNINGSTAR BRASIL PESOS IGUAIS FUNDO DE ÍNDICE;2023-06-30;486804;63986327.27;AÇÕES;Ação preferencial;N;Para negociação;28.00;202.88;24441.00;180592.33;69294.00;489908.58;;;USIM5;;;;;;;;1999-02-02;;;;
FIIM;48.643.130/0001-79;B-INDEX MORNINGSTAR BRASIL PESOS IGUAIS FUNDO DE ÍNDICE;2023-06-30;486804;63986327.27;AÇÕES;Ação preferencial;N;Para negociação;9.00;255.54;5200.00;148946.10;9160.00;260327.20;;;ITUB4;;;;;;;;2009-05-20;;;;
FIIM;48.643.130/0001-79;B-INDEX MORNINGSTAR BRASIL PESOS IGUAIS FUNDO DE ÍNDICE;2023-06-30;486804;63986327.27;AÇÕES;Ação preferencial;N;Para negociação;4.00;310.62;3314.00;252052.53;3788.00;299782.32;;;UNIP6;;;;;;;;1980-06-04;;;;
FIIM;48.643.130/0001-79;B-INDEX MORNINGSTAR BRASIL PESOS IGUAIS FUNDO DE ÍNDICE;2023-06-30;486804;63986327.27;AÇÕES;Ação preferencial;S;Para negociação;9.00;205.68;12127.00;286465.03;15168.00;336881.28;;;BRAP4;;;;;;;;2000-08-10;;;;
FIIM;48.643.130/0001-79;B-INDEX MORNINGSTAR BRASIL PESOS IGUAIS FUNDO DE ÍNDICE;2023-06-30;486804;63986327.27;AÇÕES;Ação preferencial;N;Para negociação;17.00;202.34;18490.00;224961.85;53016.00;626649.12;;;GOAU4;;;;;;;;1973-08-27;;;;
FIIM;48.643.130/0001-79;B-INDEX MORNINGSTAR BRASIL PESOS IGUAIS FUNDO DE ÍNDICE;2023-06-30;486804;63986327.27;AÇÕES;Ação preferencial;N;Para negociação;23.00;221.28;15323.00;147821.36;36855.00;355282.20;;;ITSA4;;;;;;;;1973-09-17;;;;
FIIM;48.643.130/0001-79;B-INDEX MORNINGSTAR BRASIL PESOS IGUAIS FUNDO DE ÍNDICE;2023-06-30;486804;63986327.27;DISPONIBILIDADES;Outros;;Para negociação;;;;;;10000.00;;;;Disponibilidade;;;;;;;;;;;
FIIM;48.643.130/0001-79;B-INDEX MORNINGSTAR BRASIL PESOS IGUAIS FUNDO DE ÍNDICE;2023-06-30;486804;63986327.27;VALORES A PAGAR;Outros;;Para negociação;;;;;;70325.22;;;;Valores a Pagar;;;;;;;;;;;
FIIM;48.643.130/0001-79;B-INDEX MORNINGSTAR BRASIL PESOS IGUAIS FUNDO DE ÍNDICE;2023-06-30;486804;63986327.27;VALORES A RECEBER;Outros;;Para negociação;;;;;;403302.10;;;;Valores a Receber;;;;;;;;;;;
FIIM;48.643.130/0001-79;B-INDEX MORNINGSTAR BRASIL PESOS IGUAIS FUNDO DE ÍNDICE;2023-06-30;486804;63986327.27;MERCADO FUTURO - POSIÇÕES COMPRADAS;Contrato Futuro;;Para negociação;;;;;0.00;-115.00;;;;FUT WIN/Q23;;;;;;;;;;;
FIIM;48.643.130/0001-79;B-INDEX MORNINGSTAR BRASIL PESOS IGUAIS FUNDO DE ÍNDICE;2023-06-30;486804;63986327.27;MERCADO FUTURO - POSIÇÕES COMPRADAS;Futuro de IND:Ibovespa;;Para negociação;;;;;4.00;-2684.00;;;;FUT IND/Q23;;;;;;;;;;;
FIIM;48.643.130/0001-79;B-INDEX MORNINGSTAR BRASIL PESOS IGUAIS FUNDO DE ÍNDICE;2023-06-30;486804;63986327.27;AÇÕES E OUTROS TVM CEDIDOS EM EMPRÉSTIMO;Ação ordinária;N;Para negociação;;;;;20950.00;165924.00;;;GMAT3;;;;;;;;2020-10-13;;;;
FIIM;48.643.130/0001-79;B-INDEX MORNINGSTAR BRASIL PESOS IGUAIS FUNDO DE ÍNDICE;2023-06-30;486804;63986327.27;AÇÕES E OUTROS TVM CEDIDOS EM EMPRÉSTIMO;Ação ordinária;N;Para negociação;;;;;6225.00;237919.50;;;SLCE3;;;;;;;;2007-06-15;;;;
FIIM;48.643.130/0001-79;B-INDEX MORNINGSTAR BRASIL PESOS IGUAIS FUNDO DE ÍNDICE;2023-06-30;486804;63986327.27;AÇÕES E OUTROS TVM CEDIDOS EM EMPRÉSTIMO;Ação ordinária;N;Para negociação;;;;;7596.00;111053.52;;;TIMS3;;;;;;;;2020-10-13;;;;
FIIM;48.643.130/0001-79;B-INDEX MORNINGSTAR BRASIL PESOS IGUAIS FUNDO DE ÍNDICE;2023-06-30;486804;63986327.27;AÇÕES E OUTROS TVM CEDIDOS EM EMPRÉSTIMO;Ação ordinária;S;Para negociação;;;;;9788.00;122839.40;;;ODPV3;;;;;;;;2006-12-01;;;;
FIIM;48.643.130/0001-79;B-INDEX MORNINGSTAR BRASIL PESOS IGUAIS FUNDO DE ÍNDICE;2023-06-30;486804;63986327.27;AÇÕES E OUTROS TVM CEDIDOS EM EMPRÉSTIMO;Ação ordinária;N;Para negociação;;;;;45404.00;295126.00;;;ECOR3;;;;;;;;2010-04-01;;;;
FIIM;48.643.130/0001-79;B-INDEX MORNINGSTAR BRASIL PESOS IGUAIS FUNDO DE ÍNDICE;2023-06-30;486804;63986327.27;AÇÕES E OUTROS TVM CEDIDOS EM EMPRÉSTIMO;Ação ordinária;N;Para negociação;;;;;18815.00;140736.20;;;GRND3;;;;;;;;2004-10-29;;;;
FIIM;48.643.130/0001-79;B-INDEX MORNINGSTAR BRASIL PESOS IGUAIS FUNDO DE ÍNDICE;2023-06-30;486804;63986327.27;AÇÕES E OUTROS TVM CEDIDOS EM EMPRÉSTIMO;Ação ordinária;N;Para negociação;;;;;4414.00;81835.56;;;EMBR3;;;;;;;;1989-08-28;;;;
FIIM;48.643.130/0001-79;B-INDEX MORNINGSTAR BRASIL PESOS IGUAIS FUNDO DE ÍNDICE;2023-06-30;486804;63986327.27;AÇÕES E OUTROS TVM CEDIDOS EM EMPRÉSTIMO;Ação ordinária;S;Para negociação;;;;;50000.00;229500.00;;;CIEL3;;;;;;;;2009-12-18;;;;
FIIM;48.643.130/0001-79;B-INDEX MORNINGSTAR BRASIL PESOS IGUAIS FUNDO DE ÍNDICE;2023-06-30;486804;63986327.27;AÇÕES E OUTROS TVM CEDIDOS EM EMPRÉSTIMO;Ação ordinária;N;Para negociação;;;;;37040.00;376326.40;;;STBP3;;;;;;;;2007-11-21;;;;
FIIM;48.643.130/0001-79;B-INDEX MORNINGSTAR BRASIL PESOS IGUAIS FUNDO DE ÍNDICE;2023-06-30;486804;63986327.27;AÇÕES E OUTROS TVM CEDIDOS EM EMPRÉSTIMO;Ação ordinária;N;Para negociação;;;;;21225.00;358490.25;;;GGPS3;;;;;;;;2021-04-26;;;;
FIIM;48.643.130/0001-79;B-INDEX MORNINGSTAR BRASIL PESOS IGUAIS FUNDO DE ÍNDICE;2023-06-30;486804;63986327.27;AÇÕES E OUTROS TVM CEDIDOS EM EMPRÉSTIMO;Ação ordinária;N;Para negociação;;;;;42751.00;144070.87;;;MGLU3;;;;;;;;2011-05-02;;;;
FIIM;48.643.130/0001-79;B-INDEX MORNINGSTAR BRASIL PESOS IGUAIS FUNDO DE ÍNDICE;2023-06-30;486804;63986327.27;AÇÕES E OUTROS TVM CEDIDOS EM EMPRÉSTIMO;Ação ordinária;N;Para negociação;;;;;13577.00;186683.75;;;ASAI3;;;;;;;;2021-03-01;;;;
FIIM;48.643.130/0001-79;B-INDEX MORNINGSTAR BRASIL PESOS IGUAIS FUNDO DE ÍNDICE;2023-06-30;486804;63986327.27;AÇÕES E OUTROS TVM CEDIDOS EM EMPRÉSTIMO;Ação ordinária;N;Para negociação;;;;;23119.00;207839.81;;;SIMH3;;;;;;;;2020-09-18;;;;
FIIM;48.643.130/0001-79;B-INDEX MORNINGSTAR BRASIL PESOS IGUAIS FUNDO DE ÍNDICE;2023-06-30;486804;63986327.27;AÇÕES E OUTROS TVM CEDIDOS EM EMPRÉSTIMO;Ação ordinária;N;Para negociação;;;;;6427.00;273597.39;;;MDIA3;;;;;;;;2006-10-18;;;;
FIIM;48.643.130/0001-79;B-INDEX MORNINGSTAR BRASIL PESOS IGUAIS FUNDO DE ÍNDICE;2023-06-30;486804;63986327.27;AÇÕES E OUTROS TVM CEDIDOS EM EMPRÉSTIMO;Ação ordinária;N;Para negociação;;;;;5900.00;218772.00;;;PRIO3;;;;;;;;2015-06-26;;;;
FIIM;48.643.130/0001-79;B-INDEX MORNINGSTAR BRASIL PESOS IGUAIS FUNDO DE ÍNDICE;2023-06-30;486804;63986327.27;AÇÕES E OUTROS TVM CEDIDOS EM EMPRÉSTIMO;Ação ordinária;N;Para negociação;;;;;3200.00;253024.00;;;ARZZ3;;;;;;;;2011-02-02;;;;
FIIM;48.643.130/0001-79;B-INDEX MORNINGSTAR BRASIL PESOS IGUAIS FUNDO DE ÍNDICE;2023-06-30;486804;63986327.27;AÇÕES E OUTROS TVM CEDIDOS EM EMPRÉSTIMO;Ação ordinária;N;Para negociação;;;;;8220.00;375571.80;;;EGIE3;;;;;;;;2016-07-21;;;;
FIIM;48.643.130/0001-79;B-INDEX MORNINGSTAR BRASIL PESOS IGUAIS FUNDO DE ÍNDICE;2023-06-30;486804;63986327.27;AÇÕES E OUTROS TVM CEDIDOS EM EMPRÉSTIMO;Ação ordinária;N;Para negociação;;;;;19000.00;382470.00;;;CYRE3;;;;;;;;1996-05-27;;;;
FIIM;48.643.130/0001-79;B-INDEX MORNINGSTAR BRASIL PESOS IGUAIS FUNDO DE ÍNDICE;2023-06-30;486804;63986327.27;AÇÕES E OUTROS TVM CEDIDOS EM EMPRÉSTIMO;Ação ordinária;N;Para negociação;;;;;14183.00;174025.41;;;ENEV3;;;;;;;;2013-10-22;;;;
FIIM;48.643.130/0001-79;B-INDEX MORNINGSTAR BRASIL PESOS IGUAIS FUNDO DE ÍNDICE;2023-06-30;486804;63986327.27;AÇÕES E OUTROS TVM CEDIDOS EM EMPRÉSTIMO;Ação ordinária;N;Para negociação;;;;;25496.00;271022.48;;;BEEF3;;;;;;;;2007-07-20;;;;
FIIM;48.643.130/0001-79;B-INDEX MORNINGSTAR BRASIL PESOS IGUAIS FUNDO DE ÍNDICE;2023-06-30;486804;63986327.27;AÇÕES E OUTROS TVM CEDIDOS EM EMPRÉSTIMO;Ação ordinária;N;Para negociação;;;;;22087.00;468907.01;;;NEOE3;;;;;;;;2017-10-05;;;;
FIIM;48.643.130/0001-79;B-INDEX MORNINGSTAR BRASIL PESOS IGUAIS FUNDO DE ÍNDICE;2023-06-30;486804;63986327.27;AÇÕES E OUTROS TVM CEDIDOS EM EMPRÉSTIMO;Ação ordinária;N;Para negociação;;;;;1130.00;33448.00;;;RADL3;;;;;;;;2011-12-19;;;;
FIIM;48.643.130/0001-79;B-INDEX MORNINGSTAR BRASIL PESOS IGUAIS FUNDO DE ÍNDICE;2023-06-30;486804;63986327.27;AÇÕES E OUTROS TVM CEDIDOS EM EMPRÉSTIMO;Ação ordinária;N;Para negociação;;;;;8069.00;356811.18;;;SUZB3;;;;;;;;2004-08-05;;;;
FIIM;48.643.130/0001-79;B-INDEX MORNINGSTAR BRASIL PESOS IGUAIS FUNDO DE ÍNDICE;2023-06-30;486804;63986327.27;AÇÕES E OUTROS TVM CEDIDOS EM EMPRÉSTIMO;Ação ordinária;N;Para negociação;;;;;19094.00;220917.58;;;MRVE3;;;;;;;;2007-07-23;;;;
FIIM;48.643.130/0001-79;B-INDEX MORNINGSTAR BRASIL PESOS IGUAIS FUNDO DE ÍNDICE;2023-06-30;486804;63986327.27;AÇÕES E OUTROS TVM CEDIDOS EM EMPRÉSTIMO;Ação ordinária;N;Para negociação;;;;;13628.00;261248.76;;;RECV3;;;;;;;;2021-05-05;;;;
FIIM;48.643.130/0001-79;B-INDEX MORNINGSTAR BRASIL PESOS IGUAIS FUNDO DE ÍNDICE;2023-06-30;486804;63986327.27;AÇÕES E OUTROS TVM CEDIDOS EM EMPRÉSTIMO;Ação ordinária;N;Para negociação;;;;;24920.00;305270.00;;;AESB3;;;;;;;;2021-08-10;;;;
FIIM;48.643.130/0001-79;B-INDEX MORNINGSTAR BRASIL PESOS IGUAIS FUNDO DE ÍNDICE;2023-06-30;486804;63986327.27;AÇÕES E OUTROS TVM CEDIDOS EM EMPRÉSTIMO;Ação ordinária;N;Para negociação;;;;;24000.00;401760.00;;;NTCO3;;;;;;;;2019-12-18;;;;
FIIM;48.643.130/0001-79;B-INDEX MORNINGSTAR BRASIL PESOS IGUAIS FUNDO DE ÍNDICE;2023-06-30;486804;63986327.27;AÇÕES E OUTROS TVM CEDIDOS EM EMPRÉSTIMO;Ação ordinária;N;Para negociação;;;;;17038.00;340760.00;;;LREN3;;;;;;;;1973-07-24;;;;
FIIM;48.643.130/0001-79;B-INDEX MORNINGSTAR BRASIL PESOS IGUAIS FUNDO DE ÍNDICE;2023-06-30;486804;63986327.27;AÇÕES E OUTROS TVM CEDIDOS EM EMPRÉSTIMO;Ação ordinária;N;Para negociação;;;;;23653.00;264913.60;;;CRFB3;;;;;;;;2017-07-20;;;;
FIIM;48.643.130/0001-79;B-INDEX MORNINGSTAR BRASIL PESOS IGUAIS FUNDO DE ÍNDICE;2023-06-30;486804;63986327.27;AÇÕES E OUTROS TVM CEDIDOS EM EMPRÉSTIMO;Ação ordinária;N;Para negociação;;;;;53125.00;386218.75;;;MRFG3;;;;;;;;2007-06-28;;;;
FIIM;48.643.130/0001-79;B-INDEX MORNINGSTAR BRASIL PESOS IGUAIS FUNDO DE ÍNDICE;2023-06-30;486804;63986327.27;AÇÕES E OUTROS TVM CEDIDOS EM EMPRÉSTIMO;Ação ordinária;N;Para negociação;;;;;20961.00;395953.29;;;UGPA3;;;;;;;;1999-10-13;;;;
FIIM;48.643.130/0001-79;B-INDEX MORNINGSTAR BRASIL PESOS IGUAIS FUNDO DE ÍNDICE;2023-06-30;486804;63986327.27;AÇÕES E OUTROS TVM CEDIDOS EM EMPRÉSTIMO;Ação ordinária;N;Para negociação;;;;;6319.00;188622.15;;;RRRP3;;;;;;;;2020-11-12;;;;
FIIM;48.643.130/0001-79;B-INDEX MORNINGSTAR BRASIL PESOS IGUAIS FUNDO DE ÍNDICE;2023-06-30;486804;63986327.27;AÇÕES E OUTROS TVM CEDIDOS EM EMPRÉSTIMO;Ação ordinária;N;Para negociação;;;;;6500.00;245375.00;;;WEGE3;;;;;;;;2004-08-02;;;;
FIIM;48.643.130/0001-79;B-INDEX MORNINGSTAR BRASIL PESOS IGUAIS FUNDO DE ÍNDICE;2023-06-30;486804;63986327.27;AÇÕES E OUTROS TVM CEDIDOS EM EMPRÉSTIMO;Ação ordinária;N;Para negociação;;;;;6.00;72.00;;;SOMA3;;;;;;;;2020-07-31;;;;
FIIM;48.643.130/0001-79;B-INDEX MORNINGSTAR BRASIL PESOS IGUAIS FUNDO DE ÍNDICE;2023-06-30;486804;63986327.27;AÇÕES E OUTROS TVM CEDIDOS EM EMPRÉSTIMO;Ação ordinária;N;Para negociação;;;;;56517.00;247544.46;;;HAPV3;;;;;;;;2018-04-25;;;;
FIIM;48.643.130/0001-79;B-INDEX MORNINGSTAR BRASIL PESOS IGUAIS FUNDO DE ÍNDICE;2023-06-30;486804;63986327.27;AÇÕES E OUTROS TVM CEDIDOS EM EMPRÉSTIMO;Ação ordinária;N;Para negociação;;;;;6700.00;289909.00;;;VIVT3;;;;;;;;2011-10-06;;;;
FIIM;48.643.130/0001-79;B-INDEX MORNINGSTAR BRASIL PESOS IGUAIS FUNDO DE ÍNDICE;2023-06-30;486804;63986327.27;AÇÕES E OUTROS TVM CEDIDOS EM EMPRÉSTIMO;Ação ordinária;N;Para negociação;;;;;904.00;10215.20;;;MEGA3;;;;;;;;2021-12-27;;;;
FIIM;48.643.130/0001-79;B-INDEX MORNINGSTAR BRASIL PESOS IGUAIS FUNDO DE ÍNDICE;2023-06-30;486804;63986327.27;AÇÕES E OUTROS TVM CEDIDOS EM EMPRÉSTIMO;Ação ordinária;N;Para negociação;;;;;9100.00;310765.00;;;SMTO3;;;;;;;;2007-02-12;;;;
FIIM;48.643.130/0001-79;B-INDEX MORNINGSTAR BRASIL PESOS IGUAIS FUNDO DE ÍNDICE;2023-06-30;486804;63986327.27;AÇÕES E OUTROS TVM CEDIDOS EM EMPRÉSTIMO;Ação ordinária;S;Para negociação;;;;;51.00;818.55;;;FLRY3;;;;;;;;2009-12-17;;;;
FIIM;48.643.130/0001-79;B-INDEX MORNINGSTAR BRASIL PESOS IGUAIS FUNDO DE ÍNDICE;2023-06-30;486804;63986327.27;AÇÕES E OUTROS TVM CEDIDOS EM EMPRÉSTIMO;Ação ordinária;N;Para negociação;;;;;31023.00;319536.90;;;CXSE3;;;;;;;;2021-04-29;;;;
FIIM;48.643.130/0001-79;B-INDEX MORNINGSTAR BRASIL PESOS IGUAIS FUNDO DE ÍNDICE;2023-06-30;486804;63986327.27;AÇÕES E OUTROS TVM CEDIDOS EM EMPRÉSTIMO;Ação ordinária;N;Para negociação;;;;;14394.00;404759.28;;;PSSA3;;;;;;;;2004-11-22;;;;
FIIM;48.643.130/0001-79;B-INDEX MORNINGSTAR BRASIL PESOS IGUAIS FUNDO DE ÍNDICE;2023-06-30;486804;63986327.27;AÇÕES E OUTROS TVM CEDIDOS EM EMPRÉSTIMO;Ação ordinária;N;Para negociação;;;;;26880.00;326054.40;;;CSNA3;;;;;;;;1993-08-02;;;;
FIIM;48.643.130/0001-79;B-INDEX MORNINGSTAR BRASIL PESOS IGUAIS FUNDO DE ÍNDICE;2023-06-30;486804;63986327.27;AÇÕES E OUTROS TVM CEDIDOS EM EMPRÉSTIMO;Ação ordinária;N;Para negociação;;;;;119663.00;390101.38;;;COGN3;;;;;;;;2019-10-11;;;;
FIIM;48.643.130/0001-79;B-INDEX MORNINGSTAR BRASIL PESOS IGUAIS FUNDO DE ÍNDICE;2023-06-30;486804;63986327.27;AÇÕES E OUTROS TVM CEDIDOS EM EMPRÉSTIMO;Ação ordinária;N;Para negociação;;;;;18600.00;261330.00;;;CCRO3;;;;;;;;2002-02-01;;;;
FIIM;48.643.130/0001-79;B-INDEX MORNINGSTAR BRASIL PESOS IGUAIS FUNDO DE ÍNDICE;2023-06-30;486804;63986327.27;AÇÕES E OUTROS TVM CEDIDOS EM EMPRÉSTIMO;Ação ordinária;N;Para negociação;;;;;8387.00;156920.77;;;PCAR3;;;;;;;;1995-10-03;;;;
FIIM;48.643.130/0001-79;B-INDEX MORNINGSTAR BRASIL PESOS IGUAIS FUNDO DE ÍNDICE;2023-06-30;486804;63986327.27;AÇÕES E OUTROS TVM CEDIDOS EM EMPRÉSTIMO;Ação ordinária;N;Para negociação;;;;;16393.00;346711.95;;;CSMG3;;;;;;;;2006-02-08;;;;
FIIM;48.643.130/0001-79;B-INDEX MORNINGSTAR BRASIL PESOS IGUAIS FUNDO DE ÍNDICE;2023-06-30;486804;63986327.27;AÇÕES E OUTROS TVM CEDIDOS EM EMPRÉSTIMO;Ação ordinária;N;Para negociação;;;;;41580.00;347193.00;;;DXCO3;;;;;;;;2021-08-19;;;;
FIIM;48.643.130/0001-79;B-INDEX MORNINGSTAR BRASIL PESOS IGUAIS FUNDO DE ÍNDICE;2023-06-30;486804;63986327.27;AÇÕES E OUTROS TVM CEDIDOS EM EMPRÉSTIMO;Ação ordinária;N;Para negociação;;;;;4720.00;57159.20;;;VAMO3;;;;;;;;2021-01-29;;;;
FIIM;48.643.130/0001-79;B-INDEX MORNINGSTAR BRASIL PESOS IGUAIS FUNDO DE ÍNDICE;2023-06-30;486804;63986327.27;AÇÕES E OUTROS TVM CEDIDOS EM EMPRÉSTIMO;Ação ordinária;N;Para negociação;;;;;42701.00;380465.91;;;BRFS3;;;;;;;;2009-12-10;;;;
FIIM;48.643.130/0001-79;B-INDEX MORNINGSTAR BRASIL PESOS IGUAIS FUNDO DE ÍNDICE;2023-06-30;486804;63986327.27;AÇÕES E OUTROS TVM CEDIDOS EM EMPRÉSTIMO;Ação ordinária;N;Para negociação;;;;;11600.00;330368.00;;;VIVA3;;;;;;;;2019-10-10;;;;
FIIM;48.643.130/0001-79;B-INDEX MORNINGSTAR BRASIL PESOS IGUAIS FUNDO DE ÍNDICE;2023-06-30;486804;63986327.27;AÇÕES E OUTROS TVM CEDIDOS EM EMPRÉSTIMO;Ação ordinária;N;Para negociação;;;;;7991.00;274810.49;;;CPFE3;;;;;;;;2004-09-29;;;;
FIIM;48.643.130/0001-79;B-INDEX MORNINGSTAR BRASIL PESOS IGUAIS FUNDO DE ÍNDICE;2023-06-30;486804;63986327.27;AÇÕES E OUTROS TVM CEDIDOS EM EMPRÉSTIMO;Ação preferencial;N;Para negociação;;;;;10941.00;277463.76;;;TRPL4;;;;;;;;1999-07-26;;;;
FIIM;48.643.130/0001-79;B-INDEX MORNINGSTAR BRASIL PESOS IGUAIS FUNDO DE ÍNDICE;2023-06-30;486804;63986327.27;AÇÕES E OUTROS TVM CEDIDOS EM EMPRÉSTIMO;Ação preferencial;N;Para negociação;;;;;8750.00;389550.00;;;ELET6;;;;;;;;1974-11-13;;;;
FIIM;48.643.130/0001-79;B-INDEX MORNINGSTAR BRASIL PESOS IGUAIS FUNDO DE ÍNDICE;2023-06-30;486804;63986327.27;AÇÕES E OUTROS TVM CEDIDOS EM EMPRÉSTIMO;Ação preferencial;N;Para negociação;;;;;4974.00;393642.36;;;UNIP6;;;;;;;;1980-06-04;;;;
FIIM;48.643.130/0001-79;B-INDEX MORNINGSTAR BRASIL PESOS IGUAIS FUNDO DE ÍNDICE;2023-06-30;486804;63986327.27;AÇÕES E OUTROS TVM CEDIDOS EM EMPRÉSTIMO;Ação preferencial;S;Para negociação;;;;;12484.00;277269.64;;;BRAP4;;;;;;;;2000-08-10;;;;
FIIM;48.643.130/0001-79;B-INDEX MORNINGSTAR BRASIL PESOS IGUAIS FUNDO DE ÍNDICE;2023-06-30;486804;63986327.27;AÇÕES E OUTROS TVM CEDIDOS EM EMPRÉSTIMO;Ação preferencial;N;Para negociação;;;;;14625.00;407452.50;;;BRKM5;;;;;;;;2002-09-02;;;;
FIIM;48.643.130/0001-79;B-INDEX MORNINGSTAR BRASIL PESOS IGUAIS FUNDO DE ÍNDICE;2023-06-30;486804;63986327.27;AÇÕES E OUTROS TVM CEDIDOS EM EMPRÉSTIMO;Ação preferencial;N;Para negociação;;;;;26891.00;250086.30;;;ALPA4;;;;;;;;1973-03-19;;;;
FIIM;48.643.130/0001-79;B-INDEX MORNINGSTAR BRASIL PESOS IGUAIS FUNDO DE ÍNDICE;2023-06-30;486804;63986327.27;AÇÕES E OUTROS TVM CEDIDOS EM EMPRÉSTIMO;Ação preferencial;N;Para negociação;;;;;15358.00;108581.06;;;USIM5;;;;;;;;1999-02-02;;;;
FIIM;48.643.130/0001-79;B-INDEX MORNINGSTAR BRASIL PESOS IGUAIS FUNDO DE ÍNDICE;2023-06-30;486804;63986327.27;AÇÕES E OUTROS TVM CEDIDOS EM EMPRÉSTIMO;Ação preferencial;N;Para negociação;;;;;20081.00;301215.00;;;BRSR6;;;;;;;;2007-09-03;;;;
FIIM;48.643.130/0001-79;B-INDEX MORNINGSTAR BRASIL PESOS IGUAIS FUNDO DE ÍNDICE;2023-06-30;486804;63986327.27;AÇÕES E OUTROS TVM CEDIDOS EM EMPRÉSTIMO;Ação preferencial;N;Para negociação;;;;;19073.00;416935.78;;;AZUL4;;;;;;;;2017-04-11;;;;
FIIM;48.643.130/0001-79;B-INDEX MORNINGSTAR BRASIL PESOS IGUAIS FUNDO DE ÍNDICE;2023-06-30;486804;63986327.27;AÇÕES E OUTROS TVM CEDIDOS EM EMPRÉSTIMO;Ação preferencial;S;Para negociação;;;;;22400.00;368480.00;;;BBDC4;;;;;;;;1973-12-06;;;;
FIIM;48.643.130/0001-79;B-INDEX MORNINGSTAR BRASIL PESOS IGUAIS FUNDO DE ÍNDICE;2023-06-30;486804;63986327.27;AÇÕES E OUTROS TVM CEDIDOS EM EMPRÉSTIMO;Ação preferencial;N;Para negociação;;;;;31350.00;302214.00;;;ITSA4;;;;;;;;1973-09-17;;;;
FIIM;48.643.130/0001-79;B-INDEX MORNINGSTAR BRASIL PESOS IGUAIS FUNDO DE ÍNDICE;2023-06-30;486804;63986327.27;AÇÕES E OUTROS TVM CEDIDOS EM EMPRÉSTIMO;Ação preferencial;N;Para negociação;;;;;13500.00;383670.00;;;ITUB4;;;;;;;;2009-05-20;;;;
FIIM;48.643.130/0001-79;B-INDEX MORNINGSTAR BRASIL PESOS IGUAIS FUNDO DE ÍNDICE;2023-06-30;486804;63986327.27;AÇÕES E OUTROS TVM CEDIDOS EM EMPRÉSTIMO;Ação preferencial;N;Para negociação;;;;;9600.00;240672.00;;;GGBR4;;;;;;;;2001-02-01;;;;
FIIM;48.643.130/0001-79;B-INDEX MORNINGSTAR BRASIL PESOS IGUAIS FUNDO DE ÍNDICE;2023-06-30;486804;63986327.27;AÇÕES E OUTROS TVM CEDIDOS EM EMPRÉSTIMO;Certificado de depósito de ações;N;Para negociação;;;;;8414.00;316702.96;;;TAEE11;;;;;;;;2012-05-28;;;;
FIIM;48.643.130/0001-79;B-INDEX MORNINGSTAR BRASIL PESOS IGUAIS FUNDO DE ÍNDICE;2023-06-30;486804;63986327.27;AÇÕES E OUTROS TVM CEDIDOS EM EMPRÉSTIMO;Certificado de depósito de ações;N;Para negociação;;;;;11651.00;254690.86;;;SAPR11;;;;;;;;2017-11-17;;;;
FIIM;48.643.130/0001-79;B-INDEX MORNINGSTAR BRASIL PESOS IGUAIS FUNDO DE ÍNDICE;2023-06-30;486804;63986327.27;AÇÕES E OUTROS TVM CEDIDOS EM EMPRÉSTIMO;Certificado de depósito de ações;N;Para negociação;;;;;6052.00;131752.04;;;KLBN11;;;;;;;;2014-01-10;;;;
FIIM;48.643.130/0001-79;B-INDEX MORNINGSTAR BRASIL PESOS IGUAIS FUNDO DE ÍNDICE;2023-06-30;486804;63986327.27;AÇÕES E OUTROS TVM CEDIDOS EM EMPRÉSTIMO;Certificado de depósito de ações;N;Para negociação;;;;;5406.00;121202.52;;;IGTI11;;;;;;;;2021-11-22;;;;
FIIM;48.643.130/0001-79;B-INDEX MORNINGSTAR BRASIL PESOS IGUAIS FUNDO DE ÍNDICE;2023-06-30;486804;63986327.27;AÇÕES E OUTROS TVM CEDIDOS EM EMPRÉSTIMO;Certificado de depósito de ações;N;Para negociação;;;;;1424.00;42691.52;;;ALUP11;;;;;;;;2013-04-24;;;;
FIIM;48.643.130/0001-79;B-INDEX MORNINGSTAR BRASIL PESOS IGUAIS FUNDO DE ÍNDICE;2023-06-30;486804;63986327.27;OPERAÇÕES COMPROMISSADAS;;S;Para negociação;;;;;12.00;153226.95;;;;;2027-09-01;;;;;210100;;;;;
FIIM;48.643.130/0001-79;B-INDEX MORNINGSTAR BRASIL PESOS IGUAIS FUNDO DE ÍNDICE;2023-06-30;486804;63986327.27;CERTIFICADO OU RECIBO DE DEPÓSITO DE VALORES MOBILIÁRIOS;Certificado de depósito de ações;N;Para negociação;0.00;0.00;0.00;0.00;22969.00;500035.13;;;KLBN11;;;;;;;;2014-01-10;;;;
FIIM;48.643.130/0001-79;B-INDEX MORNINGSTAR BRASIL PESOS IGUAIS FUNDO DE ÍNDICE;2023-06-30;486804;63986327.27;CERTIFICADO OU RECIBO DE DEPÓSITO DE VALORES MOBILIÁRIOS;Certificado de depósito de ações;N;Para negociação;0.00;0.00;0.00;0.00;21272.00;669004.40;;;BPAC11;;;;;;;;2017-02-16;;;;
FIIM;48.643.130/0001-79;B-INDEX MORNINGSTAR BRASIL PESOS IGUAIS FUNDO DE ÍNDICE;2023-06-30;486804;63986327.27;CERTIFICADO OU RECIBO DE DEPÓSITO DE VALORES MOBILIÁRIOS;Certificado de depósito de ações;N;Para negociação;0.00;0.00;0.00;0.00;19638.00;588747.24;;;ALUP11;;;;;;;;2013-04-24;;;;
FIIM;48.643.130/0001-79;B-INDEX MORNINGSTAR BRASIL PESOS IGUAIS FUNDO DE ÍNDICE;2023-06-30;486804;63986327.27;CERTIFICADO OU RECIBO DE DEPÓSITO DE VALORES MOBILIÁRIOS;Certificado de depósito de ações;N;Para negociação;0.00;0.00;0.00;0.00;8173.00;307631.72;;;TAEE11;;;;;;;;2012-05-28;;;;
FIIM;48.643.130/0001-79;B-INDEX MORNINGSTAR BRASIL PESOS IGUAIS FUNDO DE ÍNDICE;2023-06-30;486804;63986327.27;CERTIFICADO OU RECIBO DE DEPÓSITO DE VALORES MOBILIÁRIOS;Certificado de depósito de ações;N;Para negociação;0.00;0.00;0.00;0.00;22111.00;495728.62;;;IGTI11;;;;;;;;2021-11-22;;;;
FIIM;48.643.130/0001-79;B-INDEX MORNINGSTAR BRASIL PESOS IGUAIS FUNDO DE ÍNDICE;2023-06-30;486804;63986327.27;CERTIFICADO OU RECIBO DE DEPÓSITO DE VALORES MOBILIÁRIOS;Certificado de depósito de ações;N;Para negociação;0.00;0.00;0.00;0.00;17811.00;389348.46;;;SAPR11;;;;;;;;2017-11-17;;;;
FIIM;48.643.130/0001-79;B-INDEX MORNINGSTAR BRASIL PESOS IGUAIS FUNDO DE ÍNDICE;2023-06-30;486804;63986327.27;CERTIFICADO OU RECIBO DE DEPÓSITO DE VALORES MOBILIÁRIOS;Certificado de depósito de ações;N;Para negociação;0.00;0.00;0.00;0.00;13798.00;692659.60;;;ENGI11;;;;;;;;2009-11-03;;;;
FIIM;48.643.170/0001-10;B-INDEX MORNINGSTAR SETORES CICLICOS BRASIL FUNDO DE iNDICE;2023-06-30;486803;69779949.96;AÇÕES;Ação ordinária;N;Para negociação;8.00;183.68;12502.00;254368.67;19954.00;399080.00;;;LREN3;;;;;;;;1973-07-24;;;;
FIIM;48.643.170/0001-10;B-INDEX MORNINGSTAR SETORES CICLICOS BRASIL FUNDO DE iNDICE;2023-06-30;486803;69779949.96;AÇÕES;Ação ordinária;N;Para negociação;0.00;0.00;42738.00;573399.05;34620.00;419940.60;;;CSNA3;;;;;;;;1993-08-02;;;;
FIIM;48.643.170/0001-10;B-INDEX MORNINGSTAR SETORES CICLICOS BRASIL FUNDO DE iNDICE;2023-06-30;486803;69779949.96;AÇÕES;Ação ordinária;N;Para negociação;4.00;122.20;10225.00;305538.83;36123.00;1082967.54;;;TOTS3;;;;;;;;2006-03-09;;;;
FIIM;48.643.170/0001-10;B-INDEX MORNINGSTAR SETORES CICLICOS BRASIL FUNDO DE iNDICE;2023-06-30;486803;69779949.96;AÇÕES;Ação ordinária;N;Para negociação;0.00;0.00;15753.00;316914.64;28000.00;519120.00;;;EMBR3;;;;;;;;1989-08-28;;;;
FIIM;48.643.170/0001-10;B-INDEX MORNINGSTAR SETORES CICLICOS BRASIL FUNDO DE iNDICE;2023-06-30;486803;69779949.96;AÇÕES;Ação ordinária;N;Para negociação;0.00;0.00;9773.00;354367.57;25038.00;928409.04;;;PRIO3;;;;;;;;2015-06-26;;;;
FIIM;48.643.170/0001-10;B-INDEX MORNINGSTAR SETORES CICLICOS BRASIL FUNDO DE iNDICE;2023-06-30;486803;69779949.96;AÇÕES;Ação ordinária;N;Para negociação;11.00;157.19;13816.00;194276.53;71620.00;1006261.00;;;CCRO3;;;;;;;;2002-02-01;;;;
FIIM;48.643.170/0001-10;B-INDEX MORNINGSTAR SETORES CICLICOS BRASIL FUNDO DE iNDICE;2023-06-30;486803;69779949.96;AÇÕES;Ação ordinária;N;Para negociação;3.00;37.80;28858.00;358775.28;58843.00;756132.55;;;TTEN3;;;;;;;;2021-07-12;;;;
FIIM;48.643.170/0001-10;B-INDEX MORNINGSTAR SETORES CICLICOS BRASIL FUNDO DE iNDICE;2023-06-30;486803;69779949.96;AÇÕES;Ação ordinária;S;Para negociação;10.00;143.80;15927.00;231623.04;75446.00;1104529.44;;;BBDC3;;;;;;;;1973-12-06;;;;
FIIM;48.643.170/0001-10;B-INDEX MORNINGSTAR SETORES CICLICOS BRASIL FUNDO DE iNDICE;2023-06-30;486803;69779949.96;AÇÕES;Ação ordinária;N;Para negociação;4.00;136.36;8252.00;275575.84;33318.00;1102825.80;;;PETR3;;;;;;;;1973-09-18;;;;
FIIM;48.643.170/0001-10;B-INDEX MORNINGSTAR SETORES CICLICOS BRASIL FUNDO DE iNDICE;2023-06-30;486803;69779949.96;AÇÕES;Ação ordinária;N;Para negociação;0.00;0.00;28166.00;1038785.09;28166.00;961868.90;;;SMTO3;;;;;;;;2007-02-12;;;;
FIIM;48.643.170/0001-10;B-INDEX MORNINGSTAR SETORES CICLICOS BRASIL FUNDO DE iNDICE;2023-06-30;486803;69779949.96;AÇÕES;Ação ordinária;N;Para negociação;4.00;113.80;6044.00;168436.89;25746.00;733246.08;;;VIVA3;;;;;;;;2019-10-10;;;;
FIIM;48.643.170/0001-10;B-INDEX MORNINGSTAR SETORES CICLICOS BRASIL FUNDO DE iNDICE;2023-06-30;486803;69779949.96;AÇÕES;Ação ordinária;N;Para negociação;9.00;171.72;9293.00;177175.82;25693.00;517200.09;;;CYRE3;;;;;;;;1996-05-27;;;;
FIIM;48.643.170/0001-10;B-INDEX MORNINGSTAR SETORES CICLICOS BRASIL FUNDO DE iNDICE;2023-06-30;486803;69779949.96;AÇÕES;Ação ordinária;N;Para negociação;0.00;0.00;14389.00;392531.90;18228.00;512571.36;;;PSSA3;;;;;;;;2004-11-22;;;;
FIIM;48.643.170/0001-10;B-INDEX MORNINGSTAR SETORES CICLICOS BRASIL FUNDO DE iNDICE;2023-06-30;486803;69779949.96;AÇÕES;Ação ordinária;N;Para negociação;0.00;0.00;13789.00;419856.03;34619.00;1065226.63;;;BBSE3;;;;;;;;2013-04-29;;;;
FIIM;48.643.170/0001-10;B-INDEX MORNINGSTAR SETORES CICLICOS BRASIL FUNDO DE iNDICE;2023-06-30;486803;69779949.96;AÇÕES;Ação ordinária;N;Para negociação;3.00;69.27;5661.00;132496.76;47054.00;1159881.10;;;ALSO3;;;;;;;;2019-08-06;;;;
FIIM;48.643.170/0001-10;B-INDEX MORNINGSTAR SETORES CICLICOS BRASIL FUNDO DE iNDICE;2023-06-30;486803;69779949.96;AÇÕES;Ação ordinária;N;Para negociação;7.00;53.53;47459.00;350212.33;70071.00;524131.08;;;GRND3;;;;;;;;2004-10-29;;;;
FIIM;48.643.170/0001-10;B-INDEX MORNINGSTAR SETORES CICLICOS BRASIL FUNDO DE iNDICE;2023-06-30;486803;69779949.96;AÇÕES;Ação ordinária;N;Para negociação;3.00;82.41;14812.00;387270.67;23667.00;612738.63;;;INTB3;;;;;;;;2021-02-04;;;;
FIIM;48.643.170/0001-10;B-INDEX MORNINGSTAR SETORES CICLICOS BRASIL FUNDO DE iNDICE;2023-06-30;486803;69779949.96;AÇÕES;Ação ordinária;N;Para negociação;2.00;63.64;10228.00;332213.92;12995.00;387900.75;;;RRRP3;;;;;;;;2020-11-12;;;;
FIIM;48.643.170/0001-10;B-INDEX MORNINGSTAR SETORES CICLICOS BRASIL FUNDO DE iNDICE;2023-06-30;486803;69779949.96;AÇÕES;Ação ordinária;N;Para negociação;5.00;87.85;14890.00;262006.24;52581.00;939096.66;;;CSAN3;;;;;;;;2005-11-18;;;;
FIIM;48.643.170/0001-10;B-INDEX MORNINGSTAR SETORES CICLICOS BRASIL FUNDO DE iNDICE;2023-06-30;486803;69779949.96;AÇÕES;Ação ordinária;N;Para negociação;5.00;395.75;4310.00;323340.45;13656.00;1079779.92;;;ARZZ3;;;;;;;;2011-02-02;;;;
FIIM;48.643.170/0001-10;B-INDEX MORNINGSTAR SETORES CICLICOS BRASIL FUNDO DE iNDICE;2023-06-30;486803;69779949.96;AÇÕES;Ação ordinária;N;Para negociação;5.00;74.25;16574.00;246819.70;53113.00;776512.06;;;TIMS3;;;;;;;;2020-10-13;;;;
FIIM;48.643.170/0001-10;B-INDEX MORNINGSTAR SETORES CICLICOS BRASIL FUNDO DE iNDICE;2023-06-30;486803;69779949.96;AÇÕES;Ação ordinária;N;Para negociação;5.00;74.50;10464.00;153001.03;72784.00;1063374.24;;;B3SA3;;;;;;;;2018-03-26;;;;
FIIM;48.643.170/0001-10;B-INDEX MORNINGSTAR SETORES CICLICOS BRASIL FUNDO DE iNDICE;2023-06-30;486803;69779949.96;AÇÕES;Ação ordinária;N;Para negociação;29.00;114.84;64839.00;240591.76;198283.00;668213.71;;;MGLU3;;;;;;;;2011-05-02;;;;
FIIM;48.643.170/0001-10;B-INDEX MORNINGSTAR SETORES CICLICOS BRASIL FUNDO DE iNDICE;2023-06-30;486803;69779949.96;AÇÕES;Ação ordinária;N;Para negociação;24.00;98.88;4377.00;18802.17;101329.00;443821.02;;;HAPV3;;;;;;;;2018-04-25;;;;
FIIM;48.643.170/0001-10;B-INDEX MORNINGSTAR SETORES CICLICOS BRASIL FUNDO DE iNDICE;2023-06-30;486803;69779949.96;AÇÕES;Ação ordinária;N;Para negociação;8.00;69.26;9182.00;83421.88;59405.00;496031.75;;;DXCO3;;;;;;;;2021-08-19;;;;
FIIM;48.643.170/0001-10;B-INDEX MORNINGSTAR SETORES CICLICOS BRASIL FUNDO DE iNDICE;2023-06-30;486803;69779949.96;AÇÕES;Ação ordinária;N;Para negociação;2.00;134.46;7194.00;501036.04;15623.00;1003309.06;;;VALE3;;;;;;;;1982-02-15;;;;
FIIM;48.643.170/0001-10;B-INDEX MORNINGSTAR SETORES CICLICOS BRASIL FUNDO DE iNDICE;2023-06-30;486803;69779949.96;AÇÕES;Ação ordinária;N;Para negociação;30915.00;361704.12;850.00;9726.97;87574.00;1013231.18;;;MRVE3;;;;;;;;2007-07-23;;;;
FIIM;48.643.170/0001-10;B-INDEX MORNINGSTAR SETORES CICLICOS BRASIL FUNDO DE iNDICE;2023-06-30;486803;69779949.96;AÇÕES;Ação ordinária;N;Para negociação;3.00;62.25;6410.00;135680.73;52334.00;1125181.00;;;SMFT3;;;;;;;;2018-02-26;;;;
FIIM;48.643.170/0001-10;B-INDEX MORNINGSTAR SETORES CICLICOS BRASIL FUNDO DE iNDICE;2023-06-30;486803;69779949.96;AÇÕES;Ação ordinária;N;Para negociação;5.00;234.15;8112.00;391509.66;9415.00;416331.30;;;SUZB3;;;;;;;;2004-08-05;;;;
FIIM;48.643.170/0001-10;B-INDEX MORNINGSTAR SETORES CICLICOS BRASIL FUNDO DE iNDICE;2023-06-30;486803;69779949.96;AÇÕES;Ação ordinária;N;Para negociação;12.00;92.98;5965.00;46519.11;118576.00;939121.92;;;GMAT3;;;;;;;;2020-10-13;;;;
FIIM;48.643.170/0001-10;B-INDEX MORNINGSTAR SETORES CICLICOS BRASIL FUNDO DE iNDICE;2023-06-30;486803;69779949.96;AÇÕES;Ação ordinária;N;Para negociação;0.00;0.00;2902.00;189148.74;15882.00;1087917.00;;;RENT3;;;;;;;;2005-05-23;;;;
FIIM;48.643.170/0001-10;B-INDEX MORNINGSTAR SETORES CICLICOS BRASIL FUNDO DE iNDICE;2023-06-30;486803;69779949.96;AÇÕES;Ação ordinária;N;Para negociação;2.00;35.58;13756.00;242275.85;61587.00;1111645.35;;;VBBR3;;;;;;;;2021-10-22;;;;
FIIM;48.643.170/0001-10;B-INDEX MORNINGSTAR SETORES CICLICOS BRASIL FUNDO DE iNDICE;2023-06-30;486803;69779949.96;AÇÕES;Ação ordinária;N;Para negociação;0.00;0.00;9316.00;203837.42;47534.00;1055254.80;;;RAIL3;;;;;;;;2017-03-13;;;;
FIIM;48.643.170/0001-10;B-INDEX MORNINGSTAR SETORES CICLICOS BRASIL FUNDO DE iNDICE;2023-06-30;486803;69779949.96;AÇÕES;Ação ordinária;N;Para negociação;7.00;122.32;13876.00;241858.54;31559.00;590468.89;;;PCAR3;;;;;;;;1995-10-03;;;;
FIIM;48.643.170/0001-10;B-INDEX MORNINGSTAR SETORES CICLICOS BRASIL FUNDO DE iNDICE;2023-06-30;486803;69779949.96;AÇÕES;Ação ordinária;N;Para negociação;5.00;247.75;5426.00;268475.68;23569.00;1164308.60;;;BBAS3;;;;;;;;1973-05-31;;;;
FIIM;48.643.170/0001-10;B-INDEX MORNINGSTAR SETORES CICLICOS BRASIL FUNDO DE iNDICE;2023-06-30;486803;69779949.96;AÇÕES;Ação ordinária;N;Para negociação;3.00;81.87;10854.00;287397.26;38664.00;1069832.88;;;MULT3;;;;;;;;2007-07-27;;;;
FIIM;48.643.170/0001-10;B-INDEX MORNINGSTAR SETORES CICLICOS BRASIL FUNDO DE iNDICE;2023-06-30;486803;69779949.96;AÇÕES;Ação ordinária;N;Para negociação;0.00;0.00;6683.00;287367.23;15285.00;661381.95;;;VIVT3;;;;;;;;2011-10-06;;;;
FIIM;48.643.170/0001-10;B-INDEX MORNINGSTAR SETORES CICLICOS BRASIL FUNDO DE iNDICE;2023-06-30;486803;69779949.96;AÇÕES;Ação ordinária;N;Para negociação;10.00;180.00;7811.00;137945.38;24291.00;458856.99;;;UGPA3;;;;;;;;1999-10-13;;;;
FIIM;48.643.170/0001-10;B-INDEX MORNINGSTAR SETORES CICLICOS BRASIL FUNDO DE iNDICE;2023-06-30;486803;69779949.96;AÇÕES;Ação ordinária;N;Para negociação;7451.00;52080.24;1342.00;9295.08;62599.00;406893.50;;;ECOR3;;;;;;;;2010-04-01;;;;
FIIM;48.643.170/0001-10;B-INDEX MORNINGSTAR SETORES CICLICOS BRASIL FUNDO DE iNDICE;2023-06-30;486803;69779949.96;AÇÕES;Ação ordinária;N;Para negociação;1.00;37.73;10043.00;380062.96;26670.00;1006792.50;;;WEGE3;;;;;;;;2004-08-02;;;;
FIIM;48.643.170/0001-10;B-INDEX MORNINGSTAR SETORES CICLICOS BRASIL FUNDO DE iNDICE;2023-06-30;486803;69779949.96;AÇÕES;Ação ordinária;N;Para negociação;8.00;90.54;15633.00;184034.19;83167.00;998004.00;;;SOMA3;;;;;;;;2020-07-31;;;;
FIIM;48.643.170/0001-10;B-INDEX MORNINGSTAR SETORES CICLICOS BRASIL FUNDO DE iNDICE;2023-06-30;486803;69779949.96;AÇÕES;Ação ordinária;N;Para negociação;6.00;56.10;19721.00;198864.04;46617.00;473628.72;;;STBP3;;;;;;;;2007-11-21;;;;
FIIM;48.643.170/0001-10;B-INDEX MORNINGSTAR SETORES CICLICOS BRASIL FUNDO DE iNDICE;2023-06-30;486803;69779949.96;AÇÕES;Ação ordinária;S;Para negociação;16.00;76.00;92680.00;419094.76;155899.00;715576.41;;;CIEL3;;;;;;;;2009-12-18;;;;
FIIM;48.643.170/0001-10;B-INDEX MORNINGSTAR SETORES CICLICOS BRASIL FUNDO DE iNDICE;2023-06-30;486803;69779949.96;AÇÕES;Ação ordinária;N;Para negociação;12.00;128.76;15702.00;159637.36;43783.00;450964.90;;;CXSE3;;;;;;;;2021-04-29;;;;
FIIM;48.643.170/0001-10;B-INDEX MORNINGSTAR SETORES CICLICOS BRASIL FUNDO DE iNDICE;2023-06-30;486803;69779949.96;AÇÕES;Ação ordinária;N;Para negociação;1.00;18.11;33589.00;641264.99;40068.00;768103.56;;;RECV3;;;;;;;;2021-05-05;;;;
FIIM;48.643.170/0001-10;B-INDEX MORNINGSTAR SETORES CICLICOS BRASIL FUNDO DE iNDICE;2023-06-30;486803;69779949.96;AÇÕES;Ação ordinária;N;Para negociação;4.00;58.00;25058.00;340819.44;30729.00;372128.19;;;VAMO3;;;;;;;;2021-01-29;;;;
FIIM;48.643.170/0001-10;B-INDEX MORNINGSTAR SETORES CICLICOS BRASIL FUNDO DE iNDICE;2023-06-30;486803;69779949.96;AÇÕES;Ação ordinária;N;Para negociação;5.00;77.12;10452.00;165795.97;27300.00;461097.00;;;GGPS3;;;;;;;;2021-04-26;;;;
FIIM;48.643.170/0001-10;B-INDEX MORNINGSTAR SETORES CICLICOS BRASIL FUNDO DE iNDICE;2023-06-30;486803;69779949.96;AÇÕES;Ação ordinária;N;Para negociação;11.00;111.51;18327.00;175172.43;55291.00;497066.09;;;SIMH3;;;;;;;;2020-09-18;;;;
FIIM;48.643.170/0001-10;B-INDEX MORNINGSTAR SETORES CICLICOS BRASIL FUNDO DE iNDICE;2023-06-30;486803;69779949.96;AÇÕES;Ação preferencial;S;Para negociação;9.00;150.66;12912.00;218839.00;26007.00;427815.15;;;BBDC4;;;;;;;;1973-12-06;;;;
FIIM;48.643.170/0001-10;B-INDEX MORNINGSTAR SETORES CICLICOS BRASIL FUNDO DE iNDICE;2023-06-30;486803;69779949.96;AÇÕES;Ação preferencial;N;Para negociação;9.00;125.33;10584.00;150375.92;34420.00;516300.00;;;BRSR6;;;;;;;;2007-09-03;;;;
FIIM;48.643.170/0001-10;B-INDEX MORNINGSTAR SETORES CICLICOS BRASIL FUNDO DE iNDICE;2023-06-30;486803;69779949.96;AÇÕES;Ação preferencial;N;Para negociação;0.00;0.00;8596.00;254877.25;37161.00;1097364.33;;;PETR4;;;;;;;;1973-09-18;;;;
FIIM;48.643.170/0001-10;B-INDEX MORNINGSTAR SETORES CICLICOS BRASIL FUNDO DE iNDICE;2023-06-30;486803;69779949.96;AÇÕES;Ação preferencial;N;Para negociação;13.00;95.03;46563.00;344109.05;76057.00;537722.99;;;USIM5;;;;;;;;1999-02-02;;;;
FIIM;48.643.170/0001-10;B-INDEX MORNINGSTAR SETORES CICLICOS BRASIL FUNDO DE iNDICE;2023-06-30;486803;69779949.96;AÇÕES;Ação preferencial;N;Para negociação;4.00;110.64;10250.00;293625.91;15726.00;446932.92;;;ITUB4;;;;;;;;2009-05-20;;;;
FIIM;48.643.170/0001-10;B-INDEX MORNINGSTAR SETORES CICLICOS BRASIL FUNDO DE iNDICE;2023-06-30;486803;69779949.96;AÇÕES;Ação preferencial;N;Para negociação;12.00;131.45;24438.00;272073.30;38985.00;362560.50;;;ALPA4;;;;;;;;1973-03-19;;;;
FIIM;48.643.170/0001-10;B-INDEX MORNINGSTAR SETORES CICLICOS BRASIL FUNDO DE iNDICE;2023-06-30;486803;69779949.96;AÇÕES;Ação preferencial;N;Para negociação;12.00;111.36;30282.00;292183.90;107267.00;1034053.88;;;ITSA4;;;;;;;;1973-09-17;;;;
FIIM;48.643.170/0001-10;B-INDEX MORNINGSTAR SETORES CICLICOS BRASIL FUNDO DE iNDICE;2023-06-30;486803;69779949.96;AÇÕES;Ação preferencial;N;Para negociação;2.00;149.04;6119.00;465403.27;6283.00;497236.62;;;UNIP6;;;;;;;;1980-06-04;;;;
FIIM;48.643.170/0001-10;B-INDEX MORNINGSTAR SETORES CICLICOS BRASIL FUNDO DE iNDICE;2023-06-30;486803;69779949.96;AÇÕES;Ação preferencial;N;Para negociação;6054.00;124759.98;496.00;10211.26;22046.00;481925.56;;;AZUL4;;;;;;;;2017-04-11;;;;
FIIM;48.643.170/0001-10;B-INDEX MORNINGSTAR SETORES CICLICOS BRASIL FUNDO DE iNDICE;2023-06-30;486803;69779949.96;AÇÕES;Ação preferencial;N;Para negociação;2.00;50.46;15954.00;413967.35;26590.00;666611.30;;;GGBR4;;;;;;;;2001-02-01;;;;
FIIM;48.643.170/0001-10;B-INDEX MORNINGSTAR SETORES CICLICOS BRASIL FUNDO DE iNDICE;2023-06-30;486803;69779949.96;AÇÕES;Ação preferencial;N;Para negociação;1.00;27.15;7044.00;211023.12;37186.00;1036001.96;;;BRKM5;;;;;;;;2002-09-02;;;;
FIIM;48.643.170/0001-10;B-INDEX MORNINGSTAR SETORES CICLICOS BRASIL FUNDO DE iNDICE;2023-06-30;486803;69779949.96;AÇÕES;Ação preferencial;S;Para negociação;3.00;67.70;22074.00;521480.54;22147.00;491884.87;;;BRAP4;;;;;;;;2000-08-10;;;;
FIIM;48.643.170/0001-10;B-INDEX MORNINGSTAR SETORES CICLICOS BRASIL FUNDO DE iNDICE;2023-06-30;486803;69779949.96;AÇÕES;Ação preferencial;N;Para negociação;2.00;23.52;34411.00;418737.46;71869.00;849491.58;;;GOAU4;;;;;;;;1973-08-27;;;;
FIIM;48.643.170/0001-10;B-INDEX MORNINGSTAR SETORES CICLICOS BRASIL FUNDO DE iNDICE;2023-06-30;486803;69779949.96;DISPONIBILIDADES;Outros;;Para negociação;;;;;;10005.80;;;;Disponibilidade;;;;;;;;;;;
FIIM;48.643.170/0001-10;B-INDEX MORNINGSTAR SETORES CICLICOS BRASIL FUNDO DE iNDICE;2023-06-30;486803;69779949.96;VALORES A PAGAR;Outros;;Para negociação;;;;;;60154.78;;;;Valores a Pagar;;;;;;;;;;;
FIIM;48.643.170/0001-10;B-INDEX MORNINGSTAR SETORES CICLICOS BRASIL FUNDO DE iNDICE;2023-06-30;486803;69779949.96;VALORES A RECEBER;Outros;;Para negociação;;;;;;531705.34;;;;Valores a Receber;;;;;;;;;;;
FIIM;48.643.170/0001-10;B-INDEX MORNINGSTAR SETORES CICLICOS BRASIL FUNDO DE iNDICE;2023-06-30;486803;69779949.96;MERCADO FUTURO - POSIÇÕES COMPRADAS;Contrato Futuro;;Para negociação;;;;;5.00;-671.00;;;;FUT WIN/Q23;;;;;;;;;;;
FIIM;48.643.170/0001-10;B-INDEX MORNINGSTAR SETORES CICLICOS BRASIL FUNDO DE iNDICE;2023-06-30;486803;69779949.96;MERCADO FUTURO - POSIÇÕES COMPRADAS;Futuro de IND:Ibovespa;;Para negociação;;;;;4.00;-2684.00;;;;FUT IND/Q23;;;;;;;;;;;
FIIM;48.643.170/0001-10;B-INDEX MORNINGSTAR SETORES CICLICOS BRASIL FUNDO DE iNDICE;2023-06-30;486803;69779949.96;AÇÕES E OUTROS TVM CEDIDOS EM EMPRÉSTIMO;Ação ordinária;N;Para negociação;;;;;29100.00;585783.00;;;CYRE3;;;;;;;;1996-05-27;;;;
FIIM;48.643.170/0001-10;B-INDEX MORNINGSTAR SETORES CICLICOS BRASIL FUNDO DE iNDICE;2023-06-30;486803;69779949.96;AÇÕES E OUTROS TVM CEDIDOS EM EMPRÉSTIMO;Ação ordinária;N;Para negociação;;;;;4200.00;48594.00;;;MRVE3;;;;;;;;2007-07-23;;;;
FIIM;48.643.170/0001-10;B-INDEX MORNINGSTAR SETORES CICLICOS BRASIL FUNDO DE iNDICE;2023-06-30;486803;69779949.96;AÇÕES E OUTROS TVM CEDIDOS EM EMPRÉSTIMO;Ação ordinária;N;Para negociação;;;;;36253.00;684819.17;;;UGPA3;;;;;;;;1999-10-13;;;;
FIIM;48.643.170/0001-10;B-INDEX MORNINGSTAR SETORES CICLICOS BRASIL FUNDO DE iNDICE;2023-06-30;486803;69779949.96;AÇÕES E OUTROS TVM CEDIDOS EM EMPRÉSTIMO;Ação ordinária;N;Para negociação;;;;;29600.00;592000.00;;;LREN3;;;;;;;;1973-07-24;;;;
FIIM;48.643.170/0001-10;B-INDEX MORNINGSTAR SETORES CICLICOS BRASIL FUNDO DE iNDICE;2023-06-30;486803;69779949.96;AÇÕES E OUTROS TVM CEDIDOS EM EMPRÉSTIMO;Ação ordinária;N;Para negociação;;;;;15863.00;410693.07;;;INTB3;;;;;;;;2021-02-04;;;;
FIIM;48.643.170/0001-10;B-INDEX MORNINGSTAR SETORES CICLICOS BRASIL FUNDO DE iNDICE;2023-06-30;486803;69779949.96;AÇÕES E OUTROS TVM CEDIDOS EM EMPRÉSTIMO;Ação ordinária;N;Para negociação;;;;;1452.00;54813.00;;;WEGE3;;;;;;;;2004-08-02;;;;
FIIM;48.643.170/0001-10;B-INDEX MORNINGSTAR SETORES CICLICOS BRASIL FUNDO DE iNDICE;2023-06-30;486803;69779949.96;AÇÕES E OUTROS TVM CEDIDOS EM EMPRÉSTIMO;Ação ordinária;N;Para negociação;;;;;9147.00;163365.42;;;CSAN3;;;;;;;;2005-11-18;;;;
FIIM;48.643.170/0001-10;B-INDEX MORNINGSTAR SETORES CICLICOS BRASIL FUNDO DE iNDICE;2023-06-30;486803;69779949.96;AÇÕES E OUTROS TVM CEDIDOS EM EMPRÉSTIMO;Ação ordinária;N;Para negociação;;;;;12735.00;362692.80;;;VIVA3;;;;;;;;2019-10-10;;;;
FIIM;48.643.170/0001-10;B-INDEX MORNINGSTAR SETORES CICLICOS BRASIL FUNDO DE iNDICE;2023-06-30;486803;69779949.96;AÇÕES E OUTROS TVM CEDIDOS EM EMPRÉSTIMO;Ação ordinária;N;Para negociação;;;;;13312.00;159744.00;;;SOMA3;;;;;;;;2020-07-31;;;;
FIIM;48.643.170/0001-10;B-INDEX MORNINGSTAR SETORES CICLICOS BRASIL FUNDO DE iNDICE;2023-06-30;486803;69779949.96;AÇÕES E OUTROS TVM CEDIDOS EM EMPRÉSTIMO;Ação ordinária;N;Para negociação;;;;;953.00;26369.51;;;MULT3;;;;;;;;2007-07-27;;;;
FIIM;48.643.170/0001-10;B-INDEX MORNINGSTAR SETORES CICLICOS BRASIL FUNDO DE iNDICE;2023-06-30;486803;69779949.96;AÇÕES E OUTROS TVM CEDIDOS EM EMPRÉSTIMO;Ação ordinária;N;Para negociação;;;;;13994.00;618814.68;;;SUZB3;;;;;;;;2004-08-05;;;;
FIIM;48.643.170/0001-10;B-INDEX MORNINGSTAR SETORES CICLICOS BRASIL FUNDO DE iNDICE;2023-06-30;486803;69779949.96;AÇÕES E OUTROS TVM CEDIDOS EM EMPRÉSTIMO;Ação ordinária;N;Para negociação;;;;;25566.00;328523.10;;;TTEN3;;;;;;;;2021-07-12;;;;
FIIM;48.643.170/0001-10;B-INDEX MORNINGSTAR SETORES CICLICOS BRASIL FUNDO DE iNDICE;2023-06-30;486803;69779949.96;AÇÕES E OUTROS TVM CEDIDOS EM EMPRÉSTIMO;Ação ordinária;N;Para negociação;;;;;22587.00;178889.04;;;GMAT3;;;;;;;;2020-10-13;;;;
FIIM;48.643.170/0001-10;B-INDEX MORNINGSTAR SETORES CICLICOS BRASIL FUNDO DE iNDICE;2023-06-30;486803;69779949.96;AÇÕES E OUTROS TVM CEDIDOS EM EMPRÉSTIMO;Ação ordinária;N;Para negociação;;;;;74322.00;555928.56;;;GRND3;;;;;;;;2004-10-29;;;;
FIIM;48.643.170/0001-10;B-INDEX MORNINGSTAR SETORES CICLICOS BRASIL FUNDO DE iNDICE;2023-06-30;486803;69779949.96;AÇÕES E OUTROS TVM CEDIDOS EM EMPRÉSTIMO;Ação ordinária;S;Para negociação;;;;;74820.00;343423.80;;;CIEL3;;;;;;;;2009-12-18;;;;
FIIM;48.643.170/0001-10;B-INDEX MORNINGSTAR SETORES CICLICOS BRASIL FUNDO DE iNDICE;2023-06-30;486803;69779949.96;AÇÕES E OUTROS TVM CEDIDOS EM EMPRÉSTIMO;Ação ordinária;N;Para negociação;;;;;10000.00;432700.00;;;VIVT3;;;;;;;;2011-10-06;;;;
FIIM;48.643.170/0001-10;B-INDEX MORNINGSTAR SETORES CICLICOS BRASIL FUNDO DE iNDICE;2023-06-30;486803;69779949.96;AÇÕES E OUTROS TVM CEDIDOS EM EMPRÉSTIMO;Ação ordinária;N;Para negociação;;;;;27761.00;514688.94;;;EMBR3;;;;;;;;1989-08-28;;;;
FIIM;48.643.170/0001-10;B-INDEX MORNINGSTAR SETORES CICLICOS BRASIL FUNDO DE iNDICE;2023-06-30;486803;69779949.96;AÇÕES E OUTROS TVM CEDIDOS EM EMPRÉSTIMO;Ação ordinária;N;Para negociação;;;;;92660.00;602290.00;;;ECOR3;;;;;;;;2010-04-01;;;;
FIIM;48.643.170/0001-10;B-INDEX MORNINGSTAR SETORES CICLICOS BRASIL FUNDO DE iNDICE;2023-06-30;486803;69779949.96;AÇÕES E OUTROS TVM CEDIDOS EM EMPRÉSTIMO;Ação ordinária;N;Para negociação;;;;;57143.00;588572.90;;;CXSE3;;;;;;;;2021-04-29;;;;
FIIM;48.643.170/0001-10;B-INDEX MORNINGSTAR SETORES CICLICOS BRASIL FUNDO DE iNDICE;2023-06-30;486803;69779949.96;AÇÕES E OUTROS TVM CEDIDOS EM EMPRÉSTIMO;Ação ordinária;N;Para negociação;;;;;21963.00;321099.06;;;TIMS3;;;;;;;;2020-10-13;;;;
FIIM;48.643.170/0001-10;B-INDEX MORNINGSTAR SETORES CICLICOS BRASIL FUNDO DE iNDICE;2023-06-30;486803;69779949.96;AÇÕES E OUTROS TVM CEDIDOS EM EMPRÉSTIMO;Ação ordinária;N;Para negociação;;;;;51353.00;461663.47;;;SIMH3;;;;;;;;2020-09-18;;;;
FIIM;48.643.170/0001-10;B-INDEX MORNINGSTAR SETORES CICLICOS BRASIL FUNDO DE iNDICE;2023-06-30;486803;69779949.96;AÇÕES E OUTROS TVM CEDIDOS EM EMPRÉSTIMO;Ação ordinária;N;Para negociação;;;;;40817.00;689399.13;;;GGPS3;;;;;;;;2021-04-26;;;;
FIIM;48.643.170/0001-10;B-INDEX MORNINGSTAR SETORES CICLICOS BRASIL FUNDO DE iNDICE;2023-06-30;486803;69779949.96;AÇÕES E OUTROS TVM CEDIDOS EM EMPRÉSTIMO;Ação ordinária;N;Para negociação;;;;;31401.00;587512.71;;;PCAR3;;;;;;;;1995-10-03;;;;
FIIM;48.643.170/0001-10;B-INDEX MORNINGSTAR SETORES CICLICOS BRASIL FUNDO DE iNDICE;2023-06-30;486803;69779949.96;AÇÕES E OUTROS TVM CEDIDOS EM EMPRÉSTIMO;Ação ordinária;N;Para negociação;;;;;5800.00;215064.00;;;PRIO3;;;;;;;;2015-06-26;;;;
FIIM;48.643.170/0001-10;B-INDEX MORNINGSTAR SETORES CICLICOS BRASIL FUNDO DE iNDICE;2023-06-30;486803;69779949.96;AÇÕES E OUTROS TVM CEDIDOS EM EMPRÉSTIMO;Ação ordinária;N;Para negociação;;;;;23307.00;655392.84;;;PSSA3;;;;;;;;2004-11-22;;;;
FIIM;48.643.170/0001-10;B-INDEX MORNINGSTAR SETORES CICLICOS BRASIL FUNDO DE iNDICE;2023-06-30;486803;69779949.96;AÇÕES E OUTROS TVM CEDIDOS EM EMPRÉSTIMO;Ação ordinária;N;Para negociação;;;;;61820.00;516197.00;;;DXCO3;;;;;;;;2021-08-19;;;;
FIIM;48.643.170/0001-10;B-INDEX MORNINGSTAR SETORES CICLICOS BRASIL FUNDO DE iNDICE;2023-06-30;486803;69779949.96;AÇÕES E OUTROS TVM CEDIDOS EM EMPRÉSTIMO;Ação ordinária;N;Para negociação;;;;;78222.00;263608.14;;;MGLU3;;;;;;;;2011-05-02;;;;
FIIM;48.643.170/0001-10;B-INDEX MORNINGSTAR SETORES CICLICOS BRASIL FUNDO DE iNDICE;2023-06-30;486803;69779949.96;AÇÕES E OUTROS TVM CEDIDOS EM EMPRÉSTIMO;Ação ordinária;N;Para negociação;;;;;4684.00;65810.20;;;CCRO3;;;;;;;;2002-02-01;;;;
FIIM;48.643.170/0001-10;B-INDEX MORNINGSTAR SETORES CICLICOS BRASIL FUNDO DE iNDICE;2023-06-30;486803;69779949.96;AÇÕES E OUTROS TVM CEDIDOS EM EMPRÉSTIMO;Ação ordinária;N;Para negociação;;;;;19339.00;577269.15;;;RRRP3;;;;;;;;2020-11-12;;;;
FIIM;48.643.170/0001-10;B-INDEX MORNINGSTAR SETORES CICLICOS BRASIL FUNDO DE iNDICE;2023-06-30;486803;69779949.96;AÇÕES E OUTROS TVM CEDIDOS EM EMPRÉSTIMO;Ação ordinária;N;Para negociação;;;;;44400.00;537684.00;;;VAMO3;;;;;;;;2021-01-29;;;;
FIIM;48.643.170/0001-10;B-INDEX MORNINGSTAR SETORES CICLICOS BRASIL FUNDO DE iNDICE;2023-06-30;486803;69779949.96;AÇÕES E OUTROS TVM CEDIDOS EM EMPRÉSTIMO;Ação ordinária;N;Para negociação;;;;;62080.00;630732.80;;;STBP3;;;;;;;;2007-11-21;;;;
FIIM;48.643.170/0001-10;B-INDEX MORNINGSTAR SETORES CICLICOS BRASIL FUNDO DE iNDICE;2023-06-30;486803;69779949.96;AÇÕES E OUTROS TVM CEDIDOS EM EMPRÉSTIMO;Ação ordinária;N;Para negociação;;;;;48482.00;588086.66;;;CSNA3;;;;;;;;1993-08-02;;;;
FIIM;48.643.170/0001-10;B-INDEX MORNINGSTAR SETORES CICLICOS BRASIL FUNDO DE iNDICE;2023-06-30;486803;69779949.96;AÇÕES E OUTROS TVM CEDIDOS EM EMPRÉSTIMO;Ação ordinária;N;Para negociação;;;;;18750.00;359437.50;;;RECV3;;;;;;;;2021-05-05;;;;
FIIM;48.643.170/0001-10;B-INDEX MORNINGSTAR SETORES CICLICOS BRASIL FUNDO DE iNDICE;2023-06-30;486803;69779949.96;AÇÕES E OUTROS TVM CEDIDOS EM EMPRÉSTIMO;Ação ordinária;N;Para negociação;;;;;151700.00;664446.00;;;HAPV3;;;;;;;;2018-04-25;;;;
FIIM;48.643.170/0001-10;B-INDEX MORNINGSTAR SETORES CICLICOS BRASIL FUNDO DE iNDICE;2023-06-30;486803;69779949.96;AÇÕES E OUTROS TVM CEDIDOS EM EMPRÉSTIMO;Ação preferencial;S;Para negociação;;;;;25598.00;568531.58;;;BRAP4;;;;;;;;2000-08-10;;;;
FIIM;48.643.170/0001-10;B-INDEX MORNINGSTAR SETORES CICLICOS BRASIL FUNDO DE iNDICE;2023-06-30;486803;69779949.96;AÇÕES E OUTROS TVM CEDIDOS EM EMPRÉSTIMO;Ação preferencial;N;Para negociação;;;;;23400.00;665028.00;;;ITUB4;;;;;;;;2009-05-20;;;;
FIIM;48.643.170/0001-10;B-INDEX MORNINGSTAR SETORES CICLICOS BRASIL FUNDO DE iNDICE;2023-06-30;486803;69779949.96;AÇÕES E OUTROS TVM CEDIDOS EM EMPRÉSTIMO;Ação preferencial;N;Para negociação;;;;;47476.00;712140.00;;;BRSR6;;;;;;;;2007-09-03;;;;
FIIM;48.643.170/0001-10;B-INDEX MORNINGSTAR SETORES CICLICOS BRASIL FUNDO DE iNDICE;2023-06-30;486803;69779949.96;AÇÕES E OUTROS TVM CEDIDOS EM EMPRÉSTIMO;Ação preferencial;N;Para negociação;;;;;33000.00;721380.00;;;AZUL4;;;;;;;;2017-04-11;;;;
FIIM;48.643.170/0001-10;B-INDEX MORNINGSTAR SETORES CICLICOS BRASIL FUNDO DE iNDICE;2023-06-30;486803;69779949.96;AÇÕES E OUTROS TVM CEDIDOS EM EMPRÉSTIMO;Ação preferencial;N;Para negociação;;;;;19670.00;232499.40;;;GOAU4;;;;;;;;1973-08-27;;;;
FIIM;48.643.170/0001-10;B-INDEX MORNINGSTAR SETORES CICLICOS BRASIL FUNDO DE iNDICE;2023-06-30;486803;69779949.96;AÇÕES E OUTROS TVM CEDIDOS EM EMPRÉSTIMO;Ação preferencial;S;Para negociação;;;;;38700.00;636615.00;;;BBDC4;;;;;;;;1973-12-06;;;;
FIIM;48.643.170/0001-10;B-INDEX MORNINGSTAR SETORES CICLICOS BRASIL FUNDO DE iNDICE;2023-06-30;486803;69779949.96;AÇÕES E OUTROS TVM CEDIDOS EM EMPRÉSTIMO;Ação preferencial;N;Para negociação;;;;;58281.00;542013.30;;;ALPA4;;;;;;;;1973-03-19;;;;
FIIM;48.643.170/0001-10;B-INDEX MORNINGSTAR SETORES CICLICOS BRASIL FUNDO DE iNDICE;2023-06-30;486803;69779949.96;AÇÕES E OUTROS TVM CEDIDOS EM EMPRÉSTIMO;Ação preferencial;N;Para negociação;;;;;4969.00;138436.34;;;BRKM5;;;;;;;;2002-09-02;;;;
FIIM;48.643.170/0001-10;B-INDEX MORNINGSTAR SETORES CICLICOS BRASIL FUNDO DE iNDICE;2023-06-30;486803;69779949.96;AÇÕES E OUTROS TVM CEDIDOS EM EMPRÉSTIMO;Ação preferencial;N;Para negociação;;;;;8847.00;700151.58;;;UNIP6;;;;;;;;1980-06-04;;;;
FIIM;48.643.170/0001-10;B-INDEX MORNINGSTAR SETORES CICLICOS BRASIL FUNDO DE iNDICE;2023-06-30;486803;69779949.96;AÇÕES E OUTROS TVM CEDIDOS EM EMPRÉSTIMO;Ação preferencial;N;Para negociação;;;;;10498.00;101200.72;;;ITSA4;;;;;;;;1973-09-17;;;;
FIIM;48.643.170/0001-10;B-INDEX MORNINGSTAR SETORES CICLICOS BRASIL FUNDO DE iNDICE;2023-06-30;486803;69779949.96;AÇÕES E OUTROS TVM CEDIDOS EM EMPRÉSTIMO;Ação preferencial;N;Para negociação;;;;;16000.00;401120.00;;;GGBR4;;;;;;;;2001-02-01;;;;
FIIM;48.643.170/0001-10;B-INDEX MORNINGSTAR SETORES CICLICOS BRASIL FUNDO DE iNDICE;2023-06-30;486803;69779949.96;AÇÕES E OUTROS TVM CEDIDOS EM EMPRÉSTIMO;Ação preferencial;N;Para negociação;;;;;70107.00;495656.49;;;USIM5;;;;;;;;1999-02-02;;;;
FIIM;48.643.170/0001-10;B-INDEX MORNINGSTAR SETORES CICLICOS BRASIL FUNDO DE iNDICE;2023-06-30;486803;69779949.96;AÇÕES E OUTROS TVM CEDIDOS EM EMPRÉSTIMO;Certificado de depósito de ações;N;Para negociação;;;;;19808.00;444095.36;;;IGTI11;;;;;;;;2021-11-22;;;;
FIIM;48.643.170/0001-10;B-INDEX MORNINGSTAR SETORES CICLICOS BRASIL FUNDO DE iNDICE;2023-06-30;486803;69779949.96;AÇÕES E OUTROS TVM CEDIDOS EM EMPRÉSTIMO;Certificado de depósito de ações;N;Para negociação;;;;;17342.00;377535.34;;;KLBN11;;;;;;;;2014-01-10;;;;
FIIM;48.643.170/0001-10;B-INDEX MORNINGSTAR SETORES CICLICOS BRASIL FUNDO DE iNDICE;2023-06-30;486803;69779949.96;OPERAÇÕES COMPROMISSADAS;;S;Para negociação;;;;;11.00;135769.70;;;;;2027-09-01;;;;;210100;;;;;
FIIM;48.643.170/0001-10;B-INDEX MORNINGSTAR SETORES CICLICOS BRASIL FUNDO DE iNDICE;2023-06-30;486803;69779949.96;CERTIFICADO OU RECIBO DE DEPÓSITO DE VALORES MOBILIÁRIOS;Certificado de depósito de ações;N;Para negociação;0.00;0.00;0.00;0.00;36729.00;1155127.05;;;BPAC11;;;;;;;;2017-02-16;;;;
FIIM;48.643.170/0001-10;B-INDEX MORNINGSTAR SETORES CICLICOS BRASIL FUNDO DE iNDICE;2023-06-30;486803;69779949.96;CERTIFICADO OU RECIBO DE DEPÓSITO DE VALORES MOBILIÁRIOS;Certificado de depósito de ações;N;Para negociação;0.00;0.00;0.00;0.00;27705.00;621146.10;;;IGTI11;;;;;;;;2021-11-22;;;;
FIIM;48.643.170/0001-10;B-INDEX MORNINGSTAR SETORES CICLICOS BRASIL FUNDO DE iNDICE;2023-06-30;486803;69779949.96;CERTIFICADO OU RECIBO DE DEPÓSITO DE VALORES MOBILIÁRIOS;Certificado de depósito de ações;N;Para negociação;0.00;0.00;0.00;0.00;32767.00;713337.59;;;KLBN11;;;;;;;;2014-01-10;;;;
FIIM;48.643.220/0001-60;B-INDEX MORNINGSTAR SETORES DEFENSIVOS BRASIL FUNDO DE INDICE;2023-06-30;486802;93446686.10;AÇÕES;Ação ordinária;N;Para negociação;26.00;253.24;238995.00;2818257.33;196814.00;1987821.40;;;ONCO3;;;;;;;;2021-08-10;;;;
FIIM;48.643.220/0001-60;B-INDEX MORNINGSTAR SETORES DEFENSIVOS BRASIL FUNDO DE INDICE;2023-06-30;486802;93446686.10;AÇÕES;Ação ordinária;N;Para negociação;17.00;261.80;27242.00;410688.37;165910.00;2556673.10;;;ABEV3;;;;;;;;2013-11-11;;;;
FIIM;48.643.220/0001-60;B-INDEX MORNINGSTAR SETORES DEFENSIVOS BRASIL FUNDO DE INDICE;2023-06-30;486802;93446686.10;AÇÕES;Ação ordinária;N;Para negociação;22.00;269.50;43434.00;523400.60;81568.00;1000839.36;;;ENEV3;;;;;;;;2013-10-22;;;;
FIIM;48.643.220/0001-60;B-INDEX MORNINGSTAR SETORES DEFENSIVOS BRASIL FUNDO DE INDICE;2023-06-30;486802;93446686.10;AÇÕES;Ação ordinária;N;Para negociação;9.00;261.00;6135.00;175061.95;70744.00;2094022.40;;;RADL3;;;;;;;;2011-12-19;;;;
FIIM;48.643.220/0001-60;B-INDEX MORNINGSTAR SETORES DEFENSIVOS BRASIL FUNDO DE INDICE;2023-06-30;486802;93446686.10;AÇÕES;Ação ordinária;S;Para negociação;23.00;274.16;49838.00;576020.60;104396.00;1310169.80;;;ODPV3;;;;;;;;2006-12-01;;;;
FIIM;48.643.220/0001-60;B-INDEX MORNINGSTAR SETORES DEFENSIVOS BRASIL FUNDO DE INDICE;2023-06-30;486802;93446686.10;AÇÕES;Ação ordinária;N;Para negociação;38.00;283.48;81778.00;591430.14;141460.00;1028414.20;;;MRFG3;;;;;;;;2007-06-28;;;;
FIIM;48.643.220/0001-60;B-INDEX MORNINGSTAR SETORES DEFENSIVOS BRASIL FUNDO DE INDICE;2023-06-30;486802;93446686.10;AÇÕES;Ação ordinária;N;Para negociação;7.00;281.05;7691.00;299911.13;64802.00;2575879.50;;;ELET3;;;;;;;;1983-09-01;;;;
FIIM;48.643.220/0001-60;B-INDEX MORNINGSTAR SETORES DEFENSIVOS BRASIL FUNDO DE INDICE;2023-06-30;486802;93446686.10;AÇÕES;Ação ordinária;N;Para negociação;224.00;7446.72;478.00;15775.79;76113.00;2505639.96;;;RDOR3;;;;;;;;2021-06-25;;;;
FIIM;48.643.220/0001-60;B-INDEX MORNINGSTAR SETORES DEFENSIVOS BRASIL FUNDO DE INDICE;2023-06-30;486802;93446686.10;AÇÕES;Ação ordinária;N;Para negociação;15.00;258.75;44416.00;794026.27;127687.00;2229415.02;;;JBSS3;;;;;;;;2007-03-29;;;;
FIIM;48.643.220/0001-60;B-INDEX MORNINGSTAR SETORES DEFENSIVOS BRASIL FUNDO DE INDICE;2023-06-30;486802;93446686.10;AÇÕES;Ação ordinária;N;Para negociação;9.00;301.77;18425.00;590047.82;32184.00;1106807.76;;;CPFE3;;;;;;;;2004-09-29;;;;
FIIM;48.643.220/0001-60;B-INDEX MORNINGSTAR SETORES DEFENSIVOS BRASIL FUNDO DE INDICE;2023-06-30;486802;93446686.10;AÇÕES;Ação ordinária;N;Para negociação;5.00;278.00;10689.00;575168.88;22084.00;1249291.88;;;SBSP3;;;;;;;;1997-03-11;;;;
FIIM;48.643.220/0001-60;B-INDEX MORNINGSTAR SETORES DEFENSIVOS BRASIL FUNDO DE INDICE;2023-06-30;486802;93446686.10;AÇÕES;Ação ordinária;N;Para negociação;23.00;259.90;73044.00;788575.19;101630.00;1138256.00;;;CRFB3;;;;;;;;2017-07-20;;;;
FIIM;48.643.220/0001-60;B-INDEX MORNINGSTAR SETORES DEFENSIVOS BRASIL FUNDO DE INDICE;2023-06-30;486802;93446686.10;AÇÕES;Ação ordinária;N;Para negociação;9.00;281.61;10620.00;326470.42;83207.00;2675105.05;;;EQTL3;;;;;;;;2006-04-03;;;;
FIIM;48.643.220/0001-60;B-INDEX MORNINGSTAR SETORES DEFENSIVOS BRASIL FUNDO DE INDICE;2023-06-30;486802;93446686.10;AÇÕES;Ação ordinária;N;Para negociação;11.00;258.61;20594.00;482973.69;105515.00;2492264.30;;;ENBR3;;;;;;;;2005-07-13;;;;
FIIM;48.643.220/0001-60;B-INDEX MORNINGSTAR SETORES DEFENSIVOS BRASIL FUNDO DE INDICE;2023-06-30;486802;93446686.10;AÇÕES;Ação ordinária;N;Para negociação;30.00;284.89;16105.00;147878.43;113639.00;1012523.49;;;BRFS3;;;;;;;;2009-12-10;;;;
FIIM;48.643.220/0001-60;B-INDEX MORNINGSTAR SETORES DEFENSIVOS BRASIL FUNDO DE INDICE;2023-06-30;486802;93446686.10;AÇÕES;Ação ordinária;S;Para negociação;17.00;274.89;27215.00;426015.19;115481.00;1853470.05;;;FLRY3;;;;;;;;2009-12-17;;;;
FIIM;48.643.220/0001-60;B-INDEX MORNINGSTAR SETORES DEFENSIVOS BRASIL FUNDO DE INDICE;2023-06-30;486802;93446686.10;AÇÕES;Ação ordinária;N;Para negociação;6.00;249.90;442.00;18208.75;27834.00;1184893.38;;;MDIA3;;;;;;;;2006-10-18;;;;
FIIM;48.643.220/0001-60;B-INDEX MORNINGSTAR SETORES DEFENSIVOS BRASIL FUNDO DE INDICE;2023-06-30;486802;93446686.10;AÇÕES;Ação ordinária;N;Para negociação;7.00;271.67;23407.00;851480.80;29126.00;1113195.72;;;SLCE3;;;;;;;;2007-06-15;;;;
FIIM;48.643.220/0001-60;B-INDEX MORNINGSTAR SETORES DEFENSIVOS BRASIL FUNDO DE INDICE;2023-06-30;486802;93446686.10;AÇÕES;Ação ordinária;N;Para negociação;25.00;254.25;72285.00;806256.59;148074.00;1574026.62;;;BEEF3;;;;;;;;2007-07-20;;;;
FIIM;48.643.220/0001-60;B-INDEX MORNINGSTAR SETORES DEFENSIVOS BRASIL FUNDO DE INDICE;2023-06-30;486802;93446686.10;AÇÕES;Ação ordinária;N;Para negociação;21.00;260.40;14980.00;183322.05;94308.00;1155273.00;;;AESB3;;;;;;;;2021-08-10;;;;
FIIM;48.643.220/0001-60;B-INDEX MORNINGSTAR SETORES DEFENSIVOS BRASIL FUNDO DE INDICE;2023-06-30;486802;93446686.10;AÇÕES;Ação ordinária;N;Para negociação;26.00;289.38;24394.00;268003.13;154686.00;1747951.80;;;MEGA3;;;;;;;;2021-12-27;;;;
FIIM;48.643.220/0001-60;B-INDEX MORNINGSTAR SETORES DEFENSIVOS BRASIL FUNDO DE INDICE;2023-06-30;486802;93446686.10;AÇÕES;Ação ordinária;N;Para negociação;19.00;282.72;47309.00;689649.06;170393.00;2441731.69;;;AURE3;;;;;;;;2022-03-28;;;;
FIIM;48.643.220/0001-60;B-INDEX MORNINGSTAR SETORES DEFENSIVOS BRASIL FUNDO DE INDICE;2023-06-30;486802;93446686.10;AÇÕES;Ação ordinária;N;Para negociação;21.00;300.30;88099.00;1190101.78;77483.00;1065391.25;;;ASAI3;;;;;;;;2021-03-01;;;;
FIIM;48.643.220/0001-60;B-INDEX MORNINGSTAR SETORES DEFENSIVOS BRASIL FUNDO DE INDICE;2023-06-30;486802;93446686.10;AÇÕES;Ação ordinária;N;Para negociação;6.00;275.88;10164.00;459385.70;22907.00;1046620.83;;;EGIE3;;;;;;;;2016-07-21;;;;
FIIM;48.643.220/0001-60;B-INDEX MORNINGSTAR SETORES DEFENSIVOS BRASIL FUNDO DE INDICE;2023-06-30;486802;93446686.10;AÇÕES;Ação ordinária;N;Para negociação;71363.00;229788.15;4987.00;16220.88;318404.00;1037997.04;;;COGN3;;;;;;;;2019-10-11;;;;
FIIM;48.643.220/0001-60;B-INDEX MORNINGSTAR SETORES DEFENSIVOS BRASIL FUNDO DE INDICE;2023-06-30;486802;93446686.10;AÇÕES;Ação ordinária;N;Para negociação;1381.00;27844.20;776.00;15988.25;50745.00;1073256.75;;;CSMG3;;;;;;;;2006-02-08;;;;
FIIM;48.643.220/0001-60;B-INDEX MORNINGSTAR SETORES DEFENSIVOS BRASIL FUNDO DE INDICE;2023-06-30;486802;93446686.10;AÇÕES;Ação ordinária;N;Para negociação;6.00;262.80;11431.00;516548.48;56058.00;2579228.58;;;HYPE3;;;;;;;;2008-04-18;;;;
FIIM;48.643.220/0001-60;B-INDEX MORNINGSTAR SETORES DEFENSIVOS BRASIL FUNDO DE INDICE;2023-06-30;486802;93446686.10;AÇÕES;Ação ordinária;N;Para negociação;15.00;304.95;15575.00;307138.34;66107.00;1403451.61;;;NEOE3;;;;;;;;2017-10-05;;;;
FIIM;48.643.220/0001-60;B-INDEX MORNINGSTAR SETORES DEFENSIVOS BRASIL FUNDO DE INDICE;2023-06-30;486802;93446686.10;AÇÕES;Ação ordinária;N;Para negociação;17.00;297.67;37329.00;614445.86;65502.00;1096503.48;;;NTCO3;;;;;;;;2019-12-18;;;;
FIIM;48.643.220/0001-60;B-INDEX MORNINGSTAR SETORES DEFENSIVOS BRASIL FUNDO DE INDICE;2023-06-30;486802;93446686.10;AÇÕES;Ação preferencial;N;Para negociação;22.00;284.24;26096.00;324121.11;184553.00;2373351.58;;;CMIG4;;;;;;;;1973-08-20;;;;
FIIM;48.643.220/0001-60;B-INDEX MORNINGSTAR SETORES DEFENSIVOS BRASIL FUNDO DE INDICE;2023-06-30;486802;93446686.10;AÇÕES;Ação preferencial;N;Para negociação;11.00;282.15;13797.00;343736.72;40977.00;1039176.72;;;TRPL4;;;;;;;;1999-07-26;;;;
FIIM;48.643.220/0001-60;B-INDEX MORNINGSTAR SETORES DEFENSIVOS BRASIL FUNDO DE INDICE;2023-06-30;486802;93446686.10;AÇÕES;Ação preferencial;N;Para negociação;7.00;314.30;4087.00;180500.46;26418.00;1176129.36;;;ELET6;;;;;;;;1974-11-13;;;;
FIIM;48.643.220/0001-60;B-INDEX MORNINGSTAR SETORES DEFENSIVOS BRASIL FUNDO DE INDICE;2023-06-30;486802;93446686.10;DISPONIBILIDADES;Outros;;Para negociação;;;;;;10000.00;;;;Disponibilidade;;;;;;;;;;;
FIIM;48.643.220/0001-60;B-INDEX MORNINGSTAR SETORES DEFENSIVOS BRASIL FUNDO DE INDICE;2023-06-30;486802;93446686.10;VALORES A PAGAR;Outros;;Para negociação;;;;;;182192.31;;;;Valores a Pagar;;;;;;;;;;;
FIIM;48.643.220/0001-60;B-INDEX MORNINGSTAR SETORES DEFENSIVOS BRASIL FUNDO DE INDICE;2023-06-30;486802;93446686.10;VALORES A RECEBER;Outros;;Para negociação;;;;;;404793.89;;;;Valores a Receber;;;;;;;;;;;
FIIM;48.643.220/0001-60;B-INDEX MORNINGSTAR SETORES DEFENSIVOS BRASIL FUNDO DE INDICE;2023-06-30;486802;93446686.10;MERCADO FUTURO - POSIÇÕES COMPRADAS;Contrato Futuro;;Para negociação;;;;;1.00;-254.20;;;;FUT WIN/Q23;;;;;;;;;;;
FIIM;48.643.220/0001-60;B-INDEX MORNINGSTAR SETORES DEFENSIVOS BRASIL FUNDO DE INDICE;2023-06-30;486802;93446686.10;MERCADO FUTURO - POSIÇÕES COMPRADAS;Futuro de IND:Ibovespa;;Para negociação;;;;;4.00;-3219.00;;;;FUT IND/Q23;;;;;;;;;;;
FIIM;48.643.220/0001-60;B-INDEX MORNINGSTAR SETORES DEFENSIVOS BRASIL FUNDO DE INDICE;2023-06-30;486802;93446686.10;AÇÕES E OUTROS TVM CEDIDOS EM EMPRÉSTIMO;Ação ordinária;N;Para negociação;;;;;169228.00;1507821.48;;;BRFS3;;;;;;;;2009-12-10;;;;
FIIM;48.643.220/0001-60;B-INDEX MORNINGSTAR SETORES DEFENSIVOS BRASIL FUNDO DE INDICE;2023-06-30;486802;93446686.10;AÇÕES E OUTROS TVM CEDIDOS EM EMPRÉSTIMO;Ação ordinária;N;Para negociação;;;;;210507.00;1530385.89;;;MRFG3;;;;;;;;2007-06-28;;;;
FIIM;48.643.220/0001-60;B-INDEX MORNINGSTAR SETORES DEFENSIVOS BRASIL FUNDO DE INDICE;2023-06-30;486802;93446686.10;AÇÕES E OUTROS TVM CEDIDOS EM EMPRÉSTIMO;Ação ordinária;N;Para negociação;;;;;473804.00;1544601.04;;;COGN3;;;;;;;;2019-10-11;;;;
FIIM;48.643.220/0001-60;B-INDEX MORNINGSTAR SETORES DEFENSIVOS BRASIL FUNDO DE INDICE;2023-06-30;486802;93446686.10;AÇÕES E OUTROS TVM CEDIDOS EM EMPRÉSTIMO;Ação ordinária;S;Para negociação;;;;;106724.00;1339386.20;;;ODPV3;;;;;;;;2006-12-01;;;;
FIIM;48.643.220/0001-60;B-INDEX MORNINGSTAR SETORES DEFENSIVOS BRASIL FUNDO DE INDICE;2023-06-30;486802;93446686.10;AÇÕES E OUTROS TVM CEDIDOS EM EMPRÉSTIMO;Ação ordinária;N;Para negociação;;;;;73000.00;1543950.00;;;CSMG3;;;;;;;;2006-02-08;;;;
FIIM;48.643.220/0001-60;B-INDEX MORNINGSTAR SETORES DEFENSIVOS BRASIL FUNDO DE INDICE;2023-06-30;486802;93446686.10;AÇÕES E OUTROS TVM CEDIDOS EM EMPRÉSTIMO;Ação ordinária;N;Para negociação;;;;;11824.00;206447.04;;;JBSS3;;;;;;;;2007-03-29;;;;
FIIM;48.643.220/0001-60;B-INDEX MORNINGSTAR SETORES DEFENSIVOS BRASIL FUNDO DE INDICE;2023-06-30;486802;93446686.10;AÇÕES E OUTROS TVM CEDIDOS EM EMPRÉSTIMO;Ação ordinária;N;Para negociação;;;;;115251.00;1290811.20;;;CRFB3;;;;;;;;2017-07-20;;;;
FIIM;48.643.220/0001-60;B-INDEX MORNINGSTAR SETORES DEFENSIVOS BRASIL FUNDO DE INDICE;2023-06-30;486802;93446686.10;AÇÕES E OUTROS TVM CEDIDOS EM EMPRÉSTIMO;Ação ordinária;N;Para negociação;;;;;115300.00;1585375.00;;;ASAI3;;;;;;;;2021-03-01;;;;
FIIM;48.643.220/0001-60;B-INDEX MORNINGSTAR SETORES DEFENSIVOS BRASIL FUNDO DE INDICE;2023-06-30;486802;93446686.10;AÇÕES E OUTROS TVM CEDIDOS EM EMPRÉSTIMO;Ação ordinária;N;Para negociação;;;;;34006.00;1553734.14;;;EGIE3;;;;;;;;2016-07-21;;;;
FIIM;48.643.220/0001-60;B-INDEX MORNINGSTAR SETORES DEFENSIVOS BRASIL FUNDO DE INDICE;2023-06-30;486802;93446686.10;AÇÕES E OUTROS TVM CEDIDOS EM EMPRÉSTIMO;Ação ordinária;N;Para negociação;;;;;16223.00;480200.80;;;RADL3;;;;;;;;2011-12-19;;;;
FIIM;48.643.220/0001-60;B-INDEX MORNINGSTAR SETORES DEFENSIVOS BRASIL FUNDO DE INDICE;2023-06-30;486802;93446686.10;AÇÕES E OUTROS TVM CEDIDOS EM EMPRÉSTIMO;Ação ordinária;N;Para negociação;;;;;88050.00;994965.00;;;MEGA3;;;;;;;;2021-12-27;;;;
FIIM;48.643.220/0001-60;B-INDEX MORNINGSTAR SETORES DEFENSIVOS BRASIL FUNDO DE INDICE;2023-06-30;486802;93446686.10;AÇÕES E OUTROS TVM CEDIDOS EM EMPRÉSTIMO;Ação ordinária;N;Para negociação;;;;;80808.00;1715553.84;;;NEOE3;;;;;;;;2017-10-05;;;;
FIIM;48.643.220/0001-60;B-INDEX MORNINGSTAR SETORES DEFENSIVOS BRASIL FUNDO DE INDICE;2023-06-30;486802;93446686.10;AÇÕES E OUTROS TVM CEDIDOS EM EMPRÉSTIMO;Ação ordinária;N;Para negociação;;;;;83049.00;882810.87;;;BEEF3;;;;;;;;2007-07-20;;;;
FIIM;48.643.220/0001-60;B-INDEX MORNINGSTAR SETORES DEFENSIVOS BRASIL FUNDO DE INDICE;2023-06-30;486802;93446686.10;AÇÕES E OUTROS TVM CEDIDOS EM EMPRÉSTIMO;Ação ordinária;N;Para negociação;;;;;94068.00;1574698.32;;;NTCO3;;;;;;;;2019-12-18;;;;
FIIM;48.643.220/0001-60;B-INDEX MORNINGSTAR SETORES DEFENSIVOS BRASIL FUNDO DE INDICE;2023-06-30;486802;93446686.10;AÇÕES E OUTROS TVM CEDIDOS EM EMPRÉSTIMO;Ação ordinária;N;Para negociação;;;;;121378.00;1489308.06;;;ENEV3;;;;;;;;2013-10-22;;;;
FIIM;48.643.220/0001-60;B-INDEX MORNINGSTAR SETORES DEFENSIVOS BRASIL FUNDO DE INDICE;2023-06-30;486802;93446686.10;AÇÕES E OUTROS TVM CEDIDOS EM EMPRÉSTIMO;Ação ordinária;N;Para negociação;;;;;24132.00;1365147.24;;;SBSP3;;;;;;;;1997-03-11;;;;
FIIM;48.643.220/0001-60;B-INDEX MORNINGSTAR SETORES DEFENSIVOS BRASIL FUNDO DE INDICE;2023-06-30;486802;93446686.10;AÇÕES E OUTROS TVM CEDIDOS EM EMPRÉSTIMO;Ação ordinária;S;Para negociação;;;;;46914.00;752969.70;;;FLRY3;;;;;;;;2009-12-17;;;;
FIIM;48.643.220/0001-60;B-INDEX MORNINGSTAR SETORES DEFENSIVOS BRASIL FUNDO DE INDICE;2023-06-30;486802;93446686.10;AÇÕES E OUTROS TVM CEDIDOS EM EMPRÉSTIMO;Ação ordinária;N;Para negociação;;;;;31778.00;1352789.46;;;MDIA3;;;;;;;;2006-10-18;;;;
FIIM;48.643.220/0001-60;B-INDEX MORNINGSTAR SETORES DEFENSIVOS BRASIL FUNDO DE INDICE;2023-06-30;486802;93446686.10;AÇÕES E OUTROS TVM CEDIDOS EM EMPRÉSTIMO;Ação ordinária;N;Para negociação;;;;;4095.00;58681.35;;;AURE3;;;;;;;;2022-03-28;;;;
FIIM;48.643.220/0001-60;B-INDEX MORNINGSTAR SETORES DEFENSIVOS BRASIL FUNDO DE INDICE;2023-06-30;486802;93446686.10;AÇÕES E OUTROS TVM CEDIDOS EM EMPRÉSTIMO;Ação ordinária;N;Para negociação;;;;;37733.00;1442155.26;;;SLCE3;;;;;;;;2007-06-15;;;;
FIIM;48.643.220/0001-60;B-INDEX MORNINGSTAR SETORES DEFENSIVOS BRASIL FUNDO DE INDICE;2023-06-30;486802;93446686.10;AÇÕES E OUTROS TVM CEDIDOS EM EMPRÉSTIMO;Ação ordinária;N;Para negociação;;;;;42155.00;425765.50;;;ONCO3;;;;;;;;2021-08-10;;;;
FIIM;48.643.220/0001-60;B-INDEX MORNINGSTAR SETORES DEFENSIVOS BRASIL FUNDO DE INDICE;2023-06-30;486802;93446686.10;AÇÕES E OUTROS TVM CEDIDOS EM EMPRÉSTIMO;Ação ordinária;N;Para negociação;;;;;47860.00;1645905.40;;;CPFE3;;;;;;;;2004-09-29;;;;
FIIM;48.643.220/0001-60;B-INDEX MORNINGSTAR SETORES DEFENSIVOS BRASIL FUNDO DE INDICE;2023-06-30;486802;93446686.10;AÇÕES E OUTROS TVM CEDIDOS EM EMPRÉSTIMO;Ação ordinária;N;Para negociação;;;;;105836.00;1296491.00;;;AESB3;;;;;;;;2021-08-10;;;;
FIIM;48.643.220/0001-60;B-INDEX MORNINGSTAR SETORES DEFENSIVOS BRASIL FUNDO DE INDICE;2023-06-30;486802;93446686.10;AÇÕES E OUTROS TVM CEDIDOS EM EMPRÉSTIMO;Ação preferencial;N;Para negociação;;;;;31800.00;1415736.00;;;ELET6;;;;;;;;1974-11-13;;;;
FIIM;48.643.220/0001-60;B-INDEX MORNINGSTAR SETORES DEFENSIVOS BRASIL FUNDO DE INDICE;2023-06-30;486802;93446686.10;AÇÕES E OUTROS TVM CEDIDOS EM EMPRÉSTIMO;Ação preferencial;N;Para negociação;;;;;59217.00;1501743.12;;;TRPL4;;;;;;;;1999-07-26;;;;
FIIM;48.643.220/0001-60;B-INDEX MORNINGSTAR SETORES DEFENSIVOS BRASIL FUNDO DE INDICE;2023-06-30;486802;93446686.10;AÇÕES E OUTROS TVM CEDIDOS EM EMPRÉSTIMO;Ação preferencial;N;Para negociação;;;;;17395.00;223699.70;;;CMIG4;;;;;;;;1973-08-20;;;;
FIIM;48.643.220/0001-60;B-INDEX MORNINGSTAR SETORES DEFENSIVOS BRASIL FUNDO DE INDICE;2023-06-30;486802;93446686.10;AÇÕES E OUTROS TVM CEDIDOS EM EMPRÉSTIMO;Certificado de depósito de ações;N;Para negociação;;;;;25465.00;763440.70;;;ALUP11;;;;;;;;2013-04-24;;;;
FIIM;48.643.220/0001-60;B-INDEX MORNINGSTAR SETORES DEFENSIVOS BRASIL FUNDO DE INDICE;2023-06-30;486802;93446686.10;AÇÕES E OUTROS TVM CEDIDOS EM EMPRÉSTIMO;Certificado de depósito de ações;N;Para negociação;;;;;39225.00;1476429.00;;;TAEE11;;;;;;;;2012-05-28;;;;
FIIM;48.643.220/0001-60;B-INDEX MORNINGSTAR SETORES DEFENSIVOS BRASIL FUNDO DE INDICE;2023-06-30;486802;93446686.10;AÇÕES E OUTROS TVM CEDIDOS EM EMPRÉSTIMO;Certificado de depósito de ações;N;Para negociação;;;;;30663.00;1539282.60;;;ENGI11;;;;;;;;2009-11-03;;;;
FIIM;48.643.220/0001-60;B-INDEX MORNINGSTAR SETORES DEFENSIVOS BRASIL FUNDO DE INDICE;2023-06-30;486802;93446686.10;AÇÕES E OUTROS TVM CEDIDOS EM EMPRÉSTIMO;Certificado de depósito de ações;N;Para negociação;;;;;50021.00;1093459.06;;;SAPR11;;;;;;;;2017-11-17;;;;
FIIM;48.643.220/0001-60;B-INDEX MORNINGSTAR SETORES DEFENSIVOS BRASIL FUNDO DE INDICE;2023-06-30;486802;93446686.10;OPERAÇÕES COMPROMISSADAS;;S;Para negociação;;;;;22.00;291790.63;;;;;2027-09-01;;;;;210100;;;;;
FIIM;48.643.220/0001-60;B-INDEX MORNINGSTAR SETORES DEFENSIVOS BRASIL FUNDO DE INDICE;2023-06-30;486802;93446686.10;CERTIFICADO OU RECIBO DE DEPÓSITO DE VALORES MOBILIÁRIOS;Certificado de depósito de ações;N;Para negociação;0.00;0.00;0.00;0.00;66801.00;1460269.86;;;SAPR11;;;;;;;;2017-11-17;;;;
FIIM;48.643.220/0001-60;B-INDEX MORNINGSTAR SETORES DEFENSIVOS BRASIL FUNDO DE INDICE;2023-06-30;486802;93446686.10;CERTIFICADO OU RECIBO DE DEPÓSITO DE VALORES MOBILIÁRIOS;Certificado de depósito de ações;N;Para negociação;0.00;0.00;0.00;0.00;26546.00;999191.44;;;TAEE11;;;;;;;;2012-05-28;;;;
FIIM;48.643.220/0001-60;B-INDEX MORNINGSTAR SETORES DEFENSIVOS BRASIL FUNDO DE INDICE;2023-06-30;486802;93446686.10;CERTIFICADO OU RECIBO DE DEPÓSITO DE VALORES MOBILIÁRIOS;Certificado de depósito de ações;N;Para negociação;0.00;0.00;0.00;0.00;58053.00;1740428.94;;;ALUP11;;;;;;;;2013-04-24;;;;
FIIM;48.643.220/0001-60;B-INDEX MORNINGSTAR SETORES DEFENSIVOS BRASIL FUNDO DE INDICE;2023-06-30;486802;93446686.10;CERTIFICADO OU RECIBO DE DEPÓSITO DE VALORES MOBILIÁRIOS;Certificado de depósito de ações;N;Para negociação;0.00;0.00;0.00;0.00;24051.00;1207360.20;;;ENGI11;;;;;;;;2009-11-03;;;;
FIIM;50.642.881/0001-12;INVESTO TEVA TESOURO IPCA+ 0 A 4 ANOS ETF - FUNDO DE INVESTIMENTO DE ÍNDICE;2023-06-30;488359;3766334.24;TÍTULOS PÚBLICOS;;N;Para negociação;0.00;0.00;246.00;1048269.94;246.00;1053936.06;;;;;2026-08-15;;;;;760199;;;;;
FIIM;50.642.881/0001-12;INVESTO TEVA TESOURO IPCA+ 0 A 4 ANOS ETF - FUNDO DE INVESTIMENTO DE ÍNDICE;2023-06-30;488359;3766334.24;TÍTULOS PÚBLICOS;;;Para negociação;0.00;0.00;211.00;873408.09;211.00;876822.06;;;;;2025-05-15;;;;;760199;;;;;
FIIM;50.642.881/0001-12;INVESTO TEVA TESOURO IPCA+ 0 A 4 ANOS ETF - FUNDO DE INVESTIMENTO DE ÍNDICE;2023-06-30;488359;3766334.24;TÍTULOS PÚBLICOS;;;Para negociação;0.00;0.00;347.00;1440771.19;347.00;1443173.09;;;;;2024-08-15;;;;;760199;;;;;
FIIM;50.642.881/0001-12;INVESTO TEVA TESOURO IPCA+ 0 A 4 ANOS ETF - FUNDO DE INVESTIMENTO DE ÍNDICE;2023-06-30;488359;3766334.24;TÍTULOS PÚBLICOS;;;Para negociação;1.00;4234.56;90.00;381023.43;89.00;378760.79;;;;;2027-05-15;;;;;760199;;;;;
FIIM;50.642.881/0001-12;INVESTO TEVA TESOURO IPCA+ 0 A 4 ANOS ETF - FUNDO DE INVESTIMENTO DE ÍNDICE;2023-06-30;488359;3766334.24;COTAS DE FUNDOS;;N;;915.02;111161.07;944.62;114716.55;29.60;3602.64;;;;;;PJ;43105440000116;BNP Paribas Soberano II FIC FI RF Simples;;;;;;;
