TP_FUNDO;CNPJ_FUNDO;DENOM_SOCIAL;DT_COMPTC;ID_DOC;VL_PATRIM_LIQ;TP_APLIC;TP_ATIVO;EMISSOR_LIGADO;TP_NEGOC;QT_VENDA_NEGOC;VL_VENDA_NEGOC;QT_AQUIS_NEGOC;VL_AQUIS_NEGOC;QT_POS_FINAL;VL_MERC_POS_FINAL;VL_CUSTO_POS_FINAL;DT_CONFID_APLIC;CD_ATIVO;DS_ATIVO;DT_VENC;PF_PJ_EMISSOR;CPF_CNPJ_EMISSOR;EMISSOR;RISCO_EMISSOR;CD_SELIC;DT_INI_VIGENCIA;CD_PAIS;PAIS;CD_BV_MERC;BV_MERC
FIIM;06.323.688/0001-27;IT NOW PIBB IBRX-50 - FUNDO DE ÍNDICE;2023-07-31;501296;1412065992.96;;;;Para negociação;0.00;0.00;0.00;0.00;866.00;3939758.25;;;760199;;;;;;;;2050-08-15;;;;
FIIM;06.323.688/0001-27;IT NOW PIBB IBRX-50 - FUNDO DE ÍNDICE;2023-07-31;501296;1412065992.96;AÇÕES;;N;Para negociação;18076.00;343919.67;2400.00;45070.00;430337.00;8068818.75;;;LREN3;;;;;;;;1973-07-24;;;;
FIIM;06.323.688/0001-27;IT NOW PIBB IBRX-50 - FUNDO DE ÍNDICE;2023-07-31;501296;1412065992.96;AÇÕES;;N;Para negociação;11081.00;148612.32;1300.00;17804.00;244947.00;3390066.48;;;CSNA3;;;;;;;;1993-08-02;;;;
FIIM;06.323.688/0001-27;IT NOW PIBB IBRX-50 - FUNDO DE ÍNDICE;2023-07-31;501296;1412065992.96;AÇÕES;;N;Para negociação;23542.00;673799.80;3000.00;85718.00;513111.00;14864825.67;;;RADL3;;;;;;;;2011-12-19;;;;
FIIM;06.323.688/0001-27;IT NOW PIBB IBRX-50 - FUNDO DE ÍNDICE;2023-07-31;501296;1412065992.96;AÇÕES;;N;Para negociação;27961.00;1081471.06;3400.00;136618.00;1044283.00;41687777.36;;;WEGE3;;;;;;;;2004-08-02;;;;
FIIM;06.323.688/0001-27;IT NOW PIBB IBRX-50 - FUNDO DE ÍNDICE;2023-07-31;501296;1412065992.96;AÇÕES;;N;Para negociação;21068.00;373444.16;2600.00;45674.00;770022.00;13190476.86;;;VBBR3;;;;;;;;2021-10-22;;;;
FIIM;06.323.688/0001-27;IT NOW PIBB IBRX-50 - FUNDO DE ÍNDICE;2023-07-31;501296;1412065992.96;AÇÕES;;N;Para negociação;9726.00;290062.19;1200.00;35453.00;235168.00;6953917.76;;;TOTS3;;;;;;;;2006-03-09;;;;
FIIM;06.323.688/0001-27;IT NOW PIBB IBRX-50 - FUNDO DE ÍNDICE;2023-07-31;501296;1412065992.96;AÇÕES;;N;Para negociação;20646.00;579475.04;2500.00;71643.00;519751.00;15202716.75;;;GGBR4;;;;;;;;2001-02-01;;;;
FIIM;06.323.688/0001-27;IT NOW PIBB IBRX-50 - FUNDO DE ÍNDICE;2023-07-31;501296;1412065992.96;AÇÕES;;N;Para negociação;20794.00;700447.92;14951.00;395030.00;795990.00;26697504.60;;;EQTL3;;;;;;;;2006-04-03;;;;
FIIM;06.323.688/0001-27;IT NOW PIBB IBRX-50 - FUNDO DE ÍNDICE;2023-07-31;501296;1412065992.96;AÇÕES;;N;Para negociação;38044.00;1485422.73;4700.00;182850.00;953154.00;36839402.10;;;ELET3;;;;;;;;1983-09-01;;;;
FIIM;06.323.688/0001-27;IT NOW PIBB IBRX-50 - FUNDO DE ÍNDICE;2023-07-31;501296;1412065992.96;AÇÕES;;N;Para negociação;54267.00;169088.23;6700.00;20801.00;1243602.00;4166066.70;;;MGLU3;;;;;;;;2011-05-02;;;;
FIIM;06.323.688/0001-27;IT NOW PIBB IBRX-50 - FUNDO DE ÍNDICE;2023-07-31;501296;1412065992.96;AÇÕES;;N;Para negociação;27259.00;345463.34;3400.00;43087.00;964997.00;12226511.99;;;CMIG4;;;;;;;;1973-08-20;;;;
FIIM;06.323.688/0001-27;IT NOW PIBB IBRX-50 - FUNDO DE ÍNDICE;2023-07-31;501296;1412065992.96;AÇÕES;;N;Para negociação;21383.00;392221.06;2600.00;46541.00;479216.00;8999676.48;;;JBSS3;;;;;;;;2007-03-29;;;;
FIIM;06.323.688/0001-27;IT NOW PIBB IBRX-50 - FUNDO DE ÍNDICE;2023-07-31;501296;1412065992.96;AÇÕES;;N;Para negociação;13667.00;619452.57;1600.00;72145.00;381703.00;18348463.21;;;SUZB3;;;;;;;;2004-08-05;;;;
FIIM;06.323.688/0001-27;IT NOW PIBB IBRX-50 - FUNDO DE ÍNDICE;2023-07-31;501296;1412065992.96;AÇÕES;;N;Para negociação;5194.00;225918.59;600.00;25950.00;113416.00;4948340.08;;;ELET6;;;;;;;;1974-11-13;;;;
FIIM;06.323.688/0001-27;IT NOW PIBB IBRX-50 - FUNDO DE ÍNDICE;2023-07-31;501296;1412065992.96;AÇÕES;;N;Para negociação;20775.00;716200.84;2600.00;93668.00;439409.00;15818724.00;;;RDOR3;;;;;;;;2020-12-10;;;;
FIIM;06.323.688/0001-27;IT NOW PIBB IBRX-50 - FUNDO DE ÍNDICE;2023-07-31;501296;1412065992.96;AÇÕES;;N;Para negociação;22531.00;295951.38;2800.00;35808.00;427261.00;5755205.67;;;ASAI3;;;;;;;;2021-03-01;;;;
FIIM;06.323.688/0001-27;IT NOW PIBB IBRX-50 - FUNDO DE ÍNDICE;2023-07-31;501296;1412065992.96;AÇÕES;;N;Para negociação;12728.00;395955.05;1600.00;49934.00;414051.00;12885267.12;;;BBSE3;;;;;;;;2013-04-29;;;;
FIIM;06.323.688/0001-27;IT NOW PIBB IBRX-50 - FUNDO DE ÍNDICE;2023-07-31;501296;1412065992.96;AÇÕES;;N;Para negociação;15775.00;274033.30;1900.00;33926.00;345127.00;6305470.29;;;NTCO3;;;;;;;;2019-12-18;;;;
FIIM;06.323.688/0001-27;IT NOW PIBB IBRX-50 - FUNDO DE ÍNDICE;2023-07-31;501296;1412065992.96;AÇÕES;;N;Para negociação;26836.00;1292686.03;3300.00;157095.00;684512.00;32986633.28;;;BBAS3;;;;;;;;1973-05-31;;;;
FIIM;06.323.688/0001-27;IT NOW PIBB IBRX-50 - FUNDO DE ÍNDICE;2023-07-31;501296;1412065992.96;AÇÕES;;N;Para negociação;15879.00;689892.90;2000.00;88511.00;406397.00;18539831.14;;;PRIO3;;;;;;;;2015-06-26;;;;
FIIM;06.323.688/0001-27;IT NOW PIBB IBRX-50 - FUNDO DE ÍNDICE;2023-07-31;501296;1412065992.96;AÇÕES;;N;Para negociação;23009.00;538317.24;2900.00;69181.00;721419.00;16765777.56;;;RAIL3;;;;;;;;2017-03-13;;;;
FIIM;06.323.688/0001-27;IT NOW PIBB IBRX-50 - FUNDO DE ÍNDICE;2023-07-31;501296;1412065992.96;AÇÕES;;N;Para negociação;4965.00;48885.53;700.00;6746.00;96553.00;974219.77;;;BEEF3;;;;;;;;2007-07-20;;;;
FIIM;06.323.688/0001-27;IT NOW PIBB IBRX-50 - FUNDO DE ÍNDICE;2023-07-31;501296;1412065992.96;AÇÕES;;N;Para negociação;6316.00;41980.99;800.00;5067.00;131653.00;921571.00;;;PETZ3;;;;;;;;2020-09-11;;;;
FIIM;06.323.688/0001-27;IT NOW PIBB IBRX-50 - FUNDO DE ÍNDICE;2023-07-31;501296;1412065992.96;AÇÕES;;N;Para negociação;5456.00;39320.61;600.00;4098.00;110945.00;823211.90;;;MRFG3;;;;;;;;2007-06-28;;;;
FIIM;06.323.688/0001-27;IT NOW PIBB IBRX-50 - FUNDO DE ÍNDICE;2023-07-31;501296;1412065992.96;AÇÕES;;N;Para negociação;69969.00;2378433.21;8700.00;299497.00;1769178.00;61585086.18;;;PETR3;;;;;;;;1973-09-18;;;;
FIIM;06.323.688/0001-27;IT NOW PIBB IBRX-50 - FUNDO DE ÍNDICE;2023-07-31;501296;1412065992.96;AÇÕES;;N;Para negociação;22133.00;441017.08;2700.00;54538.00;665259.00;13265264.46;;;CSAN3;;;;;;;;2005-11-18;;;;
FIIM;06.323.688/0001-27;IT NOW PIBB IBRX-50 - FUNDO DE ÍNDICE;2023-07-31;501296;1412065992.96;AÇÕES;;N;Para negociação;81643.00;363313.02;10100.00;44636.00;2516834.00;12080803.20;;;HAPV3;;;;;;;;2018-04-25;;;;
FIIM;06.323.688/0001-27;IT NOW PIBB IBRX-50 - FUNDO DE ÍNDICE;2023-07-31;501296;1412065992.96;AÇÕES;;N;Para negociação;29712.00;61651.08;3600.00;7540.00;584864.00;1263306.24;;;VIIA3;;;;;;;;2021-08-16;;;;
FIIM;06.323.688/0001-27;IT NOW PIBB IBRX-50 - FUNDO DE ÍNDICE;2023-07-31;501296;1412065992.96;AÇÕES;;N;Para negociação;29728.00;380532.13;3600.00;46618.00;607624.00;8123932.88;;;ENEV3;;;;;;;;2013-10-22;;;;
FIIM;06.323.688/0001-27;IT NOW PIBB IBRX-50 - FUNDO DE ÍNDICE;2023-07-31;501296;1412065992.96;AÇÕES;;N;Para negociação;6479.00;363334.40;800.00;44698.00;227687.00;13228614.70;;;SBSP3;;;;;;;;1997-03-11;;;;
FIIM;06.323.688/0001-27;IT NOW PIBB IBRX-50 - FUNDO DE ÍNDICE;2023-07-31;501296;1412065992.96;AÇÕES;;N;Para negociação;18904.00;255946.69;2400.00;32356.00;470174.00;6248612.46;;;CCRO3;;;;;;;;2002-02-01;;;;
FIIM;06.323.688/0001-27;IT NOW PIBB IBRX-50 - FUNDO DE ÍNDICE;2023-07-31;501296;1412065992.96;AÇÕES;;N;Para negociação;86236.00;2619951.07;10700.00;329788.00;2713841.00;84427593.51;;;PETR4;;;;;;;;1973-09-18;;;;
FIIM;06.323.688/0001-27;IT NOW PIBB IBRX-50 - FUNDO DE ÍNDICE;2023-07-31;501296;1412065992.96;AÇÕES;;S;Para negociação;90617.00;2603368.08;11200.00;320626.00;3344431.00;95784503.84;;;ITUB4;;;;;;;;2009-05-20;;;;
FIIM;06.323.688/0001-27;IT NOW PIBB IBRX-50 - FUNDO DE ÍNDICE;2023-07-31;501296;1412065992.96;AÇÕES;;N;Para negociação;19595.00;181950.14;430900.00;3692517.00;1092125.00;10659140.00;;;BRFS3;;;;;;;;2009-12-10;;;;
FIIM;06.323.688/0001-27;IT NOW PIBB IBRX-50 - FUNDO DE ÍNDICE;2023-07-31;501296;1412065992.96;AÇÕES;;N;Para negociação;9744.00;73215.66;1200.00;8971.00;215292.00;1556561.16;;;USIM5;;;;;;;;1999-02-02;;;;
FIIM;06.323.688/0001-27;IT NOW PIBB IBRX-50 - FUNDO DE ÍNDICE;2023-07-31;501296;1412065992.96;AÇÕES;;N;Para negociação;6190.00;114339.98;800.00;15129.00;153068.00;2709303.60;;;AZUL4;;;;;;;;2017-04-11;;;;
FIIM;06.323.688/0001-27;IT NOW PIBB IBRX-50 - FUNDO DE ÍNDICE;2023-07-31;501296;1412065992.96;AÇÕES;;N;Para negociação;7704.00;344767.68;1000.00;44478.00;219335.00;9488432.10;;;HYPE3;;;;;;;;2008-04-18;;;;
FIIM;06.323.688/0001-27;IT NOW PIBB IBRX-50 - FUNDO DE ÍNDICE;2023-07-31;501296;1412065992.96;AÇÕES;;N;Para negociação;14162.00;973915.28;49700.00;3482504.00;435210.00;29254816.20;;;RENT3;;;;;;;;2005-05-23;;;;
FIIM;06.323.688/0001-27;IT NOW PIBB IBRX-50 - FUNDO DE ÍNDICE;2023-07-31;501296;1412065992.96;AÇÕES;;N;Para negociação;13986.00;254458.24;1800.00;32768.00;399085.00;7387063.35;;;EMBR3;;;;;;;;1989-08-28;;;;
FIIM;06.323.688/0001-27;IT NOW PIBB IBRX-50 - FUNDO DE ÍNDICE;2023-07-31;501296;1412065992.96;AÇÕES;;N;Para negociação;97270.00;1606705.62;12100.00;200566.00;2235376.00;37241364.16;;;BBDC4;;;;;;;;1973-12-06;;;;
FIIM;06.323.688/0001-27;IT NOW PIBB IBRX-50 - FUNDO DE ÍNDICE;2023-07-31;501296;1412065992.96;AÇÕES;;N;Para negociação;108209.00;1595416.69;13400.00;200714.00;3777507.00;56284854.30;;;B3SA3;;;;;;;;2018-03-26;;;;
FIIM;06.323.688/0001-27;IT NOW PIBB IBRX-50 - FUNDO DE ÍNDICE;2023-07-31;501296;1412065992.96;AÇÕES;;N;Para negociação;20681.00;97228.79;2600.00;12476.00;435264.00;2054446.08;;;CIEL3;;;;;;;;2009-12-18;;;;
FIIM;06.323.688/0001-27;IT NOW PIBB IBRX-50 - FUNDO DE ÍNDICE;2023-07-31;501296;1412065992.96;AÇÕES;;N;Para negociação;82898.00;1235632.15;10300.00;155381.00;1635984.00;24310722.24;;;ABEV3;;;;;;;;2013-11-11;;;;
FIIM;06.323.688/0001-27;IT NOW PIBB IBRX-50 - FUNDO DE ÍNDICE;2023-07-31;501296;1412065992.96;AÇÕES;;N;Para negociação;5173.00;117925.72;600.00;13974.00;104749.00;2495121.18;;;CYRE3;;;;;;;;1996-05-27;;;;
FIIM;06.323.688/0001-27;IT NOW PIBB IBRX-50 - FUNDO DE ÍNDICE;2023-07-31;501296;1412065992.96;AÇÕES;;N;Para negociação;84041.00;5840451.81;10400.00;739901.00;2999600.00;207452336.00;;;VALE3;;;;;;;;1982-02-15;;;;
FIIM;06.323.688/0001-27;IT NOW PIBB IBRX-50 - FUNDO DE ÍNDICE;2023-07-31;501296;1412065992.96;AÇÕES;;S;Para negociação;98989.00;970756.30;12400.00;122540.00;3561562.00;34974538.84;;;ITSA4;;;;;;;;1973-09-17;;;;
FIIM;06.323.688/0001-27;IT NOW PIBB IBRX-50 - FUNDO DE ÍNDICE;2023-07-31;501296;1412065992.96;AÇÕES;;N;Para negociação;5066.00;136128.64;600.00;15863.00;98991.00;2614352.31;;;MULT3;;;;;;;;2007-07-27;;;;
FIIM;06.323.688/0001-27;IT NOW PIBB IBRX-50 - FUNDO DE ÍNDICE;2023-07-31;501296;1412065992.96;AÇÕES;;N;Para negociação;4471.00;153695.25;600.00;20926.00;116155.00;4129310.25;;;RRRP3;;;;;;;;2020-11-12;;;;
FIIM;06.323.688/0001-27;IT NOW PIBB IBRX-50 - FUNDO DE ÍNDICE;2023-07-31;501296;1412065992.96;TÍTULOS PÚBLICOS;;;Para negociação;0.00;0.00;0.00;0.00;32.00;434596.23;;;210100;;;;;;;;2025-09-01;;;;
FIIM;06.323.688/0001-27;IT NOW PIBB IBRX-50 - FUNDO DE ÍNDICE;2023-07-31;501296;1412065992.96;TÍTULOS PÚBLICOS;;;Para negociação;0.00;0.00;1.00;13503.55;17.00;230909.12;;;210100;;;;;;;;2025-03-01;;;;
FIIM;06.323.688/0001-27;IT NOW PIBB IBRX-50 - FUNDO DE ÍNDICE;2023-07-31;501296;1412065992.96;TÍTULOS PÚBLICOS;;;Para negociação;0.00;0.00;0.00;0.00;36.00;489086.92;;;210100;;;;;;;;2024-09-01;;;;
FIIM;06.323.688/0001-27;IT NOW PIBB IBRX-50 - FUNDO DE ÍNDICE;2023-07-31;501296;1412065992.96;TÍTULOS PÚBLICOS;;;Para negociação;0.00;0.00;1.00;13495.42;43.00;583102.30;;;210100;;;;;;;;2026-03-01;;;;
FIIM;06.323.688/0001-27;IT NOW PIBB IBRX-50 - FUNDO DE ÍNDICE;2023-07-31;501296;1412065992.96;TÍTULOS PÚBLICOS;;;Para negociação;0.00;0.00;0.00;0.00;30.00;407592.36;;;210100;;;;;;;;2024-03-01;;;;
FIIM;06.323.688/0001-27;IT NOW PIBB IBRX-50 - FUNDO DE ÍNDICE;2023-07-31;501296;1412065992.96;DISPONIBILIDADES;;;Para negociação;;;;;;80428.11;;;DISPONIBILIDADES;;;;;;;;;;;;
FIIM;06.323.688/0001-27;IT NOW PIBB IBRX-50 - FUNDO DE ÍNDICE;2023-07-31;501296;1412065992.96;VALORES A PAGAR;;;Para negociação;;;;;;7223369.34;;;VALORES A PAGAR;;;;;;;;;;;;
FIIM;06.323.688/0001-27;IT NOW PIBB IBRX-50 - FUNDO DE ÍNDICE;2023-07-31;501296;1412065992.96;VALORES A RECEBER;;;Para negociação;;;;;;27603850.46;;;VALORES A RECEBER;;;;;;;;;;;;
FIIM;06.323.688/0001-27;IT NOW PIBB IBRX-50 - FUNDO DE ÍNDICE;2023-07-31;501296;1412065992.96;MERCADO FUTURO - POSIÇÕES COMPRADAS;;;Para negociação;0.00;0.00;0.00;0.00;;406900.00;;;FUTURO IBRX50 - FUT BRI;;;;;;;;;;;;
FIIM;06.323.688/0001-27;IT NOW PIBB IBRX-50 - FUNDO DE ÍNDICE;2023-07-31;501296;1412065992.96;AÇÕES E OUTROS TVM CEDIDOS EM EMPRÉSTIMO;;N;Para negociação;;;;;91910.00;2427343.10;;;MULT3;;;;;;;;2007-07-27;;;;
FIIM;06.323.688/0001-27;IT NOW PIBB IBRX-50 - FUNDO DE ÍNDICE;2023-07-31;501296;1412065992.96;AÇÕES E OUTROS TVM CEDIDOS EM EMPRÉSTIMO;;N;Para negociação;;;;;249632.00;4680600.00;;;LREN3;;;;;;;;1973-07-24;;;;
FIIM;06.323.688/0001-27;IT NOW PIBB IBRX-50 - FUNDO DE ÍNDICE;2023-07-31;501296;1412065992.96;AÇÕES E OUTROS TVM CEDIDOS EM EMPRÉSTIMO;;N;Para negociação;;;;;14098.00;479472.98;;;BPAC11;;;;;;;;2017-02-16;;;;
FIIM;06.323.688/0001-27;IT NOW PIBB IBRX-50 - FUNDO DE ÍNDICE;2023-07-31;501296;1412065992.96;AÇÕES E OUTROS TVM CEDIDOS EM EMPRÉSTIMO;;N;Para negociação;;;;;182040.00;12589886.40;;;VALE3;;;;;;;;1982-02-15;;;;
FIIM;06.323.688/0001-27;IT NOW PIBB IBRX-50 - FUNDO DE ÍNDICE;2023-07-31;501296;1412065992.96;AÇÕES E OUTROS TVM CEDIDOS EM EMPRÉSTIMO;;N;Para negociação;;;;;243905.00;3241497.45;;;CCRO3;;;;;;;;2002-02-01;;;;
FIIM;06.323.688/0001-27;IT NOW PIBB IBRX-50 - FUNDO DE ÍNDICE;2023-07-31;501296;1412065992.96;AÇÕES E OUTROS TVM CEDIDOS EM EMPRÉSTIMO;;N;Para negociação;;;;;262009.00;7663763.25;;;GGBR4;;;;;;;;2001-02-01;;;;
FIIM;06.323.688/0001-27;IT NOW PIBB IBRX-50 - FUNDO DE ÍNDICE;2023-07-31;501296;1412065992.96;AÇÕES E OUTROS TVM CEDIDOS EM EMPRÉSTIMO;;N;Para negociação;;;;;15327.00;611853.84;;;WEGE3;;;;;;;;2004-08-02;;;;
FIIM;06.323.688/0001-27;IT NOW PIBB IBRX-50 - FUNDO DE ÍNDICE;2023-07-31;501296;1412065992.96;AÇÕES E OUTROS TVM CEDIDOS EM EMPRÉSTIMO;;N;Para negociação;;;;;2098.00;70366.92;;;EQTL3;;;;;;;;2006-04-03;;;;
FIIM;06.323.688/0001-27;IT NOW PIBB IBRX-50 - FUNDO DE ÍNDICE;2023-07-31;501296;1412065992.96;AÇÕES E OUTROS TVM CEDIDOS EM EMPRÉSTIMO;;N;Para negociação;;;;;138132.00;6640005.24;;;SUZB3;;;;;;;;2004-08-05;;;;
FIIM;06.323.688/0001-27;IT NOW PIBB IBRX-50 - FUNDO DE ÍNDICE;2023-07-31;501296;1412065992.96;AÇÕES E OUTROS TVM CEDIDOS EM EMPRÉSTIMO;;N;Para negociação;;;;;98329.00;729601.18;;;MRFG3;;;;;;;;2007-06-28;;;;
FIIM;06.323.688/0001-27;IT NOW PIBB IBRX-50 - FUNDO DE ÍNDICE;2023-07-31;501296;1412065992.96;AÇÕES E OUTROS TVM CEDIDOS EM EMPRÉSTIMO;;N;Para negociação;;;;;812048.00;2720360.80;;;MGLU3;;;;;;;;2011-05-02;;;;
FIIM;06.323.688/0001-27;IT NOW PIBB IBRX-50 - FUNDO DE ÍNDICE;2023-07-31;501296;1412065992.96;AÇÕES E OUTROS TVM CEDIDOS EM EMPRÉSTIMO;;N;Para negociação;;;;;490904.00;18973439.60;;;ELET3;;;;;;;;1983-09-01;;;;
FIIM;06.323.688/0001-27;IT NOW PIBB IBRX-50 - FUNDO DE ÍNDICE;2023-07-31;501296;1412065992.96;AÇÕES E OUTROS TVM CEDIDOS EM EMPRÉSTIMO;;N;Para negociação;;;;;552175.00;17178164.25;;;PETR4;;;;;;;;1973-09-18;;;;
FIIM;06.323.688/0001-27;IT NOW PIBB IBRX-50 - FUNDO DE ÍNDICE;2023-07-31;501296;1412065992.96;AÇÕES E OUTROS TVM CEDIDOS EM EMPRÉSTIMO;;N;Para negociação;;;;;66312.00;2063629.44;;;BBSE3;;;;;;;;2013-04-29;;;;
FIIM;06.323.688/0001-27;IT NOW PIBB IBRX-50 - FUNDO DE ÍNDICE;2023-07-31;501296;1412065992.96;AÇÕES E OUTROS TVM CEDIDOS EM EMPRÉSTIMO;;N;Para negociação;;;;;89647.00;904538.23;;;BEEF3;;;;;;;;2007-07-20;;;;
FIIM;06.323.688/0001-27;IT NOW PIBB IBRX-50 - FUNDO DE ÍNDICE;2023-07-31;501296;1412065992.96;AÇÕES E OUTROS TVM CEDIDOS EM EMPRÉSTIMO;;N;Para negociação;;;;;575745.00;2763576.00;;;HAPV3;;;;;;;;2018-04-25;;;;
FIIM;06.323.688/0001-27;IT NOW PIBB IBRX-50 - FUNDO DE ÍNDICE;2023-07-31;501296;1412065992.96;AÇÕES E OUTROS TVM CEDIDOS EM EMPRÉSTIMO;;N;Para negociação;;;;;424377.00;5716358.19;;;ASAI3;;;;;;;;2021-03-01;;;;
FIIM;06.323.688/0001-27;IT NOW PIBB IBRX-50 - FUNDO DE ÍNDICE;2023-07-31;501296;1412065992.96;AÇÕES E OUTROS TVM CEDIDOS EM EMPRÉSTIMO;;N;Para negociação;;;;;15440.00;897064.00;;;SBSP3;;;;;;;;1997-03-11;;;;
FIIM;06.323.688/0001-27;IT NOW PIBB IBRX-50 - FUNDO DE ÍNDICE;2023-07-31;501296;1412065992.96;AÇÕES E OUTROS TVM CEDIDOS EM EMPRÉSTIMO;;N;Para negociação;;;;;108574.00;760018.00;;;PETZ3;;;;;;;;2020-09-11;;;;
FIIM;06.323.688/0001-27;IT NOW PIBB IBRX-50 - FUNDO DE ÍNDICE;2023-07-31;501296;1412065992.96;AÇÕES E OUTROS TVM CEDIDOS EM EMPRÉSTIMO;;N;Para negociação;;;;;332504.00;6244425.12;;;JBSS3;;;;;;;;2007-03-29;;;;
FIIM;06.323.688/0001-27;IT NOW PIBB IBRX-50 - FUNDO DE ÍNDICE;2023-07-31;501296;1412065992.96;AÇÕES E OUTROS TVM CEDIDOS EM EMPRÉSTIMO;;N;Para negociação;;;;;83653.00;3649780.39;;;ELET6;;;;;;;;1974-11-13;;;;
FIIM;06.323.688/0001-27;IT NOW PIBB IBRX-50 - FUNDO DE ÍNDICE;2023-07-31;501296;1412065992.96;AÇÕES E OUTROS TVM CEDIDOS EM EMPRÉSTIMO;;N;Para negociação;;;;;66414.00;841465.38;;;CMIG4;;;;;;;;1973-08-20;;;;
FIIM;06.323.688/0001-27;IT NOW PIBB IBRX-50 - FUNDO DE ÍNDICE;2023-07-31;501296;1412065992.96;AÇÕES E OUTROS TVM CEDIDOS EM EMPRÉSTIMO;;S;Para negociação;;;;;181156.00;1778951.92;;;ITSA4;;;;;;;;1973-09-17;;;;
FIIM;06.323.688/0001-27;IT NOW PIBB IBRX-50 - FUNDO DE ÍNDICE;2023-07-31;501296;1412065992.96;AÇÕES E OUTROS TVM CEDIDOS EM EMPRÉSTIMO;;N;Para negociação;;;;;343853.00;12378708.00;;;RDOR3;;;;;;;;2020-12-10;;;;
FIIM;06.323.688/0001-27;IT NOW PIBB IBRX-50 - FUNDO DE ÍNDICE;2023-07-31;501296;1412065992.96;AÇÕES E OUTROS TVM CEDIDOS EM EMPRÉSTIMO;;N;Para negociação;;;;;209672.00;4822456.00;;;KLBN11;;;;;;;;2014-01-10;;;;
FIIM;06.323.688/0001-27;IT NOW PIBB IBRX-50 - FUNDO DE ÍNDICE;2023-07-31;501296;1412065992.96;AÇÕES E OUTROS TVM CEDIDOS EM EMPRÉSTIMO;;N;Para negociação;;;;;132362.00;3913944.34;;;TOTS3;;;;;;;;2006-03-09;;;;
FIIM;06.323.688/0001-27;IT NOW PIBB IBRX-50 - FUNDO DE ÍNDICE;2023-07-31;501296;1412065992.96;AÇÕES E OUTROS TVM CEDIDOS EM EMPRÉSTIMO;;N;Para negociação;;;;;331568.00;15978261.92;;;BBAS3;;;;;;;;1973-05-31;;;;
FIIM;06.323.688/0001-27;IT NOW PIBB IBRX-50 - FUNDO DE ÍNDICE;2023-07-31;501296;1412065992.96;AÇÕES E OUTROS TVM CEDIDOS EM EMPRÉSTIMO;;N;Para negociação;;;;;1445510.00;24082196.60;;;BBDC4;;;;;;;;1973-12-06;;;;
FIIM;06.323.688/0001-27;IT NOW PIBB IBRX-50 - FUNDO DE ÍNDICE;2023-07-31;501296;1412065992.96;AÇÕES E OUTROS TVM CEDIDOS EM EMPRÉSTIMO;;N;Para negociação;;;;;166342.00;11181509.24;;;RENT3;;;;;;;;2005-05-23;;;;
FIIM;06.323.688/0001-27;IT NOW PIBB IBRX-50 - FUNDO DE ÍNDICE;2023-07-31;501296;1412065992.96;AÇÕES E OUTROS TVM CEDIDOS EM EMPRÉSTIMO;;N;Para negociação;;;;;27047.00;463315.11;;;VBBR3;;;;;;;;2021-10-22;;;;
FIIM;06.323.688/0001-27;IT NOW PIBB IBRX-50 - FUNDO DE ÍNDICE;2023-07-31;501296;1412065992.96;AÇÕES E OUTROS TVM CEDIDOS EM EMPRÉSTIMO;;N;Para negociação;;;;;323091.00;4814055.90;;;B3SA3;;;;;;;;2018-03-26;;;;
FIIM;06.323.688/0001-27;IT NOW PIBB IBRX-50 - FUNDO DE ÍNDICE;2023-07-31;501296;1412065992.96;AÇÕES E OUTROS TVM CEDIDOS EM EMPRÉSTIMO;;N;Para negociação;;;;;1501349.00;22310046.14;;;ABEV3;;;;;;;;2013-11-11;;;;
FIIM;06.323.688/0001-27;IT NOW PIBB IBRX-50 - FUNDO DE ÍNDICE;2023-07-31;501296;1412065992.96;AÇÕES E OUTROS TVM CEDIDOS EM EMPRÉSTIMO;;N;Para negociação;;;;;126302.00;2337850.02;;;EMBR3;;;;;;;;1989-08-28;;;;
FIIM;06.323.688/0001-27;IT NOW PIBB IBRX-50 - FUNDO DE ÍNDICE;2023-07-31;501296;1412065992.96;AÇÕES E OUTROS TVM CEDIDOS EM EMPRÉSTIMO;;N;Para negociação;;;;;543032.00;1172949.12;;;VIIA3;;;;;;;;2021-08-16;;;;
FIIM;06.323.688/0001-27;IT NOW PIBB IBRX-50 - FUNDO DE ÍNDICE;2023-07-31;501296;1412065992.96;AÇÕES E OUTROS TVM CEDIDOS EM EMPRÉSTIMO;;N;Para negociação;;;;;254888.00;4656803.76;;;NTCO3;;;;;;;;2019-12-18;;;;
FIIM;06.323.688/0001-27;IT NOW PIBB IBRX-50 - FUNDO DE ÍNDICE;2023-07-31;501296;1412065992.96;AÇÕES E OUTROS TVM CEDIDOS EM EMPRÉSTIMO;;N;Para negociação;;;;;878315.00;30574145.15;;;PETR3;;;;;;;;1973-09-18;;;;
FIIM;06.323.688/0001-27;IT NOW PIBB IBRX-50 - FUNDO DE ÍNDICE;2023-07-31;501296;1412065992.96;AÇÕES E OUTROS TVM CEDIDOS EM EMPRÉSTIMO;;N;Para negociação;;;;;348207.00;1643537.04;;;CIEL3;;;;;;;;2009-12-18;;;;
FIIM;06.323.688/0001-27;IT NOW PIBB IBRX-50 - FUNDO DE ÍNDICE;2023-07-31;501296;1412065992.96;AÇÕES E OUTROS TVM CEDIDOS EM EMPRÉSTIMO;;N;Para negociação;;;;;91322.00;2175290.04;;;CYRE3;;;;;;;;1996-05-27;;;;
FIIM;06.323.688/0001-27;IT NOW PIBB IBRX-50 - FUNDO DE ÍNDICE;2023-07-31;501296;1412065992.96;AÇÕES E OUTROS TVM CEDIDOS EM EMPRÉSTIMO;;N;Para negociação;;;;;148016.00;3439891.84;;;RAIL3;;;;;;;;2017-03-13;;;;
FIIM;06.323.688/0001-27;IT NOW PIBB IBRX-50 - FUNDO DE ÍNDICE;2023-07-31;501296;1412065992.96;AÇÕES E OUTROS TVM CEDIDOS EM EMPRÉSTIMO;;N;Para negociação;;;;;51696.00;1837792.80;;;RRRP3;;;;;;;;2020-11-12;;;;
FIIM;06.323.688/0001-27;IT NOW PIBB IBRX-50 - FUNDO DE ÍNDICE;2023-07-31;501296;1412065992.96;AÇÕES E OUTROS TVM CEDIDOS EM EMPRÉSTIMO;;N;Para negociação;;;;;520896.00;6964379.52;;;ENEV3;;;;;;;;2013-10-22;;;;
FIIM;06.323.688/0001-27;IT NOW PIBB IBRX-50 - FUNDO DE ÍNDICE;2023-07-31;501296;1412065992.96;AÇÕES E OUTROS TVM CEDIDOS EM EMPRÉSTIMO;;N;Para negociação;;;;;67320.00;2912263.20;;;HYPE3;;;;;;;;2008-04-18;;;;
FIIM;06.323.688/0001-27;IT NOW PIBB IBRX-50 - FUNDO DE ÍNDICE;2023-07-31;501296;1412065992.96;AÇÕES E OUTROS TVM CEDIDOS EM EMPRÉSTIMO;;N;Para negociação;;;;;172254.00;3434744.76;;;CSAN3;;;;;;;;2005-11-18;;;;
FIIM;06.323.688/0001-27;IT NOW PIBB IBRX-50 - FUNDO DE ÍNDICE;2023-07-31;501296;1412065992.96;AÇÕES E OUTROS TVM CEDIDOS EM EMPRÉSTIMO;;N;Para negociação;;;;;153040.00;1106479.20;;;USIM5;;;;;;;;1999-02-02;;;;
FIIM;06.323.688/0001-27;IT NOW PIBB IBRX-50 - FUNDO DE ÍNDICE;2023-07-31;501296;1412065992.96;AÇÕES E OUTROS TVM CEDIDOS EM EMPRÉSTIMO;;N;Para negociação;;;;;106951.00;1043841.76;;;BRFS3;;;;;;;;2009-12-10;;;;
FIIM;06.323.688/0001-27;IT NOW PIBB IBRX-50 - FUNDO DE ÍNDICE;2023-07-31;501296;1412065992.96;AÇÕES E OUTROS TVM CEDIDOS EM EMPRÉSTIMO;;N;Para negociação;;;;;376592.00;10909870.24;;;RADL3;;;;;;;;2011-12-19;;;;
FIIM;06.323.688/0001-27;IT NOW PIBB IBRX-50 - FUNDO DE ÍNDICE;2023-07-31;501296;1412065992.96;AÇÕES E OUTROS TVM CEDIDOS EM EMPRÉSTIMO;;N;Para negociação;;;;;193780.00;8840243.60;;;PRIO3;;;;;;;;2015-06-26;;;;
FIIM;06.323.688/0001-27;IT NOW PIBB IBRX-50 - FUNDO DE ÍNDICE;2023-07-31;501296;1412065992.96;AÇÕES E OUTROS TVM CEDIDOS EM EMPRÉSTIMO;;N;Para negociação;;;;;176805.00;2446981.20;;;CSNA3;;;;;;;;1993-08-02;;;;
FIIM;06.323.688/0001-27;IT NOW PIBB IBRX-50 - FUNDO DE ÍNDICE;2023-07-31;501296;1412065992.96;AÇÕES E OUTROS TVM CEDIDOS EM EMPRÉSTIMO;;N;Para negociação;;;;;81276.00;1438585.20;;;AZUL4;;;;;;;;2017-04-11;;;;
FIIM;06.323.688/0001-27;IT NOW PIBB IBRX-50 - FUNDO DE ÍNDICE;2023-07-31;501296;1412065992.96;AÇÕES E OUTROS TVM CEDIDOS EM EMPRÉSTIMO;;S;Para negociação;;;;;89766.00;2570898.24;;;ITUB4;;;;;;;;2009-05-20;;;;
FIIM;06.323.688/0001-27;IT NOW PIBB IBRX-50 - FUNDO DE ÍNDICE;2023-07-31;501296;1412065992.96;CERTIFICADO OU RECIBO DE DEPÓSITO DE VALORES MOBILIÁRIOS;;N;Para negociação;0.00;0.00;0.00;0.00;292373.00;6724579.00;;;KLBN11;;;;;;;;2014-01-10;;;;
FIIM;06.323.688/0001-27;IT NOW PIBB IBRX-50 - FUNDO DE ÍNDICE;2023-07-31;501296;1412065992.96;CERTIFICADO OU RECIBO DE DEPÓSITO DE VALORES MOBILIÁRIOS;;N;Para negociação;0.00;0.00;0.00;0.00;862417.00;29330802.17;;;BPAC11;;;;;;;;2017-02-16;;;;
FIIM;10.406.511/0001-61;ISHARES IBOVESPA FUNDO DE ÍNDICE;2023-07-31;502251;14168181104.18;AÇÕES;Ação ordinária;N;Para negociação;230828.00;10366114.76;240922.00;10764675.54;1016227.00;44754637.08;;;EGIE3;;;;;;;;2016-07-21;;;;
FIIM;10.406.511/0001-61;ISHARES IBOVESPA FUNDO DE ÍNDICE;2023-07-31;502251;14168181104.18;AÇÕES;Ação ordinária;N;Para negociação;1100288.00;25732855.05;1148293.00;25927561.35;6980942.00;162237092.08;;;RAIL3;;;;;;;;2017-03-13;;;;
FIIM;10.406.511/0001-61;ISHARES IBOVESPA FUNDO DE ÍNDICE;2023-07-31;502251;14168181104.18;AÇÕES;Ação ordinária;N;Para negociação;3970389.00;59770154.36;4143507.00;61274510.52;11757625.00;174718307.50;;;ABEV3;;;;;;;;2013-11-11;;;;
FIIM;10.406.511/0001-61;ISHARES IBOVESPA FUNDO DE ÍNDICE;2023-07-31;502251;14168181104.18;AÇÕES;Ação ordinária;N;Para negociação;991274.00;4223481.91;1053256.00;4417263.35;3633781.00;16170325.45;;;CMIN3;;;;;;;;2021-05-03;;;;
FIIM;10.406.511/0001-61;ISHARES IBOVESPA FUNDO DE ÍNDICE;2023-07-31;502251;14168181104.18;AÇÕES;Ação ordinária;N;Para negociação;5189466.00;77515778.94;5415646.00;77945936.62;34608582.00;515667871.80;;;B3SA3;;;;;;;;2018-03-26;;;;
FIIM;10.406.511/0001-61;ISHARES IBOVESPA FUNDO DE ÍNDICE;2023-07-31;502251;14168181104.18;AÇÕES;Ação ordinária;N;Para negociação;664759.00;11978327.14;693776.00;12382893.43;3616937.00;66949503.87;;;EMBR3;;;;;;;;1989-08-28;;;;
FIIM;10.406.511/0001-61;ISHARES IBOVESPA FUNDO DE ÍNDICE;2023-07-31;502251;14168181104.18;AÇÕES;Ação ordinária;N;Para negociação;97712.00;4083561.23;100511.00;4094647.25;529201.00;23099623.65;;;SLCE3;;;;;;;;2007-06-15;;;;
FIIM;10.406.511/0001-61;ISHARES IBOVESPA FUNDO DE ÍNDICE;2023-07-31;502251;14168181104.18;AÇÕES;Ação ordinária;N;Para negociação;903506.00;12216942.73;942974.00;12762899.81;6476782.00;86076432.78;;;CCRO3;;;;;;;;2002-02-01;;;;
FIIM;10.406.511/0001-61;ISHARES IBOVESPA FUNDO DE ÍNDICE;2023-07-31;502251;14168181104.18;AÇÕES;Ação ordinária;N;Para negociação;83640.00;1682008.05;86190.00;1687898.55;209445.00;4551239.85;;;EZTC3;;;;;;;;2007-06-22;;;;
FIIM;10.406.511/0001-61;ISHARES IBOVESPA FUNDO DE ÍNDICE;2023-07-31;502251;14168181104.18;AÇÕES;Ação ordinária;N;Para negociação;1285847.00;61891802.04;1341965.00;64573454.64;6411030.00;308947535.70;;;BBAS3;;;;;;;;1973-05-31;;;;
FIIM;10.406.511/0001-61;ISHARES IBOVESPA FUNDO DE ÍNDICE;2023-07-31;502251;14168181104.18;AÇÕES;Ação ordinária;N;Para negociação;2610527.00;8083619.97;2714778.00;8228333.86;12084803.00;40484090.05;;;MGLU3;;;;;;;;2011-05-02;;;;
FIIM;10.406.511/0001-61;ISHARES IBOVESPA FUNDO DE ÍNDICE;2023-07-31;502251;14168181104.18;AÇÕES;Ação ordinária;N;Para negociação;1008505.00;17595288.10;1052622.00;18472534.02;5791974.00;99216514.62;;;VBBR3;;;;;;;;2021-10-22;;;;
FIIM;10.406.511/0001-61;ISHARES IBOVESPA FUNDO DE ÍNDICE;2023-07-31;502251;14168181104.18;AÇÕES;Ação ordinária;N;Para negociação;263902.00;5480349.45;279454.00;5458551.20;1707534.00;37890179.46;;;YDUQ3;;;;;;;;2019-07-23;;;;
FIIM;10.406.511/0001-61;ISHARES IBOVESPA FUNDO DE ÍNDICE;2023-07-31;502251;14168181104.18;AÇÕES;Ação ordinária;N;Para negociação;299136.00;1908132.00;308256.00;2013002.88;918703.00;6430921.00;;;PETZ3;;;;;;;;2020-09-11;;;;
FIIM;10.406.511/0001-61;ISHARES IBOVESPA FUNDO DE ÍNDICE;2023-07-31;502251;14168181104.18;AÇÕES;Ação ordinária;N;Para negociação;991208.00;34652752.33;1034495.00;33331246.05;5106625.00;183838500.00;;;RDOR3;;;;;;;;2021-06-25;;;;
FIIM;10.406.511/0001-61;ISHARES IBOVESPA FUNDO DE ÍNDICE;2023-07-31;502251;14168181104.18;AÇÕES;Ação ordinária;N;Para negociação;752964.00;51952514.85;1223678.00;84895949.27;5213658.00;350462090.76;;;RENT3;;;;;;;;2005-05-23;;;;
FIIM;10.406.511/0001-61;ISHARES IBOVESPA FUNDO DE ÍNDICE;2023-07-31;502251;14168181104.18;AÇÕES;Ação ordinária;N;Para negociação;385877.00;6062911.81;399195.00;6241541.25;2505716.00;40367084.76;;;FLRY3;;;;;;;;2009-12-17;;;;
FIIM;10.406.511/0001-61;ISHARES IBOVESPA FUNDO DE ÍNDICE;2023-07-31;502251;14168181104.18;AÇÕES;Ação ordinária;N;Para negociação;1053468.00;30071280.10;1099404.00;31216371.99;6198673.00;179575556.81;;;RADL3;;;;;;;;2011-12-19;;;;
FIIM;10.406.511/0001-61;ISHARES IBOVESPA FUNDO DE ÍNDICE;2023-07-31;502251;14168181104.18;AÇÕES;Ação ordinária;N;Para negociação;1593741.00;37819473.93;0.00;0.00;0.00;0.00;;;ENBR3;;;;;;;;2005-07-13;;;;
FIIM;10.406.511/0001-61;ISHARES IBOVESPA FUNDO DE ÍNDICE;2023-07-31;502251;14168181104.18;AÇÕES;Ação ordinária;N;Para negociação;307518.00;17103195.64;321089.00;17653743.88;2188256.00;127137673.60;;;SBSP3;;;;;;;;1997-03-11;;;;
FIIM;10.406.511/0001-61;ISHARES IBOVESPA FUNDO DE ÍNDICE;2023-07-31;502251;14168181104.18;AÇÕES;Ação ordinária;N;Para negociação;481782.00;11888257.89;502865.00;12449157.88;3356105.00;81586912.55;;;ALSO3;;;;;;;;2019-08-06;;;;
FIIM;10.406.511/0001-61;ISHARES IBOVESPA FUNDO DE ÍNDICE;2023-07-31;502251;14168181104.18;AÇÕES;Ação ordinária;N;Para negociação;127828.00;4258925.90;135519.00;4521470.57;909546.00;30442504.62;;;SMTO3;;;;;;;;2007-02-12;;;;
FIIM;10.406.511/0001-61;ISHARES IBOVESPA FUNDO DE ÍNDICE;2023-07-31;502251;14168181104.18;AÇÕES;Ação ordinária;N;Para negociação;998271.00;33698431.72;1047916.00;34586897.07;5880884.00;197244849.36;;;EQTL3;;;;;;;;2006-04-03;;;;
FIIM;10.406.511/0001-61;ISHARES IBOVESPA FUNDO DE ÍNDICE;2023-07-31;502251;14168181104.18;AÇÕES;Ação ordinária;N;Para negociação;1659090.00;5627102.07;1714681.00;5542116.31;10751463.00;36017401.05;;;COGN3;;;;;;;;2019-10-11;;;;
FIIM;10.406.511/0001-61;ISHARES IBOVESPA FUNDO DE ÍNDICE;2023-07-31;502251;14168181104.18;AÇÕES;Ação ordinária;N;Para negociação;759442.00;33455392.59;792624.00;32758830.29;4675526.00;213297496.12;;;PRIO3;;;;;;;;2015-06-26;;;;
FIIM;10.406.511/0001-61;ISHARES IBOVESPA FUNDO DE ÍNDICE;2023-07-31;502251;14168181104.18;AÇÕES;Ação ordinária;N;Para negociação;171363.00;6087347.07;177320.00;6302906.67;1171327.00;41910080.06;;;CPFE3;;;;;;;;2004-09-29;;;;
FIIM;10.406.511/0001-61;ISHARES IBOVESPA FUNDO DE ÍNDICE;2023-07-31;502251;14168181104.18;AÇÕES;Ação ordinária;N;Para negociação;1477342.00;3049887.02;1516640.00;3024885.24;6162746.00;13311531.36;;;VIIA3;;;;;;;;2021-08-16;;;;
FIIM;10.406.511/0001-61;ISHARES IBOVESPA FUNDO DE ÍNDICE;2023-07-31;502251;14168181104.18;AÇÕES;Ação ordinária;N;Para negociação;282634.00;3814640.65;817971.00;11238754.00;1897812.00;26379586.80;;;MRVE3;;;;;;;;2007-07-23;;;;
FIIM;10.406.511/0001-61;ISHARES IBOVESPA FUNDO DE ÍNDICE;2023-07-31;502251;14168181104.18;AÇÕES;Ação ordinária;N;Para negociação;1077770.00;13887805.26;1124750.00;14597483.29;5496754.00;74041276.38;;;ASAI3;;;;;;;;2021-03-01;;;;
FIIM;10.406.511/0001-61;ISHARES IBOVESPA FUNDO DE ÍNDICE;2023-07-31;502251;14168181104.18;AÇÕES;Ação ordinária;N;Para negociação;1059780.00;20847309.03;1106064.00;21271526.27;5001278.00;99725483.32;;;CSAN3;;;;;;;;2005-11-18;;;;
FIIM;10.406.511/0001-61;ISHARES IBOVESPA FUNDO DE ÍNDICE;2023-07-31;502251;14168181104.18;AÇÕES;Ação ordinária;N;Para negociação;2707138.00;90658982.14;2825096.00;93070935.89;14368072.00;500152586.32;;;PETR3;;;;;;;;1973-09-18;;;;
FIIM;10.406.511/0001-61;ISHARES IBOVESPA FUNDO DE ÍNDICE;2023-07-31;502251;14168181104.18;AÇÕES;Ação ordinária;N;Para negociação;449963.00;5051745.10;463370.00;5172199.65;1961317.00;22045203.08;;;SOMA3;;;;;;;;2020-07-31;;;;
FIIM;10.406.511/0001-61;ISHARES IBOVESPA FUNDO DE ÍNDICE;2023-07-31;502251;14168181104.18;AÇÕES;Ação ordinária;N;Para negociação;384750.00;2869676.49;412267.00;3268428.22;1929999.00;14301292.59;;;LWSA3;;;;;;;;2020-02-06;;;;
FIIM;10.406.511/0001-61;ISHARES IBOVESPA FUNDO DE ÍNDICE;2023-07-31;502251;14168181104.18;AÇÕES;Ação ordinária;N;Para negociação;3652924.00;251432388.36;3812125.00;257980251.64;21163172.00;1463644975.52;;;VALE3;;;;;;;;1982-02-15;;;;
FIIM;10.406.511/0001-61;ISHARES IBOVESPA FUNDO DE ÍNDICE;2023-07-31;502251;14168181104.18;AÇÕES;Ação ordinária;N;Para negociação;731599.00;10376662.55;763527.00;10764658.05;3437159.00;49288860.06;;;TIMS3;;;;;;;;2020-10-13;;;;
FIIM;10.406.511/0001-61;ISHARES IBOVESPA FUNDO DE ÍNDICE;2023-07-31;502251;14168181104.18;AÇÕES;Ação ordinária;N;Para negociação;984541.00;18859827.27;1027599.00;19933483.78;5152194.00;97324944.66;;;UGPA3;;;;;;;;1999-10-13;;;;
FIIM;10.406.511/0001-61;ISHARES IBOVESPA FUNDO DE ÍNDICE;2023-07-31;502251;14168181104.18;AÇÕES;Ação ordinária;N;Para negociação;260104.00;1838951.14;268034.00;1972619.22;1161657.00;8619494.94;;;MRFG3;;;;;;;;2007-06-28;;;;
FIIM;10.406.511/0001-61;ISHARES IBOVESPA FUNDO DE ÍNDICE;2023-07-31;502251;14168181104.18;AÇÕES;Ação ordinária;N;Para negociação;1027156.00;18496726.78;1072023.00;19709443.02;5782161.00;108588983.58;;;JBSS3;;;;;;;;2007-03-29;;;;
FIIM;10.406.511/0001-61;ISHARES IBOVESPA FUNDO DE ÍNDICE;2023-07-31;502251;14168181104.18;AÇÕES;Ação ordinária;N;Para negociação;362666.00;16164692.79;378634.00;17001982.81;1773804.00;76734761.04;;;HYPE3;;;;;;;;2008-04-18;;;;
FIIM;10.406.511/0001-61;ISHARES IBOVESPA FUNDO DE ÍNDICE;2023-07-31;502251;14168181104.18;AÇÕES;Ação ordinária;N;Para negociação;464917.00;13716631.56;485253.00;14385875.62;3343126.00;98856235.82;;;TOTS3;;;;;;;;2006-03-09;;;;
FIIM;10.406.511/0001-61;ISHARES IBOVESPA FUNDO DE ÍNDICE;2023-07-31;502251;14168181104.18;AÇÕES;Ação ordinária;N;Para negociação;212997.00;7379738.85;221497.00;7191961.63;911475.00;32402936.25;;;RRRP3;;;;;;;;2020-11-12;;;;
FIIM;10.406.511/0001-61;ISHARES IBOVESPA FUNDO DE ÍNDICE;2023-07-31;502251;14168181104.18;AÇÕES;Ação ordinária;N;Para negociação;247342.00;2419206.44;252759.00;2512952.79;1386105.00;13985799.45;;;BEEF3;;;;;;;;2007-07-20;;;;
FIIM;10.406.511/0001-61;ISHARES IBOVESPA FUNDO DE ÍNDICE;2023-07-31;502251;14168181104.18;AÇÕES;Ação ordinária;N;Para negociação;60680.00;488198.35;62530.00;492327.55;319897.00;3176577.21;;;CASH3;;;;;;;;2020-11-05;;;;
FIIM;10.406.511/0001-61;ISHARES IBOVESPA FUNDO DE ÍNDICE;2023-07-31;502251;14168181104.18;AÇÕES;Ação ordinária;N;Para negociação;1428139.00;18219371.71;1490457.00;18323860.26;8672126.00;115946324.62;;;ENEV3;;;;;;;;2013-10-22;;;;
FIIM;10.406.511/0001-61;ISHARES IBOVESPA FUNDO DE ÍNDICE;2023-07-31;502251;14168181104.18;AÇÕES;Ação ordinária;N;Para negociação;1358086.00;20111752.37;1417323.00;20583396.26;8513575.00;126426588.75;;;BBDC3;;;;;;;;1973-12-06;;;;
FIIM;10.406.511/0001-61;ISHARES IBOVESPA FUNDO DE ÍNDICE;2023-07-31;502251;14168181104.18;AÇÕES;Ação ordinária;N;Para negociação;1140890.00;44893336.60;1190700.00;43586153.98;7482817.00;298714054.64;;;WEGE3;;;;;;;;2004-08-02;;;;
FIIM;10.406.511/0001-61;ISHARES IBOVESPA FUNDO DE ÍNDICE;2023-07-31;502251;14168181104.18;AÇÕES;Ação ordinária;N;Para negociação;536736.00;7000022.44;556963.00;7101403.33;2885803.00;39939513.52;;;CSNA3;;;;;;;;1993-08-02;;;;
FIIM;10.406.511/0001-61;ISHARES IBOVESPA FUNDO DE ÍNDICE;2023-07-31;502251;14168181104.18;AÇÕES;Ação ordinária;N;Para negociação;243171.00;6477583.81;252032.00;6791062.42;1632044.00;43102282.04;;;MULT3;;;;;;;;2007-07-27;;;;
FIIM;10.406.511/0001-61;ISHARES IBOVESPA FUNDO DE ÍNDICE;2023-07-31;502251;14168181104.18;AÇÕES;Ação ordinária;N;Para negociação;977544.00;4671407.94;1035769.00;4709047.19;4179771.00;19728519.12;;;CIEL3;;;;;;;;2009-12-18;;;;
FIIM;10.406.511/0001-61;ISHARES IBOVESPA FUNDO DE ÍNDICE;2023-07-31;502251;14168181104.18;AÇÕES;Ação ordinária;N;Para negociação;72442.00;3254733.63;77206.00;3895064.82;189525.00;7793268.00;;;IRBR3;;;;;;;;2017-07-31;;;;
FIIM;10.406.511/0001-61;ISHARES IBOVESPA FUNDO DE ÍNDICE;2023-07-31;502251;14168181104.18;AÇÕES;Ação ordinária;N;Para negociação;373260.00;1165659.08;1464723.00;4906267.89;2878999.00;8579417.02;;;CVCB3;;;;;;;;2013-12-09;;;;
FIIM;10.406.511/0001-61;ISHARES IBOVESPA FUNDO DE ÍNDICE;2023-07-31;502251;14168181104.18;AÇÕES;Ação ordinária;N;Para negociação;471716.00;5350421.49;499459.00;5562549.46;2093773.00;28726565.56;;;CRFB3;;;;;;;;2017-07-20;;;;
FIIM;10.406.511/0001-61;ISHARES IBOVESPA FUNDO DE ÍNDICE;2023-07-31;502251;14168181104.18;AÇÕES;Ação ordinária;N;Para negociação;657682.00;29604474.32;686484.00;30532093.20;3070270.00;147587878.90;;;SUZB3;;;;;;;;2004-08-05;;;;
FIIM;10.406.511/0001-61;ISHARES IBOVESPA FUNDO DE ÍNDICE;2023-07-31;502251;14168181104.18;AÇÕES;Ação ordinária;N;Para negociação;1827267.00;70887791.41;1907001.00;73530898.85;7722388.00;298470296.20;;;ELET3;;;;;;;;1983-09-01;;;;
FIIM;10.406.511/0001-61;ISHARES IBOVESPA FUNDO DE ÍNDICE;2023-07-31;502251;14168181104.18;AÇÕES;Ação ordinária;N;Para negociação;147345.00;3139541.72;151091.00;3222319.55;779964.00;16145254.80;;;PCAR3;;;;;;;;1995-10-03;;;;
FIIM;10.406.511/0001-61;ISHARES IBOVESPA FUNDO DE ÍNDICE;2023-07-31;502251;14168181104.18;AÇÕES;Ação ordinária;N;Para negociação;244550.00;5466829.89;258939.00;5567807.53;1176877.00;28033210.14;;;CYRE3;;;;;;;;1996-05-27;;;;
FIIM;10.406.511/0001-61;ISHARES IBOVESPA FUNDO DE ÍNDICE;2023-07-31;502251;14168181104.18;AÇÕES;Ação ordinária;N;Para negociação;382767.00;15874852.51;399522.00;16438390.95;1975930.00;83206412.30;;;VIVT3;;;;;;;;2011-10-06;;;;
FIIM;10.406.511/0001-61;ISHARES IBOVESPA FUNDO DE ÍNDICE;2023-07-31;502251;14168181104.18;AÇÕES;Ação ordinária;N;Para negociação;1040796.00;9092163.09;5027517.00;43722281.20;10892373.00;106309560.48;;;BRFS3;;;;;;;;2009-12-10;;;;
FIIM;10.406.511/0001-61;ISHARES IBOVESPA FUNDO DE ÍNDICE;2023-07-31;502251;14168181104.18;AÇÕES;Ação ordinária;N;Para negociação;54074.00;4411046.73;57339.00;4593122.02;246172.00;20284572.80;;;ARZZ3;;;;;;;;2011-02-02;;;;
FIIM;10.406.511/0001-61;ISHARES IBOVESPA FUNDO DE ÍNDICE;2023-07-31;502251;14168181104.18;AÇÕES;Ação ordinária;N;Para negociação;607832.00;18895078.99;634401.00;19543714.41;4353371.00;135476905.52;;;BBSE3;;;;;;;;2013-04-29;;;;
FIIM;10.406.511/0001-61;ISHARES IBOVESPA FUNDO DE ÍNDICE;2023-07-31;502251;14168181104.18;AÇÕES;Ação ordinária;N;Para negociação;3913802.00;17070972.98;4084446.00;17433408.89;21138003.00;101462414.40;;;HAPV3;;;;;;;;2018-04-25;;;;
FIIM;10.406.511/0001-61;ISHARES IBOVESPA FUNDO DE ÍNDICE;2023-07-31;502251;14168181104.18;AÇÕES;Ação ordinária;N;Para negociação;759145.00;13145300.85;792340.00;12877914.73;3753260.00;68572060.20;;;NTCO3;;;;;;;;2019-12-18;;;;
FIIM;10.406.511/0001-61;ISHARES IBOVESPA FUNDO DE ÍNDICE;2023-07-31;502251;14168181104.18;AÇÕES;Ação ordinária;N;Para negociação;244360.00;1911401.80;251810.00;1956563.70;1183538.00;9906213.06;;;DXCO3;;;;;;;;2021-08-19;;;;
FIIM;10.406.511/0001-61;ISHARES IBOVESPA FUNDO DE ÍNDICE;2023-07-31;502251;14168181104.18;AÇÕES;Ação ordinária;N;Para negociação;860218.00;16143723.73;897875.00;16631212.23;5062341.00;94918893.75;;;LREN3;;;;;;;;1973-07-24;;;;
FIIM;10.406.511/0001-61;ISHARES IBOVESPA FUNDO DE ÍNDICE;2023-07-31;502251;14168181104.18;AÇÕES;Ação preferencial;N;Para negociação;478724.00;3511545.73;491565.00;3658183.91;2015386.00;14571240.78;;;USIM5;;;;;;;;1999-02-02;;;;
FIIM;10.406.511/0001-61;ISHARES IBOVESPA FUNDO DE ÍNDICE;2023-07-31;502251;14168181104.18;AÇÕES;Ação preferencial;N;Para negociação;193848.00;2050279.47;199758.00;2115265.83;741487.00;7140519.81;;;GOLL4;;;;;;;;2004-06-24;;;;
FIIM;10.406.511/0001-61;ISHARES IBOVESPA FUNDO DE ÍNDICE;2023-07-31;502251;14168181104.18;AÇÕES;Ação preferencial;N;Para negociação;1414943.00;11529886.08;1476662.00;12017215.76;6277173.00;52477166.28;;;CPLE6;;;;;;;;1996-11-14;;;;
FIIM;10.406.511/0001-61;ISHARES IBOVESPA FUNDO DE ÍNDICE;2023-07-31;502251;14168181104.18;AÇÕES;Ação preferencial;N;Para negociação;292110.00;5439537.69;309338.00;5594082.38;1286595.00;22772731.50;;;AZUL4;;;;;;;;2017-04-11;;;;
FIIM;10.406.511/0001-61;ISHARES IBOVESPA FUNDO DE ÍNDICE;2023-07-31;502251;14168181104.18;AÇÕES;Ação preferencial;N;Para negociação;180400.00;1649774.50;185900.00;1652315.50;490278.00;4721377.14;;;ALPA4;;;;;;;;1973-03-19;;;;
FIIM;10.406.511/0001-61;ISHARES IBOVESPA FUNDO DE ÍNDICE;2023-07-31;502251;14168181104.18;AÇÕES;Ação preferencial;N;Para negociação;1071306.00;4555438.81;1134804.00;4719317.81;4991134.00;20763117.44;;;RAIZ4;;;;;;;;2021-08-05;;;;
FIIM;10.406.511/0001-61;ISHARES IBOVESPA FUNDO DE ÍNDICE;2023-07-31;502251;14168181104.18;AÇÕES;Ação preferencial;N;Para negociação;241927.00;6144584.92;250317.00;6536891.73;1163394.00;29550207.60;;;BRKM5;;;;;;;;2002-09-02;;;;
FIIM;10.406.511/0001-61;ISHARES IBOVESPA FUNDO DE ÍNDICE;2023-07-31;502251;14168181104.18;AÇÕES;Ação preferencial;N;Para negociação;989289.00;27415238.75;1032438.00;27784328.88;4279774.00;125183389.50;;;GGBR4;;;;;;;;2001-02-01;;;;
FIIM;10.406.511/0001-61;ISHARES IBOVESPA FUNDO DE ÍNDICE;2023-07-31;502251;14168181104.18;AÇÕES;Ação preferencial;N;Para negociação;4133284.00;123702627.59;4313466.00;126677832.42;25719630.00;800137689.30;;;PETR4;;;;;;;;1973-09-18;;;;
FIIM;10.406.511/0001-61;ISHARES IBOVESPA FUNDO DE ÍNDICE;2023-07-31;502251;14168181104.18;AÇÕES;Ação preferencial;N;Para negociação;223886.00;5168093.26;237088.00;5368961.59;1370910.00;32202675.90;;;BRAP4;;;;;;;;2000-08-10;;;;
FIIM;10.406.511/0001-61;ISHARES IBOVESPA FUNDO DE ÍNDICE;2023-07-31;502251;14168181104.18;AÇÕES;Ação preferencial;N;Para negociação;4346065.00;124317185.80;4535644.00;129121497.20;29785698.00;853062390.72;;;ITUB4;;;;;;;;2009-05-20;;;;
FIIM;10.406.511/0001-61;ISHARES IBOVESPA FUNDO DE ÍNDICE;2023-07-31;502251;14168181104.18;AÇÕES;Ação preferencial;N;Para negociação;1305154.00;16471132.32;1362127.00;17127547.53;7905692.00;100165117.64;;;CMIG4;;;;;;;;1973-08-20;;;;
FIIM;10.406.511/0001-61;ISHARES IBOVESPA FUNDO DE ÍNDICE;2023-07-31;502251;14168181104.18;AÇÕES;Ação preferencial;N;Para negociação;4658357.00;77556753.77;4861419.00;79594582.41;20859787.00;347524051.42;;;BBDC4;;;;;;;;1973-12-06;;;;
FIIM;10.406.511/0001-61;ISHARES IBOVESPA FUNDO DE ÍNDICE;2023-07-31;502251;14168181104.18;AÇÕES;Ação preferencial;N;Para negociação;249361.00;10803735.61;260263.00;11195038.43;1076261.00;46957267.43;;;ELET6;;;;;;;;1974-11-13;;;;
FIIM;10.406.511/0001-61;ISHARES IBOVESPA FUNDO DE ÍNDICE;2023-07-31;502251;14168181104.18;AÇÕES;Ação preferencial;N;Para negociação;4538637.00;44502515.63;4736515.00;45776625.07;32575905.00;319895387.10;;;ITSA4;;;;;;;;1973-09-17;;;;
FIIM;10.406.511/0001-61;ISHARES IBOVESPA FUNDO DE ÍNDICE;2023-07-31;502251;14168181104.18;AÇÕES;Ação preferencial;N;Para negociação;605791.00;7891068.84;630191.00;7994283.53;4325353.00;59473603.75;;;GOAU4;;;;;;;;1973-08-27;;;;
FIIM;10.406.511/0001-61;ISHARES IBOVESPA FUNDO DE ÍNDICE;2023-07-31;502251;14168181104.18;DISPONIBILIDADES;Outros;;Para negociação;;;;;;10779.40;;;;Disponibilidade;;;;;;;;;;;
FIIM;10.406.511/0001-61;ISHARES IBOVESPA FUNDO DE ÍNDICE;2023-07-31;502251;14168181104.18;VALORES A PAGAR;Outros;;Para negociação;;;;;;138260807.92;;;;Valores a Pagar;;;;;;;;;;;
FIIM;10.406.511/0001-61;ISHARES IBOVESPA FUNDO DE ÍNDICE;2023-07-31;502251;14168181104.18;VALORES A RECEBER;Outros;;Para negociação;;;;;;313846888.74;;;;Valores a Receber;;;;;;;;;;;
FIIM;10.406.511/0001-61;ISHARES IBOVESPA FUNDO DE ÍNDICE;2023-07-31;502251;14168181104.18;MERCADO FUTURO - POSIÇÕES COMPRADAS;Contrato Futuro;;Para negociação;;;;;12282.00;4168510.80;;;;FUT WIN/Q23;;;;;;;;;;;
FIIM;10.406.511/0001-61;ISHARES IBOVESPA FUNDO DE ÍNDICE;2023-07-31;502251;14168181104.18;AÇÕES E OUTROS TVM CEDIDOS EM EMPRÉSTIMO;Ação ordinária;N;Para negociação;;;;;150583.00;12408039.20;;;ARZZ3;;;;;;;;2011-02-02;;;;
FIIM;10.406.511/0001-61;ISHARES IBOVESPA FUNDO DE ÍNDICE;2023-07-31;502251;14168181104.18;AÇÕES E OUTROS TVM CEDIDOS EM EMPRÉSTIMO;Ação ordinária;N;Para negociação;;;;;113544.00;2760254.64;;;ALSO3;;;;;;;;2019-08-06;;;;
FIIM;10.406.511/0001-61;ISHARES IBOVESPA FUNDO DE ÍNDICE;2023-07-31;502251;14168181104.18;AÇÕES E OUTROS TVM CEDIDOS EM EMPRÉSTIMO;Ação ordinária;N;Para negociação;;;;;793638.00;36205765.56;;;PRIO3;;;;;;;;2015-06-26;;;;
FIIM;10.406.511/0001-61;ISHARES IBOVESPA FUNDO DE ÍNDICE;2023-07-31;502251;14168181104.18;AÇÕES E OUTROS TVM CEDIDOS EM EMPRÉSTIMO;Ação ordinária;N;Para negociação;;;;;887658.00;6577545.78;;;LWSA3;;;;;;;;2020-02-06;;;;
FIIM;10.406.511/0001-61;ISHARES IBOVESPA FUNDO DE ÍNDICE;2023-07-31;502251;14168181104.18;AÇÕES E OUTROS TVM CEDIDOS EM EMPRÉSTIMO;Ação ordinária;N;Para negociação;;;;;1170995.00;21675117.45;;;EMBR3;;;;;;;;1989-08-28;;;;
FIIM;10.406.511/0001-61;ISHARES IBOVESPA FUNDO DE ÍNDICE;2023-07-31;502251;14168181104.18;AÇÕES E OUTROS TVM CEDIDOS EM EMPRÉSTIMO;Ação ordinária;N;Para negociação;;;;;5436283.00;210112337.95;;;ELET3;;;;;;;;1983-09-01;;;;
FIIM;10.406.511/0001-61;ISHARES IBOVESPA FUNDO DE ÍNDICE;2023-07-31;502251;14168181104.18;AÇÕES E OUTROS TVM CEDIDOS EM EMPRÉSTIMO;Ação ordinária;N;Para negociação;;;;;50744.00;1815620.32;;;CPFE3;;;;;;;;2004-09-29;;;;
FIIM;10.406.511/0001-61;ISHARES IBOVESPA FUNDO DE ÍNDICE;2023-07-31;502251;14168181104.18;AÇÕES E OUTROS TVM CEDIDOS EM EMPRÉSTIMO;Ação ordinária;N;Para negociação;;;;;647094.00;28498019.76;;;EGIE3;;;;;;;;2016-07-21;;;;
FIIM;10.406.511/0001-61;ISHARES IBOVESPA FUNDO DE ÍNDICE;2023-07-31;502251;14168181104.18;AÇÕES E OUTROS TVM CEDIDOS EM EMPRÉSTIMO;Ação ordinária;N;Para negociação;;;;;613344.00;14609854.08;;;CYRE3;;;;;;;;1996-05-27;;;;
FIIM;10.406.511/0001-61;ISHARES IBOVESPA FUNDO DE ÍNDICE;2023-07-31;502251;14168181104.18;AÇÕES E OUTROS TVM CEDIDOS EM EMPRÉSTIMO;Ação ordinária;N;Para negociação;;;;;2974380.00;14039073.60;;;CIEL3;;;;;;;;2009-12-18;;;;
FIIM;10.406.511/0001-61;ISHARES IBOVESPA FUNDO DE ÍNDICE;2023-07-31;502251;14168181104.18;AÇÕES E OUTROS TVM CEDIDOS EM EMPRÉSTIMO;Ação ordinária;N;Para negociação;;;;;30632.00;407099.28;;;CCRO3;;;;;;;;2002-02-01;;;;
FIIM;10.406.511/0001-61;ISHARES IBOVESPA FUNDO DE ÍNDICE;2023-07-31;502251;14168181104.18;AÇÕES E OUTROS TVM CEDIDOS EM EMPRÉSTIMO;Ação ordinária;N;Para negociação;;;;;1831763.00;26267481.42;;;TIMS3;;;;;;;;2020-10-13;;;;
FIIM;10.406.511/0001-61;ISHARES IBOVESPA FUNDO DE ÍNDICE;2023-07-31;502251;14168181104.18;AÇÕES E OUTROS TVM CEDIDOS EM EMPRÉSTIMO;Ação ordinária;N;Para negociação;;;;;7043298.00;33807830.40;;;HAPV3;;;;;;;;2018-04-25;;;;
FIIM;10.406.511/0001-61;ISHARES IBOVESPA FUNDO DE ÍNDICE;2023-07-31;502251;14168181104.18;AÇÕES E OUTROS TVM CEDIDOS EM EMPRÉSTIMO;Ação ordinária;N;Para negociação;;;;;105898.00;2796766.18;;;MULT3;;;;;;;;2007-07-27;;;;
FIIM;10.406.511/0001-61;ISHARES IBOVESPA FUNDO DE ÍNDICE;2023-07-31;502251;14168181104.18;AÇÕES E OUTROS TVM CEDIDOS EM EMPRÉSTIMO;Ação ordinária;N;Para negociação;;;;;246564.00;5103874.80;;;PCAR3;;;;;;;;1995-10-03;;;;
FIIM;10.406.511/0001-61;ISHARES IBOVESPA FUNDO DE ÍNDICE;2023-07-31;502251;14168181104.18;AÇÕES E OUTROS TVM CEDIDOS EM EMPRÉSTIMO;Ação ordinária;N;Para negociação;;;;;2631038.00;52462897.72;;;CSAN3;;;;;;;;2005-11-18;;;;
FIIM;10.406.511/0001-61;ISHARES IBOVESPA FUNDO DE ÍNDICE;2023-07-31;502251;14168181104.18;AÇÕES E OUTROS TVM CEDIDOS EM EMPRÉSTIMO;Ação ordinária;N;Para negociação;;;;;941903.00;21889825.72;;;RAIL3;;;;;;;;2017-03-13;;;;
FIIM;10.406.511/0001-61;ISHARES IBOVESPA FUNDO DE ÍNDICE;2023-07-31;502251;14168181104.18;AÇÕES E OUTROS TVM CEDIDOS EM EMPRÉSTIMO;Ação ordinária;N;Para negociação;;;;;617307.00;21945263.85;;;RRRP3;;;;;;;;2020-11-12;;;;
FIIM;10.406.511/0001-61;ISHARES IBOVESPA FUNDO DE ÍNDICE;2023-07-31;502251;14168181104.18;AÇÕES E OUTROS TVM CEDIDOS EM EMPRÉSTIMO;Ação ordinária;N;Para negociação;;;;;27714.00;1610183.40;;;SBSP3;;;;;;;;1997-03-11;;;;
FIIM;10.406.511/0001-61;ISHARES IBOVESPA FUNDO DE ÍNDICE;2023-07-31;502251;14168181104.18;AÇÕES E OUTROS TVM CEDIDOS EM EMPRÉSTIMO;Ação ordinária;N;Para negociação;;;;;123928.00;1230605.04;;;CASH3;;;;;;;;2020-11-05;;;;
FIIM;10.406.511/0001-61;ISHARES IBOVESPA FUNDO DE ÍNDICE;2023-07-31;502251;14168181104.18;AÇÕES E OUTROS TVM CEDIDOS EM EMPRÉSTIMO;Ação ordinária;N;Para negociação;;;;;16831950.00;250122777.00;;;ABEV3;;;;;;;;2013-11-11;;;;
FIIM;10.406.511/0001-61;ISHARES IBOVESPA FUNDO DE ÍNDICE;2023-07-31;502251;14168181104.18;AÇÕES E OUTROS TVM CEDIDOS EM EMPRÉSTIMO;Ação ordinária;N;Para negociação;;;;;242613.00;3908495.43;;;FLRY3;;;;;;;;2009-12-17;;;;
FIIM;10.406.511/0001-61;ISHARES IBOVESPA FUNDO DE ÍNDICE;2023-07-31;502251;14168181104.18;AÇÕES E OUTROS TVM CEDIDOS EM EMPRÉSTIMO;Ação ordinária;N;Para negociação;;;;;1269481.00;8886367.00;;;PETZ3;;;;;;;;2020-09-11;;;;
FIIM;10.406.511/0001-61;ISHARES IBOVESPA FUNDO DE ÍNDICE;2023-07-31;502251;14168181104.18;AÇÕES E OUTROS TVM CEDIDOS EM EMPRÉSTIMO;Ação ordinária;N;Para negociação;;;;;2031090.00;73119240.00;;;RDOR3;;;;;;;;2021-06-25;;;;
FIIM;10.406.511/0001-61;ISHARES IBOVESPA FUNDO DE ÍNDICE;2023-07-31;502251;14168181104.18;AÇÕES E OUTROS TVM CEDIDOS EM EMPRÉSTIMO;Ação ordinária;N;Para negociação;;;;;305666.00;3084169.94;;;BEEF3;;;;;;;;2007-07-20;;;;
FIIM;10.406.511/0001-61;ISHARES IBOVESPA FUNDO DE ÍNDICE;2023-07-31;502251;14168181104.18;AÇÕES E OUTROS TVM CEDIDOS EM EMPRÉSTIMO;Ação ordinária;N;Para negociação;;;;;24285.00;755749.20;;;BBSE3;;;;;;;;2013-04-29;;;;
FIIM;10.406.511/0001-61;ISHARES IBOVESPA FUNDO DE ÍNDICE;2023-07-31;502251;14168181104.18;AÇÕES E OUTROS TVM CEDIDOS EM EMPRÉSTIMO;Ação ordinária;N;Para negociação;;;;;5124724.00;178391642.44;;;PETR3;;;;;;;;1973-09-18;;;;
FIIM;10.406.511/0001-61;ISHARES IBOVESPA FUNDO DE ÍNDICE;2023-07-31;502251;14168181104.18;AÇÕES E OUTROS TVM CEDIDOS EM EMPRÉSTIMO;Ação ordinária;N;Para negociação;;;;;1714229.00;31318963.83;;;NTCO3;;;;;;;;2019-12-18;;;;
FIIM;10.406.511/0001-61;ISHARES IBOVESPA FUNDO DE ÍNDICE;2023-07-31;502251;14168181104.18;AÇÕES E OUTROS TVM CEDIDOS EM EMPRÉSTIMO;Ação ordinária;N;Para negociação;;;;;606102.00;8424817.80;;;MRVE3;;;;;;;;2007-07-23;;;;
FIIM;10.406.511/0001-61;ISHARES IBOVESPA FUNDO DE ÍNDICE;2023-07-31;502251;14168181104.18;AÇÕES E OUTROS TVM CEDIDOS EM EMPRÉSTIMO;Ação ordinária;N;Para negociação;;;;;1133813.00;21258993.75;;;LREN3;;;;;;;;1973-07-24;;;;
FIIM;10.406.511/0001-61;ISHARES IBOVESPA FUNDO DE ÍNDICE;2023-07-31;502251;14168181104.18;AÇÕES E OUTROS TVM CEDIDOS EM EMPRÉSTIMO;Ação ordinária;N;Para negociação;;;;;6638246.00;22238124.10;;;MGLU3;;;;;;;;2011-05-02;;;;
FIIM;10.406.511/0001-61;ISHARES IBOVESPA FUNDO DE ÍNDICE;2023-07-31;502251;14168181104.18;AÇÕES E OUTROS TVM CEDIDOS EM EMPRÉSTIMO;Ação ordinária;N;Para negociação;;;;;2848469.00;137267721.11;;;BBAS3;;;;;;;;1973-05-31;;;;
FIIM;10.406.511/0001-61;ISHARES IBOVESPA FUNDO DE ÍNDICE;2023-07-31;502251;14168181104.18;AÇÕES E OUTROS TVM CEDIDOS EM EMPRÉSTIMO;Ação ordinária;N;Para negociação;;;;;26325.00;881097.75;;;SMTO3;;;;;;;;2007-02-12;;;;
FIIM;10.406.511/0001-61;ISHARES IBOVESPA FUNDO DE ÍNDICE;2023-07-31;502251;14168181104.18;AÇÕES E OUTROS TVM CEDIDOS EM EMPRÉSTIMO;Ação ordinária;N;Para negociação;;;;;1666753.00;80120816.71;;;SUZB3;;;;;;;;2004-08-05;;;;
FIIM;10.406.511/0001-61;ISHARES IBOVESPA FUNDO DE ÍNDICE;2023-07-31;502251;14168181104.18;AÇÕES E OUTROS TVM CEDIDOS EM EMPRÉSTIMO;Ação ordinária;N;Para negociação;;;;;1266682.00;18810227.70;;;BBDC3;;;;;;;;1973-12-06;;;;
FIIM;10.406.511/0001-61;ISHARES IBOVESPA FUNDO DE ÍNDICE;2023-07-31;502251;14168181104.18;AÇÕES E OUTROS TVM CEDIDOS EM EMPRÉSTIMO;Ação ordinária;N;Para negociação;;;;;403990.00;8778702.70;;;EZTC3;;;;;;;;2007-06-22;;;;
FIIM;10.406.511/0001-61;ISHARES IBOVESPA FUNDO DE ÍNDICE;2023-07-31;502251;14168181104.18;AÇÕES E OUTROS TVM CEDIDOS EM EMPRÉSTIMO;Ação ordinária;N;Para negociação;;;;;5135034.00;355138951.44;;;VALE3;;;;;;;;1982-02-15;;;;
FIIM;10.406.511/0001-61;ISHARES IBOVESPA FUNDO DE ÍNDICE;2023-07-31;502251;14168181104.18;AÇÕES E OUTROS TVM CEDIDOS EM EMPRÉSTIMO;Ação ordinária;N;Para negociação;;;;;100.00;298.00;;;CVCB3;;;;;;;;2013-12-09;;;;
FIIM;10.406.511/0001-61;ISHARES IBOVESPA FUNDO DE ÍNDICE;2023-07-31;502251;14168181104.18;AÇÕES E OUTROS TVM CEDIDOS EM EMPRÉSTIMO;Ação ordinária;N;Para negociação;;;;;838683.00;36281426.58;;;HYPE3;;;;;;;;2008-04-18;;;;
FIIM;10.406.511/0001-61;ISHARES IBOVESPA FUNDO DE ÍNDICE;2023-07-31;502251;14168181104.18;AÇÕES E OUTROS TVM CEDIDOS EM EMPRÉSTIMO;Ação ordinária;N;Para negociação;;;;;267919.00;18009515.18;;;RENT3;;;;;;;;2005-05-23;;;;
FIIM;10.406.511/0001-61;ISHARES IBOVESPA FUNDO DE ÍNDICE;2023-07-31;502251;14168181104.18;AÇÕES E OUTROS TVM CEDIDOS EM EMPRÉSTIMO;Ação ordinária;N;Para negociação;;;;;954443.00;13209491.12;;;CSNA3;;;;;;;;1993-08-02;;;;
FIIM;10.406.511/0001-61;ISHARES IBOVESPA FUNDO DE ÍNDICE;2023-07-31;502251;14168181104.18;AÇÕES E OUTROS TVM CEDIDOS EM EMPRÉSTIMO;Ação ordinária;N;Para negociação;;;;;741593.00;5502620.06;;;MRFG3;;;;;;;;2007-06-28;;;;
FIIM;10.406.511/0001-61;ISHARES IBOVESPA FUNDO DE ÍNDICE;2023-07-31;502251;14168181104.18;AÇÕES E OUTROS TVM CEDIDOS EM EMPRÉSTIMO;Ação ordinária;N;Para negociação;;;;;342731.00;14093098.72;;;IRBR3;;;;;;;;2017-07-31;;;;
FIIM;10.406.511/0001-61;ISHARES IBOVESPA FUNDO DE ÍNDICE;2023-07-31;502251;14168181104.18;AÇÕES E OUTROS TVM CEDIDOS EM EMPRÉSTIMO;Ação ordinária;N;Para negociação;;;;;1615021.00;30330094.38;;;JBSS3;;;;;;;;2007-03-29;;;;
FIIM;10.406.511/0001-61;ISHARES IBOVESPA FUNDO DE ÍNDICE;2023-07-31;502251;14168181104.18;AÇÕES E OUTROS TVM CEDIDOS EM EMPRÉSTIMO;Ação ordinária;N;Para negociação;;;;;1392579.00;46707099.66;;;EQTL3;;;;;;;;2006-04-03;;;;
FIIM;10.406.511/0001-61;ISHARES IBOVESPA FUNDO DE ÍNDICE;2023-07-31;502251;14168181104.18;AÇÕES E OUTROS TVM CEDIDOS EM EMPRÉSTIMO;Ação ordinária;N;Para negociação;;;;;5985.00;176976.45;;;TOTS3;;;;;;;;2006-03-09;;;;
FIIM;10.406.511/0001-61;ISHARES IBOVESPA FUNDO DE ÍNDICE;2023-07-31;502251;14168181104.18;AÇÕES E OUTROS TVM CEDIDOS EM EMPRÉSTIMO;Ação ordinária;N;Para negociação;;;;;159584.00;6965841.60;;;SLCE3;;;;;;;;2007-06-15;;;;
FIIM;10.406.511/0001-61;ISHARES IBOVESPA FUNDO DE ÍNDICE;2023-07-31;502251;14168181104.18;AÇÕES E OUTROS TVM CEDIDOS EM EMPRÉSTIMO;Ação ordinária;N;Para negociação;;;;;3622243.00;16118981.35;;;CMIN3;;;;;;;;2021-05-03;;;;
FIIM;10.406.511/0001-61;ISHARES IBOVESPA FUNDO DE ÍNDICE;2023-07-31;502251;14168181104.18;AÇÕES E OUTROS TVM CEDIDOS EM EMPRÉSTIMO;Ação ordinária;N;Para negociação;;;;;2264335.00;30500592.45;;;ASAI3;;;;;;;;2021-03-01;;;;
FIIM;10.406.511/0001-61;ISHARES IBOVESPA FUNDO DE ÍNDICE;2023-07-31;502251;14168181104.18;AÇÕES E OUTROS TVM CEDIDOS EM EMPRÉSTIMO;Ação ordinária;N;Para negociação;;;;;2758254.00;41097984.60;;;B3SA3;;;;;;;;2018-03-26;;;;
FIIM;10.406.511/0001-61;ISHARES IBOVESPA FUNDO DE ÍNDICE;2023-07-31;502251;14168181104.18;AÇÕES E OUTROS TVM CEDIDOS EM EMPRÉSTIMO;Ação ordinária;N;Para negociação;;;;;1611548.00;21546396.76;;;ENEV3;;;;;;;;2013-10-22;;;;
FIIM;10.406.511/0001-61;ISHARES IBOVESPA FUNDO DE ÍNDICE;2023-07-31;502251;14168181104.18;AÇÕES E OUTROS TVM CEDIDOS EM EMPRÉSTIMO;Ação ordinária;N;Para negociação;;;;;1387277.00;40189414.69;;;RADL3;;;;;;;;2011-12-19;;;;
FIIM;10.406.511/0001-61;ISHARES IBOVESPA FUNDO DE ÍNDICE;2023-07-31;502251;14168181104.18;AÇÕES E OUTROS TVM CEDIDOS EM EMPRÉSTIMO;Ação ordinária;N;Para negociação;;;;;225543.00;5004799.17;;;YDUQ3;;;;;;;;2019-07-23;;;;
FIIM;10.406.511/0001-61;ISHARES IBOVESPA FUNDO DE ÍNDICE;2023-07-31;502251;14168181104.18;AÇÕES E OUTROS TVM CEDIDOS EM EMPRÉSTIMO;Ação ordinária;N;Para negociação;;;;;1230964.00;13836035.36;;;SOMA3;;;;;;;;2020-07-31;;;;
FIIM;10.406.511/0001-61;ISHARES IBOVESPA FUNDO DE ÍNDICE;2023-07-31;502251;14168181104.18;AÇÕES E OUTROS TVM CEDIDOS EM EMPRÉSTIMO;Ação ordinária;N;Para negociação;;;;;781555.00;32911281.05;;;VIVT3;;;;;;;;2011-10-06;;;;
FIIM;10.406.511/0001-61;ISHARES IBOVESPA FUNDO DE ÍNDICE;2023-07-31;502251;14168181104.18;AÇÕES E OUTROS TVM CEDIDOS EM EMPRÉSTIMO;Ação ordinária;N;Para negociação;;;;;4092099.00;8838933.84;;;VIIA3;;;;;;;;2021-08-16;;;;
FIIM;10.406.511/0001-61;ISHARES IBOVESPA FUNDO DE ÍNDICE;2023-07-31;502251;14168181104.18;AÇÕES E OUTROS TVM CEDIDOS EM EMPRÉSTIMO;Ação ordinária;N;Para negociação;;;;;1359046.00;18646111.12;;;CRFB3;;;;;;;;2017-07-20;;;;
FIIM;10.406.511/0001-61;ISHARES IBOVESPA FUNDO DE ÍNDICE;2023-07-31;502251;14168181104.18;AÇÕES E OUTROS TVM CEDIDOS EM EMPRÉSTIMO;Ação ordinária;N;Para negociação;;;;;604443.00;5059187.91;;;DXCO3;;;;;;;;2021-08-19;;;;
FIIM;10.406.511/0001-61;ISHARES IBOVESPA FUNDO DE ÍNDICE;2023-07-31;502251;14168181104.18;AÇÕES E OUTROS TVM CEDIDOS EM EMPRÉSTIMO;Ação ordinária;N;Para negociação;;;;;1064902.00;3567421.70;;;COGN3;;;;;;;;2019-10-11;;;;
FIIM;10.406.511/0001-61;ISHARES IBOVESPA FUNDO DE ÍNDICE;2023-07-31;502251;14168181104.18;AÇÕES E OUTROS TVM CEDIDOS EM EMPRÉSTIMO;Ação ordinária;N;Para negociação;;;;;733481.00;29280561.52;;;WEGE3;;;;;;;;2004-08-02;;;;
FIIM;10.406.511/0001-61;ISHARES IBOVESPA FUNDO DE ÍNDICE;2023-07-31;502251;14168181104.18;AÇÕES E OUTROS TVM CEDIDOS EM EMPRÉSTIMO;Ação ordinária;N;Para negociação;;;;;67945.00;663143.20;;;BRFS3;;;;;;;;2009-12-10;;;;
FIIM;10.406.511/0001-61;ISHARES IBOVESPA FUNDO DE ÍNDICE;2023-07-31;502251;14168181104.18;AÇÕES E OUTROS TVM CEDIDOS EM EMPRÉSTIMO;Ação ordinária;N;Para negociação;;;;;1938024.00;36609273.36;;;UGPA3;;;;;;;;1999-10-13;;;;
FIIM;10.406.511/0001-61;ISHARES IBOVESPA FUNDO DE ÍNDICE;2023-07-31;502251;14168181104.18;AÇÕES E OUTROS TVM CEDIDOS EM EMPRÉSTIMO;Ação ordinária;N;Para negociação;;;;;1471326.00;25203814.38;;;VBBR3;;;;;;;;2021-10-22;;;;
FIIM;10.406.511/0001-61;ISHARES IBOVESPA FUNDO DE ÍNDICE;2023-07-31;502251;14168181104.18;AÇÕES E OUTROS TVM CEDIDOS EM EMPRÉSTIMO;Ação preferencial;N;Para negociação;;;;;3911918.00;32703634.48;;;CPLE6;;;;;;;;1996-11-14;;;;
FIIM;10.406.511/0001-61;ISHARES IBOVESPA FUNDO DE ÍNDICE;2023-07-31;502251;14168181104.18;AÇÕES E OUTROS TVM CEDIDOS EM EMPRÉSTIMO;Ação preferencial;N;Para negociação;;;;;853057.00;15099108.90;;;AZUL4;;;;;;;;2017-04-11;;;;
FIIM;10.406.511/0001-61;ISHARES IBOVESPA FUNDO DE ÍNDICE;2023-07-31;502251;14168181104.18;AÇÕES E OUTROS TVM CEDIDOS EM EMPRÉSTIMO;Ação preferencial;N;Para negociação;;;;;21082.00;289877.50;;;GOAU4;;;;;;;;1973-08-27;;;;
FIIM;10.406.511/0001-61;ISHARES IBOVESPA FUNDO DE ÍNDICE;2023-07-31;502251;14168181104.18;AÇÕES E OUTROS TVM CEDIDOS EM EMPRÉSTIMO;Ação preferencial;N;Para negociação;;;;;268228.00;6300675.72;;;BRAP4;;;;;;;;2000-08-10;;;;
FIIM;10.406.511/0001-61;ISHARES IBOVESPA FUNDO DE ÍNDICE;2023-07-31;502251;14168181104.18;AÇÕES E OUTROS TVM CEDIDOS EM EMPRÉSTIMO;Ação preferencial;N;Para negociação;;;;;677963.00;6528783.69;;;GOLL4;;;;;;;;2004-06-24;;;;
FIIM;10.406.511/0001-61;ISHARES IBOVESPA FUNDO DE ÍNDICE;2023-07-31;502251;14168181104.18;AÇÕES E OUTROS TVM CEDIDOS EM EMPRÉSTIMO;Ação preferencial;N;Para negociação;;;;;2849052.00;11852056.32;;;RAIZ4;;;;;;;;2021-08-05;;;;
FIIM;10.406.511/0001-61;ISHARES IBOVESPA FUNDO DE ÍNDICE;2023-07-31;502251;14168181104.18;AÇÕES E OUTROS TVM CEDIDOS EM EMPRÉSTIMO;Ação preferencial;N;Para negociação;;;;;563008.00;14300403.20;;;BRKM5;;;;;;;;2002-09-02;;;;
FIIM;10.406.511/0001-61;ISHARES IBOVESPA FUNDO DE ÍNDICE;2023-07-31;502251;14168181104.18;AÇÕES E OUTROS TVM CEDIDOS EM EMPRÉSTIMO;Ação preferencial;N;Para negociação;;;;;719475.00;31390694.25;;;ELET6;;;;;;;;1974-11-13;;;;
FIIM;10.406.511/0001-61;ISHARES IBOVESPA FUNDO DE ÍNDICE;2023-07-31;502251;14168181104.18;AÇÕES E OUTROS TVM CEDIDOS EM EMPRÉSTIMO;Ação preferencial;N;Para negociação;;;;;1508454.00;43202122.56;;;ITUB4;;;;;;;;2009-05-20;;;;
FIIM;10.406.511/0001-61;ISHARES IBOVESPA FUNDO DE ÍNDICE;2023-07-31;502251;14168181104.18;AÇÕES E OUTROS TVM CEDIDOS EM EMPRÉSTIMO;Ação preferencial;N;Para negociação;;;;;829513.00;7988210.19;;;ALPA4;;;;;;;;1973-03-19;;;;
FIIM;10.406.511/0001-61;ISHARES IBOVESPA FUNDO DE ÍNDICE;2023-07-31;502251;14168181104.18;AÇÕES E OUTROS TVM CEDIDOS EM EMPRÉSTIMO;Ação preferencial;N;Para negociação;;;;;2844508.00;83201859.00;;;GGBR4;;;;;;;;2001-02-01;;;;
FIIM;10.406.511/0001-61;ISHARES IBOVESPA FUNDO DE ÍNDICE;2023-07-31;502251;14168181104.18;AÇÕES E OUTROS TVM CEDIDOS EM EMPRÉSTIMO;Ação preferencial;N;Para negociação;;;;;1493075.00;18917260.25;;;CMIG4;;;;;;;;1973-08-20;;;;
FIIM;10.406.511/0001-61;ISHARES IBOVESPA FUNDO DE ÍNDICE;2023-07-31;502251;14168181104.18;AÇÕES E OUTROS TVM CEDIDOS EM EMPRÉSTIMO;Ação preferencial;N;Para negociação;;;;;12682762.00;211294814.92;;;BBDC4;;;;;;;;1973-12-06;;;;
FIIM;10.406.511/0001-61;ISHARES IBOVESPA FUNDO DE ÍNDICE;2023-07-31;502251;14168181104.18;AÇÕES E OUTROS TVM CEDIDOS EM EMPRÉSTIMO;Ação preferencial;N;Para negociação;;;;;1333632.00;9642159.36;;;USIM5;;;;;;;;1999-02-02;;;;
FIIM;10.406.511/0001-61;ISHARES IBOVESPA FUNDO DE ÍNDICE;2023-07-31;502251;14168181104.18;AÇÕES E OUTROS TVM CEDIDOS EM EMPRÉSTIMO;Ação preferencial;N;Para negociação;;;;;4042168.00;125751846.48;;;PETR4;;;;;;;;1973-09-18;;;;
FIIM;10.406.511/0001-61;ISHARES IBOVESPA FUNDO DE ÍNDICE;2023-07-31;502251;14168181104.18;AÇÕES E OUTROS TVM CEDIDOS EM EMPRÉSTIMO;Ação preferencial;N;Para negociação;;;;;103930.00;1020592.60;;;ITSA4;;;;;;;;1973-09-17;;;;
FIIM;10.406.511/0001-61;ISHARES IBOVESPA FUNDO DE ÍNDICE;2023-07-31;502251;14168181104.18;AÇÕES E OUTROS TVM CEDIDOS EM EMPRÉSTIMO;Certificado de depósito de ações;N;Para negociação;;;;;5619916.00;191133343.16;;;;BPAC11;;PJ;30306294000145;BANCO BTG PACTUAL S.A.;;;;;;;
FIIM;10.406.511/0001-61;ISHARES IBOVESPA FUNDO DE ÍNDICE;2023-07-31;502251;14168181104.18;AÇÕES E OUTROS TVM CEDIDOS EM EMPRÉSTIMO;Certificado de depósito de ações;N;Para negociação;;;;;1809005.00;41607115.00;;;KLBN11;;;;;;;;2014-01-10;;;;
FIIM;10.406.511/0001-61;ISHARES IBOVESPA FUNDO DE ÍNDICE;2023-07-31;502251;14168181104.18;AÇÕES E OUTROS TVM CEDIDOS EM EMPRÉSTIMO;Certificado de depósito de ações;N;Para negociação;;;;;276767.00;13890935.73;;;ENGI11;;;;;;;;2009-11-03;;;;
FIIM;10.406.511/0001-61;ISHARES IBOVESPA FUNDO DE ÍNDICE;2023-07-31;502251;14168181104.18;AÇÕES E OUTROS TVM CEDIDOS EM EMPRÉSTIMO;Certificado de depósito de ações;N;Para negociação;;;;;524382.00;18877752.00;;;TAEE11;;;;;;;;2012-05-28;;;;
FIIM;10.406.511/0001-61;ISHARES IBOVESPA FUNDO DE ÍNDICE;2023-07-31;502251;14168181104.18;AÇÕES E OUTROS TVM CEDIDOS EM EMPRÉSTIMO;Certificado de depósito de ações;N;Para negociação;;;;;1483520.00;42369331.20;;;SANB11;;;;;;;;2009-10-07;;;;
FIIM;10.406.511/0001-61;ISHARES IBOVESPA FUNDO DE ÍNDICE;2023-07-31;502251;14168181104.18;AÇÕES E OUTROS TVM CEDIDOS EM EMPRÉSTIMO;Certificado de depósito de ações;N;Para negociação;;;;;472483.00;10337928.04;;;IGTI11;;;;;;;;2021-11-22;;;;
FIIM;10.406.511/0001-61;ISHARES IBOVESPA FUNDO DE ÍNDICE;2023-07-31;502251;14168181104.18;AÇÕES E OUTROS TVM CEDIDOS EM EMPRÉSTIMO;Certificado de depósito de ações;N;Para negociação;;;;;2366985.00;80501159.85;;;BPAC11;;;;;;;;2017-02-16;;;;
FIIM;10.406.511/0001-61;ISHARES IBOVESPA FUNDO DE ÍNDICE;2023-07-31;502251;14168181104.18;OPERAÇÕES COMPROMISSADAS;;N;Para negociação;;;;;143076.00;135860185.07;;;;;2024-01-01;;;;;100000;;;;;
FIIM;10.406.511/0001-61;ISHARES IBOVESPA FUNDO DE ÍNDICE;2023-07-31;502251;14168181104.18;CERTIFICADO OU RECIBO DE DEPÓSITO DE VALORES MOBILIÁRIOS;Certificado de depósito de ações;N;Para negociação;;;;;2765597.00;63608731.00;;;KLBN11;;;;;;;;2014-01-10;;;;
FIIM;10.406.511/0001-61;ISHARES IBOVESPA FUNDO DE ÍNDICE;2023-07-31;502251;14168181104.18;CERTIFICADO OU RECIBO DE DEPÓSITO DE VALORES MOBILIÁRIOS;Certificado de depósito de ações;N;Para negociação;;;;;1342670.00;67388607.30;;;ENGI11;;;;;;;;2009-11-03;;;;
FIIM;10.406.511/0001-61;ISHARES IBOVESPA FUNDO DE ÍNDICE;2023-07-31;502251;14168181104.18;CERTIFICADO OU RECIBO DE DEPÓSITO DE VALORES MOBILIÁRIOS;Certificado de depósito de ações;N;Para negociação;;;;;899149.00;32369364.00;;;TAEE11;;;;;;;;2012-05-28;;;;
FIIM;10.406.511/0001-61;ISHARES IBOVESPA FUNDO DE ÍNDICE;2023-07-31;502251;14168181104.18;CERTIFICADO OU RECIBO DE DEPÓSITO DE VALORES MOBILIÁRIOS;Certificado de depósito de ações;N;Para negociação;;;;;834246.00;23826065.76;;;SANB11;;;;;;;;2009-10-07;;;;
FIIM;10.406.511/0001-61;ISHARES IBOVESPA FUNDO DE ÍNDICE;2023-07-31;502251;14168181104.18;CERTIFICADO OU RECIBO DE DEPÓSITO DE VALORES MOBILIÁRIOS;Certificado de depósito de ações;N;Para negociação;;;;;936806.00;20497315.28;;;IGTI11;;;;;;;;2021-11-22;;;;
FIIM;10.406.600/0001-08;ISHARES BM&FBOVESPA SMALL CAP FUNDO DE ÍNDICE;2023-07-31;502248;7074059934.08;AÇÕES;Ação ordinária;N;Para negociação;280938.00;3611969.02;628400.00;8218208.34;1569832.00;20737480.72;;;;SBFG3;;PJ;13217485000111;GRUPO SBF SA;;;;;;;
FIIM;10.406.600/0001-08;ISHARES BM&FBOVESPA SMALL CAP FUNDO DE ÍNDICE;2023-07-31;502248;7074059934.08;AÇÕES;Ação ordinária;N;Para negociação;81540.00;454268.40;238986.00;1526032.02;1121350.00;6245919.50;;;;CLSA3;;PJ;3802115000198;CLEAR SALE S.A.;;;;;;;
FIIM;10.406.600/0001-08;ISHARES BM&FBOVESPA SMALL CAP FUNDO DE ÍNDICE;2023-07-31;502248;7074059934.08;AÇÕES;Ação ordinária;N;Para negociação;58334.00;1124517.06;127950.00;2501347.33;629365.00;13078204.70;;;;BLAU3;;PJ;58430828000160;BLAU FARMAC?UTICA S.A.;;;;;;;
FIIM;10.406.600/0001-08;ISHARES BM&FBOVESPA SMALL CAP FUNDO DE ÍNDICE;2023-07-31;502248;7074059934.08;AÇÕES;Ação ordinária;N;Para negociação;114457.00;2524941.26;260269.00;6016347.06;1218984.00;26086257.60;;;;LOGG3;;PJ;9041168000110;LOG COMMERCIAL PROPERTIES;;;;;;;
FIIM;10.406.600/0001-08;ISHARES BM&FBOVESPA SMALL CAP FUNDO DE ÍNDICE;2023-07-31;502248;7074059934.08;AÇÕES;Ação ordinária;N;Para negociação;477405.00;818696.53;1230644.00;2300561.65;4048150.00;6841373.50;;;;IFCM3;;PJ;38456921000136;INFRACOMMERCE CXAAS S.A.;;;;;;;
FIIM;10.406.600/0001-08;ISHARES BM&FBOVESPA SMALL CAP FUNDO DE ÍNDICE;2023-07-31;502248;7074059934.08;AÇÕES;Ação ordinária;N;Para negociação;866154.00;2412823.97;1959567.00;5626811.59;5783247.00;19373877.45;;;;MLAS3;;PJ;59717553000102;MULTILASER INDUSTRIAL S.A.;;;;;;;
FIIM;10.406.600/0001-08;ISHARES BM&FBOVESPA SMALL CAP FUNDO DE ÍNDICE;2023-07-31;502248;7074059934.08;AÇÕES;Ação ordinária;N;Para negociação;4604355.00;109261344.15;0.00;0.00;0.00;0.00;;;ENBR3;;;;;;;;2005-07-13;;;;
FIIM;10.406.600/0001-08;ISHARES BM&FBOVESPA SMALL CAP FUNDO DE ÍNDICE;2023-07-31;502248;7074059934.08;AÇÕES;Ação ordinária;N;Para negociação;527273.00;11799340.38;1179253.00;24930357.88;3820758.00;91010455.56;;;CYRE3;;;;;;;;1996-05-27;;;;
FIIM;10.406.600/0001-08;ISHARES BM&FBOVESPA SMALL CAP FUNDO DE ÍNDICE;2023-07-31;502248;7074059934.08;AÇÕES;Ação ordinária;N;Para negociação;575123.00;3072845.07;1286409.00;6796358.49;5433946.00;30647455.44;;;JHSF3;;;;;;;;2007-04-12;;;;
FIIM;10.406.600/0001-08;ISHARES BM&FBOVESPA SMALL CAP FUNDO DE ÍNDICE;2023-07-31;502248;7074059934.08;AÇÕES;Ação ordinária;N;Para negociação;192231.00;1358415.57;426486.00;3055178.11;1473519.00;10727218.32;;;CAML3;;;;;;;;2017-09-28;;;;
FIIM;10.406.600/0001-08;ISHARES BM&FBOVESPA SMALL CAP FUNDO DE ÍNDICE;2023-07-31;502248;7074059934.08;AÇÕES;Ação ordinária;N;Para negociação;851226.00;2635206.57;5031925.00;17008532.64;9325170.00;27789006.60;;;CVCB3;;;;;;;;2013-12-09;;;;
FIIM;10.406.600/0001-08;ISHARES BM&FBOVESPA SMALL CAP FUNDO DE ÍNDICE;2023-07-31;502248;7074059934.08;AÇÕES;Ação ordinária;N;Para negociação;231351.00;3779738.89;517456.00;8435952.66;1744185.00;30994167.45;;;CURY3;;;;;;;;2020-09-21;;;;
FIIM;10.406.600/0001-08;ISHARES BM&FBOVESPA SMALL CAP FUNDO DE ÍNDICE;2023-07-31;502248;7074059934.08;AÇÕES;Ação ordinária;N;Para negociação;156635.00;7600161.49;350368.00;15941537.05;642757.00;26430167.84;;;IRBR3;;;;;;;;2017-07-31;;;;
FIIM;10.406.600/0001-08;ISHARES BM&FBOVESPA SMALL CAP FUNDO DE ÍNDICE;2023-07-31;502248;7074059934.08;AÇÕES;Ação ordinária;N;Para negociação;892339.00;6973018.02;1995768.00;15946249.49;7274332.00;57612709.44;;;GMAT3;;;;;;;;2020-10-13;;;;
FIIM;10.406.600/0001-08;ISHARES BM&FBOVESPA SMALL CAP FUNDO DE ÍNDICE;2023-07-31;502248;7074059934.08;AÇÕES;Ação ordinária;N;Para negociação;1720926.00;15322984.77;16923521.00;147717841.90;35200826.00;343560061.76;;;BRFS3;;;;;;;;2009-12-10;;;;
FIIM;10.406.600/0001-08;ISHARES BM&FBOVESPA SMALL CAP FUNDO DE ÍNDICE;2023-07-31;502248;7074059934.08;AÇÕES;Ação ordinária;N;Para negociação;494626.00;2091312.00;1101425.00;4787954.70;3791971.00;18239380.51;;;ANIM3;;;;;;;;2013-10-28;;;;
FIIM;10.406.600/0001-08;ISHARES BM&FBOVESPA SMALL CAP FUNDO DE ÍNDICE;2023-07-31;502248;7074059934.08;AÇÕES;Ação ordinária;N;Para negociação;509057.00;6069369.74;1138598.00;14619878.36;5399094.00;72617814.30;;;DASA3;;;;;;;;2004-11-19;;;;
FIIM;10.406.600/0001-08;ISHARES BM&FBOVESPA SMALL CAP FUNDO DE ÍNDICE;2023-07-31;502248;7074059934.08;AÇÕES;Ação ordinária;N;Para negociação;343609.00;3180779.01;763638.00;7177665.15;3767958.00;35381125.62;;;KEPL3;;;;;;;;1981-02-13;;;;
FIIM;10.406.600/0001-08;ISHARES BM&FBOVESPA SMALL CAP FUNDO DE ÍNDICE;2023-07-31;502248;7074059934.08;AÇÕES;Ação ordinária;N;Para negociação;115200.00;719052.80;296960.00;1880140.80;1572480.00;9906624.00;;;WIZC3;;;;;;;;2023-02-09;;;;
FIIM;10.406.600/0001-08;ISHARES BM&FBOVESPA SMALL CAP FUNDO DE ÍNDICE;2023-07-31;502248;7074059934.08;AÇÕES;Ação ordinária;N;Para negociação;560401.00;12251245.16;1266168.00;27882269.28;6146339.00;140505309.54;;;SMFT3;;;;;;;;2018-02-26;;;;
FIIM;10.406.600/0001-08;ISHARES BM&FBOVESPA SMALL CAP FUNDO DE ÍNDICE;2023-07-31;502248;7074059934.08;AÇÕES;Ação ordinária;N;Para negociação;1023933.00;25259087.95;2290057.00;57167625.96;10853150.00;263840076.50;;;ALSO3;;;;;;;;2019-08-06;;;;
FIIM;10.406.600/0001-08;ISHARES BM&FBOVESPA SMALL CAP FUNDO DE ÍNDICE;2023-07-31;502248;7074059934.08;AÇÕES;Ação ordinária;N;Para negociação;157490.00;1143287.51;368867.00;2836543.21;1116584.00;8162229.04;;;GUAR3;;;;;;;;1973-05-14;;;;
FIIM;10.406.600/0001-08;ISHARES BM&FBOVESPA SMALL CAP FUNDO DE ÍNDICE;2023-07-31;502248;7074059934.08;AÇÕES;Ação ordinária;N;Para negociação;116859.00;9344246.18;261448.00;21400061.33;823704.00;67873209.60;;;ARZZ3;;;;;;;;2011-02-02;;;;
FIIM;10.406.600/0001-08;ISHARES BM&FBOVESPA SMALL CAP FUNDO DE ÍNDICE;2023-07-31;502248;7074059934.08;AÇÕES;Ação ordinária;N;Para negociação;1461967.00;5265554.75;3269650.00;11198451.39;15335402.00;61034899.96;;;HBSA3;;;;;;;;2020-09-25;;;;
FIIM;10.406.600/0001-08;ISHARES BM&FBOVESPA SMALL CAP FUNDO DE ÍNDICE;2023-07-31;502248;7074059934.08;AÇÕES;Ação ordinária;N;Para negociação;368077.00;1780117.26;814890.00;4127692.61;2719201.00;14411765.30;;;CBAV3;;;;;;;;2021-07-15;;;;
FIIM;10.406.600/0001-08;ISHARES BM&FBOVESPA SMALL CAP FUNDO DE ÍNDICE;2023-07-31;502248;7074059934.08;AÇÕES;Ação ordinária;N;Para negociação;184024.00;2242034.27;408991.00;4957327.96;1297516.00;15557216.84;;;TEND3;;;;;;;;2007-10-15;;;;
FIIM;10.406.600/0001-08;ISHARES BM&FBOVESPA SMALL CAP FUNDO DE ÍNDICE;2023-07-31;502248;7074059934.08;AÇÕES;Ação ordinária;N;Para negociação;218849.00;2835840.74;485550.00;6299911.86;2399902.00;30358760.30;;;TTEN3;;;;;;;;2021-07-12;;;;
FIIM;10.406.600/0001-08;ISHARES BM&FBOVESPA SMALL CAP FUNDO DE ÍNDICE;2023-07-31;502248;7074059934.08;AÇÕES;Ação ordinária;N;Para negociação;645985.00;4137077.24;1444779.00;9705239.20;2961444.00;20730108.00;;;PETZ3;;;;;;;;2020-09-11;;;;
FIIM;10.406.600/0001-08;ISHARES BM&FBOVESPA SMALL CAP FUNDO DE ÍNDICE;2023-07-31;502248;7074059934.08;AÇÕES;Ação ordinária;N;Para negociação;84320.00;1795765.91;190317.00;4247265.68;569411.00;11980407.44;;;AMBP3;;;;;;;;2020-07-13;;;;
FIIM;10.406.600/0001-08;ISHARES BM&FBOVESPA SMALL CAP FUNDO DE ÍNDICE;2023-07-31;502248;7074059934.08;AÇÕES;Ação ordinária;N;Para negociação;520479.00;2128331.49;1154436.00;5184396.25;5442245.00;24054722.90;;;ZAMP3;;;;;;;;2022-10-26;;;;
FIIM;10.406.600/0001-08;ISHARES BM&FBOVESPA SMALL CAP FUNDO DE ÍNDICE;2023-07-31;502248;7074059934.08;AÇÕES;Ação ordinária;N;Para negociação;331221.00;4377333.55;740789.00;10547393.86;3389703.00;44472903.36;;;;ARML3;;PJ;242184000104;ARMAC LOCA??O, LOG?STICA E SERVI?OS S.A.;;;;;;;
FIIM;10.406.600/0001-08;ISHARES BM&FBOVESPA SMALL CAP FUNDO DE ÍNDICE;2023-07-31;502248;7074059934.08;AÇÕES;Ação ordinária;N;Para negociação;1412970.00;25011054.03;3160059.00;57856033.13;11795358.00;218332076.58;;;EMBR3;;;;;;;;1989-08-28;;;;
FIIM;10.406.600/0001-08;ISHARES BM&FBOVESPA SMALL CAP FUNDO DE ÍNDICE;2023-07-31;502248;7074059934.08;AÇÕES;Ação ordinária;N;Para negociação;155675.00;1215883.50;320285.00;2368477.96;1556446.00;13136404.24;;;LAVV3;;;;;;;;2020-09-02;;;;
FIIM;10.406.600/0001-08;ISHARES BM&FBOVESPA SMALL CAP FUNDO DE ÍNDICE;2023-07-31;502248;7074059934.08;AÇÕES;Ação ordinária;N;Para negociação;141066.00;2496388.35;319787.00;5697369.00;1547354.00;30359085.48;;;VULC3;;;;;;;;1973-07-02;;;;
FIIM;10.406.600/0001-08;ISHARES BM&FBOVESPA SMALL CAP FUNDO DE ÍNDICE;2023-07-31;502248;7074059934.08;AÇÕES;Ação ordinária;N;Para negociação;1021062.00;8133952.67;2283583.00;18179123.86;10621157.00;84756832.86;;;BOAS3;;;;;;;;2020-09-30;;;;
FIIM;10.406.600/0001-08;ISHARES BM&FBOVESPA SMALL CAP FUNDO DE ÍNDICE;2023-07-31;502248;7074059934.08;AÇÕES;Ação ordinária;N;Para negociação;562749.00;4080514.59;1258587.00;9061993.14;3996126.00;29651254.92;;;MRFG3;;;;;;;;2007-06-28;;;;
FIIM;10.406.600/0001-08;ISHARES BM&FBOVESPA SMALL CAP FUNDO DE ÍNDICE;2023-07-31;502248;7074059934.08;AÇÕES;Ação ordinária;N;Para negociação;275602.00;9136009.67;616482.00;20712010.02;2968268.00;99347929.96;;;SMTO3;;;;;;;;2007-02-12;;;;
FIIM;10.406.600/0001-08;ISHARES BM&FBOVESPA SMALL CAP FUNDO DE ÍNDICE;2023-07-31;502248;7074059934.08;AÇÕES;Ação ordinária;N;Para negociação;138067.00;3177839.41;308897.00;7325623.04;1036348.00;27618674.20;;;SQIA3;;;;;;;;2019-02-18;;;;
FIIM;10.406.600/0001-08;ISHARES BM&FBOVESPA SMALL CAP FUNDO DE ÍNDICE;2023-07-31;502248;7074059934.08;AÇÕES;Ação ordinária;N;Para negociação;49386.00;2411354.96;110309.00;5620269.73;538184.00;26995309.44;;;LOGN3;;;;;;;;2007-06-21;;;;
FIIM;10.406.600/0001-08;ISHARES BM&FBOVESPA SMALL CAP FUNDO DE ÍNDICE;2023-07-31;502248;7074059934.08;AÇÕES;Ação ordinária;N;Para negociação;717103.00;12385582.21;1603795.00;27796653.36;6794832.00;118433921.76;;;GGPS3;;;;;;;;2021-04-26;;;;
FIIM;10.406.600/0001-08;ISHARES BM&FBOVESPA SMALL CAP FUNDO DE ÍNDICE;2023-07-31;502248;7074059934.08;AÇÕES;Ação ordinária;N;Para negociação;252467.00;3354603.23;564686.00;7134708.37;2711247.00;37550770.95;;;MYPK3;;;;;;;;1984-09-14;;;;
FIIM;10.406.600/0001-08;ISHARES BM&FBOVESPA SMALL CAP FUNDO DE ÍNDICE;2023-07-31;502248;7074059934.08;AÇÕES;Ação ordinária;N;Para negociação;148685.00;1239798.39;314144.00;2768898.41;1551291.00;12798150.75;;;POSI3;;;;;;;;2006-12-11;;;;
FIIM;10.406.600/0001-08;ISHARES BM&FBOVESPA SMALL CAP FUNDO DE ÍNDICE;2023-07-31;502248;7074059934.08;AÇÕES;Ação ordinária;N;Para negociação;202206.00;4075998.25;892705.00;17500854.81;2078110.00;43848121.00;;;DIRR3;;;;;;;;2009-11-19;;;;
FIIM;10.406.600/0001-08;ISHARES BM&FBOVESPA SMALL CAP FUNDO DE ÍNDICE;2023-07-31;502248;7074059934.08;AÇÕES;Ação ordinária;N;Para negociação;148711.00;1995916.74;336360.00;4530625.23;1109844.00;15482323.80;;;ENAT3;;;;;;;;2019-04-24;;;;
FIIM;10.406.600/0001-08;ISHARES BM&FBOVESPA SMALL CAP FUNDO DE ÍNDICE;2023-07-31;502248;7074059934.08;AÇÕES;Ação ordinária;N;Para negociação;134143.00;1084860.08;298466.00;2410019.12;1051128.00;10437701.04;;;CASH3;;;;;;;;2020-11-05;;;;
FIIM;10.406.600/0001-08;ISHARES BM&FBOVESPA SMALL CAP FUNDO DE ÍNDICE;2023-07-31;502248;7074059934.08;AÇÕES;Ação ordinária;N;Para negociação;113881.00;2863790.94;253039.00;6402312.65;852001.00;22075345.91;;;AGRO3;;;;;;;;2006-05-02;;;;
FIIM;10.406.600/0001-08;ISHARES BM&FBOVESPA SMALL CAP FUNDO DE ÍNDICE;2023-07-31;502248;7074059934.08;AÇÕES;Ação ordinária;N;Para negociação;1651573.00;16434143.47;3693701.00;37263971.63;17601735.00;169152673.35;;;STBP3;;;;;;;;2007-11-21;;;;
FIIM;10.406.600/0001-08;ISHARES BM&FBOVESPA SMALL CAP FUNDO DE ÍNDICE;2023-07-31;502248;7074059934.08;AÇÕES;Ação ordinária;N;Para negociação;1755.00;162610.50;4524.00;403595.79;20885.00;1723639.05;;;BRPR3;;;;;;;;2007-04-23;;;;
FIIM;10.406.600/0001-08;ISHARES BM&FBOVESPA SMALL CAP FUNDO DE ÍNDICE;2023-07-31;502248;7074059934.08;AÇÕES;Ação ordinária;N;Para negociação;3491928.00;11385678.55;7809575.00;25945025.61;33473684.00;112136841.40;;;COGN3;;;;;;;;2019-10-11;;;;
FIIM;10.406.600/0001-08;ISHARES BM&FBOVESPA SMALL CAP FUNDO DE ÍNDICE;2023-07-31;502248;7074059934.08;AÇÕES;Ação ordinária;N;Para negociação;108745.00;859371.00;245411.00;1882752.00;1089836.00;9143724.04;;;PTBL3;;;;;;;;1991-11-11;;;;
FIIM;10.406.600/0001-08;ISHARES BM&FBOVESPA SMALL CAP FUNDO DE ÍNDICE;2023-07-31;502248;7074059934.08;AÇÕES;Ação ordinária;N;Para negociação;478797.00;6343881.02;2853479.00;38392253.28;6276851.00;87248228.90;;;MRVE3;;;;;;;;2007-07-23;;;;
FIIM;10.406.600/0001-08;ISHARES BM&FBOVESPA SMALL CAP FUNDO DE ÍNDICE;2023-07-31;502248;7074059934.08;AÇÕES;Ação ordinária;N;Para negociação;382479.00;2729526.54;867503.00;6178720.14;4195275.00;31003082.25;;;EVEN3;;;;;;;;2007-04-02;;;;
FIIM;10.406.600/0001-08;ISHARES BM&FBOVESPA SMALL CAP FUNDO DE ÍNDICE;2023-07-31;502248;7074059934.08;AÇÕES;Ação ordinária;N;Para negociação;132570.00;192049.74;341736.00;578064.12;1226062.00;1839093.00;;;TRAD3;;;;;;;;2021-07-28;;;;
FIIM;10.406.600/0001-08;ISHARES BM&FBOVESPA SMALL CAP FUNDO DE ÍNDICE;2023-07-31;502248;7074059934.08;AÇÕES;Ação ordinária;N;Para negociação;3033109.00;6031912.04;6783466.00;14378927.20;20698464.00;44708682.24;;;VIIA3;;;;;;;;2021-08-16;;;;
FIIM;10.406.600/0001-08;ISHARES BM&FBOVESPA SMALL CAP FUNDO DE ÍNDICE;2023-07-31;502248;7074059934.08;AÇÕES;Ação ordinária;N;Para negociação;218294.00;1168512.07;453636.00;2498035.94;1343686.00;7659010.20;;;CEAB3;;;;;;;;2019-10-28;;;;
FIIM;10.406.600/0001-08;ISHARES BM&FBOVESPA SMALL CAP FUNDO DE ÍNDICE;2023-07-31;502248;7074059934.08;AÇÕES;Ação ordinária;N;Para negociação;220283.00;5264231.99;492663.00;12218365.41;1789747.00;42542286.19;;;INTB3;;;;;;;;2021-02-04;;;;
FIIM;10.406.600/0001-08;ISHARES BM&FBOVESPA SMALL CAP FUNDO DE ÍNDICE;2023-07-31;502248;7074059934.08;AÇÕES;Ação ordinária;N;Para negociação;813224.00;12633941.84;1818781.00;29224623.90;8345042.00;134438626.62;;;FLRY3;;;;;;;;2009-12-17;;;;
FIIM;10.406.600/0001-08;ISHARES BM&FBOVESPA SMALL CAP FUNDO DE ÍNDICE;2023-07-31;502248;7074059934.08;AÇÕES;Ação ordinária;N;Para negociação;190819.00;5425405.14;426842.00;12397804.75;1889117.00;55540039.80;;;VIVA3;;;;;;;;2019-10-10;;;;
FIIM;10.406.600/0001-08;ISHARES BM&FBOVESPA SMALL CAP FUNDO DE ÍNDICE;2023-07-31;502248;7074059934.08;AÇÕES;Ação ordinária;N;Para negociação;110114.00;642422.45;225704.00;1418936.54;1025878.00;6175785.56;;;GFSA3;;;;;;;;2006-01-26;;;;
FIIM;10.406.600/0001-08;ISHARES BM&FBOVESPA SMALL CAP FUNDO DE ÍNDICE;2023-07-31;502248;7074059934.08;AÇÕES;Ação ordinária;N;Para negociação;497864.00;6056285.73;1113549.00;13756708.79;4373221.00;53615689.46;;;ODPV3;;;;;;;;2006-12-01;;;;
FIIM;10.406.600/0001-08;ISHARES BM&FBOVESPA SMALL CAP FUNDO DE ÍNDICE;2023-07-31;502248;7074059934.08;AÇÕES;Ação ordinária;N;Para negociação;275580.00;352436.20;710384.00;962631.56;1864606.00;1734083.58;;;SEQL3;;;;;;;;2020-10-07;;;;
FIIM;10.406.600/0001-08;ISHARES BM&FBOVESPA SMALL CAP FUNDO DE ÍNDICE;2023-07-31;502248;7074059934.08;AÇÕES;Ação ordinária;N;Para negociação;181402.00;3670036.38;405086.00;7880613.49;724642.00;15746470.66;;;EZTC3;;;;;;;;2007-06-22;;;;
FIIM;10.406.600/0001-08;ISHARES BM&FBOVESPA SMALL CAP FUNDO DE ÍNDICE;2023-07-31;502248;7074059934.08;AÇÕES;Ação ordinária;N;Para negociação;943854.00;10320592.05;2111005.00;24728746.69;6692559.00;75224363.16;;;SOMA3;;;;;;;;2020-07-31;;;;
FIIM;10.406.600/0001-08;ISHARES BM&FBOVESPA SMALL CAP FUNDO DE ÍNDICE;2023-07-31;502248;7074059934.08;AÇÕES;Ação ordinária;N;Para negociação;532377.00;11273725.00;1190734.00;24755197.07;3734819.00;85863488.81;;;RECV3;;;;;;;;2021-05-05;;;;
FIIM;10.406.600/0001-08;ISHARES BM&FBOVESPA SMALL CAP FUNDO DE ÍNDICE;2023-07-31;502248;7074059934.08;AÇÕES;Ação ordinária;N;Para negociação;606255.00;7143485.02;1355864.00;16345398.32;2897941.00;34427539.08;;;AESB3;;;;;;;;2021-03-29;;;;
FIIM;10.406.600/0001-08;ISHARES BM&FBOVESPA SMALL CAP FUNDO DE ÍNDICE;2023-07-31;502248;7074059934.08;AÇÕES;Ação ordinária;N;Para negociação;436379.00;4003326.44;976049.00;9020887.52;4560553.00;44602208.34;;;SIMH3;;;;;;;;2020-09-18;;;;
FIIM;10.406.600/0001-08;ISHARES BM&FBOVESPA SMALL CAP FUNDO DE ÍNDICE;2023-07-31;502248;7074059934.08;AÇÕES;Ação ordinária;N;Para negociação;828499.00;6279768.90;1852957.00;15222568.55;6658456.00;49339158.96;;;LWSA3;;;;;;;;2020-02-06;;;;
FIIM;10.406.600/0001-08;ISHARES BM&FBOVESPA SMALL CAP FUNDO DE ÍNDICE;2023-07-31;502248;7074059934.08;AÇÕES;Ação ordinária;N;Para negociação;74022.00;3340746.81;164969.00;7477937.58;793050.00;35996539.50;;;LEVE3;;;;;;;;1973-04-30;;;;
FIIM;10.406.600/0001-08;ISHARES BM&FBOVESPA SMALL CAP FUNDO DE ÍNDICE;2023-07-31;502248;7074059934.08;AÇÕES;Ação ordinária;N;Para negociação;253657.00;2696154.87;563547.00;6196414.31;1220663.00;13927764.83;;;MOVI3;;;;;;;;2017-02-08;;;;
FIIM;10.406.600/0001-08;ISHARES BM&FBOVESPA SMALL CAP FUNDO DE ÍNDICE;2023-07-31;502248;7074059934.08;AÇÕES;Ação ordinária;N;Para negociação;569333.00;11235890.75;1273392.00;25931213.46;5946615.00;131955386.85;;;YDUQ3;;;;;;;;2019-07-23;;;;
FIIM;10.406.600/0001-08;ISHARES BM&FBOVESPA SMALL CAP FUNDO DE ÍNDICE;2023-07-31;502248;7074059934.08;AÇÕES;Ação ordinária;N;Para negociação;196320.00;1925662.56;439106.00;4267831.03;2153141.00;21962038.20;;;RANI3;;;;;;;;1981-06-10;;;;
FIIM;10.406.600/0001-08;ISHARES BM&FBOVESPA SMALL CAP FUNDO DE ÍNDICE;2023-07-31;502248;7074059934.08;AÇÕES;Ação ordinária;N;Para negociação;500720.00;4888488.27;1119940.00;11307456.76;4501988.00;45425058.92;;;BEEF3;;;;;;;;2007-07-20;;;;
FIIM;10.406.600/0001-08;ISHARES BM&FBOVESPA SMALL CAP FUNDO DE ÍNDICE;2023-07-31;502248;7074059934.08;AÇÕES;Ação ordinária;N;Para negociação;510637.00;1286683.66;1112278.00;3009658.46;5547074.00;14699746.10;;;MEAL3;;;;;;;;2015-03-31;;;;
FIIM;10.406.600/0001-08;ISHARES BM&FBOVESPA SMALL CAP FUNDO DE ÍNDICE;2023-07-31;502248;7074059934.08;AÇÕES;Ação ordinária;N;Para negociação;512121.00;627349.17;1044765.00;1375314.75;2884850.00;3461820.00;;;AERI3;;;;;;;;2020-11-11;;;;
FIIM;10.406.600/0001-08;ISHARES BM&FBOVESPA SMALL CAP FUNDO DE ÍNDICE;2023-07-31;502248;7074059934.08;AÇÕES;Ação ordinária;N;Para negociação;143759.00;830991.19;321045.00;1886046.79;1005718.00;6175108.52;;;TRIS3;;;;;;;;2007-10-15;;;;
FIIM;10.406.600/0001-08;ISHARES BM&FBOVESPA SMALL CAP FUNDO DE ÍNDICE;2023-07-31;502248;7074059934.08;AÇÕES;Ação ordinária;N;Para negociação;161078.00;2152860.55;354402.00;4909628.97;1724660.00;23282910.00;;;BMOB3;;;;;;;;2021-02-10;;;;
FIIM;10.406.600/0001-08;ISHARES BM&FBOVESPA SMALL CAP FUNDO DE ÍNDICE;2023-07-31;502248;7074059934.08;AÇÕES;Ação ordinária;N;Para negociação;155795.00;1624812.32;347505.00;3672451.26;1457328.00;14981331.84;;;MATD3;;;;;;;;2021-04-16;;;;
FIIM;10.406.600/0001-08;ISHARES BM&FBOVESPA SMALL CAP FUNDO DE ÍNDICE;2023-07-31;502248;7074059934.08;AÇÕES;Ação ordinária;N;Para negociação;596436.00;4252023.33;1334001.00;9289699.67;5273279.00;43293620.59;;;ECOR3;;;;;;;;2010-04-01;;;;
FIIM;10.406.600/0001-08;ISHARES BM&FBOVESPA SMALL CAP FUNDO DE ÍNDICE;2023-07-31;502248;7074059934.08;AÇÕES;Ação ordinária;N;Para negociação;455171.00;4744016.32;2655641.00;27613827.33;4877204.00;58721536.16;;;ONCO3;;;;;;;;2021-08-10;;;;
FIIM;10.406.600/0001-08;ISHARES BM&FBOVESPA SMALL CAP FUNDO DE ÍNDICE;2023-07-31;502248;7074059934.08;AÇÕES;Ação ordinária;N;Para negociação;515566.00;3833648.42;1153047.00;8697054.39;4892781.00;36793713.12;;;GRND3;;;;;;;;2004-10-29;;;;
FIIM;10.406.600/0001-08;ISHARES BM&FBOVESPA SMALL CAP FUNDO DE ÍNDICE;2023-07-31;502248;7074059934.08;AÇÕES;Ação ordinária;N;Para negociação;528663.00;4064818.83;1182394.00;9612981.49;3541763.00;29644556.31;;;DXCO3;;;;;;;;2021-08-19;;;;
FIIM;10.406.600/0001-08;ISHARES BM&FBOVESPA SMALL CAP FUNDO DE ÍNDICE;2023-07-31;502248;7074059934.08;AÇÕES;Ação ordinária;N;Para negociação;647184.00;7138464.86;1447486.00;16564101.77;6214783.00;72775108.93;;;MEGA3;;;;;;;;2021-12-27;;;;
FIIM;10.406.600/0001-08;ISHARES BM&FBOVESPA SMALL CAP FUNDO DE ÍNDICE;2023-07-31;502248;7074059934.08;AÇÕES;Ação ordinária;N;Para negociação;362489.00;7386467.77;810729.00;16668431.19;3903063.00;78997995.12;;;CSMG3;;;;;;;;2006-02-08;;;;
FIIM;10.406.600/0001-08;ISHARES BM&FBOVESPA SMALL CAP FUNDO DE ÍNDICE;2023-07-31;502248;7074059934.08;AÇÕES;Ação ordinária;N;Para negociação;133258.00;5704873.55;298103.00;12645095.22;1414000.00;59006220.00;;;MDIA3;;;;;;;;2006-10-18;;;;
FIIM;10.406.600/0001-08;ISHARES BM&FBOVESPA SMALL CAP FUNDO DE ÍNDICE;2023-07-31;502248;7074059934.08;AÇÕES;Ação ordinária;N;Para negociação;80820.00;425292.80;208336.00;1160718.88;936295.00;5374333.30;;;SEER3;;;;;;;;2013-10-29;;;;
FIIM;10.406.600/0001-08;ISHARES BM&FBOVESPA SMALL CAP FUNDO DE ÍNDICE;2023-07-31;502248;7074059934.08;AÇÕES;Ação ordinária;N;Para negociação;86724.00;1335799.75;193369.00;3042374.24;933315.00;13327738.20;;;ROMI3;;;;;;;;1973-06-22;;;;
FIIM;10.406.600/0001-08;ISHARES BM&FBOVESPA SMALL CAP FUNDO DE ÍNDICE;2023-07-31;502248;7074059934.08;AÇÕES;Ação ordinária;N;Para negociação;303680.00;6527108.89;679179.00;13840014.10;2730432.00;56519942.40;;;PCAR3;;;;;;;;1995-10-03;;;;
FIIM;10.406.600/0001-08;ISHARES BM&FBOVESPA SMALL CAP FUNDO DE ÍNDICE;2023-07-31;502248;7074059934.08;AÇÕES;Ação ordinária;N;Para negociação;505622.00;747568.66;1074597.00;1915569.12;3073357.00;4948104.77;;;ESPA3;;;;;;;;2021-05-03;;;;
FIIM;10.406.600/0001-08;ISHARES BM&FBOVESPA SMALL CAP FUNDO DE ÍNDICE;2023-07-31;502248;7074059934.08;AÇÕES;Ação ordinária;N;Para negociação;80786.00;1948580.20;182584.00;4374509.90;803238.00;19398197.70;;;AALR3;;;;;;;;2016-10-28;;;;
FIIM;10.406.600/0001-08;ISHARES BM&FBOVESPA SMALL CAP FUNDO DE ÍNDICE;2023-07-31;502248;7074059934.08;AÇÕES;Ação ordinária;N;Para negociação;0.00;0.00;22853.00;335167.14;115318.00;1545261.20;;;FHER3;;;;;;;;2007-04-12;;;;
FIIM;10.406.600/0001-08;ISHARES BM&FBOVESPA SMALL CAP FUNDO DE ÍNDICE;2023-07-31;502248;7074059934.08;AÇÕES;Ação ordinária;N;Para negociação;309487.00;1243464.66;654743.00;2727159.58;2950289.00;12450219.58;;;PGMN3;;;;;;;;2020-09-02;;;;
FIIM;10.406.600/0001-08;ISHARES BM&FBOVESPA SMALL CAP FUNDO DE ÍNDICE;2023-07-31;502248;7074059934.08;AÇÕES;Ação ordinária;N;Para negociação;192114.00;1603963.64;429723.00;3435011.07;1683026.00;14928440.62;;;JALL3;;;;;;;;2021-07-28;;;;
FIIM;10.406.600/0001-08;ISHARES BM&FBOVESPA SMALL CAP FUNDO DE ÍNDICE;2023-07-31;502248;7074059934.08;AÇÕES;Ação ordinária;N;Para negociação;534506.00;2429284.44;1193190.00;5606942.01;5782647.00;24807555.63;;;QUAL3;;;;;;;;2011-06-29;;;;
FIIM;10.406.600/0001-08;ISHARES BM&FBOVESPA SMALL CAP FUNDO DE ÍNDICE;2023-07-31;502248;7074059934.08;AÇÕES;Ação ordinária;N;Para negociação;451357.00;15192919.58;1014555.00;32925311.78;3100096.00;110208412.80;;;RRRP3;;;;;;;;2020-11-12;;;;
FIIM;10.406.600/0001-08;ISHARES BM&FBOVESPA SMALL CAP FUNDO DE ÍNDICE;2023-07-31;502248;7074059934.08;AÇÕES;Ação ordinária;N;Para negociação;203681.00;8420464.46;455645.00;18465675.81;1836893.00;80180379.45;;;SLCE3;;;;;;;;2007-06-15;;;;
FIIM;10.406.600/0001-08;ISHARES BM&FBOVESPA SMALL CAP FUNDO DE ÍNDICE;2023-07-31;502248;7074059934.08;AÇÕES;Ação ordinária;N;Para negociação;129900.00;3360236.61;290604.00;7563921.19;1214240.00;32990900.80;;;TUPY3;;;;;;;;1973-06-13;;;;
FIIM;10.406.600/0001-08;ISHARES BM&FBOVESPA SMALL CAP FUNDO DE ÍNDICE;2023-07-31;502248;7074059934.08;AÇÕES;Ação ordinária;N;Para negociação;345381.00;4135690.41;772464.00;9226623.38;3787356.00;47114708.64;;;MILS3;;;;;;;;2010-04-16;;;;
FIIM;10.406.600/0001-08;ISHARES BM&FBOVESPA SMALL CAP FUNDO DE ÍNDICE;2023-07-31;502248;7074059934.08;AÇÕES;Ação ordinária;N;Para negociação;87632.00;3288915.20;196070.00;7588161.59;904756.00;34805963.32;;;ORVR3;;;;;;;;2021-02-17;;;;
FIIM;10.406.600/0001-08;ISHARES BM&FBOVESPA SMALL CAP FUNDO DE ÍNDICE;2023-07-31;502248;7074059934.08;AÇÕES;Ação ordinária;N;Para negociação;137118.00;1775810.56;306686.00;3985718.98;1502622.00;19849636.62;;;PNVL3;;;;;;;;1984-08-03;;;;
FIIM;10.406.600/0001-08;ISHARES BM&FBOVESPA SMALL CAP FUNDO DE ÍNDICE;2023-07-31;502248;7074059934.08;AÇÕES;Ação ordinária;N;Para negociação;344104.00;2006278.14;769462.00;4762712.43;2416923.00;16145045.64;;;LJQQ3;;;;;;;;2020-08-10;;;;
FIIM;10.406.600/0001-08;ISHARES BM&FBOVESPA SMALL CAP FUNDO DE ÍNDICE;2023-07-31;502248;7074059934.08;AÇÕES;Ação preferencial;N;Para negociação;77875.00;3794573.37;174229.00;8429326.61;852872.00;43283254.00;;;FESA4;;;;;;;;1979-01-31;;;;
FIIM;10.406.600/0001-08;ISHARES BM&FBOVESPA SMALL CAP FUNDO DE ÍNDICE;2023-07-31;502248;7074059934.08;AÇÕES;Ação preferencial;N;Para negociação;131698.00;1921756.29;299046.00;4481917.71;1330158.00;19752846.30;;;TASA4;;;;;;;;2019-11-12;;;;
FIIM;10.406.600/0001-08;ISHARES BM&FBOVESPA SMALL CAP FUNDO DE ÍNDICE;2023-07-31;502248;7074059934.08;AÇÕES;Ação preferencial;N;Para negociação;341858.00;4093153.41;764623.00;9224417.14;3717571.00;46246583.24;;;RAPT4;;;;;;;;1993-03-19;;;;
FIIM;10.406.600/0001-08;ISHARES BM&FBOVESPA SMALL CAP FUNDO DE ÍNDICE;2023-07-31;502248;7074059934.08;AÇÕES;Ação preferencial;N;Para negociação;990566.00;7377715.89;2215427.00;16232302.70;6807988.00;49221753.24;;;USIM5;;;;;;;;1999-02-02;;;;
FIIM;10.406.600/0001-08;ISHARES BM&FBOVESPA SMALL CAP FUNDO DE ÍNDICE;2023-07-31;502248;7074059934.08;AÇÕES;Ação preferencial;N;Para negociação;656920.00;6088099.80;1469197.00;13739947.00;6373539.00;59273912.70;;;BPAN4;;;;;;;;2014-08-05;;;;
FIIM;10.406.600/0001-08;ISHARES BM&FBOVESPA SMALL CAP FUNDO DE ÍNDICE;2023-07-31;502248;7074059934.08;AÇÕES;Ação preferencial;N;Para negociação;388509.00;3498720.78;853599.00;7890881.43;1910406.00;18397209.78;;;ALPA4;;;;;;;;1973-03-19;;;;
FIIM;10.406.600/0001-08;ISHARES BM&FBOVESPA SMALL CAP FUNDO DE ÍNDICE;2023-07-31;502248;7074059934.08;AÇÕES;Ação preferencial;N;Para negociação;419713.00;4266226.29;938725.00;11034380.65;2740692.00;26392863.96;;;GOLL4;;;;;;;;2004-06-24;;;;
FIIM;10.406.600/0001-08;ISHARES BM&FBOVESPA SMALL CAP FUNDO DE ÍNDICE;2023-07-31;502248;7074059934.08;AÇÕES;Ação preferencial;N;Para negociação;482774.00;11120634.37;1079725.00;24445496.58;4443918.00;104387633.82;;;BRAP4;;;;;;;;2000-08-10;;;;
FIIM;10.406.600/0001-08;ISHARES BM&FBOVESPA SMALL CAP FUNDO DE ÍNDICE;2023-07-31;502248;7074059934.08;AÇÕES;Ação preferencial;N;Para negociação;1067333.00;5578629.09;2387137.00;12377585.07;8346784.00;43653680.32;;;POMO4;;;;;;;;1978-07-20;;;;
FIIM;10.406.600/0001-08;ISHARES BM&FBOVESPA SMALL CAP FUNDO DE ÍNDICE;2023-07-31;502248;7074059934.08;AÇÕES;Ação preferencial;N;Para negociação;389549.00;5745414.16;871284.00;12916990.81;4218652.00;61550132.68;;;BRSR6;;;;;;;;2007-09-03;;;;
FIIM;10.406.600/0001-08;ISHARES BM&FBOVESPA SMALL CAP FUNDO DE ÍNDICE;2023-07-31;502248;7074059934.08;AÇÕES;Ação preferencial;N;Para negociação;132645.00;2404232.31;301533.00;5508846.41;1415737.00;26474281.90;;;ABCB4;;;;;;;;2007-07-25;;;;
FIIM;10.406.600/0001-08;ISHARES BM&FBOVESPA SMALL CAP FUNDO DE ÍNDICE;2023-07-31;502248;7074059934.08;AÇÕES;Ação preferencial;N;Para negociação;88067.00;6952748.22;196969.00;15698886.06;753483.00;60986914.02;;;UNIP6;;;;;;;;1980-06-04;;;;
FIIM;10.406.600/0001-08;ISHARES BM&FBOVESPA SMALL CAP FUNDO DE ÍNDICE;2023-07-31;502248;7074059934.08;AÇÕES;Ação preferencial;N;Para negociação;630182.00;11122380.04;1409426.00;27885748.19;4281413.00;75781010.10;;;AZUL4;;;;;;;;2017-04-11;;;;
FIIM;10.406.600/0001-08;ISHARES BM&FBOVESPA SMALL CAP FUNDO DE ÍNDICE;2023-07-31;502248;7074059934.08;AÇÕES;Ação preferencial;N;Para negociação;1283265.00;16686549.41;2869981.00;36329200.54;13992295.00;192394056.25;;;GOAU4;;;;;;;;1973-08-27;;;;
FIIM;10.406.600/0001-08;ISHARES BM&FBOVESPA SMALL CAP FUNDO DE ÍNDICE;2023-07-31;502248;7074059934.08;DISPONIBILIDADES;Outros;;Para negociação;;;;;;10805.59;;;;Disponibilidade;;;;;;;;;;;
FIIM;10.406.600/0001-08;ISHARES BM&FBOVESPA SMALL CAP FUNDO DE ÍNDICE;2023-07-31;502248;7074059934.08;VALORES A PAGAR;Outros;;Para negociação;;;;;;118611261.09;;;;Valores a Pagar;;;;;;;;;;;
FIIM;10.406.600/0001-08;ISHARES BM&FBOVESPA SMALL CAP FUNDO DE ÍNDICE;2023-07-31;502248;7074059934.08;VALORES A RECEBER;Outros;;Para negociação;;;;;;132355762.34;;;;Valores a Receber;;;;;;;;;;;
FIIM;10.406.600/0001-08;ISHARES BM&FBOVESPA SMALL CAP FUNDO DE ÍNDICE;2023-07-31;502248;7074059934.08;MERCADO FUTURO - POSIÇÕES COMPRADAS;Contrato Futuro;;Para negociação;;;;;2105.00;714437.00;;;;FUT WIN/Q23;;;;;;;;;;;
FIIM;10.406.600/0001-08;ISHARES BM&FBOVESPA SMALL CAP FUNDO DE ÍNDICE;2023-07-31;502248;7074059934.08;AÇÕES E OUTROS TVM CEDIDOS EM EMPRÉSTIMO;Ação ordinária;N;Para negociação;;;;;2593098.00;4382335.62;;;;IFCM3;;PJ;38456921000136;INFRACOMMERCE CXAAS S.A.;;;;;;;
FIIM;10.406.600/0001-08;ISHARES BM&FBOVESPA SMALL CAP FUNDO DE ÍNDICE;2023-07-31;502248;7074059934.08;AÇÕES E OUTROS TVM CEDIDOS EM EMPRÉSTIMO;Ação ordinária;N;Para negociação;;;;;1511246.00;19963559.66;;;;SBFG3;;PJ;13217485000111;GRUPO SBF SA;;;;;;;
FIIM;10.406.600/0001-08;ISHARES BM&FBOVESPA SMALL CAP FUNDO DE ÍNDICE;2023-07-31;502248;7074059934.08;AÇÕES E OUTROS TVM CEDIDOS EM EMPRÉSTIMO;Ação ordinária;N;Para negociação;;;;;720499.00;8638783.01;;;TEND3;;;;;;;;2007-10-15;;;;
FIIM;10.406.600/0001-08;ISHARES BM&FBOVESPA SMALL CAP FUNDO DE ÍNDICE;2023-07-31;502248;7074059934.08;AÇÕES E OUTROS TVM CEDIDOS EM EMPRÉSTIMO;Ação ordinária;N;Para negociação;;;;;13000.00;72410.00;;;CLSA3;;;;;;;;2021-07-28;;;;
FIIM;10.406.600/0001-08;ISHARES BM&FBOVESPA SMALL CAP FUNDO DE ÍNDICE;2023-07-31;502248;7074059934.08;AÇÕES E OUTROS TVM CEDIDOS EM EMPRÉSTIMO;Ação ordinária;N;Para negociação;;;;;634508.00;4619218.24;;;CAML3;;;;;;;;2017-09-28;;;;
FIIM;10.406.600/0001-08;ISHARES BM&FBOVESPA SMALL CAP FUNDO DE ÍNDICE;2023-07-31;502248;7074059934.08;AÇÕES E OUTROS TVM CEDIDOS EM EMPRÉSTIMO;Ação ordinária;N;Para negociação;;;;;1969118.00;1831279.74;;;SEQL3;;;;;;;;2020-10-07;;;;
FIIM;10.406.600/0001-08;ISHARES BM&FBOVESPA SMALL CAP FUNDO DE ÍNDICE;2023-07-31;502248;7074059934.08;AÇÕES E OUTROS TVM CEDIDOS EM EMPRÉSTIMO;Ação ordinária;N;Para negociação;;;;;396838.00;17321978.70;;;SLCE3;;;;;;;;2007-06-15;;;;
FIIM;10.406.600/0001-08;ISHARES BM&FBOVESPA SMALL CAP FUNDO DE ÍNDICE;2023-07-31;502248;7074059934.08;AÇÕES E OUTROS TVM CEDIDOS EM EMPRÉSTIMO;Ação ordinária;N;Para negociação;;;;;18852.00;855692.28;;;LEVE3;;;;;;;;1973-04-30;;;;
FIIM;10.406.600/0001-08;ISHARES BM&FBOVESPA SMALL CAP FUNDO DE ÍNDICE;2023-07-31;502248;7074059934.08;AÇÕES E OUTROS TVM CEDIDOS EM EMPRÉSTIMO;Ação ordinária;N;Para negociação;;;;;1632242.00;7851084.02;;;ANIM3;;;;;;;;2013-10-28;;;;
FIIM;10.406.600/0001-08;ISHARES BM&FBOVESPA SMALL CAP FUNDO DE ÍNDICE;2023-07-31;502248;7074059934.08;AÇÕES E OUTROS TVM CEDIDOS EM EMPRÉSTIMO;Ação ordinária;N;Para negociação;;;;;1200.00;15852.00;;;PNVL3;;;;;;;;1984-08-03;;;;
FIIM;10.406.600/0001-08;ISHARES BM&FBOVESPA SMALL CAP FUNDO DE ÍNDICE;2023-07-31;502248;7074059934.08;AÇÕES E OUTROS TVM CEDIDOS EM EMPRÉSTIMO;Ação ordinária;N;Para negociação;;;;;2500.00;6625.00;;;MEAL3;;;;;;;;2015-03-31;;;;
FIIM;10.406.600/0001-08;ISHARES BM&FBOVESPA SMALL CAP FUNDO DE ÍNDICE;2023-07-31;502248;7074059934.08;AÇÕES E OUTROS TVM CEDIDOS EM EMPRÉSTIMO;Ação ordinária;N;Para negociação;;;;;576522.00;4600645.56;;;BOAS3;;;;;;;;2020-09-30;;;;
FIIM;10.406.600/0001-08;ISHARES BM&FBOVESPA SMALL CAP FUNDO DE ÍNDICE;2023-07-31;502248;7074059934.08;AÇÕES E OUTROS TVM CEDIDOS EM EMPRÉSTIMO;Ação ordinária;N;Para negociação;;;;;290765.00;1227028.30;;;PGMN3;;;;;;;;2020-09-02;;;;
FIIM;10.406.600/0001-08;ISHARES BM&FBOVESPA SMALL CAP FUNDO DE ÍNDICE;2023-07-31;502248;7074059934.08;AÇÕES E OUTROS TVM CEDIDOS EM EMPRÉSTIMO;Ação ordinária;N;Para negociação;;;;;989384.00;9982884.56;;;BEEF3;;;;;;;;2007-07-20;;;;
FIIM;10.406.600/0001-08;ISHARES BM&FBOVESPA SMALL CAP FUNDO DE ÍNDICE;2023-07-31;502248;7074059934.08;AÇÕES E OUTROS TVM CEDIDOS EM EMPRÉSTIMO;Ação ordinária;N;Para negociação;;;;;242802.00;3185562.24;;;ARML3;;;;;;;;2021-07-28;;;;
FIIM;10.406.600/0001-08;ISHARES BM&FBOVESPA SMALL CAP FUNDO DE ÍNDICE;2023-07-31;502248;7074059934.08;AÇÕES E OUTROS TVM CEDIDOS EM EMPRÉSTIMO;Ação ordinária;N;Para negociação;;;;;878851.00;5009450.70;;;CEAB3;;;;;;;;2019-10-28;;;;
FIIM;10.406.600/0001-08;ISHARES BM&FBOVESPA SMALL CAP FUNDO DE ÍNDICE;2023-07-31;502248;7074059934.08;AÇÕES E OUTROS TVM CEDIDOS EM EMPRÉSTIMO;Ação ordinária;N;Para negociação;;;;;3439.00;172500.24;;;LOGN3;;;;;;;;2007-06-21;;;;
FIIM;10.406.600/0001-08;ISHARES BM&FBOVESPA SMALL CAP FUNDO DE ÍNDICE;2023-07-31;502248;7074059934.08;AÇÕES E OUTROS TVM CEDIDOS EM EMPRÉSTIMO;Ação ordinária;N;Para negociação;;;;;225238.00;2202827.64;;;SIMH3;;;;;;;;2020-09-18;;;;
FIIM;10.406.600/0001-08;ISHARES BM&FBOVESPA SMALL CAP FUNDO DE ÍNDICE;2023-07-31;502248;7074059934.08;AÇÕES E OUTROS TVM CEDIDOS EM EMPRÉSTIMO;Ação ordinária;N;Para negociação;;;;;376049.00;9141751.19;;;ALSO3;;;;;;;;2019-08-06;;;;
FIIM;10.406.600/0001-08;ISHARES BM&FBOVESPA SMALL CAP FUNDO DE ÍNDICE;2023-07-31;502248;7074059934.08;AÇÕES E OUTROS TVM CEDIDOS EM EMPRÉSTIMO;Ação ordinária;N;Para negociação;;;;;1069425.00;18640077.75;;;GGPS3;;;;;;;;2021-04-26;;;;
FIIM;10.406.600/0001-08;ISHARES BM&FBOVESPA SMALL CAP FUNDO DE ÍNDICE;2023-07-31;502248;7074059934.08;AÇÕES E OUTROS TVM CEDIDOS EM EMPRÉSTIMO;Ação ordinária;N;Para negociação;;;;;1502.00;12676.88;;;LAVV3;;;;;;;;2020-09-02;;;;
FIIM;10.406.600/0001-08;ISHARES BM&FBOVESPA SMALL CAP FUNDO DE ÍNDICE;2023-07-31;502248;7074059934.08;AÇÕES E OUTROS TVM CEDIDOS EM EMPRÉSTIMO;Ação ordinária;N;Para negociação;;;;;265150.00;1171963.00;;;ZAMP3;;;;;;;;2022-10-26;;;;
FIIM;10.406.600/0001-08;ISHARES BM&FBOVESPA SMALL CAP FUNDO DE ÍNDICE;2023-07-31;502248;7074059934.08;AÇÕES E OUTROS TVM CEDIDOS EM EMPRÉSTIMO;Ação ordinária;N;Para negociação;;;;;183657.00;2470186.65;;;DASA3;;;;;;;;2004-11-19;;;;
FIIM;10.406.600/0001-08;ISHARES BM&FBOVESPA SMALL CAP FUNDO DE ÍNDICE;2023-07-31;502248;7074059934.08;AÇÕES E OUTROS TVM CEDIDOS EM EMPRÉSTIMO;Ação ordinária;N;Para negociação;;;;;697601.00;2776451.98;;;HBSA3;;;;;;;;2020-09-25;;;;
FIIM;10.406.600/0001-08;ISHARES BM&FBOVESPA SMALL CAP FUNDO DE ÍNDICE;2023-07-31;502248;7074059934.08;AÇÕES E OUTROS TVM CEDIDOS EM EMPRÉSTIMO;Ação ordinária;N;Para negociação;;;;;203652.00;5987368.80;;;VIVA3;;;;;;;;2019-10-10;;;;
FIIM;10.406.600/0001-08;ISHARES BM&FBOVESPA SMALL CAP FUNDO DE ÍNDICE;2023-07-31;502248;7074059934.08;AÇÕES E OUTROS TVM CEDIDOS EM EMPRÉSTIMO;Ação ordinária;N;Para negociação;;;;;41560.00;561060.00;;;BMOB3;;;;;;;;2021-02-10;;;;
FIIM;10.406.600/0001-08;ISHARES BM&FBOVESPA SMALL CAP FUNDO DE ÍNDICE;2023-07-31;502248;7074059934.08;AÇÕES E OUTROS TVM CEDIDOS EM EMPRÉSTIMO;Ação ordinária;N;Para negociação;;;;;1075158.00;44210496.96;;;IRBR3;;;;;;;;2017-07-31;;;;
FIIM;10.406.600/0001-08;ISHARES BM&FBOVESPA SMALL CAP FUNDO DE ÍNDICE;2023-07-31;502248;7074059934.08;AÇÕES E OUTROS TVM CEDIDOS EM EMPRÉSTIMO;Ação ordinária;N;Para negociação;;;;;297238.00;6595711.22;;;YDUQ3;;;;;;;;2019-07-23;;;;
FIIM;10.406.600/0001-08;ISHARES BM&FBOVESPA SMALL CAP FUNDO DE ÍNDICE;2023-07-31;502248;7074059934.08;AÇÕES E OUTROS TVM CEDIDOS EM EMPRÉSTIMO;Ação ordinária;N;Para negociação;;;;;700.00;5775.00;;;POSI3;;;;;;;;2006-12-11;;;;
FIIM;10.406.600/0001-08;ISHARES BM&FBOVESPA SMALL CAP FUNDO DE ÍNDICE;2023-07-31;502248;7074059934.08;AÇÕES E OUTROS TVM CEDIDOS EM EMPRÉSTIMO;Ação ordinária;N;Para negociação;;;;;1316942.00;6979792.60;;;CBAV3;;;;;;;;2021-07-15;;;;
FIIM;10.406.600/0001-08;ISHARES BM&FBOVESPA SMALL CAP FUNDO DE ÍNDICE;2023-07-31;502248;7074059934.08;AÇÕES E OUTROS TVM CEDIDOS EM EMPRÉSTIMO;Ação ordinária;N;Para negociação;;;;;1264811.00;27484343.03;;;EZTC3;;;;;;;;2007-06-22;;;;
FIIM;10.406.600/0001-08;ISHARES BM&FBOVESPA SMALL CAP FUNDO DE ÍNDICE;2023-07-31;502248;7074059934.08;AÇÕES E OUTROS TVM CEDIDOS EM EMPRÉSTIMO;Ação ordinária;N;Para negociação;;;;;3717010.00;12451983.50;;;MLAS3;;;;;;;;2021-07-22;;;;
FIIM;10.406.600/0001-08;ISHARES BM&FBOVESPA SMALL CAP FUNDO DE ÍNDICE;2023-07-31;502248;7074059934.08;AÇÕES E OUTROS TVM CEDIDOS EM EMPRÉSTIMO;Ação ordinária;N;Para negociação;;;;;1919084.00;3089725.24;;;ESPA3;;;;;;;;2021-05-03;;;;
FIIM;10.406.600/0001-08;ISHARES BM&FBOVESPA SMALL CAP FUNDO DE ÍNDICE;2023-07-31;502248;7074059934.08;AÇÕES E OUTROS TVM CEDIDOS EM EMPRÉSTIMO;Ação ordinária;N;Para negociação;;;;;56000.00;469840.00;;;PTBL3;;;;;;;;1991-11-11;;;;
FIIM;10.406.600/0001-08;ISHARES BM&FBOVESPA SMALL CAP FUNDO DE ÍNDICE;2023-07-31;502248;7074059934.08;AÇÕES E OUTROS TVM CEDIDOS EM EMPRÉSTIMO;Ação ordinária;N;Para negociação;;;;;4821223.00;16151097.05;;;COGN3;;;;;;;;2019-10-11;;;;
FIIM;10.406.600/0001-08;ISHARES BM&FBOVESPA SMALL CAP FUNDO DE ÍNDICE;2023-07-31;502248;7074059934.08;AÇÕES E OUTROS TVM CEDIDOS EM EMPRÉSTIMO;Ação ordinária;N;Para negociação;;;;;188150.00;1079981.00;;;SEER3;;;;;;;;2013-10-29;;;;
FIIM;10.406.600/0001-08;ISHARES BM&FBOVESPA SMALL CAP FUNDO DE ÍNDICE;2023-07-31;502248;7074059934.08;AÇÕES E OUTROS TVM CEDIDOS EM EMPRÉSTIMO;Ação ordinária;N;Para negociação;;;;;599938.00;12418716.60;;;PCAR3;;;;;;;;1995-10-03;;;;
FIIM;10.406.600/0001-08;ISHARES BM&FBOVESPA SMALL CAP FUNDO DE ÍNDICE;2023-07-31;502248;7074059934.08;AÇÕES E OUTROS TVM CEDIDOS EM EMPRÉSTIMO;Ação ordinária;N;Para negociação;;;;;57565.00;797275.25;;;MYPK3;;;;;;;;1984-09-14;;;;
FIIM;10.406.600/0001-08;ISHARES BM&FBOVESPA SMALL CAP FUNDO DE ÍNDICE;2023-07-31;502248;7074059934.08;AÇÕES E OUTROS TVM CEDIDOS EM EMPRÉSTIMO;Ação ordinária;N;Para negociação;;;;;36656.00;784438.40;;;LOGG3;;;;;;;;2018-12-21;;;;
FIIM;10.406.600/0001-08;ISHARES BM&FBOVESPA SMALL CAP FUNDO DE ÍNDICE;2023-07-31;502248;7074059934.08;AÇÕES E OUTROS TVM CEDIDOS EM EMPRÉSTIMO;Ação ordinária;N;Para negociação;;;;;12564733.00;27139823.28;;;VIIA3;;;;;;;;2021-08-16;;;;
FIIM;10.406.600/0001-08;ISHARES BM&FBOVESPA SMALL CAP FUNDO DE ÍNDICE;2023-07-31;502248;7074059934.08;AÇÕES E OUTROS TVM CEDIDOS EM EMPRÉSTIMO;Ação ordinária;N;Para negociação;;;;;396959.00;10285207.69;;;AGRO3;;;;;;;;2006-05-02;;;;
FIIM;10.406.600/0001-08;ISHARES BM&FBOVESPA SMALL CAP FUNDO DE ÍNDICE;2023-07-31;502248;7074059934.08;AÇÕES E OUTROS TVM CEDIDOS EM EMPRÉSTIMO;Ação ordinária;N;Para negociação;;;;;424000.00;3760880.00;;;JALL3;;;;;;;;2021-07-28;;;;
FIIM;10.406.600/0001-08;ISHARES BM&FBOVESPA SMALL CAP FUNDO DE ÍNDICE;2023-07-31;502248;7074059934.08;AÇÕES E OUTROS TVM CEDIDOS EM EMPRÉSTIMO;Ação ordinária;N;Para negociação;;;;;3674.00;303215.22;;;BRPR3;;;;;;;;2007-04-23;;;;
FIIM;10.406.600/0001-08;ISHARES BM&FBOVESPA SMALL CAP FUNDO DE ÍNDICE;2023-07-31;502248;7074059934.08;AÇÕES E OUTROS TVM CEDIDOS EM EMPRÉSTIMO;Ação ordinária;N;Para negociação;;;;;477925.00;12736701.25;;;SQIA3;;;;;;;;2019-02-18;;;;
FIIM;10.406.600/0001-08;ISHARES BM&FBOVESPA SMALL CAP FUNDO DE ÍNDICE;2023-07-31;502248;7074059934.08;AÇÕES E OUTROS TVM CEDIDOS EM EMPRÉSTIMO;Ação ordinária;N;Para negociação;;;;;4122959.00;28860713.00;;;PETZ3;;;;;;;;2020-09-11;;;;
FIIM;10.406.600/0001-08;ISHARES BM&FBOVESPA SMALL CAP FUNDO DE ÍNDICE;2023-07-31;502248;7074059934.08;AÇÕES E OUTROS TVM CEDIDOS EM EMPRÉSTIMO;Ação ordinária;N;Para negociação;;;;;1267734.00;10408096.14;;;ECOR3;;;;;;;;2010-04-01;;;;
FIIM;10.406.600/0001-08;ISHARES BM&FBOVESPA SMALL CAP FUNDO DE ÍNDICE;2023-07-31;502248;7074059934.08;AÇÕES E OUTROS TVM CEDIDOS EM EMPRÉSTIMO;Ação ordinária;N;Para negociação;;;;;30364.00;191293.20;;;WIZC3;;;;;;;;2023-02-09;;;;
FIIM;10.406.600/0001-08;ISHARES BM&FBOVESPA SMALL CAP FUNDO DE ÍNDICE;2023-07-31;502248;7074059934.08;AÇÕES E OUTROS TVM CEDIDOS EM EMPRÉSTIMO;Ação ordinária;N;Para negociação;;;;;47559.00;1984637.07;;;MDIA3;;;;;;;;2006-10-18;;;;
FIIM;10.406.600/0001-08;ISHARES BM&FBOVESPA SMALL CAP FUNDO DE ÍNDICE;2023-07-31;502248;7074059934.08;AÇÕES E OUTROS TVM CEDIDOS EM EMPRÉSTIMO;Ação ordinária;N;Para negociação;;;;;82978.00;2003918.70;;;AALR3;;;;;;;;2016-10-28;;;;
FIIM;10.406.600/0001-08;ISHARES BM&FBOVESPA SMALL CAP FUNDO DE ÍNDICE;2023-07-31;502248;7074059934.08;AÇÕES E OUTROS TVM CEDIDOS EM EMPRÉSTIMO;Ação ordinária;N;Para negociação;;;;;1850205.00;65774787.75;;;RRRP3;;;;;;;;2020-11-12;;;;
FIIM;10.406.600/0001-08;ISHARES BM&FBOVESPA SMALL CAP FUNDO DE ÍNDICE;2023-07-31;502248;7074059934.08;AÇÕES E OUTROS TVM CEDIDOS EM EMPRÉSTIMO;Ação ordinária;N;Para negociação;;;;;2175417.00;16141594.14;;;MRFG3;;;;;;;;2007-06-28;;;;
FIIM;10.406.600/0001-08;ISHARES BM&FBOVESPA SMALL CAP FUNDO DE ÍNDICE;2023-07-31;502248;7074059934.08;AÇÕES E OUTROS TVM CEDIDOS EM EMPRÉSTIMO;Ação ordinária;N;Para negociação;;;;;3750765.00;44559088.20;;;AESB3;;;;;;;;2021-03-29;;;;
FIIM;10.406.600/0001-08;ISHARES BM&FBOVESPA SMALL CAP FUNDO DE ÍNDICE;2023-07-31;502248;7074059934.08;AÇÕES E OUTROS TVM CEDIDOS EM EMPRÉSTIMO;Ação ordinária;N;Para negociação;;;;;300.00;6858.00;;;SMFT3;;;;;;;;2018-02-26;;;;
FIIM;10.406.600/0001-08;ISHARES BM&FBOVESPA SMALL CAP FUNDO DE ÍNDICE;2023-07-31;502248;7074059934.08;AÇÕES E OUTROS TVM CEDIDOS EM EMPRÉSTIMO;Ação ordinária;N;Para negociação;;;;;618451.00;927676.50;;;TRAD3;;;;;;;;2021-07-28;;;;
FIIM;10.406.600/0001-08;ISHARES BM&FBOVESPA SMALL CAP FUNDO DE ÍNDICE;2023-07-31;502248;7074059934.08;AÇÕES E OUTROS TVM CEDIDOS EM EMPRÉSTIMO;Ação ordinária;N;Para negociação;;;;;17800.00;254184.00;;;ROMI3;;;;;;;;1973-06-22;;;;
FIIM;10.406.600/0001-08;ISHARES BM&FBOVESPA SMALL CAP FUNDO DE ÍNDICE;2023-07-31;502248;7074059934.08;AÇÕES E OUTROS TVM CEDIDOS EM EMPRÉSTIMO;Ação ordinária;N;Para negociação;;;;;521391.00;7273404.45;;;ENAT3;;;;;;;;2019-04-24;;;;
FIIM;10.406.600/0001-08;ISHARES BM&FBOVESPA SMALL CAP FUNDO DE ÍNDICE;2023-07-31;502248;7074059934.08;AÇÕES E OUTROS TVM CEDIDOS EM EMPRÉSTIMO;Ação ordinária;N;Para negociação;;;;;873275.00;4925271.00;;;JHSF3;;;;;;;;2007-04-12;;;;
FIIM;10.406.600/0001-08;ISHARES BM&FBOVESPA SMALL CAP FUNDO DE ÍNDICE;2023-07-31;502248;7074059934.08;AÇÕES E OUTROS TVM CEDIDOS EM EMPRÉSTIMO;Ação ordinária;N;Para negociação;;;;;355581.00;7481424.24;;;AMBP3;;;;;;;;2020-07-13;;;;
FIIM;10.406.600/0001-08;ISHARES BM&FBOVESPA SMALL CAP FUNDO DE ÍNDICE;2023-07-31;502248;7074059934.08;AÇÕES E OUTROS TVM CEDIDOS EM EMPRÉSTIMO;Ação ordinária;N;Para negociação;;;;;2103694.00;48363925.06;;;RECV3;;;;;;;;2021-05-05;;;;
FIIM;10.406.600/0001-08;ISHARES BM&FBOVESPA SMALL CAP FUNDO DE ÍNDICE;2023-07-31;502248;7074059934.08;AÇÕES E OUTROS TVM CEDIDOS EM EMPRÉSTIMO;Ação ordinária;N;Para negociação;;;;;3658545.00;41122045.80;;;SOMA3;;;;;;;;2020-07-31;;;;
FIIM;10.406.600/0001-08;ISHARES BM&FBOVESPA SMALL CAP FUNDO DE ÍNDICE;2023-07-31;502248;7074059934.08;AÇÕES E OUTROS TVM CEDIDOS EM EMPRÉSTIMO;Ação ordinária;N;Para negociação;;;;;457871.00;37728570.40;;;ARZZ3;;;;;;;;2011-02-02;;;;
FIIM;10.406.600/0001-08;ISHARES BM&FBOVESPA SMALL CAP FUNDO DE ÍNDICE;2023-07-31;502248;7074059934.08;AÇÕES E OUTROS TVM CEDIDOS EM EMPRÉSTIMO;Ação ordinária;N;Para negociação;;;;;56427.00;2170746.69;;;ORVR3;;;;;;;;2021-02-17;;;;
FIIM;10.406.600/0001-08;ISHARES BM&FBOVESPA SMALL CAP FUNDO DE ÍNDICE;2023-07-31;502248;7074059934.08;AÇÕES E OUTROS TVM CEDIDOS EM EMPRÉSTIMO;Ação ordinária;N;Para negociação;;;;;1811830.00;25184437.00;;;MRVE3;;;;;;;;2007-07-23;;;;
FIIM;10.406.600/0001-08;ISHARES BM&FBOVESPA SMALL CAP FUNDO DE ÍNDICE;2023-07-31;502248;7074059934.08;AÇÕES E OUTROS TVM CEDIDOS EM EMPRÉSTIMO;Ação ordinária;N;Para negociação;;;;;148500.00;1449360.00;;;BRFS3;;;;;;;;2009-12-10;;;;
FIIM;10.406.600/0001-08;ISHARES BM&FBOVESPA SMALL CAP FUNDO DE ÍNDICE;2023-07-31;502248;7074059934.08;AÇÕES E OUTROS TVM CEDIDOS EM EMPRÉSTIMO;Ação ordinária;N;Para negociação;;;;;510549.00;4906375.89;;;STBP3;;;;;;;;2007-11-21;;;;
FIIM;10.406.600/0001-08;ISHARES BM&FBOVESPA SMALL CAP FUNDO DE ÍNDICE;2023-07-31;502248;7074059934.08;AÇÕES E OUTROS TVM CEDIDOS EM EMPRÉSTIMO;Ação ordinária;N;Para negociação;;;;;2511810.00;19893535.20;;;GMAT3;;;;;;;;2020-10-13;;;;
FIIM;10.406.600/0001-08;ISHARES BM&FBOVESPA SMALL CAP FUNDO DE ÍNDICE;2023-07-31;502248;7074059934.08;AÇÕES E OUTROS TVM CEDIDOS EM EMPRÉSTIMO;Ação ordinária;N;Para negociação;;;;;573324.00;9236249.64;;;FLRY3;;;;;;;;2009-12-17;;;;
FIIM;10.406.600/0001-08;ISHARES BM&FBOVESPA SMALL CAP FUNDO DE ÍNDICE;2023-07-31;502248;7074059934.08;AÇÕES E OUTROS TVM CEDIDOS EM EMPRÉSTIMO;Ação ordinária;N;Para negociação;;;;;492505.00;3023980.70;;;TRIS3;;;;;;;;2007-10-15;;;;
FIIM;10.406.600/0001-08;ISHARES BM&FBOVESPA SMALL CAP FUNDO DE ÍNDICE;2023-07-31;502248;7074059934.08;AÇÕES E OUTROS TVM CEDIDOS EM EMPRÉSTIMO;Ação ordinária;N;Para negociação;;;;;72315.00;1463655.60;;;CSMG3;;;;;;;;2006-02-08;;;;
FIIM;10.406.600/0001-08;ISHARES BM&FBOVESPA SMALL CAP FUNDO DE ÍNDICE;2023-07-31;502248;7074059934.08;AÇÕES E OUTROS TVM CEDIDOS EM EMPRÉSTIMO;Ação ordinária;N;Para negociação;;;;;793112.00;14093600.24;;;CURY3;;;;;;;;2020-09-21;;;;
FIIM;10.406.600/0001-08;ISHARES BM&FBOVESPA SMALL CAP FUNDO DE ÍNDICE;2023-07-31;502248;7074059934.08;AÇÕES E OUTROS TVM CEDIDOS EM EMPRÉSTIMO;Ação ordinária;N;Para negociação;;;;;2255934.00;18882167.58;;;DXCO3;;;;;;;;2021-08-19;;;;
FIIM;10.406.600/0001-08;ISHARES BM&FBOVESPA SMALL CAP FUNDO DE ÍNDICE;2023-07-31;502248;7074059934.08;AÇÕES E OUTROS TVM CEDIDOS EM EMPRÉSTIMO;Ação ordinária;N;Para negociação;;;;;611650.00;4471161.50;;;GUAR3;;;;;;;;1973-05-14;;;;
FIIM;10.406.600/0001-08;ISHARES BM&FBOVESPA SMALL CAP FUNDO DE ÍNDICE;2023-07-31;502248;7074059934.08;AÇÕES E OUTROS TVM CEDIDOS EM EMPRÉSTIMO;Ação ordinária;N;Para negociação;;;;;1961730.00;46728408.60;;;CYRE3;;;;;;;;1996-05-27;;;;
FIIM;10.406.600/0001-08;ISHARES BM&FBOVESPA SMALL CAP FUNDO DE ÍNDICE;2023-07-31;502248;7074059934.08;AÇÕES E OUTROS TVM CEDIDOS EM EMPRÉSTIMO;Ação ordinária;N;Para negociação;;;;;166046.00;3503570.60;;;DIRR3;;;;;;;;2009-11-19;;;;
FIIM;10.406.600/0001-08;ISHARES BM&FBOVESPA SMALL CAP FUNDO DE ÍNDICE;2023-07-31;502248;7074059934.08;AÇÕES E OUTROS TVM CEDIDOS EM EMPRÉSTIMO;Ação ordinária;N;Para negociação;;;;;361.00;4490.84;;;MILS3;;;;;;;;2010-04-16;;;;
FIIM;10.406.600/0001-08;ISHARES BM&FBOVESPA SMALL CAP FUNDO DE ÍNDICE;2023-07-31;502248;7074059934.08;AÇÕES E OUTROS TVM CEDIDOS EM EMPRÉSTIMO;Ação ordinária;N;Para negociação;;;;;114759.00;1381698.36;;;ONCO3;;;;;;;;2021-08-10;;;;
FIIM;10.406.600/0001-08;ISHARES BM&FBOVESPA SMALL CAP FUNDO DE ÍNDICE;2023-07-31;502248;7074059934.08;AÇÕES E OUTROS TVM CEDIDOS EM EMPRÉSTIMO;Ação ordinária;N;Para negociação;;;;;54236.00;1815278.92;;;SMTO3;;;;;;;;2007-02-12;;;;
FIIM;10.406.600/0001-08;ISHARES BM&FBOVESPA SMALL CAP FUNDO DE ÍNDICE;2023-07-31;502248;7074059934.08;AÇÕES E OUTROS TVM CEDIDOS EM EMPRÉSTIMO;Ação ordinária;N;Para negociação;;;;;882837.00;10338021.27;;;MEGA3;;;;;;;;2021-12-27;;;;
FIIM;10.406.600/0001-08;ISHARES BM&FBOVESPA SMALL CAP FUNDO DE ÍNDICE;2023-07-31;502248;7074059934.08;AÇÕES E OUTROS TVM CEDIDOS EM EMPRÉSTIMO;Ação ordinária;N;Para negociação;;;;;251309.00;2583456.52;;;MATD3;;;;;;;;2021-04-16;;;;
FIIM;10.406.600/0001-08;ISHARES BM&FBOVESPA SMALL CAP FUNDO DE ÍNDICE;2023-07-31;502248;7074059934.08;AÇÕES E OUTROS TVM CEDIDOS EM EMPRÉSTIMO;Ação ordinária;N;Para negociação;;;;;1086841.00;13324670.66;;;ODPV3;;;;;;;;2006-12-01;;;;
FIIM;10.406.600/0001-08;ISHARES BM&FBOVESPA SMALL CAP FUNDO DE ÍNDICE;2023-07-31;502248;7074059934.08;AÇÕES E OUTROS TVM CEDIDOS EM EMPRÉSTIMO;Ação ordinária;N;Para negociação;;;;;210519.00;5719801.23;;;TUPY3;;;;;;;;1973-06-13;;;;
FIIM;10.406.600/0001-08;ISHARES BM&FBOVESPA SMALL CAP FUNDO DE ÍNDICE;2023-07-31;502248;7074059934.08;AÇÕES E OUTROS TVM CEDIDOS EM EMPRÉSTIMO;Ação ordinária;N;Para negociação;;;;;407405.00;4045531.65;;;CASH3;;;;;;;;2020-11-05;;;;
FIIM;10.406.600/0001-08;ISHARES BM&FBOVESPA SMALL CAP FUNDO DE ÍNDICE;2023-07-31;502248;7074059934.08;AÇÕES E OUTROS TVM CEDIDOS EM EMPRÉSTIMO;Ação ordinária;N;Para negociação;;;;;3700259.00;68491794.09;;;EMBR3;;;;;;;;1989-08-28;;;;
FIIM;10.406.600/0001-08;ISHARES BM&FBOVESPA SMALL CAP FUNDO DE ÍNDICE;2023-07-31;502248;7074059934.08;AÇÕES E OUTROS TVM CEDIDOS EM EMPRÉSTIMO;Ação ordinária;N;Para negociação;;;;;761354.00;5725382.08;;;GRND3;;;;;;;;2004-10-29;;;;
FIIM;10.406.600/0001-08;ISHARES BM&FBOVESPA SMALL CAP FUNDO DE ÍNDICE;2023-07-31;502248;7074059934.08;AÇÕES E OUTROS TVM CEDIDOS EM EMPRÉSTIMO;Ação ordinária;N;Para negociação;;;;;79032.00;339047.28;;;QUAL3;;;;;;;;2011-06-29;;;;
FIIM;10.406.600/0001-08;ISHARES BM&FBOVESPA SMALL CAP FUNDO DE ÍNDICE;2023-07-31;502248;7074059934.08;AÇÕES E OUTROS TVM CEDIDOS EM EMPRÉSTIMO;Ação ordinária;N;Para negociação;;;;;2427544.00;17988101.04;;;LWSA3;;;;;;;;2020-02-06;;;;
FIIM;10.406.600/0001-08;ISHARES BM&FBOVESPA SMALL CAP FUNDO DE ÍNDICE;2023-07-31;502248;7074059934.08;AÇÕES E OUTROS TVM CEDIDOS EM EMPRÉSTIMO;Ação ordinária;N;Para negociação;;;;;1356812.00;9063504.16;;;LJQQ3;;;;;;;;2020-08-10;;;;
FIIM;10.406.600/0001-08;ISHARES BM&FBOVESPA SMALL CAP FUNDO DE ÍNDICE;2023-07-31;502248;7074059934.08;AÇÕES E OUTROS TVM CEDIDOS EM EMPRÉSTIMO;Ação ordinária;N;Para negociação;;;;;11324.00;33745.52;;;CVCB3;;;;;;;;2013-12-09;;;;
FIIM;10.406.600/0001-08;ISHARES BM&FBOVESPA SMALL CAP FUNDO DE ÍNDICE;2023-07-31;502248;7074059934.08;AÇÕES E OUTROS TVM CEDIDOS EM EMPRÉSTIMO;Ação ordinária;N;Para negociação;;;;;1851764.00;2222116.80;;;AERI3;;;;;;;;2020-11-11;;;;
FIIM;10.406.600/0001-08;ISHARES BM&FBOVESPA SMALL CAP FUNDO DE ÍNDICE;2023-07-31;502248;7074059934.08;AÇÕES E OUTROS TVM CEDIDOS EM EMPRÉSTIMO;Ação ordinária;N;Para negociação;;;;;1560978.00;17810758.98;;;MOVI3;;;;;;;;2017-02-08;;;;
FIIM;10.406.600/0001-08;ISHARES BM&FBOVESPA SMALL CAP FUNDO DE ÍNDICE;2023-07-31;502248;7074059934.08;AÇÕES E OUTROS TVM CEDIDOS EM EMPRÉSTIMO;Ação ordinária;N;Para negociação;;;;;626046.00;14881113.42;;;INTB3;;;;;;;;2021-02-04;;;;
FIIM;10.406.600/0001-08;ISHARES BM&FBOVESPA SMALL CAP FUNDO DE ÍNDICE;2023-07-31;502248;7074059934.08;AÇÕES E OUTROS TVM CEDIDOS EM EMPRÉSTIMO;Ação preferencial;N;Para negociação;;;;;830771.00;7726170.30;;;BPAN4;;;;;;;;2014-08-05;;;;
FIIM;10.406.600/0001-08;ISHARES BM&FBOVESPA SMALL CAP FUNDO DE ÍNDICE;2023-07-31;502248;7074059934.08;AÇÕES E OUTROS TVM CEDIDOS EM EMPRÉSTIMO;Ação preferencial;N;Para negociação;;;;;53437.00;779645.83;;;BRSR6;;;;;;;;2007-09-03;;;;
FIIM;10.406.600/0001-08;ISHARES BM&FBOVESPA SMALL CAP FUNDO DE ÍNDICE;2023-07-31;502248;7074059934.08;AÇÕES E OUTROS TVM CEDIDOS EM EMPRÉSTIMO;Ação preferencial;N;Para negociação;;;;;114459.00;1699716.15;;;TASA4;;;;;;;;2019-11-12;;;;
FIIM;10.406.600/0001-08;ISHARES BM&FBOVESPA SMALL CAP FUNDO DE ÍNDICE;2023-07-31;502248;7074059934.08;AÇÕES E OUTROS TVM CEDIDOS EM EMPRÉSTIMO;Ação preferencial;N;Para negociação;;;;;1862254.00;17933506.02;;;GOLL4;;;;;;;;2004-06-24;;;;
FIIM;10.406.600/0001-08;ISHARES BM&FBOVESPA SMALL CAP FUNDO DE ÍNDICE;2023-07-31;502248;7074059934.08;AÇÕES E OUTROS TVM CEDIDOS EM EMPRÉSTIMO;Ação preferencial;N;Para negociação;;;;;3358466.00;17564777.18;;;POMO4;;;;;;;;1978-07-20;;;;
FIIM;10.406.600/0001-08;ISHARES BM&FBOVESPA SMALL CAP FUNDO DE ÍNDICE;2023-07-31;502248;7074059934.08;AÇÕES E OUTROS TVM CEDIDOS EM EMPRÉSTIMO;Ação preferencial;N;Para negociação;;;;;1280.00;64960.00;;;FESA4;;;;;;;;1979-01-31;;;;
FIIM;10.406.600/0001-08;ISHARES BM&FBOVESPA SMALL CAP FUNDO DE ÍNDICE;2023-07-31;502248;7074059934.08;AÇÕES E OUTROS TVM CEDIDOS EM EMPRÉSTIMO;Ação preferencial;N;Para negociação;;;;;850596.00;19980500.04;;;BRAP4;;;;;;;;2000-08-10;;;;
FIIM;10.406.600/0001-08;ISHARES BM&FBOVESPA SMALL CAP FUNDO DE ÍNDICE;2023-07-31;502248;7074059934.08;AÇÕES E OUTROS TVM CEDIDOS EM EMPRÉSTIMO;Ação preferencial;N;Para negociação;;;;;2349375.00;22624481.25;;;ALPA4;;;;;;;;1973-03-19;;;;
FIIM;10.406.600/0001-08;ISHARES BM&FBOVESPA SMALL CAP FUNDO DE ÍNDICE;2023-07-31;502248;7074059934.08;AÇÕES E OUTROS TVM CEDIDOS EM EMPRÉSTIMO;Ação preferencial;N;Para negociação;;;;;2629638.00;46544592.60;;;AZUL4;;;;;;;;2017-04-11;;;;
FIIM;10.406.600/0001-08;ISHARES BM&FBOVESPA SMALL CAP FUNDO DE ÍNDICE;2023-07-31;502248;7074059934.08;AÇÕES E OUTROS TVM CEDIDOS EM EMPRÉSTIMO;Ação preferencial;N;Para negociação;;;;;4055229.00;29319305.67;;;USIM5;;;;;;;;1999-02-02;;;;
FIIM;10.406.600/0001-08;ISHARES BM&FBOVESPA SMALL CAP FUNDO DE ÍNDICE;2023-07-31;502248;7074059934.08;AÇÕES E OUTROS TVM CEDIDOS EM EMPRÉSTIMO;Ação preferencial;N;Para negociação;;;;;31548.00;392457.12;;;RAPT4;;;;;;;;1993-03-19;;;;
FIIM;10.406.600/0001-08;ISHARES BM&FBOVESPA SMALL CAP FUNDO DE ÍNDICE;2023-07-31;502248;7074059934.08;AÇÕES E OUTROS TVM CEDIDOS EM EMPRÉSTIMO;Ação preferencial;N;Para negociação;;;;;80861.00;1111838.75;;;GOAU4;;;;;;;;1973-08-27;;;;
FIIM;10.406.600/0001-08;ISHARES BM&FBOVESPA SMALL CAP FUNDO DE ÍNDICE;2023-07-31;502248;7074059934.08;AÇÕES E OUTROS TVM CEDIDOS EM EMPRÉSTIMO;Ação preferencial;N;Para negociação;;;;;212393.00;17191089.42;;;UNIP6;;;;;;;;1980-06-04;;;;
FIIM;10.406.600/0001-08;ISHARES BM&FBOVESPA SMALL CAP FUNDO DE ÍNDICE;2023-07-31;502248;7074059934.08;AÇÕES E OUTROS TVM CEDIDOS EM EMPRÉSTIMO;Certificado de depósito de ações;N;Para negociação;;;;;69593.00;2027244.09;;;ALUP11;;;;;;;;2013-04-24;;;;
FIIM;10.406.600/0001-08;ISHARES BM&FBOVESPA SMALL CAP FUNDO DE ÍNDICE;2023-07-31;502248;7074059934.08;AÇÕES E OUTROS TVM CEDIDOS EM EMPRÉSTIMO;Certificado de depósito de ações;N;Para negociação;;;;;325804.00;6828851.84;;;SAPR11;;;;;;;;2017-11-17;;;;
FIIM;10.406.600/0001-08;ISHARES BM&FBOVESPA SMALL CAP FUNDO DE ÍNDICE;2023-07-31;502248;7074059934.08;AÇÕES E OUTROS TVM CEDIDOS EM EMPRÉSTIMO;Certificado de depósito de ações;N;Para negociação;;;;;1583259.00;34641706.92;;;IGTI11;;;;;;;;2021-11-22;;;;
FIIM;10.406.600/0001-08;ISHARES BM&FBOVESPA SMALL CAP FUNDO DE ÍNDICE;2023-07-31;502248;7074059934.08;AÇÕES E OUTROS TVM CEDIDOS EM EMPRÉSTIMO;Certificado de depósito de ações;N;Para negociação;;;;;1673872.00;60259392.00;;;TAEE11;;;;;;;;2012-05-28;;;;
FIIM;10.406.600/0001-08;ISHARES BM&FBOVESPA SMALL CAP FUNDO DE ÍNDICE;2023-07-31;502248;7074059934.08;AÇÕES E OUTROS TVM CEDIDOS EM EMPRÉSTIMO;Recibo de subscrição;N;Para negociação;;;;;61163.00;256884.60;;;ABCB2;;;;;;;;2023-07-03;;;;
FIIM;10.406.600/0001-08;ISHARES BM&FBOVESPA SMALL CAP FUNDO DE ÍNDICE;2023-07-31;502248;7074059934.08;OPERAÇÕES COMPROMISSADAS;;N;Para negociação;;;;;48231.00;45798544.73;;;;;2024-01-01;;;;;100000;;;;;
FIIM;10.406.600/0001-08;ISHARES BM&FBOVESPA SMALL CAP FUNDO DE ÍNDICE;2023-07-31;502248;7074059934.08;CERTIFICADO OU RECIBO DE DEPÓSITO DE VALORES MOBILIÁRIOS;Certificado de depósito de ações;N;Para negociação;;;;;2967368.00;64926011.84;;;IGTI11;;;;;;;;2021-11-22;;;;
FIIM;10.406.600/0001-08;ISHARES BM&FBOVESPA SMALL CAP FUNDO DE ÍNDICE;2023-07-31;502248;7074059934.08;CERTIFICADO OU RECIBO DE DEPÓSITO DE VALORES MOBILIÁRIOS;Certificado de depósito de ações;N;Para negociação;;;;;3915608.00;82071143.68;;;SAPR11;;;;;;;;2017-11-17;;;;
FIIM;10.406.600/0001-08;ISHARES BM&FBOVESPA SMALL CAP FUNDO DE ÍNDICE;2023-07-31;502248;7074059934.08;CERTIFICADO OU RECIBO DE DEPÓSITO DE VALORES MOBILIÁRIOS;Certificado de depósito de ações;N;Para negociação;;;;;3002645.00;87467048.85;;;ALUP11;;;;;;;;2013-04-24;;;;
FIIM;10.406.600/0001-08;ISHARES BM&FBOVESPA SMALL CAP FUNDO DE ÍNDICE;2023-07-31;502248;7074059934.08;CERTIFICADO OU RECIBO DE DEPÓSITO DE VALORES MOBILIÁRIOS;Certificado de depósito de ações;N;Para negociação;;;;;2936385.00;105709860.00;;;TAEE11;;;;;;;;2012-05-28;;;;
FIIM;11.184.136/0001-15;IT NOW IGCT FUNDO DE ÍNDICE;2023-07-31;501305;21248669.60;AÇÕES;;N;Para negociação;0.00;0.00;0.00;0.00;1384.00;32966.88;;;CYRE3;;;;;;;;1996-05-27;;;;
FIIM;11.184.136/0001-15;IT NOW IGCT FUNDO DE ÍNDICE;2023-07-31;501305;21248669.60;AÇÕES;;N;Para negociação;0.00;0.00;0.00;0.00;996.00;28515.48;;;PSSA3;;;;;;;;2004-11-22;;;;
FIIM;11.184.136/0001-15;IT NOW IGCT FUNDO DE ÍNDICE;2023-07-31;501305;21248669.60;AÇÕES;;N;Para negociação;0.00;0.00;0.00;0.00;9687.00;80983.32;;;CPLE6;;;;;;;;1996-11-14;;;;
FIIM;11.184.136/0001-15;IT NOW IGCT FUNDO DE ÍNDICE;2023-07-31;501305;21248669.60;AÇÕES;;N;Para negociação;0.00;0.00;0.00;0.00;5588.00;26375.36;;;CIEL3;;;;;;;;2009-12-18;;;;
FIIM;11.184.136/0001-15;IT NOW IGCT FUNDO DE ÍNDICE;2023-07-31;501305;21248669.60;AÇÕES;;N;Para negociação;0.00;0.00;0.00;0.00;1000.00;12650.00;;;TTEN3;;;;;;;;2021-07-12;;;;
FIIM;11.184.136/0001-15;IT NOW IGCT FUNDO DE ÍNDICE;2023-07-31;501305;21248669.60;AÇÕES;;N;Para negociação;0.00;0.00;0.00;0.00;13418.00;535646.56;;;WEGE3;;;;;;;;2004-08-02;;;;
FIIM;11.184.136/0001-15;IT NOW IGCT FUNDO DE ÍNDICE;2023-07-31;501305;21248669.60;AÇÕES;;N;Para negociação;0.00;0.00;0.00;0.00;271.00;3869.88;;;ROMI3;;;;;;;;1973-06-22;;;;
FIIM;11.184.136/0001-15;IT NOW IGCT FUNDO DE ÍNDICE;2023-07-31;501305;21248669.60;AÇÕES;;S;Para negociação;200.00;1955.00;100.00;960.00;45507.00;446878.74;;;ITSA4;;;;;;;;1973-09-17;;;;
FIIM;11.184.136/0001-15;IT NOW IGCT FUNDO DE ÍNDICE;2023-07-31;501305;21248669.60;AÇÕES;;N;Para negociação;100.00;2495.00;0.00;0.00;4101.00;99695.31;;;ALSO3;;;;;;;;2019-08-06;;;;
FIIM;11.184.136/0001-15;IT NOW IGCT FUNDO DE ÍNDICE;2023-07-31;501305;21248669.60;AÇÕES;;N;Para negociação;0.00;0.00;0.00;0.00;442.00;3730.48;;;LAVV3;;;;;;;;2020-09-02;;;;
FIIM;11.184.136/0001-15;IT NOW IGCT FUNDO DE ÍNDICE;2023-07-31;501305;21248669.60;AÇÕES;;N;Para negociação;0.00;0.00;0.00;0.00;1067.00;14095.07;;;SBFG3;;;;;;;;2021-03-31;;;;
FIIM;11.184.136/0001-15;IT NOW IGCT FUNDO DE ÍNDICE;2023-07-31;501305;21248669.60;AÇÕES;;N;Para negociação;0.00;0.00;0.00;0.00;886.00;823.98;;;SEQL3;;;;;;;;2020-10-07;;;;
FIIM;11.184.136/0001-15;IT NOW IGCT FUNDO DE ÍNDICE;2023-07-31;501305;21248669.60;AÇÕES;;N;Para negociação;0.00;0.00;0.00;0.00;7097.00;342004.43;;;BBAS3;;;;;;;;1973-05-31;;;;
FIIM;11.184.136/0001-15;IT NOW IGCT FUNDO DE ÍNDICE;2023-07-31;501305;21248669.60;AÇÕES;;N;Para negociação;0.00;0.00;0.00;0.00;191.00;8669.49;;;LEVE3;;;;;;;;1973-04-30;;;;
FIIM;11.184.136/0001-15;IT NOW IGCT FUNDO DE ÍNDICE;2023-07-31;501305;21248669.60;AÇÕES;;N;Para negociação;0.00;0.00;0.00;0.00;2077.00;52132.70;;;TRPL4;;;;;;;;1999-07-26;;;;
FIIM;11.184.136/0001-15;IT NOW IGCT FUNDO DE ÍNDICE;2023-07-31;501305;21248669.60;AÇÕES;;N;Para negociação;0.00;0.00;0.00;0.00;3613.00;26772.33;;;LWSA3;;;;;;;;2020-02-06;;;;
FIIM;11.184.136/0001-15;IT NOW IGCT FUNDO DE ÍNDICE;2023-07-31;501305;21248669.60;AÇÕES;;N;Para negociação;0.00;0.00;0.00;0.00;1994.00;16370.74;;;ECOR3;;;;;;;;2010-04-01;;;;
FIIM;11.184.136/0001-15;IT NOW IGCT FUNDO DE ÍNDICE;2023-07-31;501305;21248669.60;AÇÕES;;N;Para negociação;200.00;3465.00;100.00;1635.00;4724.00;86307.48;;;NTCO3;;;;;;;;2019-12-18;;;;
FIIM;11.184.136/0001-15;IT NOW IGCT FUNDO DE ÍNDICE;2023-07-31;501305;21248669.60;AÇÕES;;N;Para negociação;100.00;691.00;0.00;0.00;1442.00;10699.64;;;MRFG3;;;;;;;;2007-06-28;;;;
FIIM;11.184.136/0001-15;IT NOW IGCT FUNDO DE ÍNDICE;2023-07-31;501305;21248669.60;AÇÕES;;N;Para negociação;0.00;0.00;0.00;0.00;6656.00;124999.68;;;JBSS3;;;;;;;;2007-03-29;;;;
FIIM;11.184.136/0001-15;IT NOW IGCT FUNDO DE ÍNDICE;2023-07-31;501305;21248669.60;AÇÕES;;N;Para negociação;0.00;0.00;0.00;0.00;1306.00;16246.64;;;RAPT4;;;;;;;;1993-03-19;;;;
FIIM;11.184.136/0001-15;IT NOW IGCT FUNDO DE ÍNDICE;2023-07-31;501305;21248669.60;AÇÕES;;N;Para negociação;0.00;0.00;0.00;0.00;3314.00;143363.64;;;HYPE3;;;;;;;;2008-04-18;;;;
FIIM;11.184.136/0001-15;IT NOW IGCT FUNDO DE ÍNDICE;2023-07-31;501305;21248669.60;AÇÕES;;N;Para negociação;0.00;0.00;0.00;0.00;557.00;13239.89;;;INTB3;;;;;;;;2021-02-04;;;;
FIIM;11.184.136/0001-15;IT NOW IGCT FUNDO DE ÍNDICE;2023-07-31;501305;21248669.60;AÇÕES;;N;Para negociação;0.00;0.00;0.00;0.00;500.00;2785.00;;;CLSA3;;;;;;;;2021-07-30;;;;
FIIM;11.184.136/0001-15;IT NOW IGCT FUNDO DE ÍNDICE;2023-07-31;501305;21248669.60;AÇÕES;;N;Para negociação;0.00;0.00;0.00;0.00;400.00;9660.00;;;AALR3;;;;;;;;2016-10-28;;;;
FIIM;11.184.136/0001-15;IT NOW IGCT FUNDO DE ÍNDICE;2023-07-31;501305;21248669.60;AÇÕES;;N;Para negociação;0.00;0.00;0.00;0.00;3590.00;40351.60;;;SOMA3;;;;;;;;2020-07-31;;;;
FIIM;11.184.136/0001-15;IT NOW IGCT FUNDO DE ÍNDICE;2023-07-31;501305;21248669.60;AÇÕES;;N;Para negociação;0.00;0.00;0.00;0.00;165.00;3428.70;;;BLAU3;;;;;;;;2021-04-19;;;;
FIIM;11.184.136/0001-15;IT NOW IGCT FUNDO DE ÍNDICE;2023-07-31;501305;21248669.60;AÇÕES;;N;Para negociação;0.00;0.00;0.00;0.00;634.00;8780.90;;;MYPK3;;;;;;;;1984-09-14;;;;
FIIM;11.184.136/0001-15;IT NOW IGCT FUNDO DE ÍNDICE;2023-07-31;501305;21248669.60;AÇÕES;;N;Para negociação;0.00;0.00;700.00;9898.00;2991.00;41574.90;;;MRVE3;;;;;;;;2007-07-23;;;;
FIIM;11.184.136/0001-15;IT NOW IGCT FUNDO DE ÍNDICE;2023-07-31;501305;21248669.60;AÇÕES;;N;Para negociação;0.00;0.00;0.00;0.00;4687.00;225304.09;;;SUZB3;;;;;;;;2004-08-05;;;;
FIIM;11.184.136/0001-15;IT NOW IGCT FUNDO DE ÍNDICE;2023-07-31;501305;21248669.60;AÇÕES;;N;Para negociação;0.00;0.00;0.00;0.00;6173.00;115743.75;;;LREN3;;;;;;;;1973-07-24;;;;
FIIM;11.184.136/0001-15;IT NOW IGCT FUNDO DE ÍNDICE;2023-07-31;501305;21248669.60;AÇÕES;;N;Para negociação;0.00;0.00;0.00;0.00;2864.00;9594.40;;;MLAS3;;;;;;;;2021-07-22;;;;
FIIM;11.184.136/0001-15;IT NOW IGCT FUNDO DE ÍNDICE;2023-07-31;501305;21248669.60;AÇÕES;;N;Para negociação;0.00;0.00;0.00;0.00;300.00;11541.00;;;ORVR3;;;;;;;;2021-02-17;;;;
FIIM;11.184.136/0001-15;IT NOW IGCT FUNDO DE ÍNDICE;2023-07-31;501305;21248669.60;AÇÕES;;N;Para negociação;0.00;0.00;0.00;0.00;526.00;3829.28;;;CAML3;;;;;;;;2017-09-28;;;;
FIIM;11.184.136/0001-15;IT NOW IGCT FUNDO DE ÍNDICE;2023-07-31;501305;21248669.60;AÇÕES;;N;Para negociação;0.00;0.00;0.00;0.00;1392.00;10286.88;;;EVEN3;;;;;;;;2007-04-02;;;;
FIIM;11.184.136/0001-15;IT NOW IGCT FUNDO DE ÍNDICE;2023-07-31;501305;21248669.60;AÇÕES;;N;Para negociação;0.00;0.00;0.00;0.00;4800.00;38304.00;;;BOAS3;;;;;;;;2020-09-30;;;;
FIIM;11.184.136/0001-15;IT NOW IGCT FUNDO DE ÍNDICE;2023-07-31;501305;21248669.60;AÇÕES;;N;Para negociação;200.00;669.00;100.00;324.00;11423.00;38267.05;;;COGN3;;;;;;;;2019-10-11;;;;
FIIM;11.184.136/0001-15;IT NOW IGCT FUNDO DE ÍNDICE;2023-07-31;501305;21248669.60;AÇÕES;;N;Para negociação;0.00;0.00;0.00;0.00;1116.00;10747.08;;;GOLL4;;;;;;;;2004-06-24;;;;
FIIM;11.184.136/0001-15;IT NOW IGCT FUNDO DE ÍNDICE;2023-07-31;501305;21248669.60;AÇÕES;;N;Para negociação;300.00;8967.00;100.00;2915.00;32075.00;997853.25;;;PETR4;;;;;;;;1973-09-18;;;;
FIIM;11.184.136/0001-15;IT NOW IGCT FUNDO DE ÍNDICE;2023-07-31;501305;21248669.60;AÇÕES;;N;Para negociação;0.00;0.00;0.00;0.00;595.00;7134.05;;;TEND3;;;;;;;;2007-10-15;;;;
FIIM;11.184.136/0001-15;IT NOW IGCT FUNDO DE ÍNDICE;2023-07-31;501305;21248669.60;AÇÕES;;N;Para negociação;300.00;4426.00;100.00;1393.00;41775.00;622447.50;;;B3SA3;;;;;;;;2018-03-26;;;;
FIIM;11.184.136/0001-15;IT NOW IGCT FUNDO DE ÍNDICE;2023-07-31;501305;21248669.60;AÇÕES;;N;Para negociação;0.00;0.00;0.00;0.00;5087.00;232068.94;;;PRIO3;;;;;;;;2015-06-26;;;;
FIIM;11.184.136/0001-15;IT NOW IGCT FUNDO DE ÍNDICE;2023-07-31;501305;21248669.60;AÇÕES;;N;Para negociação;0.00;0.00;0.00;0.00;2715.00;25249.50;;;BPAN4;;;;;;;;2014-08-05;;;;
FIIM;11.184.136/0001-15;IT NOW IGCT FUNDO DE ÍNDICE;2023-07-31;501305;21248669.60;AÇÕES;;N;Para negociação;100.00;1735.00;100.00;1862.00;700.00;13734.00;;;VULC3;;;;;;;;1973-07-02;;;;
FIIM;11.184.136/0001-15;IT NOW IGCT FUNDO DE ÍNDICE;2023-07-31;501305;21248669.60;AÇÕES;;N;Para negociação;0.00;0.00;0.00;0.00;2600.00;59436.00;;;SMFT3;;;;;;;;2018-02-26;;;;
FIIM;11.184.136/0001-15;IT NOW IGCT FUNDO DE ÍNDICE;2023-07-31;501305;21248669.60;AÇÕES;;N;Para negociação;0.00;0.00;0.00;0.00;605.00;10750.85;;;CURY3;;;;;;;;2020-09-21;;;;
FIIM;11.184.136/0001-15;IT NOW IGCT FUNDO DE ÍNDICE;2023-07-31;501305;21248669.60;AÇÕES;;N;Para negociação;0.00;0.00;0.00;0.00;333.00;9047.61;;;TUPY3;;;;;;;;1973-06-13;;;;
FIIM;11.184.136/0001-15;IT NOW IGCT FUNDO DE ÍNDICE;2023-07-31;501305;21248669.60;AÇÕES;;N;Para negociação;0.00;0.00;0.00;0.00;1695.00;74647.80;;;EGIE3;;;;;;;;2016-07-21;;;;
FIIM;11.184.136/0001-15;IT NOW IGCT FUNDO DE ÍNDICE;2023-07-31;501305;21248669.60;AÇÕES;;N;Para negociação;0.00;0.00;0.00;0.00;1164.00;14480.16;;;MILS3;;;;;;;;2010-04-16;;;;
FIIM;11.184.136/0001-15;IT NOW IGCT FUNDO DE ÍNDICE;2023-07-31;501305;21248669.60;AÇÕES;;N;Para negociação;0.00;0.00;0.00;0.00;495.00;4390.65;;;JALL3;;;;;;;;2021-02-08;;;;
FIIM;11.184.136/0001-15;IT NOW IGCT FUNDO DE ÍNDICE;2023-07-31;501305;21248669.60;AÇÕES;;N;Para negociação;0.00;0.00;0.00;0.00;832.00;8012.16;;;ALPA4;;;;;;;;1973-03-19;;;;
FIIM;11.184.136/0001-15;IT NOW IGCT FUNDO DE ÍNDICE;2023-07-31;501305;21248669.60;AÇÕES;;N;Para negociação;200.00;627.00;100.00;306.00;15927.00;53355.45;;;MGLU3;;;;;;;;2011-05-02;;;;
FIIM;11.184.136/0001-15;IT NOW IGCT FUNDO DE ÍNDICE;2023-07-31;501305;21248669.60;AÇÕES;;N;Para negociação;0.00;0.00;0.00;0.00;9880.00;169244.40;;;VBBR3;;;;;;;;2021-10-22;;;;
FIIM;11.184.136/0001-15;IT NOW IGCT FUNDO DE ÍNDICE;2023-07-31;501305;21248669.60;AÇÕES;;N;Para negociação;100.00;6805.00;700.00;49031.00;4623.00;310758.06;;;RENT3;;;;;;;;2005-05-23;;;;
FIIM;11.184.136/0001-15;IT NOW IGCT FUNDO DE ÍNDICE;2023-07-31;501305;21248669.60;AÇÕES;;N;Para negociação;0.00;0.00;0.00;0.00;1392.00;27213.60;;;NEOE3;;;;;;;;2017-10-05;;;;
FIIM;11.184.136/0001-15;IT NOW IGCT FUNDO DE ÍNDICE;2023-07-31;501305;21248669.60;AÇÕES;;N;Para negociação;200.00;4108.00;100.00;2058.00;927.00;18762.48;;;CSMG3;;;;;;;;2006-02-08;;;;
FIIM;11.184.136/0001-15;IT NOW IGCT FUNDO DE ÍNDICE;2023-07-31;501305;21248669.60;AÇÕES;;N;Para negociação;0.00;0.00;0.00;0.00;2241.00;39665.70;;;AZUL4;;;;;;;;2017-04-11;;;;
FIIM;11.184.136/0001-15;IT NOW IGCT FUNDO DE ÍNDICE;2023-07-31;501305;21248669.60;AÇÕES;;N;Para negociação;0.00;0.00;0.00;0.00;576.00;24036.48;;;MDIA3;;;;;;;;2006-10-18;;;;
FIIM;11.184.136/0001-15;IT NOW IGCT FUNDO DE ÍNDICE;2023-07-31;501305;21248669.60;AÇÕES;;N;Para negociação;0.00;0.00;0.00;0.00;11025.00;139686.75;;;CMIG4;;;;;;;;1973-08-20;;;;
FIIM;11.184.136/0001-15;IT NOW IGCT FUNDO DE ÍNDICE;2023-07-31;501305;21248669.60;AÇÕES;;N;Para negociação;0.00;0.00;0.00;0.00;9188.00;183208.72;;;CSAN3;;;;;;;;2005-11-18;;;;
FIIM;11.184.136/0001-15;IT NOW IGCT FUNDO DE ÍNDICE;2023-07-31;501305;21248669.60;AÇÕES;;N;Para negociação;0.00;0.00;0.00;0.00;2329.00;32606.00;;;AURE3;;;;;;;;2022-03-28;;;;
FIIM;11.184.136/0001-15;IT NOW IGCT FUNDO DE ÍNDICE;2023-07-31;501305;21248669.60;AÇÕES;;N;Para negociação;100.00;1897.00;0.00;0.00;5603.00;105840.67;;;UGPA3;;;;;;;;1999-10-13;;;;
FIIM;11.184.136/0001-15;IT NOW IGCT FUNDO DE ÍNDICE;2023-07-31;501305;21248669.60;AÇÕES;;N;Para negociação;0.00;0.00;0.00;0.00;1948.00;33953.64;;;GGPS3;;;;;;;;2021-04-26;;;;
FIIM;11.184.136/0001-15;IT NOW IGCT FUNDO DE ÍNDICE;2023-07-31;501305;21248669.60;AÇÕES;;N;Para negociação;0.00;0.00;0.00;0.00;8219.00;109888.03;;;ENEV3;;;;;;;;2013-10-22;;;;
FIIM;11.184.136/0001-15;IT NOW IGCT FUNDO DE ÍNDICE;2023-07-31;501305;21248669.60;AÇÕES;;N;Para negociação;0.00;0.00;0.00;0.00;303.00;15377.25;;;FESA4;;;;;;;;1979-01-31;;;;
FIIM;11.184.136/0001-15;IT NOW IGCT FUNDO DE ÍNDICE;2023-07-31;501305;21248669.60;AÇÕES;;N;Para negociação;0.00;0.00;0.00;0.00;1592.00;56595.60;;;RRRP3;;;;;;;;2020-11-12;;;;
FIIM;11.184.136/0001-15;IT NOW IGCT FUNDO DE ÍNDICE;2023-07-31;501305;21248669.60;AÇÕES;;N;Para negociação;0.00;0.00;0.00;0.00;935.00;4955.50;;;CBAV3;;;;;;;;2021-07-15;;;;
FIIM;11.184.136/0001-15;IT NOW IGCT FUNDO DE ÍNDICE;2023-07-31;501305;21248669.60;AÇÕES;;N;Para negociação;0.00;0.00;0.00;0.00;225.00;4734.00;;;AMBP3;;;;;;;;2020-07-13;;;;
FIIM;11.184.136/0001-15;IT NOW IGCT FUNDO DE ÍNDICE;2023-07-31;501305;21248669.60;AÇÕES;;N;Para negociação;0.00;0.00;0.00;0.00;2779.00;14534.17;;;POMO4;;;;;;;;1978-07-20;;;;
FIIM;11.184.136/0001-15;IT NOW IGCT FUNDO DE ÍNDICE;2023-07-31;501305;21248669.60;AÇÕES;;N;Para negociação;0.00;0.00;0.00;0.00;1673.00;42494.20;;;BRKM5;;;;;;;;2002-09-02;;;;
FIIM;11.184.136/0001-15;IT NOW IGCT FUNDO DE ÍNDICE;2023-07-31;501305;21248669.60;AÇÕES;;N;Para negociação;0.00;0.00;0.00;0.00;1432.00;32921.68;;;RECV3;;;;;;;;2021-05-05;;;;
FIIM;11.184.136/0001-15;IT NOW IGCT FUNDO DE ÍNDICE;2023-07-31;501305;21248669.60;AÇÕES;;N;Para negociação;0.00;0.00;0.00;0.00;1946.00;10975.44;;;JHSF3;;;;;;;;2007-04-12;;;;
FIIM;11.184.136/0001-15;IT NOW IGCT FUNDO DE ÍNDICE;2023-07-31;501305;21248669.60;AÇÕES;;N;Para negociação;0.00;0.00;0.00;0.00;2330.00;18453.60;;;GMAT3;;;;;;;;2020-10-13;;;;
FIIM;11.184.136/0001-15;IT NOW IGCT FUNDO DE ÍNDICE;2023-07-31;501305;21248669.60;AÇÕES;;N;Para negociação;0.00;0.00;0.00;0.00;4015.00;57575.10;;;TIMS3;;;;;;;;2020-10-13;;;;
FIIM;11.184.136/0001-15;IT NOW IGCT FUNDO DE ÍNDICE;2023-07-31;501305;21248669.60;AÇÕES;;N;Para negociação;200.00;5723.00;100.00;2817.00;6160.00;178455.20;;;RADL3;;;;;;;;2011-12-19;;;;
FIIM;11.184.136/0001-15;IT NOW IGCT FUNDO DE ÍNDICE;2023-07-31;501305;21248669.60;AÇÕES;;N;Para negociação;0.00;0.00;0.00;0.00;1160.00;11344.80;;;SIMH3;;;;;;;;2020-09-18;;;;
FIIM;11.184.136/0001-15;IT NOW IGCT FUNDO DE ÍNDICE;2023-07-31;501305;21248669.60;AÇÕES;;N;Para negociação;0.00;0.00;1500.00;5145.00;2191.00;6529.18;;;CVCB3;;;;;;;;2013-12-09;;;;
FIIM;11.184.136/0001-15;IT NOW IGCT FUNDO DE ÍNDICE;2023-07-31;501305;21248669.60;AÇÕES;;N;Para negociação;0.00;0.00;0.00;0.00;385.00;2425.50;;;WIZC3;;;;;;;;2023-02-09;;;;
FIIM;11.184.136/0001-15;IT NOW IGCT FUNDO DE ÍNDICE;2023-07-31;501305;21248669.60;AÇÕES;;N;Para negociação;0.00;0.00;1000.00;11780.00;2725.00;32536.50;;;VAMO3;;;;;;;;2021-01-29;;;;
FIIM;11.184.136/0001-15;IT NOW IGCT FUNDO DE ÍNDICE;2023-07-31;501305;21248669.60;AÇÕES;;N;Para negociação;0.00;0.00;0.00;0.00;2066.00;24544.08;;;AESB3;;;;;;;;2021-03-29;;;;
FIIM;11.184.136/0001-15;IT NOW IGCT FUNDO DE ÍNDICE;2023-07-31;501305;21248669.60;AÇÕES;;N;Para negociação;0.00;0.00;0.00;0.00;1706.00;74432.78;;;ELET6;;;;;;;;1974-11-13;;;;
FIIM;11.184.136/0001-15;IT NOW IGCT FUNDO DE ÍNDICE;2023-07-31;501305;21248669.60;AÇÕES;;N;Para negociação;200.00;13722.00;100.00;6658.00;40171.00;2778226.36;;;VALE3;;;;;;;;1982-02-15;;;;
FIIM;11.184.136/0001-15;IT NOW IGCT FUNDO DE ÍNDICE;2023-07-31;501305;21248669.60;AÇÕES;;N;Para negociação;0.00;0.00;0.00;0.00;1405.00;29083.50;;;PCAR3;;;;;;;;1995-10-03;;;;
FIIM;11.184.136/0001-15;IT NOW IGCT FUNDO DE ÍNDICE;2023-07-31;501305;21248669.60;AÇÕES;;S;Para negociação;300.00;8686.00;100.00;2844.00;42486.00;1216799.04;;;ITUB4;;;;;;;;2009-05-20;;;;
FIIM;11.184.136/0001-15;IT NOW IGCT FUNDO DE ÍNDICE;2023-07-31;501305;21248669.60;AÇÕES;;N;Para negociação;100.00;727.00;0.00;0.00;1756.00;12292.00;;;PETZ3;;;;;;;;2020-09-11;;;;
FIIM;11.184.136/0001-15;IT NOW IGCT FUNDO DE ÍNDICE;2023-07-31;501305;21248669.60;AÇÕES;;N;Para negociação;0.00;0.00;0.00;0.00;5401.00;168079.12;;;BBSE3;;;;;;;;2013-04-29;;;;
FIIM;11.184.136/0001-15;IT NOW IGCT FUNDO DE ÍNDICE;2023-07-31;501305;21248669.60;AÇÕES;;N;Para negociação;0.00;0.00;0.00;0.00;398.00;2909.38;;;GUAR3;;;;;;;;1973-05-14;;;;
FIIM;11.184.136/0001-15;IT NOW IGCT FUNDO DE ÍNDICE;2023-07-31;501305;21248669.60;AÇÕES;;N;Para negociação;0.00;0.00;0.00;0.00;365.00;2241.10;;;TRIS3;;;;;;;;2007-10-15;;;;
FIIM;11.184.136/0001-15;IT NOW IGCT FUNDO DE ÍNDICE;2023-07-31;501305;21248669.60;AÇÕES;;N;Para negociação;100.00;418.00;0.00;0.00;1008.00;4455.36;;;ZAMP3;;;;;;;;2022-10-26;;;;
FIIM;11.184.136/0001-15;IT NOW IGCT FUNDO DE ÍNDICE;2023-07-31;501305;21248669.60;AÇÕES;;N;Para negociação;0.00;0.00;0.00;0.00;543.00;5582.04;;;MATD3;;;;;;;;2021-04-16;;;;
FIIM;11.184.136/0001-15;IT NOW IGCT FUNDO DE ÍNDICE;2023-07-31;501305;21248669.60;AÇÕES;;N;Para negociação;0.00;0.00;0.00;0.00;12714.00;188802.90;;;BBDC3;;;;;;;;1973-12-06;;;;
FIIM;11.184.136/0001-15;IT NOW IGCT FUNDO DE ÍNDICE;2023-07-31;501305;21248669.60;AÇÕES;;N;Para negociação;0.00;0.00;0.00;0.00;209.00;10483.44;;;LOGN3;;;;;;;;2007-06-21;;;;
FIIM;11.184.136/0001-15;IT NOW IGCT FUNDO DE ÍNDICE;2023-07-31;501305;21248669.60;AÇÕES;;N;Para negociação;0.00;0.00;0.00;0.00;5035.00;20039.30;;;HBSA3;;;;;;;;2020-09-25;;;;
FIIM;11.184.136/0001-15;IT NOW IGCT FUNDO DE ÍNDICE;2023-07-31;501305;21248669.60;AÇÕES;;N;Para negociação;0.00;0.00;0.00;0.00;1386.00;16992.36;;;ODPV3;;;;;;;;2006-12-01;;;;
FIIM;11.184.136/0001-15;IT NOW IGCT FUNDO DE ÍNDICE;2023-07-31;501305;21248669.60;AÇÕES;;N;Para negociação;0.00;0.00;5400.00;46278.00;14268.00;139255.68;;;BRFS3;;;;;;;;2009-12-10;;;;
FIIM;11.184.136/0001-15;IT NOW IGCT FUNDO DE ÍNDICE;2023-07-31;501305;21248669.60;AÇÕES;;N;Para negociação;0.00;0.00;0.00;0.00;4591.00;165276.00;;;RDOR3;;;;;;;;2020-12-10;;;;
FIIM;11.184.136/0001-15;IT NOW IGCT FUNDO DE ÍNDICE;2023-07-31;501305;21248669.60;AÇÕES;;N;Para negociação;0.00;0.00;0.00;0.00;1300.00;43511.00;;;SMTO3;;;;;;;;2007-02-12;;;;
FIIM;11.184.136/0001-15;IT NOW IGCT FUNDO DE ÍNDICE;2023-07-31;501305;21248669.60;AÇÕES;;N;Para negociação;0.00;0.00;0.00;0.00;622.00;933.00;;;TRAD3;;;;;;;;2021-07-28;;;;
FIIM;11.184.136/0001-15;IT NOW IGCT FUNDO DE ÍNDICE;2023-07-31;501305;21248669.60;AÇÕES;;N;Para negociação;0.00;0.00;200.00;4000.00;676.00;14263.60;;;DIRR3;;;;;;;;2009-11-19;;;;
FIIM;11.184.136/0001-15;IT NOW IGCT FUNDO DE ÍNDICE;2023-07-31;501305;21248669.60;AÇÕES;;N;Para negociação;0.00;0.00;0.00;0.00;1543.00;2607.67;;;IFCM3;;;;;;;;2021-05-04;;;;
FIIM;11.184.136/0001-15;IT NOW IGCT FUNDO DE ÍNDICE;2023-07-31;501305;21248669.60;AÇÕES;;N;Para negociação;0.00;0.00;700.00;7203.00;2100.00;25284.00;;;ONCO3;;;;;;;;2021-08-10;;;;
FIIM;11.184.136/0001-15;IT NOW IGCT FUNDO DE ÍNDICE;2023-07-31;501305;21248669.60;AÇÕES;;N;Para negociação;200.00;2596.00;100.00;1247.00;4787.00;65821.25;;;GOAU4;;;;;;;;1973-08-27;;;;
FIIM;11.184.136/0001-15;IT NOW IGCT FUNDO DE ÍNDICE;2023-07-31;501305;21248669.60;AÇÕES;;N;Para negociação;0.00;0.00;0.00;0.00;4752.00;45666.72;;;STBP3;;;;;;;;2007-11-21;;;;
FIIM;11.184.136/0001-15;IT NOW IGCT FUNDO DE ÍNDICE;2023-07-31;501305;21248669.60;AÇÕES;;N;Para negociação;0.00;0.00;0.00;0.00;387.00;2329.74;;;GFSA3;;;;;;;;2006-01-26;;;;
FIIM;11.184.136/0001-15;IT NOW IGCT FUNDO DE ÍNDICE;2023-07-31;501305;21248669.60;AÇÕES;;N;Para negociação;0.00;0.00;0.00;0.00;12260.00;473849.00;;;ELET3;;;;;;;;1983-09-01;;;;
FIIM;11.184.136/0001-15;IT NOW IGCT FUNDO DE ÍNDICE;2023-07-31;501305;21248669.60;AÇÕES;;N;Para negociação;0.00;0.00;0.00;0.00;2489.00;40097.79;;;FLRY3;;;;;;;;2009-12-17;;;;
FIIM;11.184.136/0001-15;IT NOW IGCT FUNDO DE ÍNDICE;2023-07-31;501305;21248669.60;AÇÕES;;N;Para negociação;0.00;0.00;0.00;0.00;1863.00;34353.72;;;CMIG3;;;;;;;;1973-08-20;;;;
FIIM;11.184.136/0001-15;IT NOW IGCT FUNDO DE ÍNDICE;2023-07-31;501305;21248669.60;AÇÕES;;N;Para negociação;0.00;0.00;0.00;0.00;2866.00;166514.60;;;SBSP3;;;;;;;;1997-03-11;;;;
FIIM;11.184.136/0001-15;IT NOW IGCT FUNDO DE ÍNDICE;2023-07-31;501305;21248669.60;AÇÕES;;S;Para negociação;0.00;0.00;0.00;0.00;1987.00;49178.25;;;ITUB3;;;;;;;;2009-05-20;;;;
FIIM;11.184.136/0001-15;IT NOW IGCT FUNDO DE ÍNDICE;2023-07-31;501305;21248669.60;AÇÕES;;N;Para negociação;0.00;0.00;0.00;0.00;1517.00;11407.84;;;GRND3;;;;;;;;2004-10-29;;;;
FIIM;11.184.136/0001-15;IT NOW IGCT FUNDO DE ÍNDICE;2023-07-31;501305;21248669.60;AÇÕES;;N;Para negociação;0.00;0.00;0.00;0.00;389.00;2232.86;;;SEER3;;;;;;;;2013-10-29;;;;
FIIM;11.184.136/0001-15;IT NOW IGCT FUNDO DE ÍNDICE;2023-07-31;501305;21248669.60;AÇÕES;;N;Para negociação;0.00;0.00;0.00;0.00;330.00;27192.00;;;ARZZ3;;;;;;;;2011-02-02;;;;
FIIM;11.184.136/0001-15;IT NOW IGCT FUNDO DE ÍNDICE;2023-07-31;501305;21248669.60;AÇÕES;;N;Para negociação;0.00;0.00;0.00;0.00;426.00;6326.10;;;TASA4;;;;;;;;2019-11-12;;;;
FIIM;11.184.136/0001-15;IT NOW IGCT FUNDO DE ÍNDICE;2023-07-31;501305;21248669.60;AÇÕES;;N;Para negociação;0.00;0.00;0.00;0.00;1687.00;19754.77;;;MEGA3;;;;;;;;2021-12-27;;;;
FIIM;11.184.136/0001-15;IT NOW IGCT FUNDO DE ÍNDICE;2023-07-31;501305;21248669.60;AÇÕES;;N;Para negociação;0.00;0.00;0.00;0.00;1382.00;11567.34;;;DXCO3;;;;;;;;2021-08-19;;;;
FIIM;11.184.136/0001-15;IT NOW IGCT FUNDO DE ÍNDICE;2023-07-31;501305;21248669.60;AÇÕES;;N;Para negociação;0.00;0.00;0.00;0.00;2644.00;19116.12;;;USIM5;;;;;;;;1999-02-02;;;;
FIIM;11.184.136/0001-15;IT NOW IGCT FUNDO DE ÍNDICE;2023-07-31;501305;21248669.60;AÇÕES;;N;Para negociação;0.00;0.00;0.00;0.00;5995.00;24939.20;;;RAIZ4;;;;;;;;2021-08-05;;;;
FIIM;11.184.136/0001-15;IT NOW IGCT FUNDO DE ÍNDICE;2023-07-31;501305;21248669.60;AÇÕES;;N;Para negociação;0.00;0.00;0.00;0.00;1263.00;2033.43;;;ESPA3;;;;;;;;2021-02-01;;;;
FIIM;11.184.136/0001-15;IT NOW IGCT FUNDO DE ÍNDICE;2023-07-31;501305;21248669.60;AÇÕES;;N;Para negociação;0.00;0.00;0.00;0.00;500.00;4195.00;;;PTBL3;;;;;;;;1991-11-11;;;;
FIIM;11.184.136/0001-15;IT NOW IGCT FUNDO DE ÍNDICE;2023-07-31;501305;21248669.60;AÇÕES;;N;Para negociação;0.00;0.00;0.00;0.00;540.00;5508.00;;;RANI3;;;;;;;;1981-06-10;;;;
FIIM;11.184.136/0001-15;IT NOW IGCT FUNDO DE ÍNDICE;2023-07-31;501305;21248669.60;AÇÕES;;N;Para negociação;0.00;0.00;0.00;0.00;800.00;10800.00;;;BMOB3;;;;;;;;2021-02-10;;;;
FIIM;11.184.136/0001-15;IT NOW IGCT FUNDO DE ÍNDICE;2023-07-31;501305;21248669.60;AÇÕES;;N;Para negociação;0.00;0.00;0.00;0.00;1509.00;22016.31;;;BRSR6;;;;;;;;2007-09-03;;;;
FIIM;11.184.136/0001-15;IT NOW IGCT FUNDO DE ÍNDICE;2023-07-31;501305;21248669.60;AÇÕES;;N;Para negociação;0.00;0.00;0.00;0.00;1237.00;29057.13;;;BRAP4;;;;;;;;2000-08-10;;;;
FIIM;11.184.136/0001-15;IT NOW IGCT FUNDO DE ÍNDICE;2023-07-31;501305;21248669.60;AÇÕES;;N;Para negociação;0.00;0.00;0.00;0.00;398.00;8517.20;;;LOGG3;;;;;;;;2018-12-21;;;;
FIIM;11.184.136/0001-15;IT NOW IGCT FUNDO DE ÍNDICE;2023-07-31;501305;21248669.60;AÇÕES;;N;Para negociação;0.00;0.00;0.00;0.00;770.00;3249.40;;;PGMN3;;;;;;;;2020-09-02;;;;
FIIM;11.184.136/0001-15;IT NOW IGCT FUNDO DE ÍNDICE;2023-07-31;501305;21248669.60;AÇÕES;;N;Para negociação;0.00;0.00;0.00;0.00;1395.00;5984.55;;;QUAL3;;;;;;;;2011-06-29;;;;
FIIM;11.184.136/0001-15;IT NOW IGCT FUNDO DE ÍNDICE;2023-07-31;501305;21248669.60;AÇÕES;;N;Para negociação;0.00;0.00;0.00;0.00;946.00;41292.90;;;SLCE3;;;;;;;;2007-06-15;;;;
FIIM;11.184.136/0001-15;IT NOW IGCT FUNDO DE ÍNDICE;2023-07-31;501305;21248669.60;AÇÕES;;N;Para negociação;0.00;0.00;0.00;0.00;319.00;3167.67;;;CASH3;;;;;;;;2020-11-05;;;;
FIIM;11.184.136/0001-15;IT NOW IGCT FUNDO DE ÍNDICE;2023-07-31;501305;21248669.60;AÇÕES;;N;Para negociação;0.00;0.00;0.00;0.00;407.00;5677.65;;;ENAT3;;;;;;;;2019-04-24;;;;
FIIM;11.184.136/0001-15;IT NOW IGCT FUNDO DE ÍNDICE;2023-07-31;501305;21248669.60;AÇÕES;;N;Para negociação;200.00;6759.00;100.00;3287.00;23182.00;806965.42;;;PETR3;;;;;;;;1973-09-18;;;;
FIIM;11.184.136/0001-15;IT NOW IGCT FUNDO DE ÍNDICE;2023-07-31;501305;21248669.60;AÇÕES;;N;Para negociação;0.00;0.00;0.00;0.00;1327.00;17848.15;;;DASA3;;;;;;;;2004-11-19;;;;
FIIM;11.184.136/0001-15;IT NOW IGCT FUNDO DE ÍNDICE;2023-07-31;501305;21248669.60;AÇÕES;;N;Para negociação;0.00;0.00;0.00;0.00;661.00;7542.01;;;MOVI3;;;;;;;;2017-02-08;;;;
FIIM;11.184.136/0001-15;IT NOW IGCT FUNDO DE ÍNDICE;2023-07-31;501305;21248669.60;AÇÕES;;N;Para negociação;300.00;4970.00;100.00;1630.00;39533.00;658619.78;;;BBDC4;;;;;;;;1973-12-06;;;;
FIIM;11.184.136/0001-15;IT NOW IGCT FUNDO DE ÍNDICE;2023-07-31;501305;21248669.60;AÇÕES;;N;Para negociação;0.00;0.00;0.00;0.00;882.00;5891.76;;;LJQQ3;;;;;;;;2020-08-10;;;;
FIIM;11.184.136/0001-15;IT NOW IGCT FUNDO DE ÍNDICE;2023-07-31;501305;21248669.60;AÇÕES;;N;Para negociação;0.00;0.00;0.00;0.00;1237.00;16229.44;;;ARML3;;;;;;;;2021-07-28;;;;
FIIM;11.184.136/0001-15;IT NOW IGCT FUNDO DE ÍNDICE;2023-07-31;501305;21248669.60;AÇÕES;;N;Para negociação;0.00;0.00;0.00;0.00;5639.00;104377.89;;;EMBR3;;;;;;;;1989-08-28;;;;
FIIM;11.184.136/0001-15;IT NOW IGCT FUNDO DE ÍNDICE;2023-07-31;501305;21248669.60;AÇÕES;;N;Para negociação;0.00;0.00;0.00;0.00;432.00;8078.40;;;ABCB4;;;;;;;;2007-07-25;;;;
FIIM;11.184.136/0001-15;IT NOW IGCT FUNDO DE ÍNDICE;2023-07-31;501305;21248669.60;AÇÕES;;N;Para negociação;0.00;0.00;0.00;0.00;499.00;10843.27;;;EZTC3;;;;;;;;2007-06-22;;;;
FIIM;11.184.136/0001-15;IT NOW IGCT FUNDO DE ÍNDICE;2023-07-31;501305;21248669.60;AÇÕES;;N;Para negociação;0.00;0.00;0.00;0.00;2878.00;39486.16;;;CRFB3;;;;;;;;2017-07-20;;;;
FIIM;11.184.136/0001-15;IT NOW IGCT FUNDO DE ÍNDICE;2023-07-31;501305;21248669.60;AÇÕES;;N;Para negociação;0.00;0.00;0.00;0.00;600.00;7926.00;;;PNVL3;;;;;;;;1984-08-03;;;;
FIIM;11.184.136/0001-15;IT NOW IGCT FUNDO DE ÍNDICE;2023-07-31;501305;21248669.60;AÇÕES;;N;Para negociação;0.00;0.00;0.00;0.00;5413.00;72913.11;;;ASAI3;;;;;;;;2021-03-01;;;;
FIIM;11.184.136/0001-15;IT NOW IGCT FUNDO DE ÍNDICE;2023-07-31;501305;21248669.60;AÇÕES;;N;Para negociação;0.00;0.00;0.00;0.00;7865.00;16988.40;;;VIIA3;;;;;;;;2021-08-16;;;;
FIIM;11.184.136/0001-15;IT NOW IGCT FUNDO DE ÍNDICE;2023-07-31;501305;21248669.60;AÇÕES;;N;Para negociação;0.00;0.00;137.00;4171.00;10177.00;341336.58;;;EQTL3;;;;;;;;2006-04-03;;;;
FIIM;11.184.136/0001-15;IT NOW IGCT FUNDO DE ÍNDICE;2023-07-31;501305;21248669.60;AÇÕES;;N;Para negociação;100.00;2200.00;0.00;0.00;423.00;11272.95;;;SQIA3;;;;;;;;2019-02-18;;;;
FIIM;11.184.136/0001-15;IT NOW IGCT FUNDO DE ÍNDICE;2023-07-31;501305;21248669.60;AÇÕES;;N;Para negociação;0.00;0.00;0.00;0.00;388.00;3201.00;;;POSI3;;;;;;;;2006-12-11;;;;
FIIM;11.184.136/0001-15;IT NOW IGCT FUNDO DE ÍNDICE;2023-07-31;501305;21248669.60;AÇÕES;;N;Para negociação;0.00;0.00;0.00;0.00;713.00;20962.20;;;VIVA3;;;;;;;;2019-10-10;;;;
FIIM;11.184.136/0001-15;IT NOW IGCT FUNDO DE ÍNDICE;2023-07-31;501305;21248669.60;AÇÕES;;N;Para negociação;0.00;0.00;0.00;0.00;328.00;13487.36;;;IRBR3;;;;;;;;2017-07-31;;;;
FIIM;11.184.136/0001-15;IT NOW IGCT FUNDO DE ÍNDICE;2023-07-31;501305;21248669.60;AÇÕES;;N;Para negociação;0.00;0.00;0.00;0.00;5702.00;25373.90;;;CMIN3;;;;;;;;2021-02-18;;;;
FIIM;11.184.136/0001-15;IT NOW IGCT FUNDO DE ÍNDICE;2023-07-31;501305;21248669.60;AÇÕES;;N;Para negociação;100.00;2962.00;100.00;2973.00;3087.00;91282.59;;;TOTS3;;;;;;;;2006-03-09;;;;
FIIM;11.184.136/0001-15;IT NOW IGCT FUNDO DE ÍNDICE;2023-07-31;501305;21248669.60;AÇÕES;;N;Para negociação;0.00;0.00;0.00;0.00;1887.00;2264.40;;;AERI3;;;;;;;;2020-11-11;;;;
FIIM;11.184.136/0001-15;IT NOW IGCT FUNDO DE ÍNDICE;2023-07-31;501305;21248669.60;AÇÕES;;N;Para negociação;2226.00;52822.98;0.00;0.00;0.00;0.00;;;ENBR3;;;;;;;;2005-07-13;;;;
FIIM;11.184.136/0001-15;IT NOW IGCT FUNDO DE ÍNDICE;2023-07-31;501305;21248669.60;AÇÕES;;N;Para negociação;0.00;0.00;0.00;0.00;1751.00;4640.15;;;MEAL3;;;;;;;;2015-03-31;;;;
FIIM;11.184.136/0001-15;IT NOW IGCT FUNDO DE ÍNDICE;2023-07-31;501305;21248669.60;AÇÕES;;N;Para negociação;200.00;2721.00;100.00;1355.00;5825.00;77414.25;;;CCRO3;;;;;;;;2002-02-01;;;;
FIIM;11.184.136/0001-15;IT NOW IGCT FUNDO DE ÍNDICE;2023-07-31;501305;21248669.60;AÇÕES;;N;Para negociação;0.00;0.00;0.00;0.00;1365.00;13772.85;;;BEEF3;;;;;;;;2007-07-20;;;;
FIIM;11.184.136/0001-15;IT NOW IGCT FUNDO DE ÍNDICE;2023-07-31;501305;21248669.60;AÇÕES;;N;Para negociação;0.00;0.00;0.00;0.00;1607.00;7729.67;;;ANIM3;;;;;;;;2013-10-28;;;;
FIIM;11.184.136/0001-15;IT NOW IGCT FUNDO DE ÍNDICE;2023-07-31;501305;21248669.60;AÇÕES;;N;Para negociação;0.00;0.00;0.00;0.00;275.00;7125.25;;;AGRO3;;;;;;;;2006-05-02;;;;
FIIM;11.184.136/0001-15;IT NOW IGCT FUNDO DE ÍNDICE;2023-07-31;501305;21248669.60;AÇÕES;;N;Para negociação;0.00;0.00;0.00;0.00;1700.00;60826.00;;;CPFE3;;;;;;;;2004-09-29;;;;
FIIM;11.184.136/0001-15;IT NOW IGCT FUNDO DE ÍNDICE;2023-07-31;501305;21248669.60;AÇÕES;;N;Para negociação;0.00;0.00;0.00;0.00;9057.00;210484.68;;;RAIL3;;;;;;;;2017-03-13;;;;
FIIM;11.184.136/0001-15;IT NOW IGCT FUNDO DE ÍNDICE;2023-07-31;501305;21248669.60;AÇÕES;;N;Para negociação;0.00;0.00;0.00;0.00;2436.00;54054.84;;;YDUQ3;;;;;;;;2019-07-23;;;;
FIIM;11.184.136/0001-15;IT NOW IGCT FUNDO DE ÍNDICE;2023-07-31;501305;21248669.60;AÇÕES;;N;Para negociação;0.00;0.00;0.00;0.00;588.00;3351.60;;;CEAB3;;;;;;;;2019-10-28;;;;
FIIM;11.184.136/0001-15;IT NOW IGCT FUNDO DE ÍNDICE;2023-07-31;501305;21248669.60;AÇÕES;;N;Para negociação;200.00;897.00;100.00;445.00;30635.00;147048.00;;;HAPV3;;;;;;;;2018-04-25;;;;
FIIM;11.184.136/0001-15;IT NOW IGCT FUNDO DE ÍNDICE;2023-07-31;501305;21248669.60;AÇÕES;;N;Para negociação;0.00;0.00;0.00;0.00;2585.00;27892.15;;;CXSE3;;;;;;;;2021-04-29;;;;
FIIM;11.184.136/0001-15;IT NOW IGCT FUNDO DE ÍNDICE;2023-07-31;501305;21248669.60;AÇÕES;;N;Para negociação;0.00;0.00;0.00;0.00;7943.00;232332.75;;;GGBR4;;;;;;;;2001-02-01;;;;
FIIM;11.184.136/0001-15;IT NOW IGCT FUNDO DE ÍNDICE;2023-07-31;501305;21248669.60;AÇÕES;;N;Para negociação;200.00;5391.00;100.00;2738.00;1306.00;34491.46;;;MULT3;;;;;;;;2007-07-27;;;;
FIIM;11.184.136/0001-15;IT NOW IGCT FUNDO DE ÍNDICE;2023-07-31;501305;21248669.60;TÍTULOS PÚBLICOS;;;Para negociação;0.00;0.00;0.00;0.00;4.00;54331.56;;;210100;;;;;;;;2025-03-01;;;;
FIIM;11.184.136/0001-15;IT NOW IGCT FUNDO DE ÍNDICE;2023-07-31;501305;21248669.60;TÍTULOS PÚBLICOS;;;Para negociação;0.00;0.00;0.00;0.00;1.00;13585.75;;;210100;;;;;;;;2024-09-01;;;;
FIIM;11.184.136/0001-15;IT NOW IGCT FUNDO DE ÍNDICE;2023-07-31;501305;21248669.60;TÍTULOS PÚBLICOS;;;Para negociação;0.00;0.00;2.00;27110.68;4.00;54324.52;;;210100;;;;;;;;2025-09-01;;;;
FIIM;11.184.136/0001-15;IT NOW IGCT FUNDO DE ÍNDICE;2023-07-31;501305;21248669.60;DISPONIBILIDADES;;;Para negociação;;;;;;41832.03;;;DISPONIBILIDADES;;;;;;;;;;;;
FIIM;11.184.136/0001-15;IT NOW IGCT FUNDO DE ÍNDICE;2023-07-31;501305;21248669.60;VALORES A PAGAR;;;Para negociação;;;;;;53434.05;;;VALORES A PAGAR;;;;;;;;;;;;
FIIM;11.184.136/0001-15;IT NOW IGCT FUNDO DE ÍNDICE;2023-07-31;501305;21248669.60;VALORES A RECEBER;;;Para negociação;;;;;;330413.97;;;VALORES A RECEBER;;;;;;;;;;;;
FIIM;11.184.136/0001-15;IT NOW IGCT FUNDO DE ÍNDICE;2023-07-31;501305;21248669.60;MERCADO FUTURO - POSIÇÕES COMPRADAS;;;Para negociação;0.00;0.00;0.00;0.00;;6109.20;;;FUT WIN;;;;;;;;;;;;
FIIM;11.184.136/0001-15;IT NOW IGCT FUNDO DE ÍNDICE;2023-07-31;501305;21248669.60;AÇÕES E OUTROS TVM CEDIDOS EM EMPRÉSTIMO;;N;Para negociação;;;;;1213.00;16678.75;;;GOAU4;;;;;;;;1973-08-27;;;;
FIIM;11.184.136/0001-15;IT NOW IGCT FUNDO DE ÍNDICE;2023-07-31;501305;21248669.60;AÇÕES E OUTROS TVM CEDIDOS EM EMPRÉSTIMO;;N;Para negociação;;;;;10101.00;33838.35;;;MGLU3;;;;;;;;2011-05-02;;;;
FIIM;11.184.136/0001-15;IT NOW IGCT FUNDO DE ÍNDICE;2023-07-31;501305;21248669.60;AÇÕES E OUTROS TVM CEDIDOS EM EMPRÉSTIMO;;N;Para negociação;;;;;727.00;18465.80;;;BRKM5;;;;;;;;2002-09-02;;;;
FIIM;11.184.136/0001-15;IT NOW IGCT FUNDO DE ÍNDICE;2023-07-31;501305;21248669.60;AÇÕES E OUTROS TVM CEDIDOS EM EMPRÉSTIMO;;N;Para negociação;;;;;2115.00;22820.85;;;CXSE3;;;;;;;;2021-04-29;;;;
FIIM;11.184.136/0001-15;IT NOW IGCT FUNDO DE ÍNDICE;2023-07-31;501305;21248669.60;AÇÕES E OUTROS TVM CEDIDOS EM EMPRÉSTIMO;;N;Para negociação;;;;;305.00;3656.95;;;TEND3;;;;;;;;2007-10-15;;;;
FIIM;11.184.136/0001-15;IT NOW IGCT FUNDO DE ÍNDICE;2023-07-31;501305;21248669.60;AÇÕES E OUTROS TVM CEDIDOS EM EMPRÉSTIMO;;N;Para negociação;;;;;177.00;4717.05;;;SQIA3;;;;;;;;2019-02-18;;;;
FIIM;11.184.136/0001-15;IT NOW IGCT FUNDO DE ÍNDICE;2023-07-31;501305;21248669.60;AÇÕES E OUTROS TVM CEDIDOS EM EMPRÉSTIMO;;N;Para negociação;;;;;9.00;392.85;;;SLCE3;;;;;;;;2007-06-15;;;;
FIIM;11.184.136/0001-15;IT NOW IGCT FUNDO DE ÍNDICE;2023-07-31;501305;21248669.60;AÇÕES E OUTROS TVM CEDIDOS EM EMPRÉSTIMO;;N;Para negociação;;;;;495.00;8796.15;;;CURY3;;;;;;;;2020-09-21;;;;
FIIM;11.184.136/0001-15;IT NOW IGCT FUNDO DE ÍNDICE;2023-07-31;501305;21248669.60;AÇÕES E OUTROS TVM CEDIDOS EM EMPRÉSTIMO;;N;Para negociação;;;;;10093.00;150385.70;;;B3SA3;;;;;;;;2018-03-26;;;;
FIIM;11.184.136/0001-15;IT NOW IGCT FUNDO DE ÍNDICE;2023-07-31;501305;21248669.60;AÇÕES E OUTROS TVM CEDIDOS EM EMPRÉSTIMO;;N;Para negociação;;;;;1158.00;8592.36;;;MRFG3;;;;;;;;2007-06-28;;;;
FIIM;11.184.136/0001-15;IT NOW IGCT FUNDO DE ÍNDICE;2023-07-31;501305;21248669.60;AÇÕES E OUTROS TVM CEDIDOS EM EMPRÉSTIMO;;N;Para negociação;;;;;443.00;10530.11;;;INTB3;;;;;;;;2021-02-04;;;;
FIIM;11.184.136/0001-15;IT NOW IGCT FUNDO DE ÍNDICE;2023-07-31;501305;21248669.60;AÇÕES E OUTROS TVM CEDIDOS EM EMPRÉSTIMO;;N;Para negociação;;;;;4344.00;20503.68;;;CIEL3;;;;;;;;2009-12-18;;;;
FIIM;11.184.136/0001-15;IT NOW IGCT FUNDO DE ÍNDICE;2023-07-31;501305;21248669.60;AÇÕES E OUTROS TVM CEDIDOS EM EMPRÉSTIMO;;N;Para negociação;;;;;1035.00;10443.15;;;BEEF3;;;;;;;;2007-07-20;;;;
FIIM;11.184.136/0001-15;IT NOW IGCT FUNDO DE ÍNDICE;2023-07-31;501305;21248669.60;AÇÕES E OUTROS TVM CEDIDOS EM EMPRÉSTIMO;;N;Para negociação;;;;;372.00;15296.64;;;IRBR3;;;;;;;;2017-07-31;;;;
FIIM;11.184.136/0001-15;IT NOW IGCT FUNDO DE ÍNDICE;2023-07-31;501305;21248669.60;AÇÕES E OUTROS TVM CEDIDOS EM EMPRÉSTIMO;;N;Para negociação;;;;;4197.00;79281.33;;;UGPA3;;;;;;;;1999-10-13;;;;
FIIM;11.184.136/0001-15;IT NOW IGCT FUNDO DE ÍNDICE;2023-07-31;501305;21248669.60;AÇÕES E OUTROS TVM CEDIDOS EM EMPRÉSTIMO;;N;Para negociação;;;;;1783.00;5313.34;;;CVCB3;;;;;;;;2013-12-09;;;;
FIIM;11.184.136/0001-15;IT NOW IGCT FUNDO DE ÍNDICE;2023-07-31;501305;21248669.60;AÇÕES E OUTROS TVM CEDIDOS EM EMPRÉSTIMO;;N;Para negociação;;;;;5803.00;279646.57;;;BBAS3;;;;;;;;1973-05-31;;;;
FIIM;11.184.136/0001-15;IT NOW IGCT FUNDO DE ÍNDICE;2023-07-31;501305;21248669.60;AÇÕES E OUTROS TVM CEDIDOS EM EMPRÉSTIMO;;N;Para negociação;;;;;1105.00;4740.45;;;QUAL3;;;;;;;;2011-06-29;;;;
FIIM;11.184.136/0001-15;IT NOW IGCT FUNDO DE ÍNDICE;2023-07-31;501305;21248669.60;AÇÕES E OUTROS TVM CEDIDOS EM EMPRÉSTIMO;;N;Para negociação;;;;;270.00;22248.00;;;ARZZ3;;;;;;;;2011-02-02;;;;
FIIM;11.184.136/0001-15;IT NOW IGCT FUNDO DE ÍNDICE;2023-07-31;501305;21248669.60;AÇÕES E OUTROS TVM CEDIDOS EM EMPRÉSTIMO;;N;Para negociação;;;;;187.00;5497.80;;;VIVA3;;;;;;;;2019-10-10;;;;
FIIM;11.184.136/0001-15;IT NOW IGCT FUNDO DE ÍNDICE;2023-07-31;501305;21248669.60;AÇÕES E OUTROS TVM CEDIDOS EM EMPRÉSTIMO;;N;Para negociação;;;;;737.00;36990.03;;;ENGI11;;;;;;;;2009-11-03;;;;
FIIM;11.184.136/0001-15;IT NOW IGCT FUNDO DE ÍNDICE;2023-07-31;501305;21248669.60;AÇÕES E OUTROS TVM CEDIDOS EM EMPRÉSTIMO;;N;Para negociação;;;;;670.00;16287.70;;;ALSO3;;;;;;;;2019-08-06;;;;
FIIM;11.184.136/0001-15;IT NOW IGCT FUNDO DE ÍNDICE;2023-07-31;501305;21248669.60;AÇÕES E OUTROS TVM CEDIDOS EM EMPRÉSTIMO;;N;Para negociação;;;;;312.00;2574.00;;;POSI3;;;;;;;;2006-12-11;;;;
FIIM;11.184.136/0001-15;IT NOW IGCT FUNDO DE ÍNDICE;2023-07-31;501305;21248669.60;AÇÕES E OUTROS TVM CEDIDOS EM EMPRÉSTIMO;;N;Para negociação;;;;;1865.00;7422.70;;;HBSA3;;;;;;;;2020-09-25;;;;
FIIM;11.184.136/0001-15;IT NOW IGCT FUNDO DE ÍNDICE;2023-07-31;501305;21248669.60;AÇÕES E OUTROS TVM CEDIDOS EM EMPRÉSTIMO;;N;Para negociação;;;;;2237.00;11699.51;;;POMO4;;;;;;;;1978-07-20;;;;
FIIM;11.184.136/0001-15;IT NOW IGCT FUNDO DE ÍNDICE;2023-07-31;501305;21248669.60;AÇÕES E OUTROS TVM CEDIDOS EM EMPRÉSTIMO;;N;Para negociação;;;;;1870.00;14810.40;;;GMAT3;;;;;;;;2020-10-13;;;;
FIIM;11.184.136/0001-15;IT NOW IGCT FUNDO DE ÍNDICE;2023-07-31;501305;21248669.60;AÇÕES E OUTROS TVM CEDIDOS EM EMPRÉSTIMO;;N;Para negociação;;;;;1068.00;24553.32;;;RECV3;;;;;;;;2021-05-05;;;;
FIIM;11.184.136/0001-15;IT NOW IGCT FUNDO DE ÍNDICE;2023-07-31;501305;21248669.60;AÇÕES E OUTROS TVM CEDIDOS EM EMPRÉSTIMO;;N;Para negociação;;;;;794.00;34642.22;;;ELET6;;;;;;;;1974-11-13;;;;
FIIM;11.184.136/0001-15;IT NOW IGCT FUNDO DE ÍNDICE;2023-07-31;501305;21248669.60;AÇÕES E OUTROS TVM CEDIDOS EM EMPRÉSTIMO;;N;Para negociação;;;;;386.00;5404.00;;;AURE3;;;;;;;;2022-03-28;;;;
FIIM;11.184.136/0001-15;IT NOW IGCT FUNDO DE ÍNDICE;2023-07-31;501305;21248669.60;AÇÕES E OUTROS TVM CEDIDOS EM EMPRÉSTIMO;;N;Para negociação;;;;;937.00;1508.57;;;ESPA3;;;;;;;;2021-02-01;;;;
FIIM;11.184.136/0001-15;IT NOW IGCT FUNDO DE ÍNDICE;2023-07-31;501305;21248669.60;AÇÕES E OUTROS TVM CEDIDOS EM EMPRÉSTIMO;;N;Para negociação;;;;;5001.00;16753.35;;;COGN3;;;;;;;;2019-10-11;;;;
FIIM;11.184.136/0001-15;IT NOW IGCT FUNDO DE ÍNDICE;2023-07-31;501305;21248669.60;AÇÕES E OUTROS TVM CEDIDOS EM EMPRÉSTIMO;;N;Para negociação;;;;;1444.00;26627.36;;;CMIG3;;;;;;;;1973-08-20;;;;
FIIM;11.184.136/0001-15;IT NOW IGCT FUNDO DE ÍNDICE;2023-07-31;501305;21248669.60;AÇÕES E OUTROS TVM CEDIDOS EM EMPRÉSTIMO;;N;Para negociação;;;;;258.00;2177.52;;;LAVV3;;;;;;;;2020-09-02;;;;
FIIM;11.184.136/0001-15;IT NOW IGCT FUNDO DE ÍNDICE;2023-07-31;501305;21248669.60;AÇÕES E OUTROS TVM CEDIDOS EM EMPRÉSTIMO;;N;Para negociação;;;;;408.00;3015.12;;;EVEN3;;;;;;;;2007-04-02;;;;
FIIM;11.184.136/0001-15;IT NOW IGCT FUNDO DE ÍNDICE;2023-07-31;501305;21248669.60;AÇÕES E OUTROS TVM CEDIDOS EM EMPRÉSTIMO;;N;Para negociação;;;;;900.00;32400.00;;;TAEE11;;;;;;;;2012-05-28;;;;
FIIM;11.184.136/0001-15;IT NOW IGCT FUNDO DE ÍNDICE;2023-07-31;501305;21248669.60;AÇÕES E OUTROS TVM CEDIDOS EM EMPRÉSTIMO;;N;Para negociação;;;;;234.00;13595.40;;;SBSP3;;;;;;;;1997-03-11;;;;
FIIM;11.184.136/0001-15;IT NOW IGCT FUNDO DE ÍNDICE;2023-07-31;501305;21248669.60;AÇÕES E OUTROS TVM CEDIDOS EM EMPRÉSTIMO;;S;Para negociação;;;;;1536.00;38016.00;;;ITUB3;;;;;;;;2009-05-20;;;;
FIIM;11.184.136/0001-15;IT NOW IGCT FUNDO DE ÍNDICE;2023-07-31;501305;21248669.60;AÇÕES E OUTROS TVM CEDIDOS EM EMPRÉSTIMO;;N;Para negociação;;;;;535.00;19019.25;;;RRRP3;;;;;;;;2020-11-12;;;;
FIIM;11.184.136/0001-15;IT NOW IGCT FUNDO DE ÍNDICE;2023-07-31;501305;21248669.60;AÇÕES E OUTROS TVM CEDIDOS EM EMPRÉSTIMO;;N;Para negociação;;;;;888.00;13186.80;;;BBDC3;;;;;;;;1973-12-06;;;;
FIIM;11.184.136/0001-15;IT NOW IGCT FUNDO DE ÍNDICE;2023-07-31;501305;21248669.60;AÇÕES E OUTROS TVM CEDIDOS EM EMPRÉSTIMO;;N;Para negociação;;;;;9225.00;286989.75;;;PETR4;;;;;;;;1973-09-18;;;;
FIIM;11.184.136/0001-15;IT NOW IGCT FUNDO DE ÍNDICE;2023-07-31;501305;21248669.60;AÇÕES E OUTROS TVM CEDIDOS EM EMPRÉSTIMO;;N;Para negociação;;;;;135.00;2805.30;;;BLAU3;;;;;;;;2021-04-19;;;;
FIIM;11.184.136/0001-15;IT NOW IGCT FUNDO DE ÍNDICE;2023-07-31;501305;21248669.60;AÇÕES E OUTROS TVM CEDIDOS EM EMPRÉSTIMO;;N;Para negociação;;;;;4398.00;19571.10;;;CMIN3;;;;;;;;2021-02-18;;;;
FIIM;11.184.136/0001-15;IT NOW IGCT FUNDO DE ÍNDICE;2023-07-31;501305;21248669.60;AÇÕES E OUTROS TVM CEDIDOS EM EMPRÉSTIMO;;N;Para negociação;;;;;324.00;6836.40;;;DIRR3;;;;;;;;2009-11-19;;;;
FIIM;11.184.136/0001-15;IT NOW IGCT FUNDO DE ÍNDICE;2023-07-31;501305;21248669.60;AÇÕES E OUTROS TVM CEDIDOS EM EMPRÉSTIMO;;N;Para negociação;;;;;871.00;9790.04;;;SOMA3;;;;;;;;2020-07-31;;;;
FIIM;11.184.136/0001-15;IT NOW IGCT FUNDO DE ÍNDICE;2023-07-31;501305;21248669.60;AÇÕES E OUTROS TVM CEDIDOS EM EMPRÉSTIMO;;N;Para negociação;;;;;1392.00;6152.64;;;ZAMP3;;;;;;;;2022-10-26;;;;
FIIM;11.184.136/0001-15;IT NOW IGCT FUNDO DE ÍNDICE;2023-07-31;501305;21248669.60;AÇÕES E OUTROS TVM CEDIDOS EM EMPRÉSTIMO;;N;Para negociação;;;;;8532.00;40953.60;;;HAPV3;;;;;;;;2018-04-25;;;;
FIIM;11.184.136/0001-15;IT NOW IGCT FUNDO DE ÍNDICE;2023-07-31;501305;21248669.60;AÇÕES E OUTROS TVM CEDIDOS EM EMPRÉSTIMO;;N;Para negociação;;;;;883.00;6640.16;;;GRND3;;;;;;;;2004-10-29;;;;
FIIM;11.184.136/0001-15;IT NOW IGCT FUNDO DE ÍNDICE;2023-07-31;501305;21248669.60;AÇÕES E OUTROS TVM CEDIDOS EM EMPRÉSTIMO;;N;Para negociação;;;;;4905.00;20404.80;;;RAIZ4;;;;;;;;2021-08-05;;;;
FIIM;11.184.136/0001-15;IT NOW IGCT FUNDO DE ÍNDICE;2023-07-31;501305;21248669.60;AÇÕES E OUTROS TVM CEDIDOS EM EMPRÉSTIMO;;N;Para negociação;;;;;408.00;7976.40;;;NEOE3;;;;;;;;2017-10-05;;;;
FIIM;11.184.136/0001-15;IT NOW IGCT FUNDO DE ÍNDICE;2023-07-31;501305;21248669.60;AÇÕES E OUTROS TVM CEDIDOS EM EMPRÉSTIMO;;N;Para negociação;;;;;540.00;6161.40;;;MOVI3;;;;;;;;2017-02-08;;;;
FIIM;11.184.136/0001-15;IT NOW IGCT FUNDO DE ÍNDICE;2023-07-31;501305;21248669.60;AÇÕES E OUTROS TVM CEDIDOS EM EMPRÉSTIMO;;N;Para negociação;;;;;157.00;1613.96;;;MATD3;;;;;;;;2021-04-16;;;;
FIIM;11.184.136/0001-15;IT NOW IGCT FUNDO DE ÍNDICE;2023-07-31;501305;21248669.60;AÇÕES E OUTROS TVM CEDIDOS EM EMPRÉSTIMO;;N;Para negociação;;;;;323.00;7018.79;;;EZTC3;;;;;;;;2007-06-22;;;;
FIIM;11.184.136/0001-15;IT NOW IGCT FUNDO DE ÍNDICE;2023-07-31;501305;21248669.60;AÇÕES E OUTROS TVM CEDIDOS EM EMPRÉSTIMO;;N;Para negociação;;;;;1073.00;14431.85;;;DASA3;;;;;;;;2004-11-19;;;;
FIIM;11.184.136/0001-15;IT NOW IGCT FUNDO DE ÍNDICE;2023-07-31;501305;21248669.60;AÇÕES E OUTROS TVM CEDIDOS EM EMPRÉSTIMO;;N;Para negociação;;;;;693.00;3333.33;;;ANIM3;;;;;;;;2013-10-28;;;;
FIIM;11.184.136/0001-15;IT NOW IGCT FUNDO DE ÍNDICE;2023-07-31;501305;21248669.60;AÇÕES E OUTROS TVM CEDIDOS EM EMPRÉSTIMO;;N;Para negociação;;;;;1922.00;26369.84;;;CRFB3;;;;;;;;2017-07-20;;;;
FIIM;11.184.136/0001-15;IT NOW IGCT FUNDO DE ÍNDICE;2023-07-31;501305;21248669.60;AÇÕES E OUTROS TVM CEDIDOS EM EMPRÉSTIMO;;N;Para negociação;;;;;3.00;100.62;;;EQTL3;;;;;;;;2006-04-03;;;;
FIIM;11.184.136/0001-15;IT NOW IGCT FUNDO DE ÍNDICE;2023-07-31;501305;21248669.60;AÇÕES E OUTROS TVM CEDIDOS EM EMPRÉSTIMO;;N;Para negociação;;;;;6435.00;13899.60;;;VIIA3;;;;;;;;2021-08-16;;;;
FIIM;11.184.136/0001-15;IT NOW IGCT FUNDO DE ÍNDICE;2023-07-31;501305;21248669.60;AÇÕES E OUTROS TVM CEDIDOS EM EMPRÉSTIMO;;N;Para negociação;;;;;7020.00;116953.20;;;BBDC4;;;;;;;;1973-12-06;;;;
FIIM;11.184.136/0001-15;IT NOW IGCT FUNDO DE ÍNDICE;2023-07-31;501305;21248669.60;AÇÕES E OUTROS TVM CEDIDOS EM EMPRÉSTIMO;;N;Para negociação;;;;;5355.00;192780.00;;;RDOR3;;;;;;;;2020-12-10;;;;
FIIM;11.184.136/0001-15;IT NOW IGCT FUNDO DE ÍNDICE;2023-07-31;501305;21248669.60;AÇÕES E OUTROS TVM CEDIDOS EM EMPRÉSTIMO;;N;Para negociação;;;;;405.00;3592.35;;;JALL3;;;;;;;;2021-02-08;;;;
FIIM;11.184.136/0001-15;IT NOW IGCT FUNDO DE ÍNDICE;2023-07-31;501305;21248669.60;AÇÕES E OUTROS TVM CEDIDOS EM EMPRÉSTIMO;;N;Para negociação;;;;;6040.00;233446.00;;;ELET3;;;;;;;;1983-09-01;;;;
FIIM;11.184.136/0001-15;IT NOW IGCT FUNDO DE ÍNDICE;2023-07-31;501305;21248669.60;AÇÕES E OUTROS TVM CEDIDOS EM EMPRÉSTIMO;;N;Para negociação;;;;;2513.00;114643.06;;;PRIO3;;;;;;;;2015-06-26;;;;
FIIM;11.184.136/0001-15;IT NOW IGCT FUNDO DE ÍNDICE;2023-07-31;501305;21248669.60;AÇÕES E OUTROS TVM CEDIDOS EM EMPRÉSTIMO;;N;Para negociação;;;;;834.00;9907.92;;;AESB3;;;;;;;;2021-03-29;;;;
FIIM;11.184.136/0001-15;IT NOW IGCT FUNDO DE ÍNDICE;2023-07-31;501305;21248669.60;AÇÕES E OUTROS TVM CEDIDOS EM EMPRÉSTIMO;;N;Para negociação;;;;;374.00;2722.72;;;CAML3;;;;;;;;2017-09-28;;;;
FIIM;11.184.136/0001-15;IT NOW IGCT FUNDO DE ÍNDICE;2023-07-31;501305;21248669.60;AÇÕES E OUTROS TVM CEDIDOS EM EMPRÉSTIMO;;N;Para negociação;;;;;113.00;7815.08;;;VALE3;;;;;;;;1982-02-15;;;;
FIIM;11.184.136/0001-15;IT NOW IGCT FUNDO DE ÍNDICE;2023-07-31;501305;21248669.60;AÇÕES E OUTROS TVM CEDIDOS EM EMPRÉSTIMO;;N;Para negociação;;;;;286.00;12372.36;;;HYPE3;;;;;;;;2008-04-18;;;;
FIIM;11.184.136/0001-15;IT NOW IGCT FUNDO DE ÍNDICE;2023-07-31;501305;21248669.60;AÇÕES E OUTROS TVM CEDIDOS EM EMPRÉSTIMO;;N;Para negociação;;;;;3048.00;29291.28;;;STBP3;;;;;;;;2007-11-21;;;;
FIIM;11.184.136/0001-15;IT NOW IGCT FUNDO DE ÍNDICE;2023-07-31;501305;21248669.60;AÇÕES E OUTROS TVM CEDIDOS EM EMPRÉSTIMO;;N;Para negociação;;;;;1452.00;25308.36;;;GGPS3;;;;;;;;2021-04-26;;;;
FIIM;11.184.136/0001-15;IT NOW IGCT FUNDO DE ÍNDICE;2023-07-31;501305;21248669.60;AÇÕES E OUTROS TVM CEDIDOS EM EMPRÉSTIMO;;N;Para negociação;;;;;515.00;7132.75;;;MYPK3;;;;;;;;1984-09-14;;;;
FIIM;11.184.136/0001-15;IT NOW IGCT FUNDO DE ÍNDICE;2023-07-31;501305;21248669.60;AÇÕES E OUTROS TVM CEDIDOS EM EMPRÉSTIMO;;N;Para negociação;;;;;287.00;2126.67;;;LWSA3;;;;;;;;2020-02-06;;;;
FIIM;11.184.136/0001-15;IT NOW IGCT FUNDO DE ÍNDICE;2023-07-31;501305;21248669.60;AÇÕES E OUTROS TVM CEDIDOS EM EMPRÉSTIMO;;N;Para negociação;;;;;630.00;2658.60;;;PGMN3;;;;;;;;2020-09-02;;;;
FIIM;11.184.136/0001-15;IT NOW IGCT FUNDO DE ÍNDICE;2023-07-31;501305;21248669.60;AÇÕES E OUTROS TVM CEDIDOS EM EMPRÉSTIMO;;N;Para negociação;;;;;293.00;4087.35;;;ENAT3;;;;;;;;2019-04-24;;;;
FIIM;11.184.136/0001-15;IT NOW IGCT FUNDO DE ÍNDICE;2023-07-31;501305;21248669.60;AÇÕES E OUTROS TVM CEDIDOS EM EMPRÉSTIMO;;N;Para negociação;;;;;10318.00;359169.58;;;PETR3;;;;;;;;1973-09-18;;;;
FIIM;11.184.136/0001-15;IT NOW IGCT FUNDO DE ÍNDICE;2023-07-31;501305;21248669.60;AÇÕES E OUTROS TVM CEDIDOS EM EMPRÉSTIMO;;N;Para negociação;;;;;6081.00;81302.97;;;ENEV3;;;;;;;;2013-10-22;;;;
FIIM;11.184.136/0001-15;IT NOW IGCT FUNDO DE ÍNDICE;2023-07-31;501305;21248669.60;AÇÕES E OUTROS TVM CEDIDOS EM EMPRÉSTIMO;;N;Para negociação;;;;;509.00;7075.10;;;MRVE3;;;;;;;;2007-07-23;;;;
FIIM;11.184.136/0001-15;IT NOW IGCT FUNDO DE ÍNDICE;2023-07-31;501305;21248669.60;AÇÕES E OUTROS TVM CEDIDOS EM EMPRÉSTIMO;;N;Para negociação;;;;;733.00;14835.92;;;CSMG3;;;;;;;;2006-02-08;;;;
FIIM;11.184.136/0001-15;IT NOW IGCT FUNDO DE ÍNDICE;2023-07-31;501305;21248669.60;AÇÕES E OUTROS TVM CEDIDOS EM EMPRÉSTIMO;;N;Para negociação;;;;;1374.00;16089.54;;;MEGA3;;;;;;;;2021-12-27;;;;
FIIM;11.184.136/0001-15;IT NOW IGCT FUNDO DE ÍNDICE;2023-07-31;501305;21248669.60;AÇÕES E OUTROS TVM CEDIDOS EM EMPRÉSTIMO;;N;Para negociação;;;;;264.00;5858.16;;;YDUQ3;;;;;;;;2019-07-23;;;;
FIIM;11.184.136/0001-15;IT NOW IGCT FUNDO DE ÍNDICE;2023-07-31;501305;21248669.60;AÇÕES E OUTROS TVM CEDIDOS EM EMPRÉSTIMO;;N;Para negociação;;;;;940.00;9193.20;;;SIMH3;;;;;;;;2020-09-18;;;;
FIIM;11.184.136/0001-15;IT NOW IGCT FUNDO DE ÍNDICE;2023-07-31;501305;21248669.60;AÇÕES E OUTROS TVM CEDIDOS EM EMPRÉSTIMO;;N;Para negociação;;;;;5077.00;147080.69;;;RADL3;;;;;;;;2011-12-19;;;;
FIIM;11.184.136/0001-15;IT NOW IGCT FUNDO DE ÍNDICE;2023-07-31;501305;21248669.60;AÇÕES E OUTROS TVM CEDIDOS EM EMPRÉSTIMO;;N;Para negociação;;;;;1499.00;37624.90;;;TRPL4;;;;;;;;1999-07-26;;;;
FIIM;11.184.136/0001-15;IT NOW IGCT FUNDO DE ÍNDICE;2023-07-31;501305;21248669.60;AÇÕES E OUTROS TVM CEDIDOS EM EMPRÉSTIMO;;N;Para negociação;;;;;178.00;3328.60;;;ABCB4;;;;;;;;2007-07-25;;;;
FIIM;11.184.136/0001-15;IT NOW IGCT FUNDO DE ÍNDICE;2023-07-31;501305;21248669.60;AÇÕES E OUTROS TVM CEDIDOS EM EMPRÉSTIMO;;N;Para negociação;;;;;2062.00;14908.26;;;USIM5;;;;;;;;1999-02-02;;;;
FIIM;11.184.136/0001-15;IT NOW IGCT FUNDO DE ÍNDICE;2023-07-31;501305;21248669.60;AÇÕES E OUTROS TVM CEDIDOS EM EMPRÉSTIMO;;N;Para negociação;;;;;1613.00;47696.41;;;TOTS3;;;;;;;;2006-03-09;;;;
FIIM;11.184.136/0001-15;IT NOW IGCT FUNDO DE ÍNDICE;2023-07-31;501305;21248669.60;AÇÕES E OUTROS TVM CEDIDOS EM EMPRÉSTIMO;;N;Para negociação;;;;;1257.00;2124.33;;;IFCM3;;;;;;;;2021-05-04;;;;
FIIM;11.184.136/0001-15;IT NOW IGCT FUNDO DE ÍNDICE;2023-07-31;501305;21248669.60;AÇÕES E OUTROS TVM CEDIDOS EM EMPRÉSTIMO;;N;Para negociação;;;;;3175.00;42195.75;;;CCRO3;;;;;;;;2002-02-01;;;;
FIIM;11.184.136/0001-15;IT NOW IGCT FUNDO DE ÍNDICE;2023-07-31;501305;21248669.60;AÇÕES E OUTROS TVM CEDIDOS EM EMPRÉSTIMO;;N;Para negociação;;;;;1428.00;28474.32;;;CSAN3;;;;;;;;2005-11-18;;;;
FIIM;11.184.136/0001-15;IT NOW IGCT FUNDO DE ÍNDICE;2023-07-31;501305;21248669.60;AÇÕES E OUTROS TVM CEDIDOS EM EMPRÉSTIMO;;N;Para negociação;;;;;436.00;5423.84;;;MILS3;;;;;;;;2010-04-16;;;;
FIIM;11.184.136/0001-15;IT NOW IGCT FUNDO DE ÍNDICE;2023-07-31;501305;21248669.60;AÇÕES E OUTROS TVM CEDIDOS EM EMPRÉSTIMO;;N;Para negociação;;;;;302.00;2207.62;;;GUAR3;;;;;;;;1973-05-14;;;;
FIIM;11.184.136/0001-15;IT NOW IGCT FUNDO DE ÍNDICE;2023-07-31;501305;21248669.60;AÇÕES E OUTROS TVM CEDIDOS EM EMPRÉSTIMO;;N;Para negociação;;;;;175.00;3682.00;;;AMBP3;;;;;;;;2020-07-13;;;;
FIIM;11.184.136/0001-15;IT NOW IGCT FUNDO DE ÍNDICE;2023-07-31;501305;21248669.60;AÇÕES E OUTROS TVM CEDIDOS EM EMPRÉSTIMO;;N;Para negociação;;;;;363.00;4762.56;;;ARML3;;;;;;;;2021-07-28;;;;
FIIM;11.184.136/0001-15;IT NOW IGCT FUNDO DE ÍNDICE;2023-07-31;501305;21248669.60;AÇÕES E OUTROS TVM CEDIDOS EM EMPRÉSTIMO;;N;Para negociação;;;;;291.00;4245.69;;;BRSR6;;;;;;;;2007-09-03;;;;
FIIM;11.184.136/0001-15;IT NOW IGCT FUNDO DE ÍNDICE;2023-07-31;501305;21248669.60;AÇÕES E OUTROS TVM CEDIDOS EM EMPRÉSTIMO;;N;Para negociação;;;;;3285.00;47106.90;;;TIMS3;;;;;;;;2020-10-13;;;;
FIIM;11.184.136/0001-15;IT NOW IGCT FUNDO DE ÍNDICE;2023-07-31;501305;21248669.60;AÇÕES E OUTROS TVM CEDIDOS EM EMPRÉSTIMO;;N;Para negociação;;;;;315.00;1984.50;;;WIZC3;;;;;;;;2023-02-09;;;;
FIIM;11.184.136/0001-15;IT NOW IGCT FUNDO DE ÍNDICE;2023-07-31;501305;21248669.60;AÇÕES E OUTROS TVM CEDIDOS EM EMPRÉSTIMO;;N;Para negociação;;;;;1175.00;14029.50;;;VAMO3;;;;;;;;2021-01-29;;;;
FIIM;11.184.136/0001-15;IT NOW IGCT FUNDO DE ÍNDICE;2023-07-31;501305;21248669.60;AÇÕES E OUTROS TVM CEDIDOS EM EMPRÉSTIMO;;N;Para negociação;;;;;100.00;3847.00;;;ORVR3;;;;;;;;2021-02-17;;;;
FIIM;11.184.136/0001-15;IT NOW IGCT FUNDO DE ÍNDICE;2023-07-31;501305;21248669.60;AÇÕES E OUTROS TVM CEDIDOS EM EMPRÉSTIMO;;N;Para negociação;;;;;754.00;4252.56;;;JHSF3;;;;;;;;2007-04-12;;;;
FIIM;11.184.136/0001-15;IT NOW IGCT FUNDO DE ÍNDICE;2023-07-31;501305;21248669.60;AÇÕES E OUTROS TVM CEDIDOS EM EMPRÉSTIMO;;N;Para negociação;;;;;24.00;1001.52;;;MDIA3;;;;;;;;2006-10-18;;;;
FIIM;11.184.136/0001-15;IT NOW IGCT FUNDO DE ÍNDICE;2023-07-31;501305;21248669.60;AÇÕES E OUTROS TVM CEDIDOS EM EMPRÉSTIMO;;N;Para negociação;;;;;1944.00;45178.56;;;RAIL3;;;;;;;;2017-03-13;;;;
FIIM;11.184.136/0001-15;IT NOW IGCT FUNDO DE ÍNDICE;2023-07-31;501305;21248669.60;AÇÕES E OUTROS TVM CEDIDOS EM EMPRÉSTIMO;;N;Para negociação;;;;;115.00;3911.15;;;BPAC11;;;;;;;;2017-02-16;;;;
FIIM;11.184.136/0001-15;IT NOW IGCT FUNDO DE ÍNDICE;2023-07-31;501305;21248669.60;AÇÕES E OUTROS TVM CEDIDOS EM EMPRÉSTIMO;;S;Para negociação;;;;;989.00;28324.96;;;ITUB4;;;;;;;;2009-05-20;;;;
FIIM;11.184.136/0001-15;IT NOW IGCT FUNDO DE ÍNDICE;2023-07-31;501305;21248669.60;AÇÕES E OUTROS TVM CEDIDOS EM EMPRÉSTIMO;;N;Para negociação;;;;;2837.00;51831.99;;;NTCO3;;;;;;;;2019-12-18;;;;
FIIM;11.184.136/0001-15;IT NOW IGCT FUNDO DE ÍNDICE;2023-07-31;501305;21248669.60;AÇÕES E OUTROS TVM CEDIDOS EM EMPRÉSTIMO;;N;Para negociação;;;;;1973.00;57710.25;;;GGBR4;;;;;;;;2001-02-01;;;;
FIIM;11.184.136/0001-15;IT NOW IGCT FUNDO DE ÍNDICE;2023-07-31;501305;21248669.60;AÇÕES E OUTROS TVM CEDIDOS EM EMPRÉSTIMO;;N;Para negociação;;;;;4513.00;37728.68;;;CPLE6;;;;;;;;1996-11-14;;;;
FIIM;11.184.136/0001-15;IT NOW IGCT FUNDO DE ÍNDICE;2023-07-31;501305;21248669.60;AÇÕES E OUTROS TVM CEDIDOS EM EMPRÉSTIMO;;N;Para negociação;;;;;1116.00;26583.12;;;CYRE3;;;;;;;;1996-05-27;;;;
FIIM;11.184.136/0001-15;IT NOW IGCT FUNDO DE ÍNDICE;2023-07-31;501305;21248669.60;AÇÕES E OUTROS TVM CEDIDOS EM EMPRÉSTIMO;;N;Para negociação;;;;;97.00;4922.75;;;FESA4;;;;;;;;1979-01-31;;;;
FIIM;11.184.136/0001-15;IT NOW IGCT FUNDO DE ÍNDICE;2023-07-31;501305;21248669.60;AÇÕES E OUTROS TVM CEDIDOS EM EMPRÉSTIMO;;N;Para negociação;;;;;360.00;3672.00;;;RANI3;;;;;;;;1981-06-10;;;;
FIIM;11.184.136/0001-15;IT NOW IGCT FUNDO DE ÍNDICE;2023-07-31;501305;21248669.60;AÇÕES E OUTROS TVM CEDIDOS EM EMPRÉSTIMO;;N;Para negociação;;;;;233.00;3077.93;;;SBFG3;;;;;;;;2021-03-31;;;;
FIIM;11.184.136/0001-15;IT NOW IGCT FUNDO DE ÍNDICE;2023-07-31;501305;21248669.60;AÇÕES E OUTROS TVM CEDIDOS EM EMPRÉSTIMO;;N;Para negociação;;;;;1236.00;4140.60;;;MLAS3;;;;;;;;2021-07-22;;;;
FIIM;11.184.136/0001-15;IT NOW IGCT FUNDO DE ÍNDICE;2023-07-31;501305;21248669.60;AÇÕES E OUTROS TVM CEDIDOS EM EMPRÉSTIMO;;N;Para negociação;;;;;604.00;17292.52;;;PSSA3;;;;;;;;2004-11-22;;;;
FIIM;11.184.136/0001-15;IT NOW IGCT FUNDO DE ÍNDICE;2023-07-31;501305;21248669.60;AÇÕES E OUTROS TVM CEDIDOS EM EMPRÉSTIMO;;N;Para negociação;;;;;2066.00;26176.22;;;CMIG4;;;;;;;;1973-08-20;;;;
FIIM;11.184.136/0001-15;IT NOW IGCT FUNDO DE ÍNDICE;2023-07-31;501305;21248669.60;AÇÕES E OUTROS TVM CEDIDOS EM EMPRÉSTIMO;;N;Para negociação;;;;;1084.00;9073.08;;;DXCO3;;;;;;;;2021-08-19;;;;
FIIM;11.184.136/0001-15;IT NOW IGCT FUNDO DE ÍNDICE;2023-07-31;501305;21248669.60;AÇÕES E OUTROS TVM CEDIDOS EM EMPRÉSTIMO;;N;Para negociação;;;;;875.00;8426.25;;;GOLL4;;;;;;;;2004-06-24;;;;
FIIM;11.184.136/0001-15;IT NOW IGCT FUNDO DE ÍNDICE;2023-07-31;501305;21248669.60;AÇÕES E OUTROS TVM CEDIDOS EM EMPRÉSTIMO;;N;Para negociação;;;;;364.00;3385.20;;;BPAN4;;;;;;;;2014-08-05;;;;
FIIM;11.184.136/0001-15;IT NOW IGCT FUNDO DE ÍNDICE;2023-07-31;501305;21248669.60;AÇÕES E OUTROS TVM CEDIDOS EM EMPRÉSTIMO;;N;Para negociação;;;;;718.00;4796.24;;;LJQQ3;;;;;;;;2020-08-10;;;;
FIIM;11.184.136/0001-15;IT NOW IGCT FUNDO DE ÍNDICE;2023-07-31;501305;21248669.60;AÇÕES E OUTROS TVM CEDIDOS EM EMPRÉSTIMO;;N;Para negociação;;;;;923.00;11315.98;;;ODPV3;;;;;;;;2006-12-01;;;;
FIIM;11.184.136/0001-15;IT NOW IGCT FUNDO DE ÍNDICE;2023-07-31;501305;21248669.60;AÇÕES E OUTROS TVM CEDIDOS EM EMPRÉSTIMO;;N;Para negociação;;;;;220.00;3768.60;;;VBBR3;;;;;;;;2021-10-22;;;;
FIIM;11.184.136/0001-15;IT NOW IGCT FUNDO DE ÍNDICE;2023-07-31;501305;21248669.60;AÇÕES E OUTROS TVM CEDIDOS EM EMPRÉSTIMO;;N;Para negociação;;;;;2259.00;51957.00;;;KLBN11;;;;;;;;2014-01-10;;;;
FIIM;11.184.136/0001-15;IT NOW IGCT FUNDO DE ÍNDICE;2023-07-31;501305;21248669.60;AÇÕES E OUTROS TVM CEDIDOS EM EMPRÉSTIMO;;N;Para negociação;;;;;932.00;9096.32;;;BRFS3;;;;;;;;2009-12-10;;;;
FIIM;11.184.136/0001-15;IT NOW IGCT FUNDO DE ÍNDICE;2023-07-31;501305;21248669.60;AÇÕES E OUTROS TVM CEDIDOS EM EMPRÉSTIMO;;N;Para negociação;;;;;343.00;4266.92;;;RAPT4;;;;;;;;1993-03-19;;;;
FIIM;11.184.136/0001-15;IT NOW IGCT FUNDO DE ÍNDICE;2023-07-31;501305;21248669.60;AÇÕES E OUTROS TVM CEDIDOS EM EMPRÉSTIMO;;N;Para negociação;;;;;1935.00;93015.45;;;SUZB3;;;;;;;;2004-08-05;;;;
FIIM;11.184.136/0001-15;IT NOW IGCT FUNDO DE ÍNDICE;2023-07-31;501305;21248669.60;AÇÕES E OUTROS TVM CEDIDOS EM EMPRÉSTIMO;;N;Para negociação;;;;;174.00;2583.90;;;TASA4;;;;;;;;2019-11-12;;;;
FIIM;11.184.136/0001-15;IT NOW IGCT FUNDO DE ÍNDICE;2023-07-31;501305;21248669.60;AÇÕES E OUTROS TVM CEDIDOS EM EMPRÉSTIMO;;N;Para negociação;;;;;994.00;23349.06;;;BRAP4;;;;;;;;2000-08-10;;;;
FIIM;11.184.136/0001-15;IT NOW IGCT FUNDO DE ÍNDICE;2023-07-31;501305;21248669.60;AÇÕES E OUTROS TVM CEDIDOS EM EMPRÉSTIMO;;N;Para negociação;;;;;649.00;1719.85;;;MEAL3;;;;;;;;2015-03-31;;;;
FIIM;11.184.136/0001-15;IT NOW IGCT FUNDO DE ÍNDICE;2023-07-31;501305;21248669.60;AÇÕES E OUTROS TVM CEDIDOS EM EMPRÉSTIMO;;N;Para negociação;;;;;267.00;7254.39;;;TUPY3;;;;;;;;1973-06-13;;;;
FIIM;11.184.136/0001-15;IT NOW IGCT FUNDO DE ÍNDICE;2023-07-31;501305;21248669.60;AÇÕES E OUTROS TVM CEDIDOS EM EMPRÉSTIMO;;N;Para negociação;;;;;765.00;4054.50;;;CBAV3;;;;;;;;2021-07-15;;;;
FIIM;11.184.136/0001-15;IT NOW IGCT FUNDO DE ÍNDICE;2023-07-31;501305;21248669.60;AÇÕES E OUTROS TVM CEDIDOS EM EMPRÉSTIMO;;N;Para negociação;;;;;759.00;13434.30;;;AZUL4;;;;;;;;2017-04-11;;;;
FIIM;11.184.136/0001-15;IT NOW IGCT FUNDO DE ÍNDICE;2023-07-31;501305;21248669.60;AÇÕES E OUTROS TVM CEDIDOS EM EMPRÉSTIMO;;N;Para negociação;;;;;412.00;2348.40;;;CEAB3;;;;;;;;2019-10-28;;;;
FIIM;11.184.136/0001-15;IT NOW IGCT FUNDO DE ÍNDICE;2023-07-31;501305;21248669.60;AÇÕES E OUTROS TVM CEDIDOS EM EMPRÉSTIMO;;N;Para negociação;;;;;261.00;2591.73;;;CASH3;;;;;;;;2020-11-05;;;;
FIIM;11.184.136/0001-15;IT NOW IGCT FUNDO DE ÍNDICE;2023-07-31;501305;21248669.60;AÇÕES E OUTROS TVM CEDIDOS EM EMPRÉSTIMO;;N;Para negociação;;;;;178.00;267.00;;;TRAD3;;;;;;;;2021-07-28;;;;
FIIM;11.184.136/0001-15;IT NOW IGCT FUNDO DE ÍNDICE;2023-07-31;501305;21248669.60;AÇÕES E OUTROS TVM CEDIDOS EM EMPRÉSTIMO;;N;Para negociação;;;;;213.00;255.60;;;AERI3;;;;;;;;2020-11-11;;;;
FIIM;11.184.136/0001-15;IT NOW IGCT FUNDO DE ÍNDICE;2023-07-31;501305;21248669.60;AÇÕES E OUTROS TVM CEDIDOS EM EMPRÉSTIMO;;N;Para negociação;;;;;3644.00;68434.32;;;JBSS3;;;;;;;;2007-03-29;;;;
FIIM;11.184.136/0001-15;IT NOW IGCT FUNDO DE ÍNDICE;2023-07-31;501305;21248669.60;AÇÕES E OUTROS TVM CEDIDOS EM EMPRÉSTIMO;;N;Para negociação;;;;;806.00;6617.26;;;ECOR3;;;;;;;;2010-04-01;;;;
FIIM;11.184.136/0001-15;IT NOW IGCT FUNDO DE ÍNDICE;2023-07-31;501305;21248669.60;AÇÕES E OUTROS TVM CEDIDOS EM EMPRÉSTIMO;;N;Para negociação;;;;;787.00;17219.56;;;IGTI11;;;;;;;;2021-11-22;;;;
FIIM;11.184.136/0001-15;IT NOW IGCT FUNDO DE ÍNDICE;2023-07-31;501305;21248669.60;AÇÕES E OUTROS TVM CEDIDOS EM EMPRÉSTIMO;;N;Para negociação;;;;;626.00;27569.04;;;EGIE3;;;;;;;;2016-07-21;;;;
FIIM;11.184.136/0001-15;IT NOW IGCT FUNDO DE ÍNDICE;2023-07-31;501305;21248669.60;AÇÕES E OUTROS TVM CEDIDOS EM EMPRÉSTIMO;;N;Para negociação;;;;;1040.00;10015.20;;;ALPA4;;;;;;;;1973-03-19;;;;
FIIM;11.184.136/0001-15;IT NOW IGCT FUNDO DE ÍNDICE;2023-07-31;501305;21248669.60;AÇÕES E OUTROS TVM CEDIDOS EM EMPRÉSTIMO;;N;Para negociação;;;;;1356.00;21845.16;;;FLRY3;;;;;;;;2009-12-17;;;;
FIIM;11.184.136/0001-15;IT NOW IGCT FUNDO DE ÍNDICE;2023-07-31;501305;21248669.60;AÇÕES E OUTROS TVM CEDIDOS EM EMPRÉSTIMO;;S;Para negociação;;;;;1922.00;18874.04;;;ITSA4;;;;;;;;1973-09-17;;;;
FIIM;11.184.136/0001-15;IT NOW IGCT FUNDO DE ÍNDICE;2023-07-31;501305;21248669.60;AÇÕES E OUTROS TVM CEDIDOS EM EMPRÉSTIMO;;N;Para negociação;;;;;2959.00;198903.98;;;RENT3;;;;;;;;2005-05-23;;;;
FIIM;11.184.136/0001-15;IT NOW IGCT FUNDO DE ÍNDICE;2023-07-31;501305;21248669.60;AÇÕES E OUTROS TVM CEDIDOS EM EMPRÉSTIMO;;N;Para negociação;;;;;225.00;5829.75;;;AGRO3;;;;;;;;2006-05-02;;;;
FIIM;11.184.136/0001-15;IT NOW IGCT FUNDO DE ÍNDICE;2023-07-31;501305;21248669.60;AÇÕES E OUTROS TVM CEDIDOS EM EMPRÉSTIMO;;N;Para negociação;;;;;714.00;664.02;;;SEQL3;;;;;;;;2020-10-07;;;;
FIIM;11.184.136/0001-15;IT NOW IGCT FUNDO DE ÍNDICE;2023-07-31;501305;21248669.60;AÇÕES E OUTROS TVM CEDIDOS EM EMPRÉSTIMO;;N;Para negociação;;;;;1061.00;19639.11;;;EMBR3;;;;;;;;1989-08-28;;;;
FIIM;11.184.136/0001-15;IT NOW IGCT FUNDO DE ÍNDICE;2023-07-31;501305;21248669.60;AÇÕES E OUTROS TVM CEDIDOS EM EMPRÉSTIMO;;N;Para negociação;;;;;90.00;1285.20;;;ROMI3;;;;;;;;1973-06-22;;;;
FIIM;11.184.136/0001-15;IT NOW IGCT FUNDO DE ÍNDICE;2023-07-31;501305;21248669.60;AÇÕES E OUTROS TVM CEDIDOS EM EMPRÉSTIMO;;N;Para negociação;;;;;18.00;108.36;;;GFSA3;;;;;;;;2006-01-26;;;;
FIIM;11.184.136/0001-15;IT NOW IGCT FUNDO DE ÍNDICE;2023-07-31;501305;21248669.60;AÇÕES E OUTROS TVM CEDIDOS EM EMPRÉSTIMO;;N;Para negociação;;;;;111.00;637.14;;;SEER3;;;;;;;;2013-10-29;;;;
FIIM;11.184.136/0001-15;IT NOW IGCT FUNDO DE ÍNDICE;2023-07-31;501305;21248669.60;AÇÕES E OUTROS TVM CEDIDOS EM EMPRÉSTIMO;;N;Para negociação;;;;;109.00;4947.51;;;LEVE3;;;;;;;;1973-04-30;;;;
FIIM;11.184.136/0001-15;IT NOW IGCT FUNDO DE ÍNDICE;2023-07-31;501305;21248669.60;AÇÕES E OUTROS TVM CEDIDOS EM EMPRÉSTIMO;;N;Para negociação;;;;;1244.00;8708.00;;;PETZ3;;;;;;;;2020-09-11;;;;
FIIM;11.184.136/0001-15;IT NOW IGCT FUNDO DE ÍNDICE;2023-07-31;501305;21248669.60;AÇÕES E OUTROS TVM CEDIDOS EM EMPRÉSTIMO;;N;Para negociação;;;;;235.00;1442.90;;;TRIS3;;;;;;;;2007-10-15;;;;
FIIM;11.184.136/0001-15;IT NOW IGCT FUNDO DE ÍNDICE;2023-07-31;501305;21248669.60;AÇÕES E OUTROS TVM CEDIDOS EM EMPRÉSTIMO;;N;Para negociação;;;;;2440.00;45750.00;;;LREN3;;;;;;;;1973-07-24;;;;
FIIM;11.184.136/0001-15;IT NOW IGCT FUNDO DE ÍNDICE;2023-07-31;501305;21248669.60;AÇÕES E OUTROS TVM CEDIDOS EM EMPRÉSTIMO;;N;Para negociação;;;;;5412.00;72899.64;;;ASAI3;;;;;;;;2021-03-01;;;;
FIIM;11.184.136/0001-15;IT NOW IGCT FUNDO DE ÍNDICE;2023-07-31;501305;21248669.60;AÇÕES E OUTROS TVM CEDIDOS EM EMPRÉSTIMO;;N;Para negociação;;;;;1067.00;28179.47;;;MULT3;;;;;;;;2007-07-27;;;;
FIIM;11.184.136/0001-15;IT NOW IGCT FUNDO DE ÍNDICE;2023-07-31;501305;21248669.60;AÇÕES E OUTROS TVM CEDIDOS EM EMPRÉSTIMO;;N;Para negociação;;;;;699.00;21752.88;;;BBSE3;;;;;;;;2013-04-29;;;;
FIIM;11.184.136/0001-15;IT NOW IGCT FUNDO DE ÍNDICE;2023-07-31;501305;21248669.60;AÇÕES E OUTROS TVM CEDIDOS EM EMPRÉSTIMO;;N;Para negociação;;;;;102.00;2182.80;;;LOGG3;;;;;;;;2018-12-21;;;;
FIIM;11.184.136/0001-15;IT NOW IGCT FUNDO DE ÍNDICE;2023-07-31;501305;21248669.60;CERTIFICADO OU RECIBO DE DEPÓSITO DE VALORES MOBILIÁRIOS;;N;Para negociação;0.00;0.00;0.00;0.00;1213.00;26540.44;;;IGTI11;;;;;;;;2021-11-22;;;;
FIIM;11.184.136/0001-15;IT NOW IGCT FUNDO DE ÍNDICE;2023-07-31;501305;21248669.60;CERTIFICADO OU RECIBO DE DEPÓSITO DE VALORES MOBILIÁRIOS;;N;Para negociação;0.00;0.00;0.00;0.00;1463.00;73427.97;;;ENGI11;;;;;;;;2009-11-03;;;;
FIIM;11.184.136/0001-15;IT NOW IGCT FUNDO DE ÍNDICE;2023-07-31;501305;21248669.60;CERTIFICADO OU RECIBO DE DEPÓSITO DE VALORES MOBILIÁRIOS;;N;Para negociação;0.00;0.00;0.00;0.00;1100.00;39600.00;;;TAEE11;;;;;;;;2012-05-28;;;;
FIIM;11.184.136/0001-15;IT NOW IGCT FUNDO DE ÍNDICE;2023-07-31;501305;21248669.60;CERTIFICADO OU RECIBO DE DEPÓSITO DE VALORES MOBILIÁRIOS;;N;Para negociação;0.00;0.00;0.00;0.00;1350.00;39325.50;;;ALUP11;;;;;;;;2013-04-24;;;;
FIIM;11.184.136/0001-15;IT NOW IGCT FUNDO DE ÍNDICE;2023-07-31;501305;21248669.60;CERTIFICADO OU RECIBO DE DEPÓSITO DE VALORES MOBILIÁRIOS;;N;Para negociação;0.00;0.00;0.00;0.00;4140.00;95220.00;;;KLBN11;;;;;;;;2014-01-10;;;;
FIIM;11.184.136/0001-15;IT NOW IGCT FUNDO DE ÍNDICE;2023-07-31;501305;21248669.60;CERTIFICADO OU RECIBO DE DEPÓSITO DE VALORES MOBILIÁRIOS;;N;Para negociação;0.00;0.00;0.00;0.00;1820.00;38147.20;;;SAPR11;;;;;;;;2017-11-17;;;;
FIIM;11.184.136/0001-15;IT NOW IGCT FUNDO DE ÍNDICE;2023-07-31;501305;21248669.60;CERTIFICADO OU RECIBO DE DEPÓSITO DE VALORES MOBILIÁRIOS;;N;Para negociação;0.00;0.00;0.00;0.00;10985.00;373599.85;;;BPAC11;;;;;;;;2017-02-16;;;;
FIIM;11.184.136/0001-15;IT NOW IGCT FUNDO DE ÍNDICE;2023-07-31;501305;21248669.60;OUTROS VALORES MOBILIÁRIOS REGISTRADOS NA CVM OBJETO DE OFERTA PÚBLICA;;N;Para negociação;0.00;0.00;16.00;0.00;24.00;100.80;;;ABCB2;;;;;;;;2023-07-03;;;;
FIIM;11.455.378/0001-04;ISHARES IBRX - ÍNDICE BRASIL (IBRX-100) FUNDO DE ÍNDICE;2023-07-31;502249;50586474.74;AÇÕES;Ação ordinária;N;Para negociação;0.00;0.00;0.00;0.00;4967.00;48577.26;;;SIMH3;;;;;;;;2020-09-18;;;;
FIIM;11.455.378/0001-04;ISHARES IBRX - ÍNDICE BRASIL (IBRX-100) FUNDO DE ÍNDICE;2023-07-31;502249;50586474.74;AÇÕES;Ação ordinária;N;Para negociação;162.00;6286.32;147.00;5382.10;32854.00;1311531.68;;;WEGE3;;;;;;;;2004-08-02;;;;
FIIM;11.455.378/0001-04;ISHARES IBRX - ÍNDICE BRASIL (IBRX-100) FUNDO DE ÍNDICE;2023-07-31;502249;50586474.74;AÇÕES;Ação ordinária;N;Para negociação;0.00;0.00;0.00;0.00;10300.00;81576.00;;;GMAT3;;;;;;;;2020-10-13;;;;
FIIM;11.455.378/0001-04;ISHARES IBRX - ÍNDICE BRASIL (IBRX-100) FUNDO DE ÍNDICE;2023-07-31;502249;50586474.74;AÇÕES;Ação ordinária;N;Para negociação;0.00;0.00;0.00;0.00;9590.00;71061.90;;;LWSA3;;;;;;;;2020-02-06;;;;
FIIM;11.455.378/0001-04;ISHARES IBRX - ÍNDICE BRASIL (IBRX-100) FUNDO DE ÍNDICE;2023-07-31;502249;50586474.74;AÇÕES;Ação ordinária;N;Para negociação;85.00;1615.00;76.00;1433.35;21082.00;395287.50;;;LREN3;;;;;;;;1973-07-24;;;;
FIIM;11.455.378/0001-04;ISHARES IBRX - ÍNDICE BRASIL (IBRX-100) FUNDO DE ÍNDICE;2023-07-31;502249;50586474.74;AÇÕES;Ação ordinária;N;Para negociação;58.00;3254.05;52.00;2902.61;7537.00;437899.70;;;SBSP3;;;;;;;;1997-03-11;;;;
FIIM;11.455.378/0001-04;ISHARES IBRX - ÍNDICE BRASIL (IBRX-100) FUNDO DE ÍNDICE;2023-07-31;502249;50586474.74;AÇÕES;Ação ordinária;N;Para negociação;215.00;1485.65;193.00;1428.22;6383.00;47361.86;;;MRFG3;;;;;;;;2007-06-28;;;;
FIIM;11.455.378/0001-04;ISHARES IBRX - ÍNDICE BRASIL (IBRX-100) FUNDO DE ÍNDICE;2023-07-31;502249;50586474.74;AÇÕES;Ação ordinária;N;Para negociação;0.00;0.00;0.00;0.00;16298.00;301675.98;;;EMBR3;;;;;;;;1989-08-28;;;;
FIIM;11.455.378/0001-04;ISHARES IBRX - ÍNDICE BRASIL (IBRX-100) FUNDO DE ÍNDICE;2023-07-31;502249;50586474.74;AÇÕES;Ação ordinária;N;Para negociação;100.00;4230.04;91.00;3600.07;18608.00;848896.96;;;PRIO3;;;;;;;;2015-06-26;;;;
FIIM;11.455.378/0001-04;ISHARES IBRX - ÍNDICE BRASIL (IBRX-100) FUNDO DE ÍNDICE;2023-07-31;502249;50586474.74;AÇÕES;Ação ordinária;N;Para negociação;0.00;0.00;0.00;0.00;1821.00;74879.52;;;IRBR3;;;;;;;;2017-07-31;;;;
FIIM;11.455.378/0001-04;ISHARES IBRX - ÍNDICE BRASIL (IBRX-100) FUNDO DE ÍNDICE;2023-07-31;502249;50586474.74;AÇÕES;Ação ordinária;N;Para negociação;41.00;1477.23;0.00;0.00;5184.00;184291.20;;;RRRP3;;;;;;;;2020-11-12;;;;
FIIM;11.455.378/0001-04;ISHARES IBRX - ÍNDICE BRASIL (IBRX-100) FUNDO DE ÍNDICE;2023-07-31;502249;50586474.74;AÇÕES;Ação ordinária;N;Para negociação;221.00;8740.67;201.00;7887.26;44771.00;1730399.15;;;ELET3;;;;;;;;1983-09-01;;;;
FIIM;11.455.378/0001-04;ISHARES IBRX - ÍNDICE BRASIL (IBRX-100) FUNDO DE ÍNDICE;2023-07-31;502249;50586474.74;AÇÕES;Ação ordinária;N;Para negociação;304.00;1459.20;315.00;1439.55;24177.00;114115.44;;;CIEL3;;;;;;;;2009-12-18;;;;
FIIM;11.455.378/0001-04;ISHARES IBRX - ÍNDICE BRASIL (IBRX-100) FUNDO DE ÍNDICE;2023-07-31;502249;50586474.74;AÇÕES;Ação ordinária;N;Para negociação;0.00;0.00;0.00;0.00;6105.00;145421.10;;;CYRE3;;;;;;;;1996-05-27;;;;
FIIM;11.455.378/0001-04;ISHARES IBRX - ÍNDICE BRASIL (IBRX-100) FUNDO DE ÍNDICE;2023-07-31;502249;50586474.74;AÇÕES;Ação ordinária;N;Para negociação;0.00;0.00;0.00;0.00;3197.00;107003.59;;;SMTO3;;;;;;;;2007-02-12;;;;
FIIM;11.455.378/0001-04;ISHARES IBRX - ÍNDICE BRASIL (IBRX-100) FUNDO DE ÍNDICE;2023-07-31;502249;50586474.74;AÇÕES;Ação ordinária;N;Para negociação;152.00;3541.76;140.00;3140.59;26957.00;626480.68;;;RAIL3;;;;;;;;2017-03-13;;;;
FIIM;11.455.378/0001-04;ISHARES IBRX - ÍNDICE BRASIL (IBRX-100) FUNDO DE ÍNDICE;2023-07-31;502249;50586474.74;AÇÕES;Ação ordinária;N;Para negociação;0.00;0.00;0.00;0.00;13082.00;181054.88;;;CSNA3;;;;;;;;1993-08-02;;;;
FIIM;11.455.378/0001-04;ISHARES IBRX - ÍNDICE BRASIL (IBRX-100) FUNDO DE ÍNDICE;2023-07-31;502249;50586474.74;AÇÕES;Ação ordinária;N;Para negociação;0.00;0.00;3726.00;12780.93;9814.00;29245.72;;;CVCB3;;;;;;;;2013-12-09;;;;
FIIM;11.455.378/0001-04;ISHARES IBRX - ÍNDICE BRASIL (IBRX-100) FUNDO DE ÍNDICE;2023-07-31;502249;50586474.74;AÇÕES;Ação ordinária;N;Para negociação;70.00;1516.20;0.00;0.00;3466.00;71746.20;;;PCAR3;;;;;;;;1995-10-03;;;;
FIIM;11.455.378/0001-04;ISHARES IBRX - ÍNDICE BRASIL (IBRX-100) FUNDO DE ÍNDICE;2023-07-31;502249;50586474.74;AÇÕES;Ação ordinária;N;Para negociação;0.00;0.00;0.00;0.00;6662.00;93268.00;;;AURE3;;;;;;;;2022-03-28;;;;
FIIM;11.455.378/0001-04;ISHARES IBRX - ÍNDICE BRASIL (IBRX-100) FUNDO DE ÍNDICE;2023-07-31;502249;50586474.74;AÇÕES;Ação ordinária;N;Para negociação;0.00;0.00;0.00;0.00;25201.00;473274.78;;;JBSS3;;;;;;;;2007-03-29;;;;
FIIM;11.455.378/0001-04;ISHARES IBRX - ÍNDICE BRASIL (IBRX-100) FUNDO DE ÍNDICE;2023-07-31;502249;50586474.74;AÇÕES;Ação ordinária;N;Para negociação;479.00;7148.58;435.00;6500.92;97273.00;1445476.78;;;ABEV3;;;;;;;;2013-11-11;;;;
FIIM;11.455.378/0001-04;ISHARES IBRX - ÍNDICE BRASIL (IBRX-100) FUNDO DE ÍNDICE;2023-07-31;502249;50586474.74;AÇÕES;Ação ordinária;N;Para negociação;107.00;3224.23;98.00;2963.39;11391.00;336831.87;;;TOTS3;;;;;;;;2006-03-09;;;;
FIIM;11.455.378/0001-04;ISHARES IBRX - ÍNDICE BRASIL (IBRX-100) FUNDO DE ÍNDICE;2023-07-31;502249;50586474.74;AÇÕES;Ação ordinária;N;Para negociação;733.00;3282.33;666.00;2960.69;95860.00;460128.00;;;HAPV3;;;;;;;;2018-04-25;;;;
FIIM;11.455.378/0001-04;ISHARES IBRX - ÍNDICE BRASIL (IBRX-100) FUNDO DE ÍNDICE;2023-07-31;502249;50586474.74;AÇÕES;Ação ordinária;N;Para negociação;137.00;3921.75;124.00;3533.68;27583.00;799079.51;;;RADL3;;;;;;;;2011-12-19;;;;
FIIM;11.455.378/0001-04;ISHARES IBRX - ÍNDICE BRASIL (IBRX-100) FUNDO DE ÍNDICE;2023-07-31;502249;50586474.74;AÇÕES;Ação ordinária;N;Para negociação;0.00;0.00;0.00;0.00;34903.00;75390.48;;;VIIA3;;;;;;;;2021-08-16;;;;
FIIM;11.455.378/0001-04;ISHARES IBRX - ÍNDICE BRASIL (IBRX-100) FUNDO DE ÍNDICE;2023-07-31;502249;50586474.74;AÇÕES;Ação ordinária;N;Para negociação;0.00;0.00;550.00;10333.18;2365.00;49901.50;;;DIRR3;;;;;;;;2009-11-19;;;;
FIIM;11.455.378/0001-04;ISHARES IBRX - ÍNDICE BRASIL (IBRX-100) FUNDO DE ÍNDICE;2023-07-31;502249;50586474.74;AÇÕES;Ação ordinária;N;Para negociação;140.00;3035.00;146.00;2944.02;6113.00;140537.87;;;RECV3;;;;;;;;2021-05-05;;;;
FIIM;11.455.378/0001-04;ISHARES IBRX - ÍNDICE BRASIL (IBRX-100) FUNDO DE ÍNDICE;2023-07-31;502249;50586474.74;AÇÕES;Ação ordinária;N;Para negociação;0.00;0.00;0.00;0.00;6027.00;50445.99;;;DXCO3;;;;;;;;2021-08-19;;;;
FIIM;11.455.378/0001-04;ISHARES IBRX - ÍNDICE BRASIL (IBRX-100) FUNDO DE ÍNDICE;2023-07-31;502249;50586474.74;AÇÕES;Ação ordinária;N;Para negociação;156.00;7613.46;141.00;6916.06;31504.00;1518177.76;;;BBAS3;;;;;;;;1973-05-31;;;;
FIIM;11.455.378/0001-04;ISHARES IBRX - ÍNDICE BRASIL (IBRX-100) FUNDO DE ÍNDICE;2023-07-31;502249;50586474.74;AÇÕES;Ação ordinária;N;Para negociação;181.00;3232.91;161.00;2906.45;24704.00;423179.52;;;VBBR3;;;;;;;;2021-10-22;;;;
FIIM;11.455.378/0001-04;ISHARES IBRX - ÍNDICE BRASIL (IBRX-100) FUNDO DE ÍNDICE;2023-07-31;502249;50586474.74;AÇÕES;Ação ordinária;N;Para negociação;0.00;0.00;0.00;0.00;5798.00;58501.82;;;BEEF3;;;;;;;;2007-07-20;;;;
FIIM;11.455.378/0001-04;ISHARES IBRX - ÍNDICE BRASIL (IBRX-100) FUNDO DE ÍNDICE;2023-07-31;502249;50586474.74;AÇÕES;Ação ordinária;N;Para negociação;504.00;34699.16;441.00;29319.31;98627.00;6821043.32;;;VALE3;;;;;;;;1982-02-15;;;;
FIIM;11.455.378/0001-04;ISHARES IBRX - ÍNDICE BRASIL (IBRX-100) FUNDO DE ÍNDICE;2023-07-31;502249;50586474.74;AÇÕES;Ação ordinária;N;Para negociação;0.00;0.00;0.00;0.00;5663.00;249398.52;;;EGIE3;;;;;;;;2016-07-21;;;;
FIIM;11.455.378/0001-04;ISHARES IBRX - ÍNDICE BRASIL (IBRX-100) FUNDO DE ÍNDICE;2023-07-31;502249;50586474.74;AÇÕES;Ação ordinária;N;Para negociação;0.00;0.00;0.00;0.00;6864.00;56353.44;;;ECOR3;;;;;;;;2010-04-01;;;;
FIIM;11.455.378/0001-04;ISHARES IBRX - ÍNDICE BRASIL (IBRX-100) FUNDO DE ÍNDICE;2023-07-31;502249;50586474.74;AÇÕES;Ação ordinária;N;Para negociação;864.00;2889.52;886.00;2912.33;40075.00;134251.25;;;COGN3;;;;;;;;2019-10-11;;;;
FIIM;11.455.378/0001-04;ISHARES IBRX - ÍNDICE BRASIL (IBRX-100) FUNDO DE ÍNDICE;2023-07-31;502249;50586474.74;AÇÕES;Ação ordinária;N;Para negociação;122.00;4200.76;111.00;3572.68;24285.00;874260.00;;;RDOR3;;;;;;;;2021-06-25;;;;
FIIM;11.455.378/0001-04;ISHARES IBRX - ÍNDICE BRASIL (IBRX-100) FUNDO DE ÍNDICE;2023-07-31;502249;50586474.74;AÇÕES;Ação ordinária;N;Para negociação;0.00;0.00;0.00;0.00;11810.00;287101.10;;;ALSO3;;;;;;;;2019-08-06;;;;
FIIM;11.455.378/0001-04;ISHARES IBRX - ÍNDICE BRASIL (IBRX-100) FUNDO DE ÍNDICE;2023-07-31;502249;50586474.74;AÇÕES;Ação ordinária;N;Para negociação;77.00;3304.27;69.00;2911.13;9378.00;394907.58;;;VIVT3;;;;;;;;2011-10-06;;;;
FIIM;11.455.378/0001-04;ISHARES IBRX - ÍNDICE BRASIL (IBRX-100) FUNDO DE ÍNDICE;2023-07-31;502249;50586474.74;AÇÕES;Ação ordinária;N;Para negociação;0.00;0.00;1714.00;24235.96;8450.00;117455.00;;;MRVE3;;;;;;;;2007-07-23;;;;
FIIM;11.455.378/0001-04;ISHARES IBRX - ÍNDICE BRASIL (IBRX-100) FUNDO DE ÍNDICE;2023-07-31;502249;50586474.74;AÇÕES;Ação ordinária;N;Para negociação;404.00;13665.72;367.00;12171.72;82086.00;2857413.66;;;PETR3;;;;;;;;1973-09-18;;;;
FIIM;11.455.378/0001-04;ISHARES IBRX - ÍNDICE BRASIL (IBRX-100) FUNDO DE ÍNDICE;2023-07-31;502249;50586474.74;AÇÕES;Ação ordinária;N;Para negociação;0.00;0.00;0.00;0.00;11768.00;161456.96;;;CRFB3;;;;;;;;2017-07-20;;;;
FIIM;11.455.378/0001-04;ISHARES IBRX - ÍNDICE BRASIL (IBRX-100) FUNDO DE ÍNDICE;2023-07-31;502249;50586474.74;AÇÕES;Ação ordinária;N;Para negociação;0.00;0.00;0.00;0.00;18611.00;340022.97;;;NTCO3;;;;;;;;2019-12-18;;;;
FIIM;11.455.378/0001-04;ISHARES IBRX - ÍNDICE BRASIL (IBRX-100) FUNDO DE ÍNDICE;2023-07-31;502249;50586474.74;AÇÕES;Ação ordinária;N;Para negociação;289.00;1509.48;0.00;0.00;4118.00;21825.40;;;CBAV3;;;;;;;;2021-07-15;;;;
FIIM;11.455.378/0001-04;ISHARES IBRX - ÍNDICE BRASIL (IBRX-100) FUNDO DE ÍNDICE;2023-07-31;502249;50586474.74;AÇÕES;Ação ordinária;N;Para negociação;253.00;3234.88;236.00;2893.54;34988.00;467789.56;;;ENEV3;;;;;;;;2013-10-22;;;;
FIIM;11.455.378/0001-04;ISHARES IBRX - ÍNDICE BRASIL (IBRX-100) FUNDO DE ÍNDICE;2023-07-31;502249;50586474.74;AÇÕES;Ação ordinária;N;Para negociação;72.00;1441.83;0.00;0.00;6556.00;145477.64;;;YDUQ3;;;;;;;;2019-07-23;;;;
FIIM;11.455.378/0001-04;ISHARES IBRX - ÍNDICE BRASIL (IBRX-100) FUNDO DE ÍNDICE;2023-07-31;502249;50586474.74;AÇÕES;Ação ordinária;N;Para negociação;0.00;0.00;0.00;0.00;7410.00;51870.00;;;PETZ3;;;;;;;;2020-09-11;;;;
FIIM;11.455.378/0001-04;ISHARES IBRX - ÍNDICE BRASIL (IBRX-100) FUNDO DE ÍNDICE;2023-07-31;502249;50586474.74;AÇÕES;Ação ordinária;N;Para negociação;48.00;3266.40;1537.00;107730.75;18650.00;1253653.00;;;RENT3;;;;;;;;2005-05-23;;;;
FIIM;11.455.378/0001-04;ISHARES IBRX - ÍNDICE BRASIL (IBRX-100) FUNDO DE ÍNDICE;2023-07-31;502249;50586474.74;AÇÕES;Ação ordinária;N;Para negociação;925.00;2896.95;905.00;2924.10;63593.00;213036.55;;;MGLU3;;;;;;;;2011-05-02;;;;
FIIM;11.455.378/0001-04;ISHARES IBRX - ÍNDICE BRASIL (IBRX-100) FUNDO DE ÍNDICE;2023-07-31;502249;50586474.74;AÇÕES;Ação ordinária;N;Para negociação;155.00;2963.56;185.00;3540.21;24109.00;455419.01;;;UGPA3;;;;;;;;1999-10-13;;;;
FIIM;11.455.378/0001-04;ISHARES IBRX - ÍNDICE BRASIL (IBRX-100) FUNDO DE ÍNDICE;2023-07-31;502249;50586474.74;AÇÕES;Ação ordinária;N;Para negociação;0.00;0.00;0.00;0.00;22151.00;294386.79;;;CCRO3;;;;;;;;2002-02-01;;;;
FIIM;11.455.378/0001-04;ISHARES IBRX - ÍNDICE BRASIL (IBRX-100) FUNDO DE ÍNDICE;2023-07-31;502249;50586474.74;AÇÕES;Ação ordinária;N;Para negociação;627.00;9196.51;570.00;8150.84;127137.00;1894341.30;;;B3SA3;;;;;;;;2018-03-26;;;;
FIIM;11.455.378/0001-04;ISHARES IBRX - ÍNDICE BRASIL (IBRX-100) FUNDO DE ÍNDICE;2023-07-31;502249;50586474.74;AÇÕES;Ação ordinária;N;Para negociação;0.00;0.00;0.00;0.00;24580.00;109381.00;;;CMIN3;;;;;;;;2021-05-03;;;;
FIIM;11.455.378/0001-04;ISHARES IBRX - ÍNDICE BRASIL (IBRX-100) FUNDO DE ÍNDICE;2023-07-31;502249;50586474.74;AÇÕES;Ação ordinária;N;Para negociação;19.00;1580.04;18.00;1453.50;1339.00;110333.60;;;ARZZ3;;;;;;;;2011-02-02;;;;
FIIM;11.455.378/0001-04;ISHARES IBRX - ÍNDICE BRASIL (IBRX-100) FUNDO DE ÍNDICE;2023-07-31;502249;50586474.74;AÇÕES;Ação ordinária;N;Para negociação;0.00;0.00;0.00;0.00;1520.00;15093.60;;;CASH3;;;;;;;;2020-11-05;;;;
FIIM;11.455.378/0001-04;ISHARES IBRX - ÍNDICE BRASIL (IBRX-100) FUNDO DE ÍNDICE;2023-07-31;502249;50586474.74;AÇÕES;Ação ordinária;N;Para negociação;132.00;1519.60;0.00;0.00;2887.00;32940.67;;;MOVI3;;;;;;;;2017-02-08;;;;
FIIM;11.455.378/0001-04;ISHARES IBRX - ÍNDICE BRASIL (IBRX-100) FUNDO DE ÍNDICE;2023-07-31;502249;50586474.74;AÇÕES;Ação ordinária;N;Para negociação;295.00;2985.07;282.00;2907.68;18994.00;182532.34;;;STBP3;;;;;;;;2007-11-21;;;;
FIIM;11.455.378/0001-04;ISHARES IBRX - ÍNDICE BRASIL (IBRX-100) FUNDO DE ÍNDICE;2023-07-31;502249;50586474.74;AÇÕES;Ação ordinária;N;Para negociação;74.00;1610.98;0.00;0.00;2061.00;44785.53;;;EZTC3;;;;;;;;2007-06-22;;;;
FIIM;11.455.378/0001-04;ISHARES IBRX - ÍNDICE BRASIL (IBRX-100) FUNDO DE ÍNDICE;2023-07-31;502249;50586474.74;AÇÕES;Ação ordinária;N;Para negociação;132.00;1964.16;100.00;1438.00;33276.00;494148.60;;;BBDC3;;;;;;;;1973-12-06;;;;
FIIM;11.455.378/0001-04;ISHARES IBRX - ÍNDICE BRASIL (IBRX-100) FUNDO DE ÍNDICE;2023-07-31;502249;50586474.74;AÇÕES;Ação ordinária;N;Para negociação;0.00;0.00;0.00;0.00;1529.00;63805.17;;;MDIA3;;;;;;;;2006-10-18;;;;
FIIM;11.455.378/0001-04;ISHARES IBRX - ÍNDICE BRASIL (IBRX-100) FUNDO DE ÍNDICE;2023-07-31;502249;50586474.74;AÇÕES;Ação ordinária;N;Para negociação;0.00;0.00;0.00;0.00;10877.00;122257.48;;;SOMA3;;;;;;;;2020-07-31;;;;
FIIM;11.455.378/0001-04;ISHARES IBRX - ÍNDICE BRASIL (IBRX-100) FUNDO DE ÍNDICE;2023-07-31;502249;50586474.74;AÇÕES;Ação ordinária;N;Para negociação;0.00;0.00;0.00;0.00;9346.00;150564.06;;;FLRY3;;;;;;;;2009-12-17;;;;
FIIM;11.455.378/0001-04;ISHARES IBRX - ÍNDICE BRASIL (IBRX-100) FUNDO DE ÍNDICE;2023-07-31;502249;50586474.74;AÇÕES;Ação ordinária;N;Para negociação;149.00;1500.07;13525.00;116139.30;37167.00;362749.92;;;BRFS3;;;;;;;;2009-12-10;;;;
FIIM;11.455.378/0001-04;ISHARES IBRX - ÍNDICE BRASIL (IBRX-100) FUNDO DE ÍNDICE;2023-07-31;502249;50586474.74;AÇÕES;Ação ordinária;N;Para negociação;52.00;1509.04;50.00;1453.15;3964.00;113489.32;;;PSSA3;;;;;;;;2004-11-22;;;;
FIIM;11.455.378/0001-04;ISHARES IBRX - ÍNDICE BRASIL (IBRX-100) FUNDO DE ÍNDICE;2023-07-31;502249;50586474.74;AÇÕES;Ação ordinária;N;Para negociação;0.00;0.00;0.00;0.00;2336.00;101966.40;;;SLCE3;;;;;;;;2007-06-15;;;;
FIIM;11.455.378/0001-04;ISHARES IBRX - ÍNDICE BRASIL (IBRX-100) FUNDO DE ÍNDICE;2023-07-31;502249;50586474.74;AÇÕES;Ação ordinária;N;Para negociação;154.00;3017.05;107.00;2029.79;25960.00;517642.40;;;CSAN3;;;;;;;;2005-11-18;;;;
FIIM;11.455.378/0001-04;ISHARES IBRX - ÍNDICE BRASIL (IBRX-100) FUNDO DE ÍNDICE;2023-07-31;502249;50586474.74;AÇÕES;Ação ordinária;N;Para negociação;118.00;1518.66;106.00;1423.58;26406.00;355688.82;;;ASAI3;;;;;;;;2021-03-01;;;;
FIIM;11.455.378/0001-04;ISHARES IBRX - ÍNDICE BRASIL (IBRX-100) FUNDO DE ÍNDICE;2023-07-31;502249;50586474.74;AÇÕES;Ação ordinária;N;Para negociação;0.00;0.00;2625.00;30923.29;9605.00;114683.70;;;VAMO3;;;;;;;;2021-01-29;;;;
FIIM;11.455.378/0001-04;ISHARES IBRX - ÍNDICE BRASIL (IBRX-100) FUNDO DE ÍNDICE;2023-07-31;502249;50586474.74;AÇÕES;Ação ordinária;N;Para negociação;0.00;0.00;0.00;0.00;17934.00;257173.56;;;TIMS3;;;;;;;;2020-10-13;;;;
FIIM;11.455.378/0001-04;ISHARES IBRX - ÍNDICE BRASIL (IBRX-100) FUNDO DE ÍNDICE;2023-07-31;502249;50586474.74;AÇÕES;Ação ordinária;N;Para negociação;124.00;4170.07;113.00;3702.81;24745.00;829947.30;;;EQTL3;;;;;;;;2006-04-03;;;;
FIIM;11.455.378/0001-04;ISHARES IBRX - ÍNDICE BRASIL (IBRX-100) FUNDO DE ÍNDICE;2023-07-31;502249;50586474.74;AÇÕES;Ação ordinária;N;Para negociação;84.00;3017.70;84.00;2946.09;4147.00;148379.66;;;CPFE3;;;;;;;;2004-09-29;;;;
FIIM;11.455.378/0001-04;ISHARES IBRX - ÍNDICE BRASIL (IBRX-100) FUNDO DE ÍNDICE;2023-07-31;502249;50586474.74;AÇÕES;Ação ordinária;N;Para negociação;0.00;0.00;0.00;0.00;6310.00;27069.90;;;QUAL3;;;;;;;;2011-06-29;;;;
FIIM;11.455.378/0001-04;ISHARES IBRX - ÍNDICE BRASIL (IBRX-100) FUNDO DE ÍNDICE;2023-07-31;502249;50586474.74;AÇÕES;Ação ordinária;N;Para negociação;56.00;1478.26;0.00;0.00;5889.00;155528.49;;;MULT3;;;;;;;;2007-07-27;;;;
FIIM;11.455.378/0001-04;ISHARES IBRX - ÍNDICE BRASIL (IBRX-100) FUNDO DE ÍNDICE;2023-07-31;502249;50586474.74;AÇÕES;Ação ordinária;N;Para negociação;83.00;3781.38;76.00;3374.53;16117.00;774744.19;;;SUZB3;;;;;;;;2004-08-05;;;;
FIIM;11.455.378/0001-04;ISHARES IBRX - ÍNDICE BRASIL (IBRX-100) FUNDO DE ÍNDICE;2023-07-31;502249;50586474.74;AÇÕES;Ação ordinária;N;Para negociação;66.00;2990.63;67.00;3052.88;8877.00;384019.02;;;HYPE3;;;;;;;;2008-04-18;;;;
FIIM;11.455.378/0001-04;ISHARES IBRX - ÍNDICE BRASIL (IBRX-100) FUNDO DE ÍNDICE;2023-07-31;502249;50586474.74;AÇÕES;Ação ordinária;N;Para negociação;0.00;0.00;0.00;0.00;14910.00;463999.20;;;BBSE3;;;;;;;;2013-04-29;;;;
FIIM;11.455.378/0001-04;ISHARES IBRX - ÍNDICE BRASIL (IBRX-100) FUNDO DE ÍNDICE;2023-07-31;502249;50586474.74;AÇÕES;Ação ordinária;N;Para negociação;5474.00;129898.02;0.00;0.00;0.00;0.00;;;ENBR3;;;;;;;;2005-07-13;;;;
FIIM;11.455.378/0001-04;ISHARES IBRX - ÍNDICE BRASIL (IBRX-100) FUNDO DE ÍNDICE;2023-07-31;502249;50586474.74;AÇÕES;Ação preferencial;N;Para negociação;573.00;5602.93;520.00;5016.48;116042.00;1139532.44;;;ITSA4;;;;;;;;1973-09-17;;;;
FIIM;11.455.378/0001-04;ISHARES IBRX - ÍNDICE BRASIL (IBRX-100) FUNDO DE ÍNDICE;2023-07-31;502249;50586474.74;AÇÕES;Ação preferencial;N;Para negociação;525.00;15196.10;477.00;13622.01;106475.00;3049444.00;;;ITUB4;;;;;;;;2009-05-20;;;;
FIIM;11.455.378/0001-04;ISHARES IBRX - ÍNDICE BRASIL (IBRX-100) FUNDO DE ÍNDICE;2023-07-31;502249;50586474.74;AÇÕES;Ação preferencial;N;Para negociação;113.00;1535.67;117.00;1458.59;14777.00;203183.75;;;GOAU4;;;;;;;;1973-08-27;;;;
FIIM;11.455.378/0001-04;ISHARES IBRX - ÍNDICE BRASIL (IBRX-100) FUNDO DE ÍNDICE;2023-07-31;502249;50586474.74;AÇÕES;Ação preferencial;N;Para negociação;0.00;0.00;0.00;0.00;7299.00;129192.30;;;AZUL4;;;;;;;;2017-04-11;;;;
FIIM;11.455.378/0001-04;ISHARES IBRX - ÍNDICE BRASIL (IBRX-100) FUNDO DE ÍNDICE;2023-07-31;502249;50586474.74;AÇÕES;Ação preferencial;N;Para negociação;0.00;0.00;0.00;0.00;11362.00;82147.26;;;USIM5;;;;;;;;1999-02-02;;;;
FIIM;11.455.378/0001-04;ISHARES IBRX - ÍNDICE BRASIL (IBRX-100) FUNDO DE ÍNDICE;2023-07-31;502249;50586474.74;AÇÕES;Ação preferencial;N;Para negociação;0.00;0.00;0.00;0.00;5594.00;131403.06;;;BRAP4;;;;;;;;2000-08-10;;;;
FIIM;11.455.378/0001-04;ISHARES IBRX - ÍNDICE BRASIL (IBRX-100) FUNDO DE ÍNDICE;2023-07-31;502249;50586474.74;AÇÕES;Ação preferencial;N;Para negociação;0.00;0.00;0.00;0.00;8795.00;220754.50;;;TRPL4;;;;;;;;1999-07-26;;;;
FIIM;11.455.378/0001-04;ISHARES IBRX - ÍNDICE BRASIL (IBRX-100) FUNDO DE ÍNDICE;2023-07-31;502249;50586474.74;AÇÕES;Ação preferencial;N;Para negociação;0.00;0.00;0.00;0.00;6112.00;266666.56;;;ELET6;;;;;;;;1974-11-13;;;;
FIIM;11.455.378/0001-04;ISHARES IBRX - ÍNDICE BRASIL (IBRX-100) FUNDO DE ÍNDICE;2023-07-31;502249;50586474.74;AÇÕES;Ação preferencial;N;Para negociação;156.00;1434.08;0.00;0.00;4448.00;42834.24;;;ALPA4;;;;;;;;1973-03-19;;;;
FIIM;11.455.378/0001-04;ISHARES IBRX - ÍNDICE BRASIL (IBRX-100) FUNDO DE ÍNDICE;2023-07-31;502249;50586474.74;AÇÕES;Ação preferencial;N;Para negociação;134.00;3684.47;124.00;3244.86;24240.00;709020.00;;;GGBR4;;;;;;;;2001-02-01;;;;
FIIM;11.455.378/0001-04;ISHARES IBRX - ÍNDICE BRASIL (IBRX-100) FUNDO DE ÍNDICE;2023-07-31;502249;50586474.74;AÇÕES;Ação preferencial;N;Para negociação;563.00;9293.12;512.00;8415.95;114125.00;1901322.50;;;BBDC4;;;;;;;;1973-12-06;;;;
FIIM;11.455.378/0001-04;ISHARES IBRX - ÍNDICE BRASIL (IBRX-100) FUNDO DE ÍNDICE;2023-07-31;502249;50586474.74;AÇÕES;Ação preferencial;N;Para negociação;0.00;0.00;110.00;1481.70;4887.00;47061.81;;;GOLL4;;;;;;;;2004-06-24;;;;
FIIM;11.455.378/0001-04;ISHARES IBRX - ÍNDICE BRASIL (IBRX-100) FUNDO DE ÍNDICE;2023-07-31;502249;50586474.74;AÇÕES;Ação preferencial;N;Para negociação;0.00;0.00;0.00;0.00;5872.00;149148.80;;;BRKM5;;;;;;;;2002-09-02;;;;
FIIM;11.455.378/0001-04;ISHARES IBRX - ÍNDICE BRASIL (IBRX-100) FUNDO DE ÍNDICE;2023-07-31;502249;50586474.74;AÇÕES;Ação preferencial;N;Para negociação;131.00;1671.56;116.00;1450.00;31978.00;405161.26;;;CMIG4;;;;;;;;1973-08-20;;;;
FIIM;11.455.378/0001-04;ISHARES IBRX - ÍNDICE BRASIL (IBRX-100) FUNDO DE ÍNDICE;2023-07-31;502249;50586474.74;AÇÕES;Ação preferencial;N;Para negociação;500.00;15138.10;454.00;13383.09;101261.00;3150229.71;;;PETR4;;;;;;;;1973-09-18;;;;
FIIM;11.455.378/0001-04;ISHARES IBRX - ÍNDICE BRASIL (IBRX-100) FUNDO DE ÍNDICE;2023-07-31;502249;50586474.74;AÇÕES;Ação preferencial;N;Para negociação;0.00;0.00;0.00;0.00;26693.00;111042.88;;;RAIZ4;;;;;;;;2021-08-05;;;;
FIIM;11.455.378/0001-04;ISHARES IBRX - ÍNDICE BRASIL (IBRX-100) FUNDO DE ÍNDICE;2023-07-31;502249;50586474.74;AÇÕES;Ação preferencial;N;Para negociação;0.00;0.00;0.00;0.00;34718.00;290242.48;;;CPLE6;;;;;;;;1996-11-14;;;;
FIIM;11.455.378/0001-04;ISHARES IBRX - ÍNDICE BRASIL (IBRX-100) FUNDO DE ÍNDICE;2023-07-31;502249;50586474.74;DISPONIBILIDADES;Outros;;Para negociação;;;;;;10588.39;;;;Disponibilidade;;;;;;;;;;;
FIIM;11.455.378/0001-04;ISHARES IBRX - ÍNDICE BRASIL (IBRX-100) FUNDO DE ÍNDICE;2023-07-31;502249;50586474.74;VALORES A PAGAR;Outros;;Para negociação;;;;;;24914.88;;;;Valores a Pagar;;;;;;;;;;;
FIIM;11.455.378/0001-04;ISHARES IBRX - ÍNDICE BRASIL (IBRX-100) FUNDO DE ÍNDICE;2023-07-31;502249;50586474.74;VALORES A RECEBER;Outros;;Para negociação;;;;;;686774.37;;;;Valores a Receber;;;;;;;;;;;
FIIM;11.455.378/0001-04;ISHARES IBRX - ÍNDICE BRASIL (IBRX-100) FUNDO DE ÍNDICE;2023-07-31;502249;50586474.74;AÇÕES E OUTROS TVM CEDIDOS EM EMPRÉSTIMO;Certificado de depósito de ações;N;Para negociação;;;;;27175.00;924221.75;;;;BPAC11;;PJ;30306294000145;BANCO BTG PACTUAL S.A.;;;;;;;
FIIM;11.455.378/0001-04;ISHARES IBRX - ÍNDICE BRASIL (IBRX-100) FUNDO DE ÍNDICE;2023-07-31;502249;50586474.74;OPERAÇÕES COMPROMISSADAS;;N;Para negociação;;;;;70.00;66469.65;;;;;2024-01-01;;;;;100000;;;;;
FIIM;11.455.378/0001-04;ISHARES IBRX - ÍNDICE BRASIL (IBRX-100) FUNDO DE ÍNDICE;2023-07-31;502249;50586474.74;CERTIFICADO OU RECIBO DE DEPÓSITO DE VALORES MOBILIÁRIOS;Certificado de depósito de ações;N;Para negociação;;;;;5515.00;276797.85;;;ENGI11;;;;;;;;2009-11-03;;;;
FIIM;11.455.378/0001-04;ISHARES IBRX - ÍNDICE BRASIL (IBRX-100) FUNDO DE ÍNDICE;2023-07-31;502249;50586474.74;CERTIFICADO OU RECIBO DE DEPÓSITO DE VALORES MOBILIÁRIOS;Certificado de depósito de ações;N;Para negociação;;;;;15560.00;357880.00;;;KLBN11;;;;;;;;2014-01-10;;;;
FIIM;11.455.378/0001-04;ISHARES IBRX - ÍNDICE BRASIL (IBRX-100) FUNDO DE ÍNDICE;2023-07-31;502249;50586474.74;CERTIFICADO OU RECIBO DE DEPÓSITO DE VALORES MOBILIÁRIOS;Certificado de depósito de ações;N;Para negociação;;;;;4748.00;103886.24;;;IGTI11;;;;;;;;2021-11-22;;;;
FIIM;11.455.378/0001-04;ISHARES IBRX - ÍNDICE BRASIL (IBRX-100) FUNDO DE ÍNDICE;2023-07-31;502249;50586474.74;CERTIFICADO OU RECIBO DE DEPÓSITO DE VALORES MOBILIÁRIOS;Certificado de depósito de ações;N;Para negociação;;;;;4829.00;173844.00;;;TAEE11;;;;;;;;2012-05-28;;;;
FIIM;11.455.378/0001-04;ISHARES IBRX - ÍNDICE BRASIL (IBRX-100) FUNDO DE ÍNDICE;2023-07-31;502249;50586474.74;CERTIFICADO OU RECIBO DE DEPÓSITO DE VALORES MOBILIÁRIOS;Certificado de depósito de ações;N;Para negociação;;;;;7894.00;225452.64;;;SANB11;;;;;;;;2009-10-07;;;;
FIIM;11.961.094/0001-81;IT NOW IFNC FUNDO DE ÍNDICE;2023-07-31;501298;610019522.10;AÇÕES;;S;Para negociação;2962.00;73279.88;17396.00;430683.23;134038.00;3317440.50;;;ITUB3;;;;;;;;2009-05-20;;;;
FIIM;11.961.094/0001-81;IT NOW IFNC FUNDO DE ÍNDICE;2023-07-31;501298;610019522.10;AÇÕES;;N;Para negociação;6037.00;64052.57;35461.00;360833.55;267440.00;2885677.60;;;CXSE3;;;;;;;;2021-04-29;;;;
FIIM;11.961.094/0001-81;IT NOW IFNC FUNDO DE ÍNDICE;2023-07-31;501298;610019522.10;AÇÕES;;N;Para negociação;2097.00;61421.13;12376.00;355315.32;98670.00;2824922.10;;;PSSA3;;;;;;;;2004-11-22;;;;
FIIM;11.961.094/0001-81;IT NOW IFNC FUNDO DE ÍNDICE;2023-07-31;501298;610019522.10;AÇÕES;;N;Para negociação;2363.00;34594.32;13905.00;206442.15;180155.00;2628461.45;;;BRSR6;;;;;;;;2007-09-03;;;;
FIIM;11.961.094/0001-81;IT NOW IFNC FUNDO DE ÍNDICE;2023-07-31;501298;610019522.10;AÇÕES;;N;Para negociação;616.00;3412.64;3576.00;20628.61;30871.00;171951.47;;;CLSA3;;;;;;;;2021-07-30;;;;
FIIM;11.961.094/0001-81;IT NOW IFNC FUNDO DE ÍNDICE;2023-07-31;501298;610019522.10;AÇÕES;;N;Para negociação;950.00;39026.00;5646.00;267897.67;43076.00;1771285.12;;;IRBR3;;;;;;;;2017-07-31;;;;
FIIM;11.961.094/0001-81;IT NOW IFNC FUNDO DE ÍNDICE;2023-07-31;501298;610019522.10;AÇÕES;;N;Para negociação;818.00;15067.56;4786.00;87602.97;50880.00;951456.00;;;ABCB4;;;;;;;;2007-07-25;;;;
FIIM;11.961.094/0001-81;IT NOW IFNC FUNDO DE ÍNDICE;2023-07-31;501298;610019522.10;AÇÕES;;N;Para negociação;17148.00;252933.00;100870.00;1477592.72;1538238.00;22842834.30;;;BBDC3;;;;;;;;1973-12-06;;;;
FIIM;11.961.094/0001-81;IT NOW IFNC FUNDO DE ÍNDICE;2023-07-31;501298;610019522.10;AÇÕES;;S;Para negociação;61052.00;598920.12;359097.00;3491251.09;5791080.00;56868405.60;;;ITSA4;;;;;;;;1973-09-17;;;;
FIIM;11.961.094/0001-81;IT NOW IFNC FUNDO DE ÍNDICE;2023-07-31;501298;610019522.10;AÇÕES;;N;Para negociação;12780.00;58915.80;75141.00;357274.40;602615.00;2844342.80;;;CIEL3;;;;;;;;2009-12-18;;;;
FIIM;11.961.094/0001-81;IT NOW IFNC FUNDO DE ÍNDICE;2023-07-31;501298;610019522.10;AÇÕES;;N;Para negociação;3985.00;37379.30;23406.00;215118.60;303278.00;2820485.40;;;BPAN4;;;;;;;;2014-08-05;;;;
FIIM;11.961.094/0001-81;IT NOW IFNC FUNDO DE ÍNDICE;2023-07-31;501298;610019522.10;AÇÕES;;N;Para negociação;66888.00;984591.36;393458.00;5777261.52;5862198.00;87346750.20;;;B3SA3;;;;;;;;2018-03-26;;;;
FIIM;11.961.094/0001-81;IT NOW IFNC FUNDO DE ÍNDICE;2023-07-31;501298;610019522.10;AÇÕES;;S;Para negociação;37007.00;1056179.78;217681.00;6178967.06;3629679.00;103954006.56;;;ITUB4;;;;;;;;2009-05-20;;;;
FIIM;11.961.094/0001-81;IT NOW IFNC FUNDO DE ÍNDICE;2023-07-31;501298;610019522.10;AÇÕES;;N;Para negociação;880.00;5526.40;5191.00;32279.56;37300.00;234990.00;;;WIZC3;;;;;;;;2023-02-09;;;;
FIIM;11.961.094/0001-81;IT NOW IFNC FUNDO DE ÍNDICE;2023-07-31;501298;610019522.10;AÇÕES;;N;Para negociação;7836.00;245031.72;46046.00;1412551.90;680135.00;21165801.20;;;BBSE3;;;;;;;;2013-04-29;;;;
FIIM;11.961.094/0001-81;IT NOW IFNC FUNDO DE ÍNDICE;2023-07-31;501298;610019522.10;AÇÕES;;N;Para negociação;58813.00;971002.63;346014.00;5715416.78;3360548.00;55986729.68;;;BBDC4;;;;;;;;1973-12-06;;;;
FIIM;11.961.094/0001-81;IT NOW IFNC FUNDO DE ÍNDICE;2023-07-31;501298;610019522.10;AÇÕES;;N;Para negociação;6193.00;49482.07;36441.00;290772.39;624772.00;4985680.56;;;BOAS3;;;;;;;;2020-09-30;;;;
FIIM;11.961.094/0001-81;IT NOW IFNC FUNDO DE ÍNDICE;2023-07-31;501298;610019522.10;AÇÕES;;N;Para negociação;16575.00;783666.00;97505.00;4687182.93;694771.00;33481014.49;;;BBAS3;;;;;;;;1973-05-31;;;;
FIIM;11.961.094/0001-81;IT NOW IFNC FUNDO DE ÍNDICE;2023-07-31;501298;610019522.10;TÍTULOS PÚBLICOS;;;Para negociação;382.00;5141318.83;185.00;2486894.64;113.00;1531131.50;;;210100;;;;;;;;2026-09-01;;;;
FIIM;11.961.094/0001-81;IT NOW IFNC FUNDO DE ÍNDICE;2023-07-31;501298;610019522.10;DISPONIBILIDADES;;;Para negociação;;;;;;76865.84;;;DISPONIBILIDADES;;;;;;;;;;;;
FIIM;11.961.094/0001-81;IT NOW IFNC FUNDO DE ÍNDICE;2023-07-31;501298;610019522.10;VALORES A PAGAR;;;Para negociação;;;;;;6560164.83;;;VALORES A PAGAR;;;;;;;;;;;;
FIIM;11.961.094/0001-81;IT NOW IFNC FUNDO DE ÍNDICE;2023-07-31;501298;610019522.10;VALORES A RECEBER;;;Para negociação;;;;;;11610804.11;;;VALORES A RECEBER;;;;;;;;;;;;
FIIM;11.961.094/0001-81;IT NOW IFNC FUNDO DE ÍNDICE;2023-07-31;501298;610019522.10;MERCADO FUTURO - POSIÇÕES COMPRADAS;;;Para negociação;0.00;0.00;0.00;0.00;;91977.40;;;FUT WIN;;;;;;;;;;;;
FIIM;11.961.094/0001-81;IT NOW IFNC FUNDO DE ÍNDICE;2023-07-31;501298;610019522.10;AÇÕES E OUTROS TVM CEDIDOS EM EMPRÉSTIMO;;N;Para negociação;;;;;27916.00;522029.20;;;ABCB4;;;;;;;;2007-07-25;;;;
FIIM;11.961.094/0001-81;IT NOW IFNC FUNDO DE ÍNDICE;2023-07-31;501298;610019522.10;AÇÕES E OUTROS TVM CEDIDOS EM EMPRÉSTIMO;;N;Para negociação;;;;;112914.00;3232727.82;;;PSSA3;;;;;;;;2004-11-22;;;;
FIIM;11.961.094/0001-81;IT NOW IFNC FUNDO DE ÍNDICE;2023-07-31;501298;610019522.10;AÇÕES E OUTROS TVM CEDIDOS EM EMPRÉSTIMO;;N;Para negociação;;;;;52819.00;2171917.28;;;IRBR3;;;;;;;;2017-07-31;;;;
FIIM;11.961.094/0001-81;IT NOW IFNC FUNDO DE ÍNDICE;2023-07-31;501298;610019522.10;AÇÕES E OUTROS TVM CEDIDOS EM EMPRÉSTIMO;;S;Para negociação;;;;;103425.00;2962092.00;;;ITUB4;;;;;;;;2009-05-20;;;;
FIIM;11.961.094/0001-81;IT NOW IFNC FUNDO DE ÍNDICE;2023-07-31;501298;610019522.10;AÇÕES E OUTROS TVM CEDIDOS EM EMPRÉSTIMO;;N;Para negociação;;;;;98624.00;917203.20;;;BPAN4;;;;;;;;2014-08-05;;;;
FIIM;11.961.094/0001-81;IT NOW IFNC FUNDO DE ÍNDICE;2023-07-31;501298;610019522.10;AÇÕES E OUTROS TVM CEDIDOS EM EMPRÉSTIMO;;N;Para negociação;;;;;686457.00;3240077.04;;;CIEL3;;;;;;;;2009-12-18;;;;
FIIM;11.961.094/0001-81;IT NOW IFNC FUNDO DE ÍNDICE;2023-07-31;501298;610019522.10;AÇÕES E OUTROS TVM CEDIDOS EM EMPRÉSTIMO;;N;Para negociação;;;;;341532.00;3685130.28;;;CXSE3;;;;;;;;2021-04-29;;;;
FIIM;11.961.094/0001-81;IT NOW IFNC FUNDO DE ÍNDICE;2023-07-31;501298;610019522.10;AÇÕES E OUTROS TVM CEDIDOS EM EMPRÉSTIMO;;S;Para negociação;;;;;367405.00;3607917.10;;;ITSA4;;;;;;;;1973-09-17;;;;
FIIM;11.961.094/0001-81;IT NOW IFNC FUNDO DE ÍNDICE;2023-07-31;501298;610019522.10;AÇÕES E OUTROS TVM CEDIDOS EM EMPRÉSTIMO;;N;Para negociação;;;;;58176.00;848787.84;;;BRSR6;;;;;;;;2007-09-03;;;;
FIIM;11.961.094/0001-81;IT NOW IFNC FUNDO DE ÍNDICE;2023-07-31;501298;610019522.10;AÇÕES E OUTROS TVM CEDIDOS EM EMPRÉSTIMO;;N;Para negociação;;;;;28177.00;958299.77;;;BPAC11;;;;;;;;2017-02-16;;;;
FIIM;11.961.094/0001-81;IT NOW IFNC FUNDO DE ÍNDICE;2023-07-31;501298;610019522.10;AÇÕES E OUTROS TVM CEDIDOS EM EMPRÉSTIMO;;N;Para negociação;;;;;191608.00;2845378.80;;;BBDC3;;;;;;;;1973-12-06;;;;
FIIM;11.961.094/0001-81;IT NOW IFNC FUNDO DE ÍNDICE;2023-07-31;501298;610019522.10;AÇÕES E OUTROS TVM CEDIDOS EM EMPRÉSTIMO;;N;Para negociação;;;;;31189.00;173722.73;;;CLSA3;;;;;;;;2021-07-30;;;;
FIIM;11.961.094/0001-81;IT NOW IFNC FUNDO DE ÍNDICE;2023-07-31;501298;610019522.10;AÇÕES E OUTROS TVM CEDIDOS EM EMPRÉSTIMO;;N;Para negociação;;;;;243011.00;6940394.16;;;SANB11;;;;;;;;2009-10-07;;;;
FIIM;11.961.094/0001-81;IT NOW IFNC FUNDO DE ÍNDICE;2023-07-31;501298;610019522.10;AÇÕES E OUTROS TVM CEDIDOS EM EMPRÉSTIMO;;N;Para negociação;;;;;110304.00;3432660.48;;;BBSE3;;;;;;;;2013-04-29;;;;
FIIM;11.961.094/0001-81;IT NOW IFNC FUNDO DE ÍNDICE;2023-07-31;501298;610019522.10;AÇÕES E OUTROS TVM CEDIDOS EM EMPRÉSTIMO;;N;Para negociação;;;;;977233.00;47092858.27;;;BBAS3;;;;;;;;1973-05-31;;;;
FIIM;11.961.094/0001-81;IT NOW IFNC FUNDO DE ÍNDICE;2023-07-31;501298;610019522.10;AÇÕES E OUTROS TVM CEDIDOS EM EMPRÉSTIMO;;N;Para negociação;;;;;885080.00;13187692.00;;;B3SA3;;;;;;;;2018-03-26;;;;
FIIM;11.961.094/0001-81;IT NOW IFNC FUNDO DE ÍNDICE;2023-07-31;501298;610019522.10;AÇÕES E OUTROS TVM CEDIDOS EM EMPRÉSTIMO;;N;Para negociação;;;;;51321.00;323322.30;;;WIZC3;;;;;;;;2023-02-09;;;;
FIIM;11.961.094/0001-81;IT NOW IFNC FUNDO DE ÍNDICE;2023-07-31;501298;610019522.10;AÇÕES E OUTROS TVM CEDIDOS EM EMPRÉSTIMO;;S;Para negociação;;;;;164697.00;4076250.75;;;ITUB3;;;;;;;;2009-05-20;;;;
FIIM;11.961.094/0001-81;IT NOW IFNC FUNDO DE ÍNDICE;2023-07-31;501298;610019522.10;AÇÕES E OUTROS TVM CEDIDOS EM EMPRÉSTIMO;;N;Para negociação;;;;;2572147.00;42851969.02;;;BBDC4;;;;;;;;1973-12-06;;;;
FIIM;11.961.094/0001-81;IT NOW IFNC FUNDO DE ÍNDICE;2023-07-31;501298;610019522.10;CERTIFICADO OU RECIBO DE DEPÓSITO DE VALORES MOBILIÁRIOS;;N;Para negociação;0.00;0.00;0.00;0.00;175540.00;5013422.40;;;SANB11;;;;;;;;2009-10-07;;;;
FIIM;11.961.094/0001-81;IT NOW IFNC FUNDO DE ÍNDICE;2023-07-31;501298;610019522.10;CERTIFICADO OU RECIBO DE DEPÓSITO DE VALORES MOBILIÁRIOS;;N;Para negociação;0.00;0.00;0.00;0.00;1413961.00;48088813.61;;;BPAC11;;;;;;;;2017-02-16;;;;
FIIM;11.961.094/0001-81;IT NOW IFNC FUNDO DE ÍNDICE;2023-07-31;501298;610019522.10;OUTROS VALORES MOBILIÁRIOS REGISTRADOS NA CVM OBJETO DE OFERTA PÚBLICA;;N;Para negociação;0.00;0.00;1600.00;0.00;3335.00;14007.00;;;ABCB2;;;;;;;;2023-07-03;;;;
FIIM;12.984.444/0001-98;IT NOW ISE FUNDO DE ÍNDICE;2023-07-31;501299;18252390.50;AÇÕES;;N;Para negociação;400.00;4729.00;5500.00;64790.00;9106.00;108725.64;;;VAMO3;;;;;;;;2021-01-29;;;;
FIIM;12.984.444/0001-98;IT NOW ISE FUNDO DE ÍNDICE;2023-07-31;501299;18252390.50;AÇÕES;;N;Para negociação;100.00;4772.00;100.00;4834.00;3975.00;191555.25;;;BBAS3;;;;;;;;1973-05-31;;;;
FIIM;12.984.444/0001-98;IT NOW ISE FUNDO DE ÍNDICE;2023-07-31;501299;18252390.50;AÇÕES;;N;Para negociação;0.00;0.00;100.00;1071.00;3190.00;36397.90;;;MOVI3;;;;;;;;2017-02-08;;;;
FIIM;12.984.444/0001-98;IT NOW ISE FUNDO DE ÍNDICE;2023-07-31;501299;18252390.50;AÇÕES;;N;Para negociação;700.00;5948.00;700.00;5655.00;27289.00;228136.04;;;CPLE6;;;;;;;;1996-11-14;;;;
FIIM;12.984.444/0001-98;IT NOW ISE FUNDO DE ÍNDICE;2023-07-31;501299;18252390.50;AÇÕES;;N;Para negociação;200.00;3686.00;200.00;3880.00;9833.00;174044.10;;;AZUL4;;;;;;;;2017-04-11;;;;
FIIM;12.984.444/0001-98;IT NOW ISE FUNDO DE ÍNDICE;2023-07-31;501299;18252390.50;AÇÕES;;N;Para negociação;300.00;7200.00;300.00;6814.00;12613.00;293126.12;;;RAIL3;;;;;;;;2017-03-13;;;;
FIIM;12.984.444/0001-98;IT NOW ISE FUNDO DE ÍNDICE;2023-07-31;501299;18252390.50;AÇÕES;;N;Para negociação;200.00;2356.00;200.00;2392.00;8113.00;96382.44;;;AESB3;;;;;;;;2021-03-29;;;;
FIIM;12.984.444/0001-98;IT NOW ISE FUNDO DE ÍNDICE;2023-07-31;501299;18252390.50;AÇÕES;;N;Para negociação;10552.00;250398.96;0.00;0.00;0.00;0.00;;;ENBR3;;;;;;;;2005-07-13;;;;
FIIM;12.984.444/0001-98;IT NOW ISE FUNDO DE ÍNDICE;2023-07-31;501299;18252390.50;AÇÕES;;N;Para negociação;200.00;8930.00;200.00;8888.00;5321.00;234336.84;;;EGIE3;;;;;;;;2016-07-21;;;;
FIIM;12.984.444/0001-98;IT NOW ISE FUNDO DE ÍNDICE;2023-07-31;501299;18252390.50;AÇÕES;;N;Para negociação;1700.00;5241.00;1700.00;5196.00;67524.00;226205.40;;;MGLU3;;;;;;;;2011-05-02;;;;
FIIM;12.984.444/0001-98;IT NOW ISE FUNDO DE ÍNDICE;2023-07-31;501299;18252390.50;AÇÕES;;N;Para negociação;200.00;4122.00;200.00;4213.00;4727.00;92412.85;;;NEOE3;;;;;;;;2017-10-05;;;;
FIIM;12.984.444/0001-98;IT NOW ISE FUNDO DE ÍNDICE;2023-07-31;501299;18252390.50;AÇÕES;;N;Para negociação;500.00;6349.00;500.00;6262.00;21256.00;269313.52;;;CMIG4;;;;;;;;1973-08-20;;;;
FIIM;12.984.444/0001-98;IT NOW ISE FUNDO DE ÍNDICE;2023-07-31;501299;18252390.50;AÇÕES;;N;Para negociação;0.00;0.00;25800.00;221808.00;67128.00;655169.28;;;BRFS3;;;;;;;;2009-12-10;;;;
FIIM;12.984.444/0001-98;IT NOW ISE FUNDO DE ÍNDICE;2023-07-31;501299;18252390.50;AÇÕES;;N;Para negociação;300.00;3861.00;300.00;4029.00;12735.00;171540.45;;;ASAI3;;;;;;;;2021-03-01;;;;
FIIM;12.984.444/0001-98;IT NOW ISE FUNDO DE ÍNDICE;2023-07-31;501299;18252390.50;AÇÕES;;S;Para negociação;200.00;5752.00;200.00;5688.00;12912.00;369799.68;;;ITUB4;;;;;;;;2009-05-20;;;;
FIIM;12.984.444/0001-98;IT NOW ISE FUNDO DE ÍNDICE;2023-07-31;501299;18252390.50;AÇÕES;;N;Para negociação;200.00;4990.00;200.00;4998.00;13414.00;326094.34;;;ALSO3;;;;;;;;2019-08-06;;;;
FIIM;12.984.444/0001-98;IT NOW ISE FUNDO DE ÍNDICE;2023-07-31;501299;18252390.50;AÇÕES;;N;Para negociação;0.00;0.00;200.00;1468.00;5043.00;37923.36;;;GRND3;;;;;;;;2004-10-29;;;;
FIIM;12.984.444/0001-98;IT NOW ISE FUNDO DE ÍNDICE;2023-07-31;501299;18252390.50;AÇÕES;;N;Para negociação;900.00;4352.00;900.00;4097.00;27405.00;129351.60;;;CIEL3;;;;;;;;2009-12-18;;;;
FIIM;12.984.444/0001-98;IT NOW ISE FUNDO DE ÍNDICE;2023-07-31;501299;18252390.50;AÇÕES;;N;Para negociação;100.00;8316.00;100.00;8230.00;1430.00;117832.00;;;ARZZ3;;;;;;;;2011-02-02;;;;
FIIM;12.984.444/0001-98;IT NOW ISE FUNDO DE ÍNDICE;2023-07-31;501299;18252390.50;AÇÕES;;N;Para negociação;1200.00;5070.00;1200.00;5157.00;21093.00;87746.88;;;RAIZ4;;;;;;;;2021-08-05;;;;
FIIM;12.984.444/0001-98;IT NOW ISE FUNDO DE ÍNDICE;2023-07-31;501299;18252390.50;AÇÕES;;N;Para negociação;1400.00;4746.00;1400.00;4538.00;50201.00;168173.35;;;COGN3;;;;;;;;2019-10-11;;;;
FIIM;12.984.444/0001-98;IT NOW ISE FUNDO DE ÍNDICE;2023-07-31;501299;18252390.50;AÇÕES;;N;Para negociação;400.00;2948.00;400.00;2954.00;12486.00;90273.78;;;USIM5;;;;;;;;1999-02-02;;;;
FIIM;12.984.444/0001-98;IT NOW ISE FUNDO DE ÍNDICE;2023-07-31;501299;18252390.50;AÇÕES;;N;Para negociação;0.00;0.00;200.00;989.00;3528.00;18698.40;;;CBAV3;;;;;;;;2021-07-15;;;;
FIIM;12.984.444/0001-98;IT NOW ISE FUNDO DE ÍNDICE;2023-07-31;501299;18252390.50;AÇÕES;;N;Para negociação;0.00;0.00;100.00;968.00;1948.00;19869.60;;;RANI3;;;;;;;;1981-06-10;;;;
FIIM;12.984.444/0001-98;IT NOW ISE FUNDO DE ÍNDICE;2023-07-31;501299;18252390.50;AÇÕES;;N;Para negociação;500.00;6505.00;500.00;6098.00;13016.00;174023.92;;;ENEV3;;;;;;;;2013-10-22;;;;
FIIM;12.984.444/0001-98;IT NOW ISE FUNDO DE ÍNDICE;2023-07-31;501299;18252390.50;AÇÕES;;N;Para negociação;400.00;6940.00;400.00;7160.00;22900.00;392277.00;;;VBBR3;;;;;;;;2021-10-22;;;;
FIIM;12.984.444/0001-98;IT NOW ISE FUNDO DE ÍNDICE;2023-07-31;501299;18252390.50;AÇÕES;;N;Para negociação;200.00;7396.00;200.00;6585.00;5701.00;205236.00;;;RDOR3;;;;;;;;2020-12-10;;;;
FIIM;12.984.444/0001-98;IT NOW ISE FUNDO DE ÍNDICE;2023-07-31;501299;18252390.50;AÇÕES;;N;Para negociação;0.00;0.00;0.00;0.00;1261.00;7591.22;;;GFSA3;;;;;;;;2006-01-26;;;;
FIIM;12.984.444/0001-98;IT NOW ISE FUNDO DE ÍNDICE;2023-07-31;501299;18252390.50;AÇÕES;;N;Para negociação;0.00;0.00;100.00;129.00;4559.00;5470.80;;;AERI3;;;;;;;;2020-11-11;;;;
FIIM;12.984.444/0001-98;IT NOW ISE FUNDO DE ÍNDICE;2023-07-31;501299;18252390.50;AÇÕES;;N;Para negociação;0.00;0.00;100.00;802.00;6613.00;55350.81;;;DXCO3;;;;;;;;2021-08-19;;;;
FIIM;12.984.444/0001-98;IT NOW ISE FUNDO DE ÍNDICE;2023-07-31;501299;18252390.50;AÇÕES;;N;Para negociação;400.00;3224.00;400.00;2560.00;12117.00;99480.57;;;ECOR3;;;;;;;;2010-04-01;;;;
FIIM;12.984.444/0001-98;IT NOW ISE FUNDO DE ÍNDICE;2023-07-31;501299;18252390.50;AÇÕES;;N;Para negociação;200.00;8700.00;200.00;8483.00;5108.00;215097.88;;;VIVT3;;;;;;;;2011-10-06;;;;
FIIM;12.984.444/0001-98;IT NOW ISE FUNDO DE ÍNDICE;2023-07-31;501299;18252390.50;AÇÕES;;S;Para negociação;900.00;8828.00;900.00;8672.00;37512.00;368367.84;;;ITSA4;;;;;;;;1973-09-17;;;;
FIIM;12.984.444/0001-98;IT NOW ISE FUNDO DE ÍNDICE;2023-07-31;501299;18252390.50;AÇÕES;;N;Para negociação;1800.00;3762.00;1800.00;3652.00;36938.00;79786.08;;;VIIA3;;;;;;;;2021-08-16;;;;
FIIM;12.984.444/0001-98;IT NOW ISE FUNDO DE ÍNDICE;2023-07-31;501299;18252390.50;AÇÕES;;N;Para negociação;400.00;6684.00;400.00;6596.00;21734.00;362088.44;;;BBDC4;;;;;;;;1973-12-06;;;;
FIIM;12.984.444/0001-98;IT NOW ISE FUNDO DE ÍNDICE;2023-07-31;501299;18252390.50;AÇÕES;;N;Para negociação;200.00;7914.00;200.00;7702.00;6752.00;260964.80;;;ELET3;;;;;;;;1983-09-01;;;;
FIIM;12.984.444/0001-98;IT NOW ISE FUNDO DE ÍNDICE;2023-07-31;501299;18252390.50;AÇÕES;;N;Para negociação;0.00;0.00;3400.00;47848.00;14322.00;199075.80;;;MRVE3;;;;;;;;2007-07-23;;;;
FIIM;12.984.444/0001-98;IT NOW ISE FUNDO DE ÍNDICE;2023-07-31;501299;18252390.50;AÇÕES;;N;Para negociação;0.00;0.00;100.00;925.00;5954.00;58230.12;;;SIMH3;;;;;;;;2020-09-18;;;;
FIIM;12.984.444/0001-98;IT NOW ISE FUNDO DE ÍNDICE;2023-07-31;501299;18252390.50;AÇÕES;;N;Para negociação;500.00;8960.00;400.00;6532.00;19645.00;358914.15;;;NTCO3;;;;;;;;2019-12-18;;;;
FIIM;12.984.444/0001-98;IT NOW ISE FUNDO DE ÍNDICE;2023-07-31;501299;18252390.50;AÇÕES;;N;Para negociação;300.00;4401.00;300.00;4197.00;10628.00;152405.52;;;TIMS3;;;;;;;;2020-10-13;;;;
FIIM;12.984.444/0001-98;IT NOW ISE FUNDO DE ÍNDICE;2023-07-31;501299;18252390.50;AÇÕES;;N;Para negociação;500.00;7501.00;500.00;7029.00;28100.00;418690.00;;;B3SA3;;;;;;;;2018-03-26;;;;
FIIM;12.984.444/0001-98;IT NOW ISE FUNDO DE ÍNDICE;2023-07-31;501299;18252390.50;AÇÕES;;N;Para negociação;100.00;3609.00;100.00;3560.00;7697.00;275398.66;;;CPFE3;;;;;;;;2004-09-29;;;;
FIIM;12.984.444/0001-98;IT NOW ISE FUNDO DE ÍNDICE;2023-07-31;501299;18252390.50;AÇÕES;;N;Para negociação;200.00;5070.00;200.00;5293.00;8078.00;205181.20;;;BRKM5;;;;;;;;2002-09-02;;;;
FIIM;12.984.444/0001-98;IT NOW ISE FUNDO DE ÍNDICE;2023-07-31;501299;18252390.50;AÇÕES;;N;Para negociação;200.00;5748.00;100.00;2817.00;6839.00;198125.83;;;RADL3;;;;;;;;2011-12-19;;;;
FIIM;12.984.444/0001-98;IT NOW ISE FUNDO DE ÍNDICE;2023-07-31;501299;18252390.50;AÇÕES;;N;Para negociação;200.00;1892.00;200.00;1898.00;12203.00;113487.90;;;BPAN4;;;;;;;;2014-08-05;;;;
FIIM;12.984.444/0001-98;IT NOW ISE FUNDO DE ÍNDICE;2023-07-31;501299;18252390.50;AÇÕES;;N;Para negociação;200.00;2584.00;200.00;2540.00;5003.00;67290.35;;;DASA3;;;;;;;;2004-11-19;;;;
FIIM;12.984.444/0001-98;IT NOW ISE FUNDO DE ÍNDICE;2023-07-31;501299;18252390.50;AÇÕES;;N;Para negociação;0.00;0.00;100.00;785.00;1518.00;11096.58;;;GUAR3;;;;;;;;1973-05-14;;;;
FIIM;12.984.444/0001-98;IT NOW ISE FUNDO DE ÍNDICE;2023-07-31;501299;18252390.50;AÇÕES;;N;Para negociação;100.00;2166.00;100.00;2269.00;4856.00;100519.20;;;PCAR3;;;;;;;;1995-10-03;;;;
FIIM;12.984.444/0001-98;IT NOW ISE FUNDO DE ÍNDICE;2023-07-31;501299;18252390.50;AÇÕES;;N;Para negociação;500.00;4925.00;500.00;5087.00;19884.00;191085.24;;;STBP3;;;;;;;;2007-11-21;;;;
FIIM;12.984.444/0001-98;IT NOW ISE FUNDO DE ÍNDICE;2023-07-31;501299;18252390.50;AÇÕES;;N;Para negociação;300.00;4494.00;300.00;4448.00;7854.00;116710.44;;;ABEV3;;;;;;;;2013-11-11;;;;
FIIM;12.984.444/0001-98;IT NOW ISE FUNDO DE ÍNDICE;2023-07-31;501299;18252390.50;AÇÕES;;N;Para negociação;200.00;5060.00;200.00;4976.00;6346.00;159284.60;;;TRPL4;;;;;;;;1999-07-26;;;;
FIIM;12.984.444/0001-98;IT NOW ISE FUNDO DE ÍNDICE;2023-07-31;501299;18252390.50;AÇÕES;;N;Para negociação;300.00;2906.00;300.00;2928.00;9076.00;91576.84;;;BEEF3;;;;;;;;2007-07-20;;;;
FIIM;12.984.444/0001-98;IT NOW ISE FUNDO DE ÍNDICE;2023-07-31;501299;18252390.50;AÇÕES;;N;Para negociação;100.00;4295.00;100.00;4077.00;4095.00;178746.75;;;SLCE3;;;;;;;;2007-06-15;;;;
FIIM;12.984.444/0001-98;IT NOW ISE FUNDO DE ÍNDICE;2023-07-31;501299;18252390.50;AÇÕES;;N;Para negociação;100.00;722.00;300.00;2266.00;7410.00;54982.20;;;MRFG3;;;;;;;;2007-06-28;;;;
FIIM;12.984.444/0001-98;IT NOW ISE FUNDO DE ÍNDICE;2023-07-31;501299;18252390.50;AÇÕES;;N;Para negociação;0.00;0.00;0.00;0.00;1087.00;22870.48;;;AMBP3;;;;;;;;2020-07-13;;;;
FIIM;12.984.444/0001-98;IT NOW ISE FUNDO DE ÍNDICE;2023-07-31;501299;18252390.50;AÇÕES;;N;Para negociação;100.00;4485.00;100.00;4478.00;5805.00;251124.30;;;HYPE3;;;;;;;;2008-04-18;;;;
FIIM;12.984.444/0001-98;IT NOW ISE FUNDO DE ÍNDICE;2023-07-31;501299;18252390.50;AÇÕES;;N;Para negociação;0.00;0.00;0.00;0.00;1789.00;74654.97;;;MDIA3;;;;;;;;2006-10-18;;;;
FIIM;12.984.444/0001-98;IT NOW ISE FUNDO DE ÍNDICE;2023-07-31;501299;18252390.50;AÇÕES;;N;Para negociação;300.00;4806.00;300.00;4725.00;9491.00;152900.01;;;FLRY3;;;;;;;;2009-12-17;;;;
FIIM;12.984.444/0001-98;IT NOW ISE FUNDO DE ÍNDICE;2023-07-31;501299;18252390.50;AÇÕES;;N;Para negociação;300.00;6078.00;300.00;5715.00;19186.00;382568.84;;;CSAN3;;;;;;;;2005-11-18;;;;
FIIM;12.984.444/0001-98;IT NOW ISE FUNDO DE ÍNDICE;2023-07-31;501299;18252390.50;AÇÕES;;N;Para negociação;100.00;4048.00;100.00;3595.00;7800.00;311376.00;;;WEGE3;;;;;;;;2004-08-02;;;;
FIIM;12.984.444/0001-98;IT NOW ISE FUNDO DE ÍNDICE;2023-07-31;501299;18252390.50;AÇÕES;;N;Para negociação;0.00;0.00;100.00;1212.00;3441.00;47657.85;;;MYPK3;;;;;;;;1984-09-14;;;;
FIIM;12.984.444/0001-98;IT NOW ISE FUNDO DE ÍNDICE;2023-07-31;501299;18252390.50;AÇÕES;;N;Para negociação;100.00;4647.00;100.00;4405.00;5174.00;248714.18;;;SUZB3;;;;;;;;2004-08-05;;;;
FIIM;12.984.444/0001-98;IT NOW ISE FUNDO DE ÍNDICE;2023-07-31;501299;18252390.50;AÇÕES;;N;Para negociação;300.00;4029.00;300.00;4065.00;16176.00;214979.04;;;CCRO3;;;;;;;;2002-02-01;;;;
FIIM;12.984.444/0001-98;IT NOW ISE FUNDO DE ÍNDICE;2023-07-31;501299;18252390.50;AÇÕES;;N;Para negociação;400.00;7600.00;400.00;7488.00;17769.00;333168.75;;;LREN3;;;;;;;;1973-07-24;;;;
FIIM;12.984.444/0001-98;IT NOW ISE FUNDO DE ÍNDICE;2023-07-31;501299;18252390.50;TÍTULOS PÚBLICOS;;;Para negociação;0.00;0.00;2.00;26858.00;2.00;27020.33;;;210100;;;;;;;;2027-09-01;;;;
FIIM;12.984.444/0001-98;IT NOW ISE FUNDO DE ÍNDICE;2023-07-31;501299;18252390.50;DISPONIBILIDADES;;;Para negociação;;;;;;27037.69;;;DISPONIBILIDADES;;;;;;;;;;;;
FIIM;12.984.444/0001-98;IT NOW ISE FUNDO DE ÍNDICE;2023-07-31;501299;18252390.50;VALORES A PAGAR;;;Para negociação;;;;;;25513.50;;;VALORES A PAGAR;;;;;;;;;;;;
FIIM;12.984.444/0001-98;IT NOW ISE FUNDO DE ÍNDICE;2023-07-31;501299;18252390.50;VALORES A RECEBER;;;Para negociação;;;;;;143931.90;;;VALORES A RECEBER;;;;;;;;;;;;
FIIM;12.984.444/0001-98;IT NOW ISE FUNDO DE ÍNDICE;2023-07-31;501299;18252390.50;MERCADO FUTURO - POSIÇÕES COMPRADAS;;;Para negociação;0.00;0.00;0.00;0.00;;2375.80;;;FUT WIN;;;;;;;;;;;;
FIIM;12.984.444/0001-98;IT NOW ISE FUNDO DE ÍNDICE;2023-07-31;501299;18252390.50;AÇÕES E OUTROS TVM CEDIDOS EM EMPRÉSTIMO;;N;Para negociação;;;;;839.00;5050.78;;;GFSA3;;;;;;;;2006-01-26;;;;
FIIM;12.984.444/0001-98;IT NOW ISE FUNDO DE ÍNDICE;2023-07-31;501299;18252390.50;AÇÕES E OUTROS TVM CEDIDOS EM EMPRÉSTIMO;;N;Para negociação;;;;;3487.00;81037.88;;;RAIL3;;;;;;;;2017-03-13;;;;
FIIM;12.984.444/0001-98;IT NOW ISE FUNDO DE ÍNDICE;2023-07-31;501299;18252390.50;AÇÕES E OUTROS TVM CEDIDOS EM EMPRÉSTIMO;;N;Para negociação;;;;;14252.00;204373.68;;;TIMS3;;;;;;;;2020-10-13;;;;
FIIM;12.984.444/0001-98;IT NOW ISE FUNDO DE ÍNDICE;2023-07-31;501299;18252390.50;AÇÕES E OUTROS TVM CEDIDOS EM EMPRÉSTIMO;;N;Para negociação;;;;;2948.00;113940.20;;;ELET3;;;;;;;;1983-09-01;;;;
FIIM;12.984.444/0001-98;IT NOW ISE FUNDO DE ÍNDICE;2023-07-31;501299;18252390.50;AÇÕES E OUTROS TVM CEDIDOS EM EMPRÉSTIMO;;N;Para negociação;;;;;9514.00;126441.06;;;CCRO3;;;;;;;;2002-02-01;;;;
FIIM;12.984.444/0001-98;IT NOW ISE FUNDO DE ÍNDICE;2023-07-31;501299;18252390.50;AÇÕES E OUTROS TVM CEDIDOS EM EMPRÉSTIMO;;N;Para negociação;;;;;9714.00;70232.22;;;USIM5;;;;;;;;1999-02-02;;;;
FIIM;12.984.444/0001-98;IT NOW ISE FUNDO DE ÍNDICE;2023-07-31;501299;18252390.50;AÇÕES E OUTROS TVM CEDIDOS EM EMPRÉSTIMO;;N;Para negociação;;;;;403.00;14419.34;;;CPFE3;;;;;;;;2004-09-29;;;;
FIIM;12.984.444/0001-98;IT NOW ISE FUNDO DE ÍNDICE;2023-07-31;501299;18252390.50;AÇÕES E OUTROS TVM CEDIDOS EM EMPRÉSTIMO;;N;Para negociação;;;;;5417.00;64353.96;;;AESB3;;;;;;;;2021-03-29;;;;
FIIM;12.984.444/0001-98;IT NOW ISE FUNDO DE ÍNDICE;2023-07-31;501299;18252390.50;AÇÕES E OUTROS TVM CEDIDOS EM EMPRÉSTIMO;;N;Para negociação;;;;;19730.00;93125.60;;;CIEL3;;;;;;;;2009-12-18;;;;
FIIM;12.984.444/0001-98;IT NOW ISE FUNDO DE ÍNDICE;2023-07-31;501299;18252390.50;AÇÕES E OUTROS TVM CEDIDOS EM EMPRÉSTIMO;;N;Para negociação;;;;;5739.00;166258.83;;;RADL3;;;;;;;;2011-12-19;;;;
FIIM;12.984.444/0001-98;IT NOW ISE FUNDO DE ÍNDICE;2023-07-31;501299;18252390.50;AÇÕES E OUTROS TVM CEDIDOS EM EMPRÉSTIMO;;N;Para negociação;;;;;3673.00;71807.15;;;NEOE3;;;;;;;;2017-10-05;;;;
FIIM;12.984.444/0001-98;IT NOW ISE FUNDO DE ÍNDICE;2023-07-31;501299;18252390.50;AÇÕES E OUTROS TVM CEDIDOS EM EMPRÉSTIMO;;N;Para negociação;;;;;5341.00;6409.20;;;AERI3;;;;;;;;2020-11-11;;;;
FIIM;12.984.444/0001-98;IT NOW ISE FUNDO DE ÍNDICE;2023-07-31;501299;18252390.50;AÇÕES E OUTROS TVM CEDIDOS EM EMPRÉSTIMO;;N;Para negociação;;;;;14216.00;136615.76;;;STBP3;;;;;;;;2007-11-21;;;;
FIIM;12.984.444/0001-98;IT NOW ISE FUNDO DE ÍNDICE;2023-07-31;501299;18252390.50;AÇÕES E OUTROS TVM CEDIDOS EM EMPRÉSTIMO;;N;Para negociação;;;;;415.00;18114.75;;;SLCE3;;;;;;;;2007-06-15;;;;
FIIM;12.984.444/0001-98;IT NOW ISE FUNDO DE ÍNDICE;2023-07-31;501299;18252390.50;AÇÕES E OUTROS TVM CEDIDOS EM EMPRÉSTIMO;;N;Para negociação;;;;;2497.00;23222.10;;;BPAN4;;;;;;;;2014-08-05;;;;
FIIM;12.984.444/0001-98;IT NOW ISE FUNDO DE ÍNDICE;2023-07-31;501299;18252390.50;AÇÕES E OUTROS TVM CEDIDOS EM EMPRÉSTIMO;;S;Para negociação;;;;;340.00;9737.60;;;ITUB4;;;;;;;;2009-05-20;;;;
FIIM;12.984.444/0001-98;IT NOW ISE FUNDO DE ÍNDICE;2023-07-31;501299;18252390.50;AÇÕES E OUTROS TVM CEDIDOS EM EMPRÉSTIMO;;N;Para negociação;;;;;6397.00;86039.65;;;DASA3;;;;;;;;2004-11-19;;;;
FIIM;12.984.444/0001-98;IT NOW ISE FUNDO DE ÍNDICE;2023-07-31;501299;18252390.50;AÇÕES E OUTROS TVM CEDIDOS EM EMPRÉSTIMO;;N;Para negociação;;;;;4872.00;25821.60;;;CBAV3;;;;;;;;2021-07-15;;;;
FIIM;12.984.444/0001-98;IT NOW ISE FUNDO DE ÍNDICE;2023-07-31;501299;18252390.50;AÇÕES E OUTROS TVM CEDIDOS EM EMPRÉSTIMO;;N;Para negociação;;;;;4177.00;69588.82;;;BBDC4;;;;;;;;1973-12-06;;;;
FIIM;12.984.444/0001-98;IT NOW ISE FUNDO DE ÍNDICE;2023-07-31;501299;18252390.50;AÇÕES E OUTROS TVM CEDIDOS EM EMPRÉSTIMO;;N;Para negociação;;;;;11495.00;210013.65;;;NTCO3;;;;;;;;2019-12-18;;;;
FIIM;12.984.444/0001-98;IT NOW ISE FUNDO DE ÍNDICE;2023-07-31;501299;18252390.50;AÇÕES E OUTROS TVM CEDIDOS EM EMPRÉSTIMO;;N;Para negociação;;;;;10846.00;161171.56;;;ABEV3;;;;;;;;2013-11-11;;;;
FIIM;12.984.444/0001-98;IT NOW ISE FUNDO DE ÍNDICE;2023-07-31;501299;18252390.50;AÇÕES E OUTROS TVM CEDIDOS EM EMPRÉSTIMO;;N;Para negociação;;;;;3946.00;38591.88;;;SIMH3;;;;;;;;2020-09-18;;;;
FIIM;12.984.444/0001-98;IT NOW ISE FUNDO DE ÍNDICE;2023-07-31;501299;18252390.50;AÇÕES E OUTROS TVM CEDIDOS EM EMPRÉSTIMO;;N;Para negociação;;;;;4972.00;48526.72;;;BRFS3;;;;;;;;2009-12-10;;;;
FIIM;12.984.444/0001-98;IT NOW ISE FUNDO DE ÍNDICE;2023-07-31;501299;18252390.50;AÇÕES E OUTROS TVM CEDIDOS EM EMPRÉSTIMO;;N;Para negociação;;;;;1944.00;40240.80;;;PCAR3;;;;;;;;1995-10-03;;;;
FIIM;12.984.444/0001-98;IT NOW ISE FUNDO DE ÍNDICE;2023-07-31;501299;18252390.50;AÇÕES E OUTROS TVM CEDIDOS EM EMPRÉSTIMO;;N;Para negociação;;;;;2610.00;29780.10;;;MOVI3;;;;;;;;2017-02-08;;;;
FIIM;12.984.444/0001-98;IT NOW ISE FUNDO DE ÍNDICE;2023-07-31;501299;18252390.50;AÇÕES E OUTROS TVM CEDIDOS EM EMPRÉSTIMO;;N;Para negociação;;;;;5390.00;39993.80;;;MRFG3;;;;;;;;2007-06-28;;;;
FIIM;12.984.444/0001-98;IT NOW ISE FUNDO DE ÍNDICE;2023-07-31;501299;18252390.50;AÇÕES E OUTROS TVM CEDIDOS EM EMPRÉSTIMO;;N;Para negociação;;;;;15784.00;211032.08;;;ENEV3;;;;;;;;2013-10-22;;;;
FIIM;12.984.444/0001-98;IT NOW ISE FUNDO DE ÍNDICE;2023-07-31;501299;18252390.50;AÇÕES E OUTROS TVM CEDIDOS EM EMPRÉSTIMO;;N;Para negociação;;;;;1895.00;81977.70;;;HYPE3;;;;;;;;2008-04-18;;;;
FIIM;12.984.444/0001-98;IT NOW ISE FUNDO DE ÍNDICE;2023-07-31;501299;18252390.50;AÇÕES E OUTROS TVM CEDIDOS EM EMPRÉSTIMO;;N;Para negociação;;;;;27899.00;93461.65;;;COGN3;;;;;;;;2019-10-11;;;;
FIIM;12.984.444/0001-98;IT NOW ISE FUNDO DE ÍNDICE;2023-07-31;501299;18252390.50;AÇÕES E OUTROS TVM CEDIDOS EM EMPRÉSTIMO;;N;Para negociação;;;;;3992.00;168103.12;;;VIVT3;;;;;;;;2011-10-06;;;;
FIIM;12.984.444/0001-98;IT NOW ISE FUNDO DE ÍNDICE;2023-07-31;501299;18252390.50;AÇÕES E OUTROS TVM CEDIDOS EM EMPRÉSTIMO;;N;Para negociação;;;;;2082.00;15219.42;;;GUAR3;;;;;;;;1973-05-14;;;;
FIIM;12.984.444/0001-98;IT NOW ISE FUNDO DE ÍNDICE;2023-07-31;501299;18252390.50;AÇÕES E OUTROS TVM CEDIDOS EM EMPRÉSTIMO;;N;Para negociação;;;;;7399.00;266364.00;;;RDOR3;;;;;;;;2020-12-10;;;;
FIIM;12.984.444/0001-98;IT NOW ISE FUNDO DE ÍNDICE;2023-07-31;501299;18252390.50;AÇÕES E OUTROS TVM CEDIDOS EM EMPRÉSTIMO;;N;Para negociação;;;;;30507.00;126909.12;;;RAIZ4;;;;;;;;2021-08-05;;;;
FIIM;12.984.444/0001-98;IT NOW ISE FUNDO DE ÍNDICE;2023-07-31;501299;18252390.50;AÇÕES E OUTROS TVM CEDIDOS EM EMPRÉSTIMO;;N;Para negociação;;;;;9494.00;113358.36;;;VAMO3;;;;;;;;2021-01-29;;;;
FIIM;12.984.444/0001-98;IT NOW ISE FUNDO DE ÍNDICE;2023-07-31;501299;18252390.50;AÇÕES E OUTROS TVM CEDIDOS EM EMPRÉSTIMO;;N;Para negociação;;;;;2552.00;26030.40;;;RANI3;;;;;;;;1981-06-10;;;;
FIIM;12.984.444/0001-98;IT NOW ISE FUNDO DE ÍNDICE;2023-07-31;501299;18252390.50;AÇÕES E OUTROS TVM CEDIDOS EM EMPRÉSTIMO;;S;Para negociação;;;;;1963.00;19276.66;;;ITSA4;;;;;;;;1973-09-17;;;;
FIIM;12.984.444/0001-98;IT NOW ISE FUNDO DE ÍNDICE;2023-07-31;501299;18252390.50;AÇÕES E OUTROS TVM CEDIDOS EM EMPRÉSTIMO;;N;Para negociação;;;;;3820.00;184085.80;;;BBAS3;;;;;;;;1973-05-31;;;;
FIIM;12.984.444/0001-98;IT NOW ISE FUNDO DE ÍNDICE;2023-07-31;501299;18252390.50;AÇÕES E OUTROS TVM CEDIDOS EM EMPRÉSTIMO;;N;Para negociação;;;;;10665.00;143657.55;;;ASAI3;;;;;;;;2021-03-01;;;;
FIIM;12.984.444/0001-98;IT NOW ISE FUNDO DE ÍNDICE;2023-07-31;501299;18252390.50;AÇÕES E OUTROS TVM CEDIDOS EM EMPRÉSTIMO;;N;Para negociação;;;;;813.00;17105.52;;;AMBP3;;;;;;;;2020-07-13;;;;
FIIM;12.984.444/0001-98;IT NOW ISE FUNDO DE ÍNDICE;2023-07-31;501299;18252390.50;AÇÕES E OUTROS TVM CEDIDOS EM EMPRÉSTIMO;;N;Para negociação;;;;;5357.00;44838.09;;;DXCO3;;;;;;;;2021-08-19;;;;
FIIM;12.984.444/0001-98;IT NOW ISE FUNDO DE ÍNDICE;2023-07-31;501299;18252390.50;AÇÕES E OUTROS TVM CEDIDOS EM EMPRÉSTIMO;;N;Para negociação;;;;;1170.00;96408.00;;;ARZZ3;;;;;;;;2011-02-02;;;;
FIIM;12.984.444/0001-98;IT NOW ISE FUNDO DE ÍNDICE;2023-07-31;501299;18252390.50;AÇÕES E OUTROS TVM CEDIDOS EM EMPRÉSTIMO;;N;Para negociação;;;;;1248.00;10246.08;;;ECOR3;;;;;;;;2010-04-01;;;;
FIIM;12.984.444/0001-98;IT NOW ISE FUNDO DE ÍNDICE;2023-07-31;501299;18252390.50;AÇÕES E OUTROS TVM CEDIDOS EM EMPRÉSTIMO;;N;Para negociação;;;;;2614.00;52123.16;;;CSAN3;;;;;;;;2005-11-18;;;;
FIIM;12.984.444/0001-98;IT NOW ISE FUNDO DE ÍNDICE;2023-07-31;501299;18252390.50;AÇÕES E OUTROS TVM CEDIDOS EM EMPRÉSTIMO;;N;Para negociação;;;;;16161.00;135105.96;;;CPLE6;;;;;;;;1996-11-14;;;;
FIIM;12.984.444/0001-98;IT NOW ISE FUNDO DE ÍNDICE;2023-07-31;501299;18252390.50;AÇÕES E OUTROS TVM CEDIDOS EM EMPRÉSTIMO;;N;Para negociação;;;;;35776.00;119849.60;;;MGLU3;;;;;;;;2011-05-02;;;;
FIIM;12.984.444/0001-98;IT NOW ISE FUNDO DE ÍNDICE;2023-07-31;501299;18252390.50;AÇÕES E OUTROS TVM CEDIDOS EM EMPRÉSTIMO;;N;Para negociação;;;;;147.00;4999.47;;;BPAC11;;;;;;;;2017-02-16;;;;
FIIM;12.984.444/0001-98;IT NOW ISE FUNDO DE ÍNDICE;2023-07-31;501299;18252390.50;AÇÕES E OUTROS TVM CEDIDOS EM EMPRÉSTIMO;;N;Para negociação;;;;;3826.00;183915.82;;;SUZB3;;;;;;;;2004-08-05;;;;
FIIM;12.984.444/0001-98;IT NOW ISE FUNDO DE ÍNDICE;2023-07-31;501299;18252390.50;AÇÕES E OUTROS TVM CEDIDOS EM EMPRÉSTIMO;;N;Para negociação;;;;;3322.00;84378.80;;;BRKM5;;;;;;;;2002-09-02;;;;
FIIM;12.984.444/0001-98;IT NOW ISE FUNDO DE ÍNDICE;2023-07-31;501299;18252390.50;AÇÕES E OUTROS TVM CEDIDOS EM EMPRÉSTIMO;;N;Para negociação;;;;;5446.00;69000.82;;;CMIG4;;;;;;;;1973-08-20;;;;
FIIM;12.984.444/0001-98;IT NOW ISE FUNDO DE ÍNDICE;2023-07-31;501299;18252390.50;AÇÕES E OUTROS TVM CEDIDOS EM EMPRÉSTIMO;;N;Para negociação;;;;;6657.00;50060.64;;;GRND3;;;;;;;;2004-10-29;;;;
FIIM;12.984.444/0001-98;IT NOW ISE FUNDO DE ÍNDICE;2023-07-31;501299;18252390.50;AÇÕES E OUTROS TVM CEDIDOS EM EMPRÉSTIMO;;N;Para negociação;;;;;6524.00;122325.00;;;LREN3;;;;;;;;1973-07-24;;;;
FIIM;12.984.444/0001-98;IT NOW ISE FUNDO DE ÍNDICE;2023-07-31;501299;18252390.50;AÇÕES E OUTROS TVM CEDIDOS EM EMPRÉSTIMO;;N;Para negociação;;;;;2124.00;21431.16;;;BEEF3;;;;;;;;2007-07-20;;;;
FIIM;12.984.444/0001-98;IT NOW ISE FUNDO DE ÍNDICE;2023-07-31;501299;18252390.50;AÇÕES E OUTROS TVM CEDIDOS EM EMPRÉSTIMO;;N;Para negociação;;;;;30862.00;66661.92;;;VIIA3;;;;;;;;2021-08-16;;;;
FIIM;12.984.444/0001-98;IT NOW ISE FUNDO DE ÍNDICE;2023-07-31;501299;18252390.50;AÇÕES E OUTROS TVM CEDIDOS EM EMPRÉSTIMO;;N;Para negociação;;;;;2786.00;67727.66;;;ALSO3;;;;;;;;2019-08-06;;;;
FIIM;12.984.444/0001-98;IT NOW ISE FUNDO DE ÍNDICE;2023-07-31;501299;18252390.50;AÇÕES E OUTROS TVM CEDIDOS EM EMPRÉSTIMO;;N;Para negociação;;;;;2259.00;31287.15;;;MYPK3;;;;;;;;1984-09-14;;;;
FIIM;12.984.444/0001-98;IT NOW ISE FUNDO DE ÍNDICE;2023-07-31;501299;18252390.50;AÇÕES E OUTROS TVM CEDIDOS EM EMPRÉSTIMO;;N;Para negociação;;;;;7955.00;182965.00;;;KLBN11;;;;;;;;2014-01-10;;;;
FIIM;12.984.444/0001-98;IT NOW ISE FUNDO DE ÍNDICE;2023-07-31;501299;18252390.50;AÇÕES E OUTROS TVM CEDIDOS EM EMPRÉSTIMO;;N;Para negociação;;;;;4267.00;75525.90;;;AZUL4;;;;;;;;2017-04-11;;;;
FIIM;12.984.444/0001-98;IT NOW ISE FUNDO DE ÍNDICE;2023-07-31;501299;18252390.50;AÇÕES E OUTROS TVM CEDIDOS EM EMPRÉSTIMO;;N;Para negociação;;;;;1211.00;50535.03;;;MDIA3;;;;;;;;2006-10-18;;;;
FIIM;12.984.444/0001-98;IT NOW ISE FUNDO DE ÍNDICE;2023-07-31;501299;18252390.50;AÇÕES E OUTROS TVM CEDIDOS EM EMPRÉSTIMO;;N;Para negociação;;;;;5788.00;165305.28;;;SANB11;;;;;;;;2009-10-07;;;;
FIIM;12.984.444/0001-98;IT NOW ISE FUNDO DE ÍNDICE;2023-07-31;501299;18252390.50;AÇÕES E OUTROS TVM CEDIDOS EM EMPRÉSTIMO;;N;Para negociação;;;;;8754.00;219725.40;;;TRPL4;;;;;;;;1999-07-26;;;;
FIIM;12.984.444/0001-98;IT NOW ISE FUNDO DE ÍNDICE;2023-07-31;501299;18252390.50;AÇÕES E OUTROS TVM CEDIDOS EM EMPRÉSTIMO;;N;Para negociação;;;;;2178.00;30274.20;;;MRVE3;;;;;;;;2007-07-23;;;;
FIIM;12.984.444/0001-98;IT NOW ISE FUNDO DE ÍNDICE;2023-07-31;501299;18252390.50;AÇÕES E OUTROS TVM CEDIDOS EM EMPRÉSTIMO;;N;Para negociação;;;;;8696.00;140092.56;;;FLRY3;;;;;;;;2009-12-17;;;;
FIIM;12.984.444/0001-98;IT NOW ISE FUNDO DE ÍNDICE;2023-07-31;501299;18252390.50;AÇÕES E OUTROS TVM CEDIDOS EM EMPRÉSTIMO;;N;Para negociação;;;;;3187.00;140355.48;;;EGIE3;;;;;;;;2016-07-21;;;;
FIIM;12.984.444/0001-98;IT NOW ISE FUNDO DE ÍNDICE;2023-07-31;501299;18252390.50;CERTIFICADO OU RECIBO DE DEPÓSITO DE VALORES MOBILIÁRIOS;;N;Para negociação;0.00;0.00;0.00;0.00;11730.00;269790.00;;;KLBN11;;;;;;;;2014-01-10;;;;
FIIM;12.984.444/0001-98;IT NOW ISE FUNDO DE ÍNDICE;2023-07-31;501299;18252390.50;CERTIFICADO OU RECIBO DE DEPÓSITO DE VALORES MOBILIÁRIOS;;N;Para negociação;0.00;0.00;0.00;0.00;7117.00;203261.52;;;SANB11;;;;;;;;2009-10-07;;;;
FIIM;12.984.444/0001-98;IT NOW ISE FUNDO DE ÍNDICE;2023-07-31;501299;18252390.50;CERTIFICADO OU RECIBO DE DEPÓSITO DE VALORES MOBILIÁRIOS;;N;Para negociação;0.00;0.00;0.00;0.00;8600.00;180256.00;;;SAPR11;;;;;;;;2017-11-17;;;;
FIIM;12.984.444/0001-98;IT NOW ISE FUNDO DE ÍNDICE;2023-07-31;501299;18252390.50;CERTIFICADO OU RECIBO DE DEPÓSITO DE VALORES MOBILIÁRIOS;;N;Para negociação;0.00;0.00;0.00;0.00;14053.00;477942.53;;;BPAC11;;;;;;;;2017-02-16;;;;
FIIM;13.416.228/0001-09;IT NOW IMAT FUNDO DE ÍNDICE;2023-07-31;501300;39778367.30;AÇÕES;;N;Para negociação;19666.00;510044.72;100.00;2597.00;192983.00;5644752.75;;;GGBR4;;;;;;;;2001-02-01;;;;
FIIM;13.416.228/0001-09;IT NOW IMAT FUNDO DE ÍNDICE;2023-07-31;501300;39778367.30;AÇÕES;;N;Para negociação;4920.00;41131.20;0.00;0.00;28857.00;241533.09;;;DXCO3;;;;;;;;2021-08-19;;;;
FIIM;13.416.228/0001-09;IT NOW IMAT FUNDO DE ÍNDICE;2023-07-31;501300;39778367.30;AÇÕES;;N;Para negociação;13022.00;582483.06;100.00;4437.00;85304.00;4100563.28;;;SUZB3;;;;;;;;2004-08-05;;;;
FIIM;13.416.228/0001-09;IT NOW IMAT FUNDO DE ÍNDICE;2023-07-31;501300;39778367.30;AÇÕES;;N;Para negociação;11942.00;145931.24;100.00;1235.00;128715.00;1769831.25;;;GOAU4;;;;;;;;1973-08-27;;;;
FIIM;13.416.228/0001-09;IT NOW IMAT FUNDO DE ÍNDICE;2023-07-31;501300;39778367.30;AÇÕES;;N;Para negociação;96.00;1454.40;0.00;0.00;927.00;12421.80;;;FHER3;;;;;;;;2007-04-12;;;;
FIIM;13.416.228/0001-09;IT NOW IMAT FUNDO DE ÍNDICE;2023-07-31;501300;39778367.30;AÇÕES;;N;Para negociação;4593.00;101742.23;100.00;2201.00;27793.00;652857.57;;;BRAP4;;;;;;;;2000-08-10;;;;
FIIM;13.416.228/0001-09;IT NOW IMAT FUNDO DE ÍNDICE;2023-07-31;501300;39778367.30;AÇÕES;;N;Para negociação;3425.00;18152.50;100.00;523.00;20061.00;106323.30;;;CBAV3;;;;;;;;2021-07-15;;;;
FIIM;13.416.228/0001-09;IT NOW IMAT FUNDO DE ÍNDICE;2023-07-31;501300;39778367.30;AÇÕES;;N;Para negociação;10555.00;130037.60;100.00;1237.00;63427.00;877829.68;;;CSNA3;;;;;;;;1993-08-02;;;;
FIIM;13.416.228/0001-09;IT NOW IMAT FUNDO DE ÍNDICE;2023-07-31;501300;39778367.30;AÇÕES;;N;Para negociação;4747.00;137378.18;0.00;0.00;36830.00;935482.00;;;BRKM5;;;;;;;;2002-09-02;;;;
FIIM;13.416.228/0001-09;IT NOW IMAT FUNDO DE ÍNDICE;2023-07-31;501300;39778367.30;AÇÕES;;N;Para negociação;820.00;68215.80;0.00;0.00;5486.00;444036.84;;;UNIP6;;;;;;;;1980-06-04;;;;
FIIM;13.416.228/0001-09;IT NOW IMAT FUNDO DE ÍNDICE;2023-07-31;501300;39778367.30;AÇÕES;;N;Para negociação;19878.00;83686.38;100.00;419.00;122656.00;545819.20;;;CMIN3;;;;;;;;2021-02-18;;;;
FIIM;13.416.228/0001-09;IT NOW IMAT FUNDO DE ÍNDICE;2023-07-31;501300;39778367.30;AÇÕES;;N;Para negociação;725.00;34372.25;0.00;0.00;7812.00;396459.00;;;FESA4;;;;;;;;1979-01-31;;;;
FIIM;13.416.228/0001-09;IT NOW IMAT FUNDO DE ÍNDICE;2023-07-31;501300;39778367.30;AÇÕES;;N;Para negociação;7036.00;463672.40;0.00;0.00;97616.00;6751122.56;;;VALE3;;;;;;;;1982-02-15;;;;
FIIM;13.416.228/0001-09;IT NOW IMAT FUNDO DE ÍNDICE;2023-07-31;501300;39778367.30;AÇÕES;;N;Para negociação;1827.00;17612.28;0.00;0.00;10708.00;109221.60;;;RANI3;;;;;;;;1981-06-10;;;;
FIIM;13.416.228/0001-09;IT NOW IMAT FUNDO DE ÍNDICE;2023-07-31;501300;39778367.30;AÇÕES;;N;Para negociação;9218.00;67475.76;100.00;736.00;54153.00;391526.19;;;USIM5;;;;;;;;1999-02-02;;;;
FIIM;13.416.228/0001-09;IT NOW IMAT FUNDO DE ÍNDICE;2023-07-31;501300;39778367.30;TÍTULOS PÚBLICOS;;;Para negociação;0.00;0.00;0.00;0.00;9.00;122271.73;;;210100;;;;;;;;2024-09-01;;;;
FIIM;13.416.228/0001-09;IT NOW IMAT FUNDO DE ÍNDICE;2023-07-31;501300;39778367.30;DISPONIBILIDADES;;;Para negociação;;;;;;47226.52;;;DISPONIBILIDADES;;;;;;;;;;;;
FIIM;13.416.228/0001-09;IT NOW IMAT FUNDO DE ÍNDICE;2023-07-31;501300;39778367.30;VALORES A PAGAR;;;Para negociação;;;;;;24982.71;;;VALORES A PAGAR;;;;;;;;;;;;
FIIM;13.416.228/0001-09;IT NOW IMAT FUNDO DE ÍNDICE;2023-07-31;501300;39778367.30;VALORES A RECEBER;;;Para negociação;;;;;;35015.46;;;VALORES A RECEBER;;;;;;;;;;;;
FIIM;13.416.228/0001-09;IT NOW IMAT FUNDO DE ÍNDICE;2023-07-31;501300;39778367.30;MERCADO FUTURO - POSIÇÕES COMPRADAS;;;Para negociação;0.00;0.00;0.00;0.00;;2375.80;;;FUT WIN;;;;;;;;;;;;
FIIM;13.416.228/0001-09;IT NOW IMAT FUNDO DE ÍNDICE;2023-07-31;501300;39778367.30;AÇÕES E OUTROS TVM CEDIDOS EM EMPRÉSTIMO;;N;Para negociação;;;;;74284.00;537073.32;;;USIM5;;;;;;;;1999-02-02;;;;
FIIM;13.416.228/0001-09;IT NOW IMAT FUNDO DE ÍNDICE;2023-07-31;501300;39778367.30;AÇÕES E OUTROS TVM CEDIDOS EM EMPRÉSTIMO;;N;Para negociação;;;;;83645.00;1157646.80;;;CSNA3;;;;;;;;1993-08-02;;;;
FIIM;13.416.228/0001-09;IT NOW IMAT FUNDO DE ÍNDICE;2023-07-31;501300;39778367.30;AÇÕES E OUTROS TVM CEDIDOS EM EMPRÉSTIMO;;N;Para negociação;;;;;14787.00;150827.40;;;RANI3;;;;;;;;1981-06-10;;;;
FIIM;13.416.228/0001-09;IT NOW IMAT FUNDO DE ÍNDICE;2023-07-31;501300;39778367.30;AÇÕES E OUTROS TVM CEDIDOS EM EMPRÉSTIMO;;N;Para negociação;;;;;79510.00;2325667.50;;;GGBR4;;;;;;;;2001-02-01;;;;
FIIM;13.416.228/0001-09;IT NOW IMAT FUNDO DE ÍNDICE;2023-07-31;501300;39778367.30;AÇÕES E OUTROS TVM CEDIDOS EM EMPRÉSTIMO;;N;Para negociação;;;;;5916.00;478841.04;;;UNIP6;;;;;;;;1980-06-04;;;;
FIIM;13.416.228/0001-09;IT NOW IMAT FUNDO DE ÍNDICE;2023-07-31;501300;39778367.30;AÇÕES E OUTROS TVM CEDIDOS EM EMPRÉSTIMO;;N;Para negociação;;;;;80729.00;1856767.00;;;KLBN11;;;;;;;;2014-01-10;;;;
FIIM;13.416.228/0001-09;IT NOW IMAT FUNDO DE ÍNDICE;2023-07-31;501300;39778367.30;AÇÕES E OUTROS TVM CEDIDOS EM EMPRÉSTIMO;;N;Para negociação;;;;;154216.00;686261.20;;;CMIN3;;;;;;;;2021-02-18;;;;
FIIM;13.416.228/0001-09;IT NOW IMAT FUNDO DE ÍNDICE;2023-07-31;501300;39778367.30;AÇÕES E OUTROS TVM CEDIDOS EM EMPRÉSTIMO;;N;Para negociação;;;;;434.00;5815.60;;;FHER3;;;;;;;;2007-04-12;;;;
FIIM;13.416.228/0001-09;IT NOW IMAT FUNDO DE ÍNDICE;2023-07-31;501300;39778367.30;AÇÕES E OUTROS TVM CEDIDOS EM EMPRÉSTIMO;;N;Para negociação;;;;;402.00;27802.32;;;VALE3;;;;;;;;1982-02-15;;;;
FIIM;13.416.228/0001-09;IT NOW IMAT FUNDO DE ÍNDICE;2023-07-31;501300;39778367.30;AÇÕES E OUTROS TVM CEDIDOS EM EMPRÉSTIMO;;N;Para negociação;;;;;37607.00;517096.25;;;GOAU4;;;;;;;;1973-08-27;;;;
FIIM;13.416.228/0001-09;IT NOW IMAT FUNDO DE ÍNDICE;2023-07-31;501300;39778367.30;AÇÕES E OUTROS TVM CEDIDOS EM EMPRÉSTIMO;;N;Para negociação;;;;;29295.00;744093.00;;;BRKM5;;;;;;;;2002-09-02;;;;
FIIM;13.416.228/0001-09;IT NOW IMAT FUNDO DE ÍNDICE;2023-07-31;501300;39778367.30;AÇÕES E OUTROS TVM CEDIDOS EM EMPRÉSTIMO;;N;Para negociação;;;;;27701.00;146815.30;;;CBAV3;;;;;;;;2021-07-15;;;;
FIIM;13.416.228/0001-09;IT NOW IMAT FUNDO DE ÍNDICE;2023-07-31;501300;39778367.30;AÇÕES E OUTROS TVM CEDIDOS EM EMPRÉSTIMO;;N;Para negociação;;;;;2267.00;115050.25;;;FESA4;;;;;;;;1979-01-31;;;;
FIIM;13.416.228/0001-09;IT NOW IMAT FUNDO DE ÍNDICE;2023-07-31;501300;39778367.30;AÇÕES E OUTROS TVM CEDIDOS EM EMPRÉSTIMO;;N;Para negociação;;;;;34745.00;816160.05;;;BRAP4;;;;;;;;2000-08-10;;;;
FIIM;13.416.228/0001-09;IT NOW IMAT FUNDO DE ÍNDICE;2023-07-31;501300;39778367.30;AÇÕES E OUTROS TVM CEDIDOS EM EMPRÉSTIMO;;N;Para negociação;;;;;39644.00;331820.28;;;DXCO3;;;;;;;;2021-08-19;;;;
FIIM;13.416.228/0001-09;IT NOW IMAT FUNDO DE ÍNDICE;2023-07-31;501300;39778367.30;AÇÕES E OUTROS TVM CEDIDOS EM EMPRÉSTIMO;;N;Para negociação;;;;;94644.00;4549537.08;;;SUZB3;;;;;;;;2004-08-05;;;;
FIIM;13.416.228/0001-09;IT NOW IMAT FUNDO DE ÍNDICE;2023-07-31;501300;39778367.30;CERTIFICADO OU RECIBO DE DEPÓSITO DE VALORES MOBILIÁRIOS;;N;Para negociação;0.00;0.00;0.00;0.00;94322.00;2169406.00;;;KLBN11;;;;;;;;2014-01-10;;;;
FIIM;13.416.245/0001-46;IT NOW IDIV FUNDO DE ÍNDICE;2023-07-31;501302;477666341.10;AÇÕES;;N;Para negociação;107504.00;2912058.12;42000.00;1116372.00;986082.00;28842898.50;;;GGBR4;;;;;;;;2001-02-01;;;;
FIIM;13.416.245/0001-46;IT NOW IDIV FUNDO DE ÍNDICE;2023-07-31;501302;477666341.10;AÇÕES;;N;Para negociação;26388.00;536451.33;10100.00;207226.00;159747.00;3233279.28;;;CSMG3;;;;;;;;2006-02-08;;;;
FIIM;13.416.245/0001-46;IT NOW IDIV FUNDO DE ÍNDICE;2023-07-31;501302;477666341.10;AÇÕES;;N;Para negociação;89794.00;1343095.94;35200.00;501586.00;925629.00;13791872.10;;;B3SA3;;;;;;;;2018-03-26;;;;
FIIM;13.416.245/0001-46;IT NOW IDIV FUNDO DE ÍNDICE;2023-07-31;501302;477666341.10;AÇÕES;;N;Para negociação;16821.00;281791.82;6400.00;101784.00;80408.00;1428850.16;;;CURY3;;;;;;;;2020-09-21;;;;
FIIM;13.416.245/0001-46;IT NOW IDIV FUNDO DE ÍNDICE;2023-07-31;501302;477666341.10;AÇÕES;;N;Para negociação;412228.00;9781504.84;3400.00;80376.00;0.00;0.00;;;ENBR3;;;;;;;;2005-07-13;;;;
FIIM;13.416.245/0001-46;IT NOW IDIV FUNDO DE ÍNDICE;2023-07-31;501302;477666341.10;AÇÕES;;N;Para negociação;79761.00;1015810.70;31100.00;390350.00;490215.00;6784575.60;;;CSNA3;;;;;;;;1993-08-02;;;;
FIIM;13.416.245/0001-46;IT NOW IDIV FUNDO DE ÍNDICE;2023-07-31;501302;477666341.10;AÇÕES;;S;Para negociação;125618.00;1236475.54;49000.00;473070.00;1330793.00;13068387.26;;;ITSA4;;;;;;;;1973-09-17;;;;
FIIM;13.416.245/0001-46;IT NOW IDIV FUNDO DE ÍNDICE;2023-07-31;501302;477666341.10;AÇÕES;;N;Para negociação;28421.00;422852.62;10900.00;162556.00;254415.00;3711914.85;;;BRSR6;;;;;;;;2007-09-03;;;;
FIIM;13.416.245/0001-46;IT NOW IDIV FUNDO DE ÍNDICE;2023-07-31;501302;477666341.10;AÇÕES;;N;Para negociação;41974.00;224419.04;16300.00;86619.00;253209.00;1428098.76;;;JHSF3;;;;;;;;2007-04-12;;;;
FIIM;13.416.245/0001-46;IT NOW IDIV FUNDO DE ÍNDICE;2023-07-31;501302;477666341.10;AÇÕES;;N;Para negociação;91776.00;1668679.55;36000.00;626815.00;562107.00;10556369.46;;;JBSS3;;;;;;;;2007-03-29;;;;
FIIM;13.416.245/0001-46;IT NOW IDIV FUNDO DE ÍNDICE;2023-07-31;501302;477666341.10;AÇÕES;;N;Para negociação;10821.00;146306.10;4000.00;53027.00;51987.00;725218.65;;;ENAT3;;;;;;;;2019-04-24;;;;
FIIM;13.416.245/0001-46;IT NOW IDIV FUNDO DE ÍNDICE;2023-07-31;501302;477666341.10;AÇÕES;;N;Para negociação;5661.00;273516.64;2300.00;112225.00;49591.00;2516743.25;;;FESA4;;;;;;;;1979-01-31;;;;
FIIM;13.416.245/0001-46;IT NOW IDIV FUNDO DE ÍNDICE;2023-07-31;501302;477666341.10;AÇÕES;;N;Para negociação;36462.00;365560.46;14000.00;137386.00;327307.00;3302527.63;;;BEEF3;;;;;;;;2007-07-20;;;;
FIIM;13.416.245/0001-46;IT NOW IDIV FUNDO DE ÍNDICE;2023-07-31;501302;477666341.10;AÇÕES;;N;Para negociação;155750.00;651143.52;60400.00;252304.00;820249.00;3650108.05;;;CMIN3;;;;;;;;2021-02-18;;;;
FIIM;13.416.245/0001-46;IT NOW IDIV FUNDO DE ÍNDICE;2023-07-31;501302;477666341.10;AÇÕES;;N;Para negociação;13955.00;279657.74;43800.00;871570.00;99629.00;2102171.90;;;DIRR3;;;;;;;;2009-11-19;;;;
FIIM;13.416.245/0001-46;IT NOW IDIV FUNDO DE ÍNDICE;2023-07-31;501302;477666341.10;AÇÕES;;N;Para negociação;72426.00;2160610.73;28300.00;838931.00;608705.00;18936812.55;;;PETR4;;;;;;;;1973-09-18;;;;
FIIM;13.416.245/0001-46;IT NOW IDIV FUNDO DE ÍNDICE;2023-07-31;501302;477666341.10;AÇÕES;;N;Para negociação;9635.00;178104.10;3700.00;67223.00;55113.00;1030613.10;;;ABCB4;;;;;;;;2007-07-25;;;;
FIIM;13.416.245/0001-46;IT NOW IDIV FUNDO DE ÍNDICE;2023-07-31;501302;477666341.10;AÇÕES;;N;Para negociação;93550.00;1192752.62;36500.00;457753.00;918184.00;12625030.00;;;GOAU4;;;;;;;;1973-08-27;;;;
FIIM;13.416.245/0001-46;IT NOW IDIV FUNDO DE ÍNDICE;2023-07-31;501302;477666341.10;AÇÕES;;N;Para negociação;25035.00;235254.59;9800.00;90733.00;112140.00;1052994.60;;;KEPL3;;;;;;;;1981-02-13;;;;
FIIM;13.416.245/0001-46;IT NOW IDIV FUNDO DE ÍNDICE;2023-07-31;501302;477666341.10;AÇÕES;;N;Para negociação;40994.00;297978.90;15800.00;114571.00;194532.00;1443427.44;;;MRFG3;;;;;;;;2007-06-28;;;;
FIIM;13.416.245/0001-46;IT NOW IDIV FUNDO DE ÍNDICE;2023-07-31;501302;477666341.10;AÇÕES;;N;Para negociação;161394.00;2032200.30;63200.00;793382.00;1380014.00;17484777.38;;;CMIG4;;;;;;;;1973-08-20;;;;
FIIM;13.416.245/0001-46;IT NOW IDIV FUNDO DE ÍNDICE;2023-07-31;501302;477666341.10;AÇÕES;;N;Para negociação;29546.00;1324910.60;11400.00;507024.00;162899.00;7174071.96;;;EGIE3;;;;;;;;2016-07-21;;;;
FIIM;13.416.245/0001-46;IT NOW IDIV FUNDO DE ÍNDICE;2023-07-31;501302;477666341.10;AÇÕES;;N;Para negociação;10343.00;80192.57;3900.00;28518.00;53739.00;453557.16;;;LAVV3;;;;;;;;2020-09-02;;;;
FIIM;13.416.245/0001-46;IT NOW IDIV FUNDO DE ÍNDICE;2023-07-31;501302;477666341.10;AÇÕES;;N;Para negociação;14321.00;138994.95;5600.00;54458.00;67557.00;689081.40;;;RANI3;;;;;;;;1981-06-10;;;;
FIIM;13.416.245/0001-46;IT NOW IDIV FUNDO DE ÍNDICE;2023-07-31;501302;477666341.10;AÇÕES;;N;Para negociação;50653.00;900019.63;19800.00;360684.00;284638.00;5248724.72;;;CMIG3;;;;;;;;1973-08-20;;;;
FIIM;13.416.245/0001-46;IT NOW IDIV FUNDO DE ÍNDICE;2023-07-31;501302;477666341.10;AÇÕES;;N;Para negociação;24914.00;301346.76;9700.00;116357.00;176990.00;2201755.60;;;RAPT4;;;;;;;;1993-03-19;;;;
FIIM;13.416.245/0001-46;IT NOW IDIV FUNDO DE ÍNDICE;2023-07-31;501302;477666341.10;AÇÕES;;N;Para negociação;35178.00;799360.79;13900.00;312622.00;180920.00;4249810.80;;;BRAP4;;;;;;;;2000-08-10;;;;
FIIM;13.416.245/0001-46;IT NOW IDIV FUNDO DE ÍNDICE;2023-07-31;501302;477666341.10;AÇÕES;;N;Para negociação;26288.00;931878.66;10200.00;360004.00;271128.00;9700959.84;;;CPFE3;;;;;;;;2004-09-29;;;;
FIIM;13.416.245/0001-46;IT NOW IDIV FUNDO DE ÍNDICE;2023-07-31;501302;477666341.10;AÇÕES;;N;Para negociação;40884.00;1272146.12;15900.00;496284.00;382912.00;11916221.44;;;BBSE3;;;;;;;;2013-04-29;;;;
FIIM;13.416.245/0001-46;IT NOW IDIV FUNDO DE ÍNDICE;2023-07-31;501302;477666341.10;AÇÕES;;N;Para negociação;25192.00;732796.14;9900.00;287728.00;152670.00;4370942.10;;;PSSA3;;;;;;;;2004-11-22;;;;
FIIM;13.416.245/0001-46;IT NOW IDIV FUNDO DE ÍNDICE;2023-07-31;501302;477666341.10;AÇÕES;;N;Para negociação;6296.00;94951.20;2300.00;36835.00;38878.00;555177.84;;;ROMI3;;;;;;;;1973-06-22;;;;
FIIM;13.416.245/0001-46;IT NOW IDIV FUNDO DE ÍNDICE;2023-07-31;501302;477666341.10;AÇÕES;;N;Para negociação;219249.00;1780372.04;85600.00;695893.00;1417832.00;11853075.52;;;CPLE6;;;;;;;;1996-11-14;;;;
FIIM;13.416.245/0001-46;IT NOW IDIV FUNDO DE ÍNDICE;2023-07-31;501302;477666341.10;AÇÕES;;N;Para negociação;39153.00;1899830.40;15400.00;747939.00;220232.00;10612980.08;;;BBAS3;;;;;;;;1973-05-31;;;;
FIIM;13.416.245/0001-46;IT NOW IDIV FUNDO DE ÍNDICE;2023-07-31;501302;477666341.10;AÇÕES;;N;Para negociação;55465.00;1387807.73;21600.00;539892.00;327229.00;8213447.90;;;TRPL4;;;;;;;;1999-07-26;;;;
FIIM;13.416.245/0001-46;IT NOW IDIV FUNDO DE ÍNDICE;2023-07-31;501302;477666341.10;AÇÕES;;N;Para negociação;10003.00;59399.01;3800.00;22208.00;51381.00;315479.34;;;TRIS3;;;;;;;;2007-10-15;;;;
FIIM;13.416.245/0001-46;IT NOW IDIV FUNDO DE ÍNDICE;2023-07-31;501302;477666341.10;AÇÕES;;N;Para negociação;43040.00;1786459.33;17100.00;710807.00;275319.00;11593683.09;;;VIVT3;;;;;;;;2011-10-06;;;;
FIIM;13.416.245/0001-46;IT NOW IDIV FUNDO DE ÍNDICE;2023-07-31;501302;477666341.10;AÇÕES;;N;Para negociação;25898.00;1751925.94;10100.00;677414.00;290216.00;20071338.56;;;VALE3;;;;;;;;1982-02-15;;;;
FIIM;13.416.245/0001-46;IT NOW IDIV FUNDO DE ÍNDICE;2023-07-31;501302;477666341.10;AÇÕES;;N;Para negociação;74302.00;1302785.77;29100.00;517748.00;829290.00;14205737.70;;;VBBR3;;;;;;;;2021-10-22;;;;
FIIM;13.416.245/0001-46;IT NOW IDIV FUNDO DE ÍNDICE;2023-07-31;501302;477666341.10;AÇÕES;;N;Para negociação;62423.00;2088446.75;24200.00;806318.00;410853.00;14301792.93;;;PETR3;;;;;;;;1973-09-18;;;;
FIIM;13.416.245/0001-46;IT NOW IDIV FUNDO DE ÍNDICE;2023-07-31;501302;477666341.10;AÇÕES;;N;Para negociação;18434.00;242954.66;7300.00;90669.00;120077.00;1663066.45;;;MYPK3;;;;;;;;1984-09-14;;;;
FIIM;13.416.245/0001-46;IT NOW IDIV FUNDO DE ÍNDICE;2023-07-31;501302;477666341.10;AÇÕES;;N;Para negociação;72246.00;524894.60;28400.00;209243.00;342225.00;2474286.75;;;USIM5;;;;;;;;1999-02-02;;;;
FIIM;13.416.245/0001-46;IT NOW IDIV FUNDO DE ÍNDICE;2023-07-31;501302;477666341.10;AÇÕES;;N;Para negociação;8332.00;211025.95;3200.00;81387.00;48389.00;1253758.99;;;AGRO3;;;;;;;;2006-05-02;;;;
FIIM;13.416.245/0001-46;IT NOW IDIV FUNDO DE ÍNDICE;2023-07-31;501302;477666341.10;AÇÕES;;N;Para negociação;6388.00;499504.42;2300.00;186850.00;38543.00;3119670.42;;;UNIP6;;;;;;;;1980-06-04;;;;
FIIM;13.416.245/0001-46;IT NOW IDIV FUNDO DE ÍNDICE;2023-07-31;501302;477666341.10;TÍTULOS PÚBLICOS;;;Para negociação;16.00;216691.79;26.00;351499.81;10.00;135498.36;;;210100;;;;;;;;2026-09-01;;;;
FIIM;13.416.245/0001-46;IT NOW IDIV FUNDO DE ÍNDICE;2023-07-31;501302;477666341.10;TÍTULOS PÚBLICOS;;;Para negociação;158.00;2131144.63;352.00;4727984.48;194.00;2620972.07;;;210100;;;;;;;;2027-09-01;;;;
FIIM;13.416.245/0001-46;IT NOW IDIV FUNDO DE ÍNDICE;2023-07-31;501302;477666341.10;DISPONIBILIDADES;;;Para negociação;;;;;;65632.91;;;DISPONIBILIDADES;;;;;;;;;;;;
FIIM;13.416.245/0001-46;IT NOW IDIV FUNDO DE ÍNDICE;2023-07-31;501302;477666341.10;VALORES A PAGAR;;;Para negociação;;;;;;893751.73;;;VALORES A PAGAR;;;;;;;;;;;;
FIIM;13.416.245/0001-46;IT NOW IDIV FUNDO DE ÍNDICE;2023-07-31;501302;477666341.10;VALORES A RECEBER;;;Para negociação;;;;;;8912689.30;;;VALORES A RECEBER;;;;;;;;;;;;
FIIM;13.416.245/0001-46;IT NOW IDIV FUNDO DE ÍNDICE;2023-07-31;501302;477666341.10;MERCADO FUTURO - POSIÇÕES COMPRADAS;;;Para negociação;0.00;0.00;0.00;0.00;;165890.00;;;FUTURO IBRX50 - FUT BRI;;;;;;;;;;;;
FIIM;13.416.245/0001-46;IT NOW IDIV FUNDO DE ÍNDICE;2023-07-31;501302;477666341.10;AÇÕES E OUTROS TVM CEDIDOS EM EMPRÉSTIMO;;N;Para negociação;;;;;221409.00;6476213.25;;;GGBR4;;;;;;;;2001-02-01;;;;
FIIM;13.416.245/0001-46;IT NOW IDIV FUNDO DE ÍNDICE;2023-07-31;501302;477666341.10;AÇÕES E OUTROS TVM CEDIDOS EM EMPRÉSTIMO;;N;Para negociação;;;;;169295.00;7455751.80;;;EGIE3;;;;;;;;2016-07-21;;;;
FIIM;13.416.245/0001-46;IT NOW IDIV FUNDO DE ÍNDICE;2023-07-31;501302;477666341.10;AÇÕES E OUTROS TVM CEDIDOS EM EMPRÉSTIMO;;N;Para negociação;;;;;61078.00;375018.92;;;TRIS3;;;;;;;;2007-10-15;;;;
FIIM;13.416.245/0001-46;IT NOW IDIV FUNDO DE ÍNDICE;2023-07-31;501302;477666341.10;AÇÕES E OUTROS TVM CEDIDOS EM EMPRÉSTIMO;;N;Para negociação;;;;;284105.00;5238896.20;;;CMIG3;;;;;;;;1973-08-20;;;;
FIIM;13.416.245/0001-46;IT NOW IDIV FUNDO DE ÍNDICE;2023-07-31;501302;477666341.10;AÇÕES E OUTROS TVM CEDIDOS EM EMPRÉSTIMO;;N;Para negociação;;;;;6310.00;108090.30;;;VBBR3;;;;;;;;2021-10-22;;;;
FIIM;13.416.245/0001-46;IT NOW IDIV FUNDO DE ÍNDICE;2023-07-31;501302;477666341.10;AÇÕES E OUTROS TVM CEDIDOS EM EMPRÉSTIMO;;N;Para negociação;;;;;290666.00;10118083.46;;;PETR3;;;;;;;;1973-09-18;;;;
FIIM;13.416.245/0001-46;IT NOW IDIV FUNDO DE ÍNDICE;2023-07-31;501302;477666341.10;AÇÕES E OUTROS TVM CEDIDOS EM EMPRÉSTIMO;;N;Para negociação;;;;;214825.00;5046239.25;;;BRAP4;;;;;;;;2000-08-10;;;;
FIIM;13.416.245/0001-46;IT NOW IDIV FUNDO DE ÍNDICE;2023-07-31;501302;477666341.10;AÇÕES E OUTROS TVM CEDIDOS EM EMPRÉSTIMO;;N;Para negociação;;;;;83023.00;837702.07;;;BEEF3;;;;;;;;2007-07-20;;;;
FIIM;13.416.245/0001-46;IT NOW IDIV FUNDO DE ÍNDICE;2023-07-31;501302;477666341.10;AÇÕES E OUTROS TVM CEDIDOS EM EMPRÉSTIMO;;N;Para negociação;;;;;8781.00;255790.53;;;ALUP11;;;;;;;;2013-04-24;;;;
FIIM;13.416.245/0001-46;IT NOW IDIV FUNDO DE ÍNDICE;2023-07-31;501302;477666341.10;AÇÕES E OUTROS TVM CEDIDOS EM EMPRÉSTIMO;;N;Para negociação;;;;;83124.00;1238547.60;;;B3SA3;;;;;;;;2018-03-26;;;;
FIIM;13.416.245/0001-46;IT NOW IDIV FUNDO DE ÍNDICE;2023-07-31;501302;477666341.10;AÇÕES E OUTROS TVM CEDIDOS EM EMPRÉSTIMO;;N;Para negociação;;;;;219968.00;10600257.92;;;BBAS3;;;;;;;;1973-05-31;;;;
FIIM;13.416.245/0001-46;IT NOW IDIV FUNDO DE ÍNDICE;2023-07-31;501302;477666341.10;AÇÕES E OUTROS TVM CEDIDOS EM EMPRÉSTIMO;;N;Para negociação;;;;;44971.00;1165198.61;;;AGRO3;;;;;;;;2006-05-02;;;;
FIIM;13.416.245/0001-46;IT NOW IDIV FUNDO DE ÍNDICE;2023-07-31;501302;477666341.10;AÇÕES E OUTROS TVM CEDIDOS EM EMPRÉSTIMO;;N;Para negociação;;;;;130750.00;3743372.50;;;PSSA3;;;;;;;;2004-11-22;;;;
FIIM;13.416.245/0001-46;IT NOW IDIV FUNDO DE ÍNDICE;2023-07-31;501302;477666341.10;AÇÕES E OUTROS TVM CEDIDOS EM EMPRÉSTIMO;;N;Para negociação;;;;;93292.00;951578.40;;;RANI3;;;;;;;;1981-06-10;;;;
FIIM;13.416.245/0001-46;IT NOW IDIV FUNDO DE ÍNDICE;2023-07-31;501302;477666341.10;AÇÕES E OUTROS TVM CEDIDOS EM EMPRÉSTIMO;;N;Para negociação;;;;;133599.00;1836986.25;;;GOAU4;;;;;;;;1973-08-27;;;;
FIIM;13.416.245/0001-46;IT NOW IDIV FUNDO DE ÍNDICE;2023-07-31;501302;477666341.10;AÇÕES E OUTROS TVM CEDIDOS EM EMPRÉSTIMO;;N;Para negociação;;;;;434452.00;5504506.84;;;CMIG4;;;;;;;;1973-08-20;;;;
FIIM;13.416.245/0001-46;IT NOW IDIV FUNDO DE ÍNDICE;2023-07-31;501302;477666341.10;AÇÕES E OUTROS TVM CEDIDOS EM EMPRÉSTIMO;;N;Para negociação;;;;;137264.00;2778223.36;;;CSMG3;;;;;;;;2006-02-08;;;;
FIIM;13.416.245/0001-46;IT NOW IDIV FUNDO DE ÍNDICE;2023-07-31;501302;477666341.10;AÇÕES E OUTROS TVM CEDIDOS EM EMPRÉSTIMO;;N;Para negociação;;;;;62631.00;528605.64;;;LAVV3;;;;;;;;2020-09-02;;;;
FIIM;13.416.245/0001-46;IT NOW IDIV FUNDO DE ÍNDICE;2023-07-31;501302;477666341.10;AÇÕES E OUTROS TVM CEDIDOS EM EMPRÉSTIMO;;N;Para negociação;;;;;205315.00;6387349.65;;;PETR4;;;;;;;;1973-09-18;;;;
FIIM;13.416.245/0001-46;IT NOW IDIV FUNDO DE ÍNDICE;2023-07-31;501302;477666341.10;AÇÕES E OUTROS TVM CEDIDOS EM EMPRÉSTIMO;;N;Para negociação;;;;;208305.00;8771723.55;;;VIVT3;;;;;;;;2011-10-06;;;;
FIIM;13.416.245/0001-46;IT NOW IDIV FUNDO DE ÍNDICE;2023-07-31;501302;477666341.10;AÇÕES E OUTROS TVM CEDIDOS EM EMPRÉSTIMO;;S;Para negociação;;;;;82190.00;807105.80;;;ITSA4;;;;;;;;1973-09-17;;;;
FIIM;13.416.245/0001-46;IT NOW IDIV FUNDO DE ÍNDICE;2023-07-31;501302;477666341.10;AÇÕES E OUTROS TVM CEDIDOS EM EMPRÉSTIMO;;N;Para negociação;;;;;68054.00;1435939.40;;;DIRR3;;;;;;;;2009-11-19;;;;
FIIM;13.416.245/0001-46;IT NOW IDIV FUNDO DE ÍNDICE;2023-07-31;501302;477666341.10;AÇÕES E OUTROS TVM CEDIDOS EM EMPRÉSTIMO;;N;Para negociação;;;;;14291.00;725268.25;;;FESA4;;;;;;;;1979-01-31;;;;
FIIM;13.416.245/0001-46;IT NOW IDIV FUNDO DE ÍNDICE;2023-07-31;501302;477666341.10;AÇÕES E OUTROS TVM CEDIDOS EM EMPRÉSTIMO;;N;Para negociação;;;;;166285.00;5986260.00;;;TAEE11;;;;;;;;2012-05-28;;;;
FIIM;13.416.245/0001-46;IT NOW IDIV FUNDO DE ÍNDICE;2023-07-31;501302;477666341.10;AÇÕES E OUTROS TVM CEDIDOS EM EMPRÉSTIMO;;N;Para negociação;;;;;930061.00;4138771.45;;;CMIN3;;;;;;;;2021-02-18;;;;
FIIM;13.416.245/0001-46;IT NOW IDIV FUNDO DE ÍNDICE;2023-07-31;501302;477666341.10;AÇÕES E OUTROS TVM CEDIDOS EM EMPRÉSTIMO;;N;Para negociação;;;;;218051.00;1229807.64;;;JHSF3;;;;;;;;2007-04-12;;;;
FIIM;13.416.245/0001-46;IT NOW IDIV FUNDO DE ÍNDICE;2023-07-31;501302;477666341.10;AÇÕES E OUTROS TVM CEDIDOS EM EMPRÉSTIMO;;N;Para negociação;;;;;24866.00;889705.48;;;CPFE3;;;;;;;;2004-09-29;;;;
FIIM;13.416.245/0001-46;IT NOW IDIV FUNDO DE ÍNDICE;2023-07-31;501302;477666341.10;AÇÕES E OUTROS TVM CEDIDOS EM EMPRÉSTIMO;;N;Para negociação;;;;;64793.00;945329.87;;;BRSR6;;;;;;;;2007-09-03;;;;
FIIM;13.416.245/0001-46;IT NOW IDIV FUNDO DE ÍNDICE;2023-07-31;501302;477666341.10;AÇÕES E OUTROS TVM CEDIDOS EM EMPRÉSTIMO;;N;Para negociação;;;;;266576.00;1977993.92;;;MRFG3;;;;;;;;2007-06-28;;;;
FIIM;13.416.245/0001-46;IT NOW IDIV FUNDO DE ÍNDICE;2023-07-31;501302;477666341.10;AÇÕES E OUTROS TVM CEDIDOS EM EMPRÉSTIMO;;N;Para negociação;;;;;469725.00;3396111.75;;;USIM5;;;;;;;;1999-02-02;;;;
FIIM;13.416.245/0001-46;IT NOW IDIV FUNDO DE ÍNDICE;2023-07-31;501302;477666341.10;AÇÕES E OUTROS TVM CEDIDOS EM EMPRÉSTIMO;;N;Para negociação;;;;;69860.00;974547.00;;;ENAT3;;;;;;;;2019-04-24;;;;
FIIM;13.416.245/0001-46;IT NOW IDIV FUNDO DE ÍNDICE;2023-07-31;501302;477666341.10;AÇÕES E OUTROS TVM CEDIDOS EM EMPRÉSTIMO;;N;Para negociação;;;;;86808.00;1202290.80;;;MYPK3;;;;;;;;1984-09-14;;;;
FIIM;13.416.245/0001-46;IT NOW IDIV FUNDO DE ÍNDICE;2023-07-31;501302;477666341.10;AÇÕES E OUTROS TVM CEDIDOS EM EMPRÉSTIMO;;N;Para negociação;;;;;33618.00;2721040.92;;;UNIP6;;;;;;;;1980-06-04;;;;
FIIM;13.416.245/0001-46;IT NOW IDIV FUNDO DE ÍNDICE;2023-07-31;501302;477666341.10;AÇÕES E OUTROS TVM CEDIDOS EM EMPRÉSTIMO;;N;Para negociação;;;;;109158.00;1939737.66;;;CURY3;;;;;;;;2020-09-21;;;;
FIIM;13.416.245/0001-46;IT NOW IDIV FUNDO DE ÍNDICE;2023-07-31;501302;477666341.10;AÇÕES E OUTROS TVM CEDIDOS EM EMPRÉSTIMO;;N;Para negociação;;;;;169428.00;1590928.92;;;KEPL3;;;;;;;;1981-02-13;;;;
FIIM;13.416.245/0001-46;IT NOW IDIV FUNDO DE ÍNDICE;2023-07-31;501302;477666341.10;AÇÕES E OUTROS TVM CEDIDOS EM EMPRÉSTIMO;;N;Para negociação;;;;;50178.00;938328.60;;;ABCB4;;;;;;;;2007-07-25;;;;
FIIM;13.416.245/0001-46;IT NOW IDIV FUNDO DE ÍNDICE;2023-07-31;501302;477666341.10;AÇÕES E OUTROS TVM CEDIDOS EM EMPRÉSTIMO;;N;Para negociação;;;;;469424.00;8815782.72;;;JBSS3;;;;;;;;2007-03-29;;;;
FIIM;13.416.245/0001-46;IT NOW IDIV FUNDO DE ÍNDICE;2023-07-31;501302;477666341.10;AÇÕES E OUTROS TVM CEDIDOS EM EMPRÉSTIMO;;N;Para negociação;;;;;293238.00;8374877.28;;;SANB11;;;;;;;;2009-10-07;;;;
FIIM;13.416.245/0001-46;IT NOW IDIV FUNDO DE ÍNDICE;2023-07-31;501302;477666341.10;AÇÕES E OUTROS TVM CEDIDOS EM EMPRÉSTIMO;;N;Para negociação;;;;;296692.00;7446969.20;;;TRPL4;;;;;;;;1999-07-26;;;;
FIIM;13.416.245/0001-46;IT NOW IDIV FUNDO DE ÍNDICE;2023-07-31;501302;477666341.10;AÇÕES E OUTROS TVM CEDIDOS EM EMPRÉSTIMO;;N;Para negociação;;;;;77119.00;2399943.28;;;BBSE3;;;;;;;;2013-04-29;;;;
FIIM;13.416.245/0001-46;IT NOW IDIV FUNDO DE ÍNDICE;2023-07-31;501302;477666341.10;AÇÕES E OUTROS TVM CEDIDOS EM EMPRÉSTIMO;;N;Para negociação;;;;;32214.00;460015.92;;;ROMI3;;;;;;;;1973-06-22;;;;
FIIM;13.416.245/0001-46;IT NOW IDIV FUNDO DE ÍNDICE;2023-07-31;501302;477666341.10;AÇÕES E OUTROS TVM CEDIDOS EM EMPRÉSTIMO;;N;Para negociação;;;;;103088.00;1282414.72;;;RAPT4;;;;;;;;1993-03-19;;;;
FIIM;13.416.245/0001-46;IT NOW IDIV FUNDO DE ÍNDICE;2023-07-31;501302;477666341.10;AÇÕES E OUTROS TVM CEDIDOS EM EMPRÉSTIMO;;N;Para negociação;;;;;405731.00;5615317.04;;;CSNA3;;;;;;;;1993-08-02;;;;
FIIM;13.416.245/0001-46;IT NOW IDIV FUNDO DE ÍNDICE;2023-07-31;501302;477666341.10;AÇÕES E OUTROS TVM CEDIDOS EM EMPRÉSTIMO;;N;Para negociação;;;;;1046801.00;8751256.36;;;CPLE6;;;;;;;;1996-11-14;;;;
FIIM;13.416.245/0001-46;IT NOW IDIV FUNDO DE ÍNDICE;2023-07-31;501302;477666341.10;AÇÕES E OUTROS TVM CEDIDOS EM EMPRÉSTIMO;;N;Para negociação;;;;;1194.00;82577.04;;;VALE3;;;;;;;;1982-02-15;;;;
FIIM;13.416.245/0001-46;IT NOW IDIV FUNDO DE ÍNDICE;2023-07-31;501302;477666341.10;CERTIFICADO OU RECIBO DE DEPÓSITO DE VALORES MOBILIÁRIOS;;N;Para negociação;0.00;0.00;0.00;0.00;220041.00;6284370.96;;;SANB11;;;;;;;;2009-10-07;;;;
FIIM;13.416.245/0001-46;IT NOW IDIV FUNDO DE ÍNDICE;2023-07-31;501302;477666341.10;CERTIFICADO OU RECIBO DE DEPÓSITO DE VALORES MOBILIÁRIOS;;N;Para negociação;0.00;0.00;0.00;0.00;178258.00;6417288.00;;;TAEE11;;;;;;;;2012-05-28;;;;
FIIM;13.416.245/0001-46;IT NOW IDIV FUNDO DE ÍNDICE;2023-07-31;501302;477666341.10;CERTIFICADO OU RECIBO DE DEPÓSITO DE VALORES MOBILIÁRIOS;;N;Para negociação;0.00;0.00;0.00;0.00;220880.00;6434234.40;;;ALUP11;;;;;;;;2013-04-24;;;;
FIIM;13.416.245/0001-46;IT NOW IDIV FUNDO DE ÍNDICE;2023-07-31;501302;477666341.10;OUTROS VALORES MOBILIÁRIOS REGISTRADOS NA CVM OBJETO DE OFERTA PÚBLICA;;N;Para negociação;0.00;0.00;3221.00;0.00;5183.00;21768.60;;;ABCB2;;;;;;;;2023-07-03;;;;
FIIM;14.120.533/0001-11;CAIXA ETF IBOVESPA FUNDO DE ÍNDICE;2023-07-31;504038;89641006.14;AÇÕES;Ação ordinária;N;Para negociação;300.00;636.00;200.00;409.00;65100.00;140616.00;;;;A??es - VIIA3;;PJ;33041260065290;VIA VAREJO S.A.;;;;;;;
FIIM;14.120.533/0001-11;CAIXA ETF IBOVESPA FUNDO DE ÍNDICE;2023-07-31;504038;89641006.14;AÇÕES;Ação ordinária;N;Para negociação;0.00;0.00;0.00;0.00;14100.00;819210.00;;;;A??es - SBSP3;;PJ;43776517000180;CIA SANEAMENTO BASICO EST SAO PAULO;;;;;;;
FIIM;14.120.533/0001-11;CAIXA ETF IBOVESPA FUNDO DE ÍNDICE;2023-07-31;504038;89641006.14;AÇÕES;Ação ordinária;N;Para negociação;0.00;0.00;0.00;0.00;4390.00;191623.50;;;;A??es - SLCE3;;PJ;89096457000155;SLC AGRICOLA S.A.;;;;;;;
FIIM;14.120.533/0001-11;CAIXA ETF IBOVESPA FUNDO DE ÍNDICE;2023-07-31;504038;89641006.14;AÇÕES;Ação ordinária;N;Para negociação;300.00;5922.00;200.00;3724.00;48300.00;963102.00;;;;A??es - CSAN3;;PJ;50746577000115;COSAN S.A. INDUSTRIA E COMERCIO;;;;;;;
FIIM;14.120.533/0001-11;CAIXA ETF IBOVESPA FUNDO DE ÍNDICE;2023-07-31;504038;89641006.14;AÇÕES;Ação ordinária;N;Para negociação;200.00;868.00;200.00;824.00;45900.00;204255.00;;;;A??es - CMIN3;;PJ;8902291000115;CSN MINERA??O S.A.;;;;;;;
FIIM;14.120.533/0001-11;CAIXA ETF IBOVESPA FUNDO DE ÍNDICE;2023-07-31;504038;89641006.14;AÇÕES;Ação ordinária;N;Para negociação;200.00;6706.00;100.00;3284.00;46100.00;1546194.00;;;;A??es - EQTL3;;PJ;3220438000173;EQUATORIAL ENERGIA S.A.;;;;;;;
FIIM;14.120.533/0001-11;CAIXA ETF IBOVESPA FUNDO DE ÍNDICE;2023-07-31;504038;89641006.14;AÇÕES;Ação ordinária;N;Para negociação;0.00;0.00;0.00;0.00;2500.00;206000.00;;;;A??es - ARZZ3;;PJ;16590234000176;AREZZO IND?STRIA E COM?RCIO S.A.;;;;;;;
FIIM;14.120.533/0001-11;CAIXA ETF IBOVESPA FUNDO DE ÍNDICE;2023-07-31;504038;89641006.14;AÇÕES;Ação ordinária;N;Para negociação;0.00;0.00;0.00;0.00;24400.00;337696.00;;;;A??es - CSNA3;;PJ;33042730000104;CIA SIDERURGICA NACIONAL;;;;;;;
FIIM;14.120.533/0001-11;CAIXA ETF IBOVESPA FUNDO DE ÍNDICE;2023-07-31;504038;89641006.14;AÇÕES;Ação ordinária;N;Para negociação;200.00;3740.00;100.00;1845.00;44900.00;848161.00;;;;A??es - UGPA3;;PJ;33256439000139;ULTRAPAR;;;;;;;
FIIM;14.120.533/0001-11;CAIXA ETF IBOVESPA FUNDO DE ÍNDICE;2023-07-31;504038;89641006.14;AÇÕES;Ação ordinária;N;Para negociação;100.00;4429.00;0.00;0.00;10506.00;462684.24;;;;A??es - EGIE3;;PJ;2474103000119;ENGIE BRASIL ENERGIA S.A.;;;;;;;
FIIM;14.120.533/0001-11;CAIXA ETF IBOVESPA FUNDO DE ÍNDICE;2023-07-31;504038;89641006.14;AÇÕES;Ação ordinária;N;Para negociação;0.00;0.00;3200.00;44197.00;15800.00;219620.00;;;;A??es - MRVE3;;PJ;8343492000120;MRV ENGENHARIA E PARTICIPACOES S.A.;;;;;;;
FIIM;14.120.533/0001-11;CAIXA ETF IBOVESPA FUNDO DE ÍNDICE;2023-07-31;504038;89641006.14;AÇÕES;Ação ordinária;N;Para negociação;100.00;2140.00;100.00;2269.00;6500.00;134550.00;;;;A??es - PCAR3;;PJ;47508411000156;CIA BRASILEIRA DE DISTRIBUICAO;;;;;;;
FIIM;14.120.533/0001-11;CAIXA ETF IBOVESPA FUNDO DE ÍNDICE;2023-07-31;504038;89641006.14;AÇÕES;Ação ordinária;N;Para negociação;100.00;3087.00;100.00;3110.00;27800.00;865136.00;;;;A??es - BBSE3;;PJ;17344597000194;BB SEGURIDADE PARTICIPA??ES S.A.;;;;;;;
FIIM;14.120.533/0001-11;CAIXA ETF IBOVESPA FUNDO DE ÍNDICE;2023-07-31;504038;89641006.14;AÇÕES;Ação ordinária;N;Para negociação;300.00;3864.00;100.00;1224.00;65100.00;870387.00;;;;A??es - ENEV3;;PJ;4423567000121;ENEVA S.A;;;;;;;
FIIM;14.120.533/0001-11;CAIXA ETF IBOVESPA FUNDO DE ÍNDICE;2023-07-31;504038;89641006.14;AÇÕES;Ação ordinária;N;Para negociação;100.00;2435.00;100.00;2499.00;22013.00;535136.03;;;;A??es - ALSO3;;PJ;5878397000132;SONAE SIERRA BRASIL S.A.;;;;;;;
FIIM;14.120.533/0001-11;CAIXA ETF IBOVESPA FUNDO DE ÍNDICE;2023-07-31;504038;89641006.14;AÇÕES;Ação ordinária;N;Para negociação;1000.00;14600.00;600.00;8458.00;236642.00;3525965.80;;;;A??es - B3SA3;;PJ;9346601000125;B3 S.A. - BRASIL, BOLSA, BALC?O;;;;;;;
FIIM;14.120.533/0001-11;CAIXA ETF IBOVESPA FUNDO DE ÍNDICE;2023-07-31;504038;89641006.14;AÇÕES;Ação ordinária;N;Para negociação;200.00;3388.00;100.00;1791.00;46000.00;787980.00;;;;A??es - VBBR3;;PJ;34274233000102;VIBRA ENERGIA S.A.;;;;;;;
FIIM;14.120.533/0001-11;CAIXA ETF IBOVESPA FUNDO DE ÍNDICE;2023-07-31;504038;89641006.14;AÇÕES;Ação ordinária;N;Para negociação;0.00;0.00;0.00;0.00;5900.00;197473.00;;;;A??es - SMTO3;;PJ;51466860000156;SAO MARTINHO S.A.;;;;;;;
FIIM;14.120.533/0001-11;CAIXA ETF IBOVESPA FUNDO DE ÍNDICE;2023-07-31;504038;89641006.14;AÇÕES;Ação ordinária;N;Para negociação;200.00;8070.00;100.00;3595.00;52100.00;2079832.00;;;;A??es - WEGE3;;PJ;84429695000111;WEG S.A.;;;;;;;
FIIM;14.120.533/0001-11;CAIXA ETF IBOVESPA FUNDO DE ÍNDICE;2023-07-31;504038;89641006.14;AÇÕES;Ação ordinária;N;Para negociação;700.00;49294.00;500.00;32944.00;166713.00;11529871.08;;;;A??es - VALE3;;PJ;33592510000154;VALE S.A.;;;;;;;
FIIM;14.120.533/0001-11;CAIXA ETF IBOVESPA FUNDO DE ÍNDICE;2023-07-31;504038;89641006.14;AÇÕES;Ação ordinária;N;Para negociação;200.00;5708.00;100.00;2805.00;48044.00;1391834.68;;;;A??es - RADL3;;PJ;61585865000151;RAIA DROGASIL S.A.;;;;;;;
FIIM;14.120.533/0001-11;CAIXA ETF IBOVESPA FUNDO DE ÍNDICE;2023-07-31;504038;89641006.14;AÇÕES;Ação ordinária;N;Para negociação;300.00;11466.00;200.00;7772.00;83400.00;3223410.00;;;;A??es - ELET3;;PJ;1180000126;CENTRAIS ELET BRAS S.A. - ELETROBRAS;;;;;;;
FIIM;14.120.533/0001-11;CAIXA ETF IBOVESPA FUNDO DE ÍNDICE;2023-07-31;504038;89641006.14;AÇÕES;Ação ordinária;N;Para negociação;700.00;3178.00;400.00;1766.00;178623.00;857390.40;;;;A??es - HAPV3;;PJ;5197443000138;HAPVIDA PARTICIPA??ES E INVESTIMENTOS S.A.;;;;;;;
FIIM;14.120.533/0001-11;CAIXA ETF IBOVESPA FUNDO DE ÍNDICE;2023-07-31;504038;89641006.14;AÇÕES;Ação ordinária;N;Para negociação;200.00;3726.00;0.00;0.00;39198.00;734962.50;;;;A??es - LREN3;;PJ;92754738000162;LOJAS RENNER S.A.;;;;;;;
FIIM;14.120.533/0001-11;CAIXA ETF IBOVESPA FUNDO DE ÍNDICE;2023-07-31;504038;89641006.14;AÇÕES;Ação ordinária;N;Para negociação;200.00;4674.00;100.00;2242.00;50192.00;1166462.08;;;;A??es - RAIL3;;PJ;2387241000160;RUMO S.A.;;;;;;;
FIIM;14.120.533/0001-11;CAIXA ETF IBOVESPA FUNDO DE ÍNDICE;2023-07-31;504038;89641006.14;AÇÕES;Ação ordinária;N;Para negociação;100.00;4509.00;100.00;3815.00;34700.00;1583014.00;;;;A??es - PRIO3;;PJ;10629105000168;HRT PARTICIPA??ES EM PETR?LEO S.A.;;;;;;;
FIIM;14.120.533/0001-11;CAIXA ETF IBOVESPA FUNDO DE ÍNDICE;2023-07-31;504038;89641006.14;AÇÕES;Ação ordinária;N;Para negociação;0.00;0.00;0.00;0.00;17500.00;736925.00;;;;A??es - VIVT3;;PJ;2558157000162;TELEF?NICA BRASIL S.A;;;;;;;
FIIM;14.120.533/0001-11;CAIXA ETF IBOVESPA FUNDO DE ÍNDICE;2023-07-31;504038;89641006.14;AÇÕES;Ação ordinária;N;Para negociação;0.00;0.00;0.00;0.00;21900.00;300468.00;;;;A??es - CRFB3;;PJ;75315333000109;ATACAD?O S.A.;;;;;;;
FIIM;14.120.533/0001-11;CAIXA ETF IBOVESPA FUNDO DE ÍNDICE;2023-07-31;504038;89641006.14;AÇÕES;Ação ordinária;N;Para negociação;10200.00;241536.27;0.00;0.00;0.00;0.00;;;;A??es - ENBR3;;PJ;3983431000103;EDP - ENERGIAS DO BRASIL S.A.;;;;;;;
FIIM;14.120.533/0001-11;CAIXA ETF IBOVESPA FUNDO DE ÍNDICE;2023-07-31;504038;89641006.14;AÇÕES;Ação ordinária;N;Para negociação;200.00;9440.00;100.00;4405.00;29986.00;1441427.02;;;;A??es - SUZB3;;PJ;16404287000155;SUZANO PAPEL E CELULOSE S.A.;;;;;;;
FIIM;14.120.533/0001-11;CAIXA ETF IBOVESPA FUNDO DE ÍNDICE;2023-07-31;504038;89641006.14;AÇÕES;Ação ordinária;N;Para negociação;100.00;2055.00;100.00;1995.00;12200.00;270718.00;;;;A??es - YDUQ3;;PJ;8807432000110;ESTACIO PARTICIPACOES S.A.;;;;;;;
FIIM;14.120.533/0001-11;CAIXA ETF IBOVESPA FUNDO DE ÍNDICE;2023-07-31;504038;89641006.14;AÇÕES;Ação ordinária;N;Para negociação;0.00;0.00;0.00;0.00;9700.00;344835.00;;;;A??es - RRRP3;;PJ;12091809000155;3R PETROLEUM ?LEO E G?S S.A;;;;;;;
FIIM;14.120.533/0001-11;CAIXA ETF IBOVESPA FUNDO DE ÍNDICE;2023-07-31;504038;89641006.14;AÇÕES;Ação ordinária;N;Para negociação;200.00;604.00;7000.00;22614.00;18243.00;54364.14;;;;A??es - CVCB3;;PJ;10760260000119;CVC BRASIL OPERADORA E AG?NCIA DE VIAGEN;;;;;;;
FIIM;14.120.533/0001-11;CAIXA ETF IBOVESPA FUNDO DE ÍNDICE;2023-07-31;504038;89641006.14;AÇÕES;Ação ordinária;N;Para negociação;0.00;0.00;0.00;0.00;16600.00;718116.00;;;;A??es - HYPE3;;PJ;2932074000191;HYPERMARCAS S.A.;;;;;;;
FIIM;14.120.533/0001-11;CAIXA ETF IBOVESPA FUNDO DE ÍNDICE;2023-07-31;504038;89641006.14;AÇÕES;Ação ordinária;N;Para negociação;100.00;324.00;200.00;654.00;75260.00;252121.00;;;;A??es - COGN3;;PJ;2800026000140;KROTON EDUCACIONAL S.A.;;;;;;;
FIIM;14.120.533/0001-11;CAIXA ETF IBOVESPA FUNDO DE ÍNDICE;2023-07-31;504038;89641006.14;AÇÕES;Ação ordinária;N;Para negociação;0.00;0.00;24700.00;211926.00;69280.00;676172.80;;;;A??es - BRFS3;;PJ;1838723000127;BRF S.A.;;;;;;;
FIIM;14.120.533/0001-11;CAIXA ETF IBOVESPA FUNDO DE ÍNDICE;2023-07-31;504038;89641006.14;AÇÕES;Ação ordinária;N;Para negociação;100.00;1813.00;0.00;0.00;30326.00;561334.26;;;;A??es - EMBR3;;PJ;7689002000189;EMBRAER S.A.;;;;;;;
FIIM;14.120.533/0001-11;CAIXA ETF IBOVESPA FUNDO DE ÍNDICE;2023-07-31;504038;89641006.14;AÇÕES;Ação ordinária;N;Para negociação;300.00;4365.00;200.00;2873.00;61968.00;920224.80;;;;A??es - BBDC3;;PJ;60746948000112;BCO BRADESCO S.A.;;;;;;;
FIIM;14.120.533/0001-11;CAIXA ETF IBOVESPA FUNDO DE ÍNDICE;2023-07-31;504038;89641006.14;AÇÕES;Ação ordinária;N;Para negociação;100.00;2922.00;0.00;0.00;21200.00;626884.00;;;;A??es - TOTS3;;PJ;53113791000122;TOTVS S.A.;;;;;;;
FIIM;14.120.533/0001-11;CAIXA ETF IBOVESPA FUNDO DE ÍNDICE;2023-07-31;504038;89641006.14;AÇÕES;Ação ordinária;N;Para negociação;100.00;1122.00;100.00;1154.00;20313.00;228318.12;;;;A??es - SOMA3;;PJ;10285590000108;RBX RIO COMERCIO DE ROUPAS S.A.;;;;;;;
FIIM;14.120.533/0001-11;CAIXA ETF IBOVESPA FUNDO DE ÍNDICE;2023-07-31;504038;89641006.14;AÇÕES;Ação ordinária;N;Para negociação;100.00;955.00;0.00;0.00;10700.00;107963.00;;;;A??es - BEEF3;;PJ;67620377000114;MINERVA S.A.;;;;;;;
FIIM;14.120.533/0001-11;CAIXA ETF IBOVESPA FUNDO DE ÍNDICE;2023-07-31;504038;89641006.14;AÇÕES;Ação ordinária;N;Para negociação;0.00;0.00;0.00;0.00;7800.00;279084.00;;;;A??es - CPFE3;;PJ;2429144000193;CPFL ENERGIA S.A.;;;;;;;
FIIM;14.120.533/0001-11;CAIXA ETF IBOVESPA FUNDO DE ÍNDICE;2023-07-31;504038;89641006.14;AÇÕES;Ação ordinária;N;Para negociação;200.00;2700.00;100.00;1343.00;49200.00;662724.00;;;;A??es - ASAI3;;PJ;6057223000171;SENDAS DISTRIBUIDORA S.A.;;;;;;;
FIIM;14.120.533/0001-11;CAIXA ETF IBOVESPA FUNDO DE ÍNDICE;2023-07-31;504038;89641006.14;AÇÕES;Ação ordinária;N;Para negociação;0.00;0.00;0.00;0.00;3400.00;139808.00;;;;A??es - IRBR3;;PJ;33376989000191;IRB - BRASIL RESSEGUROS S.A.;;;;;;;
FIIM;14.120.533/0001-11;CAIXA ETF IBOVESPA FUNDO DE ÍNDICE;2023-07-31;504038;89641006.14;AÇÕES;Ação ordinária;N;Para negociação;200.00;2878.00;200.00;2807.00;33400.00;478956.00;;;;A??es - TIMS3;;PJ;2421421000111;TIM S.A.;;;;;;;
FIIM;14.120.533/0001-11;CAIXA ETF IBOVESPA FUNDO DE ÍNDICE;2023-07-31;504038;89641006.14;AÇÕES;Ação ordinária;N;Para negociação;100.00;1809.00;0.00;0.00;46900.00;880782.00;;;;A??es - JBSS3;;PJ;2916265000160;JBS S.A.;;;;;;;
FIIM;14.120.533/0001-11;CAIXA ETF IBOVESPA FUNDO DE ÍNDICE;2023-07-31;504038;89641006.14;AÇÕES;Ação ordinária;N;Para negociação;0.00;0.00;0.00;0.00;11353.00;95024.61;;;;A??es - DXCO3;;PJ;97837181000147;DURATEX S.A.;;;;;;;
FIIM;14.120.533/0001-11;CAIXA ETF IBOVESPA FUNDO DE ÍNDICE;2023-07-31;504038;89641006.14;AÇÕES;Ação ordinária;N;Para negociação;500.00;16260.00;300.00;9949.00;123497.00;4298930.57;;;;A??es - PETR3;;PJ;33000167000101;PETROLEO BRASILEIRO S.A. PETROBRAS;;;;;;;
FIIM;14.120.533/0001-11;CAIXA ETF IBOVESPA FUNDO DE ÍNDICE;2023-07-31;504038;89641006.14;AÇÕES;Ação ordinária;N;Para negociação;200.00;9348.00;100.00;4901.00;58700.00;2828753.00;;;;A??es - BBAS3;;PJ;191;BCO BRASIL S.A.;;;;;;;
FIIM;14.120.533/0001-11;CAIXA ETF IBOVESPA FUNDO DE ÍNDICE;2023-07-31;504038;89641006.14;AÇÕES;Ação ordinária;N;Para negociação;200.00;2654.00;100.00;1355.00;41200.00;547548.00;;;;A??es - CCRO3;;PJ;2846056000197;CCR S.A.;;;;;;;
FIIM;14.120.533/0001-11;CAIXA ETF IBOVESPA FUNDO DE ÍNDICE;2023-07-31;504038;89641006.14;AÇÕES;Ação ordinária;N;Para negociação;0.00;0.00;0.00;0.00;11343.00;270190.26;;;;A??es - CYRE3;;PJ;73178600000118;CYRELA BRAZIL REALTY S.A.EMPREEND E PART;;;;;;;
FIIM;14.120.533/0001-11;CAIXA ETF IBOVESPA FUNDO DE ÍNDICE;2023-07-31;504038;89641006.14;AÇÕES;Ação ordinária;N;Para negociação;200.00;13230.00;2900.00;201463.00;34696.00;2332265.12;;;;A??es - RENT3;;PJ;16670085000155;LOCALIZA RENT A CAR S.A.;;;;;;;
FIIM;14.120.533/0001-11;CAIXA ETF IBOVESPA FUNDO DE ÍNDICE;2023-07-31;504038;89641006.14;AÇÕES;Ação ordinária;N;Para negociação;100.00;1582.00;0.00;0.00;17430.00;280797.30;;;;A??es - FLRY3;;PJ;60840055000131;FLEURY S.A.;;;;;;;
FIIM;14.120.533/0001-11;CAIXA ETF IBOVESPA FUNDO DE ÍNDICE;2023-07-31;504038;89641006.14;AÇÕES;Ação ordinária;N;Para negociação;700.00;10290.00;500.00;7375.00;181200.00;2692632.00;;;;A??es - ABEV3;;PJ;7526557000100;AMBEV S.A.;;;;;;;
FIIM;14.120.533/0001-11;CAIXA ETF IBOVESPA FUNDO DE ÍNDICE;2023-07-31;504038;89641006.14;AÇÕES;Ação ordinária;N;Para negociação;400.00;1242.00;300.00;951.00;119100.00;398985.00;;;;A??es - MGLU3;;PJ;47960950000121;MAGAZINE LUIZA S.A.;;;;;;;
FIIM;14.120.533/0001-11;CAIXA ETF IBOVESPA FUNDO DE ÍNDICE;2023-07-31;504038;89641006.14;AÇÕES;Ação ordinária;N;Para negociação;0.00;0.00;0.00;0.00;12100.00;89782.00;;;;A??es - MRFG3;;PJ;3853896000140;MARFRIG GLOBAL FOODS S.A.;;;;;;;
FIIM;14.120.533/0001-11;CAIXA ETF IBOVESPA FUNDO DE ÍNDICE;2023-07-31;504038;89641006.14;AÇÕES;Ação ordinária;N;Para negociação;100.00;697.00;100.00;842.00;17800.00;131898.00;;;;A??es - LWSA3;;PJ;2351877000152;LOCAWEB SERVI?OS DE INTERNET S.A.;;;;;;;
FIIM;14.120.533/0001-11;CAIXA ETF IBOVESPA FUNDO DE ÍNDICE;2023-07-31;504038;89641006.14;AÇÕES;Ação ordinária;N;Para negociação;0.00;0.00;0.00;0.00;3900.00;84747.00;;;;A??es - EZTC3;;PJ;8312229000173;EZ TEC EMPREEND. E PARTICIPACOES S.A.;;;;;;;
FIIM;14.120.533/0001-11;CAIXA ETF IBOVESPA FUNDO DE ÍNDICE;2023-07-31;504038;89641006.14;AÇÕES;Ação ordinária;N;Para negociação;200.00;7326.00;100.00;3133.00;45261.00;1629396.00;;;;A??es - RDOR3;;PJ;6047087000139;HOSPITAL E MATERNIDADE S.;;;;;;;
FIIM;14.120.533/0001-11;CAIXA ETF IBOVESPA FUNDO DE ÍNDICE;2023-07-31;504038;89641006.14;AÇÕES;Ação ordinária;N;Para negociação;100.00;2614.00;100.00;2720.00;11000.00;290510.00;;;;A??es - MULT3;;PJ;7816890000153;MULTIPLAN - EMPREEND IMOBILIARIOS S.A.;;;;;;;
FIIM;14.120.533/0001-11;CAIXA ETF IBOVESPA FUNDO DE ÍNDICE;2023-07-31;504038;89641006.14;AÇÕES;Ação ordinária;N;Para negociação;0.00;0.00;0.00;0.00;13900.00;97300.00;;;;A??es - PETZ3;;PJ;18328118000109;PET CENTER COMERCIO  E PARTICIPACOES S.A;;;;;;;
FIIM;14.120.533/0001-11;CAIXA ETF IBOVESPA FUNDO DE ÍNDICE;2023-07-31;504038;89641006.14;AÇÕES;Ação ordinária;N;Para negociação;400.00;1847.00;100.00;457.00;45143.00;213074.96;;;;A??es - CIEL3;;PJ;1027058000191;CIELO S.A.;;;;;;;
FIIM;14.120.533/0001-11;CAIXA ETF IBOVESPA FUNDO DE ÍNDICE;2023-07-31;504038;89641006.14;AÇÕES;Ação ordinária;N;Para negociação;0.00;0.00;0.00;0.00;2880.00;28598.40;;;;A??es - CASH3;;PJ;14110585000107;M?LIUZ S.A.;;;;;;;
FIIM;14.120.533/0001-11;CAIXA ETF IBOVESPA FUNDO DE ÍNDICE;2023-07-31;504038;89641006.14;AÇÕES;Ação ordinária;N;Para negociação;200.00;3574.00;100.00;1661.00;34604.00;632215.08;;;;A??es - NTCO3;;PJ;32785497000197;NATURA &CO HOLDING S.A.;;;;;;;
FIIM;14.120.533/0001-11;CAIXA ETF IBOVESPA FUNDO DE ÍNDICE;2023-07-31;504038;89641006.14;AÇÕES;Ação preferencial;N;Para negociação;900.00;8712.00;300.00;2880.00;207092.00;2033643.44;;;;A??es - ITSA4;;PJ;61532644000115;ITAUSA INVESTIMENTOS ITAU S.A.;;;;;;;
FIIM;14.120.533/0001-11;CAIXA ETF IBOVESPA FUNDO DE ÍNDICE;2023-07-31;504038;89641006.14;AÇÕES;Ação preferencial;N;Para negociação;0.00;0.00;0.00;0.00;10375.00;243708.75;;;;A??es - BRAP4;;PJ;3847461000192;BRADESPAR S.A.;;;;;;;
FIIM;14.120.533/0001-11;CAIXA ETF IBOVESPA FUNDO DE ÍNDICE;2023-07-31;504038;89641006.14;AÇÕES;Ação preferencial;N;Para negociação;1000.00;16330.00;700.00;11397.00;212592.00;3541782.72;;;;A??es - BBDC4;;PJ;60746948000112;BCO BRADESCO S.A.;;;;;;;
FIIM;14.120.533/0001-11;CAIXA ETF IBOVESPA FUNDO DE ÍNDICE;2023-07-31;504038;89641006.14;AÇÕES;Ação preferencial;N;Para negociação;800.00;23512.00;600.00;17640.00;188600.00;5867346.00;;;;A??es - PETR4;;PJ;33000167000101;PETROLEO BRASILEIRO S.A. PETROBRAS;;;;;;;
FIIM;14.120.533/0001-11;CAIXA ETF IBOVESPA FUNDO DE ÍNDICE;2023-07-31;504038;89641006.14;AÇÕES;Ação preferencial;N;Para negociação;400.00;1637.00;300.00;1278.00;49600.00;206336.00;;;;A??es - RAIZ4;;PJ;33453598000123;RAIZEN S.A.;;;;;;;
FIIM;14.120.533/0001-11;CAIXA ETF IBOVESPA FUNDO DE ÍNDICE;2023-07-31;504038;89641006.14;AÇÕES;Ação preferencial;N;Para negociação;200.00;5696.00;100.00;2636.00;45175.00;1321368.75;;;;A??es - GGBR4;;PJ;33611500000119;GERDAU S.A.;;;;;;;
FIIM;14.120.533/0001-11;CAIXA ETF IBOVESPA FUNDO DE ÍNDICE;2023-07-31;504038;89641006.14;AÇÕES;Ação preferencial;N;Para negociação;100.00;1768.00;0.00;0.00;13500.00;238950.00;;;;A??es - AZUL4;;PJ;9305994000129;AZUL S.A.;;;;;;;
FIIM;14.120.533/0001-11;CAIXA ETF IBOVESPA FUNDO DE ÍNDICE;2023-07-31;504038;89641006.14;AÇÕES;Ação preferencial;N;Para negociação;200.00;2504.00;100.00;1250.00;59564.00;754675.88;;;;A??es - CMIG4;;PJ;17155730000164;CIA ENERGETICA DE MINAS GERAIS - CEMIG;;;;;;;
FIIM;14.120.533/0001-11;CAIXA ETF IBOVESPA FUNDO DE ÍNDICE;2023-07-31;504038;89641006.14;AÇÕES;Ação preferencial;N;Para negociação;0.00;0.00;0.00;0.00;11000.00;279400.00;;;;A??es - BRKM5;;PJ;42150391000170;BRASKEM S.A.;;;;;;;
FIIM;14.120.533/0001-11;CAIXA ETF IBOVESPA FUNDO DE ÍNDICE;2023-07-31;504038;89641006.14;AÇÕES;Ação preferencial;N;Para negociação;800.00;22496.00;400.00;11392.00;198372.00;5681374.08;;;;A??es - ITUB4;;PJ;60872504000123;ITAU UNIBANCO HOLDING S.A.;;;;;;;
FIIM;14.120.533/0001-11;CAIXA ETF IBOVESPA FUNDO DE ÍNDICE;2023-07-31;504038;89641006.14;AÇÕES;Ação preferencial;N;Para negociação;100.00;749.00;100.00;734.00;21292.00;153941.16;;;;A??es - USIM5;;PJ;60894730000105;USINAS SID DE MINAS GERAIS S.A.-USIMINAS;;;;;;;
FIIM;14.120.533/0001-11;CAIXA ETF IBOVESPA FUNDO DE ÍNDICE;2023-07-31;504038;89641006.14;AÇÕES;Ação preferencial;N;Para negociação;200.00;2682.00;100.00;1247.00;27516.00;378345.00;;;;A??es - GOAU4;;PJ;92690783000109;METALURGICA GERDAU S.A.;;;;;;;
FIIM;14.120.533/0001-11;CAIXA ETF IBOVESPA FUNDO DE ÍNDICE;2023-07-31;504038;89641006.14;AÇÕES;Ação preferencial;N;Para negociação;0.00;0.00;0.00;0.00;11400.00;497382.00;;;;A??es - ELET6;;PJ;1180000126;CENTRAIS ELET BRAS S.A. - ELETROBRAS;;;;;;;
FIIM;14.120.533/0001-11;CAIXA ETF IBOVESPA FUNDO DE ÍNDICE;2023-07-31;504038;89641006.14;AÇÕES;Ação preferencial;N;Para negociação;200.00;1650.00;100.00;810.00;64600.00;540056.00;;;;A??es - CPLE6;;PJ;76483817000120;CIA PARANAENSE DE ENERGIA - COPEL;;;;;;;
FIIM;14.120.533/0001-11;CAIXA ETF IBOVESPA FUNDO DE ÍNDICE;2023-07-31;504038;89641006.14;AÇÕES;Ação preferencial;N;Para negociação;0.00;0.00;0.00;0.00;9000.00;86670.00;;;;A??es - GOLL4;;PJ;6164253000187;GOL LINHAS AEREAS INTELIGENTES S.A.;;;;;;;
FIIM;14.120.533/0001-11;CAIXA ETF IBOVESPA FUNDO DE ÍNDICE;2023-07-31;504038;89641006.14;AÇÕES;Ação preferencial;N;Para negociação;100.00;954.00;0.00;0.00;8300.00;79929.00;;;;A??es - ALPA4;;PJ;61079117000105;ALPARGATAS S.A.;;;;;;;
FIIM;14.120.533/0001-11;CAIXA ETF IBOVESPA FUNDO DE ÍNDICE;2023-07-31;504038;89641006.14;CERTIFICADO OU RECIBO DE DEPÓSITO DE VALORES MOBILIÁRIOS;Certificado de depósito de ações;N;Para negociação;100.00;2840.00;100.00;2950.00;14690.00;419546.40;;;;A??es - SANB11;;PJ;90400888000142;BCO SANTANDER (BRASIL) S.A.;;;;;;;
FIIM;14.120.533/0001-11;CAIXA ETF IBOVESPA FUNDO DE ÍNDICE;2023-07-31;504038;89641006.14;CERTIFICADO OU RECIBO DE DEPÓSITO DE VALORES MOBILIÁRIOS;Certificado de depósito de ações;N;Para negociação;100.00;3610.00;100.00;3703.00;9000.00;324000.00;;;;A??es - TAEE11;;PJ;7859971000130;TRANSMISSORA ALIAN?A DE ENERGIA EL?TRICA;;;;;;;
FIIM;14.120.533/0001-11;CAIXA ETF IBOVESPA FUNDO DE ÍNDICE;2023-07-31;504038;89641006.14;CERTIFICADO OU RECIBO DE DEPÓSITO DE VALORES MOBILIÁRIOS;Certificado de depósito de ações;N;Para negociação;0.00;0.00;0.00;0.00;10300.00;516957.00;;;;A??es - ENGI11;;PJ;864214000106;ENERGISA S.A.;;;;;;;
FIIM;14.120.533/0001-11;CAIXA ETF IBOVESPA FUNDO DE ÍNDICE;2023-07-31;504038;89641006.14;CERTIFICADO OU RECIBO DE DEPÓSITO DE VALORES MOBILIÁRIOS;Certificado de depósito de ações;N;Para negociação;100.00;2254.00;100.00;2162.00;29000.00;667000.00;;;;A??es - KLBN11;;PJ;89637490000145;KLABIN S.A.;;;;;;;
FIIM;14.120.533/0001-11;CAIXA ETF IBOVESPA FUNDO DE ÍNDICE;2023-07-31;504038;89641006.14;CERTIFICADO OU RECIBO DE DEPÓSITO DE VALORES MOBILIÁRIOS;Certificado de depósito de ações;N;Para negociação;200.00;6710.00;100.00;3085.00;50600.00;1720906.00;;;;A??es - BPAC11;;PJ;30306294000145;BCO BTG PACTUAL S.A.;;;;;;;
FIIM;14.120.533/0001-11;CAIXA ETF IBOVESPA FUNDO DE ÍNDICE;2023-07-31;504038;89641006.14;CERTIFICADO OU RECIBO DE DEPÓSITO DE VALORES MOBILIÁRIOS;Certificado de depósito de ações;N;Para negociação;0.00;0.00;0.00;0.00;8940.00;195607.20;;;;A??es - IGTI11;;PJ;60543816000193;JEREISSATI PARTICIPACOES S.A.;;;;;;;
FIIM;14.120.533/0001-11;CAIXA ETF IBOVESPA FUNDO DE ÍNDICE;2023-07-31;504038;89641006.14;COTAS DE FUNDOS;;S;;25606.73;191794.80;26849.04;201736.47;97183.77;733237.23;;;;;;PJ;5164375000100;FUNDO DE INVESTIMENTO CAIXA MASTER CONSERVADOR RENDA FIXA REFERENCIADO DI LONGO PRAZO;;;;;;;
FIIM;15.562.377/0001-01;ISHARES ÍNDICE CARBONO EFICIENTE (ICO2) BRASIL FUNDO DE ÍNDICE;2023-07-31;502250;31433237.73;AÇÕES;Ação ordinária;N;Para negociação;270.00;10616.40;193.00;7119.32;29057.00;1159955.44;;;WEGE3;;;;;;;;2004-08-02;;;;
FIIM;15.562.377/0001-01;ISHARES ÍNDICE CARBONO EFICIENTE (ICO2) BRASIL FUNDO DE ÍNDICE;2023-07-31;502250;31433237.73;AÇÕES;Ação ordinária;N;Para negociação;766.00;2569.55;426.00;1383.22;90339.00;302635.65;;;COGN3;;;;;;;;2019-10-11;;;;
FIIM;15.562.377/0001-01;ISHARES ÍNDICE CARBONO EFICIENTE (ICO2) BRASIL FUNDO DE ÍNDICE;2023-07-31;502250;31433237.73;AÇÕES;Ação ordinária;N;Para negociação;28.00;221.48;0.00;0.00;10360.00;86713.20;;;DXCO3;;;;;;;;2021-08-19;;;;
FIIM;15.562.377/0001-01;ISHARES ÍNDICE CARBONO EFICIENTE (ICO2) BRASIL FUNDO DE ÍNDICE;2023-07-31;502250;31433237.73;AÇÕES;Ação ordinária;N;Para negociação;786.00;11743.47;595.00;8809.70;85267.00;1267067.62;;;ABEV3;;;;;;;;2013-11-11;;;;
FIIM;15.562.377/0001-01;ISHARES ÍNDICE CARBONO EFICIENTE (ICO2) BRASIL FUNDO DE ÍNDICE;2023-07-31;502250;31433237.73;AÇÕES;Ação ordinária;N;Para negociação;34.00;1523.56;21.00;929.88;2447.00;107765.88;;;EGIE3;;;;;;;;2016-07-21;;;;
FIIM;15.562.377/0001-01;ISHARES ÍNDICE CARBONO EFICIENTE (ICO2) BRASIL FUNDO DE ÍNDICE;2023-07-31;502250;31433237.73;AÇÕES;Ação ordinária;N;Para negociação;278.00;3707.76;202.00;2721.57;30315.00;408343.05;;;ASAI3;;;;;;;;2021-03-01;;;;
FIIM;15.562.377/0001-01;ISHARES ÍNDICE CARBONO EFICIENTE (ICO2) BRASIL FUNDO DE ÍNDICE;2023-07-31;502250;31433237.73;AÇÕES;Ação ordinária;N;Para negociação;299.00;5704.13;217.00;4149.74;26400.00;498696.00;;;UGPA3;;;;;;;;1999-10-13;;;;
FIIM;15.562.377/0001-01;ISHARES ÍNDICE CARBONO EFICIENTE (ICO2) BRASIL FUNDO DE ÍNDICE;2023-07-31;502250;31433237.73;AÇÕES;Ação ordinária;N;Para negociação;46.00;2082.18;41.00;1868.86;4568.00;197611.68;;;HYPE3;;;;;;;;2008-04-18;;;;
FIIM;15.562.377/0001-01;ISHARES ÍNDICE CARBONO EFICIENTE (ICO2) BRASIL FUNDO DE ÍNDICE;2023-07-31;502250;31433237.73;AÇÕES;Ação ordinária;N;Para negociação;74.00;1610.98;46.00;904.81;10208.00;221819.84;;;EZTC3;;;;;;;;2007-06-22;;;;
FIIM;15.562.377/0001-01;ISHARES ÍNDICE CARBONO EFICIENTE (ICO2) BRASIL FUNDO DE ÍNDICE;2023-07-31;502250;31433237.73;AÇÕES;Ação ordinária;N;Para negociação;0.00;0.00;659.00;7763.22;2448.00;29229.12;;;VAMO3;;;;;;;;2021-01-29;;;;
FIIM;15.562.377/0001-01;ISHARES ÍNDICE CARBONO EFICIENTE (ICO2) BRASIL FUNDO DE ÍNDICE;2023-07-31;502250;31433237.73;AÇÕES;Ação ordinária;N;Para negociação;45.00;1884.68;47.00;1859.64;976.00;42602.40;;;SLCE3;;;;;;;;2007-06-15;;;;
FIIM;15.562.377/0001-01;ISHARES ÍNDICE CARBONO EFICIENTE (ICO2) BRASIL FUNDO DE ÍNDICE;2023-07-31;502250;31433237.73;AÇÕES;Ação ordinária;N;Para negociação;139.00;4950.58;90.00;2973.02;14245.00;512820.00;;;RDOR3;;;;;;;;2021-06-25;;;;
FIIM;15.562.377/0001-01;ISHARES ÍNDICE CARBONO EFICIENTE (ICO2) BRASIL FUNDO DE ÍNDICE;2023-07-31;502250;31433237.73;AÇÕES;Ação ordinária;N;Para negociação;28.00;2336.45;25.00;2013.83;2922.00;240772.80;;;ARZZ3;;;;;;;;2011-02-02;;;;
FIIM;15.562.377/0001-01;ISHARES ÍNDICE CARBONO EFICIENTE (ICO2) BRASIL FUNDO DE ÍNDICE;2023-07-31;502250;31433237.73;AÇÕES;Ação ordinária;N;Para negociação;0.00;0.00;0.00;0.00;4561.00;60980.57;;;ENEV3;;;;;;;;2013-10-22;;;;
FIIM;15.562.377/0001-01;ISHARES ÍNDICE CARBONO EFICIENTE (ICO2) BRASIL FUNDO DE ÍNDICE;2023-07-31;502250;31433237.73;AÇÕES;Ação ordinária;N;Para negociação;0.00;0.00;0.00;0.00;1845.00;38191.50;;;PCAR3;;;;;;;;1995-10-03;;;;
FIIM;15.562.377/0001-01;ISHARES ÍNDICE CARBONO EFICIENTE (ICO2) BRASIL FUNDO DE ÍNDICE;2023-07-31;502250;31433237.73;AÇÕES;Ação ordinária;N;Para negociação;0.00;0.00;0.00;0.00;19760.00;87932.00;;;CMIN3;;;;;;;;2021-05-03;;;;
FIIM;15.562.377/0001-01;ISHARES ÍNDICE CARBONO EFICIENTE (ICO2) BRASIL FUNDO DE ÍNDICE;2023-07-31;502250;31433237.73;AÇÕES;Ação ordinária;N;Para negociação;320.00;5659.99;232.00;4123.95;28659.00;490928.67;;;VBBR3;;;;;;;;2021-10-22;;;;
FIIM;15.562.377/0001-01;ISHARES ÍNDICE CARBONO EFICIENTE (ICO2) BRASIL FUNDO DE ÍNDICE;2023-07-31;502250;31433237.73;AÇÕES;Ação ordinária;N;Para negociação;209.00;4936.64;178.00;4029.59;20031.00;465520.44;;;RAIL3;;;;;;;;2017-03-13;;;;
FIIM;15.562.377/0001-01;ISHARES ÍNDICE CARBONO EFICIENTE (ICO2) BRASIL FUNDO DE ÍNDICE;2023-07-31;502250;31433237.73;AÇÕES;Ação ordinária;N;Para negociação;97.00;921.50;99.00;954.42;16224.00;163700.16;;;BEEF3;;;;;;;;2007-07-20;;;;
FIIM;15.562.377/0001-01;ISHARES ÍNDICE CARBONO EFICIENTE (ICO2) BRASIL FUNDO DE ÍNDICE;2023-07-31;502250;31433237.73;AÇÕES;Ação ordinária;N;Para negociação;28.00;929.60;29.00;956.04;1020.00;34139.40;;;SMTO3;;;;;;;;2007-02-12;;;;
FIIM;15.562.377/0001-01;ISHARES ÍNDICE CARBONO EFICIENTE (ICO2) BRASIL FUNDO DE ÍNDICE;2023-07-31;502250;31433237.73;AÇÕES;Ação ordinária;N;Para negociação;0.00;0.00;0.00;0.00;652.00;27207.96;;;MDIA3;;;;;;;;2006-10-18;;;;
FIIM;15.562.377/0001-01;ISHARES ÍNDICE CARBONO EFICIENTE (ICO2) BRASIL FUNDO DE ÍNDICE;2023-07-31;502250;31433237.73;AÇÕES;Ação ordinária;N;Para negociação;171.00;3508.77;137.00;2724.30;20175.00;447683.25;;;YDUQ3;;;;;;;;2019-07-23;;;;
FIIM;15.562.377/0001-01;ISHARES ÍNDICE CARBONO EFICIENTE (ICO2) BRASIL FUNDO DE ÍNDICE;2023-07-31;502250;31433237.73;AÇÕES;Ação ordinária;N;Para negociação;203.00;3675.51;111.00;1913.64;25009.00;469669.02;;;JBSS3;;;;;;;;2007-03-29;;;;
FIIM;15.562.377/0001-01;ISHARES ÍNDICE CARBONO EFICIENTE (ICO2) BRASIL FUNDO DE ÍNDICE;2023-07-31;502250;31433237.73;AÇÕES;Ação ordinária;N;Para negociação;213.00;1704.00;144.00;895.41;25902.00;212655.42;;;ECOR3;;;;;;;;2010-04-01;;;;
FIIM;15.562.377/0001-01;ISHARES ÍNDICE CARBONO EFICIENTE (ICO2) BRASIL FUNDO DE ÍNDICE;2023-07-31;502250;31433237.73;AÇÕES;Ação ordinária;N;Para negociação;258.00;1855.42;165.00;1221.02;23108.00;171461.36;;;MRFG3;;;;;;;;2007-06-28;;;;
FIIM;15.562.377/0001-01;ISHARES ÍNDICE CARBONO EFICIENTE (ICO2) BRASIL FUNDO DE ÍNDICE;2023-07-31;502250;31433237.73;AÇÕES;Ação ordinária;N;Para negociação;241.00;3272.42;180.00;2469.36;25735.00;342018.15;;;CCRO3;;;;;;;;2002-02-01;;;;
FIIM;15.562.377/0001-01;ISHARES ÍNDICE CARBONO EFICIENTE (ICO2) BRASIL FUNDO DE ÍNDICE;2023-07-31;502250;31433237.73;AÇÕES;Ação ordinária;N;Para negociação;118.00;3542.02;92.00;2765.21;13772.00;407238.04;;;TOTS3;;;;;;;;2006-03-09;;;;
FIIM;15.562.377/0001-01;ISHARES ÍNDICE CARBONO EFICIENTE (ICO2) BRASIL FUNDO DE ÍNDICE;2023-07-31;502250;31433237.73;AÇÕES;Ação ordinária;N;Para negociação;102.00;4695.08;68.00;3058.00;10372.00;498582.04;;;SUZB3;;;;;;;;2004-08-05;;;;
FIIM;15.562.377/0001-01;ISHARES ÍNDICE CARBONO EFICIENTE (ICO2) BRASIL FUNDO DE ÍNDICE;2023-07-31;502250;31433237.73;AÇÕES;Ação ordinária;N;Para negociação;257.00;12457.99;183.00;8889.94;28043.00;1351392.17;;;BBAS3;;;;;;;;1973-05-31;;;;
FIIM;15.562.377/0001-01;ISHARES ÍNDICE CARBONO EFICIENTE (ICO2) BRASIL FUNDO DE ÍNDICE;2023-07-31;502250;31433237.73;AÇÕES;Ação ordinária;N;Para negociação;84.00;2258.26;51.00;1396.36;9138.00;241334.58;;;MULT3;;;;;;;;2007-07-27;;;;
FIIM;15.562.377/0001-01;ISHARES ÍNDICE CARBONO EFICIENTE (ICO2) BRASIL FUNDO DE ÍNDICE;2023-07-31;502250;31433237.73;AÇÕES;Ação ordinária;N;Para negociação;40.00;1443.60;26.00;925.59;5865.00;209849.70;;;CPFE3;;;;;;;;2004-09-29;;;;
FIIM;15.562.377/0001-01;ISHARES ÍNDICE CARBONO EFICIENTE (ICO2) BRASIL FUNDO DE ÍNDICE;2023-07-31;502250;31433237.73;AÇÕES;Ação ordinária;N;Para negociação;4377.00;103866.21;0.00;0.00;0.00;0.00;;;ENBR3;;;;;;;;2005-07-13;;;;
FIIM;15.562.377/0001-01;ISHARES ÍNDICE CARBONO EFICIENTE (ICO2) BRASIL FUNDO DE ÍNDICE;2023-07-31;502250;31433237.73;AÇÕES;Ação ordinária;N;Para negociação;0.00;0.00;987.00;13956.18;4811.00;66872.90;;;MRVE3;;;;;;;;2007-07-23;;;;
FIIM;15.562.377/0001-01;ISHARES ÍNDICE CARBONO EFICIENTE (ICO2) BRASIL FUNDO DE ÍNDICE;2023-07-31;502250;31433237.73;AÇÕES;Ação ordinária;N;Para negociação;264.00;5245.67;221.00;4197.34;25495.00;508370.30;;;CSAN3;;;;;;;;2005-11-18;;;;
FIIM;15.562.377/0001-01;ISHARES ÍNDICE CARBONO EFICIENTE (ICO2) BRASIL FUNDO DE ÍNDICE;2023-07-31;502250;31433237.73;AÇÕES;Ação ordinária;N;Para negociação;150.00;2417.89;129.00;2060.62;16001.00;257776.11;;;FLRY3;;;;;;;;2009-12-17;;;;
FIIM;15.562.377/0001-01;ISHARES ÍNDICE CARBONO EFICIENTE (ICO2) BRASIL FUNDO DE ÍNDICE;2023-07-31;502250;31433237.73;AÇÕES;Ação ordinária;N;Para negociação;185.00;3594.56;109.00;2055.73;24548.00;460275.00;;;LREN3;;;;;;;;1973-07-24;;;;
FIIM;15.562.377/0001-01;ISHARES ÍNDICE CARBONO EFICIENTE (ICO2) BRASIL FUNDO DE ÍNDICE;2023-07-31;502250;31433237.73;AÇÕES;Ação ordinária;N;Para negociação;94.00;946.35;19018.00;163143.38;53254.00;519759.04;;;BRFS3;;;;;;;;2009-12-10;;;;
FIIM;15.562.377/0001-01;ISHARES ÍNDICE CARBONO EFICIENTE (ICO2) BRASIL FUNDO DE ÍNDICE;2023-07-31;502250;31433237.73;AÇÕES;Ação ordinária;N;Para negociação;329.00;13013.89;234.00;9131.33;35913.00;1388037.45;;;ELET3;;;;;;;;1983-09-01;;;;
FIIM;15.562.377/0001-01;ISHARES ÍNDICE CARBONO EFICIENTE (ICO2) BRASIL FUNDO DE ÍNDICE;2023-07-31;502250;31433237.73;AÇÕES;Ação ordinária;N;Para negociação;149.00;1988.09;151.00;1876.97;7868.00;108893.12;;;CSNA3;;;;;;;;1993-08-02;;;;
FIIM;15.562.377/0001-01;ISHARES ÍNDICE CARBONO EFICIENTE (ICO2) BRASIL FUNDO DE ÍNDICE;2023-07-31;502250;31433237.73;AÇÕES;Ação ordinária;N;Para negociação;998.00;2115.76;875.00;1840.90;93791.00;202588.56;;;VIIA3;;;;;;;;2021-08-16;;;;
FIIM;15.562.377/0001-01;ISHARES ÍNDICE CARBONO EFICIENTE (ICO2) BRASIL FUNDO DE ÍNDICE;2023-07-31;502250;31433237.73;AÇÕES;Ação ordinária;N;Para negociação;158.00;2881.20;83.00;1495.14;18861.00;349117.11;;;EMBR3;;;;;;;;1989-08-28;;;;
FIIM;15.562.377/0001-01;ISHARES ÍNDICE CARBONO EFICIENTE (ICO2) BRASIL FUNDO DE ÍNDICE;2023-07-31;502250;31433237.73;AÇÕES;Ação ordinária;N;Para negociação;76.00;913.52;77.00;930.16;2922.00;32843.28;;;SOMA3;;;;;;;;2020-07-31;;;;
FIIM;15.562.377/0001-01;ISHARES ÍNDICE CARBONO EFICIENTE (ICO2) BRASIL FUNDO DE ÍNDICE;2023-07-31;502250;31433237.73;AÇÕES;Ação ordinária;N;Para negociação;53.00;2276.02;44.00;1857.03;5006.00;210802.66;;;VIVT3;;;;;;;;2011-10-06;;;;
FIIM;15.562.377/0001-01;ISHARES ÍNDICE CARBONO EFICIENTE (ICO2) BRASIL FUNDO DE ÍNDICE;2023-07-31;502250;31433237.73;AÇÕES;Ação ordinária;N;Para negociação;399.00;5885.52;288.00;4192.04;36439.00;541119.15;;;BBDC3;;;;;;;;1973-12-06;;;;
FIIM;15.562.377/0001-01;ISHARES ÍNDICE CARBONO EFICIENTE (ICO2) BRASIL FUNDO DE ÍNDICE;2023-07-31;502250;31433237.73;AÇÕES;Ação ordinária;N;Para negociação;122.00;1789.73;93.00;1301.07;22698.00;325489.32;;;TIMS3;;;;;;;;2020-10-13;;;;
FIIM;15.562.377/0001-01;ISHARES ÍNDICE CARBONO EFICIENTE (ICO2) BRASIL FUNDO DE ÍNDICE;2023-07-31;502250;31433237.73;AÇÕES;Ação ordinária;N;Para negociação;0.00;0.00;0.00;0.00;11782.00;55611.04;;;CIEL3;;;;;;;;2009-12-18;;;;
FIIM;15.562.377/0001-01;ISHARES ÍNDICE CARBONO EFICIENTE (ICO2) BRASIL FUNDO DE ÍNDICE;2023-07-31;502250;31433237.73;AÇÕES;Ação ordinária;N;Para negociação;240.00;4181.86;170.00;2822.07;25804.00;471439.08;;;NTCO3;;;;;;;;2019-12-18;;;;
FIIM;15.562.377/0001-01;ISHARES ÍNDICE CARBONO EFICIENTE (ICO2) BRASIL FUNDO DE ÍNDICE;2023-07-31;502250;31433237.73;AÇÕES;Ação ordinária;N;Para negociação;260.00;7452.80;189.00;5380.10;26706.00;773672.82;;;RADL3;;;;;;;;2011-12-19;;;;
FIIM;15.562.377/0001-01;ISHARES ÍNDICE CARBONO EFICIENTE (ICO2) BRASIL FUNDO DE ÍNDICE;2023-07-31;502250;31433237.73;AÇÕES;Ação ordinária;N;Para negociação;226.00;7692.91;165.00;5458.99;23280.00;810376.80;;;PETR3;;;;;;;;1973-09-18;;;;
FIIM;15.562.377/0001-01;ISHARES ÍNDICE CARBONO EFICIENTE (ICO2) BRASIL FUNDO DE ÍNDICE;2023-07-31;502250;31433237.73;AÇÕES;Ação ordinária;N;Para negociação;233.00;2345.58;152.00;1556.00;25910.00;248995.10;;;STBP3;;;;;;;;2007-11-21;;;;
FIIM;15.562.377/0001-01;ISHARES ÍNDICE CARBONO EFICIENTE (ICO2) BRASIL FUNDO DE ÍNDICE;2023-07-31;502250;31433237.73;AÇÕES;Ação ordinária;N;Para negociação;87.00;936.12;87.00;970.82;2067.00;23584.47;;;MOVI3;;;;;;;;2017-02-08;;;;
FIIM;15.562.377/0001-01;ISHARES ÍNDICE CARBONO EFICIENTE (ICO2) BRASIL FUNDO DE ÍNDICE;2023-07-31;502250;31433237.73;AÇÕES;Ação ordinária;N;Para negociação;1016.00;14984.99;718.00;10202.60;112516.00;1676488.40;;;B3SA3;;;;;;;;2018-03-26;;;;
FIIM;15.562.377/0001-01;ISHARES ÍNDICE CARBONO EFICIENTE (ICO2) BRASIL FUNDO DE ÍNDICE;2023-07-31;502250;31433237.73;AÇÕES;Ação ordinária;N;Para negociação;739.00;2307.99;473.00;1447.38;86403.00;289450.05;;;MGLU3;;;;;;;;2011-05-02;;;;
FIIM;15.562.377/0001-01;ISHARES ÍNDICE CARBONO EFICIENTE (ICO2) BRASIL FUNDO DE ÍNDICE;2023-07-31;502250;31433237.73;AÇÕES;Ação ordinária;N;Para negociação;0.00;0.00;0.00;0.00;2734.00;14490.20;;;CBAV3;;;;;;;;2021-07-15;;;;
FIIM;15.562.377/0001-01;ISHARES ÍNDICE CARBONO EFICIENTE (ICO2) BRASIL FUNDO DE ÍNDICE;2023-07-31;502250;31433237.73;AÇÕES;Ação ordinária;N;Para negociação;48.00;1392.96;32.00;930.01;7800.00;223314.00;;;PSSA3;;;;;;;;2004-11-22;;;;
FIIM;15.562.377/0001-01;ISHARES ÍNDICE CARBONO EFICIENTE (ICO2) BRASIL FUNDO DE ÍNDICE;2023-07-31;502250;31433237.73;AÇÕES;Ação ordinária;N;Para negociação;99.00;6736.95;1331.00;93234.51;15822.00;1063554.84;;;RENT3;;;;;;;;2005-05-23;;;;
FIIM;15.562.377/0001-01;ISHARES ÍNDICE CARBONO EFICIENTE (ICO2) BRASIL FUNDO DE ÍNDICE;2023-07-31;502250;31433237.73;AÇÕES;Ação ordinária;N;Para negociação;94.00;1320.70;64.00;910.72;13077.00;183078.00;;;AURE3;;;;;;;;2022-03-28;;;;
FIIM;15.562.377/0001-01;ISHARES ÍNDICE CARBONO EFICIENTE (ICO2) BRASIL FUNDO DE ÍNDICE;2023-07-31;502250;31433237.73;AÇÕES;Ação preferencial;N;Para negociação;38.00;963.30;37.00;924.42;4217.00;107111.80;;;BRKM5;;;;;;;;2002-09-02;;;;
FIIM;15.562.377/0001-01;ISHARES ÍNDICE CARBONO EFICIENTE (ICO2) BRASIL FUNDO DE ÍNDICE;2023-07-31;502250;31433237.73;AÇÕES;Ação preferencial;N;Para negociação;907.00;15024.38;642.00;10521.65;100286.00;1670764.76;;;BBDC4;;;;;;;;1973-12-06;;;;
FIIM;15.562.377/0001-01;ISHARES ÍNDICE CARBONO EFICIENTE (ICO2) BRASIL FUNDO DE ÍNDICE;2023-07-31;502250;31433237.73;AÇÕES;Ação preferencial;N;Para negociação;183.00;5188.95;121.00;3263.99;19443.00;568707.75;;;GGBR4;;;;;;;;2001-02-01;;;;
FIIM;15.562.377/0001-01;ISHARES ÍNDICE CARBONO EFICIENTE (ICO2) BRASIL FUNDO DE ÍNDICE;2023-07-31;502250;31433237.73;AÇÕES;Ação preferencial;N;Para negociação;257.00;7832.80;167.00;4900.69;28704.00;892981.44;;;PETR4;;;;;;;;1973-09-18;;;;
FIIM;15.562.377/0001-01;ISHARES ÍNDICE CARBONO EFICIENTE (ICO2) BRASIL FUNDO DE ÍNDICE;2023-07-31;502250;31433237.73;AÇÕES;Ação preferencial;N;Para negociação;22.00;975.26;0.00;0.00;4893.00;213481.59;;;ELET6;;;;;;;;1974-11-13;;;;
FIIM;15.562.377/0001-01;ISHARES ÍNDICE CARBONO EFICIENTE (ICO2) BRASIL FUNDO DE ÍNDICE;2023-07-31;502250;31433237.73;AÇÕES;Ação preferencial;N;Para negociação;253.00;1895.22;124.00;910.15;9127.00;65988.21;;;USIM5;;;;;;;;1999-02-02;;;;
FIIM;15.562.377/0001-01;ISHARES ÍNDICE CARBONO EFICIENTE (ICO2) BRASIL FUNDO DE ÍNDICE;2023-07-31;502250;31433237.73;AÇÕES;Ação preferencial;N;Para negociação;541.00;2276.72;447.00;1943.93;53589.00;222930.24;;;RAIZ4;;;;;;;;2021-08-05;;;;
FIIM;15.562.377/0001-01;ISHARES ÍNDICE CARBONO EFICIENTE (ICO2) BRASIL FUNDO DE ÍNDICE;2023-07-31;502250;31433237.73;AÇÕES;Ação preferencial;N;Para negociação;190.00;1857.61;108.00;1036.80;16262.00;159692.84;;;ITSA4;;;;;;;;1973-09-17;;;;
FIIM;15.562.377/0001-01;ISHARES ÍNDICE CARBONO EFICIENTE (ICO2) BRASIL FUNDO DE ÍNDICE;2023-07-31;502250;31433237.73;AÇÕES;Ação preferencial;N;Para negociação;825.00;23834.50;587.00;16729.11;90082.00;2579948.48;;;ITUB4;;;;;;;;2009-05-20;;;;
FIIM;15.562.377/0001-01;ISHARES ÍNDICE CARBONO EFICIENTE (ICO2) BRASIL FUNDO DE ÍNDICE;2023-07-31;502250;31433237.73;AÇÕES;Ação preferencial;N;Para negociação;75.00;1897.87;37.00;921.67;7040.00;176704.00;;;TRPL4;;;;;;;;1999-07-26;;;;
FIIM;15.562.377/0001-01;ISHARES ÍNDICE CARBONO EFICIENTE (ICO2) BRASIL FUNDO DE ÍNDICE;2023-07-31;502250;31433237.73;AÇÕES;Ação preferencial;N;Para negociação;0.00;0.00;0.00;0.00;1627.00;15668.01;;;GOLL4;;;;;;;;2004-06-24;;;;
FIIM;15.562.377/0001-01;ISHARES ÍNDICE CARBONO EFICIENTE (ICO2) BRASIL FUNDO DE ÍNDICE;2023-07-31;502250;31433237.73;AÇÕES;Ação preferencial;N;Para negociação;279.00;3543.72;217.00;2736.26;32803.00;415614.01;;;CMIG4;;;;;;;;1973-08-20;;;;
FIIM;15.562.377/0001-01;ISHARES ÍNDICE CARBONO EFICIENTE (ICO2) BRASIL FUNDO DE ÍNDICE;2023-07-31;502250;31433237.73;AÇÕES;Ação preferencial;N;Para negociação;205.00;1754.80;114.00;922.26;34703.00;290117.08;;;CPLE6;;;;;;;;1996-11-14;;;;
FIIM;15.562.377/0001-01;ISHARES ÍNDICE CARBONO EFICIENTE (ICO2) BRASIL FUNDO DE ÍNDICE;2023-07-31;502250;31433237.73;AÇÕES;Ação preferencial;N;Para negociação;0.00;0.00;0.00;0.00;2579.00;45648.30;;;AZUL4;;;;;;;;2017-04-11;;;;
FIIM;15.562.377/0001-01;ISHARES ÍNDICE CARBONO EFICIENTE (ICO2) BRASIL FUNDO DE ÍNDICE;2023-07-31;502250;31433237.73;DISPONIBILIDADES;Outros;;Para negociação;;;;;;10090.35;;;;Disponibilidade;;;;;;;;;;;
FIIM;15.562.377/0001-01;ISHARES ÍNDICE CARBONO EFICIENTE (ICO2) BRASIL FUNDO DE ÍNDICE;2023-07-31;502250;31433237.73;VALORES A PAGAR;Outros;;Para negociação;;;;;;27992.67;;;;Valores a Pagar;;;;;;;;;;;
FIIM;15.562.377/0001-01;ISHARES ÍNDICE CARBONO EFICIENTE (ICO2) BRASIL FUNDO DE ÍNDICE;2023-07-31;502250;31433237.73;VALORES A RECEBER;Outros;;Para negociação;;;;;;327588.71;;;;Valores a Receber;;;;;;;;;;;
FIIM;15.562.377/0001-01;ISHARES ÍNDICE CARBONO EFICIENTE (ICO2) BRASIL FUNDO DE ÍNDICE;2023-07-31;502250;31433237.73;AÇÕES E OUTROS TVM CEDIDOS EM EMPRÉSTIMO;Certificado de depósito de ações;N;Para negociação;;;;;27092.00;921398.92;;;;BPAC11;;PJ;30306294000145;BANCO BTG PACTUAL S.A.;;;;;;;
FIIM;15.562.377/0001-01;ISHARES ÍNDICE CARBONO EFICIENTE (ICO2) BRASIL FUNDO DE ÍNDICE;2023-07-31;502250;31433237.73;OPERAÇÕES COMPROMISSADAS;;N;Para negociação;;;;;15.00;14243.49;;;;;2024-01-01;;;;;100000;;;;;
FIIM;15.562.377/0001-01;ISHARES ÍNDICE CARBONO EFICIENTE (ICO2) BRASIL FUNDO DE ÍNDICE;2023-07-31;502250;31433237.73;CERTIFICADO OU RECIBO DE DEPÓSITO DE VALORES MOBILIÁRIOS;Certificado de depósito de ações;N;Para negociação;;;;;12393.00;285039.00;;;KLBN11;;;;;;;;2014-01-10;;;;
FIIM;15.562.377/0001-01;ISHARES ÍNDICE CARBONO EFICIENTE (ICO2) BRASIL FUNDO DE ÍNDICE;2023-07-31;502250;31433237.73;CERTIFICADO OU RECIBO DE DEPÓSITO DE VALORES MOBILIÁRIOS;Certificado de depósito de ações;N;Para negociação;;;;;5220.00;187920.00;;;TAEE11;;;;;;;;2012-05-28;;;;
FIIM;15.562.377/0001-01;ISHARES ÍNDICE CARBONO EFICIENTE (ICO2) BRASIL FUNDO DE ÍNDICE;2023-07-31;502250;31433237.73;CERTIFICADO OU RECIBO DE DEPÓSITO DE VALORES MOBILIÁRIOS;Certificado de depósito de ações;N;Para negociação;;;;;2715.00;59404.20;;;IGTI11;;;;;;;;2021-11-22;;;;
FIIM;15.562.377/0001-01;ISHARES ÍNDICE CARBONO EFICIENTE (ICO2) BRASIL FUNDO DE ÍNDICE;2023-07-31;502250;31433237.73;CERTIFICADO OU RECIBO DE DEPÓSITO DE VALORES MOBILIÁRIOS;Certificado de depósito de ações;N;Para negociação;;;;;10855.00;310018.80;;;SANB11;;;;;;;;2009-10-07;;;;
FIIM;15.562.377/0001-01;ISHARES ÍNDICE CARBONO EFICIENTE (ICO2) BRASIL FUNDO DE ÍNDICE;2023-07-31;502250;31433237.73;CERTIFICADO OU RECIBO DE DEPÓSITO DE VALORES MOBILIÁRIOS;Certificado de depósito de ações;N;Para negociação;;;;;6329.00;317652.51;;;ENGI11;;;;;;;;2009-11-03;;;;
FIIM;17.036.289/0001-00;IT NOW S&P500® TRN FUNDO DE ÍNDICE;2023-07-31;501303;596473693.69;DISPONIBILIDADES;;;Para negociação;;;;;;6302136.98;;;DISPONIBILIDADES;;;;;;;;;;;;
FIIM;17.036.289/0001-00;IT NOW S&P500® TRN FUNDO DE ÍNDICE;2023-07-31;501303;596473693.69;VALORES A PAGAR;;;Para negociação;;;;;;6596756.77;;;VALORES A PAGAR;;;;;;;;;;;;
FIIM;17.036.289/0001-00;IT NOW S&P500® TRN FUNDO DE ÍNDICE;2023-07-31;501303;596473693.69;VALORES A RECEBER;;;Para negociação;;;;;;323976.39;;;VALORES A RECEBER;;;;;;;;;;;;
FIIM;17.036.289/0001-00;IT NOW S&P500® TRN FUNDO DE ÍNDICE;2023-07-31;501303;596473693.69;INVESTIMENTO NO EXTERIOR;;N;Para negociação;0.00;0.00;12525.00;5057626.68;299375.00;596444337.09;;;;;;;;VANGUARD S&P 500 ETF - 299375;;;2049-12-31;;;;
FIIM;17.817.528/0001-50;BB ETF S&P DIVIDENDOS BRASIL FUNDO DE ÍNDICE;2023-07-31;507665;10033300.47;AÇÕES;Ação ordinária;N;Para negociação;0.00;0.00;1800.00;16616.18;32100.00;313938.00;;;SIMH3;;;;;;;;2020-09-18;;;;
FIIM;17.817.528/0001-50;BB ETF S&P DIVIDENDOS BRASIL FUNDO DE ÍNDICE;2023-07-31;507665;10033300.47;AÇÕES;Ação ordinária;N;Para negociação;0.00;0.00;600.00;11735.76;12300.00;267279.00;;;EZTC3;;;;;;;;2007-06-22;;;;
FIIM;17.817.528/0001-50;BB ETF S&P DIVIDENDOS BRASIL FUNDO DE ÍNDICE;2023-07-31;507665;10033300.47;AÇÕES;Ação ordinária;N;Para negociação;0.00;0.00;700.00;13701.73;13300.00;280630.00;;;DIRR3;;;;;;;;2009-11-19;;;;
FIIM;17.817.528/0001-50;BB ETF S&P DIVIDENDOS BRASIL FUNDO DE ÍNDICE;2023-07-31;507665;10033300.47;AÇÕES;Ação ordinária;N;Para negociação;15800.00;373711.64;300.00;7098.55;0.00;0.00;;;ENBR3;;;;;;;;2005-07-13;;;;
FIIM;17.817.528/0001-50;BB ETF S&P DIVIDENDOS BRASIL FUNDO DE ÍNDICE;2023-07-31;507665;10033300.47;AÇÕES;Ação ordinária;N;Para negociação;0.00;0.00;300.00;12148.99;4190.00;182893.50;;;SLCE3;;;;;;;;2007-06-15;;;;
FIIM;17.817.528/0001-50;BB ETF S&P DIVIDENDOS BRASIL FUNDO DE ÍNDICE;2023-07-31;507665;10033300.47;AÇÕES;Ação ordinária;N;Para negociação;0.00;0.00;1300.00;10124.98;24080.00;201549.60;;;DXCO3;;;;;;;;2021-08-19;;;;
FIIM;17.817.528/0001-50;BB ETF S&P DIVIDENDOS BRASIL FUNDO DE ÍNDICE;2023-07-31;507665;10033300.47;AÇÕES;Ação ordinária;N;Para negociação;0.00;0.00;300.00;10027.05;4900.00;164003.00;;;SMTO3;;;;;;;;2007-02-12;;;;
FIIM;17.817.528/0001-50;BB ETF S&P DIVIDENDOS BRASIL FUNDO DE ÍNDICE;2023-07-31;507665;10033300.47;AÇÕES;Ação ordinária;N;Para negociação;0.00;0.00;700.00;14766.26;13000.00;254150.00;;;NEOE3;;;;;;;;2017-10-05;;;;
FIIM;17.817.528/0001-50;BB ETF S&P DIVIDENDOS BRASIL FUNDO DE ÍNDICE;2023-07-31;507665;10033300.47;AÇÕES;Ação ordinária;N;Para negociação;0.00;0.00;600.00;21258.46;10300.00;368534.00;;;CPFE3;;;;;;;;2004-09-29;;;;
FIIM;17.817.528/0001-50;BB ETF S&P DIVIDENDOS BRASIL FUNDO DE ÍNDICE;2023-07-31;507665;10033300.47;AÇÕES;Ação ordinária;N;Para negociação;0.00;0.00;600.00;8936.36;11300.00;167918.00;;;ABEV3;;;;;;;;2013-11-11;;;;
FIIM;17.817.528/0001-50;BB ETF S&P DIVIDENDOS BRASIL FUNDO DE ÍNDICE;2023-07-31;507665;10033300.47;AÇÕES;Ação ordinária;S;Para negociação;0.00;0.00;400.00;19374.57;7600.00;366244.00;;;BBAS3;;;;;;;;1997-09-30;;;;
FIIM;17.817.528/0001-50;BB ETF S&P DIVIDENDOS BRASIL FUNDO DE ÍNDICE;2023-07-31;507665;10033300.47;AÇÕES;Ação ordinária;N;Para negociação;0.00;0.00;900.00;16883.27;17300.00;324894.00;;;JBSS3;;;;;;;;2007-03-29;;;;
FIIM;17.817.528/0001-50;BB ETF S&P DIVIDENDOS BRASIL FUNDO DE ÍNDICE;2023-07-31;507665;10033300.47;AÇÕES;Ação ordinária;N;Para negociação;0.00;0.00;100.00;6876.53;2456.00;169856.96;;;VALE3;;;;;;;;1997-07-24;;;;
FIIM;17.817.528/0001-50;BB ETF S&P DIVIDENDOS BRASIL FUNDO DE ÍNDICE;2023-07-31;507665;10033300.47;AÇÕES;Ação ordinária;N;Para negociação;0.00;0.00;1400.00;14411.12;26100.00;250821.00;;;STBP3;;;;;;;;2007-11-21;;;;
FIIM;17.817.528/0001-50;BB ETF S&P DIVIDENDOS BRASIL FUNDO DE ÍNDICE;2023-07-31;507665;10033300.47;AÇÕES;Ação ordinária;S;Para negociação;0.00;0.00;400.00;12338.03;7800.00;242736.00;;;BBSE3;;;;;;;;2013-04-29;;;;
FIIM;17.817.528/0001-50;BB ETF S&P DIVIDENDOS BRASIL FUNDO DE ÍNDICE;2023-07-31;507665;10033300.47;AÇÕES;Ação preferencial;N;Para negociação;0.00;0.00;3600.00;18116.97;65300.00;341519.00;;;POMO4;;;;;;;;1997-12-12;;;;
FIIM;17.817.528/0001-50;BB ETF S&P DIVIDENDOS BRASIL FUNDO DE ÍNDICE;2023-07-31;507665;10033300.47;AÇÕES;Ação preferencial;N;Para negociação;0.00;0.00;2600.00;32037.98;46900.00;583436.00;;;RAPT4;;;;;;;;1996-04-16;;;;
FIIM;17.817.528/0001-50;BB ETF S&P DIVIDENDOS BRASIL FUNDO DE ÍNDICE;2023-07-31;507665;10033300.47;AÇÕES;Ação preferencial;N;Para negociação;0.00;0.00;300.00;14486.14;4700.00;238525.00;;;FESA4;;;;;;;;1997-05-02;;;;
FIIM;17.817.528/0001-50;BB ETF S&P DIVIDENDOS BRASIL FUNDO DE ÍNDICE;2023-07-31;507665;10033300.47;AÇÕES;Ação preferencial;N;Para negociação;0.00;0.00;1500.00;18879.32;26900.00;369875.00;;;GOAU4;;;;;;;;1998-01-02;;;;
FIIM;17.817.528/0001-50;BB ETF S&P DIVIDENDOS BRASIL FUNDO DE ÍNDICE;2023-07-31;507665;10033300.47;AÇÕES;Ação preferencial;N;Para negociação;0.00;0.00;1500.00;44296.87;27800.00;864858.00;;;PETR4;;;;;;;;1997-03-24;;;;
FIIM;17.817.528/0001-50;BB ETF S&P DIVIDENDOS BRASIL FUNDO DE ÍNDICE;2023-07-31;507665;10033300.47;AÇÕES;Ação preferencial;N;Para negociação;0.00;0.00;900.00;24056.90;16830.00;492277.50;;;GGBR4;;;;;;;;2001-02-01;;;;
FIIM;17.817.528/0001-50;BB ETF S&P DIVIDENDOS BRASIL FUNDO DE ÍNDICE;2023-07-31;507665;10033300.47;AÇÕES;Ação preferencial;N;Para negociação;0.00;0.00;400.00;31856.78;7680.00;621619.20;;;UNIP6;;;;;;;;1996-09-26;;;;
FIIM;17.817.528/0001-50;BB ETF S&P DIVIDENDOS BRASIL FUNDO DE ÍNDICE;2023-07-31;507665;10033300.47;AÇÕES;Ação preferencial;N;Para negociação;0.00;0.00;1700.00;15470.62;31400.00;292020.00;;;BPAN4;;;;;;;;2014-08-05;;;;
FIIM;17.817.528/0001-50;BB ETF S&P DIVIDENDOS BRASIL FUNDO DE ÍNDICE;2023-07-31;507665;10033300.47;AÇÕES;Ação preferencial;N;Para negociação;0.00;0.00;700.00;15828.79;13496.00;317021.04;;;BRAP4;;;;;;;;2000-08-10;;;;
FIIM;17.817.528/0001-50;BB ETF S&P DIVIDENDOS BRASIL FUNDO DE ÍNDICE;2023-07-31;507665;10033300.47;AÇÕES;Ação preferencial;N;Para negociação;0.00;0.00;2000.00;15051.72;36600.00;264618.00;;;USIM5;;;;;;;;1999-02-02;;;;
FIIM;17.817.528/0001-50;BB ETF S&P DIVIDENDOS BRASIL FUNDO DE ÍNDICE;2023-07-31;507665;10033300.47;AÇÕES;Ação preferencial;N;Para negociação;0.00;0.00;1800.00;22703.15;32285.00;409050.95;;;CMIG4;;;;;;;;1997-12-26;;;;
FIIM;17.817.528/0001-50;BB ETF S&P DIVIDENDOS BRASIL FUNDO DE ÍNDICE;2023-07-31;507665;10033300.47;DISPONIBILIDADES;Outros;;Para negociação;;;;;;112096.86;;;;BANCO BRASIL CAIXA;;PJ;191;BCO BRASIL SA;;;;;;;
FIIM;17.817.528/0001-50;BB ETF S&P DIVIDENDOS BRASIL FUNDO DE ÍNDICE;2023-07-31;507665;10033300.47;VALORES A PAGAR;Outros;;Para negociação;;;;;;10451.73;;;;AUDITORIA A PAGAR;;;;;;;;;;;
FIIM;17.817.528/0001-50;BB ETF S&P DIVIDENDOS BRASIL FUNDO DE ÍNDICE;2023-07-31;507665;10033300.47;VALORES A PAGAR;Outros;;Para negociação;;;;;;0.11;;;;EMOLUMENTO TOMADA;;;;;;;;;;;
FIIM;17.817.528/0001-50;BB ETF S&P DIVIDENDOS BRASIL FUNDO DE ÍNDICE;2023-07-31;507665;10033300.47;VALORES A PAGAR;Outros;;Para negociação;;;;;;0.87;;;;SALDO A REGU LARIZAR;;;;;;;;;;;
FIIM;17.817.528/0001-50;BB ETF S&P DIVIDENDOS BRASIL FUNDO DE ÍNDICE;2023-07-31;507665;10033300.47;VALORES A PAGAR;Outros;;Para negociação;;;;;;81.61;;;;TXCUST?DIA A PAGAR;;;;;;;;;;;
FIIM;17.817.528/0001-50;BB ETF S&P DIVIDENDOS BRASIL FUNDO DE ÍNDICE;2023-07-31;507665;10033300.47;VALORES A PAGAR;Outros;;Para negociação;;;;;;3429.36;;;;PROV.AUDIT 28/03/24;;;;;;;;;;;
FIIM;17.817.528/0001-50;BB ETF S&P DIVIDENDOS BRASIL FUNDO DE ÍNDICE;2023-07-31;507665;10033300.47;VALORES A PAGAR;Outros;;Para negociação;;;;;;196.02;;;;TAXA ADMIN A PAGAR;;;;;;;;;;;
FIIM;17.817.528/0001-50;BB ETF S&P DIVIDENDOS BRASIL FUNDO DE ÍNDICE;2023-07-31;507665;10033300.47;VALORES A PAGAR;Outros;;Para negociação;;;;;;3.38;;;;SELIC A PAGAR;;;;;;;;;;;
FIIM;17.817.528/0001-50;BB ETF S&P DIVIDENDOS BRASIL FUNDO DE ÍNDICE;2023-07-31;507665;10033300.47;VALORES A RECEBER;Outros;;Para negociação;;;;;;45216.23;;;;PETROBRAS PN DIVIDEND;;PJ;33000167000101;PETROLEO BRASILEIRO SA PETROBRAS;;;;;;;
FIIM;17.817.528/0001-50;BB ETF S&P DIVIDENDOS BRASIL FUNDO DE ÍNDICE;2023-07-31;507665;10033300.47;VALORES A RECEBER;Outros;;Para negociação;;;;;;1073.68;;;;TAESA DIREITOS;;PJ;7859971000130;TAESA - TRANSM ALIAN?A ENERGIA EL?TRICA;;;;;;;
FIIM;17.817.528/0001-50;BB ETF S&P DIVIDENDOS BRASIL FUNDO DE ÍNDICE;2023-07-31;507665;10033300.47;VALORES A RECEBER;Outros;;Para negociação;;;;;;2163.72;;;;DIFERIR CVM 29/12/23;;;;;;;;;;;
FIIM;17.817.528/0001-50;BB ETF S&P DIVIDENDOS BRASIL FUNDO DE ÍNDICE;2023-07-31;507665;10033300.47;VALORES A RECEBER;Outros;;Para negociação;;;;;;12068.59;;;;SANEPAR DIREITOS;;PJ;33000167000101;PETROLEO BRASILEIRO SA PETROBRAS;;;;;;;
FIIM;17.817.528/0001-50;BB ETF S&P DIVIDENDOS BRASIL FUNDO DE ÍNDICE;2023-07-31;507665;10033300.47;VALORES A RECEBER;Outros;;Para negociação;;;;;;6665.19;;;;CPFL DIVIDEND;;PJ;2429144000193;CPFL ENERGIA SA;;;;;;;
FIIM;17.817.528/0001-50;BB ETF S&P DIVIDENDOS BRASIL FUNDO DE ÍNDICE;2023-07-31;507665;10033300.47;VALORES A RECEBER;Outros;;Para negociação;;;;;;7019.65;;;;Valores a Re ceber;;;;;;;;;;;
FIIM;17.817.528/0001-50;BB ETF S&P DIVIDENDOS BRASIL FUNDO DE ÍNDICE;2023-07-31;507665;10033300.47;VALORES A RECEBER;Outros;;Para negociação;;;;;;10430.56;;;;DIREITOS DIREITOS;;PJ;89086144000116;RANDON SA IMPLEMENTOS PARTICIPACOES;;;;;;;
FIIM;17.817.528/0001-50;BB ETF S&P DIVIDENDOS BRASIL FUNDO DE ÍNDICE;2023-07-31;507665;10033300.47;VALORES A RECEBER;Outros;;Para negociação;;;;;;13.50;;;;AUREN DIREITOS;;PJ;28594234000123;AUREN ENERGIA S.A.;;;;;;;
FIIM;17.817.528/0001-50;BB ETF S&P DIVIDENDOS BRASIL FUNDO DE ÍNDICE;2023-07-31;507665;10033300.47;VALORES A RECEBER;Outros;;Para negociação;;;;;;11050.33;;;;NEOENERGIA DIREITOS;;PJ;1083200000118;NEOENERGIA S.A.;;;;;;;
FIIM;17.817.528/0001-50;BB ETF S&P DIVIDENDOS BRASIL FUNDO DE ÍNDICE;2023-07-31;507665;10033300.47;VALORES A RECEBER;Outros;;Para negociação;;;;;;20324.49;;;;CEMIG PN JSCP;;PJ;17155730000164;CIA ENERGETICA MINAS GERAIS CEMIG;;;;;;;
FIIM;17.817.528/0001-50;BB ETF S&P DIVIDENDOS BRASIL FUNDO DE ÍNDICE;2023-07-31;507665;10033300.47;VALORES A RECEBER;Outros;;Para negociação;;;;;;3890.28;;;;DIREITOS DIREITOS;;PJ;51466860000156;SAO MARTINHO SA;;;;;;;
FIIM;17.817.528/0001-50;BB ETF S&P DIVIDENDOS BRASIL FUNDO DE ÍNDICE;2023-07-31;507665;10033300.47;VALORES A RECEBER;Outros;;Para negociação;;;;;;18123.32;;;;PETROBRAS PN JSCP;;PJ;33000167000101;PETROLEO BRASILEIRO SA PETROBRAS;;;;;;;
FIIM;17.817.528/0001-50;BB ETF S&P DIVIDENDOS BRASIL FUNDO DE ÍNDICE;2023-07-31;507665;10033300.47;VALORES A RECEBER;Outros;;Para negociação;;;;;;1105.90;;;;PORTO SEGURO JSCP;;PJ;2149205000169;PORTO SEGURO SA;;;;;;;
FIIM;17.817.528/0001-50;BB ETF S&P DIVIDENDOS BRASIL FUNDO DE ÍNDICE;2023-07-31;507665;10033300.47;VALORES A RECEBER;Outros;;Para negociação;;;;;;1706.50;;;;CEMIG PN DIVIDEND;;PJ;17155730000164;CIA ENERGETICA MINAS GERAIS CEMIG;;;;;;;
FIIM;17.817.528/0001-50;BB ETF S&P DIVIDENDOS BRASIL FUNDO DE ÍNDICE;2023-07-31;507665;10033300.47;MERCADO FUTURO - POSIÇÕES COMPRADAS;Contrato Futuro;;Para negociação;1.00;118937.00;0.00;0.00;1.00;1697.00;;;;IND FUTURO BMF - 16/08/2023;;PJ;54641030000106;BOLSA MERCADORIAS FUTUROS BMF SA;;;;;;;
FIIM;17.817.528/0001-50;BB ETF S&P DIVIDENDOS BRASIL FUNDO DE ÍNDICE;2023-07-31;507665;10033300.47;CERTIFICADO OU RECIBO DE DEPÓSITO DE VALORES MOBILIÁRIOS;Certificado de depósito de ações;N;Para negociação;0.00;0.00;600.00;24215.90;10900.00;449843.00;;;;COPEL UNT N1;;PJ;76483817000120;CIA PARANAENSE ENERGIA COPEL;;;;;;;
FIIM;17.817.528/0001-50;BB ETF S&P DIVIDENDOS BRASIL FUNDO DE ÍNDICE;2023-07-31;507665;10033300.47;CERTIFICADO OU RECIBO DE DEPÓSITO DE VALORES MOBILIÁRIOS;Certificado de depósito de ações;N;Para negociação;0.00;0.00;300.00;8646.22;5200.00;151476.00;;;;ALUPAR UNT N2;;PJ;8364948000138;ALUPAR INVESTIMENTO S.A;;;;;;;
FIIM;17.817.528/0001-50;BB ETF S&P DIVIDENDOS BRASIL FUNDO DE ÍNDICE;2023-07-31;507665;10033300.47;CERTIFICADO OU RECIBO DE DEPÓSITO DE VALORES MOBILIÁRIOS;Certificado de depósito de ações;N;Para negociação;0.00;0.00;800.00;16648.17;14200.00;297632.00;;;;SANEPAR UNT N2;;PJ;76484013000145;COMPANHIA SANEAMENTO PARANA SANEPAR;;;;;;;
FIIM;17.817.528/0001-50;BB ETF S&P DIVIDENDOS BRASIL FUNDO DE ÍNDICE;2023-07-31;507665;10033300.47;CERTIFICADO OU RECIBO DE DEPÓSITO DE VALORES MOBILIÁRIOS;Certificado de depósito de ações;N;Para negociação;0.00;0.00;800.00;29242.40;15100.00;543600.00;;;TAEE11;;;;;;;;2012-05-28;;;;
FIIM;19.909.560/0001-91;ISHARES S&P 500 FUNDO DE INVESTIMENTO EM COTAS DE FUNDO DE ÍNDICE - INVESTIMENTO NO EXTERIOR;2023-07-31;502273;2947871882.36;DISPONIBILIDADES;Outros;;Para negociação;;;;;;3709064.35;;;;Disponibilidade;;;;;;;;;;;
FIIM;19.909.560/0001-91;ISHARES S&P 500 FUNDO DE INVESTIMENTO EM COTAS DE FUNDO DE ÍNDICE - INVESTIMENTO NO EXTERIOR;2023-07-31;502273;2947871882.36;VALORES A PAGAR;Outros;;Para negociação;;;;;;1033187.61;;;;Valores a Pagar;;;;;;;;;;;
FIIM;19.909.560/0001-91;ISHARES S&P 500 FUNDO DE INVESTIMENTO EM COTAS DE FUNDO DE ÍNDICE - INVESTIMENTO NO EXTERIOR;2023-07-31;502273;2947871882.36;VALORES A RECEBER;Outros;;Para negociação;;;;;;626199.82;;;;Valores a Receber;;;;;;;;;;;
FIIM;19.909.560/0001-91;ISHARES S&P 500 FUNDO DE INVESTIMENTO EM COTAS DE FUNDO DE ÍNDICE - INVESTIMENTO NO EXTERIOR;2023-07-31;502273;2947871882.36;INVESTIMENTO NO EXTERIOR;Outros;N;Para negociação;;;;;1349517.00;2944569805.80;;;9000032;;2014-04-28;;;ISHARES CORE SP500;N;;;28;ESTADOS UNIDOS DA AMÉRICA;99;OUTRAS BOLSAS OU MERCADOS DE BALCÃO ORGANIZADOS
FIIM;21.407.758/0001-19;IT NOW IBOVESPA FUNDO DE ÍNDICE;2023-07-31;501306;4744242167.32;;;;Para negociação;0.00;0.00;0.00;0.00;2759.00;2625545.39;;;100000;;;;;;;;2024-01-01;;;;
FIIM;21.407.758/0001-19;IT NOW IBOVESPA FUNDO DE ÍNDICE;2023-07-31;501306;4744242167.32;AÇÕES;;N;Para negociação;11895.00;55871.40;367193.00;1716646.65;1113747.00;5256885.84;;;CIEL3;;;;;;;;2009-12-18;;;;
FIIM;21.407.758/0001-19;IT NOW IBOVESPA FUNDO DE ÍNDICE;2023-07-31;501306;4744242167.32;AÇÕES;;N;Para negociação;3456.00;64361.92;109702.00;1981197.04;466408.00;8255421.60;;;AZUL4;;;;;;;;2017-04-11;;;;
FIIM;21.407.758/0001-19;IT NOW IBOVESPA FUNDO DE ÍNDICE;2023-07-31;501306;4744242167.32;AÇÕES;;N;Para negociação;2774.00;71813.32;88793.00;2274133.16;361165.00;9173591.00;;;BRKM5;;;;;;;;2002-09-02;;;;
FIIM;21.407.758/0001-19;IT NOW IBOVESPA FUNDO DE ÍNDICE;2023-07-31;501306;4744242167.32;AÇÕES;;N;Para negociação;9247.00;159645.69;281266.00;4638410.19;1129504.00;20636038.08;;;NTCO3;;;;;;;;2019-12-18;;;;
FIIM;21.407.758/0001-19;IT NOW IBOVESPA FUNDO DE ÍNDICE;2023-07-31;501306;4744242167.32;AÇÕES;;N;Para negociação;9148.00;396559.40;281307.00;12112777.74;1365719.00;62304100.78;;;PRIO3;;;;;;;;2015-06-26;;;;
FIIM;21.407.758/0001-19;IT NOW IBOVESPA FUNDO DE ÍNDICE;2023-07-31;501306;4744242167.32;AÇÕES;;N;Para negociação;10374.00;198611.18;318753.00;5878757.13;1252301.00;23480643.75;;;LREN3;;;;;;;;1973-07-24;;;;
FIIM;21.407.758/0001-19;IT NOW IBOVESPA FUNDO DE ÍNDICE;2023-07-31;501306;4744242167.32;AÇÕES;;N;Para negociação;677.00;55991.40;20347.00;1635382.80;45174.00;3722337.60;;;ARZZ3;;;;;;;;2011-02-02;;;;
FIIM;21.407.758/0001-19;IT NOW IBOVESPA FUNDO DE ÍNDICE;2023-07-31;501306;4744242167.32;AÇÕES;;N;Para negociação;3102.00;24638.58;92214.00;712379.02;200037.00;1674309.69;;;DXCO3;;;;;;;;2021-08-19;;;;
FIIM;21.407.758/0001-19;IT NOW IBOVESPA FUNDO DE ÍNDICE;2023-07-31;501306;4744242167.32;AÇÕES;;N;Para negociação;15445.00;742644.20;476221.00;22897928.83;1367891.00;65918667.29;;;BBAS3;;;;;;;;1973-05-31;;;;
FIIM;21.407.758/0001-19;IT NOW IBOVESPA FUNDO DE ÍNDICE;2023-07-31;501306;4744242167.32;AÇÕES;;N;Para negociação;4734.00;75429.70;141832.00;2210136.55;579617.00;9337629.87;;;FLRY3;;;;;;;;2009-12-17;;;;
FIIM;21.407.758/0001-19;IT NOW IBOVESPA FUNDO DE ÍNDICE;2023-07-31;501306;4744242167.32;AÇÕES;;N;Para negociação;3000.00;66926.00;91886.00;2023771.15;289011.00;6884242.02;;;CYRE3;;;;;;;;1996-05-27;;;;
FIIM;21.407.758/0001-19;IT NOW IBOVESPA FUNDO DE ÍNDICE;2023-07-31;501306;4744242167.32;AÇÕES;;N;Para negociação;17302.00;35943.92;528741.00;1060423.36;1488638.00;3215458.08;;;VIIA3;;;;;;;;2021-08-16;;;;
FIIM;21.407.758/0001-19;IT NOW IBOVESPA FUNDO DE ÍNDICE;2023-07-31;501306;4744242167.32;AÇÕES;;N;Para negociação;11874.00;226927.98;364659.00;7000580.59;1133703.00;21415649.67;;;UGPA3;;;;;;;;1999-10-13;;;;
FIIM;21.407.758/0001-19;IT NOW IBOVESPA FUNDO DE ÍNDICE;2023-07-31;501306;4744242167.32;AÇÕES;;N;Para negociação;47898.00;712656.62;1470336.00;21864705.85;4633338.00;68851402.68;;;ABEV3;;;;;;;;2013-11-11;;;;
FIIM;21.407.758/0001-19;IT NOW IBOVESPA FUNDO DE ÍNDICE;2023-07-31;501306;4744242167.32;AÇÕES;;N;Para negociação;8043.00;145398.96;246352.00;4379550.60;1123742.00;20800464.42;;;EMBR3;;;;;;;;1989-08-28;;;;
FIIM;21.407.758/0001-19;IT NOW IBOVESPA FUNDO DE ÍNDICE;2023-07-31;501306;4744242167.32;AÇÕES;;N;Para negociação;2860.00;27870.00;87325.00;860236.59;424684.00;4285061.56;;;BEEF3;;;;;;;;2007-07-20;;;;
FIIM;21.407.758/0001-19;IT NOW IBOVESPA FUNDO DE ÍNDICE;2023-07-31;501306;4744242167.32;AÇÕES;;N;Para negociação;6520.00;87087.20;197730.00;2543227.92;638551.00;8837545.84;;;CSNA3;;;;;;;;1993-08-02;;;;
FIIM;21.407.758/0001-19;IT NOW IBOVESPA FUNDO DE ÍNDICE;2023-07-31;501306;4744242167.32;AÇÕES;;N;Para negociação;938.00;44705.26;27404.00;1296669.94;62126.00;2554621.12;;;IRBR3;;;;;;;;2017-07-31;;;;
FIIM;21.407.758/0001-19;IT NOW IBOVESPA FUNDO DE ÍNDICE;2023-07-31;501306;4744242167.32;AÇÕES;;N;Para negociação;2732.00;63646.44;84152.00;1911957.24;241149.00;5664590.01;;;BRAP4;;;;;;;;2000-08-10;;;;
FIIM;21.407.758/0001-19;IT NOW IBOVESPA FUNDO DE ÍNDICE;2023-07-31;501306;4744242167.32;AÇÕES;;N;Para negociação;13247.00;310032.08;407449.00;9355836.12;2085557.00;48468344.68;;;RAIL3;;;;;;;;2017-03-13;;;;
FIIM;21.407.758/0001-19;IT NOW IBOVESPA FUNDO DE ÍNDICE;2023-07-31;501306;4744242167.32;AÇÕES;;N;Para negociação;21589.00;199883.54;67602.00;606013.60;146121.00;1407145.23;;;ALPA4;;;;;;;;1973-03-19;;;;
FIIM;21.407.758/0001-19;IT NOW IBOVESPA FUNDO DE ÍNDICE;2023-07-31;501306;4744242167.32;AÇÕES;;N;Para negociação;3680.00;24832.20;112653.00;724135.87;301846.00;2112922.00;;;PETZ3;;;;;;;;2020-09-11;;;;
FIIM;21.407.758/0001-19;IT NOW IBOVESPA FUNDO DE ÍNDICE;2023-07-31;501306;4744242167.32;AÇÕES;;N;Para negociação;56216.00;926531.40;1725092.00;28593657.19;7617172.00;126902085.52;;;BBDC4;;;;;;;;1973-12-06;;;;
FIIM;21.407.758/0001-19;IT NOW IBOVESPA FUNDO DE ÍNDICE;2023-07-31;501306;4744242167.32;AÇÕES;;N;Para negociação;10913.00;148018.97;334695.00;4542699.96;1259348.00;16736734.92;;;CCRO3;;;;;;;;2002-02-01;;;;
FIIM;21.407.758/0001-19;IT NOW IBOVESPA FUNDO DE ÍNDICE;2023-07-31;501306;4744242167.32;AÇÕES;;N;Para negociação;975.00;20291.50;31618.00;627829.59;89248.00;1939359.04;;;EZTC3;;;;;;;;2007-06-22;;;;
FIIM;21.407.758/0001-19;IT NOW IBOVESPA FUNDO DE ÍNDICE;2023-07-31;501306;4744242167.32;AÇÕES;;N;Para negociação;3253.00;23372.15;98154.00;709971.94;291687.00;2164317.54;;;MRFG3;;;;;;;;2007-06-28;;;;
FIIM;21.407.758/0001-19;IT NOW IBOVESPA FUNDO DE ÍNDICE;2023-07-31;501306;4744242167.32;AÇÕES;;N;Para negociação;2437.00;26320.30;73181.00;768616.06;249896.00;2406498.48;;;GOLL4;;;;;;;;2004-06-24;;;;
FIIM;21.407.758/0001-19;IT NOW IBOVESPA FUNDO DE ÍNDICE;2023-07-31;501306;4744242167.32;AÇÕES;;N;Para negociação;901.00;7449.13;23311.00;186339.30;52043.00;516786.99;;;CASH3;;;;;;;;2020-11-05;;;;
FIIM;21.407.758/0001-19;IT NOW IBOVESPA FUNDO DE ÍNDICE;2023-07-31;501306;4744242167.32;AÇÕES;;N;Para negociação;1518.00;50985.98;47991.00;1598836.01;233351.00;7810257.97;;;SMTO3;;;;;;;;2007-02-12;;;;
FIIM;21.407.758/0001-19;IT NOW IBOVESPA FUNDO DE ÍNDICE;2023-07-31;501306;4744242167.32;AÇÕES;;N;Para negociação;5853.00;146480.11;178569.00;4400524.89;960002.00;23337648.62;;;ALSO3;;;;;;;;2019-08-06;;;;
FIIM;21.407.758/0001-19;IT NOW IBOVESPA FUNDO DE ÍNDICE;2023-07-31;501306;4744242167.32;AÇÕES;;N;Para negociação;32626.00;1101565.02;1002557.00;33117147.35;4395140.00;152994823.40;;;PETR3;;;;;;;;1973-09-18;;;;
FIIM;21.407.758/0001-19;IT NOW IBOVESPA FUNDO DE ÍNDICE;2023-07-31;501306;4744242167.32;AÇÕES;;N;Para negociação;7821.00;355840.78;243576.00;10839541.73;1138076.00;54707313.32;;;SUZB3;;;;;;;;2004-08-05;;;;
FIIM;21.407.758/0001-19;IT NOW IBOVESPA FUNDO DE ÍNDICE;2023-07-31;501306;4744242167.32;AÇÕES;;N;Para negociação;16378.00;239981.62;502989.00;7389987.88;2952698.00;43847565.30;;;BBDC3;;;;;;;;1973-12-06;;;;
FIIM;21.407.758/0001-19;IT NOW IBOVESPA FUNDO DE ÍNDICE;2023-07-31;501306;4744242167.32;AÇÕES;;N;Para negociação;3692.00;206339.68;113991.00;6264657.06;596525.00;34658102.50;;;SBSP3;;;;;;;;1997-03-11;;;;
FIIM;21.407.758/0001-19;IT NOW IBOVESPA FUNDO DE ÍNDICE;2023-07-31;501306;4744242167.32;AÇÕES;;N;Para negociação;12411.00;227171.80;380501.00;6956269.56;1302032.00;24452160.96;;;JBSS3;;;;;;;;2007-03-29;;;;
FIIM;21.407.758/0001-19;IT NOW IBOVESPA FUNDO DE ÍNDICE;2023-07-31;501306;4744242167.32;AÇÕES;;N;Para negociação;17162.00;143062.48;524144.00;4249799.01;1938350.00;16204606.00;;;CPLE6;;;;;;;;1996-11-14;;;;
FIIM;21.407.758/0001-19;IT NOW IBOVESPA FUNDO DE ÍNDICE;2023-07-31;501306;4744242167.32;AÇÕES;;N;Para negociação;47216.00;211912.44;1449378.00;6187096.91;8139001.00;39067204.80;;;HAPV3;;;;;;;;2018-04-25;;;;
FIIM;21.407.758/0001-19;IT NOW IBOVESPA FUNDO DE ÍNDICE;2023-07-31;501306;4744242167.32;AÇÕES;;N;Para negociação;2048.00;73323.40;63014.00;2229855.04;380796.00;13624880.88;;;CPFE3;;;;;;;;2004-09-29;;;;
FIIM;21.407.758/0001-19;IT NOW IBOVESPA FUNDO DE ÍNDICE;2023-07-31;501306;4744242167.32;AÇÕES;;N;Para negociação;2745.00;122477.50;85568.00;3828227.09;270438.00;11910089.52;;;EGIE3;;;;;;;;2016-07-21;;;;
FIIM;21.407.758/0001-19;IT NOW IBOVESPA FUNDO DE ÍNDICE;2023-07-31;501306;4744242167.32;AÇÕES;;N;Para negociação;471732.00;11194200.36;9534.00;225196.26;0.00;0.00;;;ENBR3;;;;;;;;2005-07-13;;;;
FIIM;21.407.758/0001-19;IT NOW IBOVESPA FUNDO DE ÍNDICE;2023-07-31;501306;4744242167.32;AÇÕES;;N;Para negociação;15707.00;198821.43;483361.00;6069234.68;2375757.00;30100841.19;;;CMIG4;;;;;;;;1973-08-20;;;;
FIIM;21.407.758/0001-19;IT NOW IBOVESPA FUNDO DE ÍNDICE;2023-07-31;501306;4744242167.32;AÇÕES;;N;Para negociação;44073.00;3056197.65;1352577.00;91652612.56;8505289.00;588225787.24;;;VALE3;;;;;;;;1982-02-15;;;;
FIIM;21.407.758/0001-19;IT NOW IBOVESPA FUNDO DE ÍNDICE;2023-07-31;501306;4744242167.32;AÇÕES;;N;Para negociação;2879.00;77324.02;89455.00;2367465.55;251785.00;6649641.85;;;MULT3;;;;;;;;2007-07-27;;;;
FIIM;21.407.758/0001-19;IT NOW IBOVESPA FUNDO DE ÍNDICE;2023-07-31;501306;4744242167.32;AÇÕES;;N;Para negociação;12817.00;252725.38;392517.00;7630863.40;1925967.00;38403781.98;;;CSAN3;;;;;;;;2005-11-18;;;;
FIIM;21.407.758/0001-19;IT NOW IBOVESPA FUNDO DE ÍNDICE;2023-07-31;501306;4744242167.32;AÇÕES;;N;Para negociação;17104.00;218263.76;528838.00;6615648.76;1602189.00;21421266.93;;;ENEV3;;;;;;;;2013-10-22;;;;
FIIM;21.407.758/0001-19;IT NOW IBOVESPA FUNDO DE ÍNDICE;2023-07-31;501306;4744242167.32;AÇÕES;;N;Para negociação;11995.00;414414.35;367097.00;12299026.47;995312.00;35831232.00;;;RDOR3;;;;;;;;2020-12-10;;;;
FIIM;21.407.758/0001-19;IT NOW IBOVESPA FUNDO DE ÍNDICE;2023-07-31;501306;4744242167.32;AÇÕES;;N;Para negociação;1661.00;35987.57;52956.00;1134098.00;173452.00;3590456.40;;;PCAR3;;;;;;;;1995-10-03;;;;
FIIM;21.407.758/0001-19;IT NOW IBOVESPA FUNDO DE ÍNDICE;2023-07-31;501306;4744242167.32;AÇÕES;;N;Para negociação;5341.00;52518.06;1665810.00;14398854.79;3255004.00;31768839.04;;;BRFS3;;;;;;;;2009-12-10;;;;
FIIM;21.407.758/0001-19;IT NOW IBOVESPA FUNDO DE ÍNDICE;2023-07-31;501306;4744242167.32;AÇÕES;;N;Para negociação;2585.00;88233.55;78715.00;2652606.64;261306.00;9289428.30;;;RRRP3;;;;;;;;2020-11-12;;;;
FIIM;21.407.758/0001-19;IT NOW IBOVESPA FUNDO DE ÍNDICE;2023-07-31;501306;4744242167.32;AÇÕES;;N;Para negociação;12151.00;214037.19;373459.00;6478269.80;2363619.00;40488793.47;;;VBBR3;;;;;;;;2021-10-22;;;;
FIIM;21.407.758/0001-19;IT NOW IBOVESPA FUNDO DE ÍNDICE;2023-07-31;501306;4744242167.32;AÇÕES;;N;Para negociação;13102.00;55242.44;402420.00;1707958.66;868982.00;3614965.12;;;RAIZ4;;;;;;;;2021-08-05;;;;
FIIM;21.407.758/0001-19;IT NOW IBOVESPA FUNDO DE ÍNDICE;2023-07-31;501306;4744242167.32;AÇÕES;;N;Para negociação;49823.00;1506481.91;1530684.00;45184087.15;8637785.00;268721491.35;;;PETR4;;;;;;;;1973-09-18;;;;
FIIM;21.407.758/0001-19;IT NOW IBOVESPA FUNDO DE ÍNDICE;2023-07-31;501306;4744242167.32;AÇÕES;;N;Para negociação;4370.00;196975.60;134414.00;6002884.82;677178.00;29294720.28;;;HYPE3;;;;;;;;2008-04-18;;;;
FIIM;21.407.758/0001-19;IT NOW IBOVESPA FUNDO DE ÍNDICE;2023-07-31;501306;4744242167.32;AÇÕES;;N;Para negociação;12040.00;52046.80;372138.00;1565873.81;863245.00;3841440.25;;;CMIN3;;;;;;;;2021-02-18;;;;
FIIM;21.407.758/0001-19;IT NOW IBOVESPA FUNDO DE ÍNDICE;2023-07-31;501306;4744242167.32;AÇÕES;;N;Para negociação;12756.00;427912.20;403344.00;13213534.50;2448565.00;82124870.10;;;EQTL3;;;;;;;;2006-04-03;;;;
FIIM;21.407.758/0001-19;IT NOW IBOVESPA FUNDO DE ÍNDICE;2023-07-31;501306;4744242167.32;AÇÕES;;N;Para negociação;7247.00;95070.55;223531.00;2875107.21;1347516.00;18528345.00;;;GOAU4;;;;;;;;1973-08-27;;;;
FIIM;21.407.758/0001-19;IT NOW IBOVESPA FUNDO DE ÍNDICE;2023-07-31;501306;4744242167.32;AÇÕES;;N;Para negociação;4634.00;197739.86;141774.00;5835749.99;415666.00;17503695.26;;;VIVT3;;;;;;;;2011-10-06;;;;
FIIM;21.407.758/0001-19;IT NOW IBOVESPA FUNDO DE ÍNDICE;2023-07-31;501306;4744242167.32;AÇÕES;;N;Para negociação;62528.00;916358.00;1921697.00;28236986.55;10778297.00;160596625.30;;;B3SA3;;;;;;;;2018-03-26;;;;
FIIM;21.407.758/0001-19;IT NOW IBOVESPA FUNDO DE ÍNDICE;2023-07-31;501306;4744242167.32;AÇÕES;;N;Para negociação;7554.00;519325.80;407179.00;28303508.76;1288183.00;86591661.26;;;RENT3;;;;;;;;2005-05-23;;;;
FIIM;21.407.758/0001-19;IT NOW IBOVESPA FUNDO DE ÍNDICE;2023-07-31;501306;4744242167.32;AÇÕES;;N;Para negociação;7260.00;226566.40;225112.00;6921166.56;1238547.00;38543582.64;;;BBSE3;;;;;;;;2013-04-29;;;;
FIIM;21.407.758/0001-19;IT NOW IBOVESPA FUNDO DE ÍNDICE;2023-07-31;501306;4744242167.32;AÇÕES;;N;Para negociação;4657.00;35610.87;144382.00;1100591.39;610747.00;4525635.27;;;LWSA3;;;;;;;;2020-02-06;;;;
FIIM;21.407.758/0001-19;IT NOW IBOVESPA FUNDO DE ÍNDICE;2023-07-31;501306;4744242167.32;AÇÕES;;N;Para negociação;1491.00;19699.56;271376.00;3767710.90;677067.00;9411231.30;;;MRVE3;;;;;;;;2007-07-23;;;;
FIIM;21.407.758/0001-19;IT NOW IBOVESPA FUNDO DE ÍNDICE;2023-07-31;501306;4744242167.32;AÇÕES;;N;Para negociação;12696.00;362915.68;390094.00;11095674.05;1574540.00;45614423.80;;;RADL3;;;;;;;;2011-12-19;;;;
FIIM;21.407.758/0001-19;IT NOW IBOVESPA FUNDO DE ÍNDICE;2023-07-31;501306;4744242167.32;AÇÕES;;N;Para negociação;22091.00;866041.93;676879.00;26054927.09;2710751.00;104770526.15;;;ELET3;;;;;;;;1983-09-01;;;;
FIIM;21.407.758/0001-19;IT NOW IBOVESPA FUNDO DE ÍNDICE;2023-07-31;501306;4744242167.32;AÇÕES;;N;Para negociação;8759.00;126216.77;270995.00;3815270.24;806476.00;11564865.84;;;TIMS3;;;;;;;;2020-10-13;;;;
FIIM;21.407.758/0001-19;IT NOW IBOVESPA FUNDO DE ÍNDICE;2023-07-31;501306;4744242167.32;AÇÕES;;N;Para negociação;3004.00;131761.52;92330.00;3975243.66;299559.00;13069759.17;;;ELET6;;;;;;;;1974-11-13;;;;
FIIM;21.407.758/0001-19;IT NOW IBOVESPA FUNDO DE ÍNDICE;2023-07-31;501306;4744242167.32;AÇÕES;;S;Para negociação;52409.00;1504066.43;1609416.00;45893963.62;10064183.00;288238201.12;;;ITUB4;;;;;;;;2009-05-20;;;;
FIIM;21.407.758/0001-19;IT NOW IBOVESPA FUNDO DE ÍNDICE;2023-07-31;501306;4744242167.32;AÇÕES;;S;Para negociação;54630.00;532148.00;1680647.00;16377744.70;10423074.00;102354586.68;;;ITSA4;;;;;;;;1973-09-17;;;;
FIIM;21.407.758/0001-19;IT NOW IBOVESPA FUNDO DE ÍNDICE;2023-07-31;501306;4744242167.32;AÇÕES;;N;Para negociação;3892.00;12155.48;460611.00;1535485.35;418591.00;1247401.18;;;CVCB3;;;;;;;;2013-12-09;;;;
FIIM;21.407.758/0001-19;IT NOW IBOVESPA FUNDO DE ÍNDICE;2023-07-31;501306;4744242167.32;AÇÕES;;N;Para negociação;19797.00;65549.49;608461.00;2020490.04;2816624.00;9435690.40;;;COGN3;;;;;;;;2019-10-11;;;;
FIIM;21.407.758/0001-19;IT NOW IBOVESPA FUNDO DE ÍNDICE;2023-07-31;501306;4744242167.32;AÇÕES;;N;Para negociação;5743.00;69104.21;177198.00;1983267.54;582268.00;7988716.96;;;CRFB3;;;;;;;;2017-07-20;;;;
FIIM;21.407.758/0001-19;IT NOW IBOVESPA FUNDO DE ÍNDICE;2023-07-31;501306;4744242167.32;AÇÕES;;N;Para negociação;5432.00;61958.40;164511.00;1814065.05;426687.00;4795961.88;;;SOMA3;;;;;;;;2020-07-31;;;;
FIIM;21.407.758/0001-19;IT NOW IBOVESPA FUNDO DE ÍNDICE;2023-07-31;501306;4744242167.32;AÇÕES;;N;Para negociação;31285.00;96261.30;963332.00;2929424.46;3144782.00;10535019.70;;;MGLU3;;;;;;;;2011-05-02;;;;
FIIM;21.407.758/0001-19;IT NOW IBOVESPA FUNDO DE ÍNDICE;2023-07-31;501306;4744242167.32;AÇÕES;;N;Para negociação;1109.00;46529.93;35392.00;1461707.18;170111.00;7425345.15;;;SLCE3;;;;;;;;2007-06-15;;;;
FIIM;21.407.758/0001-19;IT NOW IBOVESPA FUNDO DE ÍNDICE;2023-07-31;501306;4744242167.32;AÇÕES;;N;Para negociação;5703.00;42394.05;172747.00;1265670.55;576560.00;4168528.80;;;USIM5;;;;;;;;1999-02-02;;;;
FIIM;21.407.758/0001-19;IT NOW IBOVESPA FUNDO DE ÍNDICE;2023-07-31;501306;4744242167.32;AÇÕES;;N;Para negociação;12974.00;171181.20;399218.00;5089060.01;1373534.00;18501502.98;;;ASAI3;;;;;;;;2021-03-01;;;;
FIIM;21.407.758/0001-19;IT NOW IBOVESPA FUNDO DE ÍNDICE;2023-07-31;501306;4744242167.32;AÇÕES;;N;Para negociação;13778.00;532428.68;422596.00;15915538.03;2737909.00;109297327.28;;;WEGE3;;;;;;;;2004-08-02;;;;
FIIM;21.407.758/0001-19;IT NOW IBOVESPA FUNDO DE ÍNDICE;2023-07-31;501306;4744242167.32;AÇÕES;;N;Para negociação;11989.00;335053.99;366431.00;10034135.35;1861096.00;54437058.00;;;GGBR4;;;;;;;;2001-02-01;;;;
FIIM;21.407.758/0001-19;IT NOW IBOVESPA FUNDO DE ÍNDICE;2023-07-31;501306;4744242167.32;AÇÕES;;N;Para negociação;3265.00;66506.45;99196.00;2009298.07;415565.00;9221387.35;;;YDUQ3;;;;;;;;2019-07-23;;;;
FIIM;21.407.758/0001-19;IT NOW IBOVESPA FUNDO DE ÍNDICE;2023-07-31;501306;4744242167.32;AÇÕES;;N;Para negociação;5599.00;167063.38;172174.00;5076713.83;746865.00;22084798.05;;;TOTS3;;;;;;;;2006-03-09;;;;
FIIM;21.407.758/0001-19;IT NOW IBOVESPA FUNDO DE ÍNDICE;2023-07-31;501306;4744242167.32;TÍTULOS PÚBLICOS;;;Para negociação;0.00;0.00;18.00;241117.14;222.00;3002612.20;;;210100;;;;;;;;2027-03-01;;;;
FIIM;21.407.758/0001-19;IT NOW IBOVESPA FUNDO DE ÍNDICE;2023-07-31;501306;4744242167.32;TÍTULOS PÚBLICOS;;;Para negociação;93.00;1255899.41;0.00;0.00;150.00;2037862.15;;;210100;;;;;;;;2024-09-01;;;;
FIIM;21.407.758/0001-19;IT NOW IBOVESPA FUNDO DE ÍNDICE;2023-07-31;501306;4744242167.32;TÍTULOS PÚBLICOS;;;Para negociação;0.00;0.00;0.00;0.00;35.00;474618.15;;;210100;;;;;;;;2026-03-01;;;;
FIIM;21.407.758/0001-19;IT NOW IBOVESPA FUNDO DE ÍNDICE;2023-07-31;501306;4744242167.32;TÍTULOS PÚBLICOS;;;Para negociação;0.00;0.00;0.00;0.00;106.00;1439600.02;;;210100;;;;;;;;2025-09-01;;;;
FIIM;21.407.758/0001-19;IT NOW IBOVESPA FUNDO DE ÍNDICE;2023-07-31;501306;4744242167.32;TÍTULOS PÚBLICOS;;;Para negociação;0.00;0.00;18.00;243183.73;45.00;611230.03;;;210100;;;;;;;;2025-03-01;;;;
FIIM;21.407.758/0001-19;IT NOW IBOVESPA FUNDO DE ÍNDICE;2023-07-31;501306;4744242167.32;DISPONIBILIDADES;;;Para negociação;;;;;;314587.96;;;DISPONIBILIDADES;;;;;;;;;;;;
FIIM;21.407.758/0001-19;IT NOW IBOVESPA FUNDO DE ÍNDICE;2023-07-31;501306;4744242167.32;VALORES A PAGAR;;;Para negociação;;;;;;51434842.12;;;VALORES A PAGAR;;;;;;;;;;;;
FIIM;21.407.758/0001-19;IT NOW IBOVESPA FUNDO DE ÍNDICE;2023-07-31;501306;4744242167.32;VALORES A RECEBER;;;Para negociação;;;;;;101990378.78;;;VALORES A RECEBER;;;;;;;;;;;;
FIIM;21.407.758/0001-19;IT NOW IBOVESPA FUNDO DE ÍNDICE;2023-07-31;501306;4744242167.32;MERCADO FUTURO - POSIÇÕES COMPRADAS;;;Para negociação;0.00;0.00;0.00;0.00;;843748.40;;;FUT WIN;;;;;;;;;;;;
FIIM;21.407.758/0001-19;IT NOW IBOVESPA FUNDO DE ÍNDICE;2023-07-31;501306;4744242167.32;AÇÕES E OUTROS TVM CEDIDOS EM EMPRÉSTIMO;;N;Para negociação;;;;;9812.00;329094.48;;;EQTL3;;;;;;;;2006-04-03;;;;
FIIM;21.407.758/0001-19;IT NOW IBOVESPA FUNDO DE ÍNDICE;2023-07-31;501306;4744242167.32;AÇÕES E OUTROS TVM CEDIDOS EM EMPRÉSTIMO;;N;Para negociação;;;;;2194041.00;76374567.21;;;PETR3;;;;;;;;1973-09-18;;;;
FIIM;21.407.758/0001-19;IT NOW IBOVESPA FUNDO DE ÍNDICE;2023-07-31;501306;4744242167.32;AÇÕES E OUTROS TVM CEDIDOS EM EMPRÉSTIMO;;N;Para negociação;;;;;989751.00;28673086.47;;;RADL3;;;;;;;;2011-12-19;;;;
FIIM;21.407.758/0001-19;IT NOW IBOVESPA FUNDO DE ÍNDICE;2023-07-31;501306;4744242167.32;AÇÕES E OUTROS TVM CEDIDOS EM EMPRÉSTIMO;;N;Para negociação;;;;;82356.00;2756455.32;;;SMTO3;;;;;;;;2007-02-12;;;;
FIIM;21.407.758/0001-19;IT NOW IBOVESPA FUNDO DE ÍNDICE;2023-07-31;501306;4744242167.32;AÇÕES E OUTROS TVM CEDIDOS EM EMPRÉSTIMO;;S;Para negociação;;;;;623747.00;6125195.54;;;ITSA4;;;;;;;;1973-09-17;;;;
FIIM;21.407.758/0001-19;IT NOW IBOVESPA FUNDO DE ÍNDICE;2023-07-31;501306;4744242167.32;AÇÕES E OUTROS TVM CEDIDOS EM EMPRÉSTIMO;;N;Para negociação;;;;;1198477.00;22507398.06;;;JBSS3;;;;;;;;2007-03-29;;;;
FIIM;21.407.758/0001-19;IT NOW IBOVESPA FUNDO DE ÍNDICE;2023-07-31;501306;4744242167.32;AÇÕES E OUTROS TVM CEDIDOS EM EMPRÉSTIMO;;N;Para negociação;;;;;236566.00;5249399.54;;;YDUQ3;;;;;;;;2019-07-23;;;;
FIIM;21.407.758/0001-19;IT NOW IBOVESPA FUNDO DE ÍNDICE;2023-07-31;501306;4744242167.32;AÇÕES E OUTROS TVM CEDIDOS EM EMPRÉSTIMO;;N;Para negociação;;;;;48933.00;1664211.33;;;BPAC11;;;;;;;;2017-02-16;;;;
FIIM;21.407.758/0001-19;IT NOW IBOVESPA FUNDO DE ÍNDICE;2023-07-31;501306;4744242167.32;AÇÕES E OUTROS TVM CEDIDOS EM EMPRÉSTIMO;;N;Para negociação;;;;;1263047.00;23858957.83;;;UGPA3;;;;;;;;1999-10-13;;;;
FIIM;21.407.758/0001-19;IT NOW IBOVESPA FUNDO DE ÍNDICE;2023-07-31;501306;4744242167.32;AÇÕES E OUTROS TVM CEDIDOS EM EMPRÉSTIMO;;N;Para negociação;;;;;63205.00;2758898.25;;;SLCE3;;;;;;;;2007-06-15;;;;
FIIM;21.407.758/0001-19;IT NOW IBOVESPA FUNDO DE ÍNDICE;2023-07-31;501306;4744242167.32;AÇÕES E OUTROS TVM CEDIDOS EM EMPRÉSTIMO;;N;Para negociação;;;;;582605.00;7993340.60;;;CRFB3;;;;;;;;2017-07-20;;;;
FIIM;21.407.758/0001-19;IT NOW IBOVESPA FUNDO DE ÍNDICE;2023-07-31;501306;4744242167.32;AÇÕES E OUTROS TVM CEDIDOS EM EMPRÉSTIMO;;N;Para negociação;;;;;353299.00;5246490.15;;;BBDC3;;;;;;;;1973-12-06;;;;
FIIM;21.407.758/0001-19;IT NOW IBOVESPA FUNDO DE ÍNDICE;2023-07-31;501306;4744242167.32;AÇÕES E OUTROS TVM CEDIDOS EM EMPRÉSTIMO;;N;Para negociação;;;;;91553.00;1568302.89;;;VBBR3;;;;;;;;2021-10-22;;;;
FIIM;21.407.758/0001-19;IT NOW IBOVESPA FUNDO DE ÍNDICE;2023-07-31;501306;4744242167.32;AÇÕES E OUTROS TVM CEDIDOS EM EMPRÉSTIMO;;N;Para negociação;;;;;385186.00;11389950.02;;;TOTS3;;;;;;;;2006-03-09;;;;
FIIM;21.407.758/0001-19;IT NOW IBOVESPA FUNDO DE ÍNDICE;2023-07-31;501306;4744242167.32;AÇÕES E OUTROS TVM CEDIDOS EM EMPRÉSTIMO;;N;Para negociação;;;;;174426.00;3610618.20;;;PCAR3;;;;;;;;1995-10-03;;;;
FIIM;21.407.758/0001-19;IT NOW IBOVESPA FUNDO DE ÍNDICE;2023-07-31;501306;4744242167.32;AÇÕES E OUTROS TVM CEDIDOS EM EMPRÉSTIMO;;N;Para negociação;;;;;351830.00;5667981.30;;;FLRY3;;;;;;;;2009-12-17;;;;
FIIM;21.407.758/0001-19;IT NOW IBOVESPA FUNDO DE ÍNDICE;2023-07-31;501306;4744242167.32;AÇÕES E OUTROS TVM CEDIDOS EM EMPRÉSTIMO;;N;Para negociação;;;;;122322.00;1681927.50;;;GOAU4;;;;;;;;1973-08-27;;;;
FIIM;21.407.758/0001-19;IT NOW IBOVESPA FUNDO DE ÍNDICE;2023-07-31;501306;4744242167.32;AÇÕES E OUTROS TVM CEDIDOS EM EMPRÉSTIMO;;N;Para negociação;;;;;1387182.00;6658473.60;;;HAPV3;;;;;;;;2018-04-25;;;;
FIIM;21.407.758/0001-19;IT NOW IBOVESPA FUNDO DE ÍNDICE;2023-07-31;501306;4744242167.32;AÇÕES E OUTROS TVM CEDIDOS EM EMPRÉSTIMO;;N;Para negociação;;;;;516406.00;21745856.66;;;VIVT3;;;;;;;;2011-10-06;;;;
FIIM;21.407.758/0001-19;IT NOW IBOVESPA FUNDO DE ÍNDICE;2023-07-31;501306;4744242167.32;AÇÕES E OUTROS TVM CEDIDOS EM EMPRÉSTIMO;;N;Para negociação;;;;;1505854.00;12588939.44;;;CPLE6;;;;;;;;1996-11-14;;;;
FIIM;21.407.758/0001-19;IT NOW IBOVESPA FUNDO DE ÍNDICE;2023-07-31;501306;4744242167.32;AÇÕES E OUTROS TVM CEDIDOS EM EMPRÉSTIMO;;N;Para negociação;;;;;32833.00;1174764.74;;;CPFE3;;;;;;;;2004-09-29;;;;
FIIM;21.407.758/0001-19;IT NOW IBOVESPA FUNDO DE ÍNDICE;2023-07-31;501306;4744242167.32;AÇÕES E OUTROS TVM CEDIDOS EM EMPRÉSTIMO;;N;Para negociação;;;;;152542.00;8862690.20;;;SBSP3;;;;;;;;1997-03-11;;;;
FIIM;21.407.758/0001-19;IT NOW IBOVESPA FUNDO DE ÍNDICE;2023-07-31;501306;4744242167.32;AÇÕES E OUTROS TVM CEDIDOS EM EMPRÉSTIMO;;N;Para negociação;;;;;118580.00;2576743.40;;;EZTC3;;;;;;;;2007-06-22;;;;
FIIM;21.407.758/0001-19;IT NOW IBOVESPA FUNDO DE ÍNDICE;2023-07-31;501306;4744242167.32;AÇÕES E OUTROS TVM CEDIDOS EM EMPRÉSTIMO;;N;Para negociação;;;;;801331.00;10152863.77;;;CMIG4;;;;;;;;1973-08-20;;;;
FIIM;21.407.758/0001-19;IT NOW IBOVESPA FUNDO DE ÍNDICE;2023-07-31;501306;4744242167.32;AÇÕES E OUTROS TVM CEDIDOS EM EMPRÉSTIMO;;N;Para negociação;;;;;338301.00;2506810.41;;;LWSA3;;;;;;;;2020-02-06;;;;
FIIM;21.407.758/0001-19;IT NOW IBOVESPA FUNDO DE ÍNDICE;2023-07-31;501306;4744242167.32;AÇÕES E OUTROS TVM CEDIDOS EM EMPRÉSTIMO;;N;Para negociação;;;;;255763.00;9092374.65;;;RRRP3;;;;;;;;2020-11-12;;;;
FIIM;21.407.758/0001-19;IT NOW IBOVESPA FUNDO DE ÍNDICE;2023-07-31;501306;4744242167.32;AÇÕES E OUTROS TVM CEDIDOS EM EMPRÉSTIMO;;N;Para negociação;;;;;148838.00;1501775.42;;;BEEF3;;;;;;;;2007-07-20;;;;
FIIM;21.407.758/0001-19;IT NOW IBOVESPA FUNDO DE ÍNDICE;2023-07-31;501306;4744242167.32;AÇÕES E OUTROS TVM CEDIDOS EM EMPRÉSTIMO;;N;Para negociação;;;;;336305.00;8881815.05;;;MULT3;;;;;;;;2007-07-27;;;;
FIIM;21.407.758/0001-19;IT NOW IBOVESPA FUNDO DE ÍNDICE;2023-07-31;501306;4744242167.32;AÇÕES E OUTROS TVM CEDIDOS EM EMPRÉSTIMO;;N;Para negociação;;;;;427947.00;4176762.72;;;BRFS3;;;;;;;;2009-12-10;;;;
FIIM;21.407.758/0001-19;IT NOW IBOVESPA FUNDO DE ÍNDICE;2023-07-31;501306;4744242167.32;AÇÕES E OUTROS TVM CEDIDOS EM EMPRÉSTIMO;;N;Para negociação;;;;;212879.00;5175088.49;;;ALSO3;;;;;;;;2019-08-06;;;;
FIIM;21.407.758/0001-19;IT NOW IBOVESPA FUNDO DE ÍNDICE;2023-07-31;501306;4744242167.32;AÇÕES E OUTROS TVM CEDIDOS EM EMPRÉSTIMO;;N;Para negociação;;;;;88686.00;7307726.40;;;ARZZ3;;;;;;;;2011-02-02;;;;
FIIM;21.407.758/0001-19;IT NOW IBOVESPA FUNDO DE ÍNDICE;2023-07-31;501306;4744242167.32;AÇÕES E OUTROS TVM CEDIDOS EM EMPRÉSTIMO;;N;Para negociação;;;;;205921.00;8908142.46;;;HYPE3;;;;;;;;2008-04-18;;;;
FIIM;21.407.758/0001-19;IT NOW IBOVESPA FUNDO DE ÍNDICE;2023-07-31;501306;4744242167.32;AÇÕES E OUTROS TVM CEDIDOS EM EMPRÉSTIMO;;N;Para negociação;;;;;718635.00;13129461.45;;;NTCO3;;;;;;;;2019-12-18;;;;
FIIM;21.407.758/0001-19;IT NOW IBOVESPA FUNDO DE ÍNDICE;2023-07-31;501306;4744242167.32;AÇÕES E OUTROS TVM CEDIDOS EM EMPRÉSTIMO;;N;Para negociação;;;;;230865.00;2223229.95;;;GOLL4;;;;;;;;2004-06-24;;;;
FIIM;21.407.758/0001-19;IT NOW IBOVESPA FUNDO DE ÍNDICE;2023-07-31;501306;4744242167.32;AÇÕES E OUTROS TVM CEDIDOS EM EMPRÉSTIMO;;N;Para negociação;;;;;145448.00;3182402.24;;;IGTI11;;;;;;;;2021-11-22;;;;
FIIM;21.407.758/0001-19;IT NOW IBOVESPA FUNDO DE ÍNDICE;2023-07-31;501306;4744242167.32;AÇÕES E OUTROS TVM CEDIDOS EM EMPRÉSTIMO;;N;Para negociação;;;;;1985548.00;4288783.68;;;VIIA3;;;;;;;;2021-08-16;;;;
FIIM;21.407.758/0001-19;IT NOW IBOVESPA FUNDO DE ÍNDICE;2023-07-31;501306;4744242167.32;AÇÕES E OUTROS TVM CEDIDOS EM EMPRÉSTIMO;;N;Para negociação;;;;;1874049.00;25056035.13;;;ENEV3;;;;;;;;2013-10-22;;;;
FIIM;21.407.758/0001-19;IT NOW IBOVESPA FUNDO DE ÍNDICE;2023-07-31;501306;4744242167.32;AÇÕES E OUTROS TVM CEDIDOS EM EMPRÉSTIMO;;N;Para negociação;;;;;438123.00;3066861.00;;;PETZ3;;;;;;;;2020-09-11;;;;
FIIM;21.407.758/0001-19;IT NOW IBOVESPA FUNDO DE ÍNDICE;2023-07-31;501306;4744242167.32;AÇÕES E OUTROS TVM CEDIDOS EM EMPRÉSTIMO;;N;Para negociação;;;;;1775764.00;7387178.24;;;RAIZ4;;;;;;;;2021-08-05;;;;
FIIM;21.407.758/0001-19;IT NOW IBOVESPA FUNDO DE ÍNDICE;2023-07-31;501306;4744242167.32;AÇÕES E OUTROS TVM CEDIDOS EM EMPRÉSTIMO;;N;Para negociação;;;;;3721207.00;61995308.62;;;BBDC4;;;;;;;;1973-12-06;;;;
FIIM;21.407.758/0001-19;IT NOW IBOVESPA FUNDO DE ÍNDICE;2023-07-31;501306;4744242167.32;AÇÕES E OUTROS TVM CEDIDOS EM EMPRÉSTIMO;;N;Para negociação;;;;;272907.00;9824652.00;;;TAEE11;;;;;;;;2012-05-28;;;;
FIIM;21.407.758/0001-19;IT NOW IBOVESPA FUNDO DE ÍNDICE;2023-07-31;501306;4744242167.32;AÇÕES E OUTROS TVM CEDIDOS EM EMPRÉSTIMO;;N;Para negociação;;;;;1762112.00;84916177.28;;;BBAS3;;;;;;;;1973-05-31;;;;
FIIM;21.407.758/0001-19;IT NOW IBOVESPA FUNDO DE ÍNDICE;2023-07-31;501306;4744242167.32;AÇÕES E OUTROS TVM CEDIDOS EM EMPRÉSTIMO;;N;Para negociação;;;;;654434.00;7355838.16;;;SOMA3;;;;;;;;2020-07-31;;;;
FIIM;21.407.758/0001-19;IT NOW IBOVESPA FUNDO DE ÍNDICE;2023-07-31;501306;4744242167.32;AÇÕES E OUTROS TVM CEDIDOS EM EMPRÉSTIMO;;N;Para negociação;;;;;311828.00;7324839.72;;;BRAP4;;;;;;;;2000-08-10;;;;
FIIM;21.407.758/0001-19;IT NOW IBOVESPA FUNDO DE ÍNDICE;2023-07-31;501306;4744242167.32;AÇÕES E OUTROS TVM CEDIDOS EM EMPRÉSTIMO;;N;Para negociação;;;;;1422587.00;44256681.57;;;PETR4;;;;;;;;1973-09-18;;;;
FIIM;21.407.758/0001-19;IT NOW IBOVESPA FUNDO DE ÍNDICE;2023-07-31;501306;4744242167.32;AÇÕES E OUTROS TVM CEDIDOS EM EMPRÉSTIMO;;N;Para negociação;;;;;423714.00;12101271.84;;;SANB11;;;;;;;;2009-10-07;;;;
FIIM;21.407.758/0001-19;IT NOW IBOVESPA FUNDO DE ÍNDICE;2023-07-31;501306;4744242167.32;AÇÕES E OUTROS TVM CEDIDOS EM EMPRÉSTIMO;;N;Para negociação;;;;;494751.00;9157841.01;;;EMBR3;;;;;;;;1989-08-28;;;;
FIIM;21.407.758/0001-19;IT NOW IBOVESPA FUNDO DE ÍNDICE;2023-07-31;501306;4744242167.32;AÇÕES E OUTROS TVM CEDIDOS EM EMPRÉSTIMO;;N;Para negociação;;;;;280653.00;14085974.07;;;ENGI11;;;;;;;;2009-11-03;;;;
FIIM;21.407.758/0001-19;IT NOW IBOVESPA FUNDO DE ÍNDICE;2023-07-31;501306;4744242167.32;AÇÕES E OUTROS TVM CEDIDOS EM EMPRÉSTIMO;;N;Para negociação;;;;;974607.00;13975864.38;;;TIMS3;;;;;;;;2020-10-13;;;;
FIIM;21.407.758/0001-19;IT NOW IBOVESPA FUNDO DE ÍNDICE;2023-07-31;501306;4744242167.32;AÇÕES E OUTROS TVM CEDIDOS EM EMPRÉSTIMO;;N;Para negociação;;;;;1183076.00;3963304.60;;;COGN3;;;;;;;;2019-10-11;;;;
FIIM;21.407.758/0001-19;IT NOW IBOVESPA FUNDO DE ÍNDICE;2023-07-31;501306;4744242167.32;AÇÕES E OUTROS TVM CEDIDOS EM EMPRÉSTIMO;;N;Para negociação;;;;;940371.00;12497530.59;;;CCRO3;;;;;;;;2002-02-01;;;;
FIIM;21.407.758/0001-19;IT NOW IBOVESPA FUNDO DE ÍNDICE;2023-07-31;501306;4744242167.32;AÇÕES E OUTROS TVM CEDIDOS EM EMPRÉSTIMO;;N;Para negociação;;;;;564717.00;37960276.74;;;RENT3;;;;;;;;2005-05-23;;;;
FIIM;21.407.758/0001-19;IT NOW IBOVESPA FUNDO DE ÍNDICE;2023-07-31;501306;4744242167.32;AÇÕES E OUTROS TVM CEDIDOS EM EMPRÉSTIMO;;N;Para negociação;;;;;384335.00;26580608.60;;;VALE3;;;;;;;;1982-02-15;;;;
FIIM;21.407.758/0001-19;IT NOW IBOVESPA FUNDO DE ÍNDICE;2023-07-31;501306;4744242167.32;AÇÕES E OUTROS TVM CEDIDOS EM EMPRÉSTIMO;;N;Para negociação;;;;;463201.00;22266072.07;;;SUZB3;;;;;;;;2004-08-05;;;;
FIIM;21.407.758/0001-19;IT NOW IBOVESPA FUNDO DE ÍNDICE;2023-07-31;501306;4744242167.32;AÇÕES E OUTROS TVM CEDIDOS EM EMPRÉSTIMO;;N;Para negociação;;;;;592607.00;13772186.68;;;RAIL3;;;;;;;;2017-03-13;;;;
FIIM;21.407.758/0001-19;IT NOW IBOVESPA FUNDO DE ÍNDICE;2023-07-31;501306;4744242167.32;AÇÕES E OUTROS TVM CEDIDOS EM EMPRÉSTIMO;;N;Para negociação;;;;;558073.00;4034867.79;;;USIM5;;;;;;;;1999-02-02;;;;
FIIM;21.407.758/0001-19;IT NOW IBOVESPA FUNDO DE ÍNDICE;2023-07-31;501306;4744242167.32;AÇÕES E OUTROS TVM CEDIDOS EM EMPRÉSTIMO;;N;Para negociação;;;;;1249990.00;16837365.30;;;ASAI3;;;;;;;;2021-03-01;;;;
FIIM;21.407.758/0001-19;IT NOW IBOVESPA FUNDO DE ÍNDICE;2023-07-31;501306;4744242167.32;AÇÕES E OUTROS TVM CEDIDOS EM EMPRÉSTIMO;;N;Para negociação;;;;;556582.00;1658614.36;;;CVCB3;;;;;;;;2013-12-09;;;;
FIIM;21.407.758/0001-19;IT NOW IBOVESPA FUNDO DE ÍNDICE;2023-07-31;501306;4744242167.32;AÇÕES E OUTROS TVM CEDIDOS EM EMPRÉSTIMO;;N;Para negociação;;;;;703682.00;16184686.00;;;KLBN11;;;;;;;;2014-01-10;;;;
FIIM;21.407.758/0001-19;IT NOW IBOVESPA FUNDO DE ÍNDICE;2023-07-31;501306;4744242167.32;AÇÕES E OUTROS TVM CEDIDOS EM EMPRÉSTIMO;;N;Para negociação;;;;;405471.00;3393792.27;;;DXCO3;;;;;;;;2021-08-19;;;;
FIIM;21.407.758/0001-19;IT NOW IBOVESPA FUNDO DE ÍNDICE;2023-07-31;501306;4744242167.32;AÇÕES E OUTROS TVM CEDIDOS EM EMPRÉSTIMO;;N;Para negociação;;;;;166439.00;2313502.10;;;MRVE3;;;;;;;;2007-07-23;;;;
FIIM;21.407.758/0001-19;IT NOW IBOVESPA FUNDO DE ÍNDICE;2023-07-31;501306;4744242167.32;AÇÕES E OUTROS TVM CEDIDOS EM EMPRÉSTIMO;;N;Para negociação;;;;;1417411.00;51026796.00;;;RDOR3;;;;;;;;2020-12-10;;;;
FIIM;21.407.758/0001-19;IT NOW IBOVESPA FUNDO DE ÍNDICE;2023-07-31;501306;4744242167.32;AÇÕES E OUTROS TVM CEDIDOS EM EMPRÉSTIMO;;N;Para negociação;;;;;314996.00;7503204.72;;;CYRE3;;;;;;;;1996-05-27;;;;
FIIM;21.407.758/0001-19;IT NOW IBOVESPA FUNDO DE ÍNDICE;2023-07-31;501306;4744242167.32;AÇÕES E OUTROS TVM CEDIDOS EM EMPRÉSTIMO;;N;Para negociação;;;;;352881.00;2618377.02;;;MRFG3;;;;;;;;2007-06-28;;;;
FIIM;21.407.758/0001-19;IT NOW IBOVESPA FUNDO DE ÍNDICE;2023-07-31;501306;4744242167.32;AÇÕES E OUTROS TVM CEDIDOS EM EMPRÉSTIMO;;N;Para negociação;;;;;660552.00;9142039.68;;;CSNA3;;;;;;;;1993-08-02;;;;
FIIM;21.407.758/0001-19;IT NOW IBOVESPA FUNDO DE ÍNDICE;2023-07-31;501306;4744242167.32;AÇÕES E OUTROS TVM CEDIDOS EM EMPRÉSTIMO;;N;Para negociação;;;;;241231.00;7507108.72;;;BBSE3;;;;;;;;2013-04-29;;;;
FIIM;21.407.758/0001-19;IT NOW IBOVESPA FUNDO DE ÍNDICE;2023-07-31;501306;4744242167.32;AÇÕES E OUTROS TVM CEDIDOS EM EMPRÉSTIMO;;N;Para negociação;;;;;117320.00;4824198.40;;;IRBR3;;;;;;;;2017-07-31;;;;
FIIM;21.407.758/0001-19;IT NOW IBOVESPA FUNDO DE ÍNDICE;2023-07-31;501306;4744242167.32;AÇÕES E OUTROS TVM CEDIDOS EM EMPRÉSTIMO;;N;Para negociação;;;;;1299538.00;6133819.36;;;CIEL3;;;;;;;;2009-12-18;;;;
FIIM;21.407.758/0001-19;IT NOW IBOVESPA FUNDO DE ÍNDICE;2023-07-31;501306;4744242167.32;AÇÕES E OUTROS TVM CEDIDOS EM EMPRÉSTIMO;;N;Para negociação;;;;;298818.00;2877617.34;;;ALPA4;;;;;;;;1973-03-19;;;;
FIIM;21.407.758/0001-19;IT NOW IBOVESPA FUNDO DE ÍNDICE;2023-07-31;501306;4744242167.32;AÇÕES E OUTROS TVM CEDIDOS EM EMPRÉSTIMO;;S;Para negociação;;;;;514166.00;14725714.24;;;ITUB4;;;;;;;;2009-05-20;;;;
FIIM;21.407.758/0001-19;IT NOW IBOVESPA FUNDO DE ÍNDICE;2023-07-31;501306;4744242167.32;AÇÕES E OUTROS TVM CEDIDOS EM EMPRÉSTIMO;;N;Para negociação;;;;;223163.00;5668340.20;;;BRKM5;;;;;;;;2002-09-02;;;;
FIIM;21.407.758/0001-19;IT NOW IBOVESPA FUNDO DE ÍNDICE;2023-07-31;501306;4744242167.32;AÇÕES E OUTROS TVM CEDIDOS EM EMPRÉSTIMO;;N;Para negociação;;;;;39466.00;1575482.72;;;WEGE3;;;;;;;;2004-08-02;;;;
FIIM;21.407.758/0001-19;IT NOW IBOVESPA FUNDO DE ÍNDICE;2023-07-31;501306;4744242167.32;AÇÕES E OUTROS TVM CEDIDOS EM EMPRÉSTIMO;;N;Para negociação;;;;;653964.00;13040042.16;;;CSAN3;;;;;;;;2005-11-18;;;;
FIIM;21.407.758/0001-19;IT NOW IBOVESPA FUNDO DE ÍNDICE;2023-07-31;501306;4744242167.32;AÇÕES E OUTROS TVM CEDIDOS EM EMPRÉSTIMO;;N;Para negociação;;;;;1737302.00;67146722.30;;;ELET3;;;;;;;;1983-09-01;;;;
FIIM;21.407.758/0001-19;IT NOW IBOVESPA FUNDO DE ÍNDICE;2023-07-31;501306;4744242167.32;AÇÕES E OUTROS TVM CEDIDOS EM EMPRÉSTIMO;;N;Para negociação;;;;;1852815.00;27606943.50;;;B3SA3;;;;;;;;2018-03-26;;;;
FIIM;21.407.758/0001-19;IT NOW IBOVESPA FUNDO DE ÍNDICE;2023-07-31;501306;4744242167.32;AÇÕES E OUTROS TVM CEDIDOS EM EMPRÉSTIMO;;N;Para negociação;;;;;291848.00;12852985.92;;;EGIE3;;;;;;;;2016-07-21;;;;
FIIM;21.407.758/0001-19;IT NOW IBOVESPA FUNDO DE ÍNDICE;2023-07-31;501306;4744242167.32;AÇÕES E OUTROS TVM CEDIDOS EM EMPRÉSTIMO;;N;Para negociação;;;;;255454.00;4521535.80;;;AZUL4;;;;;;;;2017-04-11;;;;
FIIM;21.407.758/0001-19;IT NOW IBOVESPA FUNDO DE ÍNDICE;2023-07-31;501306;4744242167.32;AÇÕES E OUTROS TVM CEDIDOS EM EMPRÉSTIMO;;N;Para negociação;;;;;3187279.00;10677384.65;;;MGLU3;;;;;;;;2011-05-02;;;;
FIIM;21.407.758/0001-19;IT NOW IBOVESPA FUNDO DE ÍNDICE;2023-07-31;501306;4744242167.32;AÇÕES E OUTROS TVM CEDIDOS EM EMPRÉSTIMO;;N;Para negociação;;;;;1583422.00;7046227.90;;;CMIN3;;;;;;;;2021-02-18;;;;
FIIM;21.407.758/0001-19;IT NOW IBOVESPA FUNDO DE ÍNDICE;2023-07-31;501306;4744242167.32;AÇÕES E OUTROS TVM CEDIDOS EM EMPRÉSTIMO;;N;Para negociação;;;;;842223.00;15791681.25;;;LREN3;;;;;;;;1973-07-24;;;;
FIIM;21.407.758/0001-19;IT NOW IBOVESPA FUNDO DE ÍNDICE;2023-07-31;501306;4744242167.32;AÇÕES E OUTROS TVM CEDIDOS EM EMPRÉSTIMO;;N;Para negociação;;;;;100274.00;995720.82;;;CASH3;;;;;;;;2020-11-05;;;;
FIIM;21.407.758/0001-19;IT NOW IBOVESPA FUNDO DE ÍNDICE;2023-07-31;501306;4744242167.32;AÇÕES E OUTROS TVM CEDIDOS EM EMPRÉSTIMO;;N;Para negociação;;;;;547089.00;16002353.25;;;GGBR4;;;;;;;;2001-02-01;;;;
FIIM;21.407.758/0001-19;IT NOW IBOVESPA FUNDO DE ÍNDICE;2023-07-31;501306;4744242167.32;AÇÕES E OUTROS TVM CEDIDOS EM EMPRÉSTIMO;;N;Para negociação;;;;;483033.00;22035965.46;;;PRIO3;;;;;;;;2015-06-26;;;;
FIIM;21.407.758/0001-19;IT NOW IBOVESPA FUNDO DE ÍNDICE;2023-07-31;501306;4744242167.32;AÇÕES E OUTROS TVM CEDIDOS EM EMPRÉSTIMO;;N;Para negociação;;;;;5030761.00;74757108.46;;;ABEV3;;;;;;;;2013-11-11;;;;
FIIM;21.407.758/0001-19;IT NOW IBOVESPA FUNDO DE ÍNDICE;2023-07-31;501306;4744242167.32;AÇÕES E OUTROS TVM CEDIDOS EM EMPRÉSTIMO;;N;Para negociação;;;;;307432.00;13413258.16;;;ELET6;;;;;;;;1974-11-13;;;;
FIIM;21.407.758/0001-19;IT NOW IBOVESPA FUNDO DE ÍNDICE;2023-07-31;501306;4744242167.32;CERTIFICADO OU RECIBO DE DEPÓSITO DE VALORES MOBILIÁRIOS;;N;Para negociação;0.00;0.00;0.00;0.00;359808.00;10276116.48;;;SANB11;;;;;;;;2009-10-07;;;;
FIIM;21.407.758/0001-19;IT NOW IBOVESPA FUNDO DE ÍNDICE;2023-07-31;501306;4744242167.32;CERTIFICADO OU RECIBO DE DEPÓSITO DE VALORES MOBILIÁRIOS;;N;Para negociação;0.00;0.00;0.00;0.00;2650879.00;90156394.79;;;BPAC11;;;;;;;;2017-02-16;;;;
FIIM;21.407.758/0001-19;IT NOW IBOVESPA FUNDO DE ÍNDICE;2023-07-31;501306;4744242167.32;CERTIFICADO OU RECIBO DE DEPÓSITO DE VALORES MOBILIÁRIOS;;N;Para negociação;0.00;0.00;0.00;0.00;842684.00;19381732.00;;;KLBN11;;;;;;;;2014-01-10;;;;
FIIM;21.407.758/0001-19;IT NOW IBOVESPA FUNDO DE ÍNDICE;2023-07-31;501306;4744242167.32;CERTIFICADO OU RECIBO DE DEPÓSITO DE VALORES MOBILIÁRIOS;;N;Para negociação;0.00;0.00;0.00;0.00;329820.00;7216461.60;;;IGTI11;;;;;;;;2021-11-22;;;;
FIIM;21.407.758/0001-19;IT NOW IBOVESPA FUNDO DE ÍNDICE;2023-07-31;501306;4744242167.32;CERTIFICADO OU RECIBO DE DEPÓSITO DE VALORES MOBILIÁRIOS;;N;Para negociação;0.00;0.00;0.00;0.00;266807.00;13391043.33;;;ENGI11;;;;;;;;2009-11-03;;;;
FIIM;21.407.758/0001-19;IT NOW IBOVESPA FUNDO DE ÍNDICE;2023-07-31;501306;4744242167.32;CERTIFICADO OU RECIBO DE DEPÓSITO DE VALORES MOBILIÁRIOS;;N;Para negociação;0.00;0.00;0.00;0.00;208600.00;7509600.00;;;TAEE11;;;;;;;;2012-05-28;;;;
FIIM;26.845.780/0001-64;MIRAE ASSET RENDA FIXA PRE FUNDO DE INDICE;2023-07-31;502341;106036361.56;TÍTULOS PÚBLICOS;;;Para negociação;0.00;0.00;0.00;0.00;4600.00;62473157.92;;;;;2025-09-01;;;;;210100;;;;;
FIIM;26.845.780/0001-64;MIRAE ASSET RENDA FIXA PRE FUNDO DE INDICE;2023-07-31;502341;106036361.56;TÍTULOS PÚBLICOS;;;Para negociação;0.00;0.00;0.00;0.00;1100.00;14944314.93;;;;;2024-09-01;;;;;210100;;;;;
FIIM;26.845.780/0001-64;MIRAE ASSET RENDA FIXA PRE FUNDO DE INDICE;2023-07-31;502341;106036361.56;MERCADO FUTURO - POSIÇÕES COMPRADAS;Futuro de DI1:DI de 1 dia;;Para negociação;1.00;75187.70;0.00;0.00;1402.00;180142.98;;;;Bolsa Mercadoria Futuros - FUT-DI1-N26;;PJ;54641030000106;BMF;;;;;;;
FIIM;26.845.780/0001-64;MIRAE ASSET RENDA FIXA PRE FUNDO DE INDICE;2023-07-31;502341;106036361.56;OPERAÇÕES COMPROMISSADAS;;N;Para negociação;0.00;0.00;0.00;0.00;6782.00;28400877.98;;;;;2024-08-15;;;;;760199;;;;;
FIIM;31.024.153/0001-00;IT NOW ID ETF IMA-B FUNDO DE ÍNDICE;2023-07-31;501307;2064473092.80;TÍTULOS PÚBLICOS;;;Para negociação;0.00;0.00;0.00;0.00;56753.00;245425011.09;;;760199;;;;;;;;2026-08-15;;;;
FIIM;31.024.153/0001-00;IT NOW ID ETF IMA-B FUNDO DE ÍNDICE;2023-07-31;501307;2064473092.80;TÍTULOS PÚBLICOS;;;Para negociação;0.00;0.00;0.00;0.00;51752.00;236244254.02;;;760199;;;;;;;;2050-08-15;;;;
FIIM;31.024.153/0001-00;IT NOW ID ETF IMA-B FUNDO DE ÍNDICE;2023-07-31;501307;2064473092.80;TÍTULOS PÚBLICOS;;;Para negociação;26.00;351726.98;31.00;419161.45;8.00;108649.06;;;210100;;;;;;;;2025-09-01;;;;
FIIM;31.024.153/0001-00;IT NOW ID ETF IMA-B FUNDO DE ÍNDICE;2023-07-31;501307;2064473092.80;TÍTULOS PÚBLICOS;;;Para negociação;0.00;0.00;0.00;0.00;61958.00;260454967.91;;;760199;;;;;;;;2024-08-15;;;;
FIIM;31.024.153/0001-00;IT NOW ID ETF IMA-B FUNDO DE ÍNDICE;2023-07-31;501307;2064473092.80;TÍTULOS PÚBLICOS;;;Para negociação;0.00;0.00;0.00;0.00;33663.00;150140881.53;;;760199;;;;;;;;2030-08-15;;;;
FIIM;31.024.153/0001-00;IT NOW ID ETF IMA-B FUNDO DE ÍNDICE;2023-07-31;501307;2064473092.80;TÍTULOS PÚBLICOS;;;Para negociação;0.00;0.00;0.00;0.00;11084.00;49606710.65;;;760199;;;;;;;;2032-08-15;;;;
FIIM;31.024.153/0001-00;IT NOW ID ETF IMA-B FUNDO DE ÍNDICE;2023-07-31;501307;2064473092.80;TÍTULOS PÚBLICOS;;;Para negociação;0.00;0.00;0.00;0.00;9576.00;44216954.15;;;760199;;;;;;;;2060-08-15;;;;
FIIM;31.024.153/0001-00;IT NOW ID ETF IMA-B FUNDO DE ÍNDICE;2023-07-31;501307;2064473092.80;TÍTULOS PÚBLICOS;;;Para negociação;0.00;0.00;0.00;0.00;3.00;40681.56;;;210100;;;;;;;;2026-03-01;;;;
FIIM;31.024.153/0001-00;IT NOW ID ETF IMA-B FUNDO DE ÍNDICE;2023-07-31;501307;2064473092.80;TÍTULOS PÚBLICOS;;;Para negociação;0.00;0.00;0.00;0.00;38242.00;170212650.17;;;760199;;;;;;;;2035-05-15;;;;
FIIM;31.024.153/0001-00;IT NOW ID ETF IMA-B FUNDO DE ÍNDICE;2023-07-31;501307;2064473092.80;TÍTULOS PÚBLICOS;;;Para negociação;0.00;0.00;0.00;0.00;40526.00;169972080.93;;;760199;;;;;;;;2025-05-15;;;;
FIIM;31.024.153/0001-00;IT NOW ID ETF IMA-B FUNDO DE ÍNDICE;2023-07-31;501307;2064473092.80;TÍTULOS PÚBLICOS;;;Para negociação;38.00;511519.57;19.00;256306.56;18.00;244492.01;;;210100;;;;;;;;2025-03-01;;;;
FIIM;31.024.153/0001-00;IT NOW ID ETF IMA-B FUNDO DE ÍNDICE;2023-07-31;501307;2064473092.80;TÍTULOS PÚBLICOS;;;Para negociação;0.00;0.00;0.00;0.00;24841.00;106602103.79;;;760199;;;;;;;;2027-05-15;;;;
FIIM;31.024.153/0001-00;IT NOW ID ETF IMA-B FUNDO DE ÍNDICE;2023-07-31;501307;2064473092.80;TÍTULOS PÚBLICOS;;;Para negociação;0.00;0.00;0.00;0.00;31643.00;142095889.15;;;760199;;;;;;;;2045-05-15;;;;
FIIM;31.024.153/0001-00;IT NOW ID ETF IMA-B FUNDO DE ÍNDICE;2023-07-31;501307;2064473092.80;TÍTULOS PÚBLICOS;;;Para negociação;0.00;0.00;0.00;0.00;43573.00;191537427.41;;;760199;;;;;;;;2028-08-15;;;;
FIIM;31.024.153/0001-00;IT NOW ID ETF IMA-B FUNDO DE ÍNDICE;2023-07-31;501307;2064473092.80;TÍTULOS PÚBLICOS;;;Para negociação;0.00;0.00;0.00;0.00;7736.00;34120574.13;;;760199;;;;;;;;2033-05-15;;;;
FIIM;31.024.153/0001-00;IT NOW ID ETF IMA-B FUNDO DE ÍNDICE;2023-07-31;501307;2064473092.80;TÍTULOS PÚBLICOS;;;Para negociação;0.00;0.00;0.00;0.00;25563.00;116029946.85;;;760199;;;;;;;;2040-08-15;;;;
FIIM;31.024.153/0001-00;IT NOW ID ETF IMA-B FUNDO DE ÍNDICE;2023-07-31;501307;2064473092.80;TÍTULOS PÚBLICOS;;;Para negociação;0.00;0.00;0.00;0.00;32570.00;147779539.85;;;760199;;;;;;;;2055-05-15;;;;
FIIM;31.024.153/0001-00;IT NOW ID ETF IMA-B FUNDO DE ÍNDICE;2023-07-31;501307;2064473092.80;DISPONIBILIDADES;;;Para negociação;;;;;;81336.99;;;DISPONIBILIDADES;;;;;;;;;;;;
FIIM;31.024.153/0001-00;IT NOW ID ETF IMA-B FUNDO DE ÍNDICE;2023-07-31;501307;2064473092.80;VALORES A PAGAR;;;Para negociação;;;;;;473054.17;;;VALORES A PAGAR;;;;;;;;;;;;
FIIM;31.024.153/0001-00;IT NOW ID ETF IMA-B FUNDO DE ÍNDICE;2023-07-31;501307;2064473092.80;VALORES A RECEBER;;;Para negociação;;;;;;31995.72;;;VALORES A RECEBER;;;;;;;;;;;;
FIIM;32.203.211/0001-18;ETF BRADESCO IBOVESPA FUNDO DE ÍNDICE;2023-07-31;500144;1281460461.36;AÇÕES;Ação ordinária;N;Para negociação;1655.00;41516.72;1605.00;39895.69;229296.00;5574185.76;;;ALSO3;;;;;;;;2019-08-06;;;;
FIIM;32.203.211/0001-18;ETF BRADESCO IBOVESPA FUNDO DE ÍNDICE;2023-07-31;500144;1281460461.36;AÇÕES;Ação ordinária;N;Para negociação;3637.00;71626.62;3478.00;66717.20;251416.00;5013235.04;;;CSAN3;;;;;;;;2005-11-18;;;;
FIIM;32.203.211/0001-18;ETF BRADESCO IBOVESPA FUNDO DE ÍNDICE;2023-07-31;500144;1281460461.36;AÇÕES;Ação ordinária;N;Para negociação;1057.00;59271.57;1025.00;56849.85;73843.00;4290278.30;;;SBSP3;;;;;;;;1997-03-11;;;;
FIIM;32.203.211/0001-18;ETF BRADESCO IBOVESPA FUNDO DE ÍNDICE;2023-07-31;500144;1281460461.36;AÇÕES;Ação ordinária;N;Para negociação;3466.00;116703.93;3316.00;109634.08;385824.00;12940536.96;;;EQTL3;;;;;;;;2006-04-03;;;;
FIIM;32.203.211/0001-18;ETF BRADESCO IBOVESPA FUNDO DE ÍNDICE;2023-07-31;500144;1281460461.36;AÇÕES;Ação ordinária;N;Para negociação;2510.00;36318.40;2415.00;34065.49;168588.00;2417551.92;;;TIMS3;;;;;;;;2020-10-13;;;;
FIIM;32.203.211/0001-18;ETF BRADESCO IBOVESPA FUNDO DE ÍNDICE;2023-07-31;500144;1281460461.36;AÇÕES;Ação ordinária;N;Para negociação;2085.00;65339.48;1993.00;61601.72;146301.00;4552887.12;;;BBSE3;;;;;;;;2013-04-29;;;;
FIIM;32.203.211/0001-18;ETF BRADESCO IBOVESPA FUNDO DE ÍNDICE;2023-07-31;500144;1281460461.36;AÇÕES;Ação ordinária;N;Para negociação;330.00;13886.36;328.00;13382.40;29958.00;1307666.70;;;SLCE3;;;;;;;;2007-06-15;;;;
FIIM;32.203.211/0001-18;ETF BRADESCO IBOVESPA FUNDO DE ÍNDICE;2023-07-31;500144;1281460461.36;AÇÕES;Ação ordinária;N;Para negociação;853.00;6829.46;826.00;6520.28;57321.00;479776.77;;;DXCO3;;;;;;;;2021-08-19;;;;
FIIM;32.203.211/0001-18;ETF BRADESCO IBOVESPA FUNDO DE ÍNDICE;2023-07-31;500144;1281460461.36;AÇÕES;Ação ordinária;N;Para negociação;3100.00;42013.66;2971.00;40703.63;329485.00;4378855.65;;;CCRO3;;;;;;;;2002-02-01;;;;
FIIM;32.203.211/0001-18;ETF BRADESCO IBOVESPA FUNDO DE ÍNDICE;2023-07-31;500144;1281460461.36;AÇÕES;Ação ordinária;N;Para negociação;17807.00;262079.51;17053.00;247378.26;1423749.00;21213860.10;;;B3SA3;;;;;;;;2018-03-26;;;;
FIIM;32.203.211/0001-18;ETF BRADESCO IBOVESPA FUNDO DE ÍNDICE;2023-07-31;500144;1281460461.36;AÇÕES;Ação ordinária;N;Para negociação;2283.00;41614.57;2169.00;38803.06;154353.00;2857074.03;;;EMBR3;;;;;;;;1989-08-28;;;;
FIIM;32.203.211/0001-18;ETF BRADESCO IBOVESPA FUNDO DE ÍNDICE;2023-07-31;500144;1281460461.36;AÇÕES;Ação ordinária;N;Para negociação;2257.00;103136.10;2158.00;95834.41;151802.00;7297122.14;;;SUZB3;;;;;;;;2004-08-05;;;;
FIIM;32.203.211/0001-18;ETF BRADESCO IBOVESPA FUNDO DE ÍNDICE;2023-07-31;500144;1281460461.36;AÇÕES;Ação ordinária;N;Para negociação;4900.00;62971.58;4682.00;57865.00;451084.00;6030993.08;;;ENEV3;;;;;;;;2013-10-22;;;;
FIIM;32.203.211/0001-18;ETF BRADESCO IBOVESPA FUNDO DE ÍNDICE;2023-07-31;500144;1281460461.36;AÇÕES;Ação ordinária;N;Para negociação;4898.00;10362.04;4693.00;9448.65;400538.00;865162.08;;;VIIA3;;;;;;;;2021-08-16;;;;
FIIM;32.203.211/0001-18;ETF BRADESCO IBOVESPA FUNDO DE ÍNDICE;2023-07-31;500144;1281460461.36;AÇÕES;Ação ordinária;N;Para negociação;8926.00;27925.46;8564.00;26366.92;598462.00;2004847.70;;;MGLU3;;;;;;;;2011-05-02;;;;
FIIM;32.203.211/0001-18;ETF BRADESCO IBOVESPA FUNDO DE ÍNDICE;2023-07-31;500144;1281460461.36;AÇÕES;Ação ordinária;N;Para negociação;13428.00;60401.32;12873.00;56184.07;1032326.00;4955164.80;;;HAPV3;;;;;;;;2018-04-25;;;;
FIIM;32.203.211/0001-18;ETF BRADESCO IBOVESPA FUNDO DE ÍNDICE;2023-07-31;500144;1281460461.36;AÇÕES;Ação ordinária;N;Para negociação;729.00;25053.35;690.00;22176.57;48896.00;1738252.80;;;RRRP3;;;;;;;;2020-11-12;;;;
FIIM;32.203.211/0001-18;ETF BRADESCO IBOVESPA FUNDO DE ÍNDICE;2023-07-31;500144;1281460461.36;AÇÕES;Ação ordinária;N;Para negociação;3776.00;88553.28;3615.00;82419.34;408932.00;9503579.68;;;RAIL3;;;;;;;;2017-03-13;;;;
FIIM;32.203.211/0001-18;ETF BRADESCO IBOVESPA FUNDO DE ÍNDICE;2023-07-31;500144;1281460461.36;AÇÕES;Ação ordinária;N;Para negociação;299.00;6233.79;267.00;5266.26;21676.00;471019.48;;;EZTC3;;;;;;;;2007-06-22;;;;
FIIM;32.203.211/0001-18;ETF BRADESCO IBOVESPA FUNDO DE ÍNDICE;2023-07-31;500144;1281460461.36;AÇÕES;Ação ordinária;N;Para negociação;1043.00;7049.75;1022.00;6860.44;90656.00;634592.00;;;PETZ3;;;;;;;;2020-09-11;;;;
FIIM;32.203.211/0001-18;ETF BRADESCO IBOVESPA FUNDO DE ÍNDICE;2023-07-31;500144;1281460461.36;AÇÕES;Ação ordinária;N;Para negociação;1642.00;19795.16;1595.00;18309.43;117839.00;1616751.08;;;CRFB3;;;;;;;;2017-07-20;;;;
FIIM;32.203.211/0001-18;ETF BRADESCO IBOVESPA FUNDO DE ÍNDICE;2023-07-31;500144;1281460461.36;AÇÕES;Ação ordinária;N;Para negociação;189.00;15714.13;199.00;16185.57;12726.00;1048622.40;;;ARZZ3;;;;;;;;2011-02-02;;;;
FIIM;32.203.211/0001-18;ETF BRADESCO IBOVESPA FUNDO DE ÍNDICE;2023-07-31;500144;1281460461.36;AÇÕES;Ação ordinária;N;Para negociação;3915.00;152940.11;3744.00;138502.72;366258.00;14621019.36;;;WEGE3;;;;;;;;2004-08-02;;;;
FIIM;32.203.211/0001-18;ETF BRADESCO IBOVESPA FUNDO DE ÍNDICE;2023-07-31;500144;1281460461.36;AÇÕES;Ação ordinária;N;Para negociação;582.00;20898.15;582.00;20543.80;56356.00;2016417.68;;;CPFE3;;;;;;;;2004-09-29;;;;
FIIM;32.203.211/0001-18;ETF BRADESCO IBOVESPA FUNDO DE ÍNDICE;2023-07-31;500144;1281460461.36;AÇÕES;Ação ordinária;N;Para negociação;793.00;35434.98;753.00;33643.45;54692.00;2408635.68;;;EGIE3;;;;;;;;2016-07-21;;;;
FIIM;32.203.211/0001-18;ETF BRADESCO IBOVESPA FUNDO DE ÍNDICE;2023-07-31;500144;1281460461.36;AÇÕES;Ação ordinária;N;Para negociação;1337.00;10309.24;1276.00;10152.68;119567.00;885991.47;;;LWSA3;;;;;;;;2020-02-06;;;;
FIIM;32.203.211/0001-18;ETF BRADESCO IBOVESPA FUNDO DE ÍNDICE;2023-07-31;500144;1281460461.36;AÇÕES;Ação ordinária;N;Para negociação;2605.00;45368.50;2513.00;41746.43;209218.00;3822412.86;;;NTCO3;;;;;;;;2019-12-18;;;;
FIIM;32.203.211/0001-18;ETF BRADESCO IBOVESPA FUNDO DE ÍNDICE;2023-07-31;500144;1281460461.36;AÇÕES;Ação ordinária;N;Para negociação;3525.00;63861.23;3396.00;62865.94;382948.00;7191763.44;;;JBSS3;;;;;;;;2007-03-29;;;;
FIIM;32.203.211/0001-18;ETF BRADESCO IBOVESPA FUNDO DE ÍNDICE;2023-07-31;500144;1281460461.36;AÇÕES;Ação ordinária;N;Para negociação;920.00;18848.76;883.00;17702.38;93377.00;2072035.63;;;YDUQ3;;;;;;;;2019-07-23;;;;
FIIM;32.203.211/0001-18;ETF BRADESCO IBOVESPA FUNDO DE ÍNDICE;2023-07-31;500144;1281460461.36;AÇÕES;Ação ordinária;N;Para negociação;215.00;1828.73;202.00;1516.40;21396.00;212462.28;;;CASH3;;;;;;;;2020-11-05;;;;
FIIM;32.203.211/0001-18;ETF BRADESCO IBOVESPA FUNDO DE ÍNDICE;2023-07-31;500144;1281460461.36;AÇÕES;Ação ordinária;N;Para negociação;3380.00;64428.77;3241.00;62203.51;296636.00;5603454.04;;;UGPA3;;;;;;;;1999-10-13;;;;
FIIM;32.203.211/0001-18;ETF BRADESCO IBOVESPA FUNDO DE ÍNDICE;2023-07-31;500144;1281460461.36;AÇÕES;Ação ordinária;S;Para negociação;253.00;11708.86;260.00;12983.38;17191.00;706893.92;;;IRBR3;;;;;;;;2017-07-31;;;;
FIIM;32.203.211/0001-18;ETF BRADESCO IBOVESPA FUNDO DE ÍNDICE;2023-07-31;500144;1281460461.36;AÇÕES;Ação ordinária;S;Para negociação;4660.00;68621.02;4473.00;64849.96;316522.00;4700351.70;;;BBDC3;;;;;;;;1973-12-06;;;;
FIIM;32.203.211/0001-18;ETF BRADESCO IBOVESPA FUNDO DE ÍNDICE;2023-07-31;500144;1281460461.36;AÇÕES;Ação ordinária;N;Para negociação;4412.00;213845.64;4246.00;204257.52;318129.00;15330636.51;;;BBAS3;;;;;;;;1973-05-31;;;;
FIIM;32.203.211/0001-18;ETF BRADESCO IBOVESPA FUNDO DE ÍNDICE;2023-07-31;500144;1281460461.36;AÇÕES;Ação ordinária;N;Para negociação;445.00;14962.75;446.00;14964.39;40313.00;1349276.11;;;SMTO3;;;;;;;;2007-02-12;;;;
FIIM;32.203.211/0001-18;ETF BRADESCO IBOVESPA FUNDO DE ÍNDICE;2023-07-31;500144;1281460461.36;AÇÕES;Ação ordinária;N;Para negociação;9288.00;314811.78;8916.00;295486.31;631962.00;21998597.22;;;PETR3;;;;;;;;1973-09-18;;;;
FIIM;32.203.211/0001-18;ETF BRADESCO IBOVESPA FUNDO DE ÍNDICE;2023-07-31;500144;1281460461.36;AÇÕES;Ação ordinária;N;Para negociação;1314.00;56363.48;1265.00;52552.70;88194.00;3713849.34;;;VIVT3;;;;;;;;2011-10-06;;;;
FIIM;32.203.211/0001-18;ETF BRADESCO IBOVESPA FUNDO DE ÍNDICE;2023-07-31;500144;1281460461.36;AÇÕES;Ação ordinária;N;Para negociação;908.00;6481.81;871.00;6459.89;61303.00;454868.26;;;MRFG3;;;;;;;;2007-06-28;;;;
FIIM;32.203.211/0001-18;ETF BRADESCO IBOVESPA FUNDO DE ÍNDICE;2023-07-31;500144;1281460461.36;AÇÕES;Ação ordinária;N;Para negociação;810.00;8011.70;796.00;7869.28;64087.00;646637.83;;;BEEF3;;;;;;;;2007-07-20;;;;
FIIM;32.203.211/0001-18;ETF BRADESCO IBOVESPA FUNDO DE ÍNDICE;2023-07-31;500144;1281460461.36;AÇÕES;Ação ordinária;N;Para negociação;418.00;5536.40;46883.00;661870.88;176542.00;2453933.80;;;MRVE3;;;;;;;;2007-07-23;;;;
FIIM;32.203.211/0001-18;ETF BRADESCO IBOVESPA FUNDO DE ÍNDICE;2023-07-31;500144;1281460461.36;AÇÕES;Ação ordinária;N;Para negociação;1597.00;47859.95;1518.00;45153.81;125039.00;3697403.23;;;TOTS3;;;;;;;;2006-03-09;;;;
FIIM;32.203.211/0001-18;ETF BRADESCO IBOVESPA FUNDO DE ÍNDICE;2023-07-31;500144;1281460461.36;AÇÕES;Ação ordinária;N;Para negociação;5639.00;18849.91;5388.00;17436.91;378060.00;1266501.00;;;COGN3;;;;;;;;2019-10-11;;;;
FIIM;32.203.211/0001-18;ETF BRADESCO IBOVESPA FUNDO DE ÍNDICE;2023-07-31;500144;1281460461.36;AÇÕES;Ação ordinária;N;Para negociação;1245.00;56249.95;1172.00;52920.95;102513.00;4434712.38;;;HYPE3;;;;;;;;2008-04-18;;;;
FIIM;32.203.211/0001-18;ETF BRADESCO IBOVESPA FUNDO DE ÍNDICE;2023-07-31;500144;1281460461.36;AÇÕES;Ação ordinária;N;Para negociação;1318.00;4208.36;102821.00;352385.96;103626.00;308805.48;;;CVCB3;;;;;;;;2013-12-09;;;;
FIIM;32.203.211/0001-18;ETF BRADESCO IBOVESPA FUNDO DE ÍNDICE;2023-07-31;500144;1281460461.36;AÇÕES;Ação ordinária;N;Para negociação;1508.00;14780.39;358132.00;3071907.89;365270.00;3565035.20;;;BRFS3;;;;;;;;2009-12-10;;;;
FIIM;32.203.211/0001-18;ETF BRADESCO IBOVESPA FUNDO DE ÍNDICE;2023-07-31;500144;1281460461.36;AÇÕES;Ação ordinária;N;Para negociação;491.00;10607.61;478.00;10019.42;41931.00;867971.70;;;PCAR3;;;;;;;;1995-10-03;;;;
FIIM;32.203.211/0001-18;ETF BRADESCO IBOVESPA FUNDO DE ÍNDICE;2023-07-31;500144;1281460461.36;AÇÕES;Ação ordinária;N;Para negociação;852.00;19187.42;835.00;17635.41;58961.00;1404451.02;;;CYRE3;;;;;;;;1996-05-27;;;;
FIIM;32.203.211/0001-18;ETF BRADESCO IBOVESPA FUNDO DE ÍNDICE;2023-07-31;500144;1281460461.36;AÇÕES;Ação ordinária;N;Para negociação;2952.00;57388.05;2823.00;53138.46;362217.00;6791568.75;;;LREN3;;;;;;;;1973-07-24;;;;
FIIM;32.203.211/0001-18;ETF BRADESCO IBOVESPA FUNDO DE ÍNDICE;2023-07-31;500144;1281460461.36;AÇÕES;Ação ordinária;N;Para negociação;12531.00;867038.91;12010.00;808947.01;1354247.00;93659722.52;;;VALE3;;;;;;;;1982-02-15;;;;
FIIM;32.203.211/0001-18;ETF BRADESCO IBOVESPA FUNDO DE ÍNDICE;2023-07-31;500144;1281460461.36;AÇÕES;Ação ordinária;N;Para negociação;3615.00;103521.68;3461.00;98502.97;260601.00;7549610.97;;;RADL3;;;;;;;;2011-12-19;;;;
FIIM;32.203.211/0001-18;ETF BRADESCO IBOVESPA FUNDO DE ÍNDICE;2023-07-31;500144;1281460461.36;AÇÕES;Ação ordinária;N;Para negociação;3402.00;118536.99;3256.00;106015.75;237760.00;8559360.00;;;RDOR3;;;;;;;;2021-06-25;;;;
FIIM;32.203.211/0001-18;ETF BRADESCO IBOVESPA FUNDO DE ÍNDICE;2023-07-31;500144;1281460461.36;AÇÕES;Ação ordinária;N;Para negociação;6271.00;247361.69;5989.00;231239.89;816930.00;31574344.50;;;ELET3;;;;;;;;1983-09-01;;;;
FIIM;32.203.211/0001-18;ETF BRADESCO IBOVESPA FUNDO DE ÍNDICE;2023-07-31;500144;1281460461.36;AÇÕES;Ação ordinária;S;Para negociação;3401.00;16033.06;3251.00;14879.41;217575.00;1026954.00;;;CIEL3;;;;;;;;2009-12-18;;;;
FIIM;32.203.211/0001-18;ETF BRADESCO IBOVESPA FUNDO DE ÍNDICE;2023-07-31;500144;1281460461.36;AÇÕES;Ação ordinária;S;Para negociação;1311.00;21071.73;1266.00;19870.48;102754.00;1655366.94;;;FLRY3;;;;;;;;2009-12-17;;;;
FIIM;32.203.211/0001-18;ETF BRADESCO IBOVESPA FUNDO DE ÍNDICE;2023-07-31;500144;1281460461.36;AÇÕES;Ação ordinária;N;Para negociação;3450.00;15007.74;3329.00;13894.17;246199.00;1095585.55;;;CMIN3;;;;;;;;2021-05-03;;;;
FIIM;32.203.211/0001-18;ETF BRADESCO IBOVESPA FUNDO DE ÍNDICE;2023-07-31;500144;1281460461.36;AÇÕES;Ação ordinária;N;Para negociação;1863.00;127004.91;42880.00;3006713.30;378452.00;25439543.44;;;RENT3;;;;;;;;2005-05-23;;;;
FIIM;32.203.211/0001-18;ETF BRADESCO IBOVESPA FUNDO DE ÍNDICE;2023-07-31;500144;1281460461.36;AÇÕES;Ação ordinária;N;Para negociação;3698.00;49013.39;3551.00;46993.24;391478.00;5273208.66;;;ASAI3;;;;;;;;2021-03-01;;;;
FIIM;32.203.211/0001-18;ETF BRADESCO IBOVESPA FUNDO DE ÍNDICE;2023-07-31;500144;1281460461.36;AÇÕES;Ação ordinária;N;Para negociação;13623.00;203496.41;13051.00;194020.18;1041907.00;15482738.02;;;ABEV3;;;;;;;;2013-11-11;;;;
FIIM;32.203.211/0001-18;ETF BRADESCO IBOVESPA FUNDO DE ÍNDICE;2023-07-31;500144;1281460461.36;AÇÕES;Ação ordinária;N;Para negociação;1524.00;17599.38;1484.00;16779.83;197632.00;2221383.68;;;SOMA3;;;;;;;;2020-07-31;;;;
FIIM;32.203.211/0001-18;ETF BRADESCO IBOVESPA FUNDO DE ÍNDICE;2023-07-31;500144;1281460461.36;AÇÕES;Ação ordinária;N;Para negociação;2607.00;112320.53;2511.00;104550.89;174756.00;7972368.72;;;PRIO3;;;;;;;;2015-06-26;;;;
FIIM;32.203.211/0001-18;ETF BRADESCO IBOVESPA FUNDO DE ÍNDICE;2023-07-31;500144;1281460461.36;AÇÕES;Ação ordinária;N;Para negociação;829.00;22235.62;818.00;22283.10;55661.00;1470007.01;;;MULT3;;;;;;;;2007-07-27;;;;
FIIM;32.203.211/0001-18;ETF BRADESCO IBOVESPA FUNDO DE ÍNDICE;2023-07-31;500144;1281460461.36;AÇÕES;Ação ordinária;N;Para negociação;3462.00;61148.02;3333.00;58880.77;548437.00;9394725.81;;;VBBR3;;;;;;;;2021-10-22;;;;
FIIM;32.203.211/0001-18;ETF BRADESCO IBOVESPA FUNDO DE ÍNDICE;2023-07-31;500144;1281460461.36;AÇÕES;Ação ordinária;N;Para negociação;1832.00;24565.07;1742.00;22055.62;135427.00;1874309.68;;;CSNA3;;;;;;;;1993-08-02;;;;
FIIM;32.203.211/0001-18;ETF BRADESCO IBOVESPA FUNDO DE ÍNDICE;2023-07-31;500144;1281460461.36;AÇÕES;Ação preferencial;N;Para negociação;4856.00;40644.36;4650.00;37631.72;476685.00;3985086.60;;;CPLE6;;;;;;;;1996-11-14;;;;
FIIM;32.203.211/0001-18;ETF BRADESCO IBOVESPA FUNDO DE ÍNDICE;2023-07-31;500144;1281460461.36;AÇÕES;Ação preferencial;N;Para negociação;626.00;5871.03;617.00;5531.45;64604.00;622136.52;;;ALPA4;;;;;;;;1973-03-19;;;;
FIIM;32.203.211/0001-18;ETF BRADESCO IBOVESPA FUNDO DE ÍNDICE;2023-07-31;500144;1281460461.36;AÇÕES;Ação preferencial;N;Para negociação;14913.00;430190.25;14310.00;407176.27;1241244.00;35549228.16;;;ITUB4;;;;;;;;2009-05-20;;;;
FIIM;32.203.211/0001-18;ETF BRADESCO IBOVESPA FUNDO DE ÍNDICE;2023-07-31;500144;1281460461.36;AÇÕES;Ação preferencial;N;Para negociação;1017.00;19021.98;966.00;18273.56;121368.00;2148213.60;;;AZUL4;;;;;;;;2017-04-11;;;;
FIIM;32.203.211/0001-18;ETF BRADESCO IBOVESPA FUNDO DE ÍNDICE;2023-07-31;500144;1281460461.36;AÇÕES;Ação preferencial;N;Para negociação;3729.00;15686.08;3590.00;15297.48;309670.00;1288227.20;;;RAIZ4;;;;;;;;2021-08-05;;;;
FIIM;32.203.211/0001-18;ETF BRADESCO IBOVESPA FUNDO DE ÍNDICE;2023-07-31;500144;1281460461.36;AÇÕES;Ação preferencial;S;Para negociação;15984.00;264390.93;15327.00;250679.55;1088942.00;18141773.72;;;BBDC4;;;;;;;;1973-12-06;;;;
FIIM;32.203.211/0001-18;ETF BRADESCO IBOVESPA FUNDO DE ÍNDICE;2023-07-31;500144;1281460461.36;AÇÕES;Ação preferencial;N;Para negociação;14184.00;430835.62;13627.00;402580.00;1400106.00;43557297.66;;;PETR4;;;;;;;;1973-09-18;;;;
FIIM;32.203.211/0001-18;ETF BRADESCO IBOVESPA FUNDO DE ÍNDICE;2023-07-31;500144;1281460461.36;AÇÕES;Ação preferencial;N;Para negociação;824.00;21410.87;788.00;20646.72;105900.00;2689860.00;;;BRKM5;;;;;;;;2002-09-02;;;;
FIIM;32.203.211/0001-18;ETF BRADESCO IBOVESPA FUNDO DE ÍNDICE;2023-07-31;500144;1281460461.36;AÇÕES;Ação preferencial;N;Para negociação;15574.00;152251.08;14956.00;144747.85;1720239.00;16892746.98;;;ITSA4;;;;;;;;1973-09-17;;;;
FIIM;32.203.211/0001-18;ETF BRADESCO IBOVESPA FUNDO DE ÍNDICE;2023-07-31;500144;1281460461.36;AÇÕES;Ação preferencial;N;Para negociação;856.00;37687.91;819.00;35357.41;57496.00;2508550.48;;;ELET6;;;;;;;;1974-11-13;;;;
FIIM;32.203.211/0001-18;ETF BRADESCO IBOVESPA FUNDO DE ÍNDICE;2023-07-31;500144;1281460461.36;AÇÕES;Ação preferencial;N;Para negociação;3395.00;94608.28;3278.00;88578.67;228661.00;6688334.25;;;GGBR4;;;;;;;;2001-02-01;;;;
FIIM;32.203.211/0001-18;ETF BRADESCO IBOVESPA FUNDO DE ÍNDICE;2023-07-31;500144;1281460461.36;AÇÕES;Ação preferencial;N;Para negociação;4479.00;56836.47;4300.00;54066.06;300172.00;3803179.24;;;CMIG4;;;;;;;;1973-08-20;;;;
FIIM;32.203.211/0001-18;ETF BRADESCO IBOVESPA FUNDO DE ÍNDICE;2023-07-31;500144;1281460461.36;AÇÕES;Ação preferencial;N;Para negociação;678.00;7404.85;631.00;7024.08;69726.00;671461.38;;;GOLL4;;;;;;;;2004-06-24;;;;
FIIM;32.203.211/0001-18;ETF BRADESCO IBOVESPA FUNDO DE ÍNDICE;2023-07-31;500144;1281460461.36;AÇÕES;Ação preferencial;N;Para negociação;1600.00;11919.93;1554.00;11389.41;108014.00;780941.22;;;USIM5;;;;;;;;1999-02-02;;;;
FIIM;32.203.211/0001-18;ETF BRADESCO IBOVESPA FUNDO DE ÍNDICE;2023-07-31;500144;1281460461.36;AÇÕES;Ação preferencial;N;Para negociação;2073.00;27145.66;1997.00;25373.39;261184.00;3591280.00;;;GOAU4;;;;;;;;1973-08-27;;;;
FIIM;32.203.211/0001-18;ETF BRADESCO IBOVESPA FUNDO DE ÍNDICE;2023-07-31;500144;1281460461.36;AÇÕES;Ação preferencial;S;Para negociação;779.00;18153.27;751.00;16935.48;64265.00;1509584.85;;;BRAP4;;;;;;;;2000-08-10;;;;
FIIM;32.203.211/0001-18;ETF BRADESCO IBOVESPA FUNDO DE ÍNDICE;2023-07-31;500144;1281460461.36;DISPONIBILIDADES;Outros;;Para negociação;;;;;;11515.17;;;;Disponibilidade;;;;;;;;;;;
FIIM;32.203.211/0001-18;ETF BRADESCO IBOVESPA FUNDO DE ÍNDICE;2023-07-31;500144;1281460461.36;VALORES A PAGAR;Outros;;Para negociação;;;;;;669580.09;;;;Valores a Pagar;;;;;;;;;;;
FIIM;32.203.211/0001-18;ETF BRADESCO IBOVESPA FUNDO DE ÍNDICE;2023-07-31;500144;1281460461.36;VALORES A RECEBER;Outros;;Para negociação;;;;;;16901612.07;;;;Valores a Receber;;;;;;;;;;;
FIIM;32.203.211/0001-18;ETF BRADESCO IBOVESPA FUNDO DE ÍNDICE;2023-07-31;500144;1281460461.36;MERCADO FUTURO - POSIÇÕES COMPRADAS;Futuro de IND:Ibovespa;;Para negociação;;;;;143.00;245989.00;;;;FUT IND/Q23;;;;;;;;;;;
FIIM;32.203.211/0001-18;ETF BRADESCO IBOVESPA FUNDO DE ÍNDICE;2023-07-31;500144;1281460461.36;AÇÕES E OUTROS TVM CEDIDOS EM EMPRÉSTIMO;Ação ordinária;N;Para negociação;;;;;203050.00;3807187.50;;;LREN3;;;;;;;;1973-07-24;;;;
FIIM;32.203.211/0001-18;ETF BRADESCO IBOVESPA FUNDO DE ÍNDICE;2023-07-31;500144;1281460461.36;AÇÕES E OUTROS TVM CEDIDOS EM EMPRÉSTIMO;Ação ordinária;N;Para negociação;;;;;413408.00;14882688.00;;;RDOR3;;;;;;;;2021-06-25;;;;
FIIM;32.203.211/0001-18;ETF BRADESCO IBOVESPA FUNDO DE ÍNDICE;2023-07-31;500144;1281460461.36;AÇÕES E OUTROS TVM CEDIDOS EM EMPRÉSTIMO;Ação ordinária;S;Para negociação;;;;;148640.00;2394590.40;;;FLRY3;;;;;;;;2009-12-17;;;;
FIIM;32.203.211/0001-18;ETF BRADESCO IBOVESPA FUNDO DE ÍNDICE;2023-07-31;500144;1281460461.36;AÇÕES E OUTROS TVM CEDIDOS EM EMPRÉSTIMO;Ação ordinária;N;Para negociação;;;;;163367.00;6879384.37;;;VIVT3;;;;;;;;2011-10-06;;;;
FIIM;32.203.211/0001-18;ETF BRADESCO IBOVESPA FUNDO DE ÍNDICE;2023-07-31;500144;1281460461.36;AÇÕES E OUTROS TVM CEDIDOS EM EMPRÉSTIMO;Ação ordinária;S;Para negociação;;;;;31235.00;1284383.20;;;IRBR3;;;;;;;;2017-07-31;;;;
FIIM;32.203.211/0001-18;ETF BRADESCO IBOVESPA FUNDO DE ÍNDICE;2023-07-31;500144;1281460461.36;AÇÕES E OUTROS TVM CEDIDOS EM EMPRÉSTIMO;Ação ordinária;N;Para negociação;;;;;159555.00;475473.90;;;CVCB3;;;;;;;;2013-12-09;;;;
FIIM;32.203.211/0001-18;ETF BRADESCO IBOVESPA FUNDO DE ÍNDICE;2023-07-31;500144;1281460461.36;AÇÕES E OUTROS TVM CEDIDOS EM EMPRÉSTIMO;Ação ordinária;N;Para negociação;;;;;537097.00;1160129.52;;;VIIA3;;;;;;;;2021-08-16;;;;
FIIM;32.203.211/0001-18;ETF BRADESCO IBOVESPA FUNDO DE ÍNDICE;2023-07-31;500144;1281460461.36;AÇÕES E OUTROS TVM CEDIDOS EM EMPRÉSTIMO;Ação ordinária;N;Para negociação;;;;;87237.00;2120731.47;;;ALSO3;;;;;;;;2019-08-06;;;;
FIIM;32.203.211/0001-18;ETF BRADESCO IBOVESPA FUNDO DE ÍNDICE;2023-07-31;500144;1281460461.36;AÇÕES E OUTROS TVM CEDIDOS EM EMPRÉSTIMO;Ação ordinária;N;Para negociação;;;;;44887.00;1502367.89;;;SMTO3;;;;;;;;2007-02-12;;;;
FIIM;32.203.211/0001-18;ETF BRADESCO IBOVESPA FUNDO DE ÍNDICE;2023-07-31;500144;1281460461.36;AÇÕES E OUTROS TVM CEDIDOS EM EMPRÉSTIMO;Ação ordinária;N;Para negociação;;;;;33007.00;1440755.55;;;SLCE3;;;;;;;;2007-06-15;;;;
FIIM;32.203.211/0001-18;ETF BRADESCO IBOVESPA FUNDO DE ÍNDICE;2023-07-31;500144;1281460461.36;AÇÕES E OUTROS TVM CEDIDOS EM EMPRÉSTIMO;Ação ordinária;N;Para negociação;;;;;280351.00;13476472.57;;;SUZB3;;;;;;;;2004-08-05;;;;
FIIM;32.203.211/0001-18;ETF BRADESCO IBOVESPA FUNDO DE ÍNDICE;2023-07-31;500144;1281460461.36;AÇÕES E OUTROS TVM CEDIDOS EM EMPRÉSTIMO;Ação ordinária;N;Para negociação;;;;;1146351.00;39904478.31;;;PETR3;;;;;;;;1973-09-18;;;;
FIIM;32.203.211/0001-18;ETF BRADESCO IBOVESPA FUNDO DE ÍNDICE;2023-07-31;500144;1281460461.36;AÇÕES E OUTROS TVM CEDIDOS EM EMPRÉSTIMO;Ação ordinária;N;Para negociação;;;;;350198.00;6615240.22;;;UGPA3;;;;;;;;1999-10-13;;;;
FIIM;32.203.211/0001-18;ETF BRADESCO IBOVESPA FUNDO DE ÍNDICE;2023-07-31;500144;1281460461.36;AÇÕES E OUTROS TVM CEDIDOS EM EMPRÉSTIMO;Ação ordinária;N;Para negociação;;;;;51947.00;1075302.90;;;PCAR3;;;;;;;;1995-10-03;;;;
FIIM;32.203.211/0001-18;ETF BRADESCO IBOVESPA FUNDO DE ÍNDICE;2023-07-31;500144;1281460461.36;AÇÕES E OUTROS TVM CEDIDOS EM EMPRÉSTIMO;Ação ordinária;N;Para negociação;;;;;23400.00;1928160.00;;;ARZZ3;;;;;;;;2011-02-02;;;;
FIIM;32.203.211/0001-18;ETF BRADESCO IBOVESPA FUNDO DE ÍNDICE;2023-07-31;500144;1281460461.36;AÇÕES E OUTROS TVM CEDIDOS EM EMPRÉSTIMO;Ação ordinária;N;Para negociação;;;;;19722.00;195839.46;;;CASH3;;;;;;;;2020-11-05;;;;
FIIM;32.203.211/0001-18;ETF BRADESCO IBOVESPA FUNDO DE ÍNDICE;2023-07-31;500144;1281460461.36;AÇÕES E OUTROS TVM CEDIDOS EM EMPRÉSTIMO;Ação ordinária;N;Para negociação;;;;;1985202.00;29579509.80;;;B3SA3;;;;;;;;2018-03-26;;;;
FIIM;32.203.211/0001-18;ETF BRADESCO IBOVESPA FUNDO DE ÍNDICE;2023-07-31;500144;1281460461.36;AÇÕES E OUTROS TVM CEDIDOS EM EMPRÉSTIMO;Ação ordinária;N;Para negociação;;;;;264179.00;3510938.91;;;CCRO3;;;;;;;;2002-02-01;;;;
FIIM;32.203.211/0001-18;ETF BRADESCO IBOVESPA FUNDO DE ÍNDICE;2023-07-31;500144;1281460461.36;AÇÕES E OUTROS TVM CEDIDOS EM EMPRÉSTIMO;Ação ordinária;N;Para negociação;;;;;383525.00;14823241.25;;;ELET3;;;;;;;;1983-09-01;;;;
FIIM;32.203.211/0001-18;ETF BRADESCO IBOVESPA FUNDO DE ÍNDICE;2023-07-31;500144;1281460461.36;AÇÕES E OUTROS TVM CEDIDOS EM EMPRÉSTIMO;Ação ordinária;N;Para negociação;;;;;55266.00;1977417.48;;;CPFE3;;;;;;;;2004-09-29;;;;
FIIM;32.203.211/0001-18;ETF BRADESCO IBOVESPA FUNDO DE ÍNDICE;2023-07-31;500144;1281460461.36;AÇÕES E OUTROS TVM CEDIDOS EM EMPRÉSTIMO;Ação ordinária;N;Para negociação;;;;;289576.00;5290553.52;;;NTCO3;;;;;;;;2019-12-18;;;;
FIIM;32.203.211/0001-18;ETF BRADESCO IBOVESPA FUNDO DE ÍNDICE;2023-07-31;500144;1281460461.36;AÇÕES E OUTROS TVM CEDIDOS EM EMPRÉSTIMO;Ação ordinária;N;Para negociação;;;;;90706.00;915223.54;;;BEEF3;;;;;;;;2007-07-20;;;;
FIIM;32.203.211/0001-18;ETF BRADESCO IBOVESPA FUNDO DE ÍNDICE;2023-07-31;500144;1281460461.36;AÇÕES E OUTROS TVM CEDIDOS EM EMPRÉSTIMO;Ação ordinária;N;Para negociação;;;;;431461.00;12499425.17;;;RADL3;;;;;;;;2011-12-19;;;;
FIIM;32.203.211/0001-18;ETF BRADESCO IBOVESPA FUNDO DE ÍNDICE;2023-07-31;500144;1281460461.36;AÇÕES E OUTROS TVM CEDIDOS EM EMPRÉSTIMO;Ação ordinária;N;Para negociação;;;;;112663.00;835959.46;;;MRFG3;;;;;;;;2007-06-28;;;;
FIIM;32.203.211/0001-18;ETF BRADESCO IBOVESPA FUNDO DE ÍNDICE;2023-07-31;500144;1281460461.36;AÇÕES E OUTROS TVM CEDIDOS EM EMPRÉSTIMO;Ação ordinária;S;Para negociação;;;;;433726.00;2047186.72;;;CIEL3;;;;;;;;2009-12-18;;;;
FIIM;32.203.211/0001-18;ETF BRADESCO IBOVESPA FUNDO DE ÍNDICE;2023-07-31;500144;1281460461.36;AÇÕES E OUTROS TVM CEDIDOS EM EMPRÉSTIMO;Ação ordinária;N;Para negociação;;;;;487087.00;6512353.19;;;ENEV3;;;;;;;;2013-10-22;;;;
FIIM;32.203.211/0001-18;ETF BRADESCO IBOVESPA FUNDO DE ÍNDICE;2023-07-31;500144;1281460461.36;AÇÕES E OUTROS TVM CEDIDOS EM EMPRÉSTIMO;Ação ordinária;N;Para negociação;;;;;313862.00;7294152.88;;;RAIL3;;;;;;;;2017-03-13;;;;
FIIM;32.203.211/0001-18;ETF BRADESCO IBOVESPA FUNDO DE ÍNDICE;2023-07-31;500144;1281460461.36;AÇÕES E OUTROS TVM CEDIDOS EM EMPRÉSTIMO;Ação ordinária;N;Para negociação;;;;;444872.00;8870747.68;;;CSAN3;;;;;;;;2005-11-18;;;;
FIIM;32.203.211/0001-18;ETF BRADESCO IBOVESPA FUNDO DE ÍNDICE;2023-07-31;500144;1281460461.36;AÇÕES E OUTROS TVM CEDIDOS EM EMPRÉSTIMO;Ação ordinária;N;Para negociação;;;;;114186.00;1956006.18;;;VBBR3;;;;;;;;2021-10-22;;;;
FIIM;32.203.211/0001-18;ETF BRADESCO IBOVESPA FUNDO DE ÍNDICE;2023-07-31;500144;1281460461.36;AÇÕES E OUTROS TVM CEDIDOS EM EMPRÉSTIMO;Ação ordinária;N;Para negociação;;;;;51484.00;715627.60;;;MRVE3;;;;;;;;2007-07-23;;;;
FIIM;32.203.211/0001-18;ETF BRADESCO IBOVESPA FUNDO DE ÍNDICE;2023-07-31;500144;1281460461.36;AÇÕES E OUTROS TVM CEDIDOS EM EMPRÉSTIMO;Ação ordinária;N;Para negociação;;;;;103052.00;2721603.32;;;MULT3;;;;;;;;2007-07-27;;;;
FIIM;32.203.211/0001-18;ETF BRADESCO IBOVESPA FUNDO DE ÍNDICE;2023-07-31;500144;1281460461.36;AÇÕES E OUTROS TVM CEDIDOS EM EMPRÉSTIMO;Ação ordinária;N;Para negociação;;;;;82627.00;1833493.13;;;YDUQ3;;;;;;;;2019-07-23;;;;
FIIM;32.203.211/0001-18;ETF BRADESCO IBOVESPA FUNDO DE ÍNDICE;2023-07-31;500144;1281460461.36;AÇÕES E OUTROS TVM CEDIDOS EM EMPRÉSTIMO;Ação ordinária;N;Para negociação;;;;;282443.00;5228019.93;;;EMBR3;;;;;;;;1989-08-28;;;;
FIIM;32.203.211/0001-18;ETF BRADESCO IBOVESPA FUNDO DE ÍNDICE;2023-07-31;500144;1281460461.36;AÇÕES E OUTROS TVM CEDIDOS EM EMPRÉSTIMO;Ação ordinária;N;Para negociação;;;;;215193.00;2978271.12;;;CSNA3;;;;;;;;1993-08-02;;;;
FIIM;32.203.211/0001-18;ETF BRADESCO IBOVESPA FUNDO DE ÍNDICE;2023-07-31;500144;1281460461.36;AÇÕES E OUTROS TVM CEDIDOS EM EMPRÉSTIMO;Ação ordinária;N;Para negociação;;;;;109042.00;763294.00;;;PETZ3;;;;;;;;2020-09-11;;;;
FIIM;32.203.211/0001-18;ETF BRADESCO IBOVESPA FUNDO DE ÍNDICE;2023-07-31;500144;1281460461.36;AÇÕES E OUTROS TVM CEDIDOS EM EMPRÉSTIMO;Ação ordinária;N;Para negociação;;;;;1538635.00;7385448.00;;;HAPV3;;;;;;;;2018-04-25;;;;
FIIM;32.203.211/0001-18;ETF BRADESCO IBOVESPA FUNDO DE ÍNDICE;2023-07-31;500144;1281460461.36;AÇÕES E OUTROS TVM CEDIDOS EM EMPRÉSTIMO;Ação ordinária;N;Para negociação;;;;;135819.00;5875529.94;;;HYPE3;;;;;;;;2008-04-18;;;;
FIIM;32.203.211/0001-18;ETF BRADESCO IBOVESPA FUNDO DE ÍNDICE;2023-07-31;500144;1281460461.36;AÇÕES E OUTROS TVM CEDIDOS EM EMPRÉSTIMO;Ação ordinária;N;Para negociação;;;;;90645.00;3222429.75;;;RRRP3;;;;;;;;2020-11-12;;;;
FIIM;32.203.211/0001-18;ETF BRADESCO IBOVESPA FUNDO DE ÍNDICE;2023-07-31;500144;1281460461.36;AÇÕES E OUTROS TVM CEDIDOS EM EMPRÉSTIMO;Ação ordinária;N;Para negociação;;;;;121625.00;8175632.50;;;RENT3;;;;;;;;2005-05-23;;;;
FIIM;32.203.211/0001-18;ETF BRADESCO IBOVESPA FUNDO DE ÍNDICE;2023-07-31;500144;1281460461.36;AÇÕES E OUTROS TVM CEDIDOS EM EMPRÉSTIMO;Ação ordinária;N;Para negociação;;;;;414110.00;1842789.50;;;CMIN3;;;;;;;;2021-05-03;;;;
FIIM;32.203.211/0001-18;ETF BRADESCO IBOVESPA FUNDO DE ÍNDICE;2023-07-31;500144;1281460461.36;AÇÕES E OUTROS TVM CEDIDOS EM EMPRÉSTIMO;Ação ordinária;N;Para negociação;;;;;128315.00;7455101.50;;;SBSP3;;;;;;;;1997-03-11;;;;
FIIM;32.203.211/0001-18;ETF BRADESCO IBOVESPA FUNDO DE ÍNDICE;2023-07-31;500144;1281460461.36;AÇÕES E OUTROS TVM CEDIDOS EM EMPRÉSTIMO;Ação ordinária;N;Para negociação;;;;;196540.00;2696528.80;;;CRFB3;;;;;;;;2017-07-20;;;;
FIIM;32.203.211/0001-18;ETF BRADESCO IBOVESPA FUNDO DE ÍNDICE;2023-07-31;500144;1281460461.36;AÇÕES E OUTROS TVM CEDIDOS EM EMPRÉSTIMO;Ação ordinária;N;Para negociação;;;;;1110467.00;3720064.45;;;MGLU3;;;;;;;;2011-05-02;;;;
FIIM;32.203.211/0001-18;ETF BRADESCO IBOVESPA FUNDO DE ÍNDICE;2023-07-31;500144;1281460461.36;AÇÕES E OUTROS TVM CEDIDOS EM EMPRÉSTIMO;Ação ordinária;N;Para negociação;;;;;106107.00;888115.59;;;DXCO3;;;;;;;;2021-08-19;;;;
FIIM;32.203.211/0001-18;ETF BRADESCO IBOVESPA FUNDO DE ÍNDICE;2023-07-31;500144;1281460461.36;AÇÕES E OUTROS TVM CEDIDOS EM EMPRÉSTIMO;Ação ordinária;N;Para negociação;;;;;180497.00;5337296.29;;;TOTS3;;;;;;;;2006-03-09;;;;
FIIM;32.203.211/0001-18;ETF BRADESCO IBOVESPA FUNDO DE ÍNDICE;2023-07-31;500144;1281460461.36;AÇÕES E OUTROS TVM CEDIDOS EM EMPRÉSTIMO;Ação ordinária;S;Para negociação;;;;;575720.00;8549442.00;;;BBDC3;;;;;;;;1973-12-06;;;;
FIIM;32.203.211/0001-18;ETF BRADESCO IBOVESPA FUNDO DE ÍNDICE;2023-07-31;500144;1281460461.36;AÇÕES E OUTROS TVM CEDIDOS EM EMPRÉSTIMO;Ação ordinária;N;Para negociação;;;;;316560.00;4264063.20;;;ASAI3;;;;;;;;2021-03-01;;;;
FIIM;32.203.211/0001-18;ETF BRADESCO IBOVESPA FUNDO DE ÍNDICE;2023-07-31;500144;1281460461.36;AÇÕES E OUTROS TVM CEDIDOS EM EMPRÉSTIMO;Ação ordinária;N;Para negociação;;;;;136553.00;1011857.73;;;LWSA3;;;;;;;;2020-02-06;;;;
FIIM;32.203.211/0001-18;ETF BRADESCO IBOVESPA FUNDO DE ÍNDICE;2023-07-31;500144;1281460461.36;AÇÕES E OUTROS TVM CEDIDOS EM EMPRÉSTIMO;Ação ordinária;N;Para negociação;;;;;253066.00;7875413.92;;;BBSE3;;;;;;;;2013-04-29;;;;
FIIM;32.203.211/0001-18;ETF BRADESCO IBOVESPA FUNDO DE ÍNDICE;2023-07-31;500144;1281460461.36;AÇÕES E OUTROS TVM CEDIDOS EM EMPRÉSTIMO;Ação ordinária;N;Para negociação;;;;;631547.00;6163898.72;;;BRFS3;;;;;;;;2009-12-10;;;;
FIIM;32.203.211/0001-18;ETF BRADESCO IBOVESPA FUNDO DE ÍNDICE;2023-07-31;500144;1281460461.36;AÇÕES E OUTROS TVM CEDIDOS EM EMPRÉSTIMO;Ação ordinária;N;Para negociação;;;;;526606.00;25377143.14;;;BBAS3;;;;;;;;1973-05-31;;;;
FIIM;32.203.211/0001-18;ETF BRADESCO IBOVESPA FUNDO DE ÍNDICE;2023-07-31;500144;1281460461.36;AÇÕES E OUTROS TVM CEDIDOS EM EMPRÉSTIMO;Ação ordinária;N;Para negociação;;;;;312090.00;4475370.60;;;TIMS3;;;;;;;;2020-10-13;;;;
FIIM;32.203.211/0001-18;ETF BRADESCO IBOVESPA FUNDO DE ÍNDICE;2023-07-31;500144;1281460461.36;AÇÕES E OUTROS TVM CEDIDOS EM EMPRÉSTIMO;Ação ordinária;N;Para negociação;;;;;383305.00;15301535.60;;;WEGE3;;;;;;;;2004-08-02;;;;
FIIM;32.203.211/0001-18;ETF BRADESCO IBOVESPA FUNDO DE ÍNDICE;2023-07-31;500144;1281460461.36;AÇÕES E OUTROS TVM CEDIDOS EM EMPRÉSTIMO;Ação ordinária;N;Para negociação;;;;;34404.00;747598.92;;;EZTC3;;;;;;;;2007-06-22;;;;
FIIM;32.203.211/0001-18;ETF BRADESCO IBOVESPA FUNDO DE ÍNDICE;2023-07-31;500144;1281460461.36;AÇÕES E OUTROS TVM CEDIDOS EM EMPRÉSTIMO;Ação ordinária;N;Para negociação;;;;;1044921.00;72266736.36;;;VALE3;;;;;;;;1982-02-15;;;;
FIIM;32.203.211/0001-18;ETF BRADESCO IBOVESPA FUNDO DE ÍNDICE;2023-07-31;500144;1281460461.36;AÇÕES E OUTROS TVM CEDIDOS EM EMPRÉSTIMO;Ação ordinária;N;Para negociação;;;;;97049.00;4274037.96;;;EGIE3;;;;;;;;2016-07-21;;;;
FIIM;32.203.211/0001-18;ETF BRADESCO IBOVESPA FUNDO DE ÍNDICE;2023-07-31;500144;1281460461.36;AÇÕES E OUTROS TVM CEDIDOS EM EMPRÉSTIMO;Ação ordinária;N;Para negociação;;;;;94149.00;1058234.76;;;SOMA3;;;;;;;;2020-07-31;;;;
FIIM;32.203.211/0001-18;ETF BRADESCO IBOVESPA FUNDO DE ÍNDICE;2023-07-31;500144;1281460461.36;AÇÕES E OUTROS TVM CEDIDOS EM EMPRÉSTIMO;Ação ordinária;N;Para negociação;;;;;1566299.00;23275203.14;;;ABEV3;;;;;;;;2013-11-11;;;;
FIIM;32.203.211/0001-18;ETF BRADESCO IBOVESPA FUNDO DE ÍNDICE;2023-07-31;500144;1281460461.36;AÇÕES E OUTROS TVM CEDIDOS EM EMPRÉSTIMO;Ação ordinária;N;Para negociação;;;;;701410.00;2349723.50;;;COGN3;;;;;;;;2019-10-11;;;;
FIIM;32.203.211/0001-18;ETF BRADESCO IBOVESPA FUNDO DE ÍNDICE;2023-07-31;500144;1281460461.36;AÇÕES E OUTROS TVM CEDIDOS EM EMPRÉSTIMO;Ação ordinária;N;Para negociação;;;;;277678.00;9313320.12;;;EQTL3;;;;;;;;2006-04-03;;;;
FIIM;32.203.211/0001-18;ETF BRADESCO IBOVESPA FUNDO DE ÍNDICE;2023-07-31;500144;1281460461.36;AÇÕES E OUTROS TVM CEDIDOS EM EMPRÉSTIMO;Ação ordinária;N;Para negociação;;;;;291890.00;5481694.20;;;JBSS3;;;;;;;;2007-03-29;;;;
FIIM;32.203.211/0001-18;ETF BRADESCO IBOVESPA FUNDO DE ÍNDICE;2023-07-31;500144;1281460461.36;AÇÕES E OUTROS TVM CEDIDOS EM EMPRÉSTIMO;Ação ordinária;N;Para negociação;;;;;104038.00;2478185.16;;;CYRE3;;;;;;;;1996-05-27;;;;
FIIM;32.203.211/0001-18;ETF BRADESCO IBOVESPA FUNDO DE ÍNDICE;2023-07-31;500144;1281460461.36;AÇÕES E OUTROS TVM CEDIDOS EM EMPRÉSTIMO;Ação ordinária;N;Para negociação;;;;;324189.00;14789502.18;;;PRIO3;;;;;;;;2015-06-26;;;;
FIIM;32.203.211/0001-18;ETF BRADESCO IBOVESPA FUNDO DE ÍNDICE;2023-07-31;500144;1281460461.36;AÇÕES E OUTROS TVM CEDIDOS EM EMPRÉSTIMO;Ação preferencial;N;Para negociação;;;;;452857.00;3785884.52;;;CPLE6;;;;;;;;1996-11-14;;;;
FIIM;32.203.211/0001-18;ETF BRADESCO IBOVESPA FUNDO DE ÍNDICE;2023-07-31;500144;1281460461.36;AÇÕES E OUTROS TVM CEDIDOS EM EMPRÉSTIMO;Ação preferencial;N;Para negociação;;;;;73443.00;1299941.10;;;AZUL4;;;;;;;;2017-04-11;;;;
FIIM;32.203.211/0001-18;ETF BRADESCO IBOVESPA FUNDO DE ÍNDICE;2023-07-31;500144;1281460461.36;AÇÕES E OUTROS TVM CEDIDOS EM EMPRÉSTIMO;Ação preferencial;N;Para negociação;;;;;1613698.00;46216310.72;;;ITUB4;;;;;;;;2009-05-20;;;;
FIIM;32.203.211/0001-18;ETF BRADESCO IBOVESPA FUNDO DE ÍNDICE;2023-07-31;500144;1281460461.36;AÇÕES E OUTROS TVM CEDIDOS EM EMPRÉSTIMO;Ação preferencial;N;Para negociação;;;;;198202.00;1433000.46;;;USIM5;;;;;;;;1999-02-02;;;;
FIIM;32.203.211/0001-18;ETF BRADESCO IBOVESPA FUNDO DE ÍNDICE;2023-07-31;500144;1281460461.36;AÇÕES E OUTROS TVM CEDIDOS EM EMPRÉSTIMO;Ação preferencial;N;Para negociação;;;;;421279.00;12322410.75;;;GGBR4;;;;;;;;2001-02-01;;;;
FIIM;32.203.211/0001-18;ETF BRADESCO IBOVESPA FUNDO DE ÍNDICE;2023-07-31;500144;1281460461.36;AÇÕES E OUTROS TVM CEDIDOS EM EMPRÉSTIMO;Ação preferencial;S;Para negociação;;;;;1971119.00;32838842.54;;;BBDC4;;;;;;;;1973-12-06;;;;
FIIM;32.203.211/0001-18;ETF BRADESCO IBOVESPA FUNDO DE ÍNDICE;2023-07-31;500144;1281460461.36;AÇÕES E OUTROS TVM CEDIDOS EM EMPRÉSTIMO;Ação preferencial;N;Para negociação;;;;;1261120.00;12384198.40;;;ITSA4;;;;;;;;1973-09-17;;;;
FIIM;32.203.211/0001-18;ETF BRADESCO IBOVESPA FUNDO DE ÍNDICE;2023-07-31;500144;1281460461.36;AÇÕES E OUTROS TVM CEDIDOS EM EMPRÉSTIMO;Ação preferencial;N;Para negociação;;;;;60024.00;578031.12;;;GOLL4;;;;;;;;2004-06-24;;;;
FIIM;32.203.211/0001-18;ETF BRADESCO IBOVESPA FUNDO DE ÍNDICE;2023-07-31;500144;1281460461.36;AÇÕES E OUTROS TVM CEDIDOS EM EMPRÉSTIMO;Ação preferencial;N;Para negociação;;;;;404114.00;1681114.24;;;RAIZ4;;;;;;;;2021-08-05;;;;
FIIM;32.203.211/0001-18;ETF BRADESCO IBOVESPA FUNDO DE ÍNDICE;2023-07-31;500144;1281460461.36;AÇÕES E OUTROS TVM CEDIDOS EM EMPRÉSTIMO;Ação preferencial;N;Para negociação;;;;;135515.00;1863331.25;;;GOAU4;;;;;;;;1973-08-27;;;;
FIIM;32.203.211/0001-18;ETF BRADESCO IBOVESPA FUNDO DE ÍNDICE;2023-07-31;500144;1281460461.36;AÇÕES E OUTROS TVM CEDIDOS EM EMPRÉSTIMO;Ação preferencial;N;Para negociação;;;;;55472.00;534195.36;;;ALPA4;;;;;;;;1973-03-19;;;;
FIIM;32.203.211/0001-18;ETF BRADESCO IBOVESPA FUNDO DE ÍNDICE;2023-07-31;500144;1281460461.36;AÇÕES E OUTROS TVM CEDIDOS EM EMPRÉSTIMO;Ação preferencial;N;Para negociação;;;;;106326.00;4639003.38;;;ELET6;;;;;;;;1974-11-13;;;;
FIIM;32.203.211/0001-18;ETF BRADESCO IBOVESPA FUNDO DE ÍNDICE;2023-07-31;500144;1281460461.36;AÇÕES E OUTROS TVM CEDIDOS EM EMPRÉSTIMO;Ação preferencial;N;Para negociação;;;;;557268.00;7060585.56;;;CMIG4;;;;;;;;1973-08-20;;;;
FIIM;32.203.211/0001-18;ETF BRADESCO IBOVESPA FUNDO DE ÍNDICE;2023-07-31;500144;1281460461.36;AÇÕES E OUTROS TVM CEDIDOS EM EMPRÉSTIMO;Ação preferencial;N;Para negociação;;;;;1315040.00;40910894.40;;;PETR4;;;;;;;;1973-09-18;;;;
FIIM;32.203.211/0001-18;ETF BRADESCO IBOVESPA FUNDO DE ÍNDICE;2023-07-31;500144;1281460461.36;AÇÕES E OUTROS TVM CEDIDOS EM EMPRÉSTIMO;Ação preferencial;S;Para negociação;;;;;84979.00;1996156.71;;;BRAP4;;;;;;;;2000-08-10;;;;
FIIM;32.203.211/0001-18;ETF BRADESCO IBOVESPA FUNDO DE ÍNDICE;2023-07-31;500144;1281460461.36;AÇÕES E OUTROS TVM CEDIDOS EM EMPRÉSTIMO;Ação preferencial;N;Para negociação;;;;;51789.00;1315440.60;;;BRKM5;;;;;;;;2002-09-02;;;;
FIIM;32.203.211/0001-18;ETF BRADESCO IBOVESPA FUNDO DE ÍNDICE;2023-07-31;500144;1281460461.36;AÇÕES E OUTROS TVM CEDIDOS EM EMPRÉSTIMO;Certificado de depósito de ações;N;Para negociação;;;;;63755.00;1394959.40;;;IGTI11;;;;;;;;2021-11-22;;;;
FIIM;32.203.211/0001-18;ETF BRADESCO IBOVESPA FUNDO DE ÍNDICE;2023-07-31;500144;1281460461.36;AÇÕES E OUTROS TVM CEDIDOS EM EMPRÉSTIMO;Certificado de depósito de ações;N;Para negociação;;;;;89983.00;4516246.77;;;ENGI11;;;;;;;;2009-11-03;;;;
FIIM;32.203.211/0001-18;ETF BRADESCO IBOVESPA FUNDO DE ÍNDICE;2023-07-31;500144;1281460461.36;AÇÕES E OUTROS TVM CEDIDOS EM EMPRÉSTIMO;Certificado de depósito de ações;N;Para negociação;;;;;255151.00;5868473.00;;;KLBN11;;;;;;;;2014-01-10;;;;
FIIM;32.203.211/0001-18;ETF BRADESCO IBOVESPA FUNDO DE ÍNDICE;2023-07-31;500144;1281460461.36;AÇÕES E OUTROS TVM CEDIDOS EM EMPRÉSTIMO;Certificado de depósito de ações;N;Para negociação;;;;;78533.00;2827188.00;;;TAEE11;;;;;;;;2012-05-28;;;;
FIIM;32.203.211/0001-18;ETF BRADESCO IBOVESPA FUNDO DE ÍNDICE;2023-07-31;500144;1281460461.36;AÇÕES E OUTROS TVM CEDIDOS EM EMPRÉSTIMO;Certificado de depósito de ações;N;Para negociação;;;;;472843.00;16081390.43;;;BPAC11;;;;;;;;2017-02-16;;;;
FIIM;32.203.211/0001-18;ETF BRADESCO IBOVESPA FUNDO DE ÍNDICE;2023-07-31;500144;1281460461.36;AÇÕES E OUTROS TVM CEDIDOS EM EMPRÉSTIMO;Certificado de depósito de ações;N;Para negociação;;;;;117147.00;3345718.32;;;SANB11;;;;;;;;2009-10-07;;;;
FIIM;32.203.211/0001-18;ETF BRADESCO IBOVESPA FUNDO DE ÍNDICE;2023-07-31;500144;1281460461.36;OPERAÇÕES COMPROMISSADAS;;S;Para negociação;;;;;1524.00;1249711.87;;;;;2025-07-01;;;;;100000;;;;;
FIIM;32.203.211/0001-18;ETF BRADESCO IBOVESPA FUNDO DE ÍNDICE;2023-07-31;500144;1281460461.36;CERTIFICADO OU RECIBO DE DEPÓSITO DE VALORES MOBILIÁRIOS;Certificado de depósito de ações;N;Para negociação;0.00;0.00;0.00;0.00;162183.00;3730209.00;;;KLBN11;;;;;;;;2014-01-10;;;;
FIIM;32.203.211/0001-18;ETF BRADESCO IBOVESPA FUNDO DE ÍNDICE;2023-07-31;500144;1281460461.36;CERTIFICADO OU RECIBO DE DEPÓSITO DE VALORES MOBILIÁRIOS;Certificado de depósito de ações;N;Para negociação;0.00;0.00;0.00;0.00;255794.00;8699553.94;;;BPAC11;;;;;;;;2017-02-16;;;;
FIIM;32.203.211/0001-18;ETF BRADESCO IBOVESPA FUNDO DE ÍNDICE;2023-07-31;500144;1281460461.36;CERTIFICADO OU RECIBO DE DEPÓSITO DE VALORES MOBILIÁRIOS;Certificado de depósito de ações;N;Para negociação;0.00;0.00;0.00;0.00;57756.00;2898773.64;;;ENGI11;;;;;;;;2009-11-03;;;;
FIIM;32.203.211/0001-18;ETF BRADESCO IBOVESPA FUNDO DE ÍNDICE;2023-07-31;500144;1281460461.36;CERTIFICADO OU RECIBO DE DEPÓSITO DE VALORES MOBILIÁRIOS;Certificado de depósito de ações;N;Para negociação;0.00;0.00;0.00;0.00;64520.00;1411697.60;;;IGTI11;;;;;;;;2021-11-22;;;;
FIIM;32.203.211/0001-18;ETF BRADESCO IBOVESPA FUNDO DE ÍNDICE;2023-07-31;500144;1281460461.36;CERTIFICADO OU RECIBO DE DEPÓSITO DE VALORES MOBILIÁRIOS;Certificado de depósito de ações;N;Para negociação;0.00;0.00;0.00;0.00;51423.00;1851228.00;;;TAEE11;;;;;;;;2012-05-28;;;;
FIIM;32.203.211/0001-18;ETF BRADESCO IBOVESPA FUNDO DE ÍNDICE;2023-07-31;500144;1281460461.36;CERTIFICADO OU RECIBO DE DEPÓSITO DE VALORES MOBILIÁRIOS;Certificado de depósito de ações;N;Para negociação;0.00;0.00;0.00;0.00;94310.00;2693493.60;;;SANB11;;;;;;;;2009-10-07;;;;
FIIM;32.880.642/0001-19;IT NOW IRF-M P2 FUNDO DE ÍNDICE;2023-07-31;501308;246325676.80;TÍTULOS PÚBLICOS;;;Para negociação;1650.00;1482144.25;550.00;494048.07;15993.00;14495419.51;;;100000;;;;;;;;2024-07-01;;;;
FIIM;32.880.642/0001-19;IT NOW IRF-M P2 FUNDO DE ÍNDICE;2023-07-31;501308;246325676.80;TÍTULOS PÚBLICOS;;;Para negociação;5100.00;4944582.99;1700.00;1648194.32;94.00;91992.40;;;100000;;;;;;;;2023-10-01;;;;
FIIM;32.880.642/0001-19;IT NOW IRF-M P2 FUNDO DE ÍNDICE;2023-07-31;501308;246325676.80;TÍTULOS PÚBLICOS;;;Para negociação;1530.00;1314217.24;510.00;438072.40;14775.00;12798534.21;;;100000;;;;;;;;2025-01-01;;;;
FIIM;32.880.642/0001-19;IT NOW IRF-M P2 FUNDO DE ÍNDICE;2023-07-31;501308;246325676.80;TÍTULOS PÚBLICOS;;;Para negociação;0.00;0.00;0.00;0.00;19043.00;19056873.26;;;950199;;;;;;;;2027-01-01;;;;
FIIM;32.880.642/0001-19;IT NOW IRF-M P2 FUNDO DE ÍNDICE;2023-07-31;501308;246325676.80;TÍTULOS PÚBLICOS;;;Para negociação;2010.00;1655495.01;670.00;551831.65;19763.00;16386360.19;;;100000;;;;;;;;2025-07-01;;;;
FIIM;32.880.642/0001-19;IT NOW IRF-M P2 FUNDO DE ÍNDICE;2023-07-31;501308;246325676.80;TÍTULOS PÚBLICOS;;;Para negociação;4920.00;4638234.19;1640.00;1546078.05;48515.00;46174891.63;;;100000;;;;;;;;2024-01-01;;;;
FIIM;32.880.642/0001-19;IT NOW IRF-M P2 FUNDO DE ÍNDICE;2023-07-31;501308;246325676.80;TÍTULOS PÚBLICOS;;;Para negociação;3030.00;2382515.31;1010.00;794171.76;30696.00;24265284.09;;;100000;;;;;;;;2026-01-01;;;;
FIIM;32.880.642/0001-19;IT NOW IRF-M P2 FUNDO DE ÍNDICE;2023-07-31;501308;246325676.80;TÍTULOS PÚBLICOS;;;Para negociação;0.00;0.00;0.00;0.00;6147.00;5909123.30;;;950199;;;;;;;;2033-01-01;;;;
FIIM;32.880.642/0001-19;IT NOW IRF-M P2 FUNDO DE ÍNDICE;2023-07-31;501308;246325676.80;TÍTULOS PÚBLICOS;;;Para negociação;0.00;0.00;0.00;0.00;6713.00;6532548.95;;;950199;;;;;;;;2031-01-01;;;;
FIIM;32.880.642/0001-19;IT NOW IRF-M P2 FUNDO DE ÍNDICE;2023-07-31;501308;246325676.80;TÍTULOS PÚBLICOS;;;Para negociação;0.00;0.00;0.00;0.00;16492.00;16251593.69;;;950199;;;;;;;;2029-01-01;;;;
FIIM;32.880.642/0001-19;IT NOW IRF-M P2 FUNDO DE ÍNDICE;2023-07-31;501308;246325676.80;TÍTULOS PÚBLICOS;;;Para negociação;237.00;3171468.88;239.00;3196618.48;2.00;27020.33;;;210100;;;;;;;;2027-09-01;;;;
FIIM;32.880.642/0001-19;IT NOW IRF-M P2 FUNDO DE ÍNDICE;2023-07-31;501308;246325676.80;TÍTULOS PÚBLICOS;;;Para negociação;270.00;248177.34;90.00;82725.78;15165.00;14073946.98;;;100000;;;;;;;;2024-04-01;;;;
FIIM;32.880.642/0001-19;IT NOW IRF-M P2 FUNDO DE ÍNDICE;2023-07-31;501308;246325676.80;TÍTULOS PÚBLICOS;;;Para negociação;0.00;0.00;0.00;0.00;18124.00;18099492.21;;;950199;;;;;;;;2025-01-01;;;;
FIIM;32.880.642/0001-19;IT NOW IRF-M P2 FUNDO DE ÍNDICE;2023-07-31;501308;246325676.80;TÍTULOS PÚBLICOS;;;Para negociação;6950.00;5215584.93;13900.00;10431169.86;35995.00;27120616.98;;;100000;;;;;;;;2026-07-01;;;;
FIIM;32.880.642/0001-19;IT NOW IRF-M P2 FUNDO DE ÍNDICE;2023-07-31;501308;246325676.80;TÍTULOS PÚBLICOS;;;Para negociação;4120.00;3465218.42;8240.00;6930436.85;22476.00;19043208.11;;;100000;;;;;;;;2025-04-01;;;;
FIIM;32.880.642/0001-19;IT NOW IRF-M P2 FUNDO DE ÍNDICE;2023-07-31;501308;246325676.80;TÍTULOS PÚBLICOS;;;Para negociação;690.00;605724.66;230.00;201908.21;6763.00;5988742.15;;;100000;;;;;;;;2024-10-01;;;;
FIIM;32.880.642/0001-19;IT NOW IRF-M P2 FUNDO DE ÍNDICE;2023-07-31;501308;246325676.80;DISPONIBILIDADES;;;Para negociação;;;;;;53244.96;;;DISPONIBILIDADES;;;;;;;;;;;;
FIIM;32.880.642/0001-19;IT NOW IRF-M P2 FUNDO DE ÍNDICE;2023-07-31;501308;246325676.80;VALORES A PAGAR;;;Para negociação;;;;;;62622.32;;;VALORES A PAGAR;;;;;;;;;;;;
FIIM;32.880.642/0001-19;IT NOW IRF-M P2 FUNDO DE ÍNDICE;2023-07-31;501308;246325676.80;VALORES A RECEBER;;;Para negociação;;;;;;19406.17;;;VALORES A RECEBER;;;;;;;;;;;;
FIIM;32.880.663/0001-34;IT NOW IMA-B5+ FUNDO DE ÍNDICE;2023-07-31;501310;1737101854.80;TÍTULOS PÚBLICOS;;;Para negociação;0.00;0.00;0.00;0.00;14615.00;67484417.83;;;760199;;;;;;;;2060-08-15;;;;
FIIM;32.880.663/0001-34;IT NOW IMA-B5+ FUNDO DE ÍNDICE;2023-07-31;501310;1737101854.80;TÍTULOS PÚBLICOS;;;Para negociação;49.00;660671.38;41.00;553876.15;23.00;312366.04;;;210100;;;;;;;;2025-09-01;;;;
FIIM;32.880.663/0001-34;IT NOW IMA-B5+ FUNDO DE ÍNDICE;2023-07-31;501310;1737101854.80;TÍTULOS PÚBLICOS;;;Para negociação;0.00;0.00;0.00;0.00;51373.00;229129534.11;;;760199;;;;;;;;2030-08-15;;;;
FIIM;32.880.663/0001-34;IT NOW IMA-B5+ FUNDO DE ÍNDICE;2023-07-31;501310;1737101854.80;TÍTULOS PÚBLICOS;;;Para negociação;0.00;0.00;0.00;0.00;11807.00;52076217.53;;;760199;;;;;;;;2033-05-15;;;;
FIIM;32.880.663/0001-34;IT NOW IMA-B5+ FUNDO DE ÍNDICE;2023-07-31;501310;1737101854.80;TÍTULOS PÚBLICOS;;;Para negociação;0.00;0.00;0.00;0.00;48290.00;216850819.68;;;760199;;;;;;;;2045-05-15;;;;
FIIM;32.880.663/0001-34;IT NOW IMA-B5+ FUNDO DE ÍNDICE;2023-07-31;501310;1737101854.80;TÍTULOS PÚBLICOS;;;Para negociação;0.00;0.00;0.00;0.00;58362.00;259765459.12;;;760199;;;;;;;;2035-05-15;;;;
FIIM;32.880.663/0001-34;IT NOW IMA-B5+ FUNDO DE ÍNDICE;2023-07-31;501310;1737101854.80;TÍTULOS PÚBLICOS;;;Para negociação;0.00;0.00;0.00;0.00;16582.00;72890864.09;;;760199;;;;;;;;2028-08-15;;;;
FIIM;32.880.663/0001-34;IT NOW IMA-B5+ FUNDO DE ÍNDICE;2023-07-31;501310;1737101854.80;TÍTULOS PÚBLICOS;;;Para negociação;0.00;0.00;0.00;0.00;49705.00;225526006.36;;;760199;;;;;;;;2055-05-15;;;;
FIIM;32.880.663/0001-34;IT NOW IMA-B5+ FUNDO DE ÍNDICE;2023-07-31;501310;1737101854.80;TÍTULOS PÚBLICOS;;;Para negociação;0.00;0.00;0.00;0.00;16917.00;75712443.56;;;760199;;;;;;;;2032-08-15;;;;
FIIM;32.880.663/0001-34;IT NOW IMA-B5+ FUNDO DE ÍNDICE;2023-07-31;501310;1737101854.80;TÍTULOS PÚBLICOS;;;Para negociação;0.00;0.00;0.00;0.00;39016.00;177092845.38;;;760199;;;;;;;;2040-08-15;;;;
FIIM;32.880.663/0001-34;IT NOW IMA-B5+ FUNDO DE ÍNDICE;2023-07-31;501310;1737101854.80;TÍTULOS PÚBLICOS;;;Para negociação;0.00;0.00;0.00;0.00;78981.00;360542731.22;;;760199;;;;;;;;2050-08-15;;;;
FIIM;32.880.663/0001-34;IT NOW IMA-B5+ FUNDO DE ÍNDICE;2023-07-31;501310;1737101854.80;DISPONIBILIDADES;;;Para negociação;;;;;;86422.05;;;DISPONIBILIDADES;;;;;;;;;;;;
FIIM;32.880.663/0001-34;IT NOW IMA-B5+ FUNDO DE ÍNDICE;2023-07-31;501310;1737101854.80;VALORES A PAGAR;;;Para negociação;;;;;;397397.76;;;VALORES A PAGAR;;;;;;;;;;;;
FIIM;32.880.663/0001-34;IT NOW IMA-B5+ FUNDO DE ÍNDICE;2023-07-31;501310;1737101854.80;VALORES A RECEBER;;;Para negociação;;;;;;29125.59;;;VALORES A RECEBER;;;;;;;;;;;;
FIIM;34.081.054/0001-40;ETF BRADESCO IMA-B FUNDO DE ÍNDICE;2023-07-31;500145;1051296572.11;TÍTULOS PÚBLICOS;;;Para negociação;540.00;2409008.76;0.00;0.00;26354.00;120304083.93;;;;;2050-08-15;;;;;760199;;;;;
FIIM;34.081.054/0001-40;ETF BRADESCO IMA-B FUNDO DE ÍNDICE;2023-07-31;500145;1051296572.11;TÍTULOS PÚBLICOS;;;Para negociação;0.00;0.00;1185.00;5077337.87;28901.00;124980615.40;;;;;2026-08-15;;;;;760199;;;;;
FIIM;34.081.054/0001-40;ETF BRADESCO IMA-B FUNDO DE ÍNDICE;2023-07-31;500145;1051296572.11;TÍTULOS PÚBLICOS;;;Para negociação;750.00;3302938.56;0.00;0.00;16110.00;72343416.57;;;;;2045-05-15;;;;;760199;;;;;
FIIM;34.081.054/0001-40;ETF BRADESCO IMA-B FUNDO DE ÍNDICE;2023-07-31;500145;1051296572.11;TÍTULOS PÚBLICOS;;;Para negociação;0.00;0.00;110.00;494659.81;4880.00;22533282.69;;;;;2060-08-15;;;;;760199;;;;;
FIIM;34.081.054/0001-40;ETF BRADESCO IMA-B FUNDO DE ÍNDICE;2023-07-31;500145;1051296572.11;TÍTULOS PÚBLICOS;;;Para negociação;0.00;0.00;815.00;3543626.13;22188.00;97533557.55;;;;;2028-08-15;;;;;760199;;;;;
FIIM;34.081.054/0001-40;ETF BRADESCO IMA-B FUNDO DE ÍNDICE;2023-07-31;500145;1051296572.11;TÍTULOS PÚBLICOS;;;Para negociação;830.00;3658340.20;0.00;0.00;19472.00;86668555.24;;;;;2035-05-15;;;;;760199;;;;;
FIIM;34.081.054/0001-40;ETF BRADESCO IMA-B FUNDO DE ÍNDICE;2023-07-31;500145;1051296572.11;TÍTULOS PÚBLICOS;;;Para negociação;1330.00;5565070.02;0.00;0.00;31512.00;132467972.28;;;;;2024-08-15;;;;;760199;;;;;
FIIM;34.081.054/0001-40;ETF BRADESCO IMA-B FUNDO DE ÍNDICE;2023-07-31;500145;1051296572.11;TÍTULOS PÚBLICOS;;;Para negociação;540.00;2294725.34;0.00;0.00;12650.00;54285889.83;;;;;2027-05-15;;;;;760199;;;;;
FIIM;34.081.054/0001-40;ETF BRADESCO IMA-B FUNDO DE ÍNDICE;2023-07-31;500145;1051296572.11;TÍTULOS PÚBLICOS;;;Para negociação;0.00;0.00;1055.00;4616144.99;3940.00;17377850.95;;;;;2033-05-15;;;;;760199;;;;;
FIIM;34.081.054/0001-40;ETF BRADESCO IMA-B FUNDO DE ÍNDICE;2023-07-31;500145;1051296572.11;TÍTULOS PÚBLICOS;;;Para negociação;220.00;976319.76;0.00;0.00;5645.00;25264317.69;;;;;2032-08-15;;;;;760199;;;;;
FIIM;34.081.054/0001-40;ETF BRADESCO IMA-B FUNDO DE ÍNDICE;2023-07-31;500145;1051296572.11;TÍTULOS PÚBLICOS;;;Para negociação;0.00;0.00;35.00;156278.49;13022.00;59106549.36;;;;;2040-08-15;;;;;760199;;;;;
FIIM;34.081.054/0001-40;ETF BRADESCO IMA-B FUNDO DE ÍNDICE;2023-07-31;500145;1051296572.11;TÍTULOS PÚBLICOS;;;Para negociação;880.00;3667987.40;0.00;0.00;20635.00;86546192.74;;;;;2025-05-15;;;;;760199;;;;;
FIIM;34.081.054/0001-40;ETF BRADESCO IMA-B FUNDO DE ÍNDICE;2023-07-31;500145;1051296572.11;TÍTULOS PÚBLICOS;;;Para negociação;444.00;1966559.32;0.00;0.00;16584.00;75246394.52;;;;;2055-05-15;;;;;760199;;;;;
FIIM;34.081.054/0001-40;ETF BRADESCO IMA-B FUNDO DE ÍNDICE;2023-07-31;500145;1051296572.11;TÍTULOS PÚBLICOS;;;Para negociação;100.00;441331.46;0.00;0.00;17141.00;76450805.60;;;;;2030-08-15;;;;;760199;;;;;
FIIM;34.081.054/0001-40;ETF BRADESCO IMA-B FUNDO DE ÍNDICE;2023-07-31;500145;1051296572.11;DISPONIBILIDADES;Outros;;Para negociação;;;;;;10000.00;;;;Disponibilidade;;;;;;;;;;;
FIIM;34.081.054/0001-40;ETF BRADESCO IMA-B FUNDO DE ÍNDICE;2023-07-31;500145;1051296572.11;VALORES A PAGAR;Outros;;Para negociação;;;;;;178654.16;;;;Valores a Pagar;;;;;;;;;;;
FIIM;34.081.054/0001-40;ETF BRADESCO IMA-B FUNDO DE ÍNDICE;2023-07-31;500145;1051296572.11;VALORES A RECEBER;Outros;;Para negociação;;;;;;56401.33;;;;Valores a Receber;;;;;;;;;;;
FIIM;34.081.054/0001-40;ETF BRADESCO IMA-B FUNDO DE ÍNDICE;2023-07-31;500145;1051296572.11;OPERAÇÕES COMPROMISSADAS;;S;Para negociação;;;;;365.00;299340.59;;;;;2025-07-01;;;;;100000;;;;;
FIIM;34.081.072/0001-22;ETF BRADESCO IMA-B5+ FUNDO DE ÍNDICE;2023-07-31;500146;387322309.91;TÍTULOS PÚBLICOS;;;Para negociação;0.00;0.00;1595.00;7171795.30;3260.00;15052971.55;;;;;2060-08-15;;;;;760199;;;;;
FIIM;34.081.072/0001-22;ETF BRADESCO IMA-B5+ FUNDO DE ÍNDICE;2023-07-31;500146;387322309.91;TÍTULOS PÚBLICOS;;;Para negociação;0.00;0.00;1765.00;7805789.73;3775.00;16895092.85;;;;;2032-08-15;;;;;760199;;;;;
FIIM;34.081.072/0001-22;ETF BRADESCO IMA-B5+ FUNDO DE ÍNDICE;2023-07-31;500146;387322309.91;TÍTULOS PÚBLICOS;;;Para negociação;0.00;0.00;6070.00;26856528.58;13013.00;57919982.98;;;;;2035-05-15;;;;;760199;;;;;
FIIM;34.081.072/0001-22;ETF BRADESCO IMA-B5+ FUNDO DE ÍNDICE;2023-07-31;500146;387322309.91;TÍTULOS PÚBLICOS;;;Para negociação;524.00;2278334.66;3105.00;13403167.20;3693.00;16233614.04;;;;;2028-08-15;;;;;760199;;;;;
FIIM;34.081.072/0001-22;ETF BRADESCO IMA-B5+ FUNDO DE ÍNDICE;2023-07-31;500146;387322309.91;TÍTULOS PÚBLICOS;;;Para negociação;0.00;0.00;5010.00;22632875.41;10765.00;48341209.15;;;;;2045-05-15;;;;;760199;;;;;
FIIM;34.081.072/0001-22;ETF BRADESCO IMA-B5+ FUNDO DE ÍNDICE;2023-07-31;500146;387322309.91;TÍTULOS PÚBLICOS;;;Para negociação;0.00;0.00;4170.00;18844041.63;8701.00;39493632.70;;;;;2040-08-15;;;;;760199;;;;;
FIIM;34.081.072/0001-22;ETF BRADESCO IMA-B5+ FUNDO DE ÍNDICE;2023-07-31;500146;387322309.91;TÍTULOS PÚBLICOS;;;Para negociação;0.00;0.00;8315.00;37653575.84;17609.00;80383798.03;;;;;2050-08-15;;;;;760199;;;;;
FIIM;34.081.072/0001-22;ETF BRADESCO IMA-B5+ FUNDO DE ÍNDICE;2023-07-31;500146;387322309.91;TÍTULOS PÚBLICOS;;;Para negociação;0.00;0.00;5175.00;22942069.10;11084.00;50291307.00;;;;;2055-05-15;;;;;760199;;;;;
FIIM;34.081.072/0001-22;ETF BRADESCO IMA-B5+ FUNDO DE ÍNDICE;2023-07-31;500146;387322309.91;TÍTULOS PÚBLICOS;;;Para negociação;0.00;0.00;1625.00;7133601.11;2630.00;11599936.02;;;;;2033-05-15;;;;;760199;;;;;
FIIM;34.081.072/0001-22;ETF BRADESCO IMA-B5+ FUNDO DE ÍNDICE;2023-07-31;500146;387322309.91;TÍTULOS PÚBLICOS;;;Para negociação;0.00;0.00;5345.00;23376190.19;11456.00;51095060.21;;;;;2030-08-15;;;;;760199;;;;;
FIIM;34.081.072/0001-22;ETF BRADESCO IMA-B5+ FUNDO DE ÍNDICE;2023-07-31;500146;387322309.91;DISPONIBILIDADES;Outros;;Para negociação;;;;;;10000.00;;;;Disponibilidade;;;;;;;;;;;
FIIM;34.081.072/0001-22;ETF BRADESCO IMA-B5+ FUNDO DE ÍNDICE;2023-07-31;500146;387322309.91;VALORES A PAGAR;Outros;;Para negociação;;;;;;68418.96;;;;Valores a Pagar;;;;;;;;;;;
FIIM;34.081.072/0001-22;ETF BRADESCO IMA-B5+ FUNDO DE ÍNDICE;2023-07-31;500146;387322309.91;VALORES A RECEBER;Outros;;Para negociação;;;;;;21194.06;;;;Valores a Receber;;;;;;;;;;;
FIIM;34.081.072/0001-22;ETF BRADESCO IMA-B5+ FUNDO DE ÍNDICE;2023-07-31;500146;387322309.91;OPERAÇÕES COMPROMISSADAS;;S;Para negociação;;;;;65.00;52930.28;;;;;2025-07-01;;;;;100000;;;;;
FIIM;34.606.480/0001-50;BB ETF IBOVESPA FUNDO DE INDICE;2023-07-31;507680;1483727866.96;AÇÕES;Ação ordinária;N;Para negociação;21600.00;294570.00;6500.00;82951.35;791271.00;10658420.37;;;;ASSAI - SEND ON;;PJ;6057223000171;SENDAS DISTRIBUIDORA S.A.;;;;;;;
FIIM;34.606.480/0001-50;BB ETF IBOVESPA FUNDO DE INDICE;2023-07-31;507680;1483727866.96;AÇÕES;Ação ordinária;N;Para negociação;20400.00;383146.00;6300.00;123786.09;791123.00;15774992.62;;;CSAN3;;;;;;;;2005-11-18;;;;
FIIM;34.606.480/0001-50;BB ETF IBOVESPA FUNDO DE INDICE;2023-07-31;507680;1483727866.96;AÇÕES;Ação ordinária;N;Para negociação;20400.00;366792.00;6100.00;107349.32;755000.00;12933150.00;;;VBBR3;;;;;;;;2021-10-22;;;;
FIIM;34.606.480/0001-50;BB ETF IBOVESPA FUNDO DE INDICE;2023-07-31;507680;1483727866.96;AÇÕES;Ação ordinária;N;Para negociação;1200.00;54543.00;400.00;20332.72;54800.00;2253376.00;;;IRBR3;;;;;;;;2017-07-31;;;;
FIIM;34.606.480/0001-50;BB ETF IBOVESPA FUNDO DE INDICE;2023-07-31;507680;1483727866.96;AÇÕES;Ação ordinária;N;Para negociação;4800.00;132044.00;1400.00;37683.57;179700.00;4745877.00;;;MULT3;;;;;;;;2007-07-27;;;;
FIIM;34.606.480/0001-50;BB ETF IBOVESPA FUNDO DE INDICE;2023-07-31;507680;1483727866.96;AÇÕES;Ação ordinária;N;Para negociação;4800.00;49688.00;1400.00;13798.77;173800.00;1753642.00;;;BEEF3;;;;;;;;2007-07-20;;;;
FIIM;34.606.480/0001-50;BB ETF IBOVESPA FUNDO DE INDICE;2023-07-31;507680;1483727866.96;AÇÕES;Ação ordinária;N;Para negociação;4800.00;215428.00;3100.00;138772.33;67789.00;2985427.56;;;EGIE3;;;;;;;;2016-07-21;;;;
FIIM;34.606.480/0001-50;BB ETF IBOVESPA FUNDO DE INDICE;2023-07-31;507680;1483727866.96;AÇÕES;Ação ordinária;N;Para negociação;20400.00;584987.00;6200.00;176697.89;234082.00;6781355.54;;;RADL3;;;;;;;;2011-12-19;;;;
FIIM;34.606.480/0001-50;BB ETF IBOVESPA FUNDO DE INDICE;2023-07-31;507680;1483727866.96;AÇÕES;Ação ordinária;N;Para negociação;26400.00;388168.00;8000.00;116845.30;1013067.00;15044044.95;;;BBDC3;;;;;;;;1998-03-02;;;;
FIIM;34.606.480/0001-50;BB ETF IBOVESPA FUNDO DE INDICE;2023-07-31;507680;1483727866.96;AÇÕES;Ação ordinária;N;Para negociação;27600.00;60306.00;8500.00;16618.27;1073100.00;2317896.00;;;;VIA ON;;PJ;33041260065290;VIA SA;;;;;;;
FIIM;34.606.480/0001-50;BB ETF IBOVESPA FUNDO DE INDICE;2023-07-31;507680;1483727866.96;AÇÕES;Ação ordinária;N;Para negociação;5700.00;18980.00;112500.00;349529.83;297500.00;886550.00;;;CVCB3;;;;;;;;2013-12-09;;;;
FIIM;34.606.480/0001-50;BB ETF IBOVESPA FUNDO DE INDICE;2023-07-31;507680;1483727866.96;AÇÕES;Ação ordinária;N;Para negociação;32400.00;107676.00;9800.00;32066.98;755990.00;2532566.50;;;COGN3;;;;;;;;2019-10-11;;;;
FIIM;34.606.480/0001-50;BB ETF IBOVESPA FUNDO DE INDICE;2023-07-31;507680;1483727866.96;AÇÕES;Ação ordinária;N;Para negociação;14400.00;206736.00;4400.00;61933.30;527472.00;7563948.48;;;TIMS3;;;;;;;;2020-10-13;;;;
FIIM;34.606.480/0001-50;BB ETF IBOVESPA FUNDO DE INDICE;2023-07-31;507680;1483727866.96;AÇÕES;Ação ordinária;N;Para negociação;8400.00;100835.00;2600.00;28272.20;331313.00;3723958.12;;;SOMA3;;;;;;;;2020-07-31;;;;
FIIM;34.606.480/0001-50;BB ETF IBOVESPA FUNDO DE INDICE;2023-07-31;507680;1483727866.96;AÇÕES;Ação ordinária;N;Para negociação;14400.00;997116.00;46600.00;3266843.22;530931.00;35689181.82;;;RENT3;;;;;;;;2005-05-23;;;;
FIIM;34.606.480/0001-50;BB ETF IBOVESPA FUNDO DE INDICE;2023-07-31;507680;1483727866.96;AÇÕES;Ação ordinária;N;Para negociação;13200.00;593351.00;7000.00;311322.66;144290.00;6936020.30;;;SUZB3;;;;;;;;2004-08-05;;;;
FIIM;34.606.480/0001-50;BB ETF IBOVESPA FUNDO DE INDICE;2023-07-31;507680;1483727866.96;AÇÕES;Ação ordinária;N;Para negociação;14400.00;246624.00;4400.00;70338.97;568200.00;10381014.00;;;NTCO3;;;;;;;;2019-12-18;;;;
FIIM;34.606.480/0001-50;BB ETF IBOVESPA FUNDO DE INDICE;2023-07-31;507680;1483727866.96;AÇÕES;Ação ordinária;S;Para negociação;19200.00;87008.00;5900.00;27025.01;741900.00;3501768.00;;;CIEL3;;;;;;;;2009-12-18;;;;
FIIM;34.606.480/0001-50;BB ETF IBOVESPA FUNDO DE INDICE;2023-07-31;507680;1483727866.96;AÇÕES;Ação ordinária;N;Para negociação;21200.00;705592.00;5900.00;192421.76;403918.00;14541048.00;;;RDOR3;;;;;;;;2021-06-25;;;;
FIIM;34.606.480/0001-50;BB ETF IBOVESPA FUNDO DE INDICE;2023-07-31;507680;1483727866.96;AÇÕES;Ação ordinária;N;Para negociação;7200.00;329856.00;2200.00;98587.30;181310.00;7843470.60;;;HYPE3;;;;;;;;2008-04-18;;;;
FIIM;34.606.480/0001-50;BB ETF IBOVESPA FUNDO DE INDICE;2023-07-31;507680;1483727866.96;AÇÕES;Ação ordinária;N;Para negociação;4800.00;39348.00;1500.00;11485.53;185767.00;1554869.79;;;DXCO3;;;;;;;;2021-08-19;;;;
FIIM;34.606.480/0001-50;BB ETF IBOVESPA FUNDO DE INDICE;2023-07-31;507680;1483727866.96;AÇÕES;Ação ordinária;N;Para negociação;10800.00;135549.00;3200.00;41302.61;206692.00;2860617.28;;;CSNA3;;;;;;;;1997-12-30;;;;
FIIM;34.606.480/0001-50;BB ETF IBOVESPA FUNDO DE INDICE;2023-07-31;507680;1483727866.96;AÇÕES;Ação ordinária;N;Para negociação;1200.00;22867.00;400.00;8045.89;35883.00;779737.59;;;EZTC3;;;;;;;;2007-06-22;;;;
FIIM;34.606.480/0001-50;BB ETF IBOVESPA FUNDO DE INDICE;2023-07-31;507680;1483727866.96;AÇÕES;Ação ordinária;N;Para negociação;6200.00;79594.00;1800.00;23853.20;136134.00;1892262.60;;;MRVE3;;;;;;;;2007-07-23;;;;
FIIM;34.606.480/0001-50;BB ETF IBOVESPA FUNDO DE INDICE;2023-07-31;507680;1483727866.96;AÇÕES;Ação ordinária;N;Para negociação;22800.00;862429.00;9900.00;354716.85;385327.00;15382253.84;;;WEGE3;;;;;;;;2004-08-02;;;;
FIIM;34.606.480/0001-50;BB ETF IBOVESPA FUNDO DE INDICE;2023-07-31;507680;1483727866.96;AÇÕES;Ação ordinária;N;Para negociação;23600.00;758970.00;1200.00;39879.64;160553.00;5707659.15;;;RRRP3;;;;;;;;2020-11-12;;;;
FIIM;34.606.480/0001-50;BB ETF IBOVESPA FUNDO DE INDICE;2023-07-31;507680;1483727866.96;AÇÕES;Ação ordinária;N;Para negociação;1200.00;9937.00;400.00;3010.74;48668.00;483273.24;;;CASH3;;;;;;;;2020-11-05;;;;
FIIM;34.606.480/0001-50;BB ETF IBOVESPA FUNDO DE INDICE;2023-07-31;507680;1483727866.96;AÇÕES;Ação ordinária;N;Para negociação;2400.00;97842.00;4700.00;191690.28;43225.00;1886771.25;;;SLCE3;;;;;;;;2007-06-15;;;;
FIIM;34.606.480/0001-50;BB ETF IBOVESPA FUNDO DE INDICE;2023-07-31;507680;1483727866.96;AÇÕES;Ação ordinária;N;Para negociação;1200.00;100367.00;300.00;23954.78;36479.00;3005869.60;;;ARZZ3;;;;;;;;2011-02-02;;;;
FIIM;34.606.480/0001-50;BB ETF IBOVESPA FUNDO DE INDICE;2023-07-31;507680;1483727866.96;AÇÕES;Ação ordinária;N;Para negociação;3600.00;126405.00;1000.00;35530.78;124900.00;4468922.00;;;CPFE3;;;;;;;;2004-09-29;;;;
FIIM;34.606.480/0001-50;BB ETF IBOVESPA FUNDO DE INDICE;2023-07-31;507680;1483727866.96;AÇÕES;Ação ordinária;N;Para negociação;16800.00;336294.00;5100.00;93333.00;638539.00;11972606.25;;;LREN3;;;;;;;;1998-01-02;;;;
FIIM;34.606.480/0001-50;BB ETF IBOVESPA FUNDO DE INDICE;2023-07-31;507680;1483727866.96;AÇÕES;Ação ordinária;N;Para negociação;6000.00;41765.00;1800.00;11524.41;210536.00;1473752.00;;;PETZ3;;;;;;;;2020-09-11;;;;
FIIM;34.606.480/0001-50;BB ETF IBOVESPA FUNDO DE INDICE;2023-07-31;507680;1483727866.96;AÇÕES;Ação ordinária;N;Para negociação;20400.00;369325.00;6100.00;114905.62;231960.00;4356208.80;;;JBSS3;;;;;;;;2007-03-29;;;;
FIIM;34.606.480/0001-50;BB ETF IBOVESPA FUNDO DE INDICE;2023-07-31;507680;1483727866.96;AÇÕES;Ação ordinária;N;Para negociação;27600.00;346886.00;8400.00;103608.58;1031934.00;13796957.58;;;ENEV3;;;;;;;;2013-10-22;;;;
FIIM;34.606.480/0001-50;BB ETF IBOVESPA FUNDO DE INDICE;2023-07-31;507680;1483727866.96;AÇÕES;Ação ordinária;N;Para negociação;9600.00;113168.00;2900.00;31913.78;142490.00;1954962.80;;;CRFB3;;;;;;;;2017-07-20;;;;
FIIM;34.606.480/0001-50;BB ETF IBOVESPA FUNDO DE INDICE;2023-07-31;507680;1483727866.96;AÇÕES;Ação ordinária;N;Para negociação;76800.00;340096.00;23300.00;98951.08;2685253.00;12889214.40;;;HAPV3;;;;;;;;2018-04-25;;;;
FIIM;34.606.480/0001-50;BB ETF IBOVESPA FUNDO DE INDICE;2023-07-31;507680;1483727866.96;AÇÕES;Ação ordinária;N;Para negociação;20100.00;84785.00;6100.00;25524.37;235244.00;1046835.80;;;CMIN3;;;;;;;;2021-05-03;;;;
FIIM;34.606.480/0001-50;BB ETF IBOVESPA FUNDO DE INDICE;2023-07-31;507680;1483727866.96;AÇÕES;Ação ordinária;N;Para negociação;102000.00;1500080.00;30900.00;452087.24;3005154.00;44776794.60;;;B3SA3;;;;;;;;2018-03-26;;;;
FIIM;34.606.480/0001-50;BB ETF IBOVESPA FUNDO DE INDICE;2023-07-31;507680;1483727866.96;AÇÕES;Ação ordinária;N;Para negociação;20400.00;671721.00;18160.00;504383.98;765932.00;25689359.28;;;EQTL3;;;;;;;;2006-04-03;;;;
FIIM;34.606.480/0001-50;BB ETF IBOVESPA FUNDO DE INDICE;2023-07-31;507680;1483727866.96;AÇÕES;Ação ordinária;N;Para negociação;53700.00;1810644.00;18300.00;600058.48;2018194.00;70253333.14;;;PETR3;;;;;;;;1997-03-24;;;;
FIIM;34.606.480/0001-50;BB ETF IBOVESPA FUNDO DE INDICE;2023-07-31;507680;1483727866.96;AÇÕES;Ação ordinária;N;Para negociação;19200.00;362816.00;5800.00;113714.18;710062.00;13413071.18;;;UGPA3;;;;;;;;1999-10-13;;;;
FIIM;34.606.480/0001-50;BB ETF IBOVESPA FUNDO DE INDICE;2023-07-31;507680;1483727866.96;AÇÕES;Ação ordinária;N;Para negociação;9600.00;241360.00;6900.00;169423.09;358557.00;8716520.67;;;ALSO3;;;;;;;;2019-08-06;;;;
FIIM;34.606.480/0001-50;BB ETF IBOVESPA FUNDO DE INDICE;2023-07-31;507680;1483727866.96;AÇÕES;Ação ordinária;N;Para negociação;166600.00;3940438.57;0.00;0.00;0.00;0.00;;;ENBR3;;;;;;;;2005-07-13;;;;
FIIM;34.606.480/0001-50;BB ETF IBOVESPA FUNDO DE INDICE;2023-07-31;507680;1483727866.96;AÇÕES;Ação ordinária;N;Para negociação;51600.00;173075.00;15600.00;46701.94;715237.00;2396043.95;;;MGLU3;;;;;;;;2011-05-02;;;;
FIIM;34.606.480/0001-50;BB ETF IBOVESPA FUNDO DE INDICE;2023-07-31;507680;1483727866.96;AÇÕES;Ação ordinária;N;Para negociação;4800.00;99744.00;1500.00;33611.47;91043.00;2168644.26;;;CYRE3;;;;;;;;1997-04-22;;;;
FIIM;34.606.480/0001-50;BB ETF IBOVESPA FUNDO DE INDICE;2023-07-31;507680;1483727866.96;AÇÕES;Ação ordinária;N;Para negociação;75500.00;4972830.00;21800.00;1484353.45;1825737.00;126267970.92;;;VALE3;;;;;;;;1997-07-24;;;;
FIIM;34.606.480/0001-50;BB ETF IBOVESPA FUNDO DE INDICE;2023-07-31;507680;1483727866.96;AÇÕES;Ação ordinária;S;Para negociação;25200.00;1245615.00;7600.00;365838.85;958700.00;46199753.00;;;BBAS3;;;;;;;;1997-09-30;;;;
FIIM;34.606.480/0001-50;BB ETF IBOVESPA FUNDO DE INDICE;2023-07-31;507680;1483727866.96;AÇÕES;Ação ordinária;N;Para negociação;4800.00;35456.00;1500.00;11080.41;201300.00;1493646.00;;;MRFG3;;;;;;;;2007-06-28;;;;
FIIM;34.606.480/0001-50;BB ETF IBOVESPA FUNDO DE INDICE;2023-07-31;507680;1483727866.96;AÇÕES;Ação ordinária;N;Para negociação;13200.00;245256.00;4000.00;70702.97;485898.00;8993971.98;;;EMBR3;;;;;;;;1997-07-28;;;;
FIIM;34.606.480/0001-50;BB ETF IBOVESPA FUNDO DE INDICE;2023-07-31;507680;1483727866.96;AÇÕES;Ação ordinária;N;Para negociação;18000.00;248865.00;5400.00;73467.53;339904.00;4517324.16;;;CCRO3;;;;;;;;2002-02-01;;;;
FIIM;34.606.480/0001-50;BB ETF IBOVESPA FUNDO DE INDICE;2023-07-31;507680;1483727866.96;AÇÕES;Ação ordinária;N;Para negociação;21600.00;493848.00;6600.00;149966.61;806691.00;18747498.84;;;RAIL3;;;;;;;;2017-03-13;;;;
FIIM;34.606.480/0001-50;BB ETF IBOVESPA FUNDO DE INDICE;2023-07-31;507680;1483727866.96;AÇÕES;Ação ordinária;N;Para negociação;6000.00;337360.00;1800.00;99072.90;229500.00;13333950.00;;;SBSP3;;;;;;;;1998-02-11;;;;
FIIM;34.606.480/0001-50;BB ETF IBOVESPA FUNDO DE INDICE;2023-07-31;507680;1483727866.96;AÇÕES;Ação ordinária;N;Para negociação;7200.00;62160.00;2300.00;18095.00;292700.00;2168907.00;;;LWSA3;;;;;;;;2020-02-06;;;;
FIIM;34.606.480/0001-50;BB ETF IBOVESPA FUNDO DE INDICE;2023-07-31;507680;1483727866.96;AÇÕES;Ação ordinária;N;Para negociação;21000.00;202303.00;409800.00;3517232.03;1126700.00;10996592.00;;;BRFS3;;;;;;;;2009-12-10;;;;
FIIM;34.606.480/0001-50;BB ETF IBOVESPA FUNDO DE INDICE;2023-07-31;507680;1483727866.96;AÇÕES;Ação ordinária;N;Para negociação;9600.00;292384.00;4800.00;141809.09;271478.00;8027604.46;;;TOTS3;;;;;;;;2006-03-09;;;;
FIIM;34.606.480/0001-50;BB ETF IBOVESPA FUNDO DE INDICE;2023-07-31;507680;1483727866.96;AÇÕES;Ação ordinária;N;Para negociação;4800.00;99228.00;1500.00;29644.48;89857.00;1993926.83;;;YDUQ3;;;;;;;;2019-07-23;;;;
FIIM;34.606.480/0001-50;BB ETF IBOVESPA FUNDO DE INDICE;2023-07-31;507680;1483727866.96;AÇÕES;Ação ordinária;N;Para negociação;36000.00;1425810.00;14900.00;572993.83;1361600.00;52625840.00;;;ELET3;;;;;;;;1997-12-16;;;;
FIIM;34.606.480/0001-50;BB ETF IBOVESPA FUNDO DE INDICE;2023-07-31;507680;1483727866.96;AÇÕES;Ação ordinária;N;Para negociação;7200.00;117570.00;2200.00;33971.36;283410.00;4565735.10;;;FLRY3;;;;;;;;2009-12-17;;;;
FIIM;34.606.480/0001-50;BB ETF IBOVESPA FUNDO DE INDICE;2023-07-31;507680;1483727866.96;AÇÕES;Ação ordinária;N;Para negociação;2400.00;80868.00;700.00;23282.75;96600.00;3233202.00;;;SMTO3;;;;;;;;2007-02-12;;;;
FIIM;34.606.480/0001-50;BB ETF IBOVESPA FUNDO DE INDICE;2023-07-31;507680;1483727866.96;AÇÕES;Ação ordinária;N;Para negociação;2400.00;48774.00;800.00;17536.30;107598.00;2227278.60;;;PCAR3;;;;;;;;1997-09-02;;;;
FIIM;34.606.480/0001-50;BB ETF IBOVESPA FUNDO DE INDICE;2023-07-31;507680;1483727866.96;AÇÕES;Ação ordinária;S;Para negociação;12000.00;377280.00;3600.00;109551.15;452300.00;14075576.00;;;BBSE3;;;;;;;;2013-04-29;;;;
FIIM;34.606.480/0001-50;BB ETF IBOVESPA FUNDO DE INDICE;2023-07-31;507680;1483727866.96;AÇÕES;Ação ordinária;N;Para negociação;7200.00;307710.00;2200.00;89639.33;257777.00;10854989.47;;;VIVT3;;;;;;;;2011-10-06;;;;
FIIM;34.606.480/0001-50;BB ETF IBOVESPA FUNDO DE INDICE;2023-07-31;507680;1483727866.96;AÇÕES;Ação ordinária;N;Para negociação;78000.00;1182025.00;23600.00;347456.70;1898135.00;28206286.10;;;ABEV3;;;;;;;;2013-11-11;;;;
FIIM;34.606.480/0001-50;BB ETF IBOVESPA FUNDO DE INDICE;2023-07-31;507680;1483727866.96;AÇÕES;Ação ordinária;N;Para negociação;16400.00;662464.00;4400.00;189337.48;190042.00;8669716.04;;;PRIO3;;;;;;;;2015-06-26;;;;
FIIM;34.606.480/0001-50;BB ETF IBOVESPA FUNDO DE INDICE;2023-07-31;507680;1483727866.96;AÇÕES;Ação preferencial;N;Para negociação;3600.00;44883.00;1100.00;11327.38;89446.00;861364.98;;;GOLL4;;;;;;;;2004-06-24;;;;
FIIM;34.606.480/0001-50;BB ETF IBOVESPA FUNDO DE INDICE;2023-07-31;507680;1483727866.96;AÇÕES;Ação preferencial;N;Para negociação;12000.00;149700.00;3600.00;46405.91;449000.00;6173750.00;;;GOAU4;;;;;;;;1998-01-02;;;;
FIIM;34.606.480/0001-50;BB ETF IBOVESPA FUNDO DE INDICE;2023-07-31;507680;1483727866.96;AÇÕES;Ação preferencial;N;Para negociação;86300.00;2603356.00;24700.00;723134.74;2140872.00;66602527.92;;;PETR4;;;;;;;;1997-03-24;;;;
FIIM;34.606.480/0001-50;BB ETF IBOVESPA FUNDO DE INDICE;2023-07-31;507680;1483727866.96;AÇÕES;Ação preferencial;N;Para negociação;4800.00;130648.00;1400.00;36233.36;178400.00;4531360.00;;;BRKM5;;;;;;;;2002-09-02;;;;
FIIM;34.606.480/0001-50;BB ETF IBOVESPA FUNDO DE INDICE;2023-07-31;507680;1483727866.96;AÇÕES;Ação preferencial;N;Para negociação;89700.00;878615.00;27200.00;264807.14;3076102.00;30207321.64;;;ITSA4;;;;;;;;1998-03-04;;;;
FIIM;34.606.480/0001-50;BB ETF IBOVESPA FUNDO DE INDICE;2023-07-31;507680;1483727866.96;AÇÕES;Ação preferencial;N;Para negociação;85300.00;2467164.00;28100.00;799557.35;2483522.00;71128070.08;;;ITUB4;;;;;;;;2009-05-20;;;;
FIIM;34.606.480/0001-50;BB ETF IBOVESPA FUNDO DE INDICE;2023-07-31;507680;1483727866.96;AÇÕES;Ação preferencial;N;Para negociação;21600.00;92574.00;6500.00;27537.95;805000.00;3348800.00;;;RAIZ4;;;;;;;;2021-08-05;;;;
FIIM;34.606.480/0001-50;BB ETF IBOVESPA FUNDO DE INDICE;2023-07-31;507680;1483727866.96;AÇÕES;Ação preferencial;N;Para negociação;19200.00;506480.00;5900.00;161982.69;257453.00;7530500.25;;;GGBR4;;;;;;;;2001-02-01;;;;
FIIM;34.606.480/0001-50;BB ETF IBOVESPA FUNDO DE INDICE;2023-07-31;507680;1483727866.96;AÇÕES;Ação preferencial;N;Para negociação;4800.00;106852.00;1400.00;31906.54;108060.00;2538329.40;;;BRAP4;;;;;;;;2000-08-10;;;;
FIIM;34.606.480/0001-50;BB ETF IBOVESPA FUNDO DE INDICE;2023-07-31;507680;1483727866.96;AÇÕES;Ação preferencial;N;Para negociação;25200.00;319452.00;7700.00;96977.92;975229.00;12356151.43;;;CMIG4;;;;;;;;1997-12-26;;;;
FIIM;34.606.480/0001-50;BB ETF IBOVESPA FUNDO DE INDICE;2023-07-31;507680;1483727866.96;AÇÕES;Ação preferencial;N;Para negociação;92100.00;1524659.00;27900.00;462094.51;1091949.00;18191870.34;;;BBDC4;;;;;;;;1998-03-02;;;;
FIIM;34.606.480/0001-50;BB ETF IBOVESPA FUNDO DE INDICE;2023-07-31;507680;1483727866.96;AÇÕES;Ação preferencial;N;Para negociação;4800.00;211648.00;1500.00;64404.31;184537.00;8051349.31;;;ELET6;;;;;;;;1997-12-16;;;;
FIIM;34.606.480/0001-50;BB ETF IBOVESPA FUNDO DE INDICE;2023-07-31;507680;1483727866.96;AÇÕES;Ação preferencial;N;Para negociação;27600.00;225032.00;8400.00;67782.55;1054000.00;8811440.00;;;CPLE6;;;;;;;;1998-03-13;;;;
FIIM;34.606.480/0001-50;BB ETF IBOVESPA FUNDO DE INDICE;2023-07-31;507680;1483727866.96;AÇÕES;Ação preferencial;N;Para negociação;6000.00;120475.00;1800.00;31892.60;220100.00;3895770.00;;;AZUL4;;;;;;;;2017-04-11;;;;
FIIM;34.606.480/0001-50;BB ETF IBOVESPA FUNDO DE INDICE;2023-07-31;507680;1483727866.96;AÇÕES;Ação preferencial;N;Para negociação;3600.00;33804.00;1100.00;9893.22;136700.00;1316421.00;;;ALPA4;;;;;;;;1997-04-28;;;;
FIIM;34.606.480/0001-50;BB ETF IBOVESPA FUNDO DE INDICE;2023-07-31;507680;1483727866.96;AÇÕES;Ação preferencial;N;Para negociação;9600.00;70336.00;2800.00;21196.27;211186.00;1526874.78;;;USIM5;;;;;;;;1999-02-02;;;;
FIIM;34.606.480/0001-50;BB ETF IBOVESPA FUNDO DE INDICE;2023-07-31;507680;1483727866.96;OUTRAS APLICAÇÕES;Recibo de subscrição;N;Para negociação;12060.00;301500.00;0.00;0.00;0.00;0.00;;;;REC EQTL ON;;PJ;3220438000173;EQUATORIAL ENERGIA SA;;;;;;;
FIIM;34.606.480/0001-50;BB ETF IBOVESPA FUNDO DE INDICE;2023-07-31;507680;1483727866.96;OUTRAS APLICAÇÕES;Recibo de subscrição;N;Para negociação;21600.00;700146.00;6600.00;216857.95;295024.00;10033766.24;;;;BTGP BANCO UNIT;;PJ;30306294000145;BCO BTG PACTUAL SA;;;;;;;
FIIM;34.606.480/0001-50;BB ETF IBOVESPA FUNDO DE INDICE;2023-07-31;507680;1483727866.96;DISPONIBILIDADES;Outros;;Para negociação;;;;;;708378.57;;;;BANCO BRASIL CAIXA;;PJ;191;BCO BRASIL SA;;;;;;;
FIIM;34.606.480/0001-50;BB ETF IBOVESPA FUNDO DE INDICE;2023-07-31;507680;1483727866.96;VALORES A PAGAR;Outros;;Para negociação;;;;;;1163.11;;;;TAXA ADMIN A PAGAR;;;;;;;;;;;
FIIM;34.606.480/0001-50;BB ETF IBOVESPA FUNDO DE INDICE;2023-07-31;507680;1483727866.96;VALORES A PAGAR;Outros;;Para negociação;;;;;;139.26;;;;SELIC A PAGAR;;;;;;;;;;;
FIIM;34.606.480/0001-50;BB ETF IBOVESPA FUNDO DE INDICE;2023-07-31;507680;1483727866.96;VALORES A PAGAR;Outros;;Para negociação;;;;;;12.51;;;;EMOLUMENTO TOMADA;;;;;;;;;;;
FIIM;34.606.480/0001-50;BB ETF IBOVESPA FUNDO DE INDICE;2023-07-31;507680;1483727866.96;VALORES A PAGAR;Outros;;Para negociação;;;;;;6926186.69;;;;Cotas Resgatar;;;;;;;;;;;
FIIM;34.606.480/0001-50;BB ETF IBOVESPA FUNDO DE INDICE;2023-07-31;507680;1483727866.96;VALORES A PAGAR;Outros;;Para negociação;;;;;;12140.02;;;;TXCUST?DIA A PAGAR;;;;;;;;;;;
FIIM;34.606.480/0001-50;BB ETF IBOVESPA FUNDO DE INDICE;2023-07-31;507680;1483727866.96;VALORES A PAGAR;Outros;;Para negociação;;;;;;2131.92;;;;PROV.AUDIT 28/03/24;;;;;;;;;;;
FIIM;34.606.480/0001-50;BB ETF IBOVESPA FUNDO DE INDICE;2023-07-31;507680;1483727866.96;VALORES A RECEBER;Outros;;Para negociação;;;;;;99322.51;;;;WEG DIREITOS;;PJ;84429695000111;WEG SA;;;;;;;
FIIM;34.606.480/0001-50;BB ETF IBOVESPA FUNDO DE INDICE;2023-07-31;507680;1483727866.96;VALORES A RECEBER;Outros;;Para negociação;;;;;;131657.95;;;;TELEF BRASIL DIREITOS;;PJ;2558157000162;TELEFONICA BRASIL SA;;;;;;;
FIIM;34.606.480/0001-50;BB ETF IBOVESPA FUNDO DE INDICE;2023-07-31;507680;1483727866.96;VALORES A RECEBER;Outros;;Para negociação;;;;;;19.67;;;;Valores a Re ceber;;;;;;;;;;;
FIIM;34.606.480/0001-50;BB ETF IBOVESPA FUNDO DE INDICE;2023-07-31;507680;1483727866.96;VALORES A RECEBER;Outros;;Para negociação;;;;;;110490.75;;;;CYRELA ON DIVIDEND;;PJ;73178600000118;CYRELA BRAZIL REALTY SA EMPREENDIMENTOS;;;;;;;
FIIM;34.606.480/0001-50;BB ETF IBOVESPA FUNDO DE INDICE;2023-07-31;507680;1483727866.96;VALORES A RECEBER;Outros;;Para negociação;;;;;;1169401.23;;;;ITAUSA JSCP;;PJ;61532644000115;ITAUSA  SA;;;;;;;
FIIM;34.606.480/0001-50;BB ETF IBOVESPA FUNDO DE INDICE;2023-07-31;507680;1483727866.96;VALORES A RECEBER;Outros;;Para negociação;;;;;;172619.83;;;;HYPERMARCAS DIREITOS;;PJ;2932074000191;HYPERA S.A.;;;;;;;
FIIM;34.606.480/0001-50;BB ETF IBOVESPA FUNDO DE INDICE;2023-07-31;507680;1483727866.96;VALORES A RECEBER;Outros;;Para negociação;;;;;;3848807.31;;;;PETROBRAS ON DIVIDEND;;PJ;33000167000101;PETROLEO BRASILEIRO SA PETROBRAS;;;;;;;
FIIM;34.606.480/0001-50;BB ETF IBOVESPA FUNDO DE INDICE;2023-07-31;507680;1483727866.96;VALORES A RECEBER;Outros;;Para negociação;;;;;;63614.74;;;;CEMIG PN DIVIDEND;;PJ;17155730000164;CIA ENERGETICA MINAS GERAIS CEMIG;;;;;;;
FIIM;34.606.480/0001-50;BB ETF IBOVESPA FUNDO DE INDICE;2023-07-31;507680;1483727866.96;VALORES A RECEBER;Outros;;Para negociação;;;;;;123944.64;;;;WEGE S/A DIVIDEND;;PJ;84429695000111;WEG SA;;;;;;;
FIIM;34.606.480/0001-50;BB ETF IBOVESPA FUNDO DE INDICE;2023-07-31;507680;1483727866.96;VALORES A RECEBER;Outros;;Para negociação;;;;;;2160.44;;;;Outros Valores;;;;;;;;;;;
FIIM;34.606.480/0001-50;BB ETF IBOVESPA FUNDO DE INDICE;2023-07-31;507680;1483727866.96;VALORES A RECEBER;Outros;;Para negociação;;;;;;5590113.75;;;;PETROBRAS PN DIVIDEND;;PJ;33000167000101;PETROLEO BRASILEIRO SA PETROBRAS;;;;;;;
FIIM;34.606.480/0001-50;BB ETF IBOVESPA FUNDO DE INDICE;2023-07-31;507680;1483727866.96;VALORES A RECEBER;Outros;;Para negociação;;;;;;34840.54;;;;AREZZO IND?S DIREITOS;;PJ;16590234000176;AREZZO IND COM SA;;;;;;;
FIIM;34.606.480/0001-50;BB ETF IBOVESPA FUNDO DE INDICE;2023-07-31;507680;1483727866.96;VALORES A RECEBER;Outros;;Para negociação;;;;;;359898.29;;;;TRACTEBEL DIVIDEND;;PJ;2474103000119;TRACTEBEL ENERGIA SA;;;;;;;
FIIM;34.606.480/0001-50;BB ETF IBOVESPA FUNDO DE INDICE;2023-07-31;507680;1483727866.96;VALORES A RECEBER;Outros;;Para negociação;;;;;;77329.49;;;;DIREITOS DIREITOS;;PJ;51466860000156;SAO MARTINHO SA;;;;;;;
FIIM;34.606.480/0001-50;BB ETF IBOVESPA FUNDO DE INDICE;2023-07-31;507680;1483727866.96;VALORES A RECEBER;Outros;;Para negociação;;;;;;88560.10;;;;RAIADROGASIL DIREITOS;;PJ;61585865000151;RAIA DROGASIL SA;;;;;;;
FIIM;34.606.480/0001-50;BB ETF IBOVESPA FUNDO DE INDICE;2023-07-31;507680;1483727866.96;VALORES A RECEBER;Outros;;Para negociação;;;;;;121185.56;;;;MULTIPLAN DIREITOS;;PJ;7816890000153;MULTIPLAN EMPREENDIMENTOS IMOBILIARIOS S;;;;;;;
FIIM;34.606.480/0001-50;BB ETF IBOVESPA FUNDO DE INDICE;2023-07-31;507680;1483727866.96;VALORES A RECEBER;Outros;;Para negociação;;;;;;79925.00;;;;TOTVS JSCP;;PJ;53113791000122;TOTVS SA;;;;;;;
FIIM;34.606.480/0001-50;BB ETF IBOVESPA FUNDO DE INDICE;2023-07-31;507680;1483727866.96;VALORES A RECEBER;Outros;;Para negociação;;;;;;19576.70;;;;RA?ZEN DIREITOS;;PJ;33453598000123;RA?ZEN S.A.;;;;;;;
FIIM;34.606.480/0001-50;BB ETF IBOVESPA FUNDO DE INDICE;2023-07-31;507680;1483727866.96;VALORES A RECEBER;Outros;;Para negociação;;;;;;29247.80;;;;IGUATEMI S.A DIREITOS;;PJ;60543816000193;IGUATEMI S.A.;;;;;;;
FIIM;34.606.480/0001-50;BB ETF IBOVESPA FUNDO DE INDICE;2023-07-31;507680;1483727866.96;VALORES A RECEBER;Outros;;Para negociação;;;;;;1829168.81;;;;ITAU UN. HOL DIREITOS;;PJ;60872504000123;ITAU UNIBANCO HOLDING SA;;;;;;;
FIIM;34.606.480/0001-50;BB ETF IBOVESPA FUNDO DE INDICE;2023-07-31;507680;1483727866.96;VALORES A RECEBER;Outros;;Para negociação;;;;;;102893.94;;;;CPFL DIVIDEND;;PJ;2429144000193;CPFL ENERGIA SA;;;;;;;
FIIM;34.606.480/0001-50;BB ETF IBOVESPA FUNDO DE INDICE;2023-07-31;507680;1483727866.96;VALORES A RECEBER;Outros;;Para negociação;;;;;;2155656.69;;;;PETROBRAS PN JSCP;;PJ;33000167000101;PETROLEO BRASILEIRO SA PETROBRAS;;;;;;;
FIIM;34.606.480/0001-50;BB ETF IBOVESPA FUNDO DE INDICE;2023-07-31;507680;1483727866.96;VALORES A RECEBER;Outros;;Para negociação;;;;;;23079.16;;;;DIFERIR CVM 29/12/23;;;;;;;;;;;
FIIM;34.606.480/0001-50;BB ETF IBOVESPA FUNDO DE INDICE;2023-07-31;507680;1483727866.96;VALORES A RECEBER;Outros;;Para negociação;;;;;;186998.15;;;;RENT3 DIREITOS;;PJ;16670085000155;LOCALIZA RENT A CAR SA;;;;;;;
FIIM;34.606.480/0001-50;BB ETF IBOVESPA FUNDO DE INDICE;2023-07-31;507680;1483727866.96;VALORES A RECEBER;Outros;;Para negociação;;;;;;6243278.60;;;;ORDEM VENDAS RECEBER;;;;;;;;;;;
FIIM;34.606.480/0001-50;BB ETF IBOVESPA FUNDO DE INDICE;2023-07-31;507680;1483727866.96;VALORES A RECEBER;Outros;;Para negociação;;;;;;97972.65;;;;BCO SANTANDE DIREITOS;;PJ;90400888000142;BCO SANTANDER (BRASIL) SA;;;;;;;
FIIM;34.606.480/0001-50;BB ETF IBOVESPA FUNDO DE INDICE;2023-07-31;507680;1483727866.96;VALORES A RECEBER;Outros;;Para negociação;;;;;;53692.57;;;;PROV REMUN DOADA;;;;;;;;;;;
FIIM;34.606.480/0001-50;BB ETF IBOVESPA FUNDO DE INDICE;2023-07-31;507680;1483727866.96;VALORES A RECEBER;Outros;;Para negociação;;;;;;634487.91;;;;CEMIG PN JSCP;;PJ;17155730000164;CIA ENERGETICA MINAS GERAIS CEMIG;;;;;;;
FIIM;34.606.480/0001-50;BB ETF IBOVESPA FUNDO DE INDICE;2023-07-31;507680;1483727866.96;VALORES A RECEBER;Outros;;Para negociação;;;;;;12997.55;;;;TAESA DIREITOS;;PJ;7859971000130;TAESA - TRANSM ALIAN?A ENERGIA EL?TRICA;;;;;;;
FIIM;34.606.480/0001-50;BB ETF IBOVESPA FUNDO DE INDICE;2023-07-31;507680;1483727866.96;VALORES A RECEBER;Outros;;Para negociação;;;;;;1417390.01;;;;PETROBRAS ON JSCP;;PJ;33000167000101;PETROLEO BRASILEIRO SA PETROBRAS;;;;;;;
FIIM;34.606.480/0001-50;BB ETF IBOVESPA FUNDO DE INDICE;2023-07-31;507680;1483727866.96;VALORES A RECEBER;Outros;;Para negociação;;;;;;242639.23;;;;LOJAS RENNER JSCP;;PJ;92754738000162;LOJAS RENNER SA;;;;;;;
FIIM;34.606.480/0001-50;BB ETF IBOVESPA FUNDO DE INDICE;2023-07-31;507680;1483727866.96;VALORES A RECEBER;Outros;;Para negociação;;;;;;1497.16;;;;PET CENTER DIREITOS;;PJ;18328118000109;PET CENTER COM?RCIO E PARTICIPA??ES S.A.;;;;;;;
FIIM;34.606.480/0001-50;BB ETF IBOVESPA FUNDO DE INDICE;2023-07-31;507680;1483727866.96;VALORES A RECEBER;Outros;;Para negociação;;;;;;30598.11;;;;CARREFOUR DIREITOS;;PJ;75315333000109;ATACADAO SA;;;;;;;
FIIM;34.606.480/0001-50;BB ETF IBOVESPA FUNDO DE INDICE;2023-07-31;507680;1483727866.96;VALORES A RECEBER;Outros;;Para negociação;;;;;;84701.55;;;;BRADESCO JSCP;;PJ;60746948000112;BCO BRADESCO SA;;;;;;;
FIIM;34.606.480/0001-50;BB ETF IBOVESPA FUNDO DE INDICE;2023-07-31;507680;1483727866.96;MERCADO FUTURO - POSIÇÕES COMPRADAS;Contrato Futuro;;Para negociação;2.00;237874.00;0.00;0.00;386.00;655042.00;;;;IND FUTURO BMF - 16/08/2023;;PJ;54641030000106;BOLSA MERCADORIAS FUTUROS BMF SA;;;;;;;
FIIM;34.606.480/0001-50;BB ETF IBOVESPA FUNDO DE INDICE;2023-07-31;507680;1483727866.96;AÇÕES E OUTROS TVM CEDIDOS EM EMPRÉSTIMO;Ação ordinária;N;Para negociação;;;;;8500.00;114495.00;;;;ASAI3;;PJ;6057223000171;SENDAS DISTRIBUIDORA S.A.;;;;;;;
FIIM;34.606.480/0001-50;BB ETF IBOVESPA FUNDO DE INDICE;2023-07-31;507680;1483727866.96;AÇÕES E OUTROS TVM CEDIDOS EM EMPRÉSTIMO;Ação ordinária;N;Para negociação;;;;;32666.00;436744.42;;;ENEV3;;;;;;;;2013-10-22;;;;
FIIM;34.606.480/0001-50;BB ETF IBOVESPA FUNDO DE INDICE;2023-07-31;507680;1483727866.96;AÇÕES E OUTROS TVM CEDIDOS EM EMPRÉSTIMO;Ação ordinária;N;Para negociação;;;;;246976.00;1185484.80;;;HAPV3;;;;;;;;2018-04-25;;;;
FIIM;34.606.480/0001-50;BB ETF IBOVESPA FUNDO DE INDICE;2023-07-31;507680;1483727866.96;AÇÕES E OUTROS TVM CEDIDOS EM EMPRÉSTIMO;Ação ordinária;N;Para negociação;;;;;332996.00;4425516.84;;;CCRO3;;;;;;;;2002-02-01;;;;
FIIM;34.606.480/0001-50;BB ETF IBOVESPA FUNDO DE INDICE;2023-07-31;507680;1483727866.96;AÇÕES E OUTROS TVM CEDIDOS EM EMPRÉSTIMO;Ação ordinária;N;Para negociação;;;;;3621.00;298370.40;;;ARZZ3;;;;;;;;2011-02-02;;;;
FIIM;34.606.480/0001-50;BB ETF IBOVESPA FUNDO DE INDICE;2023-07-31;507680;1483727866.96;AÇÕES E OUTROS TVM CEDIDOS EM EMPRÉSTIMO;Ação ordinária;N;Para negociação;;;;;190.00;1886.70;;;CASH3;;;;;;;;2020-11-05;;;;
FIIM;34.606.480/0001-50;BB ETF IBOVESPA FUNDO DE INDICE;2023-07-31;507680;1483727866.96;AÇÕES E OUTROS TVM CEDIDOS EM EMPRÉSTIMO;Ação ordinária;N;Para negociação;;;;;1028.00;34479.12;;;EQTL3;;;;;;;;2006-04-03;;;;
FIIM;34.606.480/0001-50;BB ETF IBOVESPA FUNDO DE INDICE;2023-07-31;507680;1483727866.96;AÇÕES E OUTROS TVM CEDIDOS EM EMPRÉSTIMO;Ação ordinária;N;Para negociação;;;;;1540.00;17309.60;;;SOMA3;;;;;;;;2020-07-31;;;;
FIIM;34.606.480/0001-50;BB ETF IBOVESPA FUNDO DE INDICE;2023-07-31;507680;1483727866.96;AÇÕES E OUTROS TVM CEDIDOS EM EMPRÉSTIMO;Ação ordinária;N;Para negociação;;;;;531540.00;9982321.20;;;JBSS3;;;;;;;;2007-03-29;;;;
FIIM;34.606.480/0001-50;BB ETF IBOVESPA FUNDO DE INDICE;2023-07-31;507680;1483727866.96;AÇÕES E OUTROS TVM CEDIDOS EM EMPRÉSTIMO;Ação ordinária;N;Para negociação;;;;;17628.00;252785.52;;;TIMS3;;;;;;;;2020-10-13;;;;
FIIM;34.606.480/0001-50;BB ETF IBOVESPA FUNDO DE INDICE;2023-07-31;507680;1483727866.96;AÇÕES E OUTROS TVM CEDIDOS EM EMPRÉSTIMO;Ação ordinária;N;Para negociação;;;;;16064.00;112448.00;;;PETZ3;;;;;;;;2020-09-11;;;;
FIIM;34.606.480/0001-50;BB ETF IBOVESPA FUNDO DE INDICE;2023-07-31;507680;1483727866.96;AÇÕES E OUTROS TVM CEDIDOS EM EMPRÉSTIMO;Ação ordinária;N;Para negociação;;;;;74422.00;2200658.54;;;TOTS3;;;;;;;;2006-03-09;;;;
FIIM;34.606.480/0001-50;BB ETF IBOVESPA FUNDO DE INDICE;2023-07-31;507680;1483727866.96;AÇÕES E OUTROS TVM CEDIDOS EM EMPRÉSTIMO;Ação ordinária;N;Para negociação;;;;;867246.00;12921965.40;;;B3SA3;;;;;;;;2018-03-26;;;;
FIIM;34.606.480/0001-50;BB ETF IBOVESPA FUNDO DE INDICE;2023-07-31;507680;1483727866.96;AÇÕES E OUTROS TVM CEDIDOS EM EMPRÉSTIMO;Ação ordinária;N;Para negociação;;;;;73466.00;1021177.40;;;MRVE3;;;;;;;;2007-07-23;;;;
FIIM;34.606.480/0001-50;BB ETF IBOVESPA FUNDO DE INDICE;2023-07-31;507680;1483727866.96;AÇÕES E OUTROS TVM CEDIDOS EM EMPRÉSTIMO;Ação ordinária;N;Para negociação;;;;;26138.00;493746.82;;;UGPA3;;;;;;;;1999-10-13;;;;
FIIM;34.606.480/0001-50;BB ETF IBOVESPA FUNDO DE INDICE;2023-07-31;507680;1483727866.96;AÇÕES E OUTROS TVM CEDIDOS EM EMPRÉSTIMO;Ação ordinária;N;Para negociação;;;;;1056365.00;15697583.90;;;ABEV3;;;;;;;;2013-11-11;;;;
FIIM;34.606.480/0001-50;BB ETF IBOVESPA FUNDO DE INDICE;2023-07-31;507680;1483727866.96;AÇÕES E OUTROS TVM CEDIDOS EM EMPRÉSTIMO;Ação ordinária;N;Para negociação;;;;;554105.00;16052421.85;;;RADL3;;;;;;;;2011-12-19;;;;
FIIM;34.606.480/0001-50;BB ETF IBOVESPA FUNDO DE INDICE;2023-07-31;507680;1483727866.96;AÇÕES E OUTROS TVM CEDIDOS EM EMPRÉSTIMO;Ação ordinária;N;Para negociação;;;;;897786.00;62090879.76;;;VALE3;;;;;;;;1997-07-24;;;;
FIIM;34.606.480/0001-50;BB ETF IBOVESPA FUNDO DE INDICE;2023-07-31;507680;1483727866.96;AÇÕES E OUTROS TVM CEDIDOS EM EMPRÉSTIMO;Ação ordinária;N;Para negociação;;;;;2500.00;24400.00;;;BRFS3;;;;;;;;2009-12-10;;;;
FIIM;34.606.480/0001-50;BB ETF IBOVESPA FUNDO DE INDICE;2023-07-31;507680;1483727866.96;AÇÕES E OUTROS TVM CEDIDOS EM EMPRÉSTIMO;Ação ordinária;N;Para negociação;;;;;783.00;11627.55;;;BBDC3;;;;;;;;1998-03-02;;;;
FIIM;34.606.480/0001-50;BB ETF IBOVESPA FUNDO DE INDICE;2023-07-31;507680;1483727866.96;AÇÕES E OUTROS TVM CEDIDOS EM EMPRÉSTIMO;Ação ordinária;N;Para negociação;;;;;30417.00;660961.41;;;EZTC3;;;;;;;;2007-06-22;;;;
FIIM;34.606.480/0001-50;BB ETF IBOVESPA FUNDO DE INDICE;2023-07-31;507680;1483727866.96;AÇÕES E OUTROS TVM CEDIDOS EM EMPRÉSTIMO;Ação ordinária;N;Para negociação;;;;;1227863.00;4113341.05;;;MGLU3;;;;;;;;2011-05-02;;;;
FIIM;34.606.480/0001-50;BB ETF IBOVESPA FUNDO DE INDICE;2023-07-31;507680;1483727866.96;AÇÕES E OUTROS TVM CEDIDOS EM EMPRÉSTIMO;Ação ordinária;N;Para negociação;;;;;1877.00;37427.38;;;CSAN3;;;;;;;;2005-11-18;;;;
FIIM;34.606.480/0001-50;BB ETF IBOVESPA FUNDO DE INDICE;2023-07-31;507680;1483727866.96;AÇÕES E OUTROS TVM CEDIDOS EM EMPRÉSTIMO;Ação ordinária;N;Para negociação;;;;;346010.00;16632700.70;;;SUZB3;;;;;;;;2004-08-05;;;;
FIIM;34.606.480/0001-50;BB ETF IBOVESPA FUNDO DE INDICE;2023-07-31;507680;1483727866.96;AÇÕES E OUTROS TVM CEDIDOS EM EMPRÉSTIMO;Ação ordinária;N;Para negociação;;;;;514856.00;2291109.20;;;CMIN3;;;;;;;;2021-05-03;;;;
FIIM;34.606.480/0001-50;BB ETF IBOVESPA FUNDO DE INDICE;2023-07-31;507680;1483727866.96;AÇÕES E OUTROS TVM CEDIDOS EM EMPRÉSTIMO;Ação ordinária;N;Para negociação;;;;;464473.00;18541762.16;;;WEGE3;;;;;;;;2004-08-02;;;;
FIIM;34.606.480/0001-50;BB ETF IBOVESPA FUNDO DE INDICE;2023-07-31;507680;1483727866.96;AÇÕES E OUTROS TVM CEDIDOS EM EMPRÉSTIMO;Ação ordinária;N;Para negociação;;;;;6.00;208.86;;;PETR3;;;;;;;;1997-03-24;;;;
FIIM;34.606.480/0001-50;BB ETF IBOVESPA FUNDO DE INDICE;2023-07-31;507680;1483727866.96;AÇÕES E OUTROS TVM CEDIDOS EM EMPRÉSTIMO;Ação ordinária;N;Para negociação;;;;;112043.00;2486234.17;;;YDUQ3;;;;;;;;2019-07-23;;;;
FIIM;34.606.480/0001-50;BB ETF IBOVESPA FUNDO DE INDICE;2023-07-31;507680;1483727866.96;AÇÕES E OUTROS TVM CEDIDOS EM EMPRÉSTIMO;Ação ordinária;N;Para negociação;;;;;7102.00;131458.02;;;EMBR3;;;;;;;;1997-07-28;;;;
FIIM;34.606.480/0001-50;BB ETF IBOVESPA FUNDO DE INDICE;2023-07-31;507680;1483727866.96;AÇÕES E OUTROS TVM CEDIDOS EM EMPRÉSTIMO;Ação ordinária;N;Para negociação;;;;;104311.00;4593856.44;;;EGIE3;;;;;;;;2016-07-21;;;;
FIIM;34.606.480/0001-50;BB ETF IBOVESPA FUNDO DE INDICE;2023-07-31;507680;1483727866.96;AÇÕES E OUTROS TVM CEDIDOS EM EMPRÉSTIMO;Ação ordinária;N;Para negociação;;;;;3100.00;58125.00;;;LREN3;;;;;;;;1998-01-02;;;;
FIIM;34.606.480/0001-50;BB ETF IBOVESPA FUNDO DE INDICE;2023-07-31;507680;1483727866.96;AÇÕES E OUTROS TVM CEDIDOS EM EMPRÉSTIMO;Ação ordinária;N;Para negociação;;;;;88890.00;3845381.40;;;HYPE3;;;;;;;;2008-04-18;;;;
FIIM;34.606.480/0001-50;BB ETF IBOVESPA FUNDO DE INDICE;2023-07-31;507680;1483727866.96;AÇÕES E OUTROS TVM CEDIDOS EM EMPRÉSTIMO;Ação ordinária;N;Para negociação;;;;;188908.00;2614486.72;;;CSNA3;;;;;;;;1997-12-30;;;;
FIIM;34.606.480/0001-50;BB ETF IBOVESPA FUNDO DE INDICE;2023-07-31;507680;1483727866.96;AÇÕES E OUTROS TVM CEDIDOS EM EMPRÉSTIMO;Ação ordinária;N;Para negociação;;;;;376558.00;17178575.96;;;PRIO3;;;;;;;;2015-06-26;;;;
FIIM;34.606.480/0001-50;BB ETF IBOVESPA FUNDO DE INDICE;2023-07-31;507680;1483727866.96;AÇÕES E OUTROS TVM CEDIDOS EM EMPRÉSTIMO;Ação ordinária;N;Para negociação;;;;;13709.00;318597.16;;;RAIL3;;;;;;;;2017-03-13;;;;
FIIM;34.606.480/0001-50;BB ETF IBOVESPA FUNDO DE INDICE;2023-07-31;507680;1483727866.96;AÇÕES E OUTROS TVM CEDIDOS EM EMPRÉSTIMO;Ação ordinária;N;Para negociação;;;;;27704.00;1209279.60;;;SLCE3;;;;;;;;2007-06-15;;;;
FIIM;34.606.480/0001-50;BB ETF IBOVESPA FUNDO DE INDICE;2023-07-31;507680;1483727866.96;AÇÕES E OUTROS TVM CEDIDOS EM EMPRÉSTIMO;Ação ordinária;N;Para negociação;;;;;335170.00;12066120.00;;;RDOR3;;;;;;;;2021-06-25;;;;
FIIM;34.606.480/0001-50;BB ETF IBOVESPA FUNDO DE INDICE;2023-07-31;507680;1483727866.96;AÇÕES E OUTROS TVM CEDIDOS EM EMPRÉSTIMO;Ação ordinária;N;Para negociação;;;;;212710.00;2918381.20;;;CRFB3;;;;;;;;2017-07-20;;;;
FIIM;34.606.480/0001-50;BB ETF IBOVESPA FUNDO DE INDICE;2023-07-31;507680;1483727866.96;AÇÕES E OUTROS TVM CEDIDOS EM EMPRÉSTIMO;Ação ordinária;N;Para negociação;;;;;29123.00;1226369.53;;;VIVT3;;;;;;;;2011-10-06;;;;
FIIM;34.606.480/0001-50;BB ETF IBOVESPA FUNDO DE INDICE;2023-07-31;507680;1483727866.96;AÇÕES E OUTROS TVM CEDIDOS EM EMPRÉSTIMO;Ação ordinária;N;Para negociação;;;;;36814.00;2474637.08;;;RENT3;;;;;;;;2005-05-23;;;;
FIIM;34.606.480/0001-50;BB ETF IBOVESPA FUNDO DE INDICE;2023-07-31;507680;1483727866.96;AÇÕES E OUTROS TVM CEDIDOS EM EMPRÉSTIMO;Ação ordinária;N;Para negociação;;;;;94757.00;2257111.74;;;CYRE3;;;;;;;;1997-04-22;;;;
FIIM;34.606.480/0001-50;BB ETF IBOVESPA FUNDO DE INDICE;2023-07-31;507680;1483727866.96;AÇÕES E OUTROS TVM CEDIDOS EM EMPRÉSTIMO;Ação ordinária;N;Para negociação;;;;;1402.00;29021.40;;;PCAR3;;;;;;;;1997-09-02;;;;
FIIM;34.606.480/0001-50;BB ETF IBOVESPA FUNDO DE INDICE;2023-07-31;507680;1483727866.96;AÇÕES E OUTROS TVM CEDIDOS EM EMPRÉSTIMO;Ação ordinária;N;Para negociação;;;;;600.00;20082.00;;;SMTO3;;;;;;;;2007-02-12;;;;
FIIM;34.606.480/0001-50;BB ETF IBOVESPA FUNDO DE INDICE;2023-07-31;507680;1483727866.96;AÇÕES E OUTROS TVM CEDIDOS EM EMPRÉSTIMO;Ação ordinária;N;Para negociação;;;;;474610.00;1589943.50;;;COGN3;;;;;;;;2019-10-11;;;;
FIIM;34.606.480/0001-50;BB ETF IBOVESPA FUNDO DE INDICE;2023-07-31;507680;1483727866.96;AÇÕES E OUTROS TVM CEDIDOS EM EMPRÉSTIMO;Ação preferencial;N;Para negociação;;;;;758578.00;21725673.92;;;ITUB4;;;;;;;;2009-05-20;;;;
FIIM;34.606.480/0001-50;BB ETF IBOVESPA FUNDO DE INDICE;2023-07-31;507680;1483727866.96;AÇÕES E OUTROS TVM CEDIDOS EM EMPRÉSTIMO;Ação preferencial;N;Para negociação;;;;;940428.00;29256715.08;;;PETR4;;;;;;;;1997-03-24;;;;
FIIM;34.606.480/0001-50;BB ETF IBOVESPA FUNDO DE INDICE;2023-07-31;507680;1483727866.96;AÇÕES E OUTROS TVM CEDIDOS EM EMPRÉSTIMO;Ação preferencial;N;Para negociação;;;;;59285.00;570914.55;;;GOLL4;;;;;;;;2004-06-24;;;;
FIIM;34.606.480/0001-50;BB ETF IBOVESPA FUNDO DE INDICE;2023-07-31;507680;1483727866.96;AÇÕES E OUTROS TVM CEDIDOS EM EMPRÉSTIMO;Ação preferencial;N;Para negociação;;;;;482473.00;14112335.25;;;GGBR4;;;;;;;;2001-02-01;;;;
FIIM;34.606.480/0001-50;BB ETF IBOVESPA FUNDO DE INDICE;2023-07-31;507680;1483727866.96;AÇÕES E OUTROS TVM CEDIDOS EM EMPRÉSTIMO;Ação preferencial;N;Para negociação;;;;;59060.00;1387319.40;;;BRAP4;;;;;;;;2000-08-10;;;;
FIIM;34.606.480/0001-50;BB ETF IBOVESPA FUNDO DE INDICE;2023-07-31;507680;1483727866.96;AÇÕES E OUTROS TVM CEDIDOS EM EMPRÉSTIMO;Ação preferencial;N;Para negociação;;;;;313950.00;3082989.00;;;ITSA4;;;;;;;;1998-03-04;;;;
FIIM;34.606.480/0001-50;BB ETF IBOVESPA FUNDO DE INDICE;2023-07-31;507680;1483727866.96;AÇÕES E OUTROS TVM CEDIDOS EM EMPRÉSTIMO;Ação preferencial;N;Para negociação;;;;;1863.00;81282.69;;;ELET6;;;;;;;;1997-12-16;;;;
FIIM;34.606.480/0001-50;BB ETF IBOVESPA FUNDO DE INDICE;2023-07-31;507680;1483727866.96;AÇÕES E OUTROS TVM CEDIDOS EM EMPRÉSTIMO;Ação preferencial;N;Para negociação;;;;;2379043.00;39634856.38;;;BBDC4;;;;;;;;1998-03-02;;;;
FIIM;34.606.480/0001-50;BB ETF IBOVESPA FUNDO DE INDICE;2023-07-31;507680;1483727866.96;AÇÕES E OUTROS TVM CEDIDOS EM EMPRÉSTIMO;Ação preferencial;N;Para negociação;;;;;132814.00;960245.22;;;USIM5;;;;;;;;1999-02-02;;;;
FIIM;34.606.480/0001-50;BB ETF IBOVESPA FUNDO DE INDICE;2023-07-31;507680;1483727866.96;AÇÕES E OUTROS TVM CEDIDOS EM EMPRÉSTIMO;Certificado de depósito de ações;N;Para negociação;;;;;46806.00;1024115.28;;;;IGTI11;;PJ;60543816000193;IGUATEMI S.A.;;;;;;;
FIIM;34.606.480/0001-50;BB ETF IBOVESPA FUNDO DE INDICE;2023-07-31;507680;1483727866.96;AÇÕES E OUTROS TVM CEDIDOS EM EMPRÉSTIMO;Certificado de depósito de ações;N;Para negociação;;;;;64014.00;1472322.00;;;;KLBN11;;PJ;89637490000145;KLABIN SA;;;;;;;
FIIM;34.606.480/0001-50;BB ETF IBOVESPA FUNDO DE INDICE;2023-07-31;507680;1483727866.96;AÇÕES E OUTROS TVM CEDIDOS EM EMPRÉSTIMO;Certificado de depósito de ações;N;Para negociação;;;;;59969.00;2158884.00;;;TAEE11;;;;;;;;2012-05-28;;;;
FIIM;34.606.480/0001-50;BB ETF IBOVESPA FUNDO DE INDICE;2023-07-31;507680;1483727866.96;AÇÕES E OUTROS TVM CEDIDOS EM EMPRÉSTIMO;Recibo de subscrição;N;Para negociação;;;;;532576.00;18112909.76;;;;BPAC11;;PJ;30306294000145;BCO BTG PACTUAL SA;;;;;;;
FIIM;34.606.480/0001-50;BB ETF IBOVESPA FUNDO DE INDICE;2023-07-31;507680;1483727866.96;OPERAÇÕES COMPROMISSADAS;;N;Para negociação;;;;;6880.00;29597011.58;;;;;2035-05-15;;;;;760199;;;;;
FIIM;34.606.480/0001-50;BB ETF IBOVESPA FUNDO DE INDICE;2023-07-31;507680;1483727866.96;CERTIFICADO OU RECIBO DE DEPÓSITO DE VALORES MOBILIÁRIOS;Certificado de depósito de ações;N;Para negociação;4800.00;242528.00;3400.00;169342.09;167100.00;8386749.00;;;;ENERGISA UNT;;PJ;864214000106;ENERGISA SA;;;;;;;
FIIM;34.606.480/0001-50;BB ETF IBOVESPA FUNDO DE INDICE;2023-07-31;507680;1483727866.96;CERTIFICADO OU RECIBO DE DEPÓSITO DE VALORES MOBILIÁRIOS;Certificado de depósito de ações;N;Para negociação;6000.00;180785.00;1900.00;56324.87;241900.00;6908664.00;;;;BCO SANTANDE UNT N2;;PJ;90400888000142;BCO SANTANDER (BRASIL) SA;;;;;;;
FIIM;34.606.480/0001-50;BB ETF IBOVESPA FUNDO DE INDICE;2023-07-31;507680;1483727866.96;CERTIFICADO OU RECIBO DE DEPÓSITO DE VALORES MOBILIÁRIOS;Certificado de depósito de ações;N;Para negociação;12000.00;265090.00;3700.00;79463.45;412286.00;9482578.00;;;;KLABIN UNT N2;;PJ;89637490000145;KLABIN SA;;;;;;;
FIIM;34.606.480/0001-50;BB ETF IBOVESPA FUNDO DE INDICE;2023-07-31;507680;1483727866.96;CERTIFICADO OU RECIBO DE DEPÓSITO DE VALORES MOBILIÁRIOS;Certificado de depósito de ações;N;Para negociação;3840.00;86256.00;1140.00;24820.73;98474.00;2154611.12;;;;IGUATEMI S.A UNIT;;PJ;60543816000193;IGUATEMI S.A.;;;;;;;
FIIM;34.606.480/0001-50;BB ETF IBOVESPA FUNDO DE INDICE;2023-07-31;507680;1483727866.96;CERTIFICADO OU RECIBO DE DEPÓSITO DE VALORES MOBILIÁRIOS;Certificado de depósito de ações;N;Para negociação;3600.00;133107.00;1100.00;39920.72;89031.00;3205116.00;;;TAEE11;;;;;;;;2012-05-28;;;;
FIIM;34.803.814/0001-86;IT NOW SMALL CAPS FUNDO DE ÍNDICE;2023-07-31;501311;165733397.20;AÇÕES;;N;Para negociação;189319.00;974092.41;88670.00;447680.25;145444.00;760672.12;;;POMO4;;;;;;;;1978-07-20;;;;
FIIM;34.803.814/0001-86;IT NOW SMALL CAPS FUNDO DE ÍNDICE;2023-07-31;501311;165733397.20;AÇÕES;;N;Para negociação;87336.00;365329.10;40732.00;172865.80;93823.00;451288.63;;;ANIM3;;;;;;;;2013-10-28;;;;
FIIM;34.803.814/0001-86;IT NOW SMALL CAPS FUNDO DE ÍNDICE;2023-07-31;501311;165733397.20;AÇÕES;;N;Para negociação;80246.00;824801.92;96561.00;1004693.88;112744.00;1357437.76;;;ONCO3;;;;;;;;2021-08-10;;;;
FIIM;34.803.814/0001-86;IT NOW SMALL CAPS FUNDO DE ÍNDICE;2023-07-31;501311;165733397.20;AÇÕES;;N;Para negociação;107379.00;1280176.72;50168.00;599577.88;110599.00;1313916.12;;;AESB3;;;;;;;;2021-03-29;;;;
FIIM;34.803.814/0001-86;IT NOW SMALL CAPS FUNDO DE ÍNDICE;2023-07-31;501311;165733397.20;AÇÕES;;N;Para negociação;33977.00;965678.78;16007.00;459998.17;38714.00;1138191.60;;;VIVA3;;;;;;;;2019-10-10;;;;
FIIM;34.803.814/0001-86;IT NOW SMALL CAPS FUNDO DE ÍNDICE;2023-07-31;501311;165733397.20;AÇÕES;;N;Para negociação;52145.00;213223.55;24406.00;104605.60;39736.00;167685.92;;;PGMN3;;;;;;;;2020-09-02;;;;
FIIM;34.803.814/0001-86;IT NOW SMALL CAPS FUNDO DE ÍNDICE;2023-07-31;501311;165733397.20;AÇÕES;;N;Para negociação;158223.00;1238240.90;74058.00;592478.31;120595.00;955112.40;;;GMAT3;;;;;;;;2020-10-13;;;;
FIIM;34.803.814/0001-86;IT NOW SMALL CAPS FUNDO DE ÍNDICE;2023-07-31;501311;165733397.20;AÇÕES;;N;Para negociação;1846.00;26604.86;878.00;13018.70;2119.00;28394.60;;;FHER3;;;;;;;;2007-04-12;;;;
FIIM;34.803.814/0001-86;IT NOW SMALL CAPS FUNDO DE ÍNDICE;2023-07-31;501311;165733397.20;AÇÕES;;N;Para negociação;53924.00;1164979.73;25221.00;560359.46;47393.00;981035.10;;;PCAR3;;;;;;;;1995-10-03;;;;
FIIM;34.803.814/0001-86;IT NOW SMALL CAPS FUNDO DE ÍNDICE;2023-07-31;501311;165733397.20;AÇÕES;;N;Para negociação;17732.00;98072.83;8218.00;46547.86;13722.00;78764.28;;;SEER3;;;;;;;;2013-10-29;;;;
FIIM;34.803.814/0001-86;IT NOW SMALL CAPS FUNDO DE ÍNDICE;2023-07-31;501311;165733397.20;AÇÕES;;N;Para negociação;17933.00;102959.31;8358.00;53095.41;22395.00;124740.15;;;CLSA3;;;;;;;;2021-07-30;;;;
FIIM;34.803.814/0001-86;IT NOW SMALL CAPS FUNDO DE ÍNDICE;2023-07-31;501311;165733397.20;AÇÕES;;N;Para negociação;38736.00;513655.47;18121.00;238813.01;30143.00;381308.95;;;TTEN3;;;;;;;;2021-07-12;;;;
FIIM;34.803.814/0001-86;IT NOW SMALL CAPS FUNDO DE ÍNDICE;2023-07-31;501311;165733397.20;AÇÕES;;N;Para negociação;149697.00;476336.56;182270.00;618017.70;114574.00;341430.52;;;CVCB3;;;;;;;;2013-12-09;;;;
FIIM;34.803.814/0001-86;IT NOW SMALL CAPS FUNDO DE ÍNDICE;2023-07-31;501311;165733397.20;AÇÕES;;N;Para negociação;39076.00;939283.97;18325.00;445771.60;30497.00;724913.69;;;INTB3;;;;;;;;2021-02-04;;;;
FIIM;34.803.814/0001-86;IT NOW SMALL CAPS FUNDO DE ÍNDICE;2023-07-31;501311;165733397.20;AÇÕES;;N;Para negociação;60614.00;729108.51;28408.00;343541.38;54096.00;672954.24;;;RAPT4;;;;;;;;1993-03-19;;;;
FIIM;34.803.814/0001-86;IT NOW SMALL CAPS FUNDO DE ÍNDICE;2023-07-31;501311;165733397.20;AÇÕES;;N;Para negociação;36069.00;1471136.20;16877.00;691826.29;32528.00;1419847.20;;;SLCE3;;;;;;;;2007-06-15;;;;
FIIM;34.803.814/0001-86;IT NOW SMALL CAPS FUNDO DE ÍNDICE;2023-07-31;501311;165733397.20;AÇÕES;;N;Para negociação;105812.00;702208.14;49625.00;325795.50;113511.00;931925.31;;;ECOR3;;;;;;;;2010-04-01;;;;
FIIM;34.803.814/0001-86;IT NOW SMALL CAPS FUNDO DE ÍNDICE;2023-07-31;501311;165733397.20;AÇÕES;;N;Para negociação;68605.00;619066.42;32022.00;288941.69;52193.00;502618.59;;;ALPA4;;;;;;;;1973-03-19;;;;
FIIM;34.803.814/0001-86;IT NOW SMALL CAPS FUNDO DE ÍNDICE;2023-07-31;501311;165733397.20;AÇÕES;;N;Para negociação;13264.00;607710.36;6286.00;287885.36;12387.00;562245.93;;;LEVE3;;;;;;;;1973-04-30;;;;
FIIM;34.803.814/0001-86;IT NOW SMALL CAPS FUNDO DE ÍNDICE;2023-07-31;501311;165733397.20;AÇÕES;;N;Para negociação;20234.00;456605.05;9442.00;218561.78;15640.00;334696.00;;;LOGG3;;;;;;;;2018-12-21;;;;
FIIM;34.803.814/0001-86;IT NOW SMALL CAPS FUNDO DE ÍNDICE;2023-07-31;501311;165733397.20;AÇÕES;;N;Para negociação;45036.00;487740.52;21145.00;237465.79;35682.00;407131.62;;;MOVI3;;;;;;;;2017-02-08;;;;
FIIM;34.803.814/0001-86;IT NOW SMALL CAPS FUNDO DE ÍNDICE;2023-07-31;501311;165733397.20;AÇÕES;;N;Para negociação;24627.00;544702.34;11623.00;272328.38;19233.00;512559.45;;;SQIA3;;;;;;;;2019-02-18;;;;
FIIM;34.803.814/0001-86;IT NOW SMALL CAPS FUNDO DE ÍNDICE;2023-07-31;501311;165733397.20;AÇÕES;;N;Para negociação;32181.00;636352.49;15097.00;300865.17;24396.00;530125.08;;;EZTC3;;;;;;;;2007-06-22;;;;
FIIM;34.803.814/0001-86;IT NOW SMALL CAPS FUNDO DE ÍNDICE;2023-07-31;501311;165733397.20;AÇÕES;;N;Para negociação;34612.00;339563.30;16123.00;156383.44;26711.00;272452.20;;;RANI3;;;;;;;;1981-06-10;;;;
FIIM;34.803.814/0001-86;IT NOW SMALL CAPS FUNDO DE ÍNDICE;2023-07-31;501311;165733397.20;AÇÕES;;N;Para negociação;20730.00;1673610.20;9723.00;798970.01;15731.00;1296234.40;;;ARZZ3;;;;;;;;2011-02-02;;;;
FIIM;34.803.814/0001-86;IT NOW SMALL CAPS FUNDO DE ÍNDICE;2023-07-31;501311;165733397.20;AÇÕES;;N;Para negociação;23042.00;594657.75;10807.00;278880.69;19584.00;532097.28;;;TUPY3;;;;;;;;1973-06-13;;;;
FIIM;34.803.814/0001-86;IT NOW SMALL CAPS FUNDO DE ÍNDICE;2023-07-31;501311;165733397.20;AÇÕES;;N;Para negociação;25572.00;161593.80;11930.00;77375.70;19372.00;122043.60;;;WIZC3;;;;;;;;2023-02-09;;;;
FIIM;34.803.814/0001-86;IT NOW SMALL CAPS FUNDO DE ÍNDICE;2023-07-31;501311;165733397.20;AÇÕES;;N;Para negociação;175587.00;1295139.12;82171.00;608163.45;133029.00;961799.67;;;USIM5;;;;;;;;1999-02-02;;;;
FIIM;34.803.814/0001-86;IT NOW SMALL CAPS FUNDO DE ÍNDICE;2023-07-31;501311;165733397.20;AÇÕES;;N;Para negociação;10141.00;195506.14;4730.00;93028.38;7855.00;163226.90;;;BLAU3;;;;;;;;2021-04-19;;;;
FIIM;34.803.814/0001-86;IT NOW SMALL CAPS FUNDO DE ÍNDICE;2023-07-31;501311;165733397.20;AÇÕES;;N;Para negociação;25105.00;189003.91;11720.00;86754.40;24000.00;202560.00;;;LAVV3;;;;;;;;2020-09-02;;;;
FIIM;34.803.814/0001-86;IT NOW SMALL CAPS FUNDO DE ÍNDICE;2023-07-31;501311;165733397.20;AÇÕES;;N;Para negociação;27442.00;283793.13;12761.00;132592.24;21150.00;217422.00;;;MATD3;;;;;;;;2021-04-16;;;;
FIIM;34.803.814/0001-86;IT NOW SMALL CAPS FUNDO DE ÍNDICE;2023-07-31;501311;165733397.20;AÇÕES;;N;Para negociação;35610.00;718037.36;32260.00;634534.90;27692.00;584301.20;;;DIRR3;;;;;;;;2009-11-19;;;;
FIIM;34.803.814/0001-86;IT NOW SMALL CAPS FUNDO DE ÍNDICE;2023-07-31;501311;165733397.20;AÇÕES;;N;Para negociação;40859.00;659831.10;19065.00;303762.56;31518.00;560074.86;;;CURY3;;;;;;;;2020-09-21;;;;
FIIM;34.803.814/0001-86;IT NOW SMALL CAPS FUNDO DE ÍNDICE;2023-07-31;501311;165733397.20;AÇÕES;;N;Para negociação;25114.00;213462.42;11780.00;103259.30;19282.00;159076.50;;;POSI3;;;;;;;;2006-12-11;;;;
FIIM;34.803.814/0001-86;IT NOW SMALL CAPS FUNDO DE ÍNDICE;2023-07-31;501311;165733397.20;AÇÕES;;N;Para negociação;175397.00;4161222.41;8900.00;210524.00;0.00;0.00;;;ENBR3;;;;;;;;2005-07-13;;;;
FIIM;34.803.814/0001-86;IT NOW SMALL CAPS FUNDO DE ÍNDICE;2023-07-31;501311;165733397.20;AÇÕES;;N;Para negociação;15667.00;590104.25;7415.00;287491.65;13680.00;526269.60;;;ORVR3;;;;;;;;2021-02-17;;;;
FIIM;34.803.814/0001-86;IT NOW SMALL CAPS FUNDO DE ÍNDICE;2023-07-31;501311;165733397.20;AÇÕES;;N;Para negociação;44842.00;573339.79;21057.00;260220.58;38167.00;528612.95;;;MYPK3;;;;;;;;1984-09-14;;;;
FIIM;34.803.814/0001-86;IT NOW SMALL CAPS FUNDO DE ÍNDICE;2023-07-31;501311;165733397.20;AÇÕES;;N;Para negociação;101896.00;547574.35;47712.00;259025.42;82665.00;466230.60;;;JHSF3;;;;;;;;2007-04-12;;;;
FIIM;34.803.814/0001-86;IT NOW SMALL CAPS FUNDO DE ÍNDICE;2023-07-31;501311;165733397.20;AÇÕES;;N;Para negociação;79998.00;2581585.74;37474.00;1212833.43;80698.00;2868813.90;;;RRRP3;;;;;;;;2020-11-12;;;;
FIIM;34.803.814/0001-86;IT NOW SMALL CAPS FUNDO DE ÍNDICE;2023-07-31;501311;165733397.20;AÇÕES;;N;Para negociação;23475.00;176253.70;10942.00;84614.66;17411.00;172891.23;;;CASH3;;;;;;;;2020-11-05;;;;
FIIM;34.803.814/0001-86;IT NOW SMALL CAPS FUNDO DE ÍNDICE;2023-07-31;501311;165733397.20;AÇÕES;;N;Para negociação;23618.00;1017178.12;11063.00;476338.64;17870.00;745715.10;;;MDIA3;;;;;;;;2006-10-18;;;;
FIIM;34.803.814/0001-86;IT NOW SMALL CAPS FUNDO DE ÍNDICE;2023-07-31;501311;165733397.20;AÇÕES;;N;Para negociação;20227.00;506768.95;9499.00;243901.24;15608.00;404403.28;;;AGRO3;;;;;;;;2006-05-02;;;;
FIIM;34.803.814/0001-86;IT NOW SMALL CAPS FUNDO DE ÍNDICE;2023-07-31;501311;165733397.20;AÇÕES;;N;Para negociação;101009.00;2013785.16;47277.00;951617.11;81001.00;1797412.19;;;YDUQ3;;;;;;;;2019-07-23;;;;
FIIM;34.803.814/0001-86;IT NOW SMALL CAPS FUNDO DE ÍNDICE;2023-07-31;501311;165733397.20;AÇÕES;;N;Para negociação;116475.00;1083583.95;54587.00;500044.95;137202.00;1275978.60;;;BPAN4;;;;;;;;2014-08-05;;;;
FIIM;34.803.814/0001-86;IT NOW SMALL CAPS FUNDO DE ÍNDICE;2023-07-31;501311;165733397.20;AÇÕES;;N;Para negociação;24183.00;138139.53;11260.00;67548.35;19096.00;117249.44;;;TRIS3;;;;;;;;2007-10-15;;;;
FIIM;34.803.814/0001-86;IT NOW SMALL CAPS FUNDO DE ÍNDICE;2023-07-31;501311;165733397.20;AÇÕES;;N;Para negociação;167258.00;1862911.61;78349.00;918060.20;136553.00;1534855.72;;;SOMA3;;;;;;;;2020-07-31;;;;
FIIM;34.803.814/0001-86;IT NOW SMALL CAPS FUNDO DE ÍNDICE;2023-07-31;501311;165733397.20;AÇÕES;;N;Para negociação;91280.00;680681.55;42716.00;318530.06;70850.00;532792.00;;;GRND3;;;;;;;;2004-10-29;;;;
FIIM;34.803.814/0001-86;IT NOW SMALL CAPS FUNDO DE ÍNDICE;2023-07-31;501311;165733397.20;AÇÕES;;N;Para negociação;64956.00;317303.03;30279.00;155805.21;49301.00;261295.30;;;CBAV3;;;;;;;;2021-07-15;;;;
FIIM;34.803.814/0001-86;IT NOW SMALL CAPS FUNDO DE ÍNDICE;2023-07-31;501311;165733397.20;AÇÕES;;N;Para negociação;105731.00;196503.10;49300.00;106363.10;78341.00;132396.29;;;IFCM3;;;;;;;;2021-05-04;;;;
FIIM;34.803.814/0001-86;IT NOW SMALL CAPS FUNDO DE ÍNDICE;2023-07-31;501311;165733397.20;AÇÕES;;N;Para negociação;15539.00;1222912.47;7248.00;584316.05;12018.00;972736.92;;;UNIP6;;;;;;;;1980-06-04;;;;
FIIM;34.803.814/0001-86;IT NOW SMALL CAPS FUNDO DE ÍNDICE;2023-07-31;501311;165733397.20;AÇÕES;;N;Para negociação;88873.00;868534.32;41701.00;423610.78;71509.00;721525.81;;;BEEF3;;;;;;;;2007-07-20;;;;
FIIM;34.803.814/0001-86;IT NOW SMALL CAPS FUNDO DE ÍNDICE;2023-07-31;501311;165733397.20;AÇÕES;;N;Para negociação;114423.00;763023.98;53563.00;379119.67;92091.00;644637.00;;;PETZ3;;;;;;;;2020-09-11;;;;
FIIM;34.803.814/0001-86;IT NOW SMALL CAPS FUNDO DE ÍNDICE;2023-07-31;501311;165733397.20;AÇÕES;;N;Para negociação;48875.00;1634369.97;23003.00;787089.64;43114.00;1443025.58;;;SMTO3;;;;;;;;2007-02-12;;;;
FIIM;34.803.814/0001-86;IT NOW SMALL CAPS FUNDO DE ÍNDICE;2023-07-31;501311;165733397.20;AÇÕES;;N;Para negociação;114721.00;1291689.78;53756.00;610598.41;90424.00;1058865.04;;;MEGA3;;;;;;;;2021-12-27;;;;
FIIM;34.803.814/0001-86;IT NOW SMALL CAPS FUNDO DE ÍNDICE;2023-07-31;501311;165733397.20;AÇÕES;;N;Para negociação;18486.00;143026.94;8619.00;65874.14;19127.00;160475.53;;;PTBL3;;;;;;;;1991-11-11;;;;
FIIM;34.803.814/0001-86;IT NOW SMALL CAPS FUNDO DE ÍNDICE;2023-07-31;501311;165733397.20;AÇÕES;;N;Para negociação;395.00;36903.48;176.00;17239.64;607.00;50095.71;;;BRPR3;;;;;;;;2007-04-23;;;;
FIIM;34.803.814/0001-86;IT NOW SMALL CAPS FUNDO DE ÍNDICE;2023-07-31;501311;165733397.20;AÇÕES;;N;Para negociação;144094.00;2241620.16;67486.00;1084317.95;116685.00;1879795.35;;;FLRY3;;;;;;;;2009-12-17;;;;
FIIM;34.803.814/0001-86;IT NOW SMALL CAPS FUNDO DE ÍNDICE;2023-07-31;501311;165733397.20;AÇÕES;;N;Para negociação;77303.00;97047.17;36057.00;47098.42;72743.00;87291.60;;;AERI3;;;;;;;;2020-11-11;;;;
FIIM;34.803.814/0001-86;IT NOW SMALL CAPS FUNDO DE ÍNDICE;2023-07-31;501311;165733397.20;AÇÕES;;N;Para negociação;93703.00;726467.88;43807.00;355902.08;70926.00;593650.62;;;DXCO3;;;;;;;;2021-08-19;;;;
FIIM;34.803.814/0001-86;IT NOW SMALL CAPS FUNDO DE ÍNDICE;2023-07-31;501311;165733397.20;AÇÕES;;N;Para negociação;60797.00;563847.38;28436.00;260325.50;46835.00;439780.65;;;KEPL3;;;;;;;;1981-02-13;;;;
FIIM;34.803.814/0001-86;IT NOW SMALL CAPS FUNDO DE ÍNDICE;2023-07-31;501311;165733397.20;AÇÕES;;N;Para negociação;181547.00;4504787.17;84993.00;2143917.34;227126.00;5521433.06;;;ALSO3;;;;;;;;2019-08-06;;;;
FIIM;34.803.814/0001-86;IT NOW SMALL CAPS FUNDO DE ÍNDICE;2023-07-31;501311;165733397.20;AÇÕES;;N;Para negociação;94498.00;434008.47;44147.00;207210.39;72355.00;310402.95;;;QUAL3;;;;;;;;2011-06-29;;;;
FIIM;34.803.814/0001-86;IT NOW SMALL CAPS FUNDO DE ÍNDICE;2023-07-31;501311;165733397.20;AÇÕES;;N;Para negociação;64416.00;1326504.56;30262.00;625196.08;50682.00;1025803.68;;;CSMG3;;;;;;;;2006-02-08;;;;
FIIM;34.803.814/0001-86;IT NOW SMALL CAPS FUNDO DE ÍNDICE;2023-07-31;501311;165733397.20;AÇÕES;;N;Para negociação;16742.00;98945.02;7838.00;48014.56;13732.00;82666.64;;;GFSA3;;;;;;;;2006-01-26;;;;
FIIM;34.803.814/0001-86;IT NOW SMALL CAPS FUNDO DE ÍNDICE;2023-07-31;501311;165733397.20;AÇÕES;;N;Para negociação;49775.00;648779.92;23308.00;306759.95;39676.00;524119.96;;;SBFG3;;;;;;;;2021-03-31;;;;
FIIM;34.803.814/0001-86;IT NOW SMALL CAPS FUNDO DE ÍNDICE;2023-07-31;501311;165733397.20;AÇÕES;;N;Para negociação;85622.00;1930026.48;40142.00;888112.08;67028.00;1574487.72;;;BRAP4;;;;;;;;2000-08-10;;;;
FIIM;34.803.814/0001-86;IT NOW SMALL CAPS FUNDO DE ÍNDICE;2023-07-31;501311;165733397.20;AÇÕES;;N;Para negociação;180861.00;1441339.90;84675.00;675538.39;263120.00;2099697.60;;;BOAS3;;;;;;;;2020-09-30;;;;
FIIM;34.803.814/0001-86;IT NOW SMALL CAPS FUNDO DE ÍNDICE;2023-07-31;501311;165733397.20;AÇÕES;;N;Para negociação;58811.00;796341.25;27602.00;398971.30;66819.00;876665.28;;;ARML3;;;;;;;;2021-07-28;;;;
FIIM;34.803.814/0001-86;IT NOW SMALL CAPS FUNDO DE ÍNDICE;2023-07-31;501311;165733397.20;AÇÕES;;N;Para negociação;26243.00;343478.54;12231.00;157303.85;19996.00;278944.20;;;ENAT3;;;;;;;;2019-04-24;;;;
FIIM;34.803.814/0001-86;IT NOW SMALL CAPS FUNDO DE ÍNDICE;2023-07-31;501311;165733397.20;AÇÕES;;N;Para negociação;15222.00;246112.03;7046.00;113796.08;11817.00;168746.76;;;ROMI3;;;;;;;;1973-06-22;;;;
FIIM;34.803.814/0001-86;IT NOW SMALL CAPS FUNDO DE ÍNDICE;2023-07-31;501311;165733397.20;AÇÕES;;N;Para negociação;35791.00;202582.12;16697.00;93484.83;27596.00;157297.20;;;CEAB3;;;;;;;;2019-10-28;;;;
FIIM;34.803.814/0001-86;IT NOW SMALL CAPS FUNDO DE ÍNDICE;2023-07-31;501311;165733397.20;AÇÕES;;N;Para negociação;14809.00;318956.91;6868.00;154189.08;11307.00;237899.28;;;AMBP3;;;;;;;;2020-07-13;;;;
FIIM;34.803.814/0001-86;IT NOW SMALL CAPS FUNDO DE ÍNDICE;2023-07-31;501311;165733397.20;AÇÕES;;N;Para negociação;25142.00;438657.40;11749.00;204211.30;27429.00;538156.98;;;VULC3;;;;;;;;1973-07-02;;;;
FIIM;34.803.814/0001-86;IT NOW SMALL CAPS FUNDO DE ÍNDICE;2023-07-31;501311;165733397.20;AÇÕES;;N;Para negociação;127084.00;2183232.03;59530.00;1034428.28;96974.00;1690256.82;;;GGPS3;;;;;;;;2021-04-26;;;;
FIIM;34.803.814/0001-86;IT NOW SMALL CAPS FUNDO DE ÍNDICE;2023-07-31;501311;165733397.20;AÇÕES;;N;Para negociação;23787.00;430460.41;11283.00;204896.55;17488.00;327025.60;;;ABCB4;;;;;;;;2007-07-25;;;;
FIIM;34.803.814/0001-86;IT NOW SMALL CAPS FUNDO DE ÍNDICE;2023-07-31;501311;165733397.20;AÇÕES;;N;Para negociação;61590.00;82863.11;28792.00;40755.94;47347.00;44032.71;;;SEQL3;;;;;;;;2020-10-07;;;;
FIIM;34.803.814/0001-86;IT NOW SMALL CAPS FUNDO DE ÍNDICE;2023-07-31;501311;165733397.20;AÇÕES;;N;Para negociação;537499.00;1064220.70;251654.00;518022.00;406821.00;878733.36;;;VIIA3;;;;;;;;2021-08-16;;;;
FIIM;34.803.814/0001-86;IT NOW SMALL CAPS FUNDO DE ÍNDICE;2023-07-31;501311;165733397.20;AÇÕES;;N;Para negociação;69102.00;1020538.13;32408.00;489373.46;58403.00;852099.77;;;BRSR6;;;;;;;;2007-09-03;;;;
FIIM;34.803.814/0001-86;IT NOW SMALL CAPS FUNDO DE ÍNDICE;2023-07-31;501311;165733397.20;AÇÕES;;N;Para negociação;24276.00;317405.79;11353.00;150873.30;33405.00;441280.05;;;PNVL3;;;;;;;;1984-08-03;;;;
FIIM;34.803.814/0001-86;IT NOW SMALL CAPS FUNDO DE ÍNDICE;2023-07-31;501311;165733397.20;AÇÕES;;N;Para negociação;60793.00;357969.05;28278.00;172822.27;46119.00;308074.92;;;LJQQ3;;;;;;;;2020-08-10;;;;
FIIM;34.803.814/0001-86;IT NOW SMALL CAPS FUNDO DE ÍNDICE;2023-07-31;501311;165733397.20;AÇÕES;;N;Para negociação;89374.00;230717.72;41704.00;113761.00;87468.00;231790.20;;;MEAL3;;;;;;;;2015-03-31;;;;
FIIM;34.803.814/0001-86;IT NOW SMALL CAPS FUNDO DE ÍNDICE;2023-07-31;501311;165733397.20;AÇÕES;;N;Para negociação;99793.00;741204.05;46781.00;347864.34;77959.00;578455.78;;;MRFG3;;;;;;;;2007-06-28;;;;
FIIM;34.803.814/0001-86;IT NOW SMALL CAPS FUNDO DE ÍNDICE;2023-07-31;501311;165733397.20;AÇÕES;;N;Para negociação;81084.00;122726.76;37784.00;72689.96;62562.00;100724.82;;;ESPA3;;;;;;;;2021-02-01;;;;
FIIM;34.803.814/0001-86;IT NOW SMALL CAPS FUNDO DE ÍNDICE;2023-07-31;501311;165733397.20;AÇÕES;;N;Para negociação;34099.00;279417.38;16005.00;126200.36;26199.00;232385.13;;;JALL3;;;;;;;;2021-02-08;;;;
FIIM;34.803.814/0001-86;IT NOW SMALL CAPS FUNDO DE ÍNDICE;2023-07-31;501311;165733397.20;AÇÕES;;N;Para negociação;101348.00;1341956.66;84729.00;1152481.43;153808.00;2137931.20;;;MRVE3;;;;;;;;2007-07-23;;;;
FIIM;34.803.814/0001-86;IT NOW SMALL CAPS FUNDO DE ÍNDICE;2023-07-31;501311;165733397.20;AÇÕES;;N;Para negociação;99414.00;2184115.43;46608.00;1027624.34;125307.00;2864518.02;;;SMFT3;;;;;;;;2018-02-26;;;;
FIIM;34.803.814/0001-86;IT NOW SMALL CAPS FUNDO DE ÍNDICE;2023-07-31;501311;165733397.20;AÇÕES;;N;Para negociação;77250.00;717416.34;36144.00;339900.68;58548.00;572599.44;;;SIMH3;;;;;;;;2020-09-18;;;;
FIIM;34.803.814/0001-86;IT NOW SMALL CAPS FUNDO DE ÍNDICE;2023-07-31;501311;165733397.20;AÇÕES;;N;Para negociação;146785.00;1154335.79;68740.00;562692.26;184657.00;1368308.37;;;LWSA3;;;;;;;;2020-02-06;;;;
FIIM;34.803.814/0001-86;IT NOW SMALL CAPS FUNDO DE ÍNDICE;2023-07-31;501311;165733397.20;AÇÕES;;N;Para negociação;74322.00;798078.84;34782.00;403184.10;56511.00;544200.93;;;GOLL4;;;;;;;;2004-06-24;;;;
FIIM;34.803.814/0001-86;IT NOW SMALL CAPS FUNDO DE ÍNDICE;2023-07-31;501311;165733397.20;AÇÕES;;N;Para negociação;8681.00;428858.20;4028.00;203809.10;11692.00;586470.72;;;LOGN3;;;;;;;;2007-06-21;;;;
FIIM;34.803.814/0001-86;IT NOW SMALL CAPS FUNDO DE ÍNDICE;2023-07-31;501311;165733397.20;AÇÕES;;N;Para negociação;93574.00;1988009.41;43901.00;922495.25;72046.00;1716135.72;;;CYRE3;;;;;;;;1996-05-27;;;;
FIIM;34.803.814/0001-86;IT NOW SMALL CAPS FUNDO DE ÍNDICE;2023-07-31;501311;165733397.20;AÇÕES;;N;Para negociação;250475.00;4427837.76;117261.00;2130893.78;259426.00;4801975.26;;;EMBR3;;;;;;;;1989-08-28;;;;
FIIM;34.803.814/0001-86;IT NOW SMALL CAPS FUNDO DE ÍNDICE;2023-07-31;501311;165733397.20;AÇÕES;;N;Para negociação;111832.00;2042507.46;52471.00;1028498.36;114018.00;2018118.60;;;AZUL4;;;;;;;;2017-04-11;;;;
FIIM;34.803.814/0001-86;IT NOW SMALL CAPS FUNDO DE ÍNDICE;2023-07-31;501311;165733397.20;AÇÕES;;N;Para negociação;153313.00;431935.56;71694.00;207887.60;122898.00;411708.30;;;MLAS3;;;;;;;;2021-07-22;;;;
FIIM;34.803.814/0001-86;IT NOW SMALL CAPS FUNDO DE ÍNDICE;2023-07-31;501311;165733397.20;AÇÕES;;N;Para negociação;92170.00;389035.64;43177.00;198469.24;70779.00;312843.18;;;ZAMP3;;;;;;;;2022-10-26;;;;
FIIM;34.803.814/0001-86;IT NOW SMALL CAPS FUNDO DE ÍNDICE;2023-07-31;501311;165733397.20;AÇÕES;;N;Para negociação;61208.00;720318.58;28672.00;343323.76;69139.00;860089.16;;;MILS3;;;;;;;;2010-04-16;;;;
FIIM;34.803.814/0001-86;IT NOW SMALL CAPS FUNDO DE ÍNDICE;2023-07-31;501311;165733397.20;AÇÕES;;N;Para negociação;27886.00;1429081.13;13125.00;663640.73;21459.00;882394.08;;;IRBR3;;;;;;;;2017-07-31;;;;
FIIM;34.803.814/0001-86;IT NOW SMALL CAPS FUNDO DE ÍNDICE;2023-07-31;501311;165733397.20;AÇÕES;;N;Para negociação;33927.00;243229.06;15813.00;113944.00;26145.00;190335.60;;;CAML3;;;;;;;;2017-09-28;;;;
FIIM;34.803.814/0001-86;IT NOW SMALL CAPS FUNDO DE ÍNDICE;2023-07-31;501311;165733397.20;AÇÕES;;N;Para negociação;227358.00;2893937.80;106367.00;1330275.00;276414.00;3800692.50;;;GOAU4;;;;;;;;1973-08-27;;;;
FIIM;34.803.814/0001-86;IT NOW SMALL CAPS FUNDO DE ÍNDICE;2023-07-31;501311;165733397.20;AÇÕES;;N;Para negociação;28624.00;383577.60;13359.00;183186.25;34006.00;459081.00;;;BMOB3;;;;;;;;2021-02-10;;;;
FIIM;34.803.814/0001-86;IT NOW SMALL CAPS FUNDO DE ÍNDICE;2023-07-31;501311;165733397.20;AÇÕES;;N;Para negociação;30261.00;45198.95;14188.00;22888.57;24353.00;36529.50;;;TRAD3;;;;;;;;2021-07-28;;;;
FIIM;34.803.814/0001-86;IT NOW SMALL CAPS FUNDO DE ÍNDICE;2023-07-31;501311;165733397.20;AÇÕES;;N;Para negociação;88287.00;1087569.18;41385.00;518844.85;66827.00;819299.02;;;ODPV3;;;;;;;;2006-12-01;;;;
FIIM;34.803.814/0001-86;IT NOW SMALL CAPS FUNDO DE ÍNDICE;2023-07-31;501311;165733397.20;AÇÕES;;N;Para negociação;32525.00;418049.04;15189.00;197765.53;26284.00;315145.16;;;TEND3;;;;;;;;2007-10-15;;;;
FIIM;34.803.814/0001-86;IT NOW SMALL CAPS FUNDO DE ÍNDICE;2023-07-31;501311;165733397.20;AÇÕES;;N;Para negociação;90382.00;1120875.59;42425.00;548282.50;78379.00;1054197.55;;;DASA3;;;;;;;;2004-11-19;;;;
FIIM;34.803.814/0001-86;IT NOW SMALL CAPS FUNDO DE ÍNDICE;2023-07-31;501311;165733397.20;AÇÕES;;N;Para negociação;23159.00;341142.83;10743.00;159890.65;23556.00;349806.60;;;TASA4;;;;;;;;2019-11-12;;;;
FIIM;34.803.814/0001-86;IT NOW SMALL CAPS FUNDO DE ÍNDICE;2023-07-31;501311;165733397.20;AÇÕES;;N;Para negociação;27848.00;212779.56;13097.00;105153.01;21932.00;160322.92;;;GUAR3;;;;;;;;1973-05-14;;;;
FIIM;34.803.814/0001-86;IT NOW SMALL CAPS FUNDO DE ÍNDICE;2023-07-31;501311;165733397.20;AÇÕES;;N;Para negociação;13812.00;671948.81;6479.00;315895.86;15468.00;785001.00;;;FESA4;;;;;;;;1979-01-31;;;;
FIIM;34.803.814/0001-86;IT NOW SMALL CAPS FUNDO DE ÍNDICE;2023-07-31;501311;165733397.20;AÇÕES;;N;Para negociação;618848.00;1995178.24;289794.00;959595.24;626316.00;2098158.60;;;COGN3;;;;;;;;2019-10-11;;;;
FIIM;34.803.814/0001-86;IT NOW SMALL CAPS FUNDO DE ÍNDICE;2023-07-31;501311;165733397.20;AÇÕES;;N;Para negociação;67616.00;482287.55;31574.00;225909.70;74964.00;553983.96;;;EVEN3;;;;;;;;2007-04-02;;;;
FIIM;34.803.814/0001-86;IT NOW SMALL CAPS FUNDO DE ÍNDICE;2023-07-31;501311;165733397.20;AÇÕES;;N;Para negociação;14515.00;348607.62;6903.00;164963.89;20863.00;503841.45;;;AALR3;;;;;;;;2016-10-28;;;;
FIIM;34.803.814/0001-86;IT NOW SMALL CAPS FUNDO DE ÍNDICE;2023-07-31;501311;165733397.20;AÇÕES;;N;Para negociação;292547.00;2970167.28;136870.00;1415107.10;226454.00;2176222.94;;;STBP3;;;;;;;;2007-11-21;;;;
FIIM;34.803.814/0001-86;IT NOW SMALL CAPS FUNDO DE ÍNDICE;2023-07-31;501311;165733397.20;AÇÕES;;N;Para negociação;259185.00;912681.03;121356.00;421876.44;218566.00;869892.68;;;HBSA3;;;;;;;;2020-09-25;;;;
FIIM;34.803.814/0001-86;IT NOW SMALL CAPS FUNDO DE ÍNDICE;2023-07-31;501311;165733397.20;AÇÕES;;N;Para negociação;356653.00;3340128.34;458900.00;4137306.50;712250.00;6951560.00;;;BRFS3;;;;;;;;2009-12-10;;;;
FIIM;34.803.814/0001-86;IT NOW SMALL CAPS FUNDO DE ÍNDICE;2023-07-31;501311;165733397.20;AÇÕES;;N;Para negociação;94338.00;1890051.21;44187.00;925257.49;75124.00;1727100.76;;;RECV3;;;;;;;;2021-05-05;;;;
FIIM;34.803.814/0001-86;IT NOW SMALL CAPS FUNDO DE ÍNDICE;2023-07-31;501311;165733397.20;TÍTULOS PÚBLICOS;;;Para negociação;0.00;0.00;33.00;443676.87;33.00;445835.45;;;210100;;;;;;;;2027-09-01;;;;
FIIM;34.803.814/0001-86;IT NOW SMALL CAPS FUNDO DE ÍNDICE;2023-07-31;501311;165733397.20;DISPONIBILIDADES;;;Para negociação;;;;;;69704.59;;;DISPONIBILIDADES;;;;;;;;;;;;
FIIM;34.803.814/0001-86;IT NOW SMALL CAPS FUNDO DE ÍNDICE;2023-07-31;501311;165733397.20;VALORES A PAGAR;;;Para negociação;;;;;;336918.32;;;VALORES A PAGAR;;;;;;;;;;;;
FIIM;34.803.814/0001-86;IT NOW SMALL CAPS FUNDO DE ÍNDICE;2023-07-31;501311;165733397.20;VALORES A RECEBER;;;Para negociação;;;;;;723979.03;;;VALORES A RECEBER;;;;;;;;;;;;
FIIM;34.803.814/0001-86;IT NOW SMALL CAPS FUNDO DE ÍNDICE;2023-07-31;501311;165733397.20;MERCADO FUTURO - POSIÇÕES COMPRADAS;;;Para negociação;0.00;0.00;0.00;0.00;;12851.60;;;FUT WIN;;;;;;;;;;;;
FIIM;34.803.814/0001-86;IT NOW SMALL CAPS FUNDO DE ÍNDICE;2023-07-31;501311;165733397.20;AÇÕES E OUTROS TVM CEDIDOS EM EMPRÉSTIMO;;N;Para negociação;;;;;41719.00;391741.41;;;KEPL3;;;;;;;;1981-02-13;;;;
FIIM;34.803.814/0001-86;IT NOW SMALL CAPS FUNDO DE ÍNDICE;2023-07-31;501311;165733397.20;AÇÕES E OUTROS TVM CEDIDOS EM EMPRÉSTIMO;;N;Para negociação;;;;;30813.00;637829.10;;;PCAR3;;;;;;;;1995-10-03;;;;
FIIM;34.803.814/0001-86;IT NOW SMALL CAPS FUNDO DE ÍNDICE;2023-07-31;501311;165733397.20;AÇÕES E OUTROS TVM CEDIDOS EM EMPRÉSTIMO;;N;Para negociação;;;;;100324.00;336085.40;;;MLAS3;;;;;;;;2021-07-22;;;;
FIIM;34.803.814/0001-86;IT NOW SMALL CAPS FUNDO DE ÍNDICE;2023-07-31;501311;165733397.20;AÇÕES E OUTROS TVM CEDIDOS EM EMPRÉSTIMO;;N;Para negociação;;;;;13902.00;297502.80;;;LOGG3;;;;;;;;2018-12-21;;;;
FIIM;34.803.814/0001-86;IT NOW SMALL CAPS FUNDO DE ÍNDICE;2023-07-31;501311;165733397.20;AÇÕES E OUTROS TVM CEDIDOS EM EMPRÉSTIMO;;N;Para negociação;;;;;26240.00;623724.80;;;INTB3;;;;;;;;2021-02-04;;;;
FIIM;34.803.814/0001-86;IT NOW SMALL CAPS FUNDO DE ÍNDICE;2023-07-31;501311;165733397.20;AÇÕES E OUTROS TVM CEDIDOS EM EMPRÉSTIMO;;N;Para negociação;;;;;16269.00;99891.66;;;TRIS3;;;;;;;;2007-10-15;;;;
FIIM;34.803.814/0001-86;IT NOW SMALL CAPS FUNDO DE ÍNDICE;2023-07-31;501311;165733397.20;AÇÕES E OUTROS TVM CEDIDOS EM EMPRÉSTIMO;;N;Para negociação;;;;;67073.00;497681.66;;;MRFG3;;;;;;;;2007-06-28;;;;
FIIM;34.803.814/0001-86;IT NOW SMALL CAPS FUNDO DE ÍNDICE;2023-07-31;501311;165733397.20;AÇÕES E OUTROS TVM CEDIDOS EM EMPRÉSTIMO;;N;Para negociação;;;;;6921.00;143818.38;;;BLAU3;;;;;;;;2021-04-19;;;;
FIIM;34.803.814/0001-86;IT NOW SMALL CAPS FUNDO DE ÍNDICE;2023-07-31;501311;165733397.20;AÇÕES E OUTROS TVM CEDIDOS EM EMPRÉSTIMO;;N;Para negociação;;;;;23384.00;170235.52;;;CAML3;;;;;;;;2017-09-28;;;;
FIIM;34.803.814/0001-86;IT NOW SMALL CAPS FUNDO DE ÍNDICE;2023-07-31;501311;165733397.20;AÇÕES E OUTROS TVM CEDIDOS EM EMPRÉSTIMO;;N;Para negociação;;;;;273489.00;916188.15;;;COGN3;;;;;;;;2019-10-11;;;;
FIIM;34.803.814/0001-86;IT NOW SMALL CAPS FUNDO DE ÍNDICE;2023-07-31;501311;165733397.20;AÇÕES E OUTROS TVM CEDIDOS EM EMPRÉSTIMO;;N;Para negociação;;;;;36281.00;504305.90;;;MRVE3;;;;;;;;2007-07-23;;;;
FIIM;34.803.814/0001-86;IT NOW SMALL CAPS FUNDO DE ÍNDICE;2023-07-31;501311;165733397.20;AÇÕES E OUTROS TVM CEDIDOS EM EMPRÉSTIMO;;N;Para negociação;;;;;29677.00;338614.57;;;MOVI3;;;;;;;;2017-02-08;;;;
FIIM;34.803.814/0001-86;IT NOW SMALL CAPS FUNDO DE ÍNDICE;2023-07-31;501311;165733397.20;AÇÕES E OUTROS TVM CEDIDOS EM EMPRÉSTIMO;;N;Para negociação;;;;;16848.00;167300.64;;;CASH3;;;;;;;;2020-11-05;;;;
FIIM;34.803.814/0001-86;IT NOW SMALL CAPS FUNDO DE ÍNDICE;2023-07-31;501311;165733397.20;AÇÕES E OUTROS TVM CEDIDOS EM EMPRÉSTIMO;;N;Para negociação;;;;;18994.00;195258.32;;;MATD3;;;;;;;;2021-04-16;;;;
FIIM;34.803.814/0001-86;IT NOW SMALL CAPS FUNDO DE ÍNDICE;2023-07-31;501311;165733397.20;AÇÕES E OUTROS TVM CEDIDOS EM EMPRÉSTIMO;;N;Para negociação;;;;;19650.00;29475.00;;;TRAD3;;;;;;;;2021-07-28;;;;
FIIM;34.803.814/0001-86;IT NOW SMALL CAPS FUNDO DE ÍNDICE;2023-07-31;501311;165733397.20;AÇÕES E OUTROS TVM CEDIDOS EM EMPRÉSTIMO;;N;Para negociação;;;;;40225.00;330247.25;;;ECOR3;;;;;;;;2010-04-01;;;;
FIIM;34.803.814/0001-86;IT NOW SMALL CAPS FUNDO DE ÍNDICE;2023-07-31;501311;165733397.20;AÇÕES E OUTROS TVM CEDIDOS EM EMPRÉSTIMO;;N;Para negociação;;;;;10426.00;219363.04;;;AMBP3;;;;;;;;2020-07-13;;;;
FIIM;34.803.814/0001-86;IT NOW SMALL CAPS FUNDO DE ÍNDICE;2023-07-31;501311;165733397.20;AÇÕES E OUTROS TVM CEDIDOS EM EMPRÉSTIMO;;N;Para negociação;;;;;8955.00;344498.85;;;ORVR3;;;;;;;;2021-02-17;;;;
FIIM;34.803.814/0001-86;IT NOW SMALL CAPS FUNDO DE ÍNDICE;2023-07-31;501311;165733397.20;AÇÕES E OUTROS TVM CEDIDOS EM EMPRÉSTIMO;;N;Para negociação;;;;;65277.00;546368.49;;;DXCO3;;;;;;;;2021-08-19;;;;
FIIM;34.803.814/0001-86;IT NOW SMALL CAPS FUNDO DE ÍNDICE;2023-07-31;501311;165733397.20;AÇÕES E OUTROS TVM CEDIDOS EM EMPRÉSTIMO;;N;Para negociação;;;;;13769.00;356754.79;;;AGRO3;;;;;;;;2006-05-02;;;;
FIIM;34.803.814/0001-86;IT NOW SMALL CAPS FUNDO DE ÍNDICE;2023-07-31;501311;165733397.20;AÇÕES E OUTROS TVM CEDIDOS EM EMPRÉSTIMO;;N;Para negociação;;;;;7920.00;66448.80;;;PTBL3;;;;;;;;1991-11-11;;;;
FIIM;34.803.814/0001-86;IT NOW SMALL CAPS FUNDO DE ÍNDICE;2023-07-31;501311;165733397.20;AÇÕES E OUTROS TVM CEDIDOS EM EMPRÉSTIMO;;N;Para negociação;;;;;18725.00;136879.75;;;GUAR3;;;;;;;;1973-05-14;;;;
FIIM;34.803.814/0001-86;IT NOW SMALL CAPS FUNDO DE ÍNDICE;2023-07-31;501311;165733397.20;AÇÕES E OUTROS TVM CEDIDOS EM EMPRÉSTIMO;;N;Para negociação;;;;;61480.00;753744.80;;;ODPV3;;;;;;;;2006-12-01;;;;
FIIM;34.803.814/0001-86;IT NOW SMALL CAPS FUNDO DE ÍNDICE;2023-07-31;501311;165733397.20;AÇÕES E OUTROS TVM CEDIDOS EM EMPRÉSTIMO;;N;Para negociação;;;;;15237.00;284931.90;;;ABCB4;;;;;;;;2007-07-25;;;;
FIIM;34.803.814/0001-86;IT NOW SMALL CAPS FUNDO DE ÍNDICE;2023-07-31;501311;165733397.20;AÇÕES E OUTROS TVM CEDIDOS EM EMPRÉSTIMO;;N;Para negociação;;;;;10409.00;154573.65;;;TASA4;;;;;;;;2019-11-12;;;;
FIIM;34.803.814/0001-86;IT NOW SMALL CAPS FUNDO DE ÍNDICE;2023-07-31;501311;165733397.20;AÇÕES E OUTROS TVM CEDIDOS EM EMPRÉSTIMO;;N;Para negociação;;;;;42424.00;39454.32;;;SEQL3;;;;;;;;2020-10-07;;;;
FIIM;34.803.814/0001-86;IT NOW SMALL CAPS FUNDO DE ÍNDICE;2023-07-31;501311;165733397.20;AÇÕES E OUTROS TVM CEDIDOS EM EMPRÉSTIMO;;N;Para negociação;;;;;1953.00;25799.13;;;PNVL3;;;;;;;;1984-08-03;;;;
FIIM;34.803.814/0001-86;IT NOW SMALL CAPS FUNDO DE ÍNDICE;2023-07-31;501311;165733397.20;AÇÕES E OUTROS TVM CEDIDOS EM EMPRÉSTIMO;;N;Para negociação;;;;;41969.00;612327.71;;;BRSR6;;;;;;;;2007-09-03;;;;
FIIM;34.803.814/0001-86;IT NOW SMALL CAPS FUNDO DE ÍNDICE;2023-07-31;501311;165733397.20;AÇÕES E OUTROS TVM CEDIDOS EM EMPRÉSTIMO;;N;Para negociação;;;;;8881.00;174245.22;;;VULC3;;;;;;;;1973-07-02;;;;
FIIM;34.803.814/0001-86;IT NOW SMALL CAPS FUNDO DE ÍNDICE;2023-07-31;501311;165733397.20;AÇÕES E OUTROS TVM CEDIDOS EM EMPRÉSTIMO;;N;Para negociação;;;;;36701.00;892201.31;;;ALSO3;;;;;;;;2019-08-06;;;;
FIIM;34.803.814/0001-86;IT NOW SMALL CAPS FUNDO DE ÍNDICE;2023-07-31;501311;165733397.20;AÇÕES E OUTROS TVM CEDIDOS EM EMPRÉSTIMO;;N;Para negociação;;;;;118679.00;1158307.04;;;BRFS3;;;;;;;;2009-12-10;;;;
FIIM;34.803.814/0001-86;IT NOW SMALL CAPS FUNDO DE ÍNDICE;2023-07-31;501311;165733397.20;AÇÕES E OUTROS TVM CEDIDOS EM EMPRÉSTIMO;;N;Para negociação;;;;;23649.00;174766.11;;;EVEN3;;;;;;;;2007-04-02;;;;
FIIM;34.803.814/0001-86;IT NOW SMALL CAPS FUNDO DE ÍNDICE;2023-07-31;501311;165733397.20;AÇÕES E OUTROS TVM CEDIDOS EM EMPRÉSTIMO;;N;Para negociação;;;;;12249.00;70309.26;;;SEER3;;;;;;;;2013-10-29;;;;
FIIM;34.803.814/0001-86;IT NOW SMALL CAPS FUNDO DE ÍNDICE;2023-07-31;501311;165733397.20;AÇÕES E OUTROS TVM CEDIDOS EM EMPRÉSTIMO;;N;Para negociação;;;;;106708.00;1199397.92;;;SOMA3;;;;;;;;2020-07-31;;;;
FIIM;34.803.814/0001-86;IT NOW SMALL CAPS FUNDO DE ÍNDICE;2023-07-31;501311;165733397.20;AÇÕES E OUTROS TVM CEDIDOS EM EMPRÉSTIMO;;N;Para negociação;;;;;10480.00;308112.00;;;VIVA3;;;;;;;;2019-10-10;;;;
FIIM;34.803.814/0001-86;IT NOW SMALL CAPS FUNDO DE ÍNDICE;2023-07-31;501311;165733397.20;AÇÕES E OUTROS TVM CEDIDOS EM EMPRÉSTIMO;;N;Para negociação;;;;;24634.00;140413.80;;;CEAB3;;;;;;;;2019-10-28;;;;
FIIM;34.803.814/0001-86;IT NOW SMALL CAPS FUNDO DE ÍNDICE;2023-07-31;501311;165733397.20;AÇÕES E OUTROS TVM CEDIDOS EM EMPRÉSTIMO;;N;Para negociação;;;;;23342.00;207043.54;;;JALL3;;;;;;;;2021-02-08;;;;
FIIM;34.803.814/0001-86;IT NOW SMALL CAPS FUNDO DE ÍNDICE;2023-07-31;501311;165733397.20;AÇÕES E OUTROS TVM CEDIDOS EM EMPRÉSTIMO;;N;Para negociação;;;;;92885.00;1496377.35;;;FLRY3;;;;;;;;2009-12-17;;;;
FIIM;34.803.814/0001-86;IT NOW SMALL CAPS FUNDO DE ÍNDICE;2023-07-31;501311;165733397.20;AÇÕES E OUTROS TVM CEDIDOS EM EMPRÉSTIMO;;N;Para negociação;;;;;16460.00;686875.80;;;MDIA3;;;;;;;;2006-10-18;;;;
FIIM;34.803.814/0001-86;IT NOW SMALL CAPS FUNDO DE ÍNDICE;2023-07-31;501311;165733397.20;AÇÕES E OUTROS TVM CEDIDOS EM EMPRÉSTIMO;;N;Para negociação;;;;;51631.00;497206.53;;;GOLL4;;;;;;;;2004-06-24;;;;
FIIM;34.803.814/0001-86;IT NOW SMALL CAPS FUNDO DE ÍNDICE;2023-07-31;501311;165733397.20;AÇÕES E OUTROS TVM CEDIDOS EM EMPRÉSTIMO;;N;Para negociação;;;;;65677.00;1457372.63;;;YDUQ3;;;;;;;;2019-07-23;;;;
FIIM;34.803.814/0001-86;IT NOW SMALL CAPS FUNDO DE ÍNDICE;2023-07-31;501311;165733397.20;AÇÕES E OUTROS TVM CEDIDOS EM EMPRÉSTIMO;;N;Para negociação;;;;;62028.00;466450.56;;;GRND3;;;;;;;;2004-10-29;;;;
FIIM;34.803.814/0001-86;IT NOW SMALL CAPS FUNDO DE ÍNDICE;2023-07-31;501311;165733397.20;AÇÕES E OUTROS TVM CEDIDOS EM EMPRÉSTIMO;;N;Para negociação;;;;;74399.00;520793.00;;;PETZ3;;;;;;;;2020-09-11;;;;
FIIM;34.803.814/0001-86;IT NOW SMALL CAPS FUNDO DE ÍNDICE;2023-07-31;501311;165733397.20;AÇÕES E OUTROS TVM CEDIDOS EM EMPRÉSTIMO;;N;Para negociação;;;;;32074.00;701779.12;;;IGTI11;;;;;;;;2021-11-22;;;;
FIIM;34.803.814/0001-86;IT NOW SMALL CAPS FUNDO DE ÍNDICE;2023-07-31;501311;165733397.20;AÇÕES E OUTROS TVM CEDIDOS EM EMPRÉSTIMO;;N;Para negociação;;;;;23870.00;243474.00;;;RANI3;;;;;;;;1981-06-10;;;;
FIIM;34.803.814/0001-86;IT NOW SMALL CAPS FUNDO DE ÍNDICE;2023-07-31;501311;165733397.20;AÇÕES E OUTROS TVM CEDIDOS EM EMPRÉSTIMO;;N;Para negociação;;;;;65393.00;280535.97;;;QUAL3;;;;;;;;2011-06-29;;;;
FIIM;34.803.814/0001-86;IT NOW SMALL CAPS FUNDO DE ÍNDICE;2023-07-31;501311;165733397.20;AÇÕES E OUTROS TVM CEDIDOS EM EMPRÉSTIMO;;N;Para negociação;;;;;18322.00;255591.90;;;ENAT3;;;;;;;;2019-04-24;;;;
FIIM;34.803.814/0001-86;IT NOW SMALL CAPS FUNDO DE ÍNDICE;2023-07-31;501311;165733397.20;AÇÕES E OUTROS TVM CEDIDOS EM EMPRÉSTIMO;;N;Para negociação;;;;;28865.00;213889.65;;;LWSA3;;;;;;;;2020-02-06;;;;
FIIM;34.803.814/0001-86;IT NOW SMALL CAPS FUNDO DE ÍNDICE;2023-07-31;501311;165733397.20;AÇÕES E OUTROS TVM CEDIDOS EM EMPRÉSTIMO;;N;Para negociação;;;;;10523.00;150268.44;;;ROMI3;;;;;;;;1973-06-22;;;;
FIIM;34.803.814/0001-86;IT NOW SMALL CAPS FUNDO DE ÍNDICE;2023-07-31;501311;165733397.20;AÇÕES E OUTROS TVM CEDIDOS EM EMPRÉSTIMO;;N;Para negociação;;;;;4612.00;234059.00;;;FESA4;;;;;;;;1979-01-31;;;;
FIIM;34.803.814/0001-86;IT NOW SMALL CAPS FUNDO DE ÍNDICE;2023-07-31;501311;165733397.20;AÇÕES E OUTROS TVM CEDIDOS EM EMPRÉSTIMO;;N;Para negociação;;;;;32698.00;431940.58;;;SBFG3;;;;;;;;2021-03-31;;;;
FIIM;34.803.814/0001-86;IT NOW SMALL CAPS FUNDO DE ÍNDICE;2023-07-31;501311;165733397.20;AÇÕES E OUTROS TVM CEDIDOS EM EMPRÉSTIMO;;N;Para negociação;;;;;18954.00;779388.48;;;IRBR3;;;;;;;;2017-07-31;;;;
FIIM;34.803.814/0001-86;IT NOW SMALL CAPS FUNDO DE ÍNDICE;2023-07-31;501311;165733397.20;AÇÕES E OUTROS TVM CEDIDOS EM EMPRÉSTIMO;;N;Para negociação;;;;;48388.00;856467.60;;;AZUL4;;;;;;;;2017-04-11;;;;
FIIM;34.803.814/0001-86;IT NOW SMALL CAPS FUNDO DE ÍNDICE;2023-07-31;501311;165733397.20;AÇÕES E OUTROS TVM CEDIDOS EM EMPRÉSTIMO;;N;Para negociação;;;;;28095.00;499248.15;;;CURY3;;;;;;;;2020-09-21;;;;
FIIM;34.803.814/0001-86;IT NOW SMALL CAPS FUNDO DE ÍNDICE;2023-07-31;501311;165733397.20;AÇÕES E OUTROS TVM CEDIDOS EM EMPRÉSTIMO;;N;Para negociação;;;;;104663.00;1937312.13;;;EMBR3;;;;;;;;1989-08-28;;;;
FIIM;34.803.814/0001-86;IT NOW SMALL CAPS FUNDO DE ÍNDICE;2023-07-31;501311;165733397.20;AÇÕES E OUTROS TVM CEDIDOS EM EMPRÉSTIMO;;N;Para negociação;;;;;34017.00;423171.48;;;RAPT4;;;;;;;;1993-03-19;;;;
FIIM;34.803.814/0001-86;IT NOW SMALL CAPS FUNDO DE ÍNDICE;2023-07-31;501311;165733397.20;AÇÕES E OUTROS TVM CEDIDOS EM EMPRÉSTIMO;;N;Para negociação;;;;;87857.00;1531347.51;;;GGPS3;;;;;;;;2021-04-26;;;;
FIIM;34.803.814/0001-86;IT NOW SMALL CAPS FUNDO DE ÍNDICE;2023-07-31;501311;165733397.20;AÇÕES E OUTROS TVM CEDIDOS EM EMPRÉSTIMO;;N;Para negociação;;;;;22355.00;485774.15;;;EZTC3;;;;;;;;2007-06-22;;;;
FIIM;34.803.814/0001-86;IT NOW SMALL CAPS FUNDO DE ÍNDICE;2023-07-31;501311;165733397.20;AÇÕES E OUTROS TVM CEDIDOS EM EMPRÉSTIMO;;N;Para negociação;;;;;36462.00;153869.64;;;PGMN3;;;;;;;;2020-09-02;;;;
FIIM;34.803.814/0001-86;IT NOW SMALL CAPS FUNDO DE ÍNDICE;2023-07-31;501311;165733397.20;AÇÕES E OUTROS TVM CEDIDOS EM EMPRÉSTIMO;;N;Para negociação;;;;;65565.00;369786.60;;;JHSF3;;;;;;;;2007-04-12;;;;
FIIM;34.803.814/0001-86;IT NOW SMALL CAPS FUNDO DE ÍNDICE;2023-07-31;501311;165733397.20;AÇÕES E OUTROS TVM CEDIDOS EM EMPRÉSTIMO;;N;Para negociação;;;;;57532.00;580497.88;;;BEEF3;;;;;;;;2007-07-20;;;;
FIIM;34.803.814/0001-86;IT NOW SMALL CAPS FUNDO DE ÍNDICE;2023-07-31;501311;165733397.20;AÇÕES E OUTROS TVM CEDIDOS EM EMPRÉSTIMO;;N;Para negociação;;;;;35593.00;1265331.15;;;RRRP3;;;;;;;;2020-11-12;;;;
FIIM;34.803.814/0001-86;IT NOW SMALL CAPS FUNDO DE ÍNDICE;2023-07-31;501311;165733397.20;AÇÕES E OUTROS TVM CEDIDOS EM EMPRÉSTIMO;;N;Para negociação;;;;;26918.00;372814.30;;;MYPK3;;;;;;;;1984-09-14;;;;
FIIM;34.803.814/0001-86;IT NOW SMALL CAPS FUNDO DE ÍNDICE;2023-07-31;501311;165733397.20;AÇÕES E OUTROS TVM CEDIDOS EM EMPRÉSTIMO;;N;Para negociação;;;;;13880.00;377119.60;;;TUPY3;;;;;;;;1973-06-13;;;;
FIIM;34.803.814/0001-86;IT NOW SMALL CAPS FUNDO DE ÍNDICE;2023-07-31;501311;165733397.20;AÇÕES E OUTROS TVM CEDIDOS EM EMPRÉSTIMO;;N;Para negociação;;;;;54232.00;745690.00;;;GOAU4;;;;;;;;1973-08-27;;;;
FIIM;34.803.814/0001-86;IT NOW SMALL CAPS FUNDO DE ÍNDICE;2023-07-31;501311;165733397.20;AÇÕES E OUTROS TVM CEDIDOS EM EMPRÉSTIMO;;N;Para negociação;;;;;27954.00;935620.38;;;SMTO3;;;;;;;;2007-02-12;;;;
FIIM;34.803.814/0001-86;IT NOW SMALL CAPS FUNDO DE ÍNDICE;2023-07-31;501311;165733397.20;AÇÕES E OUTROS TVM CEDIDOS EM EMPRÉSTIMO;;N;Para negociação;;;;;17894.00;112732.20;;;WIZC3;;;;;;;;2023-02-09;;;;
FIIM;34.803.814/0001-86;IT NOW SMALL CAPS FUNDO DE ÍNDICE;2023-07-31;501311;165733397.20;AÇÕES E OUTROS TVM CEDIDOS EM EMPRÉSTIMO;;N;Para negociação;;;;;6732.00;305565.48;;;LEVE3;;;;;;;;1973-04-30;;;;
FIIM;34.803.814/0001-86;IT NOW SMALL CAPS FUNDO DE ÍNDICE;2023-07-31;501311;165733397.20;AÇÕES E OUTROS TVM CEDIDOS EM EMPRÉSTIMO;;N;Para negociação;;;;;33666.00;161933.46;;;ANIM3;;;;;;;;2013-10-28;;;;
FIIM;34.803.814/0001-86;IT NOW SMALL CAPS FUNDO DE ÍNDICE;2023-07-31;501311;165733397.20;AÇÕES E OUTROS TVM CEDIDOS EM EMPRÉSTIMO;;N;Para negociação;;;;;129582.00;677713.86;;;POMO4;;;;;;;;1978-07-20;;;;
FIIM;34.803.814/0001-86;IT NOW SMALL CAPS FUNDO DE ÍNDICE;2023-07-31;501311;165733397.20;AÇÕES E OUTROS TVM CEDIDOS EM EMPRÉSTIMO;;N;Para negociação;;;;;14428.00;1188867.20;;;ARZZ3;;;;;;;;2011-02-02;;;;
FIIM;34.803.814/0001-86;IT NOW SMALL CAPS FUNDO DE ÍNDICE;2023-07-31;501311;165733397.20;AÇÕES E OUTROS TVM CEDIDOS EM EMPRÉSTIMO;;N;Para negociação;;;;;507.00;6793.80;;;FHER3;;;;;;;;2007-04-12;;;;
FIIM;34.803.814/0001-86;IT NOW SMALL CAPS FUNDO DE ÍNDICE;2023-07-31;501311;165733397.20;AÇÕES E OUTROS TVM CEDIDOS EM EMPRÉSTIMO;;N;Para negociação;;;;;10696.00;865734.24;;;UNIP6;;;;;;;;1980-06-04;;;;
FIIM;34.803.814/0001-86;IT NOW SMALL CAPS FUNDO DE ÍNDICE;2023-07-31;501311;165733397.20;AÇÕES E OUTROS TVM CEDIDOS EM EMPRÉSTIMO;;N;Para negociação;;;;;158163.00;629488.74;;;HBSA3;;;;;;;;2020-09-25;;;;
FIIM;34.803.814/0001-86;IT NOW SMALL CAPS FUNDO DE ÍNDICE;2023-07-31;501311;165733397.20;AÇÕES E OUTROS TVM CEDIDOS EM EMPRÉSTIMO;;N;Para negociação;;;;;12573.00;106116.12;;;LAVV3;;;;;;;;2020-09-02;;;;
FIIM;34.803.814/0001-86;IT NOW SMALL CAPS FUNDO DE ÍNDICE;2023-07-31;501311;165733397.20;AÇÕES E OUTROS TVM CEDIDOS EM EMPRÉSTIMO;;N;Para negociação;;;;;51786.00;1864296.00;;;TAEE11;;;;;;;;2012-05-28;;;;
FIIM;34.803.814/0001-86;IT NOW SMALL CAPS FUNDO DE ÍNDICE;2023-07-31;501311;165733397.20;AÇÕES E OUTROS TVM CEDIDOS EM EMPRÉSTIMO;;N;Para negociação;;;;;109320.00;865814.40;;;GMAT3;;;;;;;;2020-10-13;;;;
FIIM;34.803.814/0001-86;IT NOW SMALL CAPS FUNDO DE ÍNDICE;2023-07-31;501311;165733397.20;AÇÕES E OUTROS TVM CEDIDOS EM EMPRÉSTIMO;;N;Para negociação;;;;;374718.00;809390.88;;;VIIA3;;;;;;;;2021-08-16;;;;
FIIM;34.803.814/0001-86;IT NOW SMALL CAPS FUNDO DE ÍNDICE;2023-07-31;501311;165733397.20;AÇÕES E OUTROS TVM CEDIDOS EM EMPRÉSTIMO;;N;Para negociação;;;;;52846.00;710778.70;;;DASA3;;;;;;;;2004-11-19;;;;
FIIM;34.803.814/0001-86;IT NOW SMALL CAPS FUNDO DE ÍNDICE;2023-07-31;501311;165733397.20;AÇÕES E OUTROS TVM CEDIDOS EM EMPRÉSTIMO;;N;Para negociação;;;;;32053.00;298092.90;;;BPAN4;;;;;;;;2014-08-05;;;;
FIIM;34.803.814/0001-86;IT NOW SMALL CAPS FUNDO DE ÍNDICE;2023-07-31;501311;165733397.20;AÇÕES E OUTROS TVM CEDIDOS EM EMPRÉSTIMO;;N;Para negociação;;;;;16398.00;437006.70;;;SQIA3;;;;;;;;2019-02-18;;;;
FIIM;34.803.814/0001-86;IT NOW SMALL CAPS FUNDO DE ÍNDICE;2023-07-31;501311;165733397.20;AÇÕES E OUTROS TVM CEDIDOS EM EMPRÉSTIMO;;N;Para negociação;;;;;45507.00;241187.10;;;CBAV3;;;;;;;;2021-07-15;;;;
FIIM;34.803.814/0001-86;IT NOW SMALL CAPS FUNDO DE ÍNDICE;2023-07-31;501311;165733397.20;AÇÕES E OUTROS TVM CEDIDOS EM EMPRÉSTIMO;;N;Para negociação;;;;;42736.00;864976.64;;;CSMG3;;;;;;;;2006-02-08;;;;
FIIM;34.803.814/0001-86;IT NOW SMALL CAPS FUNDO DE ÍNDICE;2023-07-31;501311;165733397.20;AÇÕES E OUTROS TVM CEDIDOS EM EMPRÉSTIMO;;N;Para negociação;;;;;76008.00;128453.52;;;IFCM3;;;;;;;;2021-05-04;;;;
FIIM;34.803.814/0001-86;IT NOW SMALL CAPS FUNDO DE ÍNDICE;2023-07-31;501311;165733397.20;AÇÕES E OUTROS TVM CEDIDOS EM EMPRÉSTIMO;;N;Para negociação;;;;;1046.00;52467.36;;;LOGN3;;;;;;;;2007-06-21;;;;
FIIM;34.803.814/0001-86;IT NOW SMALL CAPS FUNDO DE ÍNDICE;2023-07-31;501311;165733397.20;AÇÕES E OUTROS TVM CEDIDOS EM EMPRÉSTIMO;;N;Para negociação;;;;;39780.00;47736.00;;;AERI3;;;;;;;;2020-11-11;;;;
FIIM;34.803.814/0001-86;IT NOW SMALL CAPS FUNDO DE ÍNDICE;2023-07-31;501311;165733397.20;AÇÕES E OUTROS TVM CEDIDOS EM EMPRÉSTIMO;;N;Para negociação;;;;;76339.00;893929.69;;;MEGA3;;;;;;;;2021-12-27;;;;
FIIM;34.803.814/0001-86;IT NOW SMALL CAPS FUNDO DE ÍNDICE;2023-07-31;501311;165733397.20;AÇÕES E OUTROS TVM CEDIDOS EM EMPRÉSTIMO;;N;Para negociação;;;;;19989.00;872519.85;;;SLCE3;;;;;;;;2007-06-15;;;;
FIIM;34.803.814/0001-86;IT NOW SMALL CAPS FUNDO DE ÍNDICE;2023-07-31;501311;165733397.20;AÇÕES E OUTROS TVM CEDIDOS EM EMPRÉSTIMO;;N;Para negociação;;;;;53889.00;527034.42;;;SIMH3;;;;;;;;2020-09-18;;;;
FIIM;34.803.814/0001-86;IT NOW SMALL CAPS FUNDO DE ÍNDICE;2023-07-31;501311;165733397.20;AÇÕES E OUTROS TVM CEDIDOS EM EMPRÉSTIMO;;N;Para negociação;;;;;55872.00;89953.92;;;ESPA3;;;;;;;;2021-02-01;;;;
FIIM;34.803.814/0001-86;IT NOW SMALL CAPS FUNDO DE ÍNDICE;2023-07-31;501311;165733397.20;AÇÕES E OUTROS TVM CEDIDOS EM EMPRÉSTIMO;;N;Para negociação;;;;;104830.00;312393.40;;;CVCB3;;;;;;;;2013-12-09;;;;
FIIM;34.803.814/0001-86;IT NOW SMALL CAPS FUNDO DE ÍNDICE;2023-07-31;501311;165733397.20;AÇÕES E OUTROS TVM CEDIDOS EM EMPRÉSTIMO;;N;Para negociação;;;;;7464.00;100764.00;;;BMOB3;;;;;;;;2021-02-10;;;;
FIIM;34.803.814/0001-86;IT NOW SMALL CAPS FUNDO DE ÍNDICE;2023-07-31;501311;165733397.20;AÇÕES E OUTROS TVM CEDIDOS EM EMPRÉSTIMO;;N;Para negociação;;;;;18517.00;242943.04;;;ARML3;;;;;;;;2021-07-28;;;;
FIIM;34.803.814/0001-86;IT NOW SMALL CAPS FUNDO DE ÍNDICE;2023-07-31;501311;165733397.20;AÇÕES E OUTROS TVM CEDIDOS EM EMPRÉSTIMO;;N;Para negociação;;;;;898.00;26158.74;;;ALUP11;;;;;;;;2013-04-24;;;;
FIIM;34.803.814/0001-86;IT NOW SMALL CAPS FUNDO DE ÍNDICE;2023-07-31;501311;165733397.20;AÇÕES E OUTROS TVM CEDIDOS EM EMPRÉSTIMO;;N;Para negociação;;;;;4542.00;54685.68;;;ONCO3;;;;;;;;2021-08-10;;;;
FIIM;34.803.814/0001-86;IT NOW SMALL CAPS FUNDO DE ÍNDICE;2023-07-31;501311;165733397.20;AÇÕES E OUTROS TVM CEDIDOS EM EMPRÉSTIMO;;N;Para negociação;;;;;122196.00;883477.08;;;USIM5;;;;;;;;1999-02-02;;;;
FIIM;34.803.814/0001-86;IT NOW SMALL CAPS FUNDO DE ÍNDICE;2023-07-31;501311;165733397.20;AÇÕES E OUTROS TVM CEDIDOS EM EMPRÉSTIMO;;N;Para negociação;;;;;45588.00;541585.44;;;AESB3;;;;;;;;2021-03-29;;;;
FIIM;34.803.814/0001-86;IT NOW SMALL CAPS FUNDO DE ÍNDICE;2023-07-31;501311;165733397.20;AÇÕES E OUTROS TVM CEDIDOS EM EMPRÉSTIMO;;N;Para negociação;;;;;47908.00;461354.04;;;ALPA4;;;;;;;;1973-03-19;;;;
FIIM;34.803.814/0001-86;IT NOW SMALL CAPS FUNDO DE ÍNDICE;2023-07-31;501311;165733397.20;AÇÕES E OUTROS TVM CEDIDOS EM EMPRÉSTIMO;;N;Para negociação;;;;;63302.00;279794.84;;;ZAMP3;;;;;;;;2022-10-26;;;;
FIIM;34.803.814/0001-86;IT NOW SMALL CAPS FUNDO DE ÍNDICE;2023-07-31;501311;165733397.20;AÇÕES E OUTROS TVM CEDIDOS EM EMPRÉSTIMO;;N;Para negociação;;;;;62089.00;1427426.11;;;RECV3;;;;;;;;2021-05-05;;;;
FIIM;34.803.814/0001-86;IT NOW SMALL CAPS FUNDO DE ÍNDICE;2023-07-31;501311;165733397.20;AÇÕES E OUTROS TVM CEDIDOS EM EMPRÉSTIMO;;N;Para negociação;;;;;21179.00;253936.21;;;TEND3;;;;;;;;2007-10-15;;;;
FIIM;34.803.814/0001-86;IT NOW SMALL CAPS FUNDO DE ÍNDICE;2023-07-31;501311;165733397.20;AÇÕES E OUTROS TVM CEDIDOS EM EMPRÉSTIMO;;N;Para negociação;;;;;199082.00;1913178.02;;;STBP3;;;;;;;;2007-11-21;;;;
FIIM;34.803.814/0001-86;IT NOW SMALL CAPS FUNDO DE ÍNDICE;2023-07-31;501311;165733397.20;AÇÕES E OUTROS TVM CEDIDOS EM EMPRÉSTIMO;;N;Para negociação;;;;;26267.00;332277.55;;;TTEN3;;;;;;;;2021-07-12;;;;
FIIM;34.803.814/0001-86;IT NOW SMALL CAPS FUNDO DE ÍNDICE;2023-07-31;501311;165733397.20;AÇÕES E OUTROS TVM CEDIDOS EM EMPRÉSTIMO;;N;Para negociação;;;;;57424.00;1348889.76;;;BRAP4;;;;;;;;2000-08-10;;;;
FIIM;34.803.814/0001-86;IT NOW SMALL CAPS FUNDO DE ÍNDICE;2023-07-31;501311;165733397.20;AÇÕES E OUTROS TVM CEDIDOS EM EMPRÉSTIMO;;N;Para negociação;;;;;25068.00;528934.80;;;DIRR3;;;;;;;;2009-11-19;;;;
FIIM;34.803.814/0001-86;IT NOW SMALL CAPS FUNDO DE ÍNDICE;2023-07-31;501311;165733397.20;AÇÕES E OUTROS TVM CEDIDOS EM EMPRÉSTIMO;;N;Para negociação;;;;;359.00;7524.64;;;SAPR11;;;;;;;;2017-11-17;;;;
FIIM;34.803.814/0001-86;IT NOW SMALL CAPS FUNDO DE ÍNDICE;2023-07-31;501311;165733397.20;AÇÕES E OUTROS TVM CEDIDOS EM EMPRÉSTIMO;;N;Para negociação;;;;;19085.00;436283.10;;;SMFT3;;;;;;;;2018-02-26;;;;
FIIM;34.803.814/0001-86;IT NOW SMALL CAPS FUNDO DE ÍNDICE;2023-07-31;501311;165733397.20;AÇÕES E OUTROS TVM CEDIDOS EM EMPRÉSTIMO;;N;Para negociação;;;;;10658.00;64161.16;;;GFSA3;;;;;;;;2006-01-26;;;;
FIIM;34.803.814/0001-86;IT NOW SMALL CAPS FUNDO DE ÍNDICE;2023-07-31;501311;165733397.20;AÇÕES E OUTROS TVM CEDIDOS EM EMPRÉSTIMO;;N;Para negociação;;;;;63864.00;1521240.48;;;CYRE3;;;;;;;;1996-05-27;;;;
FIIM;34.803.814/0001-86;IT NOW SMALL CAPS FUNDO DE ÍNDICE;2023-07-31;501311;165733397.20;AÇÕES E OUTROS TVM CEDIDOS EM EMPRÉSTIMO;;N;Para negociação;;;;;42954.00;113828.10;;;MEAL3;;;;;;;;2015-03-31;;;;
FIIM;34.803.814/0001-86;IT NOW SMALL CAPS FUNDO DE ÍNDICE;2023-07-31;501311;165733397.20;AÇÕES E OUTROS TVM CEDIDOS EM EMPRÉSTIMO;;N;Para negociação;;;;;19842.00;246834.48;;;MILS3;;;;;;;;2010-04-16;;;;
FIIM;34.803.814/0001-86;IT NOW SMALL CAPS FUNDO DE ÍNDICE;2023-07-31;501311;165733397.20;AÇÕES E OUTROS TVM CEDIDOS EM EMPRÉSTIMO;;N;Para negociação;;;;;17213.00;142007.25;;;POSI3;;;;;;;;2006-12-11;;;;
FIIM;34.803.814/0001-86;IT NOW SMALL CAPS FUNDO DE ÍNDICE;2023-07-31;501311;165733397.20;AÇÕES E OUTROS TVM CEDIDOS EM EMPRÉSTIMO;;N;Para negociação;;;;;3758.00;20932.06;;;CLSA3;;;;;;;;2021-07-30;;;;
FIIM;34.803.814/0001-86;IT NOW SMALL CAPS FUNDO DE ÍNDICE;2023-07-31;501311;165733397.20;AÇÕES E OUTROS TVM CEDIDOS EM EMPRÉSTIMO;;N;Para negociação;;;;;42512.00;283980.16;;;LJQQ3;;;;;;;;2020-08-10;;;;
FIIM;34.803.814/0001-86;IT NOW SMALL CAPS FUNDO DE ÍNDICE;2023-07-31;501311;165733397.20;CERTIFICADO OU RECIBO DE DEPÓSITO DE VALORES MOBILIÁRIOS;;N;Para negociação;0.00;0.00;0.00;0.00;56581.00;2036916.00;;;TAEE11;;;;;;;;2012-05-28;;;;
FIIM;34.803.814/0001-86;IT NOW SMALL CAPS FUNDO DE ÍNDICE;2023-07-31;501311;165733397.20;CERTIFICADO OU RECIBO DE DEPÓSITO DE VALORES MOBILIÁRIOS;;N;Para negociação;0.00;0.00;0.00;0.00;71307.00;2077172.91;;;ALUP11;;;;;;;;2013-04-24;;;;
FIIM;34.803.814/0001-86;IT NOW SMALL CAPS FUNDO DE ÍNDICE;2023-07-31;501311;165733397.20;CERTIFICADO OU RECIBO DE DEPÓSITO DE VALORES MOBILIÁRIOS;;N;Para negociação;0.00;0.00;0.00;0.00;99311.00;2081558.56;;;SAPR11;;;;;;;;2017-11-17;;;;
FIIM;34.803.814/0001-86;IT NOW SMALL CAPS FUNDO DE ÍNDICE;2023-07-31;501311;165733397.20;CERTIFICADO OU RECIBO DE DEPÓSITO DE VALORES MOBILIÁRIOS;;N;Para negociação;0.00;0.00;0.00;0.00;74859.00;1637914.92;;;IGTI11;;;;;;;;2021-11-22;;;;
FIIM;34.803.814/0001-86;IT NOW SMALL CAPS FUNDO DE ÍNDICE;2023-07-31;501311;165733397.20;OUTROS VALORES MOBILIÁRIOS REGISTRADOS NA CVM OBJETO DE OFERTA PÚBLICA;;N;Para negociação;0.00;0.00;1374.00;0.00;2045.00;8589.00;;;ABCB2;;;;;;;;2023-07-03;;;;
FIIM;35.578.672/0001-63;TREND ETF NASDAQ 100 FUNDO DE INVESTIMENTO DE INDICE - INVESTIMENTO NO EXTERIOR;2023-07-31;502163;154359061.71;COTAS DE FUNDOS;;N;;195.94;23930.74;537.21;65847.09;1255.30;154356.41;;;;;;PJ;43105440000116;BNP Paribas Soberano II FIC FI RF Simples;;;;;;;
FIIM;36.046.508/0001-78;TREND ETF IFIX FUNDO DE INDICE;2023-07-31;502346;30805799.39;DISPONIBILIDADES;Outros;;Para negociação;;;;;;3000.00;;2023-10-29;;Disponibilidade;;;;;;;;;;;
FIIM;36.046.508/0001-78;TREND ETF IFIX FUNDO DE INDICE;2023-07-31;502346;30805799.39;VALORES A PAGAR;Outros;;Para negociação;;;;;;7314.97;;2023-10-29;;Valores a Pagar;;;;;;;;;;;
FIIM;36.046.508/0001-78;TREND ETF IFIX FUNDO DE INDICE;2023-07-31;502346;30805799.39;VALORES A RECEBER;Outros;;Para negociação;;;;;;65038.15;;2023-10-29;;Valores a Receber;;;;;;;;;;;
FIIM;36.046.508/0001-78;TREND ETF IFIX FUNDO DE INDICE;2023-07-31;502346;30805799.39;AÇÕES E OUTROS TVM CEDIDOS EM EMPRÉSTIMO;Ação ordinária;N;Para negociação;;;;;195.00;22893.00;;2023-10-29;;LVBI11;;PJ;30629603000118;FDO INV IMOB - VBI LOG?STICO;;;;;;;
FIIM;36.046.508/0001-78;TREND ETF IFIX FUNDO DE INDICE;2023-07-31;502346;30805799.39;AÇÕES E OUTROS TVM CEDIDOS EM EMPRÉSTIMO;Ação ordinária;N;Para negociação;;;;;731.00;73092.69;;2023-10-29;;SNCI11;;PJ;41076710000182;SUNO RECEB?VEIS IMOBILI?RIOS FDO DE INV;;;;;;;
FIIM;36.046.508/0001-78;TREND ETF IFIX FUNDO DE INDICE;2023-07-31;502346;30805799.39;AÇÕES E OUTROS TVM CEDIDOS EM EMPRÉSTIMO;Ação ordinária;N;Para negociação;;;;;163.00;16083.21;;2023-10-29;;BBPO11;;PJ;14410722000129;BB PROGRESSIVO II FDO INV IMOB - FII;;;;;;;
FIIM;36.046.508/0001-78;TREND ETF IFIX FUNDO DE INDICE;2023-07-31;502346;30805799.39;AÇÕES E OUTROS TVM CEDIDOS EM EMPRÉSTIMO;Ação ordinária;N;Para negociação;;;;;10.00;907.20;;2023-10-29;;RZAT11;;PJ;28267696000136;RIZA ARCTIUM REAL ESTATE FDO INV IMOB;;;;;;;
FIIM;36.046.508/0001-78;TREND ETF IFIX FUNDO DE INDICE;2023-07-31;502346;30805799.39;AÇÕES E OUTROS TVM CEDIDOS EM EMPRÉSTIMO;Ação ordinária;N;Para negociação;;;;;555.00;49350.60;;2023-10-29;;KNSC11;;PJ;35864448000138;KINEA SECURITIES FDO. DE INV. IMOB. - FI;;;;;;;
FIIM;36.046.508/0001-78;TREND ETF IFIX FUNDO DE INDICE;2023-07-31;502346;30805799.39;AÇÕES E OUTROS TVM CEDIDOS EM EMPRÉSTIMO;Ação ordinária;N;Para negociação;;;;;22.00;1761.32;;2023-10-29;;JSRE11;;PJ;13371132000171;JS REAL ESTATE MULTIGEST?O - FII;;;;;;;
FIIM;36.046.508/0001-78;TREND ETF IFIX FUNDO DE INDICE;2023-07-31;502346;30805799.39;AÇÕES E OUTROS TVM CEDIDOS EM EMPRÉSTIMO;Ação ordinária;N;Para negociação;;;;;977.00;90069.63;;2023-10-29;;CVBI11;;PJ;28729197000113;FDO INV. IMOB. VBI CRI;;;;;;;
FIIM;36.046.508/0001-78;TREND ETF IFIX FUNDO DE INDICE;2023-07-31;502346;30805799.39;AÇÕES E OUTROS TVM CEDIDOS EM EMPRÉSTIMO;Ação ordinária;N;Para negociação;;;;;847.00;80041.50;;2023-10-29;;HSML11;;PJ;32892018000131;HSI MALL FDO INV IMOB;;;;;;;
FIIM;36.046.508/0001-78;TREND ETF IFIX FUNDO DE INDICE;2023-07-31;502346;30805799.39;AÇÕES E OUTROS TVM CEDIDOS EM EMPRÉSTIMO;Ação ordinária;N;Para negociação;;;;;300.00;26067.00;;2023-10-29;;XPCI11;;PJ;28516301000191;XP CREDITO IMOBILI?RIO - FDO INV IMOB;;;;;;;
FIIM;36.046.508/0001-78;TREND ETF IFIX FUNDO DE INDICE;2023-07-31;502346;30805799.39;AÇÕES E OUTROS TVM CEDIDOS EM EMPRÉSTIMO;Ação ordinária;N;Para negociação;;;;;521.00;48223.76;;2023-10-29;;MCCI11;;PJ;23648935000184;FDO INV. INV. MAUA CAPITAL RECEBIVEIS IM;;;;;;;
FIIM;36.046.508/0001-78;TREND ETF IFIX FUNDO DE INDICE;2023-07-31;502346;30805799.39;AÇÕES E OUTROS TVM CEDIDOS EM EMPRÉSTIMO;Ação ordinária;N;Para negociação;;;;;1764.00;148158.36;;2023-10-29;;GTWR11;;PJ;23740527000158;FDO INV IMOB GREEN TOWERS;;;;;;;
FIIM;36.046.508/0001-78;TREND ETF IFIX FUNDO DE INDICE;2023-07-31;502346;30805799.39;AÇÕES E OUTROS TVM CEDIDOS EM EMPRÉSTIMO;Ação ordinária;N;Para negociação;;;;;1238.00;150119.88;;2023-10-29;;GGRC11;;PJ;26614291000100;GGR COVEPI RENDA FDO INV IMOB;;;;;;;
FIIM;36.046.508/0001-78;TREND ETF IFIX FUNDO DE INDICE;2023-07-31;502346;30805799.39;AÇÕES E OUTROS TVM CEDIDOS EM EMPRÉSTIMO;Ação ordinária;N;Para negociação;;;;;161.00;16987.11;;2023-10-29;;HGCR11;;PJ;11160521000122;CSHG RECEB?VEIS IMOBILI?RIOS - FDO INV I;;;;;;;
FIIM;36.046.508/0001-78;TREND ETF IFIX FUNDO DE INDICE;2023-07-31;502346;30805799.39;AÇÕES E OUTROS TVM CEDIDOS EM EMPRÉSTIMO;Ação ordinária;N;Para negociação;;;;;714.00;6711.60;;2023-10-29;;BTCI11;;PJ;9552812000114;FII BTG PACTUAL CR?DITO IMOBILI?RIO;;;;;;;
FIIM;36.046.508/0001-78;TREND ETF IFIX FUNDO DE INDICE;2023-07-31;502346;30805799.39;AÇÕES E OUTROS TVM CEDIDOS EM EMPRÉSTIMO;Ação ordinária;N;Para negociação;;;;;13761.00;147517.92;;2023-10-29;;MXRF11;;PJ;97521225000125;MAXI RENDA FDO INV IMOB - FII;;;;;;;
FIIM;36.046.508/0001-78;TREND ETF IFIX FUNDO DE INDICE;2023-07-31;502346;30805799.39;AÇÕES E OUTROS TVM CEDIDOS EM EMPRÉSTIMO;Ação ordinária;N;Para negociação;;;;;152.00;21644.80;;2023-10-29;;HGRE11;;PJ;9072017000129;HG REAL ESTATE FDO INV IMOB;;;;;;;
FIIM;36.046.508/0001-78;TREND ETF IFIX FUNDO DE INDICE;2023-07-31;502346;30805799.39;AÇÕES E OUTROS TVM CEDIDOS EM EMPRÉSTIMO;Ação ordinária;N;Para negociação;;;;;3615.00;313637.40;;2023-10-29;;IRDM11;;PJ;28830325000110;FII IRIDIUM RECEB?VEIS IMOBILI?RIOS;;;;;;;
FIIM;36.046.508/0001-78;TREND ETF IFIX FUNDO DE INDICE;2023-07-31;502346;30805799.39;AÇÕES E OUTROS TVM CEDIDOS EM EMPRÉSTIMO;Ação ordinária;N;Para negociação;;;;;723.00;116583.75;;2023-10-29;;KNRI11;;PJ;12005956000165;KINEA RENDA IMOBILI?RIA FDO INV IMOB - F;;;;;;;
FIIM;36.046.508/0001-78;TREND ETF IFIX FUNDO DE INDICE;2023-07-31;502346;30805799.39;AÇÕES E OUTROS TVM CEDIDOS EM EMPRÉSTIMO;Ação ordinária;N;Para negociação;;;;;1560.00;146608.80;;2023-10-29;;RZAK11;;PJ;36642219000131;RIZA AKIN FDO. INV. IMOB. FII;;;;;;;
FIIM;36.046.508/0001-78;TREND ETF IFIX FUNDO DE INDICE;2023-07-31;502346;30805799.39;AÇÕES E OUTROS TVM CEDIDOS EM EMPRÉSTIMO;Ação ordinária;N;Para negociação;;;;;79.00;17818.45;;2023-10-29;;HGBS11;;PJ;8431747000106;FDO INV IMOB HG BRASIL SHOPPING;;;;;;;
FIIM;36.046.508/0001-78;TREND ETF IFIX FUNDO DE INDICE;2023-07-31;502346;30805799.39;AÇÕES E OUTROS TVM CEDIDOS EM EMPRÉSTIMO;Ação ordinária;N;Para negociação;;;;;963.00;105910.74;;2023-10-29;;VILG11;;PJ;24853044000122;VINCI LOG?STICA FDO INV IMOB - FII;;;;;;;
FIIM;36.046.508/0001-78;TREND ETF IFIX FUNDO DE INDICE;2023-07-31;502346;30805799.39;AÇÕES E OUTROS TVM CEDIDOS EM EMPRÉSTIMO;Ação ordinária;N;Para negociação;;;;;2720.00;151776.00;;2023-10-29;;HCTR11;;PJ;30248180000196;HECTARE CE - FDO INV IMOB;;;;;;;
FIIM;36.046.508/0001-78;TREND ETF IFIX FUNDO DE INDICE;2023-07-31;502346;30805799.39;AÇÕES E OUTROS TVM CEDIDOS EM EMPRÉSTIMO;Ação ordinária;N;Para negociação;;;;;1366.00;157773.00;;2023-10-29;;MALL11;;PJ;26499833000132;MALLS BRASIL PLURAL FDO INV IMOB;;;;;;;
FIIM;36.046.508/0001-78;TREND ETF IFIX FUNDO DE INDICE;2023-07-31;502346;30805799.39;AÇÕES E OUTROS TVM CEDIDOS EM EMPRÉSTIMO;Ação ordinária;N;Para negociação;;;;;3993.00;288414.39;;2023-10-29;;BCFF11;;PJ;11026627000138;BC FUNDO DE FUNDOS DE INV IMOBILI?RIOS -;;;;;;;
FIIM;36.046.508/0001-78;TREND ETF IFIX FUNDO DE INDICE;2023-07-31;502346;30805799.39;AÇÕES E OUTROS TVM CEDIDOS EM EMPRÉSTIMO;Ação ordinária;N;Para negociação;;;;;1137.00;137167.68;;2023-10-29;;BRCO11;;PJ;20748515000181;BRESCO - FDO INV IMOB;;;;;;;
FIIM;36.046.508/0001-78;TREND ETF IFIX FUNDO DE INDICE;2023-07-31;502346;30805799.39;AÇÕES E OUTROS TVM CEDIDOS EM EMPRÉSTIMO;Ação ordinária;N;Para negociação;;;;;10.00;917.70;;2023-10-29;;RBRR11;;PJ;29467977000103;FDO INV IMOB - FII RBR RENDIMENTO HIGH G;;;;;;;
FIIM;36.046.508/0001-78;TREND ETF IFIX FUNDO DE INDICE;2023-07-31;502346;30805799.39;AÇÕES E OUTROS TVM CEDIDOS EM EMPRÉSTIMO;Ação ordinária;N;Para negociação;;;;;1900.00;18202.00;;2023-10-29;;VGIR11;;PJ;29852732000191;VALORA RE III FDO INV IMOB - FII;;;;;;;
FIIM;36.046.508/0001-78;TREND ETF IFIX FUNDO DE INDICE;2023-07-31;502346;30805799.39;AÇÕES E OUTROS TVM CEDIDOS EM EMPRÉSTIMO;Ação ordinária;N;Para negociação;;;;;695.00;60882.00;;2023-10-29;;VGIP11;;PJ;34197811000146;VALORA CRI ?NDICE DE PRE?O FDO INVEST. I;;;;;;;
FIIM;36.046.508/0001-78;TREND ETF IFIX FUNDO DE INDICE;2023-07-31;502346;30805799.39;AÇÕES E OUTROS TVM CEDIDOS EM EMPRÉSTIMO;Ação ordinária;N;Para negociação;;;;;525.00;64501.50;;2023-10-29;;TGAR11;;PJ;25032881000153;FDO INV IMOB TG ATIVO REAL;;;;;;;
FIIM;36.046.508/0001-78;TREND ETF IFIX FUNDO DE INDICE;2023-07-31;502346;30805799.39;AÇÕES E OUTROS TVM CEDIDOS EM EMPRÉSTIMO;Ação ordinária;N;Para negociação;;;;;10.00;989.20;;2023-10-29;;KNCR11;;PJ;16706958000132;KINEA RENDIMENTOS IMOBILI?RIOS-FDO INV I;;;;;;;
FIIM;36.046.508/0001-78;TREND ETF IFIX FUNDO DE INDICE;2023-07-31;502346;30805799.39;AÇÕES E OUTROS TVM CEDIDOS EM EMPRÉSTIMO;Ação ordinária;N;Para negociação;;;;;13700.00;132753.00;;2023-10-29;;VGHF11;;PJ;36771692000119;VALORA HEDGE FUND FDO. INV. IMOB.;;;;;;;
FIIM;36.046.508/0001-78;TREND ETF IFIX FUNDO DE INDICE;2023-07-31;502346;30805799.39;AÇÕES E OUTROS TVM CEDIDOS EM EMPRÉSTIMO;Ação ordinária;N;Para negociação;;;;;428.00;9587.20;;2023-10-29;;XPPR11;;PJ;30654849000140;XP PROPERTIES FDO. INV. IMOB.;;;;;;;
FIIM;36.046.508/0001-78;TREND ETF IFIX FUNDO DE INDICE;2023-07-31;502346;30805799.39;AÇÕES E OUTROS TVM CEDIDOS EM EMPRÉSTIMO;Ação ordinária;N;Para negociação;;;;;2410.00;256183.00;;2023-10-29;;BTLG11;;PJ;11839593000109;BTG PACTUAL LOGISTICA FDO INV IMOB - FII;;;;;;;
FIIM;36.046.508/0001-78;TREND ETF IFIX FUNDO DE INDICE;2023-07-31;502346;30805799.39;AÇÕES E OUTROS TVM CEDIDOS EM EMPRÉSTIMO;Ação ordinária;N;Para negociação;;;;;498.00;27136.02;;2023-10-29;;DEVA11;;PJ;37087810000137;DEVANT RECEB?VEIS IMOBILI?RIOS FDO. INVE;;;;;;;
FIIM;36.046.508/0001-78;TREND ETF IFIX FUNDO DE INDICE;2023-07-31;502346;30805799.39;AÇÕES E OUTROS TVM CEDIDOS EM EMPRÉSTIMO;Ação ordinária;N;Para negociação;;;;;1376.00;128009.28;;2023-10-29;;VRTA11;;PJ;11664201000100;FATOR VERITA FDO INV IMOB - FII;;;;;;;
FIIM;36.046.508/0001-78;TREND ETF IFIX FUNDO DE INDICE;2023-07-31;502346;30805799.39;AÇÕES E OUTROS TVM CEDIDOS EM EMPRÉSTIMO;Ação ordinária;N;Para negociação;;;;;676.00;57710.12;;2023-10-29;;CPTS11;;PJ;18979895000113;CAPITANIA SECURITIES II FDO INV IMOB - F;;;;;;;
FIIM;36.046.508/0001-78;TREND ETF IFIX FUNDO DE INDICE;2023-07-31;502346;30805799.39;AÇÕES E OUTROS TVM CEDIDOS EM EMPRÉSTIMO;Recibo de subscrição;N;Para negociação;;;;;2809.00;1123.60;;2023-10-29;;VGHF12;;PJ;36771692000119;VALORA HEDGE FUND FDO. INV. IMOB.;;;;;;;
FIIM;36.046.508/0001-78;TREND ETF IFIX FUNDO DE INDICE;2023-07-31;502346;30805799.39;AÇÕES E OUTROS TVM CEDIDOS EM EMPRÉSTIMO;Recibo de subscrição;N;Para negociação;;;;;5054.00;2021.60;;2023-10-29;VGHF12;;;;;;;;2023-07-27;;;;
FIIM;36.046.508/0001-78;TREND ETF IFIX FUNDO DE INDICE;2023-07-31;502346;30805799.39;OUTROS VALORES MOBILIÁRIOS REGISTRADOS NA CVM OBJETO DE OFERTA PÚBLICA;Recibo de subscrição;N;Para negociação;;;;;2347.00;383147.75;;2023-10-29;;HGLG/HGLG13/BRHGLGR15M10;;PJ;11728688000147;CSHG LOG?STICA - FDO INV IMOB - FII;;;;;;;
FIIM;36.046.508/0001-78;TREND ETF IFIX FUNDO DE INDICE;2023-07-31;502346;30805799.39;OUTROS VALORES MOBILIÁRIOS REGISTRADOS NA CVM OBJETO DE OFERTA PÚBLICA;Recibo de subscrição;N;Para negociação;;;;;6511.00;69797.92;;2023-10-29;;MXRF/MXRF13/BRMXRFR16M16;;PJ;97521225000125;MAXI RENDA FDO INV IMOB - FII;;;;;;;
FIIM;36.046.508/0001-78;TREND ETF IFIX FUNDO DE INDICE;2023-07-31;502346;30805799.39;OUTROS VALORES MOBILIÁRIOS REGISTRADOS NA CVM OBJETO DE OFERTA PÚBLICA;Recibo de subscrição;N;Para negociação;;;;;633.00;71434.05;;2023-10-29;;TRXF/TRXF14/BRTRXFR41M18;;PJ;28548288000152;TRX REAL ESTATE FDO. INV. IMOB. - FII;;;;;;;
FIIM;36.046.508/0001-78;TREND ETF IFIX FUNDO DE INDICE;2023-07-31;502346;30805799.39;OUTROS VALORES MOBILIÁRIOS REGISTRADOS NA CVM OBJETO DE OFERTA PÚBLICA;Recibo de subscrição;N;Para negociação;;;;;1231.00;130461.38;;2023-10-29;;XPML/XPML18/BRXPMLR30M12;;PJ;28757546000100;XP MALLS FDO INV IMOB FII;;;;;;;
FIIM;36.669.709/0001-21;EMPIRICUS TEVA CRIPTOMOEDAS TOP20 FUNDO DE ÍNDICE INVESTIMENTO NO EXTERIOR;2023-07-31;504610;48235024.41;DISPONIBILIDADES;Outros;;Para negociação;;;;;;2981.38;;;;VORTX CAIXA;;PJ;22610500000188;VORTX DTVM;;;;;;;
FIIM;36.669.709/0001-21;EMPIRICUS TEVA CRIPTOMOEDAS TOP20 FUNDO DE ÍNDICE INVESTIMENTO NO EXTERIOR;2023-07-31;504610;48235024.41;VALORES A PAGAR;Outros;;Para negociação;;;;;;2111.66;;;;TX ESCRT FIX PROVIS?O;;PJ;29415858000107;SEM DEFINI??O;;;;;;;
FIIM;36.669.709/0001-21;EMPIRICUS TEVA CRIPTOMOEDAS TOP20 FUNDO DE ÍNDICE INVESTIMENTO NO EXTERIOR;2023-07-31;504610;48235024.41;VALORES A PAGAR;Outros;;Para negociação;;;;;;2270.20;;;;AUDITORIA PROVISAO;;PJ;4423567000121;*** A Definir ***;;;;;;;
FIIM;36.669.709/0001-21;EMPIRICUS TEVA CRIPTOMOEDAS TOP20 FUNDO DE ÍNDICE INVESTIMENTO NO EXTERIOR;2023-07-31;504610;48235024.41;VALORES A PAGAR;Outros;;Para negociação;;;;;;6334.99;;;;TAXA ADM PROVIS?O;;PJ;29415858000107;SEM DEFINI??O;;;;;;;
FIIM;36.669.709/0001-21;EMPIRICUS TEVA CRIPTOMOEDAS TOP20 FUNDO DE ÍNDICE INVESTIMENTO NO EXTERIOR;2023-07-31;504610;48235024.41;VALORES A PAGAR;Outros;;Para negociação;;;;;;24957.30;;;;TAXA GEST?O PROVIS?O;;PJ;29415858000107;SEM DEFINI??O;;;;;;;
FIIM;36.669.709/0001-21;EMPIRICUS TEVA CRIPTOMOEDAS TOP20 FUNDO DE ÍNDICE INVESTIMENTO NO EXTERIOR;2023-07-31;504610;48235024.41;VALORES A RECEBER;Outros;;Para negociação;;;;;;3994.25;;;;TX FISCALIZ DIFERIDO;;PJ;29415858000107;SEM DEFINI??O;;;;;;;
FIIM;36.669.709/0001-21;EMPIRICUS TEVA CRIPTOMOEDAS TOP20 FUNDO DE ÍNDICE INVESTIMENTO NO EXTERIOR;2023-07-31;504610;48235024.41;VALORES A RECEBER;Outros;;Para negociação;;;;;;10904.24;;;;VAL A RECEBE;;PJ;29415858000107;SEM DEFINI??O;;;;;;;
FIIM;36.669.709/0001-21;EMPIRICUS TEVA CRIPTOMOEDAS TOP20 FUNDO DE ÍNDICE INVESTIMENTO NO EXTERIOR;2023-07-31;504610;48235024.41;OPERAÇÕES COMPROMISSADAS;;N;Para negociação;;;;;10.00;41876.84;;;;;2024-08-15;;;;;760199;;;;;
FIIM;36.669.709/0001-21;EMPIRICUS TEVA CRIPTOMOEDAS TOP20 FUNDO DE ÍNDICE INVESTIMENTO NO EXTERIOR;2023-07-31;504610;48235024.41;INVESTIMENTO NO EXTERIOR;Outros;N;Para negociação;;;;;114297.00;59799.51;;;GRT USD C20;;2023-03-01;;;GRT USD C20;N;;;28;ESTADOS UNIDOS DA AMÉRICA;A1;AMERICAN STOCK EXCHANGE
FIIM;36.669.709/0001-21;EMPIRICUS TEVA CRIPTOMOEDAS TOP20 FUNDO DE ÍNDICE INVESTIMENTO NO EXTERIOR;2023-07-31;504610;48235024.41;INVESTIMENTO NO EXTERIOR;Outros;N;Para negociação;;;;;421646.00;623164.12;;;ADA USD C20;;2022-05-06;;;ADA USD C20;N;;;28;ESTADOS UNIDOS DA AMÉRICA;A1;AMERICAN STOCK EXCHANGE
FIIM;36.669.709/0001-21;EMPIRICUS TEVA CRIPTOMOEDAS TOP20 FUNDO DE ÍNDICE INVESTIMENTO NO EXTERIOR;2023-07-31;504610;48235024.41;INVESTIMENTO NO EXTERIOR;Outros;N;Para negociação;;;;;1424.00;12559632.13;;;ETH USD C20;;2022-05-06;;;ETH USD C20;N;;;28;ESTADOS UNIDOS DA AMÉRICA;A1;AMERICAN STOCK EXCHANGE
FIIM;36.669.709/0001-21;EMPIRICUS TEVA CRIPTOMOEDAS TOP20 FUNDO DE ÍNDICE INVESTIMENTO NO EXTERIOR;2023-07-31;504610;48235024.41;INVESTIMENTO NO EXTERIOR;Outros;N;Para negociação;;;;;115053.00;378117.63;;;MATI USD C2;;2022-05-06;;;MATIC USD C20;N;;;28;ESTADOS UNIDOS DA AMÉRICA;A1;AMERICAN STOCK EXCHANGE
FIIM;36.669.709/0001-21;EMPIRICUS TEVA CRIPTOMOEDAS TOP20 FUNDO DE ÍNDICE INVESTIMENTO NO EXTERIOR;2023-07-31;504610;48235024.41;INVESTIMENTO NO EXTERIOR;Outros;N;Para negociação;;;;;5254.00;106480.27;;;FIL USD C20;;2022-05-06;;;FIL USD C20;N;;;28;ESTADOS UNIDOS DA AMÉRICA;A1;AMERICAN STOCK EXCHANGE
FIIM;36.669.709/0001-21;EMPIRICUS TEVA CRIPTOMOEDAS TOP20 FUNDO DE ÍNDICE INVESTIMENTO NO EXTERIOR;2023-07-31;504610;48235024.41;INVESTIMENTO NO EXTERIOR;Outros;N;Para negociação;;;;;6074.00;218219.83;;;LINK USD C20;;2022-05-06;;;LINK USD C20;N;;;28;ESTADOS UNIDOS DA AMÉRICA;A1;AMERICAN STOCK EXCHANGE
FIIM;36.669.709/0001-21;EMPIRICUS TEVA CRIPTOMOEDAS TOP20 FUNDO DE ÍNDICE INVESTIMENTO NO EXTERIOR;2023-07-31;504610;48235024.41;INVESTIMENTO NO EXTERIOR;Outros;N;Para negociação;;;;;5309.00;106978.71;;;ICP USD C20;;2022-05-06;;;ICP USD C20;N;;;28;ESTADOS UNIDOS DA AMÉRICA;A1;AMERICAN STOCK EXCHANGE
FIIM;36.669.709/0001-21;EMPIRICUS TEVA CRIPTOMOEDAS TOP20 FUNDO DE ÍNDICE INVESTIMENTO NO EXTERIOR;2023-07-31;504610;48235024.41;INVESTIMENTO NO EXTERIOR;Outros;N;Para negociação;;;;;4657.00;529827.59;;;SOL USD C20;;2022-05-06;;;SOL USD C20;N;;;28;ESTADOS UNIDOS DA AMÉRICA;A1;AMERICAN STOCK EXCHANGE
FIIM;36.669.709/0001-21;EMPIRICUS TEVA CRIPTOMOEDAS TOP20 FUNDO DE ÍNDICE INVESTIMENTO NO EXTERIOR;2023-07-31;504610;48235024.41;INVESTIMENTO NO EXTERIOR;Outros;N;Para negociação;;;;;2069.00;68802.58;;;APT USD C20;;2023-02-01;;;APT USD;N;;;28;ESTADOS UNIDOS DA AMÉRICA;A1;AMERICAN STOCK EXCHANGE
FIIM;36.669.709/0001-21;EMPIRICUS TEVA CRIPTOMOEDAS TOP20 FUNDO DE ÍNDICE INVESTIMENTO NO EXTERIOR;2023-07-31;504610;48235024.41;INVESTIMENTO NO EXTERIOR;Outros;N;Para negociação;;;;;230.00;31855547.26;;;BTC USD C20;;2022-05-06;;;BTC USD C20;N;;;28;ESTADOS UNIDOS DA AMÉRICA;A1;AMERICAN STOCK EXCHANGE
FIIM;36.669.709/0001-21;EMPIRICUS TEVA CRIPTOMOEDAS TOP20 FUNDO DE ÍNDICE INVESTIMENTO NO EXTERIOR;2023-07-31;504610;48235024.41;INVESTIMENTO NO EXTERIOR;Outros;N;Para negociação;;;;;1346.00;11189.08;;;ETHW USD C20;;2023-01-02;;;ETHW USD C20;N;;;28;ESTADOS UNIDOS DA AMÉRICA;A1;AMERICAN STOCK EXCHANGE
FIIM;36.669.709/0001-21;EMPIRICUS TEVA CRIPTOMOEDAS TOP20 FUNDO DE ÍNDICE INVESTIMENTO NO EXTERIOR;2023-07-31;504610;48235024.41;INVESTIMENTO NO EXTERIOR;Outros;N;Para negociação;;;;;15626.00;380002.06;;;DOT USD C20;;2022-05-06;;;DOT USD C20;N;;;28;ESTADOS UNIDOS DA AMÉRICA;A1;AMERICAN STOCK EXCHANGE
FIIM;36.669.709/0001-21;EMPIRICUS TEVA CRIPTOMOEDAS TOP20 FUNDO DE ÍNDICE INVESTIMENTO NO EXTERIOR;2023-07-31;504610;48235024.41;INVESTIMENTO NO EXTERIOR;Outros;N;Para negociação;;;;;10059.00;65674.42;;;NEAR USD C20;;2022-10-03;;;NEAR USD;N;;;28;ESTADOS UNIDOS DA AMÉRICA;A1;AMERICAN STOCK EXCHANGE
FIIM;36.669.709/0001-21;EMPIRICUS TEVA CRIPTOMOEDAS TOP20 FUNDO DE ÍNDICE INVESTIMENTO NO EXTERIOR;2023-07-31;504610;48235024.41;INVESTIMENTO NO EXTERIOR;Outros;N;Para negociação;;;;;160.00;51920.84;;;AAVE USD C20;;2023-07-03;;;AAVE USD C20;N;;;28;ESTADOS UNIDOS DA AMÉRICA;A1;AMERICAN STOCK EXCHANGE
FIIM;36.669.709/0001-21;EMPIRICUS TEVA CRIPTOMOEDAS TOP20 FUNDO DE ÍNDICE INVESTIMENTO NO EXTERIOR;2023-07-31;504610;48235024.41;INVESTIMENTO NO EXTERIOR;Outros;N;Para negociação;;;;;3636.00;1.38;;;LUNA USD C20;;2022-05-06;;;LUNA USD C20;N;;;28;ESTADOS UNIDOS DA AMÉRICA;A1;AMERICAN STOCK EXCHANGE
FIIM;36.669.709/0001-21;EMPIRICUS TEVA CRIPTOMOEDAS TOP20 FUNDO DE ÍNDICE INVESTIMENTO NO EXTERIOR;2023-07-31;504610;48235024.41;INVESTIMENTO NO EXTERIOR;Outros;N;Para negociação;;;;;4124.00;252566.06;;;AVAX USD C20;;2022-05-06;;;AVAX USD C20;N;;;28;ESTADOS UNIDOS DA AMÉRICA;A1;AMERICAN STOCK EXCHANGE
FIIM;36.669.709/0001-21;EMPIRICUS TEVA CRIPTOMOEDAS TOP20 FUNDO DE ÍNDICE INVESTIMENTO NO EXTERIOR;2023-07-31;504610;48235024.41;INVESTIMENTO NO EXTERIOR;Outros;N;Para negociação;;;;;9110.00;284457.05;;;UNI USD C20;;2022-05-06;;;UNI USD C20;N;;;28;ESTADOS UNIDOS DA AMÉRICA;A1;AMERICAN STOCK EXCHANGE
FIIM;36.669.709/0001-21;EMPIRICUS TEVA CRIPTOMOEDAS TOP20 FUNDO DE ÍNDICE INVESTIMENTO NO EXTERIOR;2023-07-31;504610;48235024.41;INVESTIMENTO NO EXTERIOR;Outros;N;Para negociação;;;;;330783.00;241068.72;;;XLM USD C20;;2022-05-06;;;XLM USD C20;N;;;28;ESTADOS UNIDOS DA AMÉRICA;A1;AMERICAN STOCK EXCHANGE
FIIM;36.669.709/0001-21;EMPIRICUS TEVA CRIPTOMOEDAS TOP20 FUNDO DE ÍNDICE INVESTIMENTO NO EXTERIOR;2023-07-31;504610;48235024.41;INVESTIMENTO NO EXTERIOR;Outros;N;Para negociação;;;;;15487.00;86252.89;;;ARB USD C20;;2023-05-02;;;ARB USD;N;;;28;ESTADOS UNIDOS DA AMÉRICA;A1;AMERICAN STOCK EXCHANGE
FIIM;36.669.709/0001-21;EMPIRICUS TEVA CRIPTOMOEDAS TOP20 FUNDO DE ÍNDICE INVESTIMENTO NO EXTERIOR;2023-07-31;504610;48235024.41;INVESTIMENTO NO EXTERIOR;Outros;N;Para negociação;;;;;3602.00;152296.28;;;ATOM USD C20;;2022-05-06;;;ATOM USD C20;N;;;28;ESTADOS UNIDOS DA AMÉRICA;A1;AMERICAN STOCK EXCHANGE
FIIM;36.669.709/0001-21;EMPIRICUS TEVA CRIPTOMOEDAS TOP20 FUNDO DE ÍNDICE INVESTIMENTO NO EXTERIOR;2023-07-31;504610;48235024.41;INVESTIMENTO NO EXTERIOR;Outros;N;Para negociação;;;;;169.00;88177.40;;;QNT USD C20;;2022-10-03;;;QNT USD C20;N;;;28;ESTADOS UNIDOS DA AMÉRICA;A1;AMERICAN STOCK EXCHANGE
FIIM;36.669.709/0001-21;EMPIRICUS TEVA CRIPTOMOEDAS TOP20 FUNDO DE ÍNDICE INVESTIMENTO NO EXTERIOR;2023-07-31;504610;48235024.41;INVESTIMENTO NO EXTERIOR;Outros;N;Para negociação;;;;;10256.00;90766.04;;;LDO USD C20;;2023-01-02;;;LDO USD C20;N;;;28;ESTADOS UNIDOS DA AMÉRICA;A1;AMERICAN STOCK EXCHANGE
FIIM;37.843.293/0001-89;BTG PACTUAL ESG FUNDO DE ÍNDICE S&P/B3 BRAZIL ESG;2023-07-31;499686;21616224.53;AÇÕES;Ação ordinária;N;Para negociação;0.00;0.00;0.00;0.00;17386.00;399878.00;;;;KLBN11;;PJ;89637490000145;KLABIN SA;;;;;;;
FIIM;37.843.293/0001-89;BTG PACTUAL ESG FUNDO DE ÍNDICE S&P/B3 BRAZIL ESG;2023-07-31;499686;21616224.53;AÇÕES;Ação ordinária;N;Para negociação;0.00;0.00;0.00;0.00;2828.00;4553.08;;;;ESPA3;;PJ;26659061000159;MPM CORPOREOS SA;;;;;;;
FIIM;37.843.293/0001-89;BTG PACTUAL ESG FUNDO DE ÍNDICE S&P/B3 BRAZIL ESG;2023-07-31;499686;21616224.53;AÇÕES;Ação ordinária;N;Para negociação;0.00;0.00;0.00;0.00;66.00;4943.40;;;UNIP3;;;;;;;;1996-09-26;;;;
FIIM;37.843.293/0001-89;BTG PACTUAL ESG FUNDO DE ÍNDICE S&P/B3 BRAZIL ESG;2023-07-31;499686;21616224.53;AÇÕES;Ação ordinária;N;Para negociação;0.00;0.00;0.00;0.00;17959.00;172585.99;;;STBP3;;;;;;;;2007-11-21;;;;
FIIM;37.843.293/0001-89;BTG PACTUAL ESG FUNDO DE ÍNDICE S&P/B3 BRAZIL ESG;2023-07-31;499686;21616224.53;AÇÕES;Ação ordinária;N;Para negociação;0.00;0.00;0.00;0.00;9494.00;152948.34;;;FLRY3;;;;;;;;2009-12-17;;;;
FIIM;37.843.293/0001-89;BTG PACTUAL ESG FUNDO DE ÍNDICE S&P/B3 BRAZIL ESG;2023-07-31;499686;21616224.53;AÇÕES;Ação ordinária;N;Para negociação;0.00;0.00;0.00;0.00;291.00;7685.31;;;MULT3;;;;;;;;2007-07-27;;;;
FIIM;37.843.293/0001-89;BTG PACTUAL ESG FUNDO DE ÍNDICE S&P/B3 BRAZIL ESG;2023-07-31;499686;21616224.53;AÇÕES;Ação ordinária;N;Para negociação;0.00;0.00;0.00;0.00;125303.00;419765.05;;;COGN3;;;;;;;;2019-10-11;;;;
FIIM;37.843.293/0001-89;BTG PACTUAL ESG FUNDO DE ÍNDICE S&P/B3 BRAZIL ESG;2023-07-31;499686;21616224.53;AÇÕES;Ação ordinária;N;Para negociação;0.00;0.00;0.00;0.00;4224.00;58713.60;;;MRVE3;;;;;;;;2007-07-23;;;;
FIIM;37.843.293/0001-89;BTG PACTUAL ESG FUNDO DE ÍNDICE S&P/B3 BRAZIL ESG;2023-07-31;499686;21616224.53;AÇÕES;Ação ordinária;N;Para negociação;0.00;0.00;0.00;0.00;9007.00;71335.44;;;GMAT3;;;;;;;;2020-10-13;;;;
FIIM;37.843.293/0001-89;BTG PACTUAL ESG FUNDO DE ÍNDICE S&P/B3 BRAZIL ESG;2023-07-31;499686;21616224.53;AÇÕES;Ação ordinária;N;Para negociação;0.00;0.00;0.00;0.00;5405.00;105667.75;;;NEOE3;;;;;;;;2017-10-05;;;;
FIIM;37.843.293/0001-89;BTG PACTUAL ESG FUNDO DE ÍNDICE S&P/B3 BRAZIL ESG;2023-07-31;499686;21616224.53;AÇÕES;Ação ordinária;N;Para negociação;0.00;0.00;0.00;0.00;2426.00;36026.10;;;BBDC3;;;;;;;;1998-03-02;;;;
FIIM;37.843.293/0001-89;BTG PACTUAL ESG FUNDO DE ÍNDICE S&P/B3 BRAZIL ESG;2023-07-31;499686;21616224.53;AÇÕES;Ação ordinária;N;Para negociação;0.00;0.00;0.00;0.00;4929.00;37066.08;;;GRND3;;;;;;;;2004-10-29;;;;
FIIM;37.843.293/0001-89;BTG PACTUAL ESG FUNDO DE ÍNDICE S&P/B3 BRAZIL ESG;2023-07-31;499686;21616224.53;AÇÕES;Ação ordinária;N;Para negociação;0.00;0.00;0.00;0.00;15455.00;205396.95;;;CCRO3;;;;;;;;2002-02-01;;;;
FIIM;37.843.293/0001-89;BTG PACTUAL ESG FUNDO DE ÍNDICE S&P/B3 BRAZIL ESG;2023-07-31;499686;21616224.53;AÇÕES;Ação ordinária;N;Para negociação;0.00;0.00;0.00;0.00;3101.00;38576.44;;;MILS3;;;;;;;;2010-04-16;;;;
FIIM;37.843.293/0001-89;BTG PACTUAL ESG FUNDO DE ÍNDICE S&P/B3 BRAZIL ESG;2023-07-31;499686;21616224.53;AÇÕES;Ação ordinária;N;Para negociação;0.00;0.00;0.00;0.00;1412.00;27703.44;;;VULC3;;;;;;;;1991-05-02;;;;
FIIM;37.843.293/0001-89;BTG PACTUAL ESG FUNDO DE ÍNDICE S&P/B3 BRAZIL ESG;2023-07-31;499686;21616224.53;AÇÕES;Ação ordinária;N;Para negociação;0.00;0.00;0.00;0.00;209.00;9534.58;;;PRIO3;;;;;;;;2015-06-26;;;;
FIIM;37.843.293/0001-89;BTG PACTUAL ESG FUNDO DE ÍNDICE S&P/B3 BRAZIL ESG;2023-07-31;499686;21616224.53;AÇÕES;Ação ordinária;N;Para negociação;0.00;0.00;0.00;0.00;24394.00;129288.20;;;CBAV3;;;;;;;;2021-07-15;;;;
FIIM;37.843.293/0001-89;BTG PACTUAL ESG FUNDO DE ÍNDICE S&P/B3 BRAZIL ESG;2023-07-31;499686;21616224.53;AÇÕES;Ação ordinária;S;Para negociação;0.00;0.00;0.00;0.00;9474.00;322210.74;;;;BPAC11;;PJ;30306294000145;Banco BTG Pactual SA;;;;;;;
FIIM;37.843.293/0001-89;BTG PACTUAL ESG FUNDO DE ÍNDICE S&P/B3 BRAZIL ESG;2023-07-31;499686;21616224.53;AÇÕES;Ação ordinária;N;Para negociação;0.00;0.00;0.00;0.00;2527.00;18396.56;;;CAML3;;;;;;;;2017-09-28;;;;
FIIM;37.843.293/0001-89;BTG PACTUAL ESG FUNDO DE ÍNDICE S&P/B3 BRAZIL ESG;2023-07-31;499686;21616224.53;AÇÕES;Ação ordinária;N;Para negociação;0.00;0.00;0.00;0.00;4375.00;51231.25;;;MEGA3;;;;;;;;2021-12-27;;;;
FIIM;37.843.293/0001-89;BTG PACTUAL ESG FUNDO DE ÍNDICE S&P/B3 BRAZIL ESG;2023-07-31;499686;21616224.53;AÇÕES;Ação ordinária;N;Para negociação;0.00;0.00;0.00;0.00;7411.00;83299.64;;;SOMA3;;;;;;;;2020-07-31;;;;
FIIM;37.843.293/0001-89;BTG PACTUAL ESG FUNDO DE ÍNDICE S&P/B3 BRAZIL ESG;2023-07-31;499686;21616224.53;AÇÕES;Ação ordinária;N;Para negociação;0.00;0.00;0.00;0.00;3847.00;137645.66;;;CPFE3;;;;;;;;2004-09-29;;;;
FIIM;37.843.293/0001-89;BTG PACTUAL ESG FUNDO DE ÍNDICE S&P/B3 BRAZIL ESG;2023-07-31;499686;21616224.53;AÇÕES;Ação ordinária;N;Para negociação;0.00;0.00;0.00;0.00;5044.00;31777.20;;;WIZC3;;;;;;;;2023-02-09;;;;
FIIM;37.843.293/0001-89;BTG PACTUAL ESG FUNDO DE ÍNDICE S&P/B3 BRAZIL ESG;2023-07-31;499686;21616224.53;AÇÕES;Ação ordinária;N;Para negociação;0.00;0.00;0.00;0.00;1041.00;12367.08;;;AESB3;;;;;;;;2021-08-10;;;;
FIIM;37.843.293/0001-89;BTG PACTUAL ESG FUNDO DE ÍNDICE S&P/B3 BRAZIL ESG;2023-07-31;499686;21616224.53;AÇÕES;Ação ordinária;N;Para negociação;0.00;0.00;0.00;0.00;3802.00;16804.84;;;ZAMP3;;;;;;;;2022-10-26;;;;
FIIM;37.843.293/0001-89;BTG PACTUAL ESG FUNDO DE ÍNDICE S&P/B3 BRAZIL ESG;2023-07-31;499686;21616224.53;AÇÕES;Ação ordinária;N;Para negociação;0.00;0.00;0.00;0.00;30949.00;137723.05;;;CMIN3;;;;;;;;2021-05-03;;;;
FIIM;37.843.293/0001-89;BTG PACTUAL ESG FUNDO DE ÍNDICE S&P/B3 BRAZIL ESG;2023-07-31;499686;21616224.53;AÇÕES;Ação ordinária;N;Para negociação;0.00;0.00;0.00;0.00;2099.00;101150.81;;;BBAS3;;;;;;;;1997-09-30;;;;
FIIM;37.843.293/0001-89;BTG PACTUAL ESG FUNDO DE ÍNDICE S&P/B3 BRAZIL ESG;2023-07-31;499686;21616224.53;AÇÕES;Ação ordinária;N;Para negociação;0.00;0.00;0.00;0.00;842.00;18018.80;;;LOGG3;;;;;;;;2018-12-21;;;;
FIIM;37.843.293/0001-89;BTG PACTUAL ESG FUNDO DE ÍNDICE S&P/B3 BRAZIL ESG;2023-07-31;499686;21616224.53;AÇÕES;Ação ordinária;N;Para negociação;0.00;0.00;0.00;0.00;14694.00;143707.32;;;SIMH3;;;;;;;;2020-09-18;;;;
FIIM;37.843.293/0001-89;BTG PACTUAL ESG FUNDO DE ÍNDICE S&P/B3 BRAZIL ESG;2023-07-31;499686;21616224.53;AÇÕES;Ação ordinária;N;Para negociação;0.00;0.00;0.00;0.00;200.00;4572.00;;;SMFT3;;;;;;;;2018-02-26;;;;
FIIM;37.843.293/0001-89;BTG PACTUAL ESG FUNDO DE ÍNDICE S&P/B3 BRAZIL ESG;2023-07-31;499686;21616224.53;AÇÕES;Ação ordinária;N;Para negociação;0.00;0.00;0.00;0.00;10619.00;382284.00;;;RDOR3;;;;;;;;2021-06-25;;;;
FIIM;37.843.293/0001-89;BTG PACTUAL ESG FUNDO DE ÍNDICE S&P/B3 BRAZIL ESG;2023-07-31;499686;21616224.53;AÇÕES;Ação ordinária;N;Para negociação;0.00;0.00;0.00;0.00;21654.00;406012.50;;;LREN3;;;;;;;;1998-01-02;;;;
FIIM;37.843.293/0001-89;BTG PACTUAL ESG FUNDO DE ÍNDICE S&P/B3 BRAZIL ESG;2023-07-31;499686;21616224.53;AÇÕES;Ação ordinária;N;Para negociação;0.00;0.00;0.00;0.00;15690.00;18828.00;;;AERI3;;;;;;;;2020-11-11;;;;
FIIM;37.843.293/0001-89;BTG PACTUAL ESG FUNDO DE ÍNDICE S&P/B3 BRAZIL ESG;2023-07-31;499686;21616224.53;AÇÕES;Ação ordinária;N;Para negociação;0.00;0.00;0.00;0.00;476.00;10943.24;;;RECV3;;;;;;;;2021-05-05;;;;
FIIM;37.843.293/0001-89;BTG PACTUAL ESG FUNDO DE ÍNDICE S&P/B3 BRAZIL ESG;2023-07-31;499686;21616224.53;AÇÕES;Ação ordinária;N;Para negociação;0.00;0.00;0.00;0.00;22650.00;48924.00;;;VIIA3;;;;;;;;2021-08-16;;;;
FIIM;37.843.293/0001-89;BTG PACTUAL ESG FUNDO DE ÍNDICE S&P/B3 BRAZIL ESG;2023-07-31;499686;21616224.53;AÇÕES;Ação ordinária;N;Para negociação;0.00;0.00;0.00;0.00;300.00;8691.00;;;RADL3;;;;;;;;2011-12-19;;;;
FIIM;37.843.293/0001-89;BTG PACTUAL ESG FUNDO DE ÍNDICE S&P/B3 BRAZIL ESG;2023-07-31;499686;21616224.53;AÇÕES;Ação ordinária;N;Para negociação;0.00;0.00;0.00;0.00;13068.00;156031.92;;;VAMO3;;;;;;;;2021-01-29;;;;
FIIM;37.843.293/0001-89;BTG PACTUAL ESG FUNDO DE ÍNDICE S&P/B3 BRAZIL ESG;2023-07-31;499686;21616224.53;AÇÕES;Ação ordinária;N;Para negociação;0.00;0.00;0.00;0.00;15202.00;60503.96;;;HBSA3;;;;;;;;2020-09-25;;;;
FIIM;37.843.293/0001-89;BTG PACTUAL ESG FUNDO DE ÍNDICE S&P/B3 BRAZIL ESG;2023-07-31;499686;21616224.53;AÇÕES;Ação ordinária;N;Para negociação;0.00;0.00;0.00;0.00;235.00;2206.65;;;KEPL3;;;;;;;;1996-03-18;;;;
FIIM;37.843.293/0001-89;BTG PACTUAL ESG FUNDO DE ÍNDICE S&P/B3 BRAZIL ESG;2023-07-31;499686;21616224.53;AÇÕES;Ação ordinária;N;Para negociação;0.00;0.00;32.00;1093.76;1441.00;48331.14;;;EQTL3;;;;;;;;2006-04-03;;;;
FIIM;37.843.293/0001-89;BTG PACTUAL ESG FUNDO DE ÍNDICE S&P/B3 BRAZIL ESG;2023-07-31;499686;21616224.53;AÇÕES;Ação ordinária;N;Para negociação;0.00;0.00;0.00;0.00;807.00;46886.70;;;SBSP3;;;;;;;;1998-02-11;;;;
FIIM;37.843.293/0001-89;BTG PACTUAL ESG FUNDO DE ÍNDICE S&P/B3 BRAZIL ESG;2023-07-31;499686;21616224.53;AÇÕES;Ação ordinária;N;Para negociação;0.00;0.00;0.00;0.00;409.00;18564.51;;;LEVE3;;;;;;;;1995-04-03;;;;
FIIM;37.843.293/0001-89;BTG PACTUAL ESG FUNDO DE ÍNDICE S&P/B3 BRAZIL ESG;2023-07-31;499686;21616224.53;AÇÕES;Ação ordinária;N;Para negociação;0.00;0.00;0.00;0.00;4957.00;120504.67;;;ALSO3;;;;;;;;2019-08-06;;;;
FIIM;37.843.293/0001-89;BTG PACTUAL ESG FUNDO DE ÍNDICE S&P/B3 BRAZIL ESG;2023-07-31;499686;21616224.53;AÇÕES;Ação ordinária;N;Para negociação;0.00;0.00;0.00;0.00;5135.00;28961.40;;;JHSF3;;;;;;;;2007-04-12;;;;
FIIM;37.843.293/0001-89;BTG PACTUAL ESG FUNDO DE ÍNDICE S&P/B3 BRAZIL ESG;2023-07-31;499686;21616224.53;AÇÕES;Ação ordinária;N;Para negociação;0.00;0.00;0.00;0.00;7657.00;305667.44;;;WEGE3;;;;;;;;2004-08-02;;;;
FIIM;37.843.293/0001-89;BTG PACTUAL ESG FUNDO DE ÍNDICE S&P/B3 BRAZIL ESG;2023-07-31;499686;21616224.53;AÇÕES;Ação ordinária;N;Para negociação;0.00;0.00;0.00;0.00;945.00;12511.80;;;PORT3;;;;;;;;2021-10-25;;;;
FIIM;37.843.293/0001-89;BTG PACTUAL ESG FUNDO DE ÍNDICE S&P/B3 BRAZIL ESG;2023-07-31;499686;21616224.53;AÇÕES;Ação ordinária;N;Para negociação;0.00;0.00;0.00;0.00;1932.00;19860.96;;;MATD3;;;;;;;;2021-04-16;;;;
FIIM;37.843.293/0001-89;BTG PACTUAL ESG FUNDO DE ÍNDICE S&P/B3 BRAZIL ESG;2023-07-31;499686;21616224.53;AÇÕES;Ação ordinária;N;Para negociação;0.00;0.00;0.00;0.00;15787.00;314792.78;;;CSAN3;;;;;;;;2005-11-18;;;;
FIIM;37.843.293/0001-89;BTG PACTUAL ESG FUNDO DE ÍNDICE S&P/B3 BRAZIL ESG;2023-07-31;499686;21616224.53;AÇÕES;Ação ordinária;N;Para negociação;0.00;0.00;0.00;0.00;1485.00;19958.40;;;FRAS3;;;;;;;;2002-10-01;;;;
FIIM;37.843.293/0001-89;BTG PACTUAL ESG FUNDO DE ÍNDICE S&P/B3 BRAZIL ESG;2023-07-31;499686;21616224.53;AÇÕES;Ação ordinária;N;Para negociação;0.00;0.00;0.00;0.00;420.00;9126.60;;;EZTC3;;;;;;;;2007-06-22;;;;
FIIM;37.843.293/0001-89;BTG PACTUAL ESG FUNDO DE ÍNDICE S&P/B3 BRAZIL ESG;2023-07-31;499686;21616224.53;AÇÕES;Ação ordinária;N;Para negociação;0.00;0.00;0.00;0.00;14717.00;342023.08;;;RAIL3;;;;;;;;2017-03-13;;;;
FIIM;37.843.293/0001-89;BTG PACTUAL ESG FUNDO DE ÍNDICE S&P/B3 BRAZIL ESG;2023-07-31;499686;21616224.53;AÇÕES;Ação ordinária;N;Para negociação;0.00;0.00;0.00;0.00;440.00;36313.20;;;BRPR3;;;;;;;;2007-08-06;;;;
FIIM;37.843.293/0001-89;BTG PACTUAL ESG FUNDO DE ÍNDICE S&P/B3 BRAZIL ESG;2023-07-31;499686;21616224.53;AÇÕES;Ação ordinária;N;Para negociação;0.00;0.00;0.00;0.00;6060.00;255186.60;;;VIVT3;;;;;;;;2011-10-06;;;;
FIIM;37.843.293/0001-89;BTG PACTUAL ESG FUNDO DE ÍNDICE S&P/B3 BRAZIL ESG;2023-07-31;499686;21616224.53;AÇÕES;Ação ordinária;N;Para negociação;0.00;0.00;0.00;0.00;800.00;17752.00;;;YDUQ3;;;;;;;;2019-07-23;;;;
FIIM;37.843.293/0001-89;BTG PACTUAL ESG FUNDO DE ÍNDICE S&P/B3 BRAZIL ESG;2023-07-31;499686;21616224.53;AÇÕES;Ação ordinária;N;Para negociação;0.00;0.00;0.00;0.00;95.00;2461.45;;;AGRO3;;;;;;;;2006-05-02;;;;
FIIM;37.843.293/0001-89;BTG PACTUAL ESG FUNDO DE ÍNDICE S&P/B3 BRAZIL ESG;2023-07-31;499686;21616224.53;AÇÕES;Ação ordinária;N;Para negociação;0.00;0.00;0.00;0.00;3671.00;77237.84;;;AMBP3;;;;;;;;2020-07-13;;;;
FIIM;37.843.293/0001-89;BTG PACTUAL ESG FUNDO DE ÍNDICE S&P/B3 BRAZIL ESG;2023-07-31;499686;21616224.53;AÇÕES;Ação ordinária;N;Para negociação;0.00;0.00;0.00;0.00;3296.00;58569.92;;;CURY3;;;;;;;;2020-09-21;;;;
FIIM;37.843.293/0001-89;BTG PACTUAL ESG FUNDO DE ÍNDICE S&P/B3 BRAZIL ESG;2023-07-31;499686;21616224.53;AÇÕES;Ação ordinária;N;Para negociação;0.00;0.00;0.00;0.00;353.00;7448.30;;;DIRR3;;;;;;;;2009-11-19;;;;
FIIM;37.843.293/0001-89;BTG PACTUAL ESG FUNDO DE ÍNDICE S&P/B3 BRAZIL ESG;2023-07-31;499686;21616224.53;AÇÕES;Ação ordinária;N;Para negociação;0.00;0.00;0.00;0.00;590.00;12508.00;;;VVEO3;;;;;;;;2021-08-09;;;;
FIIM;37.843.293/0001-89;BTG PACTUAL ESG FUNDO DE ÍNDICE S&P/B3 BRAZIL ESG;2023-07-31;499686;21616224.53;AÇÕES;Ação ordinária;N;Para negociação;0.00;0.00;0.00;0.00;19395.00;162336.15;;;DXCO3;;;;;;;;2021-08-19;;;;
FIIM;37.843.293/0001-89;BTG PACTUAL ESG FUNDO DE ÍNDICE S&P/B3 BRAZIL ESG;2023-07-31;499686;21616224.53;AÇÕES;Ação ordinária;N;Para negociação;0.00;0.00;0.00;0.00;5536.00;46447.04;;;PTBL3;;;;;;;;1997-04-08;;;;
FIIM;37.843.293/0001-89;BTG PACTUAL ESG FUNDO DE ÍNDICE S&P/B3 BRAZIL ESG;2023-07-31;499686;21616224.53;AÇÕES;Ação ordinária;N;Para negociação;0.00;0.00;0.00;0.00;2782.00;30017.78;;;CXSE3;;;;;;;;2021-04-29;;;;
FIIM;37.843.293/0001-89;BTG PACTUAL ESG FUNDO DE ÍNDICE S&P/B3 BRAZIL ESG;2023-07-31;499686;21616224.53;AÇÕES;Ação ordinária;N;Para negociação;0.00;0.00;0.00;0.00;10109.00;43367.61;;;QUAL3;;;;;;;;2011-06-29;;;;
FIIM;37.843.293/0001-89;BTG PACTUAL ESG FUNDO DE ÍNDICE S&P/B3 BRAZIL ESG;2023-07-31;499686;21616224.53;AÇÕES;Ação ordinária;N;Para negociação;0.00;0.00;0.00;0.00;77.00;1683.99;;;BRAP3;;;;;;;;2000-08-10;;;;
FIIM;37.843.293/0001-89;BTG PACTUAL ESG FUNDO DE ÍNDICE S&P/B3 BRAZIL ESG;2023-07-31;499686;21616224.53;AÇÕES;Ação ordinária;N;Para negociação;0.00;0.00;0.00;0.00;11428.00;169820.08;;;ABEV3;;;;;;;;2013-11-11;;;;
FIIM;37.843.293/0001-89;BTG PACTUAL ESG FUNDO DE ÍNDICE S&P/B3 BRAZIL ESG;2023-07-31;499686;21616224.53;AÇÕES;Ação ordinária;N;Para negociação;0.00;0.00;0.00;0.00;24664.00;450611.28;;;NTCO3;;;;;;;;2019-12-18;;;;
FIIM;37.843.293/0001-89;BTG PACTUAL ESG FUNDO DE ÍNDICE S&P/B3 BRAZIL ESG;2023-07-31;499686;21616224.53;AÇÕES;Ação ordinária;N;Para negociação;0.00;0.00;0.00;0.00;1900.00;6365.00;;;MLAS3;;;;;;;;2021-07-22;;;;
FIIM;37.843.293/0001-89;BTG PACTUAL ESG FUNDO DE ÍNDICE S&P/B3 BRAZIL ESG;2023-07-31;499686;21616224.53;AÇÕES;Ação ordinária;N;Para negociação;0.00;0.00;0.00;0.00;16855.00;233273.20;;;CSNA3;;;;;;;;1997-12-30;;;;
FIIM;37.843.293/0001-89;BTG PACTUAL ESG FUNDO DE ÍNDICE S&P/B3 BRAZIL ESG;2023-07-31;499686;21616224.53;AÇÕES;Ação ordinária;N;Para negociação;0.00;0.00;0.00;0.00;11886.00;35420.28;;;CVCB3;;;;;;;;2013-12-09;;;;
FIIM;37.843.293/0001-89;BTG PACTUAL ESG FUNDO DE ÍNDICE S&P/B3 BRAZIL ESG;2023-07-31;499686;21616224.53;AÇÕES;Ação ordinária;N;Para negociação;0.00;0.00;0.00;0.00;14953.00;201416.91;;;ASAI3;;;;;;;;2021-08-12;;;;
FIIM;37.843.293/0001-89;BTG PACTUAL ESG FUNDO DE ÍNDICE S&P/B3 BRAZIL ESG;2023-07-31;499686;21616224.53;AÇÕES;Ação ordinária;N;Para negociação;0.00;0.00;0.00;0.00;978.00;20322.84;;;BLAU3;;;;;;;;2021-09-24;;;;
FIIM;37.843.293/0001-89;BTG PACTUAL ESG FUNDO DE ÍNDICE S&P/B3 BRAZIL ESG;2023-07-31;499686;21616224.53;AÇÕES;Ação ordinária;N;Para negociação;0.00;0.00;0.00;0.00;134.00;1802.30;;;DASA3;;;;;;;;2004-11-19;;;;
FIIM;37.843.293/0001-89;BTG PACTUAL ESG FUNDO DE ÍNDICE S&P/B3 BRAZIL ESG;2023-07-31;499686;21616224.53;AÇÕES;Ação ordinária;N;Para negociação;0.00;0.00;0.00;0.00;178.00;8928.48;;;LOGN3;;;;;;;;2007-06-21;;;;
FIIM;37.843.293/0001-89;BTG PACTUAL ESG FUNDO DE ÍNDICE S&P/B3 BRAZIL ESG;2023-07-31;499686;21616224.53;AÇÕES;Ação ordinária;N;Para negociação;0.00;0.00;0.00;0.00;22370.00;383198.10;;;VBBR3;;;;;;;;2021-10-22;;;;
FIIM;37.843.293/0001-89;BTG PACTUAL ESG FUNDO DE ÍNDICE S&P/B3 BRAZIL ESG;2023-07-31;499686;21616224.53;AÇÕES;Ação ordinária;N;Para negociação;0.00;0.00;0.00;0.00;327.00;4290.24;;;ARML3;;;;;;;;2021-07-28;;;;
FIIM;37.843.293/0001-89;BTG PACTUAL ESG FUNDO DE ÍNDICE S&P/B3 BRAZIL ESG;2023-07-31;499686;21616224.53;AÇÕES;Ação ordinária;N;Para negociação;0.00;0.00;0.00;0.00;9955.00;294369.35;;;TOTS3;;;;;;;;2006-03-09;;;;
FIIM;37.843.293/0001-89;BTG PACTUAL ESG FUNDO DE ÍNDICE S&P/B3 BRAZIL ESG;2023-07-31;499686;21616224.53;AÇÕES;Ação ordinária;N;Para negociação;0.00;0.00;0.00;0.00;1560.00;12448.80;;;BOAS3;;;;;;;;2020-09-30;;;;
FIIM;37.843.293/0001-89;BTG PACTUAL ESG FUNDO DE ÍNDICE S&P/B3 BRAZIL ESG;2023-07-31;499686;21616224.53;AÇÕES;Ação ordinária;N;Para negociação;0.00;0.00;0.00;0.00;3855.00;43985.55;;;MOVI3;;;;;;;;2017-02-08;;;;
FIIM;37.843.293/0001-89;BTG PACTUAL ESG FUNDO DE ÍNDICE S&P/B3 BRAZIL ESG;2023-07-31;499686;21616224.53;AÇÕES;Ação ordinária;N;Para negociação;0.00;0.00;0.00;0.00;8800.00;65296.00;;;MRFG3;;;;;;;;2007-06-28;;;;
FIIM;37.843.293/0001-89;BTG PACTUAL ESG FUNDO DE ÍNDICE S&P/B3 BRAZIL ESG;2023-07-31;499686;21616224.53;AÇÕES;Ação ordinária;N;Para negociação;0.00;0.00;0.00;0.00;125.00;1662.50;;;GOAU3;;;;;;;;1998-01-02;;;;
FIIM;37.843.293/0001-89;BTG PACTUAL ESG FUNDO DE ÍNDICE S&P/B3 BRAZIL ESG;2023-07-31;499686;21616224.53;AÇÕES;Ação ordinária;N;Para negociação;0.00;0.00;0.00;0.00;5304.00;126076.08;;;INTB3;;;;;;;;2021-02-04;;;;
FIIM;37.843.293/0001-89;BTG PACTUAL ESG FUNDO DE ÍNDICE S&P/B3 BRAZIL ESG;2023-07-31;499686;21616224.53;AÇÕES;Ação ordinária;N;Para negociação;0.00;0.00;0.00;0.00;285.00;1903.80;;;LJQQ3;;;;;;;;2020-08-10;;;;
FIIM;37.843.293/0001-89;BTG PACTUAL ESG FUNDO DE ÍNDICE S&P/B3 BRAZIL ESG;2023-07-31;499686;21616224.53;AÇÕES;Ação ordinária;N;Para negociação;0.00;0.00;0.00;0.00;4066.00;177480.90;;;SLCE3;;;;;;;;2007-06-15;;;;
FIIM;37.843.293/0001-89;BTG PACTUAL ESG FUNDO DE ÍNDICE S&P/B3 BRAZIL ESG;2023-07-31;499686;21616224.53;AÇÕES;Ação ordinária;N;Para negociação;0.00;0.00;0.00;0.00;6937.00;96077.45;;;MYPK3;;;;;;;;1997-06-30;;;;
FIIM;37.843.293/0001-89;BTG PACTUAL ESG FUNDO DE ÍNDICE S&P/B3 BRAZIL ESG;2023-07-31;499686;21616224.53;AÇÕES;Ação ordinária;N;Para negociação;0.00;0.00;0.00;0.00;3034.00;82433.78;;;TUPY3;;;;;;;;1995-11-10;;;;
FIIM;37.843.293/0001-89;BTG PACTUAL ESG FUNDO DE ÍNDICE S&P/B3 BRAZIL ESG;2023-07-31;499686;21616224.53;AÇÕES;Ação ordinária;N;Para negociação;0.00;0.00;0.00;0.00;100.00;731.00;;;GUAR3;;;;;;;;1997-04-24;;;;
FIIM;37.843.293/0001-89;BTG PACTUAL ESG FUNDO DE ÍNDICE S&P/B3 BRAZIL ESG;2023-07-31;499686;21616224.53;AÇÕES;Ação ordinária;N;Para negociação;0.00;0.00;0.00;0.00;3587.00;50218.00;;;AURE3;;;;;;;;2022-03-28;;;;
FIIM;37.843.293/0001-89;BTG PACTUAL ESG FUNDO DE ÍNDICE S&P/B3 BRAZIL ESG;2023-07-31;499686;21616224.53;AÇÕES;Ação ordinária;N;Para negociação;0.00;0.00;0.00;0.00;3106.00;208785.32;;;RENT3;;;;;;;;2005-05-23;;;;
FIIM;37.843.293/0001-89;BTG PACTUAL ESG FUNDO DE ÍNDICE S&P/B3 BRAZIL ESG;2023-07-31;499686;21616224.53;AÇÕES;Ação ordinária;N;Para negociação;0.00;0.00;0.00;0.00;25.00;506.00;;;CSMG3;;;;;;;;2006-02-08;;;;
FIIM;37.843.293/0001-89;BTG PACTUAL ESG FUNDO DE ÍNDICE S&P/B3 BRAZIL ESG;2023-07-31;499686;21616224.53;AÇÕES;Ação ordinária;N;Para negociação;0.00;0.00;0.00;0.00;1619.00;50383.28;;;BBSE3;;;;;;;;2013-04-29;;;;
FIIM;37.843.293/0001-89;BTG PACTUAL ESG FUNDO DE ÍNDICE S&P/B3 BRAZIL ESG;2023-07-31;499686;21616224.53;AÇÕES;Ação ordinária;N;Para negociação;0.00;0.00;0.00;0.00;6411.00;89433.45;;;ENAT3;;;;;;;;2019-04-24;;;;
FIIM;37.843.293/0001-89;BTG PACTUAL ESG FUNDO DE ÍNDICE S&P/B3 BRAZIL ESG;2023-07-31;499686;21616224.53;AÇÕES;Ação ordinária;N;Para negociação;0.00;0.00;0.00;0.00;5962.00;248794.26;;;MDIA3;;;;;;;;2006-10-18;;;;
FIIM;37.843.293/0001-89;BTG PACTUAL ESG FUNDO DE ÍNDICE S&P/B3 BRAZIL ESG;2023-07-31;499686;21616224.53;AÇÕES;Ação ordinária;N;Para negociação;0.00;0.00;0.00;0.00;24.00;144.48;;;GFSA3;;;;;;;;2006-01-26;;;;
FIIM;37.843.293/0001-89;BTG PACTUAL ESG FUNDO DE ÍNDICE S&P/B3 BRAZIL ESG;2023-07-31;499686;21616224.53;AÇÕES;Ação ordinária;N;Para negociação;0.00;0.00;0.00;0.00;4017.00;29685.63;;;EVEN3;;;;;;;;2007-04-02;;;;
FIIM;37.843.293/0001-89;BTG PACTUAL ESG FUNDO DE ÍNDICE S&P/B3 BRAZIL ESG;2023-07-31;499686;21616224.53;AÇÕES;Ação ordinária;N;Para negociação;0.00;0.00;0.00;0.00;7683.00;159038.10;;;PCAR3;;;;;;;;1997-09-02;;;;
FIIM;37.843.293/0001-89;BTG PACTUAL ESG FUNDO DE ÍNDICE S&P/B3 BRAZIL ESG;2023-07-31;499686;21616224.53;AÇÕES;Ação ordinária;N;Para negociação;0.00;0.00;0.00;0.00;207.00;2111.40;;;RANI3;;;;;;;;1995-07-17;;;;
FIIM;37.843.293/0001-89;BTG PACTUAL ESG FUNDO DE ÍNDICE S&P/B3 BRAZIL ESG;2023-07-31;499686;21616224.53;AÇÕES;Ação ordinária;N;Para negociação;0.00;0.00;0.00;0.00;8112.00;99453.12;;;ODPV3;;;;;;;;2006-12-01;;;;
FIIM;37.843.293/0001-89;BTG PACTUAL ESG FUNDO DE ÍNDICE S&P/B3 BRAZIL ESG;2023-07-31;499686;21616224.53;AÇÕES;Ação ordinária;N;Para negociação;0.00;0.00;0.00;0.00;1300.00;9542.00;;;USIM3;;;;;;;;1998-01-02;;;;
FIIM;37.843.293/0001-89;BTG PACTUAL ESG FUNDO DE ÍNDICE S&P/B3 BRAZIL ESG;2023-07-31;499686;21616224.53;AÇÕES;Ação ordinária;N;Para negociação;0.00;0.00;0.00;0.00;2273.00;20161.51;;;JALL3;;;;;;;;2021-07-28;;;;
FIIM;37.843.293/0001-89;BTG PACTUAL ESG FUNDO DE ÍNDICE S&P/B3 BRAZIL ESG;2023-07-31;499686;21616224.53;AÇÕES;Ação ordinária;N;Para negociação;0.00;0.00;0.00;0.00;3435.00;100989.00;;;VIVA3;;;;;;;;2019-10-10;;;;
FIIM;37.843.293/0001-89;BTG PACTUAL ESG FUNDO DE ÍNDICE S&P/B3 BRAZIL ESG;2023-07-31;499686;21616224.53;AÇÕES;Ação ordinária;N;Para negociação;0.00;0.00;0.00;0.00;7398.00;355621.86;;;SUZB3;;;;;;;;2004-08-05;;;;
FIIM;37.843.293/0001-89;BTG PACTUAL ESG FUNDO DE ÍNDICE S&P/B3 BRAZIL ESG;2023-07-31;499686;21616224.53;AÇÕES;Ação ordinária;N;Para negociação;0.00;0.00;0.00;0.00;10961.00;144794.81;;;SBFG3;;;;;;;;2021-03-31;;;;
FIIM;37.843.293/0001-89;BTG PACTUAL ESG FUNDO DE ÍNDICE S&P/B3 BRAZIL ESG;2023-07-31;499686;21616224.53;AÇÕES;Ação ordinária;N;Para negociação;0.00;0.00;0.00;0.00;2885.00;50285.55;;;GGPS3;;;;;;;;2021-04-26;;;;
FIIM;37.843.293/0001-89;BTG PACTUAL ESG FUNDO DE ÍNDICE S&P/B3 BRAZIL ESG;2023-07-31;499686;21616224.53;AÇÕES;Ação ordinária;N;Para negociação;0.00;0.00;0.00;0.00;31042.00;149001.60;;;HAPV3;;;;;;;;2018-04-25;;;;
FIIM;37.843.293/0001-89;BTG PACTUAL ESG FUNDO DE ÍNDICE S&P/B3 BRAZIL ESG;2023-07-31;499686;21616224.53;AÇÕES;Ação ordinária;N;Para negociação;0.00;0.00;0.00;0.00;52829.00;249352.88;;;CIEL3;;;;;;;;2009-12-18;;;;
FIIM;37.843.293/0001-89;BTG PACTUAL ESG FUNDO DE ÍNDICE S&P/B3 BRAZIL ESG;2023-07-31;499686;21616224.53;AÇÕES;Ação ordinária;N;Para negociação;0.00;0.00;0.00;0.00;15773.00;159149.57;;;BEEF3;;;;;;;;2007-07-20;;;;
FIIM;37.843.293/0001-89;BTG PACTUAL ESG FUNDO DE ÍNDICE S&P/B3 BRAZIL ESG;2023-07-31;499686;21616224.53;AÇÕES;Ação ordinária;N;Para negociação;0.00;0.00;0.00;0.00;460.00;17696.20;;;ORVR3;;;;;;;;2021-02-17;;;;
FIIM;37.843.293/0001-89;BTG PACTUAL ESG FUNDO DE ÍNDICE S&P/B3 BRAZIL ESG;2023-07-31;499686;21616224.53;AÇÕES;Ação ordinária;N;Para negociação;0.00;0.00;0.00;0.00;4316.00;54597.40;;;TTEN3;;;;;;;;2021-07-12;;;;
FIIM;37.843.293/0001-89;BTG PACTUAL ESG FUNDO DE ÍNDICE S&P/B3 BRAZIL ESG;2023-07-31;499686;21616224.53;AÇÕES;Ação ordinária;N;Para negociação;0.00;0.00;0.00;0.00;21317.00;317623.30;;;B3SA3;;;;;;;;2018-03-26;;;;
FIIM;37.843.293/0001-89;BTG PACTUAL ESG FUNDO DE ÍNDICE S&P/B3 BRAZIL ESG;2023-07-31;499686;21616224.53;AÇÕES;Ação ordinária;N;Para negociação;0.00;0.00;0.00;0.00;31643.00;106004.05;;;MGLU3;;;;;;;;2011-05-02;;;;
FIIM;37.843.293/0001-89;BTG PACTUAL ESG FUNDO DE ÍNDICE S&P/B3 BRAZIL ESG;2023-07-31;499686;21616224.53;AÇÕES;Ação preferencial;N;Para negociação;0.00;0.00;0.00;0.00;283.00;10060.65;;;;RRRP3;;PJ;12091809000155;3R PETROLEUM OLEO E GAS S.A.;;;;;;;
FIIM;37.843.293/0001-89;BTG PACTUAL ESG FUNDO DE ÍNDICE S&P/B3 BRAZIL ESG;2023-07-31;499686;21616224.53;AÇÕES;Ação preferencial;N;Para negociação;0.00;0.00;0.00;0.00;3206.00;99738.66;;;PETR4;;;;;;;;1997-03-24;;;;
FIIM;37.843.293/0001-89;BTG PACTUAL ESG FUNDO DE ÍNDICE S&P/B3 BRAZIL ESG;2023-07-31;499686;21616224.53;AÇÕES;Ação preferencial;N;Para negociação;0.00;0.00;0.00;0.00;3739.00;69919.30;;;ABCB4;;;;;;;;2007-07-25;;;;
FIIM;37.843.293/0001-89;BTG PACTUAL ESG FUNDO DE ÍNDICE S&P/B3 BRAZIL ESG;2023-07-31;499686;21616224.53;AÇÕES;Ação preferencial;N;Para negociação;0.00;0.00;0.00;0.00;6180.00;180765.00;;;GGBR4;;;;;;;;2001-02-01;;;;
FIIM;37.843.293/0001-89;BTG PACTUAL ESG FUNDO DE ÍNDICE S&P/B3 BRAZIL ESG;2023-07-31;499686;21616224.53;AÇÕES;Ação preferencial;N;Para negociação;0.00;0.00;0.00;0.00;8569.00;117823.75;;;GOAU4;;;;;;;;1998-01-02;;;;
FIIM;37.843.293/0001-89;BTG PACTUAL ESG FUNDO DE ÍNDICE S&P/B3 BRAZIL ESG;2023-07-31;499686;21616224.53;AÇÕES;Ação preferencial;N;Para negociação;0.00;0.00;0.00;0.00;102.00;2395.98;;;BRAP4;;;;;;;;2000-08-10;;;;
FIIM;37.843.293/0001-89;BTG PACTUAL ESG FUNDO DE ÍNDICE S&P/B3 BRAZIL ESG;2023-07-31;499686;21616224.53;AÇÕES;Ação preferencial;N;Para negociação;0.00;0.00;0.00;0.00;27.00;1370.25;;;FESA4;;;;;;;;1997-05-02;;;;
FIIM;37.843.293/0001-89;BTG PACTUAL ESG FUNDO DE ÍNDICE S&P/B3 BRAZIL ESG;2023-07-31;499686;21616224.53;AÇÕES;Ação preferencial;N;Para negociação;0.00;0.00;0.00;0.00;6608.00;116961.60;;;AZUL4;;;;;;;;2017-04-11;;;;
FIIM;37.843.293/0001-89;BTG PACTUAL ESG FUNDO DE ÍNDICE S&P/B3 BRAZIL ESG;2023-07-31;499686;21616224.53;AÇÕES;Ação preferencial;N;Para negociação;0.00;0.00;0.00;0.00;100.00;523.00;;;POMO4;;;;;;;;1997-12-12;;;;
FIIM;37.843.293/0001-89;BTG PACTUAL ESG FUNDO DE ÍNDICE S&P/B3 BRAZIL ESG;2023-07-31;499686;21616224.53;AÇÕES;Ação preferencial;N;Para negociação;0.00;0.00;0.00;0.00;11595.00;144241.80;;;RAPT4;;;;;;;;1996-04-16;;;;
FIIM;37.843.293/0001-89;BTG PACTUAL ESG FUNDO DE ÍNDICE S&P/B3 BRAZIL ESG;2023-07-31;499686;21616224.53;AÇÕES;Ação preferencial;N;Para negociação;0.00;0.00;0.00;0.00;7223.00;181297.30;;;TRPL4;;;;;;;;1999-07-26;;;;
FIIM;37.843.293/0001-89;BTG PACTUAL ESG FUNDO DE ÍNDICE S&P/B3 BRAZIL ESG;2023-07-31;499686;21616224.53;AÇÕES;Ação preferencial;N;Para negociação;0.00;0.00;0.00;0.00;1010.00;9726.30;;;GOLL4;;;;;;;;2004-06-24;;;;
FIIM;37.843.293/0001-89;BTG PACTUAL ESG FUNDO DE ÍNDICE S&P/B3 BRAZIL ESG;2023-07-31;499686;21616224.53;AÇÕES;Ação preferencial;N;Para negociação;0.00;0.00;0.00;0.00;4581.00;42603.30;;;BPAN4;;;;;;;;2014-08-05;;;;
FIIM;37.843.293/0001-89;BTG PACTUAL ESG FUNDO DE ÍNDICE S&P/B3 BRAZIL ESG;2023-07-31;499686;21616224.53;AÇÕES;Ação preferencial;N;Para negociação;0.00;0.00;0.00;0.00;12092.00;346314.88;;;ITUB4;;;;;;;;2009-05-20;;;;
FIIM;37.843.293/0001-89;BTG PACTUAL ESG FUNDO DE ÍNDICE S&P/B3 BRAZIL ESG;2023-07-31;499686;21616224.53;AÇÕES;Ação preferencial;N;Para negociação;0.00;0.00;0.00;0.00;13612.00;345744.80;;;BRKM5;;;;;;;;2002-09-02;;;;
FIIM;37.843.293/0001-89;BTG PACTUAL ESG FUNDO DE ÍNDICE S&P/B3 BRAZIL ESG;2023-07-31;499686;21616224.53;AÇÕES;Ação preferencial;N;Para negociação;0.00;0.00;0.00;0.00;20471.00;259367.57;;;CMIG4;;;;;;;;1997-12-26;;;;
FIIM;37.843.293/0001-89;BTG PACTUAL ESG FUNDO DE ÍNDICE S&P/B3 BRAZIL ESG;2023-07-31;499686;21616224.53;AÇÕES;Ação preferencial;N;Para negociação;0.00;0.00;0.00;0.00;6552.00;95593.68;;;BRSR6;;;;;;;;2007-09-03;;;;
FIIM;37.843.293/0001-89;BTG PACTUAL ESG FUNDO DE ÍNDICE S&P/B3 BRAZIL ESG;2023-07-31;499686;21616224.53;AÇÕES;Ação preferencial;N;Para negociação;0.00;0.00;0.00;0.00;54.00;4370.76;;;UNIP6;;;;;;;;1996-09-26;;;;
FIIM;37.843.293/0001-89;BTG PACTUAL ESG FUNDO DE ÍNDICE S&P/B3 BRAZIL ESG;2023-07-31;499686;21616224.53;AÇÕES;Ação preferencial;N;Para negociação;0.00;0.00;0.00;0.00;31021.00;304626.22;;;ITSA4;;;;;;;;1998-03-04;;;;
FIIM;37.843.293/0001-89;BTG PACTUAL ESG FUNDO DE ÍNDICE S&P/B3 BRAZIL ESG;2023-07-31;499686;21616224.53;AÇÕES;Ação preferencial;N;Para negociação;0.00;0.00;0.00;0.00;997.00;9601.11;;;ALPA4;;;;;;;;1997-04-28;;;;
FIIM;37.843.293/0001-89;BTG PACTUAL ESG FUNDO DE ÍNDICE S&P/B3 BRAZIL ESG;2023-07-31;499686;21616224.53;OPERAÇÕES COMPROMISSADAS;;N;Para negociação;0.00;0.00;0.00;0.00;43.00;179896.20;;;;;2026-08-15;;;;;760199;;;;;
FIIM;37.985.763/0001-49;TREND ETF LBMA OURO FUNDO DE INVESTIMENTO DE INDICE INVESTIMENTO NO EXTERIOR;2023-07-31;502160;369193053.37;COTAS DE FUNDOS;;N;;686.10;83712.00;881.35;108314.11;1488.08;182979.01;;;;;;PJ;43105440000116;BNP Paribas Soberano II FIC FI RF Simples;;;;;;;
FIIM;38.000.706/0001-26;IT NOW BLOOMBERG GALAXY BITCOIN FUNDO DE ÍNDICE;2023-07-31;501323;14415708.24;DISPONIBILIDADES;Outros;;Para negociação;;;;;;47157.32;;;;DISPONIBILIDADES;;;;;;;;;;;
FIIM;38.000.706/0001-26;IT NOW BLOOMBERG GALAXY BITCOIN FUNDO DE ÍNDICE;2023-07-31;501323;14415708.24;VALORES A PAGAR;Outros;;Para negociação;;;;;;42066.31;;;;VALORES A PAGAR;;;;;;;;;;;
FIIM;38.000.706/0001-26;IT NOW BLOOMBERG GALAXY BITCOIN FUNDO DE ÍNDICE;2023-07-31;501323;14415708.24;VALORES A RECEBER;Outros;;Para negociação;;;;;;9320.02;;;;VALORES A RECEBER;;;;;;;;;;;
FIIM;38.000.706/0001-26;IT NOW BLOOMBERG GALAXY BITCOIN FUNDO DE ÍNDICE;2023-07-31;501323;14415708.24;INVESTIMENTO NO EXTERIOR;Fundo de Investimento e de Cotas;N;Para negociação;0.00;0.00;0.00;0.00;173791.00;14401297.21;;;82;;2050-12-31;;;NAV - 173791;N;;;28;ESTADOS UNIDOS DA AMÉRICA;99;OUTRAS BOLSAS OU MERCADOS DE BALCÃO ORGANIZADOS
FIIM;38.314.708/0001-90;HASHDEX NASDAQ CRYPTO INDEX FUNDO DE INDICE;2023-07-31;500307;1171005483.94;DISPONIBILIDADES;Outros;;Para negociação;;;;;;8153.34;;2023-10-29;;Disponibilidade;;;;;;;;;;;
FIIM;38.314.708/0001-90;HASHDEX NASDAQ CRYPTO INDEX FUNDO DE INDICE;2023-07-31;500307;1171005483.94;VALORES A PAGAR;Outros;;Para negociação;;;;;;7648907.97;;2023-10-29;;Valores a Pagar;;;;;;;;;;;
FIIM;38.314.708/0001-90;HASHDEX NASDAQ CRYPTO INDEX FUNDO DE INDICE;2023-07-31;500307;1171005483.94;VALORES A RECEBER;Outros;;Para negociação;;;;;;32942.56;;2023-10-29;;Valores a Receber;;;;;;;;;;;
FIIM;38.314.708/0001-90;HASHDEX NASDAQ CRYPTO INDEX FUNDO DE INDICE;2023-07-31;500307;1171005483.94;OPERAÇÕES COMPROMISSADAS;;N;Para negociação;;;;;8016.00;7227456.64;;2023-10-29;;;2024-09-01;;;;;210100;;;;;
FIIM;38.314.708/0001-90;HASHDEX NASDAQ CRYPTO INDEX FUNDO DE INDICE;2023-07-31;500307;1171005483.94;OPERAÇÕES COMPROMISSADAS;;N;Para negociação;;;;;0.00;0.00;;2023-10-29;;;2025-05-15;;;;;760199;;;;;
FIIM;38.314.708/0001-90;HASHDEX NASDAQ CRYPTO INDEX FUNDO DE INDICE;2023-07-31;500307;1171005483.94;INVESTIMENTO NO EXTERIOR;Outros;N;Para negociação;875.00;14687349.44;0.00;0.00;70406.00;1164165469.01;;2023-10-29;HASH 11 ETF;;2050-12-29;;;HASH 11 ETF CLASSE E;N;;;28;ESTADOS UNIDOS DA AMÉRICA;99;OUTRAS BOLSAS OU MERCADOS DE BALCÃO ORGANIZADOS
FIIM;38.314.708/0001-90;HASHDEX NASDAQ CRYPTO INDEX FUNDO DE INDICE;2023-07-31;500307;1171005483.94;INVESTIMENTO NO EXTERIOR;Outros;N;Para negociação;1.83;31233.07;0.00;0.00;435.15;7195291.04;;2023-10-29;HASH 11 ETF;;2050-12-29;;;HASH 11 ETF CLASSE C;N;;;28;ESTADOS UNIDOS DA AMÉRICA;99;OUTRAS BOLSAS OU MERCADOS DE BALCÃO ORGANIZADOS
FIIM;38.350.645/0001-27;SAFRA IBOVESPA FUNDO DE ÍNDICE;2023-07-31;504875;28143477.70;AÇÕES;Ação ordinária;N;Para negociação;0.00;0.00;0.00;0.00;16564.00;661234.88;;2023-10-29;WEGE3;;;;;;;;2004-08-02;;;;
FIIM;38.350.645/0001-27;SAFRA IBOVESPA FUNDO DE ÍNDICE;2023-07-31;504875;28143477.70;AÇÕES;Ação ordinária;N;Para negociação;0.00;0.00;0.00;0.00;20495.00;274018.15;;2023-10-29;ENEV3;;;;;;;;2013-10-22;;;;
FIIM;38.350.645/0001-27;SAFRA IBOVESPA FUNDO DE ÍNDICE;2023-07-31;504875;28143477.70;AÇÕES;Ação ordinária;N;Para negociação;0.00;0.00;0.00;0.00;8720.00;271366.40;;2023-10-29;BBSE3;;;;;;;;2013-04-29;;;;
FIIM;38.350.645/0001-27;SAFRA IBOVESPA FUNDO DE ÍNDICE;2023-07-31;504875;28143477.70;AÇÕES;Ação ordinária;N;Para negociação;0.00;0.00;0.00;0.00;13164.00;58579.80;;2023-10-29;CMIN3;;;;;;;;2021-05-03;;;;
FIIM;38.350.645/0001-27;SAFRA IBOVESPA FUNDO DE ÍNDICE;2023-07-31;504875;28143477.70;AÇÕES;Ação ordinária;N;Para negociação;0.00;0.00;0.00;0.00;11051.00;504146.62;;2023-10-29;PRIO3;;;;;;;;2015-06-26;;;;
FIIM;38.350.645/0001-27;SAFRA IBOVESPA FUNDO DE ÍNDICE;2023-07-31;504875;28143477.70;AÇÕES;Ação ordinária;N;Para negociação;0.00;0.00;0.00;0.00;800.00;65920.00;;2023-10-29;ARZZ3;;;;;;;;2011-02-02;;;;
FIIM;38.350.645/0001-27;SAFRA IBOVESPA FUNDO DE ÍNDICE;2023-07-31;504875;28143477.70;AÇÕES;Ação ordinária;N;Para negociação;0.00;0.00;0.00;0.00;75784.00;1129181.60;;2023-10-29;B3SA3;;;;;;;;2018-03-26;;;;
FIIM;38.350.645/0001-27;SAFRA IBOVESPA FUNDO DE ÍNDICE;2023-07-31;504875;28143477.70;AÇÕES;Ação ordinária;N;Para negociação;0.00;0.00;0.00;0.00;4414.00;256453.40;;2023-10-29;SBSP3;;;;;;;;1998-02-11;;;;
FIIM;38.350.645/0001-27;SAFRA IBOVESPA FUNDO DE ÍNDICE;2023-07-31;504875;28143477.70;AÇÕES;Ação ordinária;N;Para negociação;0.00;0.00;0.00;0.00;5525.00;232657.75;;2023-10-29;VIVT3;;;;;;;;2011-10-06;;;;
FIIM;38.350.645/0001-27;SAFRA IBOVESPA FUNDO DE ÍNDICE;2023-07-31;504875;28143477.70;AÇÕES;Ação ordinária;N;Para negociação;0.00;0.00;0.00;0.00;39599.00;1378441.19;;2023-10-29;PETR3;;;;;;;;1997-03-24;;;;
FIIM;38.350.645/0001-27;SAFRA IBOVESPA FUNDO DE ÍNDICE;2023-07-31;504875;28143477.70;AÇÕES;Ação ordinária;N;Para negociação;0.00;0.00;0.00;0.00;44744.00;664895.84;;2023-10-29;ABEV3;;;;;;;;2013-11-11;;;;
FIIM;38.350.645/0001-27;SAFRA IBOVESPA FUNDO DE ÍNDICE;2023-07-31;504875;28143477.70;AÇÕES;Ação ordinária;N;Para negociação;0.00;0.00;0.00;0.00;6432.00;88247.04;;2023-10-29;CRFB3;;;;;;;;2017-07-20;;;;
FIIM;38.350.645/0001-27;SAFRA IBOVESPA FUNDO DE ÍNDICE;2023-07-31;504875;28143477.70;AÇÕES;Ação ordinária;N;Para negociação;0.00;0.00;0.00;0.00;14419.00;246997.47;;2023-10-29;VBBR3;;;;;;;;2021-10-22;;;;
FIIM;38.350.645/0001-27;SAFRA IBOVESPA FUNDO DE ÍNDICE;2023-07-31;504875;28143477.70;AÇÕES;Ação ordinária;N;Para negociação;0.00;0.00;0.00;0.00;11152.00;749637.44;;2023-10-29;RENT3;;;;;;;;2005-05-23;;;;
FIIM;38.350.645/0001-27;SAFRA IBOVESPA FUNDO DE ÍNDICE;2023-07-31;504875;28143477.70;AÇÕES;Ação ordinária;N;Para negociação;0.00;0.00;0.00;0.00;14383.00;517788.00;;2023-10-29;RDOR3;;;;;;;;2021-06-25;;;;
FIIM;38.350.645/0001-27;SAFRA IBOVESPA FUNDO DE ÍNDICE;2023-07-31;504875;28143477.70;AÇÕES;Ação ordinária;N;Para negociação;0.00;0.00;0.00;0.00;3286.00;144715.44;;2023-10-29;EGIE3;;;;;;;;2016-07-21;;;;
FIIM;38.350.645/0001-27;SAFRA IBOVESPA FUNDO DE ÍNDICE;2023-07-31;504875;28143477.70;AÇÕES;Ação ordinária;N;Para negociação;0.00;0.00;0.00;0.00;9410.00;174179.10;;2023-10-29;EMBR3;;;;;;;;1997-07-28;;;;
FIIM;38.350.645/0001-27;SAFRA IBOVESPA FUNDO DE ÍNDICE;2023-07-31;504875;28143477.70;AÇÕES;Ação ordinária;N;Para negociação;0.00;0.00;0.00;0.00;31095.00;104168.25;;2023-10-29;MGLU3;;;;;;;;2011-05-02;;;;
FIIM;38.350.645/0001-27;SAFRA IBOVESPA FUNDO DE ÍNDICE;2023-07-31;504875;28143477.70;AÇÕES;Ação ordinária;N;Para negociação;0.00;0.00;0.00;0.00;13602.00;132755.52;;2023-10-29;BRFS3;;;;;;;;2009-12-10;;;;
FIIM;38.350.645/0001-27;SAFRA IBOVESPA FUNDO DE ÍNDICE;2023-07-31;504875;28143477.70;AÇÕES;Ação ordinária;N;Para negociação;0.00;0.00;0.00;0.00;2360.00;84440.80;;2023-10-29;CPFE3;;;;;;;;2004-09-29;;;;
FIIM;38.350.645/0001-27;SAFRA IBOVESPA FUNDO DE ÍNDICE;2023-07-31;504875;28143477.70;AÇÕES;Ação ordinária;N;Para negociação;0.00;0.00;0.00;0.00;15259.00;442053.23;;2023-10-29;RADL3;;;;;;;;2011-12-19;;;;
FIIM;38.350.645/0001-27;SAFRA IBOVESPA FUNDO DE ÍNDICE;2023-07-31;504875;28143477.70;AÇÕES;Ação ordinária;N;Para negociação;0.00;0.00;0.00;0.00;3635.00;80660.65;;2023-10-29;YDUQ3;;;;;;;;2019-07-23;;;;
FIIM;38.350.645/0001-27;SAFRA IBOVESPA FUNDO DE ÍNDICE;2023-07-31;504875;28143477.70;AÇÕES;Ação ordinária;N;Para negociação;0.00;0.00;0.00;0.00;15397.00;207397.59;;2023-10-29;ASAI3;;;;;;;;2021-08-12;;;;
FIIM;38.350.645/0001-27;SAFRA IBOVESPA FUNDO DE ÍNDICE;2023-07-31;504875;28143477.70;AÇÕES;Ação ordinária;N;Para negociação;0.00;0.00;0.00;0.00;18825.00;907176.75;;2023-10-29;BBAS3;;;;;;;;1997-09-30;;;;
FIIM;38.350.645/0001-27;SAFRA IBOVESPA FUNDO DE ÍNDICE;2023-07-31;504875;28143477.70;AÇÕES;Ação ordinária;N;Para negociação;0.00;0.00;0.00;0.00;40.00;397.20;;2023-10-29;CASH3;;;;;;;;2020-11-05;;;;
FIIM;38.350.645/0001-27;SAFRA IBOVESPA FUNDO DE ÍNDICE;2023-07-31;504875;28143477.70;AÇÕES;Ação ordinária;N;Para negociação;0.00;0.00;0.00;0.00;2253.00;6713.94;;2023-10-29;CVCB3;;;;;;;;2013-12-09;;;;
FIIM;38.350.645/0001-27;SAFRA IBOVESPA FUNDO DE ÍNDICE;2023-07-31;504875;28143477.70;AÇÕES;Ação ordinária;N;Para negociação;0.00;0.00;0.00;0.00;6000.00;67440.00;;2023-10-29;SOMA3;;;;;;;;2020-07-31;;;;
FIIM;38.350.645/0001-27;SAFRA IBOVESPA FUNDO DE ÍNDICE;2023-07-31;504875;28143477.70;AÇÕES;Ação ordinária;N;Para negociação;0.00;0.00;0.00;0.00;20074.00;775860.10;;2023-10-29;ELET3;;;;;;;;1997-12-16;;;;
FIIM;38.350.645/0001-27;SAFRA IBOVESPA FUNDO DE ÍNDICE;2023-07-31;504875;28143477.70;AÇÕES;Ação ordinária;N;Para negociação;0.00;0.00;0.00;0.00;53369.00;3691000.04;;2023-10-29;VALE3;;;;;;;;1997-07-24;;;;
FIIM;38.350.645/0001-27;SAFRA IBOVESPA FUNDO DE ÍNDICE;2023-07-31;504875;28143477.70;AÇÕES;Ação ordinária;N;Para negociação;0.00;0.00;0.00;0.00;5238.00;226595.88;;2023-10-29;HYPE3;;;;;;;;2008-04-18;;;;
FIIM;38.350.645/0001-27;SAFRA IBOVESPA FUNDO DE ÍNDICE;2023-07-31;504875;28143477.70;AÇÕES;Ação ordinária;N;Para negociação;0.00;0.00;0.00;0.00;3357.00;79963.74;;2023-10-29;CYRE3;;;;;;;;1997-04-22;;;;
FIIM;38.350.645/0001-27;SAFRA IBOVESPA FUNDO DE ÍNDICE;2023-07-31;504875;28143477.70;AÇÕES;Ação ordinária;N;Para negociação;0.00;0.00;0.00;0.00;3010.00;22334.20;;2023-10-29;MRFG3;;;;;;;;2007-06-28;;;;
FIIM;38.350.645/0001-27;SAFRA IBOVESPA FUNDO DE ÍNDICE;2023-07-31;504875;28143477.70;AÇÕES;Ação ordinária;N;Para negociação;0.00;0.00;0.00;0.00;12813.00;170284.77;;2023-10-29;CCRO3;;;;;;;;2002-02-01;;;;
FIIM;38.350.645/0001-27;SAFRA IBOVESPA FUNDO DE ÍNDICE;2023-07-31;504875;28143477.70;AÇÕES;Ação ordinária;N;Para negociação;0.00;0.00;0.00;0.00;1310.00;57181.50;;2023-10-29;SLCE3;;;;;;;;2007-06-15;;;;
FIIM;38.350.645/0001-27;SAFRA IBOVESPA FUNDO DE ÍNDICE;2023-07-31;504875;28143477.70;AÇÕES;Ação ordinária;N;Para negociação;0.00;0.00;0.00;0.00;15868.00;368772.32;;2023-10-29;RAIL3;;;;;;;;2017-03-13;;;;
FIIM;38.350.645/0001-27;SAFRA IBOVESPA FUNDO DE ÍNDICE;2023-07-31;504875;28143477.70;AÇÕES;Ação ordinária;N;Para negociação;0.00;0.00;0.00;0.00;2788.00;23335.56;;2023-10-29;DXCO3;;;;;;;;2021-08-19;;;;
FIIM;38.350.645/0001-27;SAFRA IBOVESPA FUNDO DE ÍNDICE;2023-07-31;504875;28143477.70;AÇÕES;Ação ordinária;N;Para negociação;0.00;0.00;0.00;0.00;10341.00;148289.94;;2023-10-29;TIMS3;;;;;;;;2020-10-13;;;;
FIIM;38.350.645/0001-27;SAFRA IBOVESPA FUNDO DE ÍNDICE;2023-07-31;504875;28143477.70;AÇÕES;Ação ordinária;N;Para negociação;0.00;0.00;0.00;0.00;14713.00;276310.14;;2023-10-29;JBSS3;;;;;;;;2007-03-29;;;;
FIIM;38.350.645/0001-27;SAFRA IBOVESPA FUNDO DE ÍNDICE;2023-07-31;504875;28143477.70;AÇÕES;Ação ordinária;N;Para negociação;0.00;0.00;0.00;0.00;3518.00;48900.20;;2023-10-29;MRVE3;;;;;;;;2007-07-23;;;;
FIIM;38.350.645/0001-27;SAFRA IBOVESPA FUNDO DE ÍNDICE;2023-07-31;504875;28143477.70;AÇÕES;Ação ordinária;N;Para negociação;0.00;0.00;0.00;0.00;15264.00;304364.16;;2023-10-29;CSAN3;;;;;;;;2005-11-18;;;;
FIIM;38.350.645/0001-27;SAFRA IBOVESPA FUNDO DE ÍNDICE;2023-07-31;504875;28143477.70;AÇÕES;Ação ordinária;N;Para negociação;0.00;0.00;0.00;0.00;10797.00;197261.19;;2023-10-29;NTCO3;;;;;;;;2019-12-18;;;;
FIIM;38.350.645/0001-27;SAFRA IBOVESPA FUNDO DE ÍNDICE;2023-07-31;504875;28143477.70;AÇÕES;Ação ordinária;N;Para negociação;0.00;0.00;0.00;0.00;14151.00;267312.39;;2023-10-29;UGPA3;;;;;;;;1999-10-13;;;;
FIIM;38.350.645/0001-27;SAFRA IBOVESPA FUNDO DE ÍNDICE;2023-07-31;504875;28143477.70;AÇÕES;Ação ordinária;N;Para negociação;0.00;0.00;0.00;0.00;9567.00;459885.69;;2023-10-29;SUZB3;;;;;;;;2004-08-05;;;;
FIIM;38.350.645/0001-27;SAFRA IBOVESPA FUNDO DE ÍNDICE;2023-07-31;504875;28143477.70;AÇÕES;Ação ordinária;N;Para negociação;0.00;0.00;0.00;0.00;27994.00;134371.20;;2023-10-29;HAPV3;;;;;;;;2018-04-25;;;;
FIIM;38.350.645/0001-27;SAFRA IBOVESPA FUNDO DE ÍNDICE;2023-07-31;504875;28143477.70;AÇÕES;Ação ordinária;N;Para negociação;0.00;0.00;0.00;0.00;5187.00;83562.57;;2023-10-29;FLRY3;;;;;;;;2009-12-17;;;;
FIIM;38.350.645/0001-27;SAFRA IBOVESPA FUNDO DE ÍNDICE;2023-07-31;504875;28143477.70;AÇÕES;Ação ordinária;N;Para negociação;0.00;0.00;0.00;0.00;19472.00;289159.20;;2023-10-29;BBDC3;;;;;;;;1998-03-02;;;;
FIIM;38.350.645/0001-27;SAFRA IBOVESPA FUNDO DE ÍNDICE;2023-07-31;504875;28143477.70;AÇÕES;Ação ordinária;N;Para negociação;0.00;0.00;0.00;0.00;12286.00;230362.50;;2023-10-29;LREN3;;;;;;;;1998-01-02;;;;
FIIM;38.350.645/0001-27;SAFRA IBOVESPA FUNDO DE ÍNDICE;2023-07-31;504875;28143477.70;AÇÕES;Ação ordinária;N;Para negociação;0.00;0.00;0.00;0.00;14708.00;493306.32;;2023-10-29;EQTL3;;;;;;;;2006-04-03;;;;
FIIM;38.350.645/0001-27;SAFRA IBOVESPA FUNDO DE ÍNDICE;2023-07-31;504875;28143477.70;AÇÕES;Ação ordinária;N;Para negociação;0.00;0.00;0.00;0.00;6850.00;166523.50;;2023-10-29;ALSO3;;;;;;;;2019-08-06;;;;
FIIM;38.350.645/0001-27;SAFRA IBOVESPA FUNDO DE ÍNDICE;2023-07-31;504875;28143477.70;AÇÕES;Ação ordinária;N;Para negociação;0.00;0.00;0.00;0.00;3471.00;24297.00;;2023-10-29;PETZ3;;;;;;;;2020-09-11;;;;
FIIM;38.350.645/0001-27;SAFRA IBOVESPA FUNDO DE ÍNDICE;2023-07-31;504875;28143477.70;AÇÕES;Ação ordinária;N;Para negociação;0.00;0.00;0.00;0.00;1000.00;41120.00;;2023-10-29;IRBR3;;;;;;;;2017-07-31;;;;
FIIM;38.350.645/0001-27;SAFRA IBOVESPA FUNDO DE ÍNDICE;2023-07-31;504875;28143477.70;AÇÕES;Ação ordinária;N;Para negociação;0.00;0.00;0.00;0.00;13061.00;61647.92;;2023-10-29;CIEL3;;;;;;;;2009-12-18;;;;
FIIM;38.350.645/0001-27;SAFRA IBOVESPA FUNDO DE ÍNDICE;2023-07-31;504875;28143477.70;AÇÕES;Ação ordinária;N;Para negociação;0.00;0.00;0.00;0.00;4940.00;36605.40;;2023-10-29;LWSA3;;;;;;;;2020-02-06;;;;
FIIM;38.350.645/0001-27;SAFRA IBOVESPA FUNDO DE ÍNDICE;2023-07-31;504875;28143477.70;AÇÕES;Ação ordinária;N;Para negociação;0.00;0.00;0.00;0.00;1820.00;37674.00;;2023-10-29;PCAR3;;;;;;;;1997-09-02;;;;
FIIM;38.350.645/0001-27;SAFRA IBOVESPA FUNDO DE ÍNDICE;2023-07-31;504875;28143477.70;AÇÕES;Ação ordinária;N;Para negociação;0.00;0.00;0.00;0.00;7306.00;101115.04;;2023-10-29;CSNA3;;;;;;;;1997-12-30;;;;
FIIM;38.350.645/0001-27;SAFRA IBOVESPA FUNDO DE ÍNDICE;2023-07-31;504875;28143477.70;AÇÕES;Ação ordinária;N;Para negociação;0.00;0.00;0.00;0.00;3328.00;87892.48;;2023-10-29;MULT3;;;;;;;;2007-07-27;;;;
FIIM;38.350.645/0001-27;SAFRA IBOVESPA FUNDO DE ÍNDICE;2023-07-31;504875;28143477.70;AÇÕES;Ação ordinária;N;Para negociação;0.00;0.00;0.00;0.00;17481.00;37758.96;;2023-10-29;VIIA3;;;;;;;;2021-08-16;;;;
FIIM;38.350.645/0001-27;SAFRA IBOVESPA FUNDO DE ÍNDICE;2023-07-31;504875;28143477.70;AÇÕES;Ação ordinária;N;Para negociação;0.00;0.00;0.00;0.00;2743.00;27676.87;;2023-10-29;BEEF3;;;;;;;;2007-07-20;;;;
FIIM;38.350.645/0001-27;SAFRA IBOVESPA FUNDO DE ÍNDICE;2023-07-31;504875;28143477.70;AÇÕES;Ação ordinária;N;Para negociação;0.00;0.00;0.00;0.00;6594.00;194984.58;;2023-10-29;TOTS3;;;;;;;;2006-03-09;;;;
FIIM;38.350.645/0001-27;SAFRA IBOVESPA FUNDO DE ÍNDICE;2023-07-31;504875;28143477.70;AÇÕES;Ação ordinária;N;Para negociação;0.00;0.00;0.00;0.00;1700.00;56899.00;;2023-10-29;SMTO3;;;;;;;;2007-02-12;;;;
FIIM;38.350.645/0001-27;SAFRA IBOVESPA FUNDO DE ÍNDICE;2023-07-31;504875;28143477.70;AÇÕES;Ação ordinária;N;Para negociação;0.00;0.00;0.00;0.00;17954.00;60145.90;;2023-10-29;COGN3;;;;;;;;2019-10-11;;;;
FIIM;38.350.645/0001-27;SAFRA IBOVESPA FUNDO DE ÍNDICE;2023-07-31;504875;28143477.70;AÇÕES;Ação ordinária;N;Para negociação;0.00;0.00;0.00;0.00;947.00;20578.31;;2023-10-29;EZTC3;;;;;;;;2007-06-22;;;;
FIIM;38.350.645/0001-27;SAFRA IBOVESPA FUNDO DE ÍNDICE;2023-07-31;504875;28143477.70;AÇÕES;Ação ordinária;N;Para negociação;0.00;0.00;0.00;0.00;2991.00;106330.05;;2023-10-29;RRRP3;;;;;;;;2020-11-12;;;;
FIIM;38.350.645/0001-27;SAFRA IBOVESPA FUNDO DE ÍNDICE;2023-07-31;504875;28143477.70;AÇÕES;Ação preferencial;N;Para negociação;0.00;0.00;0.00;0.00;14400.00;59904.00;;2023-10-29;RAIZ4;;;;;;;;2021-08-05;;;;
FIIM;38.350.645/0001-27;SAFRA IBOVESPA FUNDO DE ÍNDICE;2023-07-31;504875;28143477.70;AÇÕES;Ação preferencial;N;Para negociação;0.00;0.00;0.00;0.00;19942.00;166715.12;;2023-10-29;CPLE6;;;;;;;;1998-03-13;;;;
FIIM;38.350.645/0001-27;SAFRA IBOVESPA FUNDO DE ÍNDICE;2023-07-31;504875;28143477.70;AÇÕES;Ação preferencial;N;Para negociação;0.00;0.00;0.00;0.00;1940.00;18682.20;;2023-10-29;ALPA4;;;;;;;;1997-04-28;;;;
FIIM;38.350.645/0001-27;SAFRA IBOVESPA FUNDO DE ÍNDICE;2023-07-31;504875;28143477.70;AÇÕES;Ação preferencial;N;Para negociação;0.00;0.00;0.00;0.00;14354.00;419854.50;;2023-10-29;GGBR4;;;;;;;;2001-02-01;;;;
FIIM;38.350.645/0001-27;SAFRA IBOVESPA FUNDO DE ÍNDICE;2023-07-31;504875;28143477.70;AÇÕES;Ação preferencial;N;Para negociação;0.00;0.00;0.00;0.00;3530.00;154013.90;;2023-10-29;ELET6;;;;;;;;1997-12-16;;;;
FIIM;38.350.645/0001-27;SAFRA IBOVESPA FUNDO DE ÍNDICE;2023-07-31;504875;28143477.70;AÇÕES;Ação preferencial;N;Para negociação;0.00;0.00;0.00;0.00;49573.00;825886.18;;2023-10-29;BBDC4;;;;;;;;1998-03-02;;;;
FIIM;38.350.645/0001-27;SAFRA IBOVESPA FUNDO DE ÍNDICE;2023-07-31;504875;28143477.70;AÇÕES;Ação preferencial;N;Para negociação;0.00;0.00;0.00;0.00;2315.00;22293.45;;2023-10-29;GOLL4;;;;;;;;2004-06-24;;;;
FIIM;38.350.645/0001-27;SAFRA IBOVESPA FUNDO DE ÍNDICE;2023-07-31;504875;28143477.70;AÇÕES;Ação preferencial;N;Para negociação;0.00;0.00;0.00;0.00;30251.00;941108.61;;2023-10-29;PETR4;;;;;;;;1997-03-24;;;;
FIIM;38.350.645/0001-27;SAFRA IBOVESPA FUNDO DE ÍNDICE;2023-07-31;504875;28143477.70;AÇÕES;Ação preferencial;N;Para negociação;0.00;0.00;0.00;0.00;3096.00;72725.04;;2023-10-29;BRAP4;;;;;;;;2000-08-10;;;;
FIIM;38.350.645/0001-27;SAFRA IBOVESPA FUNDO DE ÍNDICE;2023-07-31;504875;28143477.70;AÇÕES;Ação preferencial;N;Para negociação;0.00;0.00;0.00;0.00;32984.00;323902.88;;2023-10-29;ITSA4;;;;;;;;1998-03-04;;;;
FIIM;38.350.645/0001-27;SAFRA IBOVESPA FUNDO DE ÍNDICE;2023-07-31;504875;28143477.70;AÇÕES;Ação preferencial;N;Para negociação;0.00;0.00;0.00;0.00;34415.00;985645.60;;2023-10-29;ITUB4;;;;;;;;2009-05-20;;;;
FIIM;38.350.645/0001-27;SAFRA IBOVESPA FUNDO DE ÍNDICE;2023-07-31;504875;28143477.70;AÇÕES;Ação preferencial;N;Para negociação;0.00;0.00;0.00;0.00;4008.00;70941.60;;2023-10-29;AZUL4;;;;;;;;2017-04-11;;;;
FIIM;38.350.645/0001-27;SAFRA IBOVESPA FUNDO DE ÍNDICE;2023-07-31;504875;28143477.70;AÇÕES;Ação preferencial;N;Para negociação;0.00;0.00;0.00;0.00;3355.00;85217.00;;2023-10-29;BRKM5;;;;;;;;2002-09-02;;;;
FIIM;38.350.645/0001-27;SAFRA IBOVESPA FUNDO DE ÍNDICE;2023-07-31;504875;28143477.70;AÇÕES;Ação preferencial;N;Para negociação;0.00;0.00;0.00;0.00;8389.00;115348.75;;2023-10-29;GOAU4;;;;;;;;1998-01-02;;;;
FIIM;38.350.645/0001-27;SAFRA IBOVESPA FUNDO DE ÍNDICE;2023-07-31;504875;28143477.70;AÇÕES;Ação preferencial;N;Para negociação;0.00;0.00;0.00;0.00;18690.00;236802.30;;2023-10-29;CMIG4;;;;;;;;1997-12-26;;;;
FIIM;38.350.645/0001-27;SAFRA IBOVESPA FUNDO DE ÍNDICE;2023-07-31;504875;28143477.70;AÇÕES;Ação preferencial;N;Para negociação;0.00;0.00;0.00;0.00;5930.00;42873.90;;2023-10-29;USIM5;;;;;;;;1999-02-02;;;;
FIIM;38.350.645/0001-27;SAFRA IBOVESPA FUNDO DE ÍNDICE;2023-07-31;504875;28143477.70;TÍTULOS PÚBLICOS;;N;Para negociação;0.00;0.00;0.00;0.00;4.00;54345.64;;;;;2023-09-01;;;;;210100;;;;;
FIIM;38.350.645/0001-27;SAFRA IBOVESPA FUNDO DE ÍNDICE;2023-07-31;504875;28143477.70;AÇÕES E OUTROS TVM CEDIDOS EM EMPRÉSTIMO;Ação ordinária;N;Para negociação;;;;;1525.00;4544.50;;2023-10-29;CVCB3;;;;;;;;2013-12-09;;;;
FIIM;38.350.645/0001-27;SAFRA IBOVESPA FUNDO DE ÍNDICE;2023-07-31;504875;28143477.70;AÇÕES E OUTROS TVM CEDIDOS EM EMPRÉSTIMO;Ação ordinária;N;Para negociação;;;;;6600.00;255090.00;;2023-10-29;ELET3;;;;;;;;1997-12-16;;;;
FIIM;38.350.645/0001-27;SAFRA IBOVESPA FUNDO DE ÍNDICE;2023-07-31;504875;28143477.70;AÇÕES E OUTROS TVM CEDIDOS EM EMPRÉSTIMO;Ação ordinária;N;Para negociação;;;;;4079.00;13664.65;;2023-10-29;COGN3;;;;;;;;2019-10-11;;;;
FIIM;38.350.645/0001-27;SAFRA IBOVESPA FUNDO DE ÍNDICE;2023-07-31;504875;28143477.70;AÇÕES E OUTROS TVM CEDIDOS EM EMPRÉSTIMO;Ação ordinária;N;Para negociação;;;;;215.00;14869.40;;2023-10-29;VALE3;;;;;;;;1997-07-24;;;;
FIIM;38.350.645/0001-27;SAFRA IBOVESPA FUNDO DE ÍNDICE;2023-07-31;504875;28143477.70;AÇÕES E OUTROS TVM CEDIDOS EM EMPRÉSTIMO;Ação ordinária;N;Para negociação;;;;;27995.00;134376.00;;2023-10-29;HAPV3;;;;;;;;2018-04-25;;;;
FIIM;38.350.645/0001-27;SAFRA IBOVESPA FUNDO DE ÍNDICE;2023-07-31;504875;28143477.70;AÇÕES E OUTROS TVM CEDIDOS EM EMPRÉSTIMO;Ação ordinária;N;Para negociação;;;;;13084.00;194428.24;;2023-10-29;ABEV3;;;;;;;;2013-11-11;;;;
FIIM;38.350.645/0001-27;SAFRA IBOVESPA FUNDO DE ÍNDICE;2023-07-31;504875;28143477.70;AÇÕES E OUTROS TVM CEDIDOS EM EMPRÉSTIMO;Ação ordinária;N;Para negociação;;;;;4818.00;16140.30;;2023-10-29;MGLU3;;;;;;;;2011-05-02;;;;
FIIM;38.350.645/0001-27;SAFRA IBOVESPA FUNDO DE ÍNDICE;2023-07-31;504875;28143477.70;AÇÕES E OUTROS TVM CEDIDOS EM EMPRÉSTIMO;Ação preferencial;N;Para negociação;;;;;32984.00;323902.88;;2023-10-29;ITSA4;;;;;;;;1998-03-04;;;;
FIIM;38.350.645/0001-27;SAFRA IBOVESPA FUNDO DE ÍNDICE;2023-07-31;504875;28143477.70;AÇÕES E OUTROS TVM CEDIDOS EM EMPRÉSTIMO;Ação preferencial;N;Para negociação;;;;;18400.00;306544.00;;2023-10-29;BBDC4;;;;;;;;1998-03-02;;;;
FIIM;38.350.645/0001-27;SAFRA IBOVESPA FUNDO DE ÍNDICE;2023-07-31;504875;28143477.70;AÇÕES E OUTROS TVM CEDIDOS EM EMPRÉSTIMO;Ação preferencial;N;Para negociação;;;;;30251.00;941108.61;;2023-10-29;PETR4;;;;;;;;1997-03-24;;;;
FIIM;38.350.645/0001-27;SAFRA IBOVESPA FUNDO DE ÍNDICE;2023-07-31;504875;28143477.70;AÇÕES E OUTROS TVM CEDIDOS EM EMPRÉSTIMO;Ação preferencial;N;Para negociação;;;;;29152.00;834913.28;;2023-10-29;ITUB4;;;;;;;;2009-05-20;;;;
FIIM;38.350.645/0001-27;SAFRA IBOVESPA FUNDO DE ÍNDICE;2023-07-31;504875;28143477.70;OPERAÇÕES COMPROMISSADAS;;N;Para negociação;;;;;5.00;62309.75;;;;;2029-03-01;;;;;210100;;;;;
FIIM;38.350.645/0001-27;SAFRA IBOVESPA FUNDO DE ÍNDICE;2023-07-31;504875;28143477.70;CERTIFICADO OU RECIBO DE DEPÓSITO DE VALORES MOBILIÁRIOS;Certificado de depósito de ações;N;Para negociação;0.00;0.00;0.00;0.00;4567.00;130433.52;;2023-10-29;SANB11;;;;;;;;2009-10-07;;;;
FIIM;38.350.645/0001-27;SAFRA IBOVESPA FUNDO DE ÍNDICE;2023-07-31;504875;28143477.70;CERTIFICADO OU RECIBO DE DEPÓSITO DE VALORES MOBILIÁRIOS;Certificado de depósito de ações;N;Para negociação;0.00;0.00;0.00;0.00;2787.00;100332.00;;2023-10-29;TAEE11;;;;;;;;2012-05-28;;;;
FIIM;38.350.645/0001-27;SAFRA IBOVESPA FUNDO DE ÍNDICE;2023-07-31;504875;28143477.70;CERTIFICADO OU RECIBO DE DEPÓSITO DE VALORES MOBILIÁRIOS;Certificado de depósito de ações;N;Para negociação;0.00;0.00;0.00;0.00;2644.00;57850.72;;2023-10-29;IGTI11;;;;;;;;2021-11-22;;;;
FIIM;38.350.645/0001-27;SAFRA IBOVESPA FUNDO DE ÍNDICE;2023-07-31;504875;28143477.70;CERTIFICADO OU RECIBO DE DEPÓSITO DE VALORES MOBILIÁRIOS;Certificado de depósito de ações;N;Para negociação;0.00;0.00;0.00;0.00;3256.00;163418.64;;2023-10-29;ENGI11;;;;;;;;2009-11-03;;;;
FIIM;38.350.645/0001-27;SAFRA IBOVESPA FUNDO DE ÍNDICE;2023-07-31;504875;28143477.70;CERTIFICADO OU RECIBO DE DEPÓSITO DE VALORES MOBILIÁRIOS;Certificado de depósito de ações;N;Para negociação;0.00;0.00;0.00;0.00;16096.00;547424.96;;2023-10-29;BPAC11;;;;;;;;2017-02-16;;;;
FIIM;38.350.645/0001-27;SAFRA IBOVESPA FUNDO DE ÍNDICE;2023-07-31;504875;28143477.70;CERTIFICADO OU RECIBO DE DEPÓSITO DE VALORES MOBILIÁRIOS;Certificado de depósito de ações;N;Para negociação;0.00;0.00;0.00;0.00;9043.00;207989.00;;2023-10-29;KLBN11;;;;;;;;2014-01-10;;;;
FIIM;38.354.844/0001-03;IT NOW NYSE FANG + FUNDO DE INDICE;2023-07-31;501314;64785824.31;DISPONIBILIDADES;;;Para negociação;;;;;;435930.88;;;DISPONIBILIDADES;;;;;;;;;;;;
FIIM;38.354.844/0001-03;IT NOW NYSE FANG + FUNDO DE INDICE;2023-07-31;501314;64785824.31;VALORES A PAGAR;;;Para negociação;;;;;;421997.22;;;VALORES A PAGAR;;;;;;;;;;;;
FIIM;38.354.844/0001-03;IT NOW NYSE FANG + FUNDO DE INDICE;2023-07-31;501314;64785824.31;VALORES A RECEBER;;;Para negociação;;;;;;35873.05;;;VALORES A RECEBER;;;;;;;;;;;;
FIIM;38.354.844/0001-03;IT NOW NYSE FANG + FUNDO DE INDICE;2023-07-31;501314;64785824.31;INVESTIMENTO NO EXTERIOR;;N;Para negociação;0.00;0.00;1683.00;297324.39;7285.00;6131178.30;;;;;;;;SNOWFLAKE INC-CLASS A - 7285;;;2049-12-31;;;;
FIIM;38.354.844/0001-03;IT NOW NYSE FANG + FUNDO DE INDICE;2023-07-31;501314;64785824.31;INVESTIMENTO NO EXTERIOR;;N;Para negociação;0.00;0.00;708.00;317656.00;3067.00;6787389.72;;;;;;;;NVIDIA CORP - 3067;;;2049-12-31;;;;
FIIM;38.354.844/0001-03;IT NOW NYSE FANG + FUNDO DE INDICE;2023-07-31;501314;64785824.31;INVESTIMENTO NO EXTERIOR;;N;Para negociação;0.00;0.00;2463.00;298646.96;10664.00;6702842.78;;;;;;;;GOOGLE INC - 10664;;;2049-12-31;;;;
FIIM;38.354.844/0001-03;IT NOW NYSE FANG + FUNDO DE INDICE;2023-07-31;501314;64785824.31;INVESTIMENTO NO EXTERIOR;;N;Para negociação;0.00;0.00;690.00;295221.10;2991.00;6218043.80;;;;;;;;NETFLIX INC - 2991;;;2049-12-31;;;;
FIIM;38.354.844/0001-03;IT NOW NYSE FANG + FUNDO DE INDICE;2023-07-31;501314;64785824.31;INVESTIMENTO NO EXTERIOR;;N;Para negociação;0.00;0.00;1656.00;319227.12;7170.00;6670735.36;;;;;;;;APPLE INC - 7170;;;2049-12-31;;;;
FIIM;38.354.844/0001-03;IT NOW NYSE FANG + FUNDO DE INDICE;2023-07-31;501314;64785824.31;INVESTIMENTO NO EXTERIOR;;N;Para negociação;0.00;0.00;2409.00;311507.79;10432.00;6604448.20;;;;;;;;AMAZON.COM, INC - 10432;;;2049-12-31;;;;
FIIM;38.354.844/0001-03;IT NOW NYSE FANG + FUNDO DE INDICE;2023-07-31;501314;64785824.31;INVESTIMENTO NO EXTERIOR;;N;Para negociação;0.00;0.00;1116.00;327486.48;4827.00;7283256.31;;;;;;;;META HOLDING S/A - 4827;;;2049-12-31;;;;
FIIM;38.354.844/0001-03;IT NOW NYSE FANG + FUNDO DE INDICE;2023-07-31;501314;64785824.31;INVESTIMENTO NO EXTERIOR;;N;Para negociação;0.00;0.00;903.00;312997.86;3910.00;6220354.59;;;;;;;;MICROSOFT CORP - 3910;;;2049-12-31;;;;
FIIM;38.354.844/0001-03;IT NOW NYSE FANG + FUNDO DE INDICE;2023-07-31;501314;64785824.31;INVESTIMENTO NO EXTERIOR;;N;Para negociação;0.00;0.00;1186.00;314032.22;5136.00;6504855.64;;;;;;;;TESLA INC - 5136;;;2049-12-31;;;;
FIIM;38.354.844/0001-03;IT NOW NYSE FANG + FUNDO DE INDICE;2023-07-31;501314;64785824.31;INVESTIMENTO NO EXTERIOR;;N;Para negociação;0.00;0.00;2394.00;266978.88;10360.00;5612912.90;;;;;;;;ADVANCED MICRO DEVICES INC - 10360;;;2049-12-31;;;;
FIIM;38.354.864/0001-84;IT NOW IMA-B5 P2 FUNDO DE INDICE;2023-07-31;501313;366038574.00;TÍTULOS PÚBLICOS;;;Para negociação;0.00;0.00;0.00;0.00;12911.00;56753946.83;;;760199;;;;;;;;2028-08-15;;;;
FIIM;38.354.864/0001-84;IT NOW IMA-B5 P2 FUNDO DE INDICE;2023-07-31;501313;366038574.00;TÍTULOS PÚBLICOS;;;Para negociação;0.00;0.00;0.00;0.00;24495.00;102970470.93;;;760199;;;;;;;;2024-08-15;;;;
FIIM;38.354.864/0001-84;IT NOW IMA-B5 P2 FUNDO DE INDICE;2023-07-31;501313;366038574.00;TÍTULOS PÚBLICOS;;;Para negociação;0.00;0.00;0.00;0.00;9816.00;42124159.70;;;760199;;;;;;;;2027-05-15;;;;
FIIM;38.354.864/0001-84;IT NOW IMA-B5 P2 FUNDO DE INDICE;2023-07-31;501313;366038574.00;TÍTULOS PÚBLICOS;;;Para negociação;0.00;0.00;0.00;0.00;22433.00;97010189.29;;;760199;;;;;;;;2026-08-15;;;;
FIIM;38.354.864/0001-84;IT NOW IMA-B5 P2 FUNDO DE INDICE;2023-07-31;501313;366038574.00;TÍTULOS PÚBLICOS;;;Para negociação;0.00;0.00;0.00;0.00;16011.00;67152519.06;;;760199;;;;;;;;2025-05-15;;;;
FIIM;38.354.864/0001-84;IT NOW IMA-B5 P2 FUNDO DE INDICE;2023-07-31;501313;366038574.00;DISPONIBILIDADES;;;Para negociação;;;;;;86175.70;;;DISPONIBILIDADES;;;;;;;;;;;;
FIIM;38.354.864/0001-84;IT NOW IMA-B5 P2 FUNDO DE INDICE;2023-07-31;501313;366038574.00;VALORES A PAGAR;;;Para negociação;;;;;;82634.09;;;VALORES A PAGAR;;;;;;;;;;;;
FIIM;38.354.864/0001-84;IT NOW IMA-B5 P2 FUNDO DE INDICE;2023-07-31;501313;366038574.00;VALORES A RECEBER;;;Para negociação;;;;;;23746.58;;;VALORES A RECEBER;;;;;;;;;;;;
FIIM;38.542.870/0001-65;TREND ETF MSCI CHINA FUNDO DE INVESTIMENTO DE INDICE INVESTIMENTO NO EXTERIOR;2023-07-31;502161;224580391.70;COTAS DE FUNDOS;;N;;750.51;91830.62;1203.49;147326.03;706.97;86931.25;;;;;;PJ;43105440000116;BNP Paribas Soberano II FIC FI RF Simples;;;;;;;
FIIM;38.542.889/0001-01;TREND ETF MSCI ACWI FUNDO DE INVESTIMENTO DE INDICE - INVESTIMENTO NO EXTERIOR;2023-07-31;502162;50988850.07;COTAS DE FUNDOS;;N;;251.10;30742.80;235.43;28855.05;187.52;23057.79;;;;;;PJ;43105440000116;BNP Paribas Soberano II FIC FI RF Simples;;;;;;;
FIIM;38.595.988/0001-51;TREND ETF MSCI EUROPA FUNDO DE INVESTIMENTO DE INDICE INVESTIMENTO NO EXTERIOR;2023-07-31;502186;32036130.76;COTAS DE FUNDOS;;N;;158.69;19429.80;119.36;14632.88;77.28;9502.00;;;;;;PJ;43105440000116;BNP Paribas Soberano II FIC FI RF Simples;;;;;;;
FIIM;39.979.022/0001-80;QR CME CF BITCOIN REFERENCE RATE FUNDO DE INDICE - INVESTIMENTO NO EXTERIOR;2023-07-31;504572;142087219.60;DISPONIBILIDADES;Outros;;Para negociação;;;;;;81446.58;;;;EXTERIOR CAIXA;;PJ;4423567000121;*** A Definir ***;;;;;;;
FIIM;39.979.022/0001-80;QR CME CF BITCOIN REFERENCE RATE FUNDO DE INDICE - INVESTIMENTO NO EXTERIOR;2023-07-31;504572;142087219.60;VALORES A PAGAR;Outros;;Para negociação;;;;;;75263.22;;;;TAXA GEST?O PROVIS?O;;PJ;29415858000107;SEM DEFINI??O;;;;;;;
FIIM;39.979.022/0001-80;QR CME CF BITCOIN REFERENCE RATE FUNDO DE INDICE - INVESTIMENTO NO EXTERIOR;2023-07-31;504572;142087219.60;VALORES A PAGAR;Outros;;Para negociação;;;;;;14426.40;;;;TX ESCRT VAR PROVIS?O;;PJ;29415858000107;SEM DEFINI??O;;;;;;;
FIIM;39.979.022/0001-80;QR CME CF BITCOIN REFERENCE RATE FUNDO DE INDICE - INVESTIMENTO NO EXTERIOR;2023-07-31;504572;142087219.60;VALORES A PAGAR;Outros;;Para negociação;;;;;;3243.20;;;;AUDITORIA PROVISAO;;PJ;4423567000121;*** A Definir ***;;;;;;;
FIIM;39.979.022/0001-80;QR CME CF BITCOIN REFERENCE RATE FUNDO DE INDICE - INVESTIMENTO NO EXTERIOR;2023-07-31;504572;142087219.60;VALORES A PAGAR;Outros;;Para negociação;;;;;;69498.44;;;;VALOR A PAGA;;PJ;29415858000107;SEM DEFINI??O;;;;;;;
FIIM;39.979.022/0001-80;QR CME CF BITCOIN REFERENCE RATE FUNDO DE INDICE - INVESTIMENTO NO EXTERIOR;2023-07-31;504572;142087219.60;VALORES A PAGAR;Outros;;Para negociação;;;;;;2000.00;;;;TX ESCRT FIX PROVIS?O;;PJ;29415858000107;SEM DEFINI??O;;;;;;;
FIIM;39.979.022/0001-80;QR CME CF BITCOIN REFERENCE RATE FUNDO DE INDICE - INVESTIMENTO NO EXTERIOR;2023-07-31;504572;142087219.60;VALORES A PAGAR;Outros;;Para negociação;;;;;;5100.00;;;;DESP AUDITOR PROVISAO;;PJ;29415858000107;SEM DEFINI??O;;;;;;;
FIIM;39.979.022/0001-80;QR CME CF BITCOIN REFERENCE RATE FUNDO DE INDICE - INVESTIMENTO NO EXTERIOR;2023-07-31;504572;142087219.60;VALORES A PAGAR;Outros;;Para negociação;;;;;;11104.40;;;;TAXA ADM PROVIS?O;;PJ;29415858000107;SEM DEFINI??O;;;;;;;
FIIM;39.979.022/0001-80;QR CME CF BITCOIN REFERENCE RATE FUNDO DE INDICE - INVESTIMENTO NO EXTERIOR;2023-07-31;504572;142087219.60;VALORES A RECEBER;Outros;;Para negociação;;;;;;5881.72;;;;ANUIDADE_B3 DIFERIDO;;PJ;29415858000107;SEM DEFINI??O;;;;;;;
FIIM;39.979.022/0001-80;QR CME CF BITCOIN REFERENCE RATE FUNDO DE INDICE - INVESTIMENTO NO EXTERIOR;2023-07-31;504572;142087219.60;VALORES A RECEBER;Outros;;Para negociação;;;;;;14319.91;;;;VAL A RECEBE;;PJ;29415858000107;SEM DEFINI??O;;;;;;;
FIIM;39.979.022/0001-80;QR CME CF BITCOIN REFERENCE RATE FUNDO DE INDICE - INVESTIMENTO NO EXTERIOR;2023-07-31;504572;142087219.60;VALORES A RECEBER;Outros;;Para negociação;;;;;;9.78;;;;Ajuste Cota Despesa;;PJ;29415858000107;SEM DEFINI??O;;;;;;;
FIIM;39.979.022/0001-80;QR CME CF BITCOIN REFERENCE RATE FUNDO DE INDICE - INVESTIMENTO NO EXTERIOR;2023-07-31;504572;142087219.60;VALORES A RECEBER;Outros;;Para negociação;;;;;;8521.24;;;;TX FISCALIZ DIFERIDO;;PJ;29415858000107;SEM DEFINI??O;;;;;;;
FIIM;39.979.022/0001-80;QR CME CF BITCOIN REFERENCE RATE FUNDO DE INDICE - INVESTIMENTO NO EXTERIOR;2023-07-31;504572;142087219.60;INVESTIMENTO NO EXTERIOR;Outros;N;Para negociação;;;;;1023.00;142157676.03;;;CME IND USD;;2021-06-22;;;CME IND USD;N;;;28;ESTADOS UNIDOS DA AMÉRICA;A1;AMERICAN STOCK EXCHANGE
FIIM;40.155.573/0001-09;TREND ETF IBOVESPA FUNDO DE INDICE;2023-07-31;502252;582884144.27;AÇÕES;Ação ordinária;N;Para negociação;26494.00;397057.93;93363.00;1396371.00;501583.00;7453523.38;;2023-10-29;ABEV3;;;;;;;;2013-11-11;;;;
FIIM;40.155.573/0001-09;TREND ETF IBOVESPA FUNDO DE INDICE;2023-07-31;502252;582884144.27;AÇÕES;Ação ordinária;N;Para negociação;1804.00;37529.80;6316.00;134928.88;31977.00;709569.63;;2023-10-29;YDUQ3;;;;;;;;2019-07-23;;;;
FIIM;40.155.573/0001-09;TREND ETF IBOVESPA FUNDO DE INDICE;2023-07-31;502252;582884144.27;AÇÕES;Ação ordinária;N;Para negociação;659.00;27820.75;2272.00;98920.56;28249.00;1233068.85;;2023-10-29;SLCE3;;;;;;;;2007-06-15;;;;
FIIM;40.155.573/0001-09;TREND ETF IBOVESPA FUNDO DE INDICE;2023-07-31;502252;582884144.27;AÇÕES;Ação ordinária;N;Para negociação;62987.00;1494611.17;91.00;2151.86;0.00;0.00;;2023-10-29;ENBR3;;;;;;;;2005-07-13;;;;
FIIM;40.155.573/0001-09;TREND ETF IBOVESPA FUNDO DE INDICE;2023-07-31;502252;582884144.27;AÇÕES;Ação ordinária;N;Para negociação;18063.00;619833.37;63656.00;2109391.48;366449.00;12756089.69;;2023-10-29;PETR3;;;;;;;;1973-09-18;;;;
FIIM;40.155.573/0001-09;TREND ETF IBOVESPA FUNDO DE INDICE;2023-07-31;502252;582884144.27;AÇÕES;Ação ordinária;N;Para negociação;3192.00;37387.37;11252.00;139644.05;78282.00;1074029.04;;2023-10-29;CRFB3;;;;;;;;2017-07-20;;;;
FIIM;40.155.573/0001-09;TREND ETF IBOVESPA FUNDO DE INDICE;2023-07-31;502252;582884144.27;AÇÕES;Ação ordinária;N;Para negociação;6616.00;234822.00;23305.00;837905.21;136783.00;4924188.00;;2023-10-29;RDOR3;;;;;;;;2021-06-25;;;;
FIIM;40.155.573/0001-09;TREND ETF IBOVESPA FUNDO DE INDICE;2023-07-31;502252;582884144.27;AÇÕES;Ação ordinária;N;Para negociação;1661.00;13103.23;5850.00;45872.08;32341.00;270694.17;;2023-10-29;DXCO3;;;;;;;;2021-08-19;;;;
FIIM;40.155.573/0001-09;TREND ETF IBOVESPA FUNDO DE INDICE;2023-07-31;502252;582884144.27;AÇÕES;Ação ordinária;N;Para negociação;17360.00;54068.11;61173.00;192200.44;305313.00;1022798.55;;2023-10-29;MGLU3;;;;;;;;2011-05-02;;;;
FIIM;40.155.573/0001-09;TREND ETF IBOVESPA FUNDO DE INDICE;2023-07-31;502252;582884144.27;AÇÕES;Ação ordinária;N;Para negociação;2553.00;40615.61;8997.00;143926.92;47617.00;767109.87;;2023-10-29;FLRY3;;;;;;;;2009-12-17;;;;
FIIM;40.155.573/0001-09;TREND ETF IBOVESPA FUNDO DE INDICE;2023-07-31;502252;582884144.27;AÇÕES;Ação ordinária;N;Para negociação;4390.00;199060.48;15470.00;722882.33;86253.00;4146181.71;;2023-10-29;SUZB3;;;;;;;;2004-08-05;;;;
FIIM;40.155.573/0001-09;TREND ETF IBOVESPA FUNDO DE INDICE;2023-07-31;502252;582884144.27;AÇÕES;Ação ordinária;N;Para negociação;6032.00;81311.78;21252.00;284619.39;130211.00;1730504.19;;2023-10-29;CCRO3;;;;;;;;2002-02-01;;;;
FIIM;40.155.573/0001-09;TREND ETF IBOVESPA FUNDO DE INDICE;2023-07-31;502252;582884144.27;AÇÕES;Ação ordinária;N;Para negociação;9063.00;133478.55;31939.00;470630.84;198244.00;2943923.40;;2023-10-29;BBDC3;;;;;;;;1973-12-06;;;;
FIIM;40.155.573/0001-09;TREND ETF IBOVESPA FUNDO DE INDICE;2023-07-31;502252;582884144.27;AÇÕES;Ação ordinária;N;Para negociação;1134.00;40540.17;3996.00;143228.28;28531.00;1020839.18;;2023-10-29;CPFE3;;;;;;;;2004-09-29;;;;
FIIM;40.155.573/0001-09;TREND ETF IBOVESPA FUNDO DE INDICE;2023-07-31;502252;582884144.27;AÇÕES;Ação ordinária;N;Para negociação;3114.00;92336.94;10947.00;320286.13;122926.00;3634921.82;;2023-10-29;TOTS3;;;;;;;;2006-03-09;;;;
FIIM;40.155.573/0001-09;TREND ETF IBOVESPA FUNDO DE INDICE;2023-07-31;502252;582884144.27;AÇÕES;Ação ordinária;N;Para negociação;866.00;28997.74;3050.00;101846.48;35517.00;1188753.99;;2023-10-29;SMTO3;;;;;;;;2007-02-12;;;;
FIIM;40.155.573/0001-09;TREND ETF IBOVESPA FUNDO DE INDICE;2023-07-31;502252;582884144.27;AÇÕES;Ação ordinária;N;Para negociação;7029.00;200357.08;24774.00;718199.87;221949.00;6429862.53;;2023-10-29;RADL3;;;;;;;;2011-12-19;;;;
FIIM;40.155.573/0001-09;TREND ETF IBOVESPA FUNDO DE INDICE;2023-07-31;502252;582884144.27;AÇÕES;Ação ordinária;N;Para negociação;7341.00;174155.87;25873.00;603886.49;129293.00;3004769.32;;2023-10-29;RAIL3;;;;;;;;2017-03-13;;;;
FIIM;40.155.573/0001-09;TREND ETF IBOVESPA FUNDO DE INDICE;2023-07-31;502252;582884144.27;AÇÕES;Ação ordinária;N;Para negociação;10965.00;37237.83;38640.00;129916.94;254657.00;853100.95;;2023-10-29;COGN3;;;;;;;;2019-10-11;;;;
FIIM;40.155.573/0001-09;TREND ETF IBOVESPA FUNDO DE INDICE;2023-07-31;502252;582884144.27;AÇÕES;Ação ordinária;N;Para negociação;26116.00;116551.19;92030.00;420510.88;506653.00;2431934.40;;2023-10-29;HAPV3;;;;;;;;2018-04-25;;;;
FIIM;40.155.573/0001-09;TREND ETF IBOVESPA FUNDO DE INDICE;2023-07-31;502252;582884144.27;AÇÕES;Ação ordinária;N;Para negociação;8581.00;410903.01;30238.00;1433488.14;153490.00;7396683.10;;2023-10-29;BBAS3;;;;;;;;1973-05-31;;;;
FIIM;40.155.573/0001-09;TREND ETF IBOVESPA FUNDO DE INDICE;2023-07-31;502252;582884144.27;AÇÕES;Ação ordinária;N;Para negociação;6731.00;118606.20;23719.00;404967.14;284244.00;4869099.72;;2023-10-29;VBBR3;;;;;;;;2021-10-22;;;;
FIIM;40.155.573/0001-09;TREND ETF IBOVESPA FUNDO DE INDICE;2023-07-31;502252;582884144.27;AÇÕES;Ação ordinária;N;Para negociação;393.00;32536.15;1318.00;108118.18;6455.00;531892.00;;2023-10-29;ARZZ3;;;;;;;;2011-02-02;;;;
FIIM;40.155.573/0001-09;TREND ETF IBOVESPA FUNDO DE INDICE;2023-07-31;502252;582884144.27;AÇÕES;Ação ordinária;N;Para negociação;6615.00;31488.87;23313.00;108088.09;116393.00;549374.96;;2023-10-29;CIEL3;;;;;;;;2009-12-18;;;;
FIIM;40.155.573/0001-09;TREND ETF IBOVESPA FUNDO DE INDICE;2023-07-31;502252;582884144.27;AÇÕES;Ação ordinária;N;Para negociação;1571.00;15068.80;5540.00;54157.02;27324.00;275699.16;;2023-10-29;BEEF3;;;;;;;;2007-07-20;;;;
FIIM;40.155.573/0001-09;TREND ETF IBOVESPA FUNDO DE INDICE;2023-07-31;502252;582884144.27;AÇÕES;Ação ordinária;N;Para negociação;971.00;20846.44;3377.00;70239.58;16568.00;342957.60;;2023-10-29;PCAR3;;;;;;;;1995-10-03;;;;
FIIM;40.155.573/0001-09;TREND ETF IBOVESPA FUNDO DE INDICE;2023-07-31;502252;582884144.27;AÇÕES;Ação ordinária;N;Para negociação;4058.00;126789.57;14297.00;446803.54;147530.00;4591133.60;;2023-10-29;BBSE3;;;;;;;;2013-04-29;;;;
FIIM;40.155.573/0001-09;TREND ETF IBOVESPA FUNDO DE INDICE;2023-07-31;502252;582884144.27;AÇÕES;Ação ordinária;N;Para negociação;3215.00;80116.57;11330.00;277831.19;142473.00;3463518.63;;2023-10-29;ALSO3;;;;;;;;2019-08-06;;;;
FIIM;40.155.573/0001-09;TREND ETF IBOVESPA FUNDO DE INDICE;2023-07-31;502252;582884144.27;AÇÕES;Ação ordinária;N;Para negociação;7191.00;93197.63;25344.00;333294.15;217972.00;2936082.84;;2023-10-29;ASAI3;;;;;;;;2021-03-01;;;;
FIIM;40.155.573/0001-09;TREND ETF IBOVESPA FUNDO DE INDICE;2023-07-31;502252;582884144.27;AÇÕES;Ação ordinária;N;Para negociação;1641.00;22642.04;27476.00;386482.99;68548.00;952817.20;;2023-10-29;MRVE3;;;;;;;;2007-07-23;;;;
FIIM;40.155.573/0001-09;TREND ETF IBOVESPA FUNDO DE INDICE;2023-07-31;502252;582884144.27;AÇÕES;Ação ordinária;N;Para negociação;568.00;11923.92;2006.00;42093.05;10062.00;218647.26;;2023-10-29;EZTC3;;;;;;;;2007-06-22;;;;
FIIM;40.155.573/0001-09;TREND ETF IBOVESPA FUNDO DE INDICE;2023-07-31;502252;582884144.27;AÇÕES;Ação ordinária;N;Para negociação;12193.00;475173.26;42970.00;1639177.85;424861.00;16420877.65;;2023-10-29;ELET3;;;;;;;;1983-09-01;;;;
FIIM;40.155.573/0001-09;TREND ETF IBOVESPA FUNDO DE INDICE;2023-07-31;502252;582884144.27;AÇÕES;Ação ordinária;N;Para negociação;5742.00;108963.00;20235.00;377423.33;237067.00;4445006.25;;2023-10-29;LREN3;;;;;;;;1973-07-24;;;;
FIIM;40.155.573/0001-09;TREND ETF IBOVESPA FUNDO DE INDICE;2023-07-31;502252;582884144.27;AÇÕES;Ação ordinária;N;Para negociação;3561.00;48293.65;12551.00;167522.50;66124.00;915156.16;;2023-10-29;CSNA3;;;;;;;;1993-08-02;;;;
FIIM;40.155.573/0001-09;TREND ETF IBOVESPA FUNDO DE INDICE;2023-07-31;502252;582884144.27;AÇÕES;Ação ordinária;N;Para negociação;1547.00;69030.01;5437.00;242217.46;28272.00;1245098.88;;2023-10-29;EGIE3;;;;;;;;2016-07-21;;;;
FIIM;40.155.573/0001-09;TREND ETF IBOVESPA FUNDO DE INDICE;2023-07-31;502252;582884144.27;AÇÕES;Ação ordinária;N;Para negociação;5067.00;89878.69;17855.00;317170.44;101802.00;1859922.54;;2023-10-29;NTCO3;;;;;;;;2019-12-18;;;;
FIIM;40.155.573/0001-09;TREND ETF IBOVESPA FUNDO DE INDICE;2023-07-31;502252;582884144.27;AÇÕES;Ação ordinária;N;Para negociação;1418.00;49631.00;4996.00;175923.71;25855.00;919145.25;;2023-10-29;RRRP3;;;;;;;;2020-11-12;;;;
FIIM;40.155.573/0001-09;TREND ETF IBOVESPA FUNDO DE INDICE;2023-07-31;502252;582884144.27;AÇÕES;Ação ordinária;N;Para negociação;5069.00;222331.97;17860.00;801698.37;130522.00;5954413.64;;2023-10-29;PRIO3;;;;;;;;2015-06-26;;;;
FIIM;40.155.573/0001-09;TREND ETF IBOVESPA FUNDO DE INDICE;2023-07-31;502252;582884144.27;AÇÕES;Ação ordinária;N;Para negociação;2029.00;13239.44;7149.00;48147.10;35679.00;249753.00;;2023-10-29;PETZ3;;;;;;;;2020-09-11;;;;
FIIM;40.155.573/0001-09;TREND ETF IBOVESPA FUNDO DE INDICE;2023-07-31;502252;582884144.27;AÇÕES;Ação ordinária;N;Para negociação;6707.00;29356.28;23636.00;101114.80;123293.00;548653.85;;2023-10-29;CMIN3;;;;;;;;2021-05-03;;;;
FIIM;40.155.573/0001-09;TREND ETF IBOVESPA FUNDO DE INDICE;2023-07-31;502252;582884144.27;AÇÕES;Ação ordinária;N;Para negociação;2965.00;33859.31;10445.00;116121.27;52285.00;587683.40;;2023-10-29;SOMA3;;;;;;;;2020-07-31;;;;
FIIM;40.155.573/0001-09;TREND ETF IBOVESPA FUNDO DE INDICE;2023-07-31;502252;582884144.27;AÇÕES;Ação ordinária;N;Para negociação;34629.00;514239.82;122028.00;1794501.03;723693.00;10783025.70;;2023-10-29;B3SA3;;;;;;;;2018-03-26;;;;
FIIM;40.155.573/0001-09;TREND ETF IBOVESPA FUNDO DE INDICE;2023-07-31;502252;582884144.27;AÇÕES;Ação ordinária;N;Para negociação;419.00;3461.16;1470.00;13599.39;7434.00;73819.62;;2023-10-29;CASH3;;;;;;;;2020-11-05;;;;
FIIM;40.155.573/0001-09;TREND ETF IBOVESPA FUNDO DE INDICE;2023-07-31;502252;582884144.27;AÇÕES;Ação ordinária;N;Para negociação;1612.00;42939.84;5681.00;151768.97;51227.00;1352905.07;;2023-10-29;MULT3;;;;;;;;2007-07-27;;;;
FIIM;40.155.573/0001-09;TREND ETF IBOVESPA FUNDO DE INDICE;2023-07-31;502252;582884144.27;AÇÕES;Ação ordinária;N;Para negociação;9524.00;20010.12;33563.00;70802.07;176656.00;381576.96;;2023-10-29;VIIA3;;;;;;;;2021-08-16;;;;
FIIM;40.155.573/0001-09;TREND ETF IBOVESPA FUNDO DE INDICE;2023-07-31;502252;582884144.27;AÇÕES;Ação ordinária;N;Para negociação;2617.00;19518.82;9183.00;65899.64;45128.00;334398.48;;2023-10-29;LWSA3;;;;;;;;2020-02-06;;;;
FIIM;40.155.573/0001-09;TREND ETF IBOVESPA FUNDO DE INDICE;2023-07-31;502252;582884144.27;AÇÕES;Ação ordinária;N;Para negociação;4437.00;80889.81;15636.00;286180.69;129021.00;2388178.71;;2023-10-29;EMBR3;;;;;;;;1989-08-28;;;;
FIIM;40.155.573/0001-09;TREND ETF IBOVESPA FUNDO DE INDICE;2023-07-31;502252;582884144.27;AÇÕES;Ação ordinária;N;Para negociação;2054.00;114850.07;7238.00;408383.09;35881.00;2084686.10;;2023-10-29;SBSP3;;;;;;;;1997-03-11;;;;
FIIM;40.155.573/0001-09;TREND ETF IBOVESPA FUNDO DE INDICE;2023-07-31;502252;582884144.27;AÇÕES;Ação ordinária;N;Para negociação;2556.00;106902.28;9006.00;379910.35;45036.00;1896465.96;;2023-10-29;VIVT3;;;;;;;;2011-10-06;;;;
FIIM;40.155.573/0001-09;TREND ETF IBOVESPA FUNDO DE INDICE;2023-07-31;502252;582884144.27;AÇÕES;Ação ordinária;N;Para negociação;1785.00;12467.14;6244.00;44344.06;33178.00;246180.76;;2023-10-29;MRFG3;;;;;;;;2007-06-28;;;;
FIIM;40.155.573/0001-09;TREND ETF IBOVESPA FUNDO DE INDICE;2023-07-31;502252;582884144.27;AÇÕES;Ação ordinária;N;Para negociação;7074.00;141983.54;24925.00;491511.02;196234.00;3912905.96;;2023-10-29;CSAN3;;;;;;;;2005-11-18;;;;
FIIM;40.155.573/0001-09;TREND ETF IBOVESPA FUNDO DE INDICE;2023-07-31;502252;582884144.27;AÇÕES;Ação ordinária;N;Para negociação;518.00;22867.62;1759.00;74147.87;8654.00;355852.48;;2023-10-29;IRBR3;;;;;;;;2017-07-31;;;;
FIIM;40.155.573/0001-09;TREND ETF IBOVESPA FUNDO DE INDICE;2023-07-31;502252;582884144.27;AÇÕES;Ação ordinária;N;Para negociação;2422.00;108028.07;8532.00;376184.07;60484.00;2616537.84;;2023-10-29;HYPE3;;;;;;;;2008-04-18;;;;
FIIM;40.155.573/0001-09;TREND ETF IBOVESPA FUNDO DE INDICE;2023-07-31;502252;582884144.27;AÇÕES;Ação ordinária;N;Para negociação;7613.00;302228.07;26831.00;1074385.82;202879.00;8098929.68;;2023-10-29;WEGE3;;;;;;;;2004-08-02;;;;
FIIM;40.155.573/0001-09;TREND ETF IBOVESPA FUNDO DE INDICE;2023-07-31;502252;582884144.27;AÇÕES;Ação ordinária;N;Para negociação;6571.00;126252.51;23155.00;438813.03;188171.00;3554550.19;;2023-10-29;UGPA3;;;;;;;;1999-10-13;;;;
FIIM;40.155.573/0001-09;TREND ETF IBOVESPA FUNDO DE INDICE;2023-07-31;502252;582884144.27;AÇÕES;Ação ordinária;N;Para negociação;2592.00;8126.04;51947.00;166092.47;48876.00;145650.48;;2023-10-29;CVCB3;;;;;;;;2013-12-09;;;;
FIIM;40.155.573/0001-09;TREND ETF IBOVESPA FUNDO DE INDICE;2023-07-31;502252;582884144.27;AÇÕES;Ação ordinária;N;Para negociação;5907.00;51953.04;184851.00;1603894.90;356044.00;3474989.44;;2023-10-29;BRFS3;;;;;;;;2009-12-10;;;;
FIIM;40.155.573/0001-09;TREND ETF IBOVESPA FUNDO DE INDICE;2023-07-31;502252;582884144.27;AÇÕES;Ação ordinária;N;Para negociação;9529.00;123123.30;33582.00;433805.34;208990.00;2794196.30;;2023-10-29;ENEV3;;;;;;;;2013-10-22;;;;
FIIM;40.155.573/0001-09;TREND ETF IBOVESPA FUNDO DE INDICE;2023-07-31;502252;582884144.27;AÇÕES;Ação ordinária;N;Para negociação;24370.00;1719174.10;85880.00;5818553.19;999481.00;69124105.96;;2023-10-29;VALE3;;;;;;;;1982-02-15;;;;
FIIM;40.155.573/0001-09;TREND ETF IBOVESPA FUNDO DE INDICE;2023-07-31;502252;582884144.27;AÇÕES;Ação ordinária;N;Para negociação;1654.00;37871.89;5834.00;135548.32;28723.00;684181.86;;2023-10-29;CYRE3;;;;;;;;1996-05-27;;;;
FIIM;40.155.573/0001-09;TREND ETF IBOVESPA FUNDO DE INDICE;2023-07-31;502252;582884144.27;AÇÕES;Ação ordinária;N;Para negociação;6855.00;122933.78;24156.00;443957.01;140516.00;2638890.48;;2023-10-29;JBSS3;;;;;;;;2007-03-29;;;;
FIIM;40.155.573/0001-09;TREND ETF IBOVESPA FUNDO DE INDICE;2023-07-31;502252;582884144.27;AÇÕES;Ação ordinária;N;Para negociação;4882.00;69647.83;17206.00;247781.05;113292.00;1624607.28;;2023-10-29;TIMS3;;;;;;;;2020-10-13;;;;
FIIM;40.155.573/0001-09;TREND ETF IBOVESPA FUNDO DE INDICE;2023-07-31;502252;582884144.27;AÇÕES;Ação ordinária;N;Para negociação;6740.00;228510.98;23750.00;804150.17;216606.00;7264965.24;;2023-10-29;EQTL3;;;;;;;;2006-04-03;;;;
FIIM;40.155.573/0001-09;TREND ETF IBOVESPA FUNDO DE INDICE;2023-07-31;502252;582884144.27;AÇÕES;Ação ordinária;N;Para negociação;4565.00;311440.60;34649.00;2378539.08;209151.00;14059130.22;;2023-10-29;RENT3;;;;;;;;2005-05-23;;;;
FIIM;40.155.573/0001-09;TREND ETF IBOVESPA FUNDO DE INDICE;2023-07-31;502252;582884144.27;AÇÕES;Ação preferencial;N;Para negociação;7251.00;30565.40;25551.00;105806.23;135232.00;562565.12;;2023-10-29;RAIZ4;;;;;;;;2021-08-05;;;;
FIIM;40.155.573/0001-09;TREND ETF IBOVESPA FUNDO DE INDICE;2023-07-31;502252;582884144.27;AÇÕES;Ação preferencial;N;Para negociação;1613.00;41834.03;5656.00;139943.71;51975.00;1320165.00;;2023-10-29;BRKM5;;;;;;;;2002-09-02;;;;
FIIM;40.155.573/0001-09;TREND ETF IBOVESPA FUNDO DE INDICE;2023-07-31;502252;582884144.27;AÇÕES;Ação preferencial;N;Para negociação;1677.00;72875.12;5877.00;252333.20;42397.00;1849781.11;;2023-10-29;ELET6;;;;;;;;1974-11-13;;;;
FIIM;40.155.573/0001-09;TREND ETF IBOVESPA FUNDO DE INDICE;2023-07-31;502252;582884144.27;AÇÕES;Ação preferencial;N;Para negociação;1534.00;36360.76;5360.00;123403.30;27225.00;639515.25;;2023-10-29;BRAP4;;;;;;;;2000-08-10;;;;
FIIM;40.155.573/0001-09;TREND ETF IBOVESPA FUNDO DE INDICE;2023-07-31;502252;582884144.27;AÇÕES;Ação preferencial;N;Para negociação;6602.00;187570.05;23259.00;656144.30;116159.00;3397650.75;;2023-10-29;GGBR4;;;;;;;;2001-02-01;;;;
FIIM;40.155.573/0001-09;TREND ETF IBOVESPA FUNDO DE INDICE;2023-07-31;502252;582884144.27;AÇÕES;Ação preferencial;N;Para negociação;1985.00;37126.45;6980.00;123965.44;47635.00;843139.50;;2023-10-29;AZUL4;;;;;;;;2017-04-11;;;;
FIIM;40.155.573/0001-09;TREND ETF IBOVESPA FUNDO DE INDICE;2023-07-31;502252;582884144.27;AÇÕES;Ação preferencial;N;Para negociação;3109.00;23225.81;10960.00;78192.11;57751.00;417539.73;;2023-10-29;USIM5;;;;;;;;1999-02-02;;;;
FIIM;40.155.573/0001-09;TREND ETF IBOVESPA FUNDO DE INDICE;2023-07-31;502252;582884144.27;AÇÕES;Ação preferencial;N;Para negociação;27579.00;846986.38;97190.00;2892875.25;511407.00;15909871.77;;2023-10-29;PETR4;;;;;;;;1973-09-18;;;;
FIIM;40.155.573/0001-09;TREND ETF IBOVESPA FUNDO DE INDICE;2023-07-31;502252;582884144.27;AÇÕES;Ação preferencial;N;Para negociação;30284.00;298015.00;106721.00;1045514.28;1140522.00;11199926.04;;2023-10-29;ITSA4;;;;;;;;1973-09-17;;;;
FIIM;40.155.573/0001-09;TREND ETF IBOVESPA FUNDO DE INDICE;2023-07-31;502252;582884144.27;AÇÕES;Ação preferencial;N;Para negociação;4030.00;53584.22;14200.00;189368.28;96735.00;1330106.25;;2023-10-29;GOAU4;;;;;;;;1973-08-27;;;;
FIIM;40.155.573/0001-09;TREND ETF IBOVESPA FUNDO DE INDICE;2023-07-31;502252;582884144.27;AÇÕES;Ação preferencial;N;Para negociação;8710.00;110348.73;30693.00;386629.79;264297.00;3348642.99;;2023-10-29;CMIG4;;;;;;;;1973-08-20;;;;
FIIM;40.155.573/0001-09;TREND ETF IBOVESPA FUNDO DE INDICE;2023-07-31;502252;582884144.27;AÇÕES;Ação preferencial;N;Para negociação;9442.00;78207.04;33274.00;273985.12;313020.00;2616847.20;;2023-10-29;CPLE6;;;;;;;;1996-11-14;;;;
FIIM;40.155.573/0001-09;TREND ETF IBOVESPA FUNDO DE INDICE;2023-07-31;502252;582884144.27;AÇÕES;Ação preferencial;N;Para negociação;29001.00;831670.50;102197.00;2917088.37;1072896.00;30727741.44;;2023-10-29;ITUB4;;;;;;;;2009-05-20;;;;
FIIM;40.155.573/0001-09;TREND ETF IBOVESPA FUNDO DE INDICE;2023-07-31;502252;582884144.27;AÇÕES;Ação preferencial;N;Para negociação;31085.00;513744.77;109538.00;1808123.77;594210.00;9899538.60;;2023-10-29;BBDC4;;;;;;;;1973-12-06;;;;
FIIM;40.155.573/0001-09;TREND ETF IBOVESPA FUNDO DE INDICE;2023-07-31;502252;582884144.27;AÇÕES;Ação preferencial;N;Para negociação;1318.00;13892.09;4644.00;45426.91;24586.00;236763.18;;2023-10-29;GOLL4;;;;;;;;2004-06-24;;;;
FIIM;40.155.573/0001-09;TREND ETF IBOVESPA FUNDO DE INDICE;2023-07-31;502252;582884144.27;AÇÕES;Ação preferencial;N;Para negociação;1219.00;11398.89;4298.00;40454.01;37421.00;360364.23;;2023-10-29;ALPA4;;;;;;;;1973-03-19;;;;
FIIM;40.155.573/0001-09;TREND ETF IBOVESPA FUNDO DE INDICE;2023-07-31;502252;582884144.27;DISPONIBILIDADES;Outros;;Para negociação;;;;;;3000.00;;2023-10-29;;Disponibilidade;;;;;;;;;;;
FIIM;40.155.573/0001-09;TREND ETF IBOVESPA FUNDO DE INDICE;2023-07-31;502252;582884144.27;VALORES A PAGAR;Outros;;Para negociação;;;;;;38315390.80;;2023-10-29;;Valores a Pagar;;;;;;;;;;;
FIIM;40.155.573/0001-09;TREND ETF IBOVESPA FUNDO DE INDICE;2023-07-31;502252;582884144.27;VALORES A RECEBER;Outros;;Para negociação;;;;;;44988881.49;;2023-10-29;;Valores a Receber;;;;;;;;;;;
FIIM;40.155.573/0001-09;TREND ETF IBOVESPA FUNDO DE INDICE;2023-07-31;502252;582884144.27;MERCADO FUTURO - POSIÇÕES COMPRADAS;Futuro de IND:Ibovespa;;Para negociação;;;;;60.00;101820.00;;2023-10-29;;FUT IND/Q23;;;;;;;;;;;
FIIM;40.155.573/0001-09;TREND ETF IBOVESPA FUNDO DE INDICE;2023-07-31;502252;582884144.27;MERCADO FUTURO - POSIÇÕES VENDIDAS;Contrato Futuro;;Para negociação;;;;;7.00;-2375.80;;2023-10-29;;FUT WIN/Q23;;;;;;;;;;;
FIIM;40.155.573/0001-09;TREND ETF IBOVESPA FUNDO DE INDICE;2023-07-31;502252;582884144.27;AÇÕES E OUTROS TVM CEDIDOS EM EMPRÉSTIMO;Ação ordinária;N;Para negociação;;;;;140262.00;1864081.98;;2023-10-29;CCRO3;;;;;;;;2002-02-01;;;;
FIIM;40.155.573/0001-09;TREND ETF IBOVESPA FUNDO DE INDICE;2023-07-31;502252;582884144.27;AÇÕES E OUTROS TVM CEDIDOS EM EMPRÉSTIMO;Ação ordinária;N;Para negociação;;;;;93619.00;1295686.96;;2023-10-29;CSNA3;;;;;;;;1993-08-02;;;;
FIIM;40.155.573/0001-09;TREND ETF IBOVESPA FUNDO DE INDICE;2023-07-31;502252;582884144.27;AÇÕES E OUTROS TVM CEDIDOS EM EMPRÉSTIMO;Ação ordinária;N;Para negociação;;;;;208262.00;3092690.70;;2023-10-29;BBDC3;;;;;;;;1973-12-06;;;;
FIIM;40.155.573/0001-09;TREND ETF IBOVESPA FUNDO DE INDICE;2023-07-31;502252;582884144.27;AÇÕES E OUTROS TVM CEDIDOS EM EMPRÉSTIMO;Ação ordinária;N;Para negociação;;;;;26202.00;542381.40;;2023-10-29;PCAR3;;;;;;;;1995-10-03;;;;
FIIM;40.155.573/0001-09;TREND ETF IBOVESPA FUNDO DE INDICE;2023-07-31;502252;582884144.27;AÇÕES E OUTROS TVM CEDIDOS EM EMPRÉSTIMO;Ação ordinária;N;Para negociação;;;;;110636.00;5318272.52;;2023-10-29;SUZB3;;;;;;;;2004-08-05;;;;
FIIM;40.155.573/0001-09;TREND ETF IBOVESPA FUNDO DE INDICE;2023-07-31;502252;582884144.27;AÇÕES E OUTROS TVM CEDIDOS EM EMPRÉSTIMO;Ação ordinária;N;Para negociação;;;;;200013.00;4648302.12;;2023-10-29;RAIL3;;;;;;;;2017-03-13;;;;
FIIM;40.155.573/0001-09;TREND ETF IBOVESPA FUNDO DE INDICE;2023-07-31;502252;582884144.27;AÇÕES E OUTROS TVM CEDIDOS EM EMPRÉSTIMO;Ação ordinária;N;Para negociação;;;;;64949.00;891100.28;;2023-10-29;CRFB3;;;;;;;;2017-07-20;;;;
FIIM;40.155.573/0001-09;TREND ETF IBOVESPA FUNDO DE INDICE;2023-07-31;502252;582884144.27;AÇÕES E OUTROS TVM CEDIDOS EM EMPRÉSTIMO;Ação ordinária;N;Para negociação;;;;;46080.00;341913.60;;2023-10-29;MRFG3;;;;;;;;2007-06-28;;;;
FIIM;40.155.573/0001-09;TREND ETF IBOVESPA FUNDO DE INDICE;2023-07-31;502252;582884144.27;AÇÕES E OUTROS TVM CEDIDOS EM EMPRÉSTIMO;Ação ordinária;N;Para negociação;;;;;104610.00;1409096.70;;2023-10-29;ASAI3;;;;;;;;2021-03-01;;;;
FIIM;40.155.573/0001-09;TREND ETF IBOVESPA FUNDO DE INDICE;2023-07-31;502252;582884144.27;AÇÕES E OUTROS TVM CEDIDOS EM EMPRÉSTIMO;Ação ordinária;N;Para negociação;;;;;45540.00;1084762.80;;2023-10-29;CYRE3;;;;;;;;1996-05-27;;;;
FIIM;40.155.573/0001-09;TREND ETF IBOVESPA FUNDO DE INDICE;2023-07-31;502252;582884144.27;AÇÕES E OUTROS TVM CEDIDOS EM EMPRÉSTIMO;Ação ordinária;N;Para negociação;;;;;473275.00;1585471.25;;2023-10-29;MGLU3;;;;;;;;2011-05-02;;;;
FIIM;40.155.573/0001-09;TREND ETF IBOVESPA FUNDO DE INDICE;2023-07-31;502252;582884144.27;AÇÕES E OUTROS TVM CEDIDOS EM EMPRÉSTIMO;Ação ordinária;N;Para negociação;;;;;15488.00;336554.24;;2023-10-29;EZTC3;;;;;;;;2007-06-22;;;;
FIIM;40.155.573/0001-09;TREND ETF IBOVESPA FUNDO DE INDICE;2023-07-31;502252;582884144.27;AÇÕES E OUTROS TVM CEDIDOS EM EMPRÉSTIMO;Ação ordinária;N;Para negociação;;;;;10003.00;824247.20;;2023-10-29;ARZZ3;;;;;;;;2011-02-02;;;;
FIIM;40.155.573/0001-09;TREND ETF IBOVESPA FUNDO DE INDICE;2023-07-31;502252;582884144.27;AÇÕES E OUTROS TVM CEDIDOS EM EMPRÉSTIMO;Ação ordinária;N;Para negociação;;;;;48100.00;2080806.00;;2023-10-29;HYPE3;;;;;;;;2008-04-18;;;;
FIIM;40.155.573/0001-09;TREND ETF IBOVESPA FUNDO DE INDICE;2023-07-31;502252;582884144.27;AÇÕES E OUTROS TVM CEDIDOS EM EMPRÉSTIMO;Ação ordinária;N;Para negociação;;;;;664677.00;3190449.60;;2023-10-29;HAPV3;;;;;;;;2018-04-25;;;;
FIIM;40.155.573/0001-09;TREND ETF IBOVESPA FUNDO DE INDICE;2023-07-31;502252;582884144.27;AÇÕES E OUTROS TVM CEDIDOS EM EMPRÉSTIMO;Ação ordinária;N;Para negociação;;;;;125449.00;2291953.23;;2023-10-29;NTCO3;;;;;;;;2019-12-18;;;;
FIIM;40.155.573/0001-09;TREND ETF IBOVESPA FUNDO DE INDICE;2023-07-31;502252;582884144.27;AÇÕES E OUTROS TVM CEDIDOS EM EMPRÉSTIMO;Ação ordinária;N;Para negociação;;;;;138623.00;5533830.16;;2023-10-29;WEGE3;;;;;;;;2004-08-02;;;;
FIIM;40.155.573/0001-09;TREND ETF IBOVESPA FUNDO DE INDICE;2023-07-31;502252;582884144.27;AÇÕES E OUTROS TVM CEDIDOS EM EMPRÉSTIMO;Ação ordinária;N;Para negociação;;;;;37720.00;1340946.00;;2023-10-29;RRRP3;;;;;;;;2020-11-12;;;;
FIIM;40.155.573/0001-09;TREND ETF IBOVESPA FUNDO DE INDICE;2023-07-31;502252;582884144.27;AÇÕES E OUTROS TVM CEDIDOS EM EMPRÉSTIMO;Ação ordinária;N;Para negociação;;;;;1739.00;42275.09;;2023-10-29;ALSO3;;;;;;;;2019-08-06;;;;
FIIM;40.155.573/0001-09;TREND ETF IBOVESPA FUNDO DE INDICE;2023-07-31;502252;582884144.27;AÇÕES E OUTROS TVM CEDIDOS EM EMPRÉSTIMO;Ação ordinária;N;Para negociação;;;;;69576.00;2929845.36;;2023-10-29;VIVT3;;;;;;;;2011-10-06;;;;
FIIM;40.155.573/0001-09;TREND ETF IBOVESPA FUNDO DE INDICE;2023-07-31;502252;582884144.27;AÇÕES E OUTROS TVM CEDIDOS EM EMPRÉSTIMO;Ação ordinária;N;Para negociação;;;;;93355.00;2704494.35;;2023-10-29;RADL3;;;;;;;;2011-12-19;;;;
FIIM;40.155.573/0001-09;TREND ETF IBOVESPA FUNDO DE INDICE;2023-07-31;502252;582884144.27;AÇÕES E OUTROS TVM CEDIDOS EM EMPRÉSTIMO;Ação ordinária;N;Para negociação;;;;;177544.00;790070.80;;2023-10-29;CMIN3;;;;;;;;2021-05-03;;;;
FIIM;40.155.573/0001-09;TREND ETF IBOVESPA FUNDO DE INDICE;2023-07-31;502252;582884144.27;AÇÕES E OUTROS TVM CEDIDOS EM EMPRÉSTIMO;Ação ordinária;N;Para negociação;;;;;17647.00;302293.11;;2023-10-29;VBBR3;;;;;;;;2021-10-22;;;;
FIIM;40.155.573/0001-09;TREND ETF IBOVESPA FUNDO DE INDICE;2023-07-31;502252;582884144.27;AÇÕES E OUTROS TVM CEDIDOS EM EMPRÉSTIMO;Ação ordinária;N;Para negociação;;;;;120995.00;2412640.30;;2023-10-29;CSAN3;;;;;;;;2005-11-18;;;;
FIIM;40.155.573/0001-09;TREND ETF IBOVESPA FUNDO DE INDICE;2023-07-31;502252;582884144.27;AÇÕES E OUTROS TVM CEDIDOS EM EMPRÉSTIMO;Ação ordinária;N;Para negociação;;;;;231371.00;11149768.49;;2023-10-29;BBAS3;;;;;;;;1973-05-31;;;;
FIIM;40.155.573/0001-09;TREND ETF IBOVESPA FUNDO DE INDICE;2023-07-31;502252;582884144.27;AÇÕES E OUTROS TVM CEDIDOS EM EMPRÉSTIMO;Ação ordinária;N;Para negociação;;;;;40861.00;1799518.44;;2023-10-29;EGIE3;;;;;;;;2016-07-21;;;;
FIIM;40.155.573/0001-09;TREND ETF IBOVESPA FUNDO DE INDICE;2023-07-31;502252;582884144.27;AÇÕES E OUTROS TVM CEDIDOS EM EMPRÉSTIMO;Ação ordinária;N;Para negociação;;;;;71560.00;530259.60;;2023-10-29;LWSA3;;;;;;;;2020-02-06;;;;
FIIM;40.155.573/0001-09;TREND ETF IBOVESPA FUNDO DE INDICE;2023-07-31;502252;582884144.27;AÇÕES E OUTROS TVM CEDIDOS EM EMPRÉSTIMO;Ação ordinária;N;Para negociação;;;;;16276.00;481281.32;;2023-10-29;TOTS3;;;;;;;;2006-03-09;;;;
FIIM;40.155.573/0001-09;TREND ETF IBOVESPA FUNDO DE INDICE;2023-07-31;502252;582884144.27;AÇÕES E OUTROS TVM CEDIDOS EM EMPRÉSTIMO;Ação ordinária;N;Para negociação;;;;;69984.00;1295403.84;;2023-10-29;EMBR3;;;;;;;;1989-08-28;;;;
FIIM;40.155.573/0001-09;TREND ETF IBOVESPA FUNDO DE INDICE;2023-07-31;502252;582884144.27;AÇÕES E OUTROS TVM CEDIDOS EM EMPRÉSTIMO;Ação ordinária;N;Para negociação;;;;;96797.00;4415879.14;;2023-10-29;PRIO3;;;;;;;;2015-06-26;;;;
FIIM;40.155.573/0001-09;TREND ETF IBOVESPA FUNDO DE INDICE;2023-07-31;502252;582884144.27;AÇÕES E OUTROS TVM CEDIDOS EM EMPRÉSTIMO;Ação ordinária;N;Para negociação;;;;;122066.00;4717850.90;;2023-10-29;ELET3;;;;;;;;1983-09-01;;;;
FIIM;40.155.573/0001-09;TREND ETF IBOVESPA FUNDO DE INDICE;2023-07-31;502252;582884144.27;AÇÕES E OUTROS TVM CEDIDOS EM EMPRÉSTIMO;Ação ordinária;N;Para negociação;;;;;71029.00;211666.42;;2023-10-29;CVCB3;;;;;;;;2013-12-09;;;;
FIIM;40.155.573/0001-09;TREND ETF IBOVESPA FUNDO DE INDICE;2023-07-31;502252;582884144.27;AÇÕES E OUTROS TVM CEDIDOS EM EMPRÉSTIMO;Ação ordinária;N;Para negociação;;;;;20469.00;383793.75;;2023-10-29;LREN3;;;;;;;;1973-07-24;;;;
FIIM;40.155.573/0001-09;TREND ETF IBOVESPA FUNDO DE INDICE;2023-07-31;502252;582884144.27;AÇÕES E OUTROS TVM CEDIDOS EM EMPRÉSTIMO;Ação ordinária;N;Para negociação;;;;;829426.00;12358447.40;;2023-10-29;B3SA3;;;;;;;;2018-03-26;;;;
FIIM;40.155.573/0001-09;TREND ETF IBOVESPA FUNDO DE INDICE;2023-07-31;502252;582884144.27;AÇÕES E OUTROS TVM CEDIDOS EM EMPRÉSTIMO;Ação ordinária;N;Para negociação;;;;;42117.00;352519.29;;2023-10-29;DXCO3;;;;;;;;2021-08-19;;;;
FIIM;40.155.573/0001-09;TREND ETF IBOVESPA FUNDO DE INDICE;2023-07-31;502252;582884144.27;AÇÕES E OUTROS TVM CEDIDOS EM EMPRÉSTIMO;Ação ordinária;N;Para negociação;;;;;22324.00;798752.72;;2023-10-29;CPFE3;;;;;;;;2004-09-29;;;;
FIIM;40.155.573/0001-09;TREND ETF IBOVESPA FUNDO DE INDICE;2023-07-31;502252;582884144.27;AÇÕES E OUTROS TVM CEDIDOS EM EMPRÉSTIMO;Ação ordinária;N;Para negociação;;;;;55304.00;387128.00;;2023-10-29;PETZ3;;;;;;;;2020-09-11;;;;
FIIM;40.155.573/0001-09;TREND ETF IBOVESPA FUNDO DE INDICE;2023-07-31;502252;582884144.27;AÇÕES E OUTROS TVM CEDIDOS EM EMPRÉSTIMO;Ação ordinária;N;Para negociação;;;;;250530.00;541144.80;;2023-10-29;VIIA3;;;;;;;;2021-08-16;;;;
FIIM;40.155.573/0001-09;TREND ETF IBOVESPA FUNDO DE INDICE;2023-07-31;502252;582884144.27;AÇÕES E OUTROS TVM CEDIDOS EM EMPRÉSTIMO;Ação ordinária;N;Para negociação;;;;;3300.00;110451.00;;2023-10-29;SMTO3;;;;;;;;2007-02-12;;;;
FIIM;40.155.573/0001-09;TREND ETF IBOVESPA FUNDO DE INDICE;2023-07-31;502252;582884144.27;AÇÕES E OUTROS TVM CEDIDOS EM EMPRÉSTIMO;Ação ordinária;N;Para negociação;;;;;98106.00;957514.56;;2023-10-29;BRFS3;;;;;;;;2009-12-10;;;;
FIIM;40.155.573/0001-09;TREND ETF IBOVESPA FUNDO DE INDICE;2023-07-31;502252;582884144.27;AÇÕES E OUTROS TVM CEDIDOS EM EMPRÉSTIMO;Ação ordinária;N;Para negociação;;;;;180340.00;851204.80;;2023-10-29;CIEL3;;;;;;;;2009-12-18;;;;
FIIM;40.155.573/0001-09;TREND ETF IBOVESPA FUNDO DE INDICE;2023-07-31;502252;582884144.27;AÇÕES E OUTROS TVM CEDIDOS EM EMPRÉSTIMO;Ação ordinária;N;Para negociação;;;;;34422.00;1071212.64;;2023-10-29;BBSE3;;;;;;;;2013-04-29;;;;
FIIM;40.155.573/0001-09;TREND ETF IBOVESPA FUNDO DE INDICE;2023-07-31;502252;582884144.27;AÇÕES E OUTROS TVM CEDIDOS EM EMPRÉSTIMO;Ação ordinária;N;Para negociação;;;;;218441.00;2920556.17;;2023-10-29;ENEV3;;;;;;;;2013-10-22;;;;
FIIM;40.155.573/0001-09;TREND ETF IBOVESPA FUNDO DE INDICE;2023-07-31;502252;582884144.27;AÇÕES E OUTROS TVM CEDIDOS EM EMPRÉSTIMO;Ação ordinária;N;Para negociação;;;;;166940.00;3135133.20;;2023-10-29;JBSS3;;;;;;;;2007-03-29;;;;
FIIM;40.155.573/0001-09;TREND ETF IBOVESPA FUNDO DE INDICE;2023-07-31;502252;582884144.27;AÇÕES E OUTROS TVM CEDIDOS EM EMPRÉSTIMO;Ação ordinária;N;Para negociação;;;;;48210.00;1069779.90;;2023-10-29;YDUQ3;;;;;;;;2019-07-23;;;;
FIIM;40.155.573/0001-09;TREND ETF IBOVESPA FUNDO DE INDICE;2023-07-31;502252;582884144.27;AÇÕES E OUTROS TVM CEDIDOS EM EMPRÉSTIMO;Ação ordinária;N;Para negociação;;;;;21083.00;556802.03;;2023-10-29;MULT3;;;;;;;;2007-07-27;;;;
FIIM;40.155.573/0001-09;TREND ETF IBOVESPA FUNDO DE INDICE;2023-07-31;502252;582884144.27;AÇÕES E OUTROS TVM CEDIDOS EM EMPRÉSTIMO;Ação ordinária;N;Para negociação;;;;;56223.00;3266556.30;;2023-10-29;SBSP3;;;;;;;;1997-03-11;;;;
FIIM;40.155.573/0001-09;TREND ETF IBOVESPA FUNDO DE INDICE;2023-07-31;502252;582884144.27;AÇÕES E OUTROS TVM CEDIDOS EM EMPRÉSTIMO;Ação ordinária;N;Para negociação;;;;;159889.00;5756004.00;;2023-10-29;RDOR3;;;;;;;;2021-06-25;;;;
FIIM;40.155.573/0001-09;TREND ETF IBOVESPA FUNDO DE INDICE;2023-07-31;502252;582884144.27;AÇÕES E OUTROS TVM CEDIDOS EM EMPRÉSTIMO;Ação ordinária;N;Para negociação;;;;;11299.00;112199.07;;2023-10-29;CASH3;;;;;;;;2020-11-05;;;;
FIIM;40.155.573/0001-09;TREND ETF IBOVESPA FUNDO DE INDICE;2023-07-31;502252;582884144.27;AÇÕES E OUTROS TVM CEDIDOS EM EMPRÉSTIMO;Ação ordinária;N;Para negociação;;;;;80650.00;906506.00;;2023-10-29;SOMA3;;;;;;;;2020-07-31;;;;
FIIM;40.155.573/0001-09;TREND ETF IBOVESPA FUNDO DE INDICE;2023-07-31;502252;582884144.27;AÇÕES E OUTROS TVM CEDIDOS EM EMPRÉSTIMO;Ação ordinária;N;Para negociação;;;;;106527.00;2012295.03;;2023-10-29;UGPA3;;;;;;;;1999-10-13;;;;
FIIM;40.155.573/0001-09;TREND ETF IBOVESPA FUNDO DE INDICE;2023-07-31;502252;582884144.27;AÇÕES E OUTROS TVM CEDIDOS EM EMPRÉSTIMO;Ação ordinária;N;Para negociação;;;;;105705.00;1515809.70;;2023-10-29;TIMS3;;;;;;;;2020-10-13;;;;
FIIM;40.155.573/0001-09;TREND ETF IBOVESPA FUNDO DE INDICE;2023-07-31;502252;582884144.27;AÇÕES E OUTROS TVM CEDIDOS EM EMPRÉSTIMO;Ação ordinária;N;Para negociação;;;;;35341.00;491239.90;;2023-10-29;MRVE3;;;;;;;;2007-07-23;;;;
FIIM;40.155.573/0001-09;TREND ETF IBOVESPA FUNDO DE INDICE;2023-07-31;502252;582884144.27;AÇÕES E OUTROS TVM CEDIDOS EM EMPRÉSTIMO;Ação ordinária;N;Para negociação;;;;;443751.00;15446972.31;;2023-10-29;PETR3;;;;;;;;1973-09-18;;;;
FIIM;40.155.573/0001-09;TREND ETF IBOVESPA FUNDO DE INDICE;2023-07-31;502252;582884144.27;AÇÕES E OUTROS TVM CEDIDOS EM EMPRÉSTIMO;Ação ordinária;N;Para negociação;;;;;13408.00;551336.96;;2023-10-29;IRBR3;;;;;;;;2017-07-31;;;;
FIIM;40.155.573/0001-09;TREND ETF IBOVESPA FUNDO DE INDICE;2023-07-31;502252;582884144.27;AÇÕES E OUTROS TVM CEDIDOS EM EMPRÉSTIMO;Ação ordinária;N;Para negociação;;;;;438.00;19118.70;;2023-10-29;SLCE3;;;;;;;;2007-06-15;;;;
FIIM;40.155.573/0001-09;TREND ETF IBOVESPA FUNDO DE INDICE;2023-07-31;502252;582884144.27;AÇÕES E OUTROS TVM CEDIDOS EM EMPRÉSTIMO;Ação ordinária;N;Para negociação;;;;;686716.00;10204599.76;;2023-10-29;ABEV3;;;;;;;;2013-11-11;;;;
FIIM;40.155.573/0001-09;TREND ETF IBOVESPA FUNDO DE INDICE;2023-07-31;502252;582884144.27;AÇÕES E OUTROS TVM CEDIDOS EM EMPRÉSTIMO;Ação ordinária;N;Para negociação;;;;;43200.00;435888.00;;2023-10-29;BEEF3;;;;;;;;2007-07-20;;;;
FIIM;40.155.573/0001-09;TREND ETF IBOVESPA FUNDO DE INDICE;2023-07-31;502252;582884144.27;AÇÕES E OUTROS TVM CEDIDOS EM EMPRÉSTIMO;Ação ordinária;N;Para negociação;;;;;237150.00;794452.50;;2023-10-29;COGN3;;;;;;;;2019-10-11;;;;
FIIM;40.155.573/0001-09;TREND ETF IBOVESPA FUNDO DE INDICE;2023-07-31;502252;582884144.27;AÇÕES E OUTROS TVM CEDIDOS EM EMPRÉSTIMO;Ação ordinária;N;Para negociação;;;;;93581.00;6472061.96;;2023-10-29;VALE3;;;;;;;;1982-02-15;;;;
FIIM;40.155.573/0001-09;TREND ETF IBOVESPA FUNDO DE INDICE;2023-07-31;502252;582884144.27;AÇÕES E OUTROS TVM CEDIDOS EM EMPRÉSTIMO;Ação ordinária;N;Para negociação;;;;;18684.00;1255938.48;;2023-10-29;RENT3;;;;;;;;2005-05-23;;;;
FIIM;40.155.573/0001-09;TREND ETF IBOVESPA FUNDO DE INDICE;2023-07-31;502252;582884144.27;AÇÕES E OUTROS TVM CEDIDOS EM EMPRÉSTIMO;Ação ordinária;N;Para negociação;;;;;66919.00;1078065.09;;2023-10-29;FLRY3;;;;;;;;2009-12-17;;;;
FIIM;40.155.573/0001-09;TREND ETF IBOVESPA FUNDO DE INDICE;2023-07-31;502252;582884144.27;AÇÕES E OUTROS TVM CEDIDOS EM EMPRÉSTIMO;Ação ordinária;N;Para negociação;;;;;85685.00;2873874.90;;2023-10-29;EQTL3;;;;;;;;2006-04-03;;;;
FIIM;40.155.573/0001-09;TREND ETF IBOVESPA FUNDO DE INDICE;2023-07-31;502252;582884144.27;AÇÕES E OUTROS TVM CEDIDOS EM EMPRÉSTIMO;Ação preferencial;N;Para negociação;;;;;725614.00;22573851.54;;2023-10-29;PETR4;;;;;;;;1973-09-18;;;;
FIIM;40.155.573/0001-09;TREND ETF IBOVESPA FUNDO DE INDICE;2023-07-31;502252;582884144.27;AÇÕES E OUTROS TVM CEDIDOS EM EMPRÉSTIMO;Ação preferencial;N;Para negociação;;;;;40770.00;957687.30;;2023-10-29;BRAP4;;;;;;;;2000-08-10;;;;
FIIM;40.155.573/0001-09;TREND ETF IBOVESPA FUNDO DE INDICE;2023-07-31;502252;582884144.27;AÇÕES E OUTROS TVM CEDIDOS EM EMPRÉSTIMO;Ação preferencial;N;Para negociação;;;;;217786.00;2138658.52;;2023-10-29;ITSA4;;;;;;;;1973-09-17;;;;
FIIM;40.155.573/0001-09;TREND ETF IBOVESPA FUNDO DE INDICE;2023-07-31;502252;582884144.27;AÇÕES E OUTROS TVM CEDIDOS EM EMPRÉSTIMO;Ação preferencial;N;Para negociação;;;;;110480.00;923612.80;;2023-10-29;CPLE6;;;;;;;;1996-11-14;;;;
FIIM;40.155.573/0001-09;TREND ETF IBOVESPA FUNDO DE INDICE;2023-07-31;502252;582884144.27;AÇÕES E OUTROS TVM CEDIDOS EM EMPRÉSTIMO;Ação preferencial;N;Para negociação;;;;;189968.00;790266.88;;2023-10-29;RAIZ4;;;;;;;;2021-08-05;;;;
FIIM;40.155.573/0001-09;TREND ETF IBOVESPA FUNDO DE INDICE;2023-07-31;502252;582884144.27;AÇÕES E OUTROS TVM CEDIDOS EM EMPRÉSTIMO;Ação preferencial;N;Para negociação;;;;;84001.00;1155013.75;;2023-10-29;GOAU4;;;;;;;;1973-08-27;;;;
FIIM;40.155.573/0001-09;TREND ETF IBOVESPA FUNDO DE INDICE;2023-07-31;502252;582884144.27;AÇÕES E OUTROS TVM CEDIDOS EM EMPRÉSTIMO;Ação preferencial;N;Para negociação;;;;;179954.00;5263654.50;;2023-10-29;GGBR4;;;;;;;;2001-02-01;;;;
FIIM;40.155.573/0001-09;TREND ETF IBOVESPA FUNDO DE INDICE;2023-07-31;502252;582884144.27;AÇÕES E OUTROS TVM CEDIDOS EM EMPRÉSTIMO;Ação preferencial;N;Para negociação;;;;;799954.00;13327233.64;;2023-10-29;BBDC4;;;;;;;;1973-12-06;;;;
FIIM;40.155.573/0001-09;TREND ETF IBOVESPA FUNDO DE INDICE;2023-07-31;502252;582884144.27;AÇÕES E OUTROS TVM CEDIDOS EM EMPRÉSTIMO;Ação preferencial;N;Para negociação;;;;;34528.00;332504.64;;2023-10-29;GOLL4;;;;;;;;2004-06-24;;;;
FIIM;40.155.573/0001-09;TREND ETF IBOVESPA FUNDO DE INDICE;2023-07-31;502252;582884144.27;AÇÕES E OUTROS TVM CEDIDOS EM EMPRÉSTIMO;Ação preferencial;N;Para negociação;;;;;17286.00;166464.18;;2023-10-29;ALPA4;;;;;;;;1973-03-19;;;;
FIIM;40.155.573/0001-09;TREND ETF IBOVESPA FUNDO DE INDICE;2023-07-31;502252;582884144.27;AÇÕES E OUTROS TVM CEDIDOS EM EMPRÉSTIMO;Ação preferencial;N;Para negociação;;;;;32240.00;1406631.20;;2023-10-29;ELET6;;;;;;;;1974-11-13;;;;
FIIM;40.155.573/0001-09;TREND ETF IBOVESPA FUNDO DE INDICE;2023-07-31;502252;582884144.27;AÇÕES E OUTROS TVM CEDIDOS EM EMPRÉSTIMO;Ação preferencial;N;Para negociação;;;;;41121.00;727841.70;;2023-10-29;AZUL4;;;;;;;;2017-04-11;;;;
FIIM;40.155.573/0001-09;TREND ETF IBOVESPA FUNDO DE INDICE;2023-07-31;502252;582884144.27;AÇÕES E OUTROS TVM CEDIDOS EM EMPRÉSTIMO;Ação preferencial;N;Para negociação;;;;;227817.00;6524678.88;;2023-10-29;ITUB4;;;;;;;;2009-05-20;;;;
FIIM;40.155.573/0001-09;TREND ETF IBOVESPA FUNDO DE INDICE;2023-07-31;502252;582884144.27;AÇÕES E OUTROS TVM CEDIDOS EM EMPRÉSTIMO;Ação preferencial;N;Para negociação;;;;;126353.00;1600892.51;;2023-10-29;CMIG4;;;;;;;;1973-08-20;;;;
FIIM;40.155.573/0001-09;TREND ETF IBOVESPA FUNDO DE INDICE;2023-07-31;502252;582884144.27;AÇÕES E OUTROS TVM CEDIDOS EM EMPRÉSTIMO;Ação preferencial;N;Para negociação;;;;;81761.00;591132.03;;2023-10-29;USIM5;;;;;;;;1999-02-02;;;;
FIIM;40.155.573/0001-09;TREND ETF IBOVESPA FUNDO DE INDICE;2023-07-31;502252;582884144.27;AÇÕES E OUTROS TVM CEDIDOS EM EMPRÉSTIMO;Ação preferencial;N;Para negociação;;;;;19868.00;504647.20;;2023-10-29;BRKM5;;;;;;;;2002-09-02;;;;
FIIM;40.155.573/0001-09;TREND ETF IBOVESPA FUNDO DE INDICE;2023-07-31;502252;582884144.27;AÇÕES E OUTROS TVM CEDIDOS EM EMPRÉSTIMO;Certificado de depósito de ações;N;Para negociação;;;;;135668.00;4614068.68;;2023-10-29;;BPAC11;;PJ;30306294000145;BANCO BTG PACTUAL S.A.;;;;;;;
FIIM;40.155.573/0001-09;TREND ETF IBOVESPA FUNDO DE INDICE;2023-07-31;502252;582884144.27;AÇÕES E OUTROS TVM CEDIDOS EM EMPRÉSTIMO;Certificado de depósito de ações;N;Para negociação;;;;;115507.00;2656661.00;;2023-10-29;KLBN11;;;;;;;;2014-01-10;;;;
FIIM;40.155.573/0001-09;TREND ETF IBOVESPA FUNDO DE INDICE;2023-07-31;502252;582884144.27;AÇÕES E OUTROS TVM CEDIDOS EM EMPRÉSTIMO;Certificado de depósito de ações;N;Para negociação;;;;;31035.00;1557646.65;;2023-10-29;ENGI11;;;;;;;;2009-11-03;;;;
FIIM;40.155.573/0001-09;TREND ETF IBOVESPA FUNDO DE INDICE;2023-07-31;502252;582884144.27;AÇÕES E OUTROS TVM CEDIDOS EM EMPRÉSTIMO;Certificado de depósito de ações;N;Para negociação;;;;;35590.00;778709.20;;2023-10-29;IGTI11;;;;;;;;2021-11-22;;;;
FIIM;40.155.573/0001-09;TREND ETF IBOVESPA FUNDO DE INDICE;2023-07-31;502252;582884144.27;AÇÕES E OUTROS TVM CEDIDOS EM EMPRÉSTIMO;Certificado de depósito de ações;N;Para negociação;;;;;196300.00;6676163.00;;2023-10-29;BPAC11;;;;;;;;2017-02-16;;;;
FIIM;40.155.573/0001-09;TREND ETF IBOVESPA FUNDO DE INDICE;2023-07-31;502252;582884144.27;AÇÕES E OUTROS TVM CEDIDOS EM EMPRÉSTIMO;Certificado de depósito de ações;N;Para negociação;;;;;58230.00;1663048.80;;2023-10-29;SANB11;;;;;;;;2009-10-07;;;;
FIIM;40.155.573/0001-09;TREND ETF IBOVESPA FUNDO DE INDICE;2023-07-31;502252;582884144.27;AÇÕES E OUTROS TVM CEDIDOS EM EMPRÉSTIMO;Certificado de depósito de ações;N;Para negociação;;;;;36243.00;1304748.00;;2023-10-29;TAEE11;;;;;;;;2012-05-28;;;;
FIIM;40.155.573/0001-09;TREND ETF IBOVESPA FUNDO DE INDICE;2023-07-31;502252;582884144.27;CERTIFICADO OU RECIBO DE DEPÓSITO DE VALORES MOBILIÁRIOS;Certificado de depósito de ações;N;Para negociação;;;;;22965.00;826740.00;;2023-10-29;TAEE11;;;;;;;;2012-05-28;;;;
FIIM;40.155.573/0001-09;TREND ETF IBOVESPA FUNDO DE INDICE;2023-07-31;502252;582884144.27;CERTIFICADO OU RECIBO DE DEPÓSITO DE VALORES MOBILIÁRIOS;Certificado de depósito de ações;N;Para negociação;;;;;36275.00;1820642.25;;2023-10-29;ENGI11;;;;;;;;2009-11-03;;;;
FIIM;40.155.573/0001-09;TREND ETF IBOVESPA FUNDO DE INDICE;2023-07-31;502252;582884144.27;CERTIFICADO OU RECIBO DE DEPÓSITO DE VALORES MOBILIÁRIOS;Certificado de depósito de ações;N;Para negociação;;;;;22852.00;500001.76;;2023-10-29;IGTI11;;;;;;;;2021-11-22;;;;
FIIM;40.155.573/0001-09;TREND ETF IBOVESPA FUNDO DE INDICE;2023-07-31;502252;582884144.27;CERTIFICADO OU RECIBO DE DEPÓSITO DE VALORES MOBILIÁRIOS;Certificado de depósito de ações;N;Para negociação;;;;;38110.00;1088421.60;;2023-10-29;SANB11;;;;;;;;2009-10-07;;;;
FIIM;40.155.573/0001-09;TREND ETF IBOVESPA FUNDO DE INDICE;2023-07-31;502252;582884144.27;CERTIFICADO OU RECIBO DE DEPÓSITO DE VALORES MOBILIÁRIOS;Certificado de depósito de ações;N;Para negociação;;;;;74630.00;1716490.00;;2023-10-29;KLBN11;;;;;;;;2014-01-10;;;;
FIIM;40.751.130/0001-80;INVESTO ETF MSCI US TECHNOLOGY FUNDO DE INVESTIMENTO DE INDICE - INVESTIMENTO NO EXTERIOR;2023-07-31;502164;37273890.57;COTAS DE FUNDOS;;N;;90.78;11086.66;7.28;888.11;206.26;25361.83;;;;;;PJ;43105440000116;BNP Paribas Soberano II FIC FI RF Simples;;;;;;;
FIIM;40.755.515/0001-16;HASHDEX DEFI INDEX FUNDO DE ÍNDICE;2023-07-31;500305;18793972.34;DISPONIBILIDADES;Outros;;Para negociação;;;;;;5505.46;;2023-10-29;;Disponibilidade;;;;;;;;;;;
FIIM;40.755.515/0001-16;HASHDEX DEFI INDEX FUNDO DE ÍNDICE;2023-07-31;500305;18793972.34;VALORES A PAGAR;Outros;;Para negociação;;;;;;16046.36;;2023-10-29;;Valores a Pagar;;;;;;;;;;;
FIIM;40.755.515/0001-16;HASHDEX DEFI INDEX FUNDO DE ÍNDICE;2023-07-31;500305;18793972.34;VALORES A RECEBER;Outros;;Para negociação;;;;;;14152.88;;2023-10-29;;Valores a Receber;;;;;;;;;;;
FIIM;40.755.515/0001-16;HASHDEX DEFI INDEX FUNDO DE ÍNDICE;2023-07-31;500305;18793972.34;INVESTIMENTO NO EXTERIOR;Outros;N;Para negociação;0.10;160.07;0.00;0.00;28.25;45222.68;;2023-10-29;HASH DEFI11;;2050-12-29;;;HASH DEFI CLASS C;N;;;28;ESTADOS UNIDOS DA AMÉRICA;99;OUTRAS BOLSAS OU MERCADOS DE BALCÃO ORGANIZADOS
FIIM;40.755.515/0001-16;HASHDEX DEFI INDEX FUNDO DE ÍNDICE;2023-07-31;500305;18793972.34;INVESTIMENTO NO EXTERIOR;Outros;N;Para negociação;9.00;14017.51;0.00;0.00;11705.00;18737702.49;;2023-10-29;HASH DEFI11;;2050-12-29;;;HASH DEFI CLASS B;N;;;28;ESTADOS UNIDOS DA AMÉRICA;99;OUTRAS BOLSAS OU MERCADOS DE BALCÃO ORGANIZADOS
FIIM;40.952.802/0001-16;TREND ETF MSCI US TECHNOLOGY FUNDO DE INVESTIMENTO DE ÍNDICE;2023-07-31;502192;144848450.87;COTAS DE FUNDOS;;N;;289.40;35333.00;339.67;41650.96;398.40;48988.87;;;;;;PJ;43105440000116;BNP Paribas Soberano II FIC FI RF Simples;;;;;;;
FIIM;40.953.254/0001-49;TREND ETF MSCI USA ESG FUNDO DE INVESTIMENTO DE ÍNDICE - INVESTIMENTO NO EXTERIOR;2023-07-31;502169;49858030.73;COTAS DE FUNDOS;;N;;256.22;31373.96;332.25;40721.03;271.59;33395.24;;;;;;PJ;43105440000116;BNP Paribas Soberano II FIC FI RF Simples;;;;;;;
FIIM;40.953.725/0001-19;TREND ETF MSCI EMERGING MARKETS ESG FUNDO DE INVESTIMENTO DE ÍNDICE - INVESTIMENTO NO EXTERIOR;2023-07-31;502167;19472712.24;COTAS DE FUNDOS;;N;;208.72;25510.61;8.00;977.81;104.17;12808.55;;;;;;PJ;43105440000116;BNP Paribas Soberano II FIC FI RF Simples;;;;;;;
FIIM;40.953.905/0001-09;TREND ETF MSCI EAFE ESG FUNDO DE INVESTIMENTO DE ÍNDICE - INVESTIMENTO NO EXTERIOR;2023-07-31;502168;40972985.89;COTAS DE FUNDOS;;N;;190.89;23363.74;156.99;19240.96;126.36;15537.33;;;;;;PJ;43105440000116;BNP Paribas Soberano II FIC FI RF Simples;;;;;;;
FIIM;40.955.945/0001-81;TREND ETF FTSE US REITS FUNDO DE INVESTIMENTO DE ÍNDICE;2023-07-31;502190;12403430.89;COTAS DE FUNDOS;;N;;40.85;4994.11;10.33;1261.27;276.57;34007.71;;;;;;PJ;43105440000116;BNP Paribas Soberano II FIC FI RF Simples;;;;;;;
FIIM;41.012.711/0001-63;IT NOW S&P® KENSHO® MOONSHOTS FUNDO DE INDICE;2023-07-31;501321;5587416.83;DISPONIBILIDADES;;;Para negociação;;;;;;111219.68;;;DISPONIBILIDADES;;;;;;;;;;;;
FIIM;41.012.711/0001-63;IT NOW S&P® KENSHO® MOONSHOTS FUNDO DE INDICE;2023-07-31;501321;5587416.83;VALORES A PAGAR;;;Para negociação;;;;;;250958.42;;;VALORES A PAGAR;;;;;;;;;;;;
FIIM;41.012.711/0001-63;IT NOW S&P® KENSHO® MOONSHOTS FUNDO DE INDICE;2023-07-31;501321;5587416.83;VALORES A RECEBER;;;Para negociação;;;;;;141566.00;;;VALORES A RECEBER;;;;;;;;;;;;
FIIM;41.012.711/0001-63;IT NOW S&P® KENSHO® MOONSHOTS FUNDO DE INDICE;2023-07-31;501321;5587416.83;INVESTIMENTO NO EXTERIOR;;N;Para negociação;0.00;0.00;0.00;0.00;9240.00;112462.47;;;;;;;;BUTTERFLY NETWORK INC - 9240;;;2049-12-31;;;;
FIIM;41.012.711/0001-63;IT NOW S&P® KENSHO® MOONSHOTS FUNDO DE INDICE;2023-07-31;501321;5587416.83;INVESTIMENTO NO EXTERIOR;;N;Para negociação;0.00;0.00;0.00;0.00;7529.00;83436.42;;;;;;;;TUSIMPLE HOLDINGS INC - 7529;;;2049-12-31;;;;
FIIM;41.012.711/0001-63;IT NOW S&P® KENSHO® MOONSHOTS FUNDO DE INDICE;2023-07-31;501321;5587416.83;INVESTIMENTO NO EXTERIOR;;N;Para negociação;0.00;0.00;0.00;0.00;1745.00;78592.02;;;;;;;;AVIDITY BIOSCIENCES INC - 1745;;;2049-12-31;;;;
FIIM;41.012.711/0001-63;IT NOW S&P® KENSHO® MOONSHOTS FUNDO DE INDICE;2023-07-31;501321;5587416.83;INVESTIMENTO NO EXTERIOR;;N;Para negociação;0.00;0.00;0.00;0.00;2218.00;113550.68;;;;;;;;BIGCOMMERCE HOLDING-SER 1 - 2218;;;2049-12-31;;;;
FIIM;41.012.711/0001-63;IT NOW S&P® KENSHO® MOONSHOTS FUNDO DE INDICE;2023-07-31;501321;5587416.83;INVESTIMENTO NO EXTERIOR;;N;Para negociação;14.00;50.40;0.00;0.00;7378.00;85956.01;;;;;;;;EOS ENERGY ENTERPRISES INC - 7378;;;2049-12-31;;;;
FIIM;41.012.711/0001-63;IT NOW S&P® KENSHO® MOONSHOTS FUNDO DE INDICE;2023-07-31;501321;5587416.83;INVESTIMENTO NO EXTERIOR;;N;Para negociação;0.00;0.00;0.00;0.00;5235.00;30990.54;;;;;;;;AEVA TECHNOLOGIES INC - 5235;;;2049-12-31;;;;
FIIM;41.012.711/0001-63;IT NOW S&P® KENSHO® MOONSHOTS FUNDO DE INDICE;2023-07-31;501321;5587416.83;INVESTIMENTO NO EXTERIOR;;N;Para negociação;0.00;0.00;0.00;0.00;1254.00;109096.09;;;;;;;;FASTLY INC - CLASS A - 1254;;;2049-12-31;;;;
FIIM;41.012.711/0001-63;IT NOW S&P® KENSHO® MOONSHOTS FUNDO DE INDICE;2023-07-31;501321;5587416.83;INVESTIMENTO NO EXTERIOR;;N;Para negociação;0.00;0.00;0.00;0.00;2641.00;66039.66;;;;;;;;VUZIX CORP - 2641;;;2049-12-31;;;;
FIIM;41.012.711/0001-63;IT NOW S&P® KENSHO® MOONSHOTS FUNDO DE INDICE;2023-07-31;501321;5587416.83;INVESTIMENTO NO EXTERIOR;;N;Para negociação;0.00;0.00;0.00;0.00;1172.00;113729.22;;;;;;;;VERVE THERAPEUTICS INC - 1172;;;2049-12-31;;;;
FIIM;41.012.711/0001-63;IT NOW S&P® KENSHO® MOONSHOTS FUNDO DE INDICE;2023-07-31;501321;5587416.83;INVESTIMENTO NO EXTERIOR;;N;Para negociação;0.00;0.00;0.00;0.00;1133.00;98193.67;;;;;;;;4D MOLECULAR THERAPEUTICS IN - 1133;;;2049-12-31;;;;
FIIM;41.012.711/0001-63;IT NOW S&P® KENSHO® MOONSHOTS FUNDO DE INDICE;2023-07-31;501321;5587416.83;INVESTIMENTO NO EXTERIOR;;N;Para negociação;0.00;0.00;0.00;0.00;5099.00;50470.06;;;;;;;;ATAI LIFE SCIENCES NV - 5099;;;2049-12-31;;;;
FIIM;41.012.711/0001-63;IT NOW S&P® KENSHO® MOONSHOTS FUNDO DE INDICE;2023-07-31;501321;5587416.83;INVESTIMENTO NO EXTERIOR;;N;Para negociação;0.00;0.00;0.00;0.00;4964.00;96857.11;;;;;;;;VIMEO INC - 4964;;;2049-12-31;;;;
FIIM;41.012.711/0001-63;IT NOW S&P® KENSHO® MOONSHOTS FUNDO DE INDICE;2023-07-31;501321;5587416.83;INVESTIMENTO NO EXTERIOR;;N;Para negociação;2.00;64.38;0.00;0.00;693.00;108764.77;;;;;;;;SQUARESPACE INC - CLASS A - 693;;;2049-12-31;;;;
FIIM;41.012.711/0001-63;IT NOW S&P® KENSHO® MOONSHOTS FUNDO DE INDICE;2023-07-31;501321;5587416.83;INVESTIMENTO NO EXTERIOR;;N;Para negociação;0.00;0.00;0.00;0.00;5564.00;103557.65;;;;;;;;BLUEBIRD BIO INC - 5564;;;2049-12-31;;;;
FIIM;41.012.711/0001-63;IT NOW S&P® KENSHO® MOONSHOTS FUNDO DE INDICE;2023-07-31;501321;5587416.83;INVESTIMENTO NO EXTERIOR;;N;Para negociação;0.00;0.00;0.00;0.00;4976.00;100861.78;;;;;;;;VIRGIN GALACTIC HOLDINGS INC - 4976;;;2049-12-31;;;;
FIIM;41.012.711/0001-63;IT NOW S&P® KENSHO® MOONSHOTS FUNDO DE INDICE;2023-07-31;501321;5587416.83;INVESTIMENTO NO EXTERIOR;;N;Para negociação;0.00;0.00;0.00;0.00;8329.00;77707.26;;;;;;;;HYLLION HOLDINGS - 8329;;;2049-12-31;;;;
FIIM;41.012.711/0001-63;IT NOW S&P® KENSHO® MOONSHOTS FUNDO DE INDICE;2023-07-31;501321;5587416.83;INVESTIMENTO NO EXTERIOR;;N;Para negociação;2.00;87.92;0.00;0.00;474.00;95023.08;;;;;;;;INTELLIA THERAPEUTICS INC - 474;;;2049-12-31;;;;
FIIM;41.012.711/0001-63;IT NOW S&P® KENSHO® MOONSHOTS FUNDO DE INDICE;2023-07-31;501321;5587416.83;INVESTIMENTO NO EXTERIOR;;N;Para negociação;0.00;0.00;0.00;0.00;1968.00;81831.80;;;;;;;;EDITAS MEDICINE INC - 1968;;;2049-12-31;;;;
FIIM;41.012.711/0001-63;IT NOW S&P® KENSHO® MOONSHOTS FUNDO DE INDICE;2023-07-31;501321;5587416.83;INVESTIMENTO NO EXTERIOR;;N;Para negociação;2.00;93.06;0.00;0.00;723.00;235198.38;;;;;;;;UPSTART HOLDINGS INC - 723;;;2049-12-31;;;;
FIIM;41.012.711/0001-63;IT NOW S&P® KENSHO® MOONSHOTS FUNDO DE INDICE;2023-07-31;501321;5587416.83;INVESTIMENTO NO EXTERIOR;;N;Para negociação;45.00;91.80;0.00;0.00;11583.00;137688.38;;;;;;;;GINKGO BIOWORKS HOLDINGS INC - 11583;;;2049-12-31;;;;
FIIM;41.012.711/0001-63;IT NOW S&P® KENSHO® MOONSHOTS FUNDO DE INDICE;2023-07-31;501321;5587416.83;INVESTIMENTO NO EXTERIOR;;N;Para negociação;1.00;105.31;0.00;0.00;388.00;181198.75;;;;;;;;COINBASE GLOBAL INC - 388;;;2049-12-31;;;;
FIIM;41.012.711/0001-63;IT NOW S&P® KENSHO® MOONSHOTS FUNDO DE INDICE;2023-07-31;501321;5587416.83;INVESTIMENTO NO EXTERIOR;;N;Para negociação;2.00;54.58;0.00;0.00;883.00;112699.50;;;;;;;;DROPBOX INC - 883;;;2049-12-31;;;;
FIIM;41.012.711/0001-63;IT NOW S&P® KENSHO® MOONSHOTS FUNDO DE INDICE;2023-07-31;501321;5587416.83;INVESTIMENTO NO EXTERIOR;;N;Para negociação;10.00;69.90;0.00;0.00;3075.00;107765.40;;;;;;;;LUMINAR TECHNOLOGIES INC - 3075;;;2049-12-31;;;;
FIIM;41.012.711/0001-63;IT NOW S&P® KENSHO® MOONSHOTS FUNDO DE INDICE;2023-07-31;501321;5587416.83;INVESTIMENTO NO EXTERIOR;;N;Para negociação;0.00;0.00;0.00;0.00;4683.00;104681.19;;;;;;;;BALLARD POWER SYSTEMS INC - 4683;;;2049-12-31;;;;
FIIM;41.012.711/0001-63;IT NOW S&P® KENSHO® MOONSHOTS FUNDO DE INDICE;2023-07-31;501321;5587416.83;INVESTIMENTO NO EXTERIOR;;N;Para negociação;0.00;0.00;0.00;0.00;2097.00;94147.60;;;;;;;;INDIE SEMICONDUCTOR INC - 2097;;;2049-12-31;;;;
FIIM;41.012.711/0001-63;IT NOW S&P® KENSHO® MOONSHOTS FUNDO DE INDICE;2023-07-31;501321;5587416.83;INVESTIMENTO NO EXTERIOR;;N;Para negociação;1.00;56.91;0.00;0.00;329.00;89326.50;;;;;;;;CRISPR THERAPEUTICS AG - 329;;;2049-12-31;;;;
FIIM;41.012.711/0001-63;IT NOW S&P® KENSHO® MOONSHOTS FUNDO DE INDICE;2023-07-31;501321;5587416.83;INVESTIMENTO NO EXTERIOR;;N;Para negociação;3.00;55.02;0.00;0.00;1931.00;207226.21;;;;;;;;EHANG HOLDINGS LTD-SPS ADR - 1931;;;2049-12-31;;;;
FIIM;41.012.711/0001-63;IT NOW S&P® KENSHO® MOONSHOTS FUNDO DE INDICE;2023-07-31;501321;5587416.83;INVESTIMENTO NO EXTERIOR;;N;Para negociação;4.00;52.60;0.00;0.00;2027.00;109052.24;;;;;;;;SNAP INC - 2027;;;2049-12-31;;;;
FIIM;41.012.711/0001-63;IT NOW S&P® KENSHO® MOONSHOTS FUNDO DE INDICE;2023-07-31;501321;5587416.83;INVESTIMENTO NO EXTERIOR;;N;Para negociação;90.00;89.04;0.00;0.00;23086.00;145412.87;;;;;;;;WORKHORSE GROUP INC - 23086;;;2049-12-31;;;;
FIIM;41.012.711/0001-63;IT NOW S&P® KENSHO® MOONSHOTS FUNDO DE INDICE;2023-07-31;501321;5587416.83;INVESTIMENTO NO EXTERIOR;;N;Para negociação;0.00;0.00;0.00;0.00;257.00;101532.67;;;;;;;;AMBARELLA INC - 257;;;2049-12-31;;;;
FIIM;41.012.711/0001-63;IT NOW S&P® KENSHO® MOONSHOTS FUNDO DE INDICE;2023-07-31;501321;5587416.83;INVESTIMENTO NO EXTERIOR;;N;Para negociação;68.00;153.00;0.00;0.00;34813.00;440205.26;;;;;;;;NIKOLA CORP - 34813;;;2049-12-31;;;;
FIIM;41.012.711/0001-63;IT NOW S&P® KENSHO® MOONSHOTS FUNDO DE INDICE;2023-07-31;501321;5587416.83;INVESTIMENTO NO EXTERIOR;;N;Para negociação;30.00;93.30;0.00;0.00;8630.00;126699.53;;;;;;;;NANO DIMENSION LTD - ADR - 8630;;;2049-12-31;;;;
FIIM;41.012.711/0001-63;IT NOW S&P® KENSHO® MOONSHOTS FUNDO DE INDICE;2023-07-31;501321;5587416.83;INVESTIMENTO NO EXTERIOR;;N;Para negociação;0.00;0.00;0.00;0.00;1081.00;35631.77;;;;;;;;908 DEVICES INC - 1081;;;2049-12-31;;;;
FIIM;41.012.711/0001-63;IT NOW S&P® KENSHO® MOONSHOTS FUNDO DE INDICE;2023-07-31;501321;5587416.83;INVESTIMENTO NO EXTERIOR;;N;Para negociação;6.00;86.76;0.00;0.00;1507.00;118973.81;;;;;;;;SPRINT CORP - 1507;;;2049-12-31;;;;
FIIM;41.012.711/0001-63;IT NOW S&P® KENSHO® MOONSHOTS FUNDO DE INDICE;2023-07-31;501321;5587416.83;INVESTIMENTO NO EXTERIOR;;N;Para negociação;0.00;0.00;0.00;0.00;1195.00;74251.33;;;;;;;;XPERI HOLDING CORP - 1195;;;2049-12-31;;;;
FIIM;41.012.711/0001-63;IT NOW S&P® KENSHO® MOONSHOTS FUNDO DE INDICE;2023-07-31;501321;5587416.83;INVESTIMENTO NO EXTERIOR;;N;Para negociação;0.00;0.00;0.00;0.00;2734.00;51791.80;;;;;;;;MICROVISION INC - 2734;;;2049-12-31;;;;
FIIM;41.012.711/0001-63;IT NOW S&P® KENSHO® MOONSHOTS FUNDO DE INDICE;2023-07-31;501321;5587416.83;INVESTIMENTO NO EXTERIOR;;N;Para negociação;2.00;88.68;0.00;0.00;594.00;128953.63;;;;;;;;UNITY SOFTWARE INC - 594;;;2049-12-31;;;;
FIIM;41.012.711/0001-63;IT NOW S&P® KENSHO® MOONSHOTS FUNDO DE INDICE;2023-07-31;501321;5587416.83;INVESTIMENTO NO EXTERIOR;;N;Para negociação;0.00;0.00;0.00;0.00;287.00;104468.36;;;;;;;;OKTA INC - 287;;;2049-12-31;;;;
FIIM;41.012.711/0001-63;IT NOW S&P® KENSHO® MOONSHOTS FUNDO DE INDICE;2023-07-31;501321;5587416.83;INVESTIMENTO NO EXTERIOR;;N;Para negociação;6.00;100.44;0.00;0.00;1315.00;118762.40;;;;;;;;BILIBILI INC-ADR - 1315;;;2049-12-31;;;;
FIIM;41.012.711/0001-63;IT NOW S&P® KENSHO® MOONSHOTS FUNDO DE INDICE;2023-07-31;501321;5587416.83;INVESTIMENTO NO EXTERIOR;;N;Para negociação;10.00;123.80;0.00;0.00;2192.00;133500.85;;;;;;;;ROBINHOOD MARKETS INC - A - 2192;;;2049-12-31;;;;
FIIM;41.012.711/0001-63;IT NOW S&P® KENSHO® MOONSHOTS FUNDO DE INDICE;2023-07-31;501321;5587416.83;INVESTIMENTO NO EXTERIOR;;N;Para negociação;10.00;116.70;0.00;0.00;2113.00;119883.34;;;;;;;;ROIVANT SCIENCES LTD - 2113;;;2049-12-31;;;;
FIIM;41.012.711/0001-63;IT NOW S&P® KENSHO® MOONSHOTS FUNDO DE INDICE;2023-07-31;501321;5587416.83;INVESTIMENTO NO EXTERIOR;;N;Para negociação;0.00;0.00;0.00;0.00;568.00;112979.63;;;;;;;;C3.AI INC-A - 568;;;2049-12-31;;;;
FIIM;41.012.711/0001-63;IT NOW S&P® KENSHO® MOONSHOTS FUNDO DE INDICE;2023-07-31;501321;5587416.83;INVESTIMENTO NO EXTERIOR;;N;Para negociação;30.00;95.10;0.00;0.00;7083.00;137531.95;;;;;;;;INNOVIZ TECHNOLOGIES LTD - 7083;;;2049-12-31;;;;
FIIM;41.012.711/0001-63;IT NOW S&P® KENSHO® MOONSHOTS FUNDO DE INDICE;2023-07-31;501321;5587416.83;INVESTIMENTO NO EXTERIOR;;N;Para negociação;0.00;0.00;0.00;0.00;9136.00;83072.99;;;;;;;;23ANDME HOLDING CO -CLASS A - 9136;;;2049-12-31;;;;
FIIM;41.012.711/0001-63;IT NOW S&P® KENSHO® MOONSHOTS FUNDO DE INDICE;2023-07-31;501321;5587416.83;INVESTIMENTO NO EXTERIOR;;N;Para negociação;0.00;0.00;0.00;0.00;3234.00;116554.00;;;;;;;;LUCID GROUP - 3234;;;2049-12-31;;;;
FIIM;41.012.711/0001-63;IT NOW S&P® KENSHO® MOONSHOTS FUNDO DE INDICE;2023-07-31;501321;5587416.83;INVESTIMENTO NO EXTERIOR;;N;Para negociação;0.00;0.00;0.00;0.00;3544.00;83248.78;;;;;;;;ALLOGENE THERAPEUTICS INC - 3544;;;2049-12-31;;;;
FIIM;41.012.711/0001-63;IT NOW S&P® KENSHO® MOONSHOTS FUNDO DE INDICE;2023-07-31;501321;5587416.83;INVESTIMENTO NO EXTERIOR;;N;Para negociação;0.00;0.00;0.00;0.00;3349.00;97859.46;;;;;;;;FLAGSTONE REINSURANCE HOLDINGS - 3349;;;2049-12-31;;;;
FIIM;41.012.711/0001-63;IT NOW S&P® KENSHO® MOONSHOTS FUNDO DE INDICE;2023-07-31;501321;5587416.83;INVESTIMENTO NO EXTERIOR;;N;Para negociação;0.00;0.00;0.00;0.00;911.00;104753.75;;;;;;;;ASANA INC - CL A - 911;;;2049-12-31;;;;
FIIM;41.012.711/0001-63;IT NOW S&P® KENSHO® MOONSHOTS FUNDO DE INDICE;2023-07-31;501321;5587416.83;INVESTIMENTO NO EXTERIOR;;N;Para negociação;0.00;0.00;0.00;0.00;4250.00;74874.57;;;;;;;;PLANET LABS PBC - 4250;;;2049-12-31;;;;
FIIM;41.012.711/0001-63;IT NOW S&P® KENSHO® MOONSHOTS FUNDO DE INDICE;2023-07-31;501321;5587416.83;INVESTIMENTO NO EXTERIOR;;N;Para negociação;0.00;0.00;0.00;0.00;5700.00;88542.38;;;;;;;;AURORA INNOVATION INC - 5700;;;2049-12-31;;;;
FIIM;41.054.432/0001-62;IT NOW RUSSELL® 1000 GREEN REVENUES 50 FUNDO DE ÍNDICE;2023-07-31;501319;9955728.16;DISPONIBILIDADES;;;Para negociação;;;;;;50032.82;;;DISPONIBILIDADES;;;;;;;;;;;;
FIIM;41.054.432/0001-62;IT NOW RUSSELL® 1000 GREEN REVENUES 50 FUNDO DE ÍNDICE;2023-07-31;501319;9955728.16;VALORES A PAGAR;;;Para negociação;;;;;;52939.59;;;VALORES A PAGAR;;;;;;;;;;;;
FIIM;41.054.432/0001-62;IT NOW RUSSELL® 1000 GREEN REVENUES 50 FUNDO DE ÍNDICE;2023-07-31;501319;9955728.16;VALORES A RECEBER;;;Para negociação;;;;;;14695.14;;;VALORES A RECEBER;;;;;;;;;;;;
FIIM;41.054.432/0001-62;IT NOW RUSSELL® 1000 GREEN REVENUES 50 FUNDO DE ÍNDICE;2023-07-31;501319;9955728.16;INVESTIMENTO NO EXTERIOR;;N;Para negociação;0.00;0.00;0.00;0.00;108.00;85038.19;;;;;;;;CLEAN HARBORS INC - 108;;;2049-12-31;;;;
FIIM;41.054.432/0001-62;IT NOW RUSSELL® 1000 GREEN REVENUES 50 FUNDO DE ÍNDICE;2023-07-31;501319;9955728.16;INVESTIMENTO NO EXTERIOR;;N;Para negociação;0.00;0.00;0.00;0.00;1733.00;62457.66;;;;;;;;LUCID GROUP - 1733;;;2049-12-31;;;;
FIIM;41.054.432/0001-62;IT NOW RUSSELL® 1000 GREEN REVENUES 50 FUNDO DE ÍNDICE;2023-07-31;501319;9955728.16;INVESTIMENTO NO EXTERIOR;;N;Para negociação;0.00;0.00;0.00;0.00;358.00;348110.24;;;;;;;;EATON CORP - 358;;;2049-12-31;;;;
FIIM;41.054.432/0001-62;IT NOW RUSSELL® 1000 GREEN REVENUES 50 FUNDO DE ÍNDICE;2023-07-31;501319;9955728.16;INVESTIMENTO NO EXTERIOR;;N;Para negociação;0.00;0.00;0.00;0.00;304.00;60885.48;;;;;;;;ESSENTIAL UTILITIES INC - 304;;;2049-12-31;;;;
FIIM;41.054.432/0001-62;IT NOW RUSSELL® 1000 GREEN REVENUES 50 FUNDO DE ÍNDICE;2023-07-31;501319;9955728.16;INVESTIMENTO NO EXTERIOR;;N;Para negociação;0.00;0.00;0.00;0.00;553.00;182148.16;;;;;;;;JOHNSON CONTROLS INC - 553;;;2049-12-31;;;;
FIIM;41.054.432/0001-62;IT NOW RUSSELL® 1000 GREEN REVENUES 50 FUNDO DE ÍNDICE;2023-07-31;501319;9955728.16;INVESTIMENTO NO EXTERIOR;;N;Para negociação;0.00;0.00;0.00;0.00;154.00;42767.82;;;;;;;;SONOCO PRODUCTS CO - 154;;;2049-12-31;;;;
FIIM;41.054.432/0001-62;IT NOW RUSSELL® 1000 GREEN REVENUES 50 FUNDO DE ÍNDICE;2023-07-31;501319;9955728.16;INVESTIMENTO NO EXTERIOR;;N;Para negociação;0.00;0.00;0.00;0.00;130.00;498641.01;;;;;;;;EQUINIX INC - 130;;;2049-12-31;;;;
FIIM;41.054.432/0001-62;IT NOW RUSSELL® 1000 GREEN REVENUES 50 FUNDO DE ÍNDICE;2023-07-31;501319;9955728.16;INVESTIMENTO NO EXTERIOR;;N;Para negociação;0.00;0.00;0.00;0.00;167.00;54967.22;;;;;;;;PENTAIR INC - 167;;;2049-12-31;;;;
FIIM;41.054.432/0001-62;IT NOW RUSSELL® 1000 GREEN REVENUES 50 FUNDO DE ÍNDICE;2023-07-31;501319;9955728.16;INVESTIMENTO NO EXTERIOR;;N;Para negociação;0.00;0.00;0.00;0.00;2441.00;200918.56;;;;;;;;HEWLETT PACKARD ENTERPRISE CO - 2441;;;2049-12-31;;;;
FIIM;41.054.432/0001-62;IT NOW RUSSELL® 1000 GREEN REVENUES 50 FUNDO DE ÍNDICE;2023-07-31;501319;9955728.16;INVESTIMENTO NO EXTERIOR;;N;Para negociação;0.00;0.00;0.00;0.00;765.00;81444.21;;;;;;;;VORNADO REALTY TRUST - 765;;;2049-12-31;;;;
FIIM;41.054.432/0001-62;IT NOW RUSSELL® 1000 GREEN REVENUES 50 FUNDO DE ÍNDICE;2023-07-31;501319;9955728.16;INVESTIMENTO NO EXTERIOR;;N;Para negociação;0.00;0.00;0.00;0.00;365.00;113914.97;;;;;;;;WOLFSPEED INC - 365;;;2049-12-31;;;;
FIIM;41.054.432/0001-62;IT NOW RUSSELL® 1000 GREEN REVENUES 50 FUNDO DE ÍNDICE;2023-07-31;501319;9955728.16;INVESTIMENTO NO EXTERIOR;;N;Para negociação;0.00;0.00;0.00;0.00;228.00;45880.07;;;;;;;;STERICYCLE INC - 228;;;2049-12-31;;;;
FIIM;41.054.432/0001-62;IT NOW RUSSELL® 1000 GREEN REVENUES 50 FUNDO DE ÍNDICE;2023-07-31;501319;9955728.16;INVESTIMENTO NO EXTERIOR;;N;Para negociação;0.00;0.00;0.00;0.00;350.00;40892.12;;;;;;;;CLEARWAY ENERGY INC-A - 350;;;2049-12-31;;;;
FIIM;41.054.432/0001-62;IT NOW RUSSELL® 1000 GREEN REVENUES 50 FUNDO DE ÍNDICE;2023-07-31;501319;9955728.16;INVESTIMENTO NO EXTERIOR;;N;Para negociação;0.00;0.00;0.00;0.00;518.00;74086.52;;;;;;;;NUTANIX INC - 518;;;2049-12-31;;;;
FIIM;41.054.432/0001-62;IT NOW RUSSELL® 1000 GREEN REVENUES 50 FUNDO DE ÍNDICE;2023-07-31;501319;9955728.16;INVESTIMENTO NO EXTERIOR;;N;Para negociação;0.00;0.00;0.00;0.00;336.00;110194.92;;;;;;;;DARLING INTERNATIONAL INC - 336;;;2049-12-31;;;;
FIIM;41.054.432/0001-62;IT NOW RUSSELL® 1000 GREEN REVENUES 50 FUNDO DE ÍNDICE;2023-07-31;501319;9955728.16;INVESTIMENTO NO EXTERIOR;;N;Para negociação;0.00;0.00;0.00;0.00;158.00;56965.96;;;;;;;;LOUISIANA-PACIFIC CORP - 158;;;2049-12-31;;;;
FIIM;41.054.432/0001-62;IT NOW RUSSELL® 1000 GREEN REVENUES 50 FUNDO DE ÍNDICE;2023-07-31;501319;9955728.16;INVESTIMENTO NO EXTERIOR;;N;Para negociação;0.00;0.00;0.00;0.00;157.00;108467.07;;;;;;;;UNIVERSAL DISPLAY CORP - 157;;;2049-12-31;;;;
FIIM;41.054.432/0001-62;IT NOW RUSSELL® 1000 GREEN REVENUES 50 FUNDO DE ÍNDICE;2023-07-31;501319;9955728.16;INVESTIMENTO NO EXTERIOR;;N;Para negociação;0.00;0.00;0.00;0.00;546.00;49078.51;;;;;;;;SUNRUN INC - 546;;;2049-12-31;;;;
FIIM;41.054.432/0001-62;IT NOW RUSSELL® 1000 GREEN REVENUES 50 FUNDO DE ÍNDICE;2023-07-31;501319;9955728.16;INVESTIMENTO NO EXTERIOR;;N;Para negociação;0.00;0.00;0.00;0.00;688.00;831061.79;;;;;;;;DANAHER CORP - 688;;;2049-12-31;;;;
FIIM;41.054.432/0001-62;IT NOW RUSSELL® 1000 GREEN REVENUES 50 FUNDO DE ÍNDICE;2023-07-31;501319;9955728.16;INVESTIMENTO NO EXTERIOR;;N;Para negociação;0.00;0.00;0.00;0.00;248.00;243591.96;;;;;;;;FIRST SOLAR INC - 248;;;2049-12-31;;;;
FIIM;41.054.432/0001-62;IT NOW RUSSELL® 1000 GREEN REVENUES 50 FUNDO DE ÍNDICE;2023-07-31;501319;9955728.16;INVESTIMENTO NO EXTERIOR;;N;Para negociação;0.00;0.00;0.00;0.00;255.00;143034.59;;;;;;;;WABTEC CORP/DE - 255;;;2049-12-31;;;;
FIIM;41.054.432/0001-62;IT NOW RUSSELL® 1000 GREEN REVENUES 50 FUNDO DE ÍNDICE;2023-07-31;501319;9955728.16;INVESTIMENTO NO EXTERIOR;;N;Para negociação;0.00;0.00;0.00;0.00;422.00;117294.88;;;;;;;;BALL CORP - 422;;;2049-12-31;;;;
FIIM;41.054.432/0001-62;IT NOW RUSSELL® 1000 GREEN REVENUES 50 FUNDO DE ÍNDICE;2023-07-31;501319;9955728.16;INVESTIMENTO NO EXTERIOR;;N;Para negociação;0.00;0.00;0.00;0.00;61.00;47736.16;;;;;;;;ACUITY BRANDS INC - 61;;;2049-12-31;;;;
FIIM;41.054.432/0001-62;IT NOW RUSSELL® 1000 GREEN REVENUES 50 FUNDO DE ÍNDICE;2023-07-31;501319;9955728.16;INVESTIMENTO NO EXTERIOR;;N;Para negociação;0.00;0.00;0.00;0.00;335.00;41900.16;;;;;;;;CLEARWAY ENERGY INC-C - 335;;;2049-12-31;;;;
FIIM;41.054.432/0001-62;IT NOW RUSSELL® 1000 GREEN REVENUES 50 FUNDO DE ÍNDICE;2023-07-31;501319;9955728.16;INVESTIMENTO NO EXTERIOR;;N;Para negociação;0.00;0.00;0.00;0.00;150.00;50210.01;;;;;;;;HEXCEL CORP - 150;;;2049-12-31;;;;
FIIM;41.054.432/0001-62;IT NOW RUSSELL® 1000 GREEN REVENUES 50 FUNDO DE ÍNDICE;2023-07-31;501319;9955728.16;INVESTIMENTO NO EXTERIOR;;N;Para negociação;0.00;0.00;0.00;0.00;250.00;129893.89;;;;;;;;ENTEGRIS INC - 250;;;2049-12-31;;;;
FIIM;41.054.432/0001-62;IT NOW RUSSELL® 1000 GREEN REVENUES 50 FUNDO DE ÍNDICE;2023-07-31;501319;9955728.16;INVESTIMENTO NO EXTERIOR;;N;Para negociação;0.00;0.00;0.00;0.00;2064.00;325699.58;;;;;;;;CSX CORP - 2064;;;2049-12-31;;;;
FIIM;41.054.432/0001-62;IT NOW RUSSELL® 1000 GREEN REVENUES 50 FUNDO DE ÍNDICE;2023-07-31;501319;9955728.16;INVESTIMENTO NO EXTERIOR;;N;Para negociação;0.00;0.00;0.00;0.00;209.00;60061.25;;;;;;;;MASCO CORP - 209;;;2049-12-31;;;;
FIIM;41.054.432/0001-62;IT NOW RUSSELL® 1000 GREEN REVENUES 50 FUNDO DE ÍNDICE;2023-07-31;501319;9955728.16;INVESTIMENTO NO EXTERIOR;;N;Para negociação;0.00;0.00;0.00;0.00;1636.00;263894.57;;;;;;;;WEYERHAEUSER CO - 1636;;;2049-12-31;;;;
FIIM;41.054.432/0001-62;IT NOW RUSSELL® 1000 GREEN REVENUES 50 FUNDO DE ÍNDICE;2023-07-31;501319;9955728.16;INVESTIMENTO NO EXTERIOR;;N;Para negociação;0.00;0.00;0.00;0.00;46.00;59676.03;;;;;;;;TOPBUILD CORP - 46;;;2049-12-31;;;;
FIIM;41.054.432/0001-62;IT NOW RUSSELL® 1000 GREEN REVENUES 50 FUNDO DE ÍNDICE;2023-07-31;501319;9955728.16;INVESTIMENTO NO EXTERIOR;;N;Para negociação;0.00;0.00;0.00;0.00;310.00;222906.02;;;;;;;;ENPHASE ENERGY INC - 310;;;2049-12-31;;;;
FIIM;41.054.432/0001-62;IT NOW RUSSELL® 1000 GREEN REVENUES 50 FUNDO DE ÍNDICE;2023-07-31;501319;9955728.16;INVESTIMENTO NO EXTERIOR;;N;Para negociação;0.00;0.00;0.00;0.00;208.00;230101.84;;;;;;;;NORFOLK SOUTHERN CORP - 208;;;2049-12-31;;;;
FIIM;41.054.432/0001-62;IT NOW RUSSELL® 1000 GREEN REVENUES 50 FUNDO DE ÍNDICE;2023-07-31;501319;9955728.16;INVESTIMENTO NO EXTERIOR;;N;Para negociação;0.00;0.00;0.00;0.00;646.00;709839.99;;;;;;;;UNION PACIFIC CORP - 646;;;2049-12-31;;;;
FIIM;41.054.432/0001-62;IT NOW RUSSELL® 1000 GREEN REVENUES 50 FUNDO DE ÍNDICE;2023-07-31;501319;9955728.16;INVESTIMENTO NO EXTERIOR;;N;Para negociação;0.00;0.00;0.00;0.00;1247.00;77482.35;;;;;;;;PLUG POWER INC - 1247;;;2049-12-31;;;;
FIIM;41.054.432/0001-62;IT NOW RUSSELL® 1000 GREEN REVENUES 50 FUNDO DE ÍNDICE;2023-07-31;501319;9955728.16;INVESTIMENTO NO EXTERIOR;;N;Para negociação;0.00;0.00;0.00;0.00;315.00;158996.94;;;;;;;;STEEL DYNAMICS INC - 315;;;2049-12-31;;;;
FIIM;41.054.432/0001-62;IT NOW RUSSELL® 1000 GREEN REVENUES 50 FUNDO DE ÍNDICE;2023-07-31;501319;9955728.16;INVESTIMENTO NO EXTERIOR;;N;Para negociação;0.00;0.00;0.00;0.00;44.00;57762.82;;;;;;;;CARLISLE COS INC - 44;;;2049-12-31;;;;
FIIM;41.054.432/0001-62;IT NOW RUSSELL® 1000 GREEN REVENUES 50 FUNDO DE ÍNDICE;2023-07-31;501319;9955728.16;INVESTIMENTO NO EXTERIOR;;N;Para negociação;0.00;0.00;0.00;0.00;148.00;54222.64;;;;;;;;ARMSTRONG WORLD INDUSTRIES INC - 148;;;2049-12-31;;;;
FIIM;41.054.432/0001-62;IT NOW RUSSELL® 1000 GREEN REVENUES 50 FUNDO DE ÍNDICE;2023-07-31;501319;9955728.16;INVESTIMENTO NO EXTERIOR;;N;Para negociação;0.00;0.00;0.00;0.00;215.00;67843.89;;;;;;;;BOSTON PROPERTIES INC - 215;;;2049-12-31;;;;
FIIM;41.054.432/0001-62;IT NOW RUSSELL® 1000 GREEN REVENUES 50 FUNDO DE ÍNDICE;2023-07-31;501319;9955728.16;INVESTIMENTO NO EXTERIOR;;N;Para negociação;0.00;0.00;0.00;0.00;447.00;319891.90;;;;;;;;REPUBLIC SERVICES INC - 447;;;2049-12-31;;;;
FIIM;41.054.432/0001-62;IT NOW RUSSELL® 1000 GREEN REVENUES 50 FUNDO DE ÍNDICE;2023-07-31;501319;9955728.16;INVESTIMENTO NO EXTERIOR;;N;Para negociação;0.00;0.00;0.00;0.00;409.00;285569.41;;;;;;;;AMERICAN WATER WORKS CO INC - 409;;;2049-12-31;;;;
FIIM;41.054.432/0001-62;IT NOW RUSSELL® 1000 GREEN REVENUES 50 FUNDO DE ÍNDICE;2023-07-31;501319;9955728.16;INVESTIMENTO NO EXTERIOR;;N;Para negociação;0.00;0.00;0.00;0.00;899.00;1138603.04;;;;;;;;TESLA INC - 899;;;2049-12-31;;;;
FIIM;41.054.432/0001-62;IT NOW RUSSELL® 1000 GREEN REVENUES 50 FUNDO DE ÍNDICE;2023-07-31;501319;9955728.16;INVESTIMENTO NO EXTERIOR;;N;Para negociação;0.00;0.00;0.00;0.00;226.00;120677.83;;;;;;;;XYLEM INC/NY - 226;;;2049-12-31;;;;
FIIM;41.054.432/0001-62;IT NOW RUSSELL® 1000 GREEN REVENUES 50 FUNDO DE ÍNDICE;2023-07-31;501319;9955728.16;INVESTIMENTO NO EXTERIOR;;N;Para negociação;0.00;0.00;0.00;0.00;153.00;51496.80;;;;;;;;FORTUNE BRANDS INNOVATIONS I - 153;;;2049-12-31;;;;
FIIM;41.054.432/0001-62;IT NOW RUSSELL® 1000 GREEN REVENUES 50 FUNDO DE ÍNDICE;2023-07-31;501319;9955728.16;INVESTIMENTO NO EXTERIOR;;N;Para negociação;0.00;0.00;0.00;0.00;881.00;683385.58;;;;;;;;WASTE MANAGEMENT INC - 881;;;2049-12-31;;;;
FIIM;41.054.432/0001-62;IT NOW RUSSELL® 1000 GREEN REVENUES 50 FUNDO DE ÍNDICE;2023-07-31;501319;9955728.16;INVESTIMENTO NO EXTERIOR;;N;Para negociação;0.00;0.00;0.00;0.00;1396.00;953219.59;;;;;;;;IBM - 1396;;;2049-12-31;;;;
FIIM;41.054.432/0001-62;IT NOW RUSSELL® 1000 GREEN REVENUES 50 FUNDO DE ÍNDICE;2023-07-31;501319;9955728.16;INVESTIMENTO NO EXTERIOR;;N;Para negociação;0.00;0.00;0.00;0.00;180.00;58939.22;;;;;;;;TREX CO INC - 180;;;2049-12-31;;;;
FIIM;41.054.432/0001-62;IT NOW RUSSELL® 1000 GREEN REVENUES 50 FUNDO DE ÍNDICE;2023-07-31;501319;9955728.16;INVESTIMENTO NO EXTERIOR;;N;Para negociação;0.00;0.00;0.00;0.00;70.00;56095.31;;;;;;;;TETRA TECH INC - 70;;;2049-12-31;;;;
FIIM;41.054.432/0001-62;IT NOW RUSSELL® 1000 GREEN REVENUES 50 FUNDO DE ÍNDICE;2023-07-31;501319;9955728.16;INVESTIMENTO NO EXTERIOR;;N;Para negociação;0.00;0.00;0.00;0.00;354.00;55525.96;;;;;;;;RAYONIER INC - 354;;;2099-12-31;;;;
FIIM;41.054.432/0001-62;IT NOW RUSSELL® 1000 GREEN REVENUES 50 FUNDO DE ÍNDICE;2023-07-31;501319;9955728.16;INVESTIMENTO NO EXTERIOR;;N;Para negociação;0.00;0.00;0.00;0.00;87.00;57679.14;;;;;;;;OWENS CORNING - 87;;;2049-12-31;;;;
FIIM;41.054.432/0001-62;IT NOW RUSSELL® 1000 GREEN REVENUES 50 FUNDO DE ÍNDICE;2023-07-31;501319;9955728.16;INVESTIMENTO NO EXTERIOR;;N;Para negociação;0.00;0.00;0.00;0.00;122.00;52785.96;;;;;;;;ASHLAND GLOBAL HOLDINGS INC - 122;;;2050-05-20;;;;
FIIM;41.054.459/0001-55;IT NOW MSCI USA IMI GENOMIC INNOVATION SELECT 50 FUNDO DE INDICE;2023-07-31;501318;6214602.10;DISPONIBILIDADES;;;Para negociação;;;;;;7298.88;;;DISPONIBILIDADES;;;;;;;;;;;;
FIIM;41.054.459/0001-55;IT NOW MSCI USA IMI GENOMIC INNOVATION SELECT 50 FUNDO DE INDICE;2023-07-31;501318;6214602.10;VALORES A PAGAR;;;Para negociação;;;;;;31987.76;;;VALORES A PAGAR;;;;;;;;;;;;
FIIM;41.054.459/0001-55;IT NOW MSCI USA IMI GENOMIC INNOVATION SELECT 50 FUNDO DE INDICE;2023-07-31;501318;6214602.10;VALORES A RECEBER;;;Para negociação;;;;;;83371.69;;;VALORES A RECEBER;;;;;;;;;;;;
FIIM;41.054.459/0001-55;IT NOW MSCI USA IMI GENOMIC INNOVATION SELECT 50 FUNDO DE INDICE;2023-07-31;501318;6214602.10;INVESTIMENTO NO EXTERIOR;;N;Para negociação;4.00;62.68;0.00;0.00;286.00;19639.77;;;;;;;;VIKING THERAPEUTICS INC - 286;;;2049-12-31;;;;
FIIM;41.054.459/0001-55;IT NOW MSCI USA IMI GENOMIC INNOVATION SELECT 50 FUNDO DE INDICE;2023-07-31;501318;6214602.10;INVESTIMENTO NO EXTERIOR;;N;Para negociação;2.00;167.44;2.00;165.04;232.00;95984.94;;;;;;;;QUIDEL CORP - 232;;;2049-12-31;;;;
FIIM;41.054.459/0001-55;IT NOW MSCI USA IMI GENOMIC INNOVATION SELECT 50 FUNDO DE INDICE;2023-07-31;501318;6214602.10;INVESTIMENTO NO EXTERIOR;;N;Para negociação;3.00;139.29;3.00;136.56;330.00;67389.96;;;;;;;;ULTRAGENYX PHARMACEUTICAL IN - 330;;;2049-12-31;;;;
FIIM;41.054.459/0001-55;IT NOW MSCI USA IMI GENOMIC INNOVATION SELECT 50 FUNDO DE INDICE;2023-07-31;501318;6214602.10;INVESTIMENTO NO EXTERIOR;;N;Para negociação;0.00;0.00;2.00;79.82;120.00;25840.96;;;;;;;;INTEGRA LIFESCIENCES HOLDINGS - 120;;;2049-12-31;;;;
FIIM;41.054.459/0001-55;IT NOW MSCI USA IMI GENOMIC INNOVATION SELECT 50 FUNDO DE INDICE;2023-07-31;501318;6214602.10;INVESTIMENTO NO EXTERIOR;;N;Para negociação;2.00;276.40;2.00;278.94;189.00;121024.45;;;;;;;;QUEST DIAGNOSTICS INC - 189;;;2049-12-31;;;;
FIIM;41.054.459/0001-55;IT NOW MSCI USA IMI GENOMIC INNOVATION SELECT 50 FUNDO DE INDICE;2023-07-31;501318;6214602.10;INVESTIMENTO NO EXTERIOR;;N;Para negociação;2.00;84.38;2.00;83.52;211.00;41399.95;;;;;;;;IONIS PHARMACEUTICALS INC - 211;;;2049-12-31;;;;
FIIM;41.054.459/0001-55;IT NOW MSCI USA IMI GENOMIC INNOVATION SELECT 50 FUNDO DE INDICE;2023-07-31;501318;6214602.10;INVESTIMENTO NO EXTERIOR;;N;Para negociação;2.00;70.30;0.00;0.00;175.00;28609.57;;;;;;;;ARROWHEAD RESEARCH CORP - 175;;;2049-12-31;;;;
FIIM;41.054.459/0001-55;IT NOW MSCI USA IMI GENOMIC INNOVATION SELECT 50 FUNDO DE INDICE;2023-07-31;501318;6214602.10;INVESTIMENTO NO EXTERIOR;;N;Para negociação;8.00;663.88;7.00;568.05;738.00;291490.85;;;;;;;;TECHNE CORP - 738;;;2049-12-31;;;;
FIIM;41.054.459/0001-55;IT NOW MSCI USA IMI GENOMIC INNOVATION SELECT 50 FUNDO DE INDICE;2023-07-31;501318;6214602.10;INVESTIMENTO NO EXTERIOR;;N;Para negociação;5.00;77.90;5.00;75.75;551.00;45222.30;;;;;;;;NEOGENOMICS INC - 551;;;2049-12-31;;;;
FIIM;41.054.459/0001-55;IT NOW MSCI USA IMI GENOMIC INNOVATION SELECT 50 FUNDO DE INDICE;2023-07-31;501318;6214602.10;INVESTIMENTO NO EXTERIOR;;N;Para negociação;2.00;79.56;2.00;79.10;161.00;23080.26;;;;;;;;MIRATI THERAPEUTICS INC - 161;;;2049-12-31;;;;
FIIM;41.054.459/0001-55;IT NOW MSCI USA IMI GENOMIC INNOVATION SELECT 50 FUNDO DE INDICE;2023-07-31;501318;6214602.10;INVESTIMENTO NO EXTERIOR;;N;Para negociação;0.00;0.00;0.00;0.00;98.00;14197.37;;;;;;;;CERES INC - 98;;;2049-12-31;;;;
FIIM;41.054.459/0001-55;IT NOW MSCI USA IMI GENOMIC INNOVATION SELECT 50 FUNDO DE INDICE;2023-07-31;501318;6214602.10;INVESTIMENTO NO EXTERIOR;;N;Para negociação;6.00;651.14;6.00;643.20;604.00;318457.63;;;;;;;;ABBOTT LABORATORIES - 604;;;2049-12-31;;;;
FIIM;41.054.459/0001-55;IT NOW MSCI USA IMI GENOMIC INNOVATION SELECT 50 FUNDO DE INDICE;2023-07-31;501318;6214602.10;INVESTIMENTO NO EXTERIOR;;N;Para negociação;0.00;0.00;0.00;0.00;134.00;8935.31;;;;;;;;VIR BIOTECHNOLOGY INC - 134;;;2049-12-31;;;;
FIIM;41.054.459/0001-55;IT NOW MSCI USA IMI GENOMIC INNOVATION SELECT 50 FUNDO DE INDICE;2023-07-31;501318;6214602.10;INVESTIMENTO NO EXTERIOR;;N;Para negociação;7.00;540.68;7.00;533.68;835.00;301093.84;;;;;;;;GILEAD SCIENCES INC - 835;;;2049-12-31;;;;
FIIM;41.054.459/0001-55;IT NOW MSCI USA IMI GENOMIC INNOVATION SELECT 50 FUNDO DE INDICE;2023-07-31;501318;6214602.10;INVESTIMENTO NO EXTERIOR;;N;Para negociação;2.00;791.51;1.00;377.68;47.00;90227.98;;;;;;;;BIO-RAD LABORATORIES INC - 47;;;2049-12-31;;;;
FIIM;41.054.459/0001-55;IT NOW MSCI USA IMI GENOMIC INNOVATION SELECT 50 FUNDO DE INDICE;2023-07-31;501318;6214602.10;INVESTIMENTO NO EXTERIOR;;N;Para negociação;0.00;0.00;0.00;0.00;377.00;13194.35;;;;;;;;BIOCRYST PHARMACEUTICALS INC - 377;;;2049-12-31;;;;
FIIM;41.054.459/0001-55;IT NOW MSCI USA IMI GENOMIC INNOVATION SELECT 50 FUNDO DE INDICE;2023-07-31;501318;6214602.10;INVESTIMENTO NO EXTERIOR;;N;Para negociação;2.00;146.56;2.00;146.76;247.00;80386.40;;;;;;;;BRUKER CORP - 247;;;2049-12-31;;;;
FIIM;41.054.459/0001-55;IT NOW MSCI USA IMI GENOMIC INNOVATION SELECT 50 FUNDO DE INDICE;2023-07-31;501318;6214602.10;INVESTIMENTO NO EXTERIOR;;N;Para negociação;0.00;0.00;3.00;69.66;195.00;25350.08;;;;;;;;VERACYTE INC - 195;;;2049-12-31;;;;
FIIM;41.054.459/0001-55;IT NOW MSCI USA IMI GENOMIC INNOVATION SELECT 50 FUNDO DE INDICE;2023-07-31;501318;6214602.10;INVESTIMENTO NO EXTERIOR;;N;Para negociação;2.00;696.64;2.00;691.52;193.00;322048.87;;;;;;;;VERTEX PHARMACEUTICALS INC - 193;;;2049-12-31;;;;
FIIM;41.054.459/0001-55;IT NOW MSCI USA IMI GENOMIC INNOVATION SELECT 50 FUNDO DE INDICE;2023-07-31;501318;6214602.10;INVESTIMENTO NO EXTERIOR;;N;Para negociação;4.00;478.00;4.00;473.72;511.00;294688.86;;;;;;;;AGILENT TECHNOLOGIES INC - 511;;;2049-12-31;;;;
FIIM;41.054.459/0001-55;IT NOW MSCI USA IMI GENOMIC INNOVATION SELECT 50 FUNDO DE INDICE;2023-07-31;501318;6214602.10;INVESTIMENTO NO EXTERIOR;;N;Para negociação;3.00;170.34;3.00;162.06;351.00;95299.71;;;;;;;;CRISPR THERAPEUTICS AG - 351;;;2049-12-31;;;;
FIIM;41.054.459/0001-55;IT NOW MSCI USA IMI GENOMIC INNOVATION SELECT 50 FUNDO DE INDICE;2023-07-31;501318;6214602.10;INVESTIMENTO NO EXTERIOR;;N;Para negociação;1.00;45.78;0.00;0.00;181.00;40271.15;;;;;;;;AZENTA INC - 181;;;2049-12-31;;;;
FIIM;41.054.459/0001-55;IT NOW MSCI USA IMI GENOMIC INNOVATION SELECT 50 FUNDO DE INDICE;2023-07-31;501318;6214602.10;INVESTIMENTO NO EXTERIOR;;N;Para negociação;6.00;268.56;7.00;310.94;780.00;179232.97;;;;;;;;CATALENT INC - 780;;;2049-12-31;;;;
FIIM;41.054.459/0001-55;IT NOW MSCI USA IMI GENOMIC INNOVATION SELECT 50 FUNDO DE INDICE;2023-07-31;501318;6214602.10;INVESTIMENTO NO EXTERIOR;;N;Para negociação;5.00;394.15;6.00;468.12;645.00;242600.73;;;;;;;;HOLOGIC INC - 645;;;2049-12-31;;;;
FIIM;41.054.459/0001-55;IT NOW MSCI USA IMI GENOMIC INNOVATION SELECT 50 FUNDO DE INDICE;2023-07-31;501318;6214602.10;INVESTIMENTO NO EXTERIOR;;N;Para negociação;4.00;890.96;3.00;652.95;317.00;335926.47;;;;;;;;IQVIA HOLDINGS INC - 317;;;2049-12-31;;;;
FIIM;41.054.459/0001-55;IT NOW MSCI USA IMI GENOMIC INNOVATION SELECT 50 FUNDO DE INDICE;2023-07-31;501318;6214602.10;INVESTIMENTO NO EXTERIOR;;N;Para negociação;2.00;374.06;2.00;364.96;321.00;292111.02;;;;;;;;ILLUMINA INC - 321;;;2049-12-31;;;;
FIIM;41.054.459/0001-55;IT NOW MSCI USA IMI GENOMIC INNOVATION SELECT 50 FUNDO DE INDICE;2023-07-31;501318;6214602.10;INVESTIMENTO NO EXTERIOR;;N;Para negociação;6.00;147.30;6.00;135.36;769.00;108419.57;;;;;;;;TELADOC HEALTH INC - 769;;;2049-12-31;;;;
FIIM;41.054.459/0001-55;IT NOW MSCI USA IMI GENOMIC INNOVATION SELECT 50 FUNDO DE INDICE;2023-07-31;501318;6214602.10;INVESTIMENTO NO EXTERIOR;;N;Para negociação;9.00;167.94;9.00;166.86;1028.00;86756.76;;;;;;;;IMMUNOGEN INC - 1028;;;2049-12-31;;;;
FIIM;41.054.459/0001-55;IT NOW MSCI USA IMI GENOMIC INNOVATION SELECT 50 FUNDO DE INDICE;2023-07-31;501318;6214602.10;INVESTIMENTO NO EXTERIOR;;N;Para negociação;1.00;111.89;1.00;110.00;195.00;100098.21;;;;;;;;SAREPTA THERAPEUTICS INC - 195;;;2049-12-31;;;;
FIIM;41.054.459/0001-55;IT NOW MSCI USA IMI GENOMIC INNOVATION SELECT 50 FUNDO DE INDICE;2023-07-31;501318;6214602.10;INVESTIMENTO NO EXTERIOR;;N;Para negociação;9.00;582.57;8.00;507.52;1000.00;294525.62;;;;;;;;BRISTOL-MYERS SQUIBB CO - 1000;;;2049-12-31;;;;
FIIM;41.054.459/0001-55;IT NOW MSCI USA IMI GENOMIC INNOVATION SELECT 50 FUNDO DE INDICE;2023-07-31;501318;6214602.10;INVESTIMENTO NO EXTERIOR;;N;Para negociação;1.00;138.78;1.00;141.03;88.00;71499.20;;;;;;;;REPLIGEN CORP - 88;;;2049-12-31;;;;
FIIM;41.054.459/0001-55;IT NOW MSCI USA IMI GENOMIC INNOVATION SELECT 50 FUNDO DE INDICE;2023-07-31;501318;6214602.10;INVESTIMENTO NO EXTERIOR;;N;Para negociação;3.00;109.05;4.00;145.44;459.00;84820.82;;;;;;;;GUARDANT HEALTH INC - 459;;;2049-12-31;;;;
FIIM;41.054.459/0001-55;IT NOW MSCI USA IMI GENOMIC INNOVATION SELECT 50 FUNDO DE INDICE;2023-07-31;501318;6214602.10;INVESTIMENTO NO EXTERIOR;;N;Para negociação;5.00;95.20;5.00;96.65;596.00;55633.37;;;;;;;;EXELIXIS INC - 596;;;2049-12-31;;;;
FIIM;41.054.459/0001-55;IT NOW MSCI USA IMI GENOMIC INNOVATION SELECT 50 FUNDO DE INDICE;2023-07-31;501318;6214602.10;INVESTIMENTO NO EXTERIOR;;N;Para negociação;1.00;61.62;0.00;0.00;100.00;31256.94;;;;;;;;BPMC - 100;;;2049-12-31;;;;
FIIM;41.054.459/0001-55;IT NOW MSCI USA IMI GENOMIC INNOVATION SELECT 50 FUNDO DE INDICE;2023-07-31;501318;6214602.10;INVESTIMENTO NO EXTERIOR;;N;Para negociação;0.00;0.00;0.00;0.00;13.00;12594.08;;;;;;;;CORVEL CORP - 13;;;2049-12-31;;;;
FIIM;41.054.459/0001-55;IT NOW MSCI USA IMI GENOMIC INNOVATION SELECT 50 FUNDO DE INDICE;2023-07-31;501318;6214602.10;INVESTIMENTO NO EXTERIOR;;N;Para negociação;4.00;192.20;4.00;188.40;506.00;108363.64;;;;;;;;NATERA INC - 506;;;2049-12-31;;;;
FIIM;41.054.459/0001-55;IT NOW MSCI USA IMI GENOMIC INNOVATION SELECT 50 FUNDO DE INDICE;2023-07-31;501318;6214602.10;INVESTIMENTO NO EXTERIOR;;N;Para negociação;1.00;236.90;1.00;233.98;116.00;139082.58;;;;;;;;MEDPACE HOLDINGS INC - 116;;;2049-12-31;;;;
FIIM;41.054.459/0001-55;IT NOW MSCI USA IMI GENOMIC INNOVATION SELECT 50 FUNDO DE INDICE;2023-07-31;501318;6214602.10;INVESTIMENTO NO EXTERIOR;;N;Para negociação;3.00;577.71;3.00;583.17;345.00;319261.22;;;;;;;;ALNYLAM PHARMACEUTICALS INC - 345;;;2049-12-31;;;;
FIIM;41.054.459/0001-55;IT NOW MSCI USA IMI GENOMIC INNOVATION SELECT 50 FUNDO DE INDICE;2023-07-31;501318;6214602.10;INVESTIMENTO NO EXTERIOR;;N;Para negociação;2.00;63.68;0.00;0.00;247.00;36110.71;;;;;;;;BEAM INC - 247;;;2049-12-31;;;;
FIIM;41.054.459/0001-55;IT NOW MSCI USA IMI GENOMIC INNOVATION SELECT 50 FUNDO DE INDICE;2023-07-31;501318;6214602.10;INVESTIMENTO NO EXTERIOR;;N;Para negociação;1.00;206.92;1.00;207.36;72.00;71449.95;;;;;;;;CHARLES RIVER LABORATORIES INT - 72;;;2049-12-31;;;;
FIIM;41.054.459/0001-55;IT NOW MSCI USA IMI GENOMIC INNOVATION SELECT 50 FUNDO DE INDICE;2023-07-31;501318;6214602.10;INVESTIMENTO NO EXTERIOR;;N;Para negociação;5.00;620.59;5.00;591.45;521.00;290314.74;;;;;;;;MODERNA INC - 521;;;2049-12-31;;;;
FIIM;41.054.459/0001-55;IT NOW MSCI USA IMI GENOMIC INNOVATION SELECT 50 FUNDO DE INDICE;2023-07-31;501318;6214602.10;INVESTIMENTO NO EXTERIOR;;N;Para negociação;3.00;282.15;3.00;274.41;384.00;177384.83;;;;;;;;EXACT SCIENCES CORP - 384;;;2049-12-31;;;;
FIIM;41.054.459/0001-55;IT NOW MSCI USA IMI GENOMIC INNOVATION SELECT 50 FUNDO DE INDICE;2023-07-31;501318;6214602.10;INVESTIMENTO NO EXTERIOR;;N;Para negociação;2.00;234.04;2.00;231.76;242.00;140911.49;;;;;;;;REVVITY INC - 242;;;2049-12-31;;;;
FIIM;41.054.459/0001-55;IT NOW MSCI USA IMI GENOMIC INNOVATION SELECT 50 FUNDO DE INDICE;2023-07-31;501318;6214602.10;INVESTIMENTO NO EXTERIOR;;N;Para negociação;10.00;128.50;10.00;121.70;1116.00;69818.34;;;;;;;;PACIFIC BIOSCIENCES OF CALIFOR - 1116;;;2049-12-31;;;;
FIIM;41.054.459/0001-55;IT NOW MSCI USA IMI GENOMIC INNOVATION SELECT 50 FUNDO DE INDICE;2023-07-31;501318;6214602.10;INVESTIMENTO NO EXTERIOR;;N;Para negociação;3.00;161.70;3.00;158.91;411.00;122587.72;;;;;;;;10X GENOMICS INC-CLASS A - 411;;;2049-12-31;;;;
FIIM;41.054.459/0001-55;IT NOW MSCI USA IMI GENOMIC INNOVATION SELECT 50 FUNDO DE INDICE;2023-07-31;501318;6214602.10;INVESTIMENTO NO EXTERIOR;;N;Para negociação;3.00;121.35;3.00;117.36;372.00;74575.08;;;;;;;;INTELLIA THERAPEUTICS INC - 372;;;2049-12-31;;;;
FIIM;41.054.459/0001-55;IT NOW MSCI USA IMI GENOMIC INNOVATION SELECT 50 FUNDO DE INDICE;2023-07-31;501318;6214602.10;INVESTIMENTO NO EXTERIOR;;N;Para negociação;4.00;92.40;0.00;0.00;224.00;21948.81;;;;;;;;TG THERAPEUTICS INC - 224;;;2049-12-31;;;;
FIIM;41.054.459/0001-55;IT NOW MSCI USA IMI GENOMIC INNOVATION SELECT 50 FUNDO DE INDICE;2023-07-31;501318;6214602.10;INVESTIMENTO NO EXTERIOR;;N;Para negociação;1.00;520.60;1.00;517.32;125.00;324799.86;;;;;;;;THERMO FISHER SCIENTIFIC INC - 125;;;2049-12-31;;;;
FIIM;41.054.489/0001-61;IT NOW MSCI USA IMI MILLENIALS SELECT 50 FUNDO DE INDICE;2023-07-31;501316;9587197.66;DISPONIBILIDADES;;;Para negociação;;;;;;22924.12;;;DISPONIBILIDADES;;;;;;;;;;;;
FIIM;41.054.489/0001-61;IT NOW MSCI USA IMI MILLENIALS SELECT 50 FUNDO DE INDICE;2023-07-31;501316;9587197.66;VALORES A PAGAR;;;Para negociação;;;;;;55334.46;;;VALORES A PAGAR;;;;;;;;;;;;
FIIM;41.054.489/0001-61;IT NOW MSCI USA IMI MILLENIALS SELECT 50 FUNDO DE INDICE;2023-07-31;501316;9587197.66;VALORES A RECEBER;;;Para negociação;;;;;;82074.52;;;VALORES A RECEBER;;;;;;;;;;;;
FIIM;41.054.489/0001-61;IT NOW MSCI USA IMI MILLENIALS SELECT 50 FUNDO DE INDICE;2023-07-31;501316;9587197.66;INVESTIMENTO NO EXTERIOR;;N;Para negociação;2.00;25.66;0.00;0.00;505.00;31258.59;;;;;;;;WARNER BROS DISCOVERY INC - 505;;;2049-12-31;;;;
FIIM;41.054.489/0001-61;IT NOW MSCI USA IMI MILLENIALS SELECT 50 FUNDO DE INDICE;2023-07-31;501316;9587197.66;INVESTIMENTO NO EXTERIOR;;N;Para negociação;1.00;124.90;0.00;0.00;173.00;103405.20;;;;;;;;FISERV INC - 173;;;2049-12-31;;;;
FIIM;41.054.489/0001-61;IT NOW MSCI USA IMI MILLENIALS SELECT 50 FUNDO DE INDICE;2023-07-31;501316;9587197.66;INVESTIMENTO NO EXTERIOR;;N;Para negociação;0.00;0.00;0.00;0.00;18.00;61248.54;;;;;;;;LAM RESEARCH CORP - 18;;;2049-12-31;;;;
FIIM;41.054.489/0001-61;IT NOW MSCI USA IMI MILLENIALS SELECT 50 FUNDO DE INDICE;2023-07-31;501316;9587197.66;INVESTIMENTO NO EXTERIOR;;N;Para negociação;2.00;214.20;0.00;0.00;574.00;300084.90;;;;;;;;NIKE INC - 574;;;2049-12-31;;;;
FIIM;41.054.489/0001-61;IT NOW MSCI USA IMI MILLENIALS SELECT 50 FUNDO DE INDICE;2023-07-31;501316;9587197.66;INVESTIMENTO NO EXTERIOR;;N;Para negociação;1.00;47.04;0.00;0.00;221.00;50908.27;;;;;;;;KROGER CO/THE - 221;;;2049-12-31;;;;
FIIM;41.054.489/0001-61;IT NOW MSCI USA IMI MILLENIALS SELECT 50 FUNDO DE INDICE;2023-07-31;501316;9587197.66;INVESTIMENTO NO EXTERIOR;;N;Para negociação;0.00;0.00;0.00;0.00;50.00;52800.54;;;;;;;;QUANEX BUILDING PRODUCTS CORP - 50;;;2049-12-31;;;;
FIIM;41.054.489/0001-61;IT NOW MSCI USA IMI MILLENIALS SELECT 50 FUNDO DE INDICE;2023-07-31;501316;9587197.66;INVESTIMENTO NO EXTERIOR;;N;Para negociação;1.00;30.68;0.00;0.00;126.00;19590.42;;;;;;;;HEWLETT-PACKARD CO - 126;;;2049-12-31;;;;
FIIM;41.054.489/0001-61;IT NOW MSCI USA IMI MILLENIALS SELECT 50 FUNDO DE INDICE;2023-07-31;501316;9587197.66;INVESTIMENTO NO EXTERIOR;;N;Para negociação;1.00;142.26;0.00;0.00;196.00;140711.35;;;;;;;;APPLIED MATERIALS INC - 196;;;2049-12-31;;;;
FIIM;41.054.489/0001-61;IT NOW MSCI USA IMI MILLENIALS SELECT 50 FUNDO DE INDICE;2023-07-31;501316;9587197.66;INVESTIMENTO NO EXTERIOR;;N;Para negociação;1.00;296.90;0.00;0.00;205.00;284656.00;;;;;;;;MC DONALDS CORP. - 205;;;2049-12-31;;;;
FIIM;41.054.489/0001-61;IT NOW MSCI USA IMI MILLENIALS SELECT 50 FUNDO DE INDICE;2023-07-31;501316;9587197.66;INVESTIMENTO NO EXTERIOR;;N;Para negociação;0.00;0.00;0.00;0.00;18.00;105539.05;;;;;;;;MERCADOLIBRE INC - 18;;;2049-12-31;;;;
FIIM;41.054.489/0001-61;IT NOW MSCI USA IMI MILLENIALS SELECT 50 FUNDO DE INDICE;2023-07-31;501316;9587197.66;INVESTIMENTO NO EXTERIOR;;N;Para negociação;0.00;0.00;0.00;0.00;50.00;89634.01;;;;;;;;Lululemon Athletica Inc - 50;;;2049-12-31;;;;
FIIM;41.054.489/0001-61;IT NOW MSCI USA IMI MILLENIALS SELECT 50 FUNDO DE INDICE;2023-07-31;501316;9587197.66;INVESTIMENTO NO EXTERIOR;;N;Para negociação;1.00;110.62;0.00;0.00;162.00;87953.61;;;;;;;;ROSS STORES INC - 162;;;2049-12-31;;;;
FIIM;41.054.489/0001-61;IT NOW MSCI USA IMI MILLENIALS SELECT 50 FUNDO DE INDICE;2023-07-31;501316;9587197.66;INVESTIMENTO NO EXTERIOR;;N;Para negociação;1.00;471.22;0.00;0.00;183.00;438855.53;;;;;;;;UNITEDHEALTH GROUP INC - 183;;;2049-12-31;;;;
FIIM;41.054.489/0001-61;IT NOW MSCI USA IMI MILLENIALS SELECT 50 FUNDO DE INDICE;2023-07-31;501316;9587197.66;INVESTIMENTO NO EXTERIOR;;N;Para negociação;1.00;76.87;0.00;0.00;321.00;115932.27;;;;;;;;COLGATE-PALMOLIVE COMPANY - 321;;;2049-12-31;;;;
FIIM;41.054.489/0001-61;IT NOW MSCI USA IMI MILLENIALS SELECT 50 FUNDO DE INDICE;2023-07-31;501316;9587197.66;INVESTIMENTO NO EXTERIOR;;N;Para negociação;0.00;0.00;0.00;0.00;133.00;86714.84;;;;;;;;YUM! BRANDS INC - 133;;;2049-12-31;;;;
FIIM;41.054.489/0001-61;IT NOW MSCI USA IMI MILLENIALS SELECT 50 FUNDO DE INDICE;2023-07-31;501316;9587197.66;INVESTIMENTO NO EXTERIOR;;N;Para negociação;0.00;0.00;0.00;0.00;71.00;158585.06;;;;;;;;ELEVANCE HEALTH INC - 71;;;2049-12-31;;;;
FIIM;41.054.489/0001-61;IT NOW MSCI USA IMI MILLENIALS SELECT 50 FUNDO DE INDICE;2023-07-31;501316;9587197.66;INVESTIMENTO NO EXTERIOR;;N;Para negociação;1.00;186.58;0.00;0.00;313.00;277878.83;;;;;;;;PEPSICO INC - 313;;;2049-12-31;;;;
FIIM;41.054.489/0001-61;IT NOW MSCI USA IMI MILLENIALS SELECT 50 FUNDO DE INDICE;2023-07-31;501316;9587197.66;INVESTIMENTO NO EXTERIOR;;N;Para negociação;0.00;0.00;0.00;0.00;50.00;32286.99;;;;;;;;ELECTRONIC ARTS INC - 50;;;2049-12-31;;;;
FIIM;41.054.489/0001-61;IT NOW MSCI USA IMI MILLENIALS SELECT 50 FUNDO DE INDICE;2023-07-31;501316;9587197.66;INVESTIMENTO NO EXTERIOR;;N;Para negociação;1.00;82.87;0.00;0.00;243.00;106750.40;;;;;;;;ACTIVISION BLIZZARD INC - 243;;;2049-12-31;;;;
FIIM;41.054.489/0001-61;IT NOW MSCI USA IMI MILLENIALS SELECT 50 FUNDO DE INDICE;2023-07-31;501316;9587197.66;INVESTIMENTO NO EXTERIOR;;N;Para negociação;2.00;137.70;0.00;0.00;505.00;181333.34;;;;;;;;PAYPAL HOLDINGS INC - 505;;;2049-12-31;;;;
FIIM;41.054.489/0001-61;IT NOW MSCI USA IMI MILLENIALS SELECT 50 FUNDO DE INDICE;2023-07-31;501316;9587197.66;INVESTIMENTO NO EXTERIOR;;N;Para negociação;1.00;2674.00;0.00;0.00;10.00;140694.11;;;;;;;;BOOKING HOLDINGS INC - 10;;;2049-12-31;;;;
FIIM;41.054.489/0001-61;IT NOW MSCI USA IMI MILLENIALS SELECT 50 FUNDO DE INDICE;2023-07-31;501316;9587197.66;INVESTIMENTO NO EXTERIOR;;N;Para negociação;1.00;62.06;0.00;0.00;156.00;52742.96;;;;;;;;MICRON TECHNOLOGY INC - 156;;;2049-12-31;;;;
FIIM;41.054.489/0001-61;IT NOW MSCI USA IMI MILLENIALS SELECT 50 FUNDO DE INDICE;2023-07-31;501316;9587197.66;INVESTIMENTO NO EXTERIOR;;N;Para negociação;1.00;122.63;0.00;0.00;350.00;220638.47;;;;;;;;GOOGLE INC - 350;;;2049-12-31;;;;
FIIM;41.054.489/0001-61;IT NOW MSCI USA IMI MILLENIALS SELECT 50 FUNDO DE INDICE;2023-07-31;501316;9587197.66;INVESTIMENTO NO EXTERIOR;;N;Para negociação;0.00;0.00;0.00;0.00;186.00;481108.80;;;;;;;;ADOBE SYSTEMS INC - 186;;;2049-12-31;;;;
FIIM;41.054.489/0001-61;IT NOW MSCI USA IMI MILLENIALS SELECT 50 FUNDO DE INDICE;2023-07-31;501316;9587197.66;INVESTIMENTO NO EXTERIOR;;N;Para negociação;4.00;165.92;0.00;0.00;1124.00;240925.84;;;;;;;;COMCAST CORP - 1124;;;2049-12-31;;;;
FIIM;41.054.489/0001-61;IT NOW MSCI USA IMI MILLENIALS SELECT 50 FUNDO DE INDICE;2023-07-31;501316;9587197.66;INVESTIMENTO NO EXTERIOR;;N;Para negociação;0.00;0.00;0.00;0.00;83.00;220387.99;;;;;;;;COSTCO WHOLESALE CORP - 83;;;2049-12-31;;;;
FIIM;41.054.489/0001-61;IT NOW MSCI USA IMI MILLENIALS SELECT 50 FUNDO DE INDICE;2023-07-31;501316;9587197.66;INVESTIMENTO NO EXTERIOR;;N;Para negociação;1.00;121.75;0.00;0.00;388.00;243876.87;;;;;;;;GOOGLE INC - 388;;;2049-12-31;;;;
FIIM;41.054.489/0001-61;IT NOW MSCI USA IMI MILLENIALS SELECT 50 FUNDO DE INDICE;2023-07-31;501316;9587197.66;INVESTIMENTO NO EXTERIOR;;N;Para negociação;1.00;77.31;0.00;0.00;251.00;88844.25;;;;;;;;GENERAL MILLS INC - 251;;;2049-12-31;;;;
FIIM;41.054.489/0001-61;IT NOW MSCI USA IMI MILLENIALS SELECT 50 FUNDO DE INDICE;2023-07-31;501316;9587197.66;INVESTIMENTO NO EXTERIOR;;N;Para negociação;1.00;239.45;0.00;0.00;237.00;266830.12;;;;;;;;VISA INC - 237;;;2049-12-31;;;;
FIIM;41.054.489/0001-61;IT NOW MSCI USA IMI MILLENIALS SELECT 50 FUNDO DE INDICE;2023-07-31;501316;9587197.66;INVESTIMENTO NO EXTERIOR;;N;Para negociação;0.00;0.00;0.00;0.00;55.00;21872.04;;;;;;;;COSTAR GROUP INC - 55;;;2049-12-31;;;;
FIIM;41.054.489/0001-61;IT NOW MSCI USA IMI MILLENIALS SELECT 50 FUNDO DE INDICE;2023-07-31;501316;9587197.66;INVESTIMENTO NO EXTERIOR;;N;Para negociação;1.00;31.75;0.00;0.00;226.00;36401.35;;;;;;;;KEURIG DR PEPPER INC - 226;;;2049-12-31;;;;
FIIM;41.054.489/0001-61;IT NOW MSCI USA IMI MILLENIALS SELECT 50 FUNDO DE INDICE;2023-07-31;501316;9587197.66;INVESTIMENTO NO EXTERIOR;;N;Para negociação;3.00;391.14;0.00;0.00;780.00;493814.18;;;;;;;;AMAZON.COM, INC - 780;;;2049-12-31;;;;
FIIM;41.054.489/0001-61;IT NOW MSCI USA IMI MILLENIALS SELECT 50 FUNDO DE INDICE;2023-07-31;501316;9587197.66;INVESTIMENTO NO EXTERIOR;;N;Para negociação;1.00;445.90;0.00;0.00;211.00;438651.70;;;;;;;;NETFLIX INC - 211;;;2049-12-31;;;;
FIIM;41.054.489/0001-61;IT NOW MSCI USA IMI MILLENIALS SELECT 50 FUNDO DE INDICE;2023-07-31;501316;9587197.66;INVESTIMENTO NO EXTERIOR;;N;Para negociação;2.00;382.66;0.00;0.00;518.00;481930.39;;;;;;;;APPLE INC - 518;;;2049-12-31;;;;
FIIM;41.054.489/0001-61;IT NOW MSCI USA IMI MILLENIALS SELECT 50 FUNDO DE INDICE;2023-07-31;501316;9587197.66;INVESTIMENTO NO EXTERIOR;;N;Para negociação;5.00;305.15;0.00;0.00;1062.00;311478.53;;;;;;;;COCA-COLA CO/THE - 1062;;;2049-12-31;;;;
FIIM;41.054.489/0001-61;IT NOW MSCI USA IMI MILLENIALS SELECT 50 FUNDO DE INDICE;2023-07-31;501316;9587197.66;INVESTIMENTO NO EXTERIOR;;N;Para negociação;1.00;225.49;0.00;0.00;192.00;213020.02;;;;;;;;LOWE'S COS INC - 192;;;2049-12-31;;;;
FIIM;41.054.489/0001-61;IT NOW MSCI USA IMI MILLENIALS SELECT 50 FUNDO DE INDICE;2023-07-31;501316;9587197.66;INVESTIMENTO NO EXTERIOR;;N;Para negociação;2.00;316.22;0.00;0.00;398.00;301318.22;;;;;;;;WAL-MART STORES INC - 398;;;2049-12-31;;;;
FIIM;41.054.489/0001-61;IT NOW MSCI USA IMI MILLENIALS SELECT 50 FUNDO DE INDICE;2023-07-31;501316;9587197.66;INVESTIMENTO NO EXTERIOR;;N;Para negociação;2.00;74.96;0.00;0.00;563.00;90867.90;;;;;;;;VERIZON COMMUNICATIONS INC - 563;;;2049-12-31;;;;
FIIM;41.054.489/0001-61;IT NOW MSCI USA IMI MILLENIALS SELECT 50 FUNDO DE INDICE;2023-07-31;501316;9587197.66;INVESTIMENTO NO EXTERIOR;;N;Para negociação;1.00;152.24;0.00;0.00;331.00;245013.20;;;;;;;;PROCTER & GAMBLE COMPANY - 331;;;2049-12-31;;;;
FIIM;41.054.489/0001-61;IT NOW MSCI USA IMI MILLENIALS SELECT 50 FUNDO DE INDICE;2023-07-31;501316;9587197.66;INVESTIMENTO NO EXTERIOR;;N;Para negociação;1.00;68.97;0.00;0.00;220.00;83904.04;;;;;;;;SQUARE INC - 220;;;2049-12-31;;;;
FIIM;41.054.489/0001-61;IT NOW MSCI USA IMI MILLENIALS SELECT 50 FUNDO DE INDICE;2023-07-31;501316;9587197.66;INVESTIMENTO NO EXTERIOR;;N;Para negociação;2.00;588.74;0.00;0.00;369.00;556768.50;;;;;;;;META HOLDING S/A - 369;;;2049-12-31;;;;
FIIM;41.054.489/0001-61;IT NOW MSCI USA IMI MILLENIALS SELECT 50 FUNDO DE INDICE;2023-07-31;501316;9587197.66;INVESTIMENTO NO EXTERIOR;;N;Para negociação;2.00;179.58;0.00;0.00;630.00;265213.71;;;;;;;;WALT DISNEY CO/THE - 630;;;2049-12-31;;;;
FIIM;41.054.489/0001-61;IT NOW MSCI USA IMI MILLENIALS SELECT 50 FUNDO DE INDICE;2023-07-31;501316;9587197.66;INVESTIMENTO NO EXTERIOR;;N;Para negociação;2.00;146.44;0.00;0.00;571.00;200462.26;;;;;;;;MONDELEZ INTERNATIONAL INC - 571;;;2045-12-30;;;;
FIIM;41.054.489/0001-61;IT NOW MSCI USA IMI MILLENIALS SELECT 50 FUNDO DE INDICE;2023-07-31;501316;9587197.66;INVESTIMENTO NO EXTERIOR;;N;Para negociação;1.00;77.17;0.00;0.00;210.00;90761.62;;;;;;;;TRADE DESK INC/THE - 210;;;2049-12-31;;;;
FIIM;41.054.489/0001-61;IT NOW MSCI USA IMI MILLENIALS SELECT 50 FUNDO DE INDICE;2023-07-31;501316;9587197.66;INVESTIMENTO NO EXTERIOR;;N;Para negociação;1.00;139.56;0.00;0.00;225.00;146804.61;;;;;;;;T-MOBILE US INC - 225;;;2049-12-31;;;;
FIIM;41.054.489/0001-61;IT NOW MSCI USA IMI MILLENIALS SELECT 50 FUNDO DE INDICE;2023-07-31;501316;9587197.66;INVESTIMENTO NO EXTERIOR;;N;Para negociação;1.00;98.46;0.00;0.00;158.00;76002.00;;;;;;;;STARBUCKS CORPORATION - 158;;;2049-12-31;;;;
FIIM;41.054.489/0001-61;IT NOW MSCI USA IMI MILLENIALS SELECT 50 FUNDO DE INDICE;2023-07-31;501316;9587197.66;INVESTIMENTO NO EXTERIOR;;N;Para negociação;0.00;0.00;0.00;0.00;78.00;56219.01;;;;;;;;AIRBNB INC-CLASS A - 78;;;2049-12-31;;;;
FIIM;41.054.489/0001-61;IT NOW MSCI USA IMI MILLENIALS SELECT 50 FUNDO DE INDICE;2023-07-31;501316;9587197.66;INVESTIMENTO NO EXTERIOR;;N;Para negociação;0.00;0.00;0.00;0.00;84.00;54289.89;;;;;;;;TARGET CORP - 84;;;2049-12-31;;;;
FIIM;41.054.489/0001-61;IT NOW MSCI USA IMI MILLENIALS SELECT 50 FUNDO DE INDICE;2023-07-31;501316;9587197.66;INVESTIMENTO NO EXTERIOR;;N;Para negociação;1.00;170.16;0.00;0.00;61.00;48781.94;;;;;;;;DOLLAR GENERAL CORP - 61;;;2049-12-31;;;;
FIIM;41.054.489/0001-61;IT NOW MSCI USA IMI MILLENIALS SELECT 50 FUNDO DE INDICE;2023-07-31;501316;9587197.66;INVESTIMENTO NO EXTERIOR;;N;Para negociação;1.00;423.17;0.00;0.00;290.00;641781.22;;;;;;;;NVIDIA CORP - 290;;;2049-12-31;;;;
FIIM;41.054.515/0001-51;IT NOW MORNINGSTAR XT US HEALTHCARE FUNDO DE INDICE;2023-07-31;501315;9335785.94;DISPONIBILIDADES;;;Para negociação;;;;;;64433.05;;;DISPONIBILIDADES;;;;;;;;;;;;
FIIM;41.054.515/0001-51;IT NOW MORNINGSTAR XT US HEALTHCARE FUNDO DE INDICE;2023-07-31;501315;9335785.94;VALORES A PAGAR;;;Para negociação;;;;;;74564.50;;;VALORES A PAGAR;;;;;;;;;;;;
FIIM;41.054.515/0001-51;IT NOW MORNINGSTAR XT US HEALTHCARE FUNDO DE INDICE;2023-07-31;501315;9335785.94;VALORES A RECEBER;;;Para negociação;;;;;;23334.84;;;VALORES A RECEBER;;;;;;;;;;;;
FIIM;41.054.515/0001-51;IT NOW MORNINGSTAR XT US HEALTHCARE FUNDO DE INDICE;2023-07-31;501315;9335785.94;INVESTIMENTO NO EXTERIOR;;N;Para negociação;0.00;0.00;0.00;0.00;342.00;190571.28;;;;;;;;MODERNA INC - 342;;;2049-12-31;;;;
FIIM;41.054.515/0001-51;IT NOW MORNINGSTAR XT US HEALTHCARE FUNDO DE INDICE;2023-07-31;501315;9335785.94;INVESTIMENTO NO EXTERIOR;;N;Para negociação;3.00;169.62;0.00;0.00;1208.00;327983.04;;;;;;;;CRISPR THERAPEUTICS AG - 1208;;;2049-12-31;;;;
FIIM;41.054.515/0001-51;IT NOW MORNINGSTAR XT US HEALTHCARE FUNDO DE INDICE;2023-07-31;501315;9335785.94;INVESTIMENTO NO EXTERIOR;;N;Para negociação;1.00;168.38;0.00;0.00;345.00;273724.83;;;;;;;;JOHNSON & JOHNSON - 345;;;2049-12-31;;;;
FIIM;41.054.515/0001-51;IT NOW MORNINGSTAR XT US HEALTHCARE FUNDO DE INDICE;2023-07-31;501315;9335785.94;INVESTIMENTO NO EXTERIOR;;N;Para negociação;3.00;122.88;0.00;0.00;1601.00;314129.54;;;;;;;;IONIS PHARMACEUTICALS INC - 1601;;;2049-12-31;;;;
FIIM;41.054.515/0001-51;IT NOW MORNINGSTAR XT US HEALTHCARE FUNDO DE INDICE;2023-07-31;501315;9335785.94;INVESTIMENTO NO EXTERIOR;;N;Para negociação;3.00;111.93;0.00;0.00;1268.00;234319.82;;;;;;;;GUARDANT HEALTH INC - 1268;;;2049-12-31;;;;
FIIM;41.054.515/0001-51;IT NOW MORNINGSTAR XT US HEALTHCARE FUNDO DE INDICE;2023-07-31;501315;9335785.94;INVESTIMENTO NO EXTERIOR;;N;Para negociação;0.00;0.00;0.00;0.00;193.00;322048.87;;;;;;;;VERTEX PHARMACEUTICALS INC - 193;;;2049-12-31;;;;
FIIM;41.054.515/0001-51;IT NOW MORNINGSTAR XT US HEALTHCARE FUNDO DE INDICE;2023-07-31;501315;9335785.94;INVESTIMENTO NO EXTERIOR;;N;Para negociação;1.00;64.01;0.00;0.00;728.00;219689.68;;;;;;;;INCYTE CORP LTD - 728;;;2049-12-31;;;;
FIIM;41.054.515/0001-51;IT NOW MORNINGSTAR XT US HEALTHCARE FUNDO DE INDICE;2023-07-31;501315;9335785.94;INVESTIMENTO NO EXTERIOR;;N;Para negociação;0.00;0.00;0.00;0.00;110.00;285823.87;;;;;;;;THERMO FISHER SCIENTIFIC INC - 110;;;2049-12-31;;;;
FIIM;41.054.515/0001-51;IT NOW MORNINGSTAR XT US HEALTHCARE FUNDO DE INDICE;2023-07-31;501315;9335785.94;INVESTIMENTO NO EXTERIOR;;N;Para negociação;3.00;129.84;0.00;0.00;1607.00;322156.32;;;;;;;;INTELLIA THERAPEUTICS INC - 1607;;;2049-12-31;;;;
FIIM;41.054.515/0001-51;IT NOW MORNINGSTAR XT US HEALTHCARE FUNDO DE INDICE;2023-07-31;501315;9335785.94;INVESTIMENTO NO EXTERIOR;;N;Para negociação;1.00;391.85;0.00;0.00;194.00;359475.83;;;;;;;;COOPER COS INC/THE - 194;;;2049-12-31;;;;
FIIM;41.054.515/0001-51;IT NOW MORNINGSTAR XT US HEALTHCARE FUNDO DE INDICE;2023-07-31;501315;9335785.94;INVESTIMENTO NO EXTERIOR;;N;Para negociação;1.00;63.77;0.00;0.00;765.00;225312.10;;;;;;;;BRISTOL-MYERS SQUIBB CO - 765;;;2049-12-31;;;;
FIIM;41.054.515/0001-51;IT NOW MORNINGSTAR XT US HEALTHCARE FUNDO DE INDICE;2023-07-31;501315;9335785.94;INVESTIMENTO NO EXTERIOR;;N;Para negociação;0.00;0.00;0.00;0.00;398.00;229522.83;;;;;;;;AGILENT TECHNOLOGIES INC - 398;;;2049-12-31;;;;
FIIM;41.054.515/0001-51;IT NOW MORNINGSTAR XT US HEALTHCARE FUNDO DE INDICE;2023-07-31;501315;9335785.94;INVESTIMENTO NO EXTERIOR;;N;Para negociação;3.00;284.79;0.00;0.00;1332.00;615303.66;;;;;;;;EXACT SCIENCES CORP - 1332;;;2049-12-31;;;;
FIIM;41.054.515/0001-51;IT NOW MORNINGSTAR XT US HEALTHCARE FUNDO DE INDICE;2023-07-31;501315;9335785.94;INVESTIMENTO NO EXTERIOR;;N;Para negociação;1.00;112.03;0.00;0.00;439.00;254269.05;;;;;;;;MASIMO CORP - 439;;;2049-12-31;;;;
FIIM;41.054.515/0001-51;IT NOW MORNINGSTAR XT US HEALTHCARE FUNDO DE INDICE;2023-07-31;501315;9335785.94;INVESTIMENTO NO EXTERIOR;;N;Para negociação;1.00;87.54;0.00;0.00;590.00;245692.33;;;;;;;;BIOMARIN PHARMACEUTICAL INC - 590;;;2049-12-31;;;;
FIIM;41.054.515/0001-51;IT NOW MORNINGSTAR XT US HEALTHCARE FUNDO DE INDICE;2023-07-31;501315;9335785.94;INVESTIMENTO NO EXTERIOR;;N;Para negociação;1.00;347.66;0.00;0.00;228.00;350282.31;;;;;;;;INTUITIVE SURGICAL INC - 228;;;2049-12-31;;;;
FIIM;41.054.515/0001-51;IT NOW MORNINGSTAR XT US HEALTHCARE FUNDO DE INDICE;2023-07-31;501315;9335785.94;INVESTIMENTO NO EXTERIOR;;N;Para negociação;0.00;0.00;0.00;0.00;370.00;262106.49;;;;;;;;ABBOTT LABORATORIES - 370;;;2049-12-31;;;;
FIIM;41.054.515/0001-51;IT NOW MORNINGSTAR XT US HEALTHCARE FUNDO DE INDICE;2023-07-31;501315;9335785.94;INVESTIMENTO NO EXTERIOR;;N;Para negociação;2.00;159.88;0.00;0.00;697.00;251332.22;;;;;;;;GILEAD SCIENCES INC - 697;;;2049-12-31;;;;
FIIM;41.054.515/0001-51;IT NOW MORNINGSTAR XT US HEALTHCARE FUNDO DE INDICE;2023-07-31;501315;9335785.94;INVESTIMENTO NO EXTERIOR;;N;Para negociação;0.00;0.00;0.00;0.00;405.00;250150.71;;;;;;;;JAZZ PHARMACEUTICALS PLC - 405;;;2049-12-31;;;;
FIIM;41.054.515/0001-51;IT NOW MORNINGSTAR XT US HEALTHCARE FUNDO DE INDICE;2023-07-31;501315;9335785.94;INVESTIMENTO NO EXTERIOR;;N;Para negociação;0.00;0.00;0.00;0.00;214.00;237306.95;;;;;;;;AMGEN INC - 214;;;2049-12-31;;;;
FIIM;41.054.515/0001-51;IT NOW MORNINGSTAR XT US HEALTHCARE FUNDO DE INDICE;2023-07-31;501315;9335785.94;INVESTIMENTO NO EXTERIOR;;N;Para negociação;1.00;92.65;0.00;0.00;843.00;327653.28;;;;;;;;EDWARDS LIFESCIENCES CORP - 843;;;2049-12-31;;;;
FIIM;41.054.515/0001-51;IT NOW MORNINGSTAR XT US HEALTHCARE FUNDO DE INDICE;2023-07-31;501315;9335785.94;INVESTIMENTO NO EXTERIOR;;N;Para negociação;1.00;184.17;0.00;0.00;293.00;266630.93;;;;;;;;ILLUMINA INC - 293;;;2049-12-31;;;;
FIIM;41.054.515/0001-51;IT NOW MORNINGSTAR XT US HEALTHCARE FUNDO DE INDICE;2023-07-31;501315;9335785.94;INVESTIMENTO NO EXTERIOR;;N;Para negociação;1.00;201.44;0.00;0.00;264.00;244304.24;;;;;;;;ALNYLAM PHARMACEUTICALS INC - 264;;;2049-12-31;;;;
FIIM;41.054.515/0001-51;IT NOW MORNINGSTAR XT US HEALTHCARE FUNDO DE INDICE;2023-07-31;501315;9335785.94;INVESTIMENTO NO EXTERIOR;;N;Para negociação;1.00;86.92;0.00;0.00;758.00;299390.33;;;;;;;;TECHNE CORP - 758;;;2049-12-31;;;;
FIIM;41.054.515/0001-51;IT NOW MORNINGSTAR XT US HEALTHCARE FUNDO DE INDICE;2023-07-31;501315;9335785.94;INVESTIMENTO NO EXTERIOR;;N;Para negociação;1.00;463.82;0.00;0.00;164.00;353043.34;;;;;;;;ELI LILLY AND COMPANY - 164;;;2049-12-31;;;;
FIIM;41.054.515/0001-51;IT NOW MORNINGSTAR XT US HEALTHCARE FUNDO DE INDICE;2023-07-31;501315;9335785.94;INVESTIMENTO NO EXTERIOR;;N;Para negociação;0.00;0.00;0.00;0.00;180.00;235458.52;;;;;;;;WATERS CORP - 180;;;2049-12-31;;;;
FIIM;41.054.515/0001-51;IT NOW MORNINGSTAR XT US HEALTHCARE FUNDO DE INDICE;2023-07-31;501315;9335785.94;INVESTIMENTO NO EXTERIOR;;N;Para negociação;1.00;126.73;0.00;0.00;439.00;255620.43;;;;;;;;REVVITY INC - 439;;;2049-12-31;;;;
FIIM;41.054.515/0001-51;IT NOW MORNINGSTAR XT US HEALTHCARE FUNDO DE INDICE;2023-07-31;501315;9335785.94;INVESTIMENTO NO EXTERIOR;;N;Para negociação;0.00;0.00;0.00;0.00;228.00;275410.01;;;;;;;;DANAHER CORP - 228;;;2049-12-31;;;;
FIIM;41.054.515/0001-51;IT NOW MORNINGSTAR XT US HEALTHCARE FUNDO DE INDICE;2023-07-31;501315;9335785.94;INVESTIMENTO NO EXTERIOR;;N;Para negociação;2.00;216.92;0.00;0.00;555.00;280321.47;;;;;;;;MERCK & CO INC - 555;;;2049-12-31;;;;
FIIM;41.054.515/0001-51;IT NOW MORNINGSTAR XT US HEALTHCARE FUNDO DE INDICE;2023-07-31;501315;9335785.94;INVESTIMENTO NO EXTERIOR;;N;Para negociação;0.00;0.00;0.00;0.00;80.00;281088.92;;;;;;;;REGENERON PHARMACEUTICALS INC - 80;;;2049-12-31;;;;
FIIM;41.054.515/0001-51;IT NOW MORNINGSTAR XT US HEALTHCARE FUNDO DE INDICE;2023-07-31;501315;9335785.94;INVESTIMENTO NO EXTERIOR;;N;Para negociação;1.00;194.78;0.00;0.00;512.00;465024.46;;;;;;;;SEATTLE GENETICS INC - 512;;;2049-12-31;;;;
FIIM;41.054.515/0001-51;IT NOW MORNINGSTAR XT US HEALTHCARE FUNDO DE INDICE;2023-07-31;501315;9335785.94;INVESTIMENTO NO EXTERIOR;;N;Para negociação;1.00;274.70;0.00;0.00;209.00;267434.89;;;;;;;;BIOGEN IDEC INC - 209;;;2049-12-31;;;;
FIIM;41.256.573/0001-68;HASHDEX NASDAQ BITCOIN REFERENCE PRICE FUNDO DE ÍNDICE;2023-07-31;500306;204589597.73;DISPONIBILIDADES;Outros;;Para negociação;;;;;;10638.97;;2023-10-29;;Disponibilidade;;;;;;;;;;;
FIIM;41.256.573/0001-68;HASHDEX NASDAQ BITCOIN REFERENCE PRICE FUNDO DE ÍNDICE;2023-07-31;500306;204589597.73;VALORES A PAGAR;Outros;;Para negociação;;;;;;593872.96;;2023-10-29;;Valores a Pagar;;;;;;;;;;;
FIIM;41.256.573/0001-68;HASHDEX NASDAQ BITCOIN REFERENCE PRICE FUNDO DE ÍNDICE;2023-07-31;500306;204589597.73;VALORES A RECEBER;Outros;;Para negociação;;;;;;78285.50;;2023-10-29;;Valores a Receber;;;;;;;;;;;
FIIM;41.256.573/0001-68;HASHDEX NASDAQ BITCOIN REFERENCE PRICE FUNDO DE ÍNDICE;2023-07-31;500306;204589597.73;OPERAÇÕES COMPROMISSADAS;;N;Para negociação;;;;;22.00;298455.49;;2023-10-29;;;2025-05-15;;;;;760199;;;;;
FIIM;41.256.573/0001-68;HASHDEX NASDAQ BITCOIN REFERENCE PRICE FUNDO DE ÍNDICE;2023-07-31;500306;204589597.73;INVESTIMENTO NO EXTERIOR;Outros;N;Para negociação;934.00;3822882.56;0.00;0.00;50538.00;204486113.32;;2023-10-29;HNBTC CLASS;;2050-12-29;;;HNBTC CLASSE B;N;;;28;ESTADOS UNIDOS DA AMÉRICA;99;OUTRAS BOLSAS OU MERCADOS DE BALCÃO ORGANIZADOS
FIIM;41.256.573/0001-68;HASHDEX NASDAQ BITCOIN REFERENCE PRICE FUNDO DE ÍNDICE;2023-07-31;500306;204589597.73;INVESTIMENTO NO EXTERIOR;Outros;N;Para negociação;0.61;2598.30;0.00;0.00;21.40;86588.07;;2023-10-29;HNBTC CLASS;;2050-12-29;;;HNBTC CLASSE C;N;;;28;ESTADOS UNIDOS DA AMÉRICA;99;OUTRAS BOLSAS OU MERCADOS DE BALCÃO ORGANIZADOS
FIIM;41.706.298/0001-37;QR CME CF ETHER REFERENCE RATE FUNDO DE ÍNDICE - INVESTIMENTO NO EXTERIOR;2023-07-31;504575;63899568.97;DISPONIBILIDADES;Outros;;Para negociação;;;;;;132964.39;;;;EXTERIOR CAIXA;;PJ;4423567000121;*** A Definir ***;;;;;;;
FIIM;41.706.298/0001-37;QR CME CF ETHER REFERENCE RATE FUNDO DE ÍNDICE - INVESTIMENTO NO EXTERIOR;2023-07-31;504575;63899568.97;VALORES A PAGAR;Outros;;Para negociação;;;;;;33657.56;;;;TAXA GEST?O PROVIS?O;;PJ;29415858000107;SEM DEFINI??O;;;;;;;
FIIM;41.706.298/0001-37;QR CME CF ETHER REFERENCE RATE FUNDO DE ÍNDICE - INVESTIMENTO NO EXTERIOR;2023-07-31;504575;63899568.97;VALORES A PAGAR;Outros;;Para negociação;;;;;;20848.41;;;;VALOR A PAGA;;PJ;29415858000107;SEM DEFINI??O;;;;;;;
FIIM;41.706.298/0001-37;QR CME CF ETHER REFERENCE RATE FUNDO DE ÍNDICE - INVESTIMENTO NO EXTERIOR;2023-07-31;504575;63899568.97;VALORES A PAGAR;Outros;;Para negociação;;;;;;45000.00;;;;DESP AUDITOR PROVISAO;;PJ;29415858000107;SEM DEFINI??O;;;;;;;
FIIM;41.706.298/0001-37;QR CME CF ETHER REFERENCE RATE FUNDO DE ÍNDICE - INVESTIMENTO NO EXTERIOR;2023-07-31;504575;63899568.97;VALORES A PAGAR;Outros;;Para negociação;;;;;;6604.15;;;;TAXA ADM PROVIS?O;;PJ;29415858000107;SEM DEFINI??O;;;;;;;
FIIM;41.706.298/0001-37;QR CME CF ETHER REFERENCE RATE FUNDO DE ÍNDICE - INVESTIMENTO NO EXTERIOR;2023-07-31;504575;63899568.97;VALORES A PAGAR;Outros;;Para negociação;;;;;;2000.00;;;;TX ESCRT FIX PROVIS?O;;PJ;29415858000107;SEM DEFINI??O;;;;;;;
FIIM;41.706.298/0001-37;QR CME CF ETHER REFERENCE RATE FUNDO DE ÍNDICE - INVESTIMENTO NO EXTERIOR;2023-07-31;504575;63899568.97;VALORES A PAGAR;Outros;;Para negociação;;;;;;3243.20;;;;AUDITORIA PROVISAO;;PJ;4423567000121;*** A Definir ***;;;;;;;
FIIM;41.706.298/0001-37;QR CME CF ETHER REFERENCE RATE FUNDO DE ÍNDICE - INVESTIMENTO NO EXTERIOR;2023-07-31;504575;63899568.97;VALORES A PAGAR;Outros;;Para negociação;;;;;;190290.55;;;;COTAS   A RESGATAR;;PJ;29415858000107;SEM DEFINI??O;;;;;;;
FIIM;41.706.298/0001-37;QR CME CF ETHER REFERENCE RATE FUNDO DE ÍNDICE - INVESTIMENTO NO EXTERIOR;2023-07-31;504575;63899568.97;VALORES A PAGAR;Outros;;Para negociação;;;;;;4550.80;;;;TX ESCRT VAR PROVIS?O;;PJ;29415858000107;SEM DEFINI??O;;;;;;;
FIIM;41.706.298/0001-37;QR CME CF ETHER REFERENCE RATE FUNDO DE ÍNDICE - INVESTIMENTO NO EXTERIOR;2023-07-31;504575;63899568.97;VALORES A RECEBER;Outros;;Para negociação;;;;;;190535.01;;;;VAL A RECEBE;;PJ;29415858000107;SEM DEFINI??O;;;;;;;
FIIM;41.706.298/0001-37;QR CME CF ETHER REFERENCE RATE FUNDO DE ÍNDICE - INVESTIMENTO NO EXTERIOR;2023-07-31;504575;63899568.97;VALORES A RECEBER;Outros;;Para negociação;;;;;;1425.68;;;;REC SLIPPAGE;;PJ;29415858000107;SEM DEFINI??O;;;;;;;
FIIM;41.706.298/0001-37;QR CME CF ETHER REFERENCE RATE FUNDO DE ÍNDICE - INVESTIMENTO NO EXTERIOR;2023-07-31;504575;63899568.97;VALORES A RECEBER;Outros;;Para negociação;;;;;;5326.11;;;;TX FISCALIZ DIFERIDO;;PJ;29415858000107;SEM DEFINI??O;;;;;;;
FIIM;41.706.298/0001-37;QR CME CF ETHER REFERENCE RATE FUNDO DE ÍNDICE - INVESTIMENTO NO EXTERIOR;2023-07-31;504575;63899568.97;VALORES A RECEBER;Outros;;Para negociação;;;;;;5881.72;;;;ANUIDADE_B3 DIFERIDO;;PJ;29415858000107;SEM DEFINI??O;;;;;;;
FIIM;41.706.298/0001-37;QR CME CF ETHER REFERENCE RATE FUNDO DE ÍNDICE - INVESTIMENTO NO EXTERIOR;2023-07-31;504575;63899568.97;VALORES A RECEBER;Outros;;Para negociação;;;;;;9.68;;;;Ajuste Cota Despesa;;PJ;29415858000107;SEM DEFINI??O;;;;;;;
FIIM;41.706.298/0001-37;QR CME CF ETHER REFERENCE RATE FUNDO DE ÍNDICE - INVESTIMENTO NO EXTERIOR;2023-07-31;504575;63899568.97;INVESTIMENTO NO EXTERIOR;Outros;N;Para negociação;;;;;7233.00;63869621.05;;;CME ETH USD;;2021-08-03;;;CME ETH USD;N;;;28;ESTADOS UNIDOS DA AMÉRICA;A1;AMERICAN STOCK EXCHANGE
FIIM;41.907.631/0001-76;HASHDEX NASDAQ ETHEREUM REFERENCE PRICE FUNDO DE ÍNDICE;2023-07-31;500308;94352193.76;DISPONIBILIDADES;Outros;;Para negociação;;;;;;11301.80;;2023-10-29;;Disponibilidade;;;;;;;;;;;
FIIM;41.907.631/0001-76;HASHDEX NASDAQ ETHEREUM REFERENCE PRICE FUNDO DE ÍNDICE;2023-07-31;500308;94352193.76;VALORES A PAGAR;Outros;;Para negociação;;;;;;21942.00;;2023-10-29;;Valores a Pagar;;;;;;;;;;;
FIIM;41.907.631/0001-76;HASHDEX NASDAQ ETHEREUM REFERENCE PRICE FUNDO DE ÍNDICE;2023-07-31;500308;94352193.76;VALORES A RECEBER;Outros;;Para negociação;;;;;;13149.74;;2023-10-29;;Valores a Receber;;;;;;;;;;;
FIIM;41.907.631/0001-76;HASHDEX NASDAQ ETHEREUM REFERENCE PRICE FUNDO DE ÍNDICE;2023-07-31;500308;94352193.76;INVESTIMENTO NO EXTERIOR;Outros;N;Para negociação;92.00;248253.27;0.00;0.00;35311.00;94308164.35;;2023-10-29;ETHE11 - CL;;2050-12-29;;;ETHE11 - CLASSE B;N;;;28;ESTADOS UNIDOS DA AMÉRICA;99;OUTRAS BOLSAS OU MERCADOS DE BALCÃO ORGANIZADOS
FIIM;41.907.631/0001-76;HASHDEX NASDAQ ETHEREUM REFERENCE PRICE FUNDO DE ÍNDICE;2023-07-31;500308;94352193.76;INVESTIMENTO NO EXTERIOR;Outros;N;Para negociação;0.87;2331.20;0.00;0.00;15.29;40831.98;;2023-10-29;ETHE11 - CL;;2050-12-29;;;ETHE11 - CLASSE C;N;;;28;ESTADOS UNIDOS DA AMÉRICA;99;OUTRAS BOLSAS OU MERCADOS DE BALCÃO ORGANIZADOS
FIIM;42.101.885/0001-65;TREND ETF CRSP U.S. LARGE CAP FUNDO DE INVESTIMENTO DE ÍNDICE;2023-07-31;502187;279928342.75;COTAS DE FUNDOS;;N;;335.22;40925.99;362.87;44519.14;417.14;51293.26;;;;;;PJ;43105440000116;BNP Paribas Soberano II FIC FI RF Simples;;;;;;;
FIIM;42.134.357/0001-02;BTG PACTUAL S&P/B3 INGENIUS FUNDO DE ÍNDICE;2023-07-31;499695;7716042.59;OPERAÇÕES COMPROMISSADAS;;N;Para negociação;0.00;0.00;0.00;0.00;6.00;23104.86;;;;;2026-08-15;;;;;760199;;;;;
FIIM;42.264.597/0001-21;IT NOW S&P® KENSHO® HYDROGEN FUNDO DE ÍNDICE;2023-07-31;501322;8984127.39;DISPONIBILIDADES;;;Para negociação;;;;;;209820.31;;;DISPONIBILIDADES;;;;;;;;;;;;
FIIM;42.264.597/0001-21;IT NOW S&P® KENSHO® HYDROGEN FUNDO DE ÍNDICE;2023-07-31;501322;8984127.39;VALORES A PAGAR;;;Para negociação;;;;;;254451.43;;;VALORES A PAGAR;;;;;;;;;;;;
FIIM;42.264.597/0001-21;IT NOW S&P® KENSHO® HYDROGEN FUNDO DE ÍNDICE;2023-07-31;501322;8984127.39;VALORES A RECEBER;;;Para negociação;;;;;;47841.22;;;VALORES A RECEBER;;;;;;;;;;;;
FIIM;42.264.597/0001-21;IT NOW S&P® KENSHO® HYDROGEN FUNDO DE ÍNDICE;2023-07-31;501322;8984127.39;INVESTIMENTO NO EXTERIOR;;N;Para negociação;4.00;270.80;0.00;0.00;1597.00;564368.39;;;;;;;;WORTHINGTON INDUSTRIES INC - 1597;;;2049-12-31;;;;
FIIM;42.264.597/0001-21;IT NOW S&P® KENSHO® HYDROGEN FUNDO DE ÍNDICE;2023-07-31;501322;8984127.39;INVESTIMENTO NO EXTERIOR;;N;Para negociação;6.00;215.82;0.00;0.00;3006.00;526451.54;;;;;;;;CHEMOURS CO/THE - 3006;;;2049-12-31;;;;
FIIM;42.264.597/0001-21;IT NOW S&P® KENSHO® HYDROGEN FUNDO DE ÍNDICE;2023-07-31;501322;8984127.39;INVESTIMENTO NO EXTERIOR;;N;Para negociação;2.00;300.62;0.00;0.00;751.00;647881.34;;;;;;;;CHART INDUSTRIES INC - 751;;;2049-12-31;;;;
FIIM;42.264.597/0001-21;IT NOW S&P® KENSHO® HYDROGEN FUNDO DE ÍNDICE;2023-07-31;501322;8984127.39;INVESTIMENTO NO EXTERIOR;;N;Para negociação;24.00;238.80;0.00;0.00;11589.00;720082.60;;;;;;;;PLUG POWER INC - 11589;;;2049-12-31;;;;
FIIM;42.264.597/0001-21;IT NOW S&P® KENSHO® HYDROGEN FUNDO DE ÍNDICE;2023-07-31;501322;8984127.39;INVESTIMENTO NO EXTERIOR;;N;Para negociação;1.00;242.20;0.00;0.00;421.00;519986.66;;;;;;;;CUMMINS INC - 421;;;2049-12-31;;;;
FIIM;42.264.597/0001-21;IT NOW S&P® KENSHO® HYDROGEN FUNDO DE ÍNDICE;2023-07-31;501322;8984127.39;INVESTIMENTO NO EXTERIOR;;N;Para negociação;81.00;166.05;0.00;0.00;39799.00;412780.14;;;;;;;;FUELCELL ENERGY INC - 39799;;;2049-12-31;;;;
FIIM;42.264.597/0001-21;IT NOW S&P® KENSHO® HYDROGEN FUNDO DE ÍNDICE;2023-07-31;501322;8984127.39;INVESTIMENTO NO EXTERIOR;;N;Para negociação;2.00;117.06;0.00;0.00;1422.00;415044.14;;;;;;;;SHELL PLC - 1422;;;2049-12-31;;;;
FIIM;42.264.597/0001-21;IT NOW S&P® KENSHO® HYDROGEN FUNDO DE ÍNDICE;2023-07-31;501322;8984127.39;INVESTIMENTO NO EXTERIOR;;N;Para negociação;1.00;116.44;0.00;0.00;752.00;489692.06;;;;;;;;WESTLAKE CHEMICAL CORP - 752;;;2049-12-31;;;;
FIIM;42.264.597/0001-21;IT NOW S&P® KENSHO® HYDROGEN FUNDO DE ÍNDICE;2023-07-31;501322;8984127.39;INVESTIMENTO NO EXTERIOR;;N;Para negociação;2.00;96.00;0.00;0.00;1132.00;256043.21;;;;;;;;HYSTER-YALE MATERIALS HANDLING - 1132;;;2049-12-31;;;;
FIIM;42.264.597/0001-21;IT NOW S&P® KENSHO® HYDROGEN FUNDO DE ÍNDICE;2023-07-31;501322;8984127.39;INVESTIMENTO NO EXTERIOR;;N;Para negociação;231.00;300.30;0.00;0.00;113427.00;1434267.74;;;;;;;;NIKOLA CORP - 113427;;;2049-12-31;;;;
FIIM;42.264.597/0001-21;IT NOW S&P® KENSHO® HYDROGEN FUNDO DE ÍNDICE;2023-07-31;501322;8984127.39;INVESTIMENTO NO EXTERIOR;;N;Para negociação;43.00;174.15;0.00;0.00;21351.00;477268.46;;;;;;;;BALLARD POWER SYSTEMS INC - 21351;;;2049-12-31;;;;
FIIM;42.264.597/0001-21;IT NOW S&P® KENSHO® HYDROGEN FUNDO DE ÍNDICE;2023-07-31;501322;8984127.39;INVESTIMENTO NO EXTERIOR;;N;Para negociação;0.00;0.00;0.00;0.00;1619.00;97069.56;;;;;;;;LUXFER HOLDINGS PLC - 1619;;;2049-12-31;;;;
FIIM;42.264.597/0001-21;IT NOW S&P® KENSHO® HYDROGEN FUNDO DE ÍNDICE;2023-07-31;501322;8984127.39;INVESTIMENTO NO EXTERIOR;;N;Para negociação;12.00;186.60;0.00;0.00;5970.00;504961.54;;;;;;;;Bloom Energy Corp - 5970;;;2049-12-31;;;;
FIIM;42.264.597/0001-21;IT NOW S&P® KENSHO® HYDROGEN FUNDO DE ÍNDICE;2023-07-31;501322;8984127.39;INVESTIMENTO NO EXTERIOR;;N;Para negociação;3.00;153.63;0.00;0.00;1686.00;460559.07;;;;;;;;OLIN CORP - 1686;;;2049-12-31;;;;
FIIM;42.264.597/0001-21;IT NOW S&P® KENSHO® HYDROGEN FUNDO DE ÍNDICE;2023-07-31;501322;8984127.39;INVESTIMENTO NO EXTERIOR;;N;Para negociação;13.00;211.25;0.00;0.00;6128.00;532256.05;;;;;;;;FMC TECHNOLOGIES INC - 6128;;;2049-12-31;;;;
FIIM;42.264.597/0001-21;IT NOW S&P® KENSHO® HYDROGEN FUNDO DE ÍNDICE;2023-07-31;501322;8984127.39;INVESTIMENTO NO EXTERIOR;;N;Para negociação;1.00;287.84;0.00;0.00;323.00;467061.98;;;;;;;;AIR PRODUCTS & CHEMICALS INC - 323;;;2049-12-31;;;;
FIIM;42.264.597/0001-21;IT NOW S&P® KENSHO® HYDROGEN FUNDO DE ÍNDICE;2023-07-31;501322;8984127.39;INVESTIMENTO NO EXTERIOR;;N;Para negociação;0.00;0.00;0.00;0.00;246.00;455142.81;;;;;;;;LINDE AG - 246;;;2049-12-31;;;;
FIIM;42.280.262/0001-05;INVESTO FTSE GLOBAL EQUITIES ETF FUNDO DE INVESTIMENTO DE ÍNDICE - INVESTIMENTO NO EXTERIOR;2023-07-31;502165;99528491.81;COTAS DE FUNDOS;;N;;56.17;6879.05;282.69;34502.39;268.76;33047.69;;;;;;PJ;43105440000116;BNP Paribas Soberano II FIC FI RF Simples;;;;;;;
FIIM;42.280.298/0001-80;INVESTO S&P BIOTECHNOLOGY SELECTION INDUSTRY ETF FUNDO DE INVESTIMENTO DE ÍNDICE - INVEST. EXTERIOR;2023-07-31;502176;1835412.37;COTAS DE FUNDOS;;N;;8.17;1002.87;43.19;5293.16;80.50;9898.12;;;;;;PJ;43105440000116;BNP Paribas Soberano II FIC FI RF Simples;;;;;;;
FIIM;42.280.328/0001-59;INVESTO MSCI US REAL ESTATE ETF FUNDO DE INVESTIMENTO DE ÍNDICE - INVESTIMENTO NO EXTERIOR;2023-07-31;502166;22724180.71;COTAS DE FUNDOS;;N;;50.11;6121.53;36.04;4403.94;69.25;8515.75;;;;;;PJ;43105440000116;BNP Paribas Soberano II FIC FI RF Simples;;;;;;;
FIIM;42.280.376/0001-47;INVESTO ETF BLUESTAR 5G COMMUNICATIONS INDEX FUNDO DE INVESTIMENTO DE -NDICE - INVESTIMENTO NO EXTER;2023-07-31;502171;5561533.39;COTAS DE FUNDOS;;N;;83.70;10249.45;54.25;6617.58;120.98;14875.85;;;;;;PJ;43105440000116;BNP Paribas Soberano II FIC FI RF Simples;;;;;;;
FIIM;42.427.783/0001-34;BTG PACTUAL B3 IBOVESPA FUNDO DE ÍNDICE;2023-07-31;499679;306599394.01;AÇÕES;Ação ordinária;S;Para negociação;3000.00;101088.00;0.00;0.00;172141.00;5854515.41;;;;BPAC11;;PJ;30306294000145;Banco BTG Pactual SA;;;;;;;
FIIM;42.427.783/0001-34;BTG PACTUAL B3 IBOVESPA FUNDO DE ÍNDICE;2023-07-31;499679;306599394.01;AÇÕES;Ação ordinária;N;Para negociação;2200.00;65582.00;0.00;0.00;71580.00;2116620.60;;;TOTS3;;;;;;;;2006-03-09;;;;
FIIM;42.427.783/0001-34;BTG PACTUAL B3 IBOVESPA FUNDO DE ÍNDICE;2023-07-31;499679;306599394.01;AÇÕES;Ação ordinária;N;Para negociação;0.00;0.00;1400.00;19278.00;42937.00;594248.08;;;CSNA3;;;;;;;;1997-12-30;;;;
FIIM;42.427.783/0001-34;BTG PACTUAL B3 IBOVESPA FUNDO DE ÍNDICE;2023-07-31;499679;306599394.01;AÇÕES;Ação ordinária;N;Para negociação;0.00;0.00;800.00;18888.00;33644.00;801400.08;;;CYRE3;;;;;;;;1997-04-22;;;;
FIIM;42.427.783/0001-34;BTG PACTUAL B3 IBOVESPA FUNDO DE ÍNDICE;2023-07-31;499679;306599394.01;AÇÕES;Ação ordinária;N;Para negociação;3900.00;183924.00;0.00;0.00;14641.00;705549.79;;;BBAS3;;;;;;;;1997-09-30;;;;
FIIM;42.427.783/0001-34;BTG PACTUAL B3 IBOVESPA FUNDO DE ÍNDICE;2023-07-31;499679;306599394.01;AÇÕES;Ação ordinária;N;Para negociação;1791.00;23266.27;14900.00;208802.00;56697.00;788088.30;;;MRVE3;;;;;;;;2007-07-23;;;;
FIIM;42.427.783/0001-34;BTG PACTUAL B3 IBOVESPA FUNDO DE ÍNDICE;2023-07-31;499679;306599394.01;AÇÕES;Ação ordinária;N;Para negociação;0.00;0.00;900.00;19728.00;19431.00;402221.70;;;PCAR3;;;;;;;;1997-09-02;;;;
FIIM;42.427.783/0001-34;BTG PACTUAL B3 IBOVESPA FUNDO DE ÍNDICE;2023-07-31;499679;306599394.01;AÇÕES;Ação ordinária;N;Para negociação;4000.00;53640.00;0.00;0.00;38765.00;515186.85;;;CCRO3;;;;;;;;2002-02-01;;;;
FIIM;42.427.783/0001-34;BTG PACTUAL B3 IBOVESPA FUNDO DE ÍNDICE;2023-07-31;499679;306599394.01;AÇÕES;Ação ordinária;N;Para negociação;0.00;0.00;500.00;10910.00;500.00;10865.00;;;EZTC3;;;;;;;;2007-06-22;;;;
FIIM;42.427.783/0001-34;BTG PACTUAL B3 IBOVESPA FUNDO DE ÍNDICE;2023-07-31;499679;306599394.01;AÇÕES;Ação ordinária;N;Para negociação;900.00;8253.00;0.00;0.00;4605.00;45727.65;;;CASH3;;;;;;;;2020-11-05;;;;
FIIM;42.427.783/0001-34;BTG PACTUAL B3 IBOVESPA FUNDO DE ÍNDICE;2023-07-31;499679;306599394.01;AÇÕES;Ação ordinária;N;Para negociação;0.00;0.00;1400.00;25200.00;118093.00;2157559.11;;;NTCO3;;;;;;;;2019-12-18;;;;
FIIM;42.427.783/0001-34;BTG PACTUAL B3 IBOVESPA FUNDO DE ÍNDICE;2023-07-31;499679;306599394.01;AÇÕES;Ação ordinária;N;Para negociação;0.00;0.00;300.00;7875.00;21282.00;562057.62;;;MULT3;;;;;;;;2007-07-27;;;;
FIIM;42.427.783/0001-34;BTG PACTUAL B3 IBOVESPA FUNDO DE ÍNDICE;2023-07-31;499679;306599394.01;AÇÕES;Ação ordinária;N;Para negociação;1500.00;37185.00;0.00;0.00;74460.00;1810122.60;;;ALSO3;;;;;;;;2019-08-06;;;;
FIIM;42.427.783/0001-34;BTG PACTUAL B3 IBOVESPA FUNDO DE ÍNDICE;2023-07-31;499679;306599394.01;AÇÕES;Ação ordinária;N;Para negociação;0.00;0.00;2800.00;52612.00;135532.00;2541225.00;;;LREN3;;;;;;;;1998-01-02;;;;
FIIM;42.427.783/0001-34;BTG PACTUAL B3 IBOVESPA FUNDO DE ÍNDICE;2023-07-31;499679;306599394.01;AÇÕES;Ação ordinária;N;Para negociação;1300.00;55250.00;0.00;0.00;47927.00;2018205.97;;;VIVT3;;;;;;;;2011-10-06;;;;
FIIM;42.427.783/0001-34;BTG PACTUAL B3 IBOVESPA FUNDO DE ÍNDICE;2023-07-31;499679;306599394.01;AÇÕES;Ação ordinária;N;Para negociação;0.00;0.00;200.00;4468.00;98914.00;2275022.00;;;;KLBN11;;PJ;89637490000145;KLABIN SA;;;;;;;
FIIM;42.427.783/0001-34;BTG PACTUAL B3 IBOVESPA FUNDO DE ÍNDICE;2023-07-31;499679;306599394.01;AÇÕES;Ação ordinária;N;Para negociação;0.00;0.00;1000.00;46558.00;102317.00;4918378.19;;;SUZB3;;;;;;;;2004-08-05;;;;
FIIM;42.427.783/0001-34;BTG PACTUAL B3 IBOVESPA FUNDO DE ÍNDICE;2023-07-31;499679;306599394.01;AÇÕES;Ação ordinária;N;Para negociação;6700.00;91991.00;0.00;0.00;167858.00;2261047.26;;;ASAI3;;;;;;;;2021-08-12;;;;
FIIM;42.427.783/0001-34;BTG PACTUAL B3 IBOVESPA FUNDO DE ÍNDICE;2023-07-31;499679;306599394.01;AÇÕES;Ação ordinária;N;Para negociação;1000.00;17090.00;0.00;0.00;157322.00;2694925.86;;;VBBR3;;;;;;;;2021-10-22;;;;
FIIM;42.427.783/0001-34;BTG PACTUAL B3 IBOVESPA FUNDO DE ÍNDICE;2023-07-31;499679;306599394.01;AÇÕES;Ação ordinária;N;Para negociação;0.00;0.00;300.00;16788.00;47637.00;2767709.70;;;SBSP3;;;;;;;;1998-02-11;;;;
FIIM;42.427.783/0001-34;BTG PACTUAL B3 IBOVESPA FUNDO DE ÍNDICE;2023-07-31;499679;306599394.01;AÇÕES;Ação ordinária;N;Para negociação;500.00;3935.00;0.00;0.00;35414.00;296415.18;;;DXCO3;;;;;;;;2021-08-19;;;;
FIIM;42.427.783/0001-34;BTG PACTUAL B3 IBOVESPA FUNDO DE ÍNDICE;2023-07-31;499679;306599394.01;AÇÕES;Ação ordinária;N;Para negociação;1600.00;23152.00;0.00;0.00;111446.00;1598135.64;;;TIMS3;;;;;;;;2020-10-13;;;;
FIIM;42.427.783/0001-34;BTG PACTUAL B3 IBOVESPA FUNDO DE ÍNDICE;2023-07-31;499679;306599394.01;AÇÕES;Ação ordinária;N;Para negociação;3200.00;108416.00;2020.00;69043.60;158360.00;5311394.40;;;EQTL3;;;;;;;;2006-04-03;;;;
FIIM;42.427.783/0001-34;BTG PACTUAL B3 IBOVESPA FUNDO DE ÍNDICE;2023-07-31;499679;306599394.01;AÇÕES;Ação ordinária;N;Para negociação;900.00;32229.00;0.00;0.00;26004.00;930423.12;;;CPFE3;;;;;;;;2004-09-29;;;;
FIIM;42.427.783/0001-34;BTG PACTUAL B3 IBOVESPA FUNDO DE ÍNDICE;2023-07-31;499679;306599394.01;AÇÕES;Ação ordinária;N;Para negociação;0.00;0.00;3600.00;7632.00;47500.00;102600.00;;;VIIA3;;;;;;;;2021-08-16;;;;
FIIM;42.427.783/0001-34;BTG PACTUAL B3 IBOVESPA FUNDO DE ÍNDICE;2023-07-31;499679;306599394.01;AÇÕES;Ação ordinária;N;Para negociação;0.00;0.00;3900.00;44031.00;73046.00;821037.04;;;SOMA3;;;;;;;;2020-07-31;;;;
FIIM;42.427.783/0001-34;BTG PACTUAL B3 IBOVESPA FUNDO DE ÍNDICE;2023-07-31;499679;306599394.01;AÇÕES;Ação ordinária;N;Para negociação;19900.00;92336.00;0.00;0.00;375755.00;1803624.00;;;HAPV3;;;;;;;;2018-04-25;;;;
FIIM;42.427.783/0001-34;BTG PACTUAL B3 IBOVESPA FUNDO DE ÍNDICE;2023-07-31;499679;306599394.01;AÇÕES;Ação ordinária;N;Para negociação;0.00;0.00;400.00;1348.00;206222.00;690843.70;;;COGN3;;;;;;;;2019-10-11;;;;
FIIM;42.427.783/0001-34;BTG PACTUAL B3 IBOVESPA FUNDO DE ÍNDICE;2023-07-31;499679;306599394.01;AÇÕES;Ação ordinária;N;Para negociação;0.00;0.00;200.00;8882.00;51419.00;2224385.94;;;HYPE3;;;;;;;;2008-04-18;;;;
FIIM;42.427.783/0001-34;BTG PACTUAL B3 IBOVESPA FUNDO DE ÍNDICE;2023-07-31;499679;306599394.01;AÇÕES;Ação ordinária;N;Para negociação;2000.00;47340.00;0.00;0.00;171354.00;3982266.96;;;RAIL3;;;;;;;;2017-03-13;;;;
FIIM;42.427.783/0001-34;BTG PACTUAL B3 IBOVESPA FUNDO DE ÍNDICE;2023-07-31;499679;306599394.01;AÇÕES;Ação ordinária;N;Para negociação;200.00;6618.00;0.00;0.00;16324.00;546364.28;;;SMTO3;;;;;;;;2007-02-12;;;;
FIIM;42.427.783/0001-34;BTG PACTUAL B3 IBOVESPA FUNDO DE ÍNDICE;2023-07-31;499679;306599394.01;AÇÕES;Ação ordinária;N;Para negociação;0.00;0.00;100.00;2087.00;22558.00;500562.02;;;YDUQ3;;;;;;;;2019-07-23;;;;
FIIM;42.427.783/0001-34;BTG PACTUAL B3 IBOVESPA FUNDO DE ÍNDICE;2023-07-31;499679;306599394.01;AÇÕES;Ação ordinária;N;Para negociação;4200.00;79590.00;0.00;0.00;23436.00;442706.04;;;UGPA3;;;;;;;;1999-10-13;;;;
FIIM;42.427.783/0001-34;BTG PACTUAL B3 IBOVESPA FUNDO DE ÍNDICE;2023-07-31;499679;306599394.01;AÇÕES;Ação ordinária;N;Para negociação;300.00;5511.00;0.00;0.00;8231.00;154578.18;;;JBSS3;;;;;;;;2007-03-29;;;;
FIIM;42.427.783/0001-34;BTG PACTUAL B3 IBOVESPA FUNDO DE ÍNDICE;2023-07-31;499679;306599394.01;AÇÕES;Ação ordinária;N;Para negociação;0.00;0.00;0.00;0.00;117902.00;5378689.24;;;PRIO3;;;;;;;;2015-06-26;;;;
FIIM;42.427.783/0001-34;BTG PACTUAL B3 IBOVESPA FUNDO DE ÍNDICE;2023-07-31;499679;306599394.01;AÇÕES;Ação ordinária;N;Para negociação;1400.00;25704.00;0.00;0.00;102062.00;1889167.62;;;EMBR3;;;;;;;;1997-07-28;;;;
FIIM;42.427.783/0001-34;BTG PACTUAL B3 IBOVESPA FUNDO DE ÍNDICE;2023-07-31;499679;306599394.01;AÇÕES;Ação ordinária;N;Para negociação;3400.00;10574.00;0.00;0.00;342784.00;1148326.40;;;MGLU3;;;;;;;;2011-05-02;;;;
FIIM;42.427.783/0001-34;BTG PACTUAL B3 IBOVESPA FUNDO DE ÍNDICE;2023-07-31;499679;306599394.01;AÇÕES;Ação ordinária;N;Para negociação;2500.00;78070.00;0.00;0.00;92705.00;2884979.60;;;BBSE3;;;;;;;;2013-04-29;;;;
FIIM;42.427.783/0001-34;BTG PACTUAL B3 IBOVESPA FUNDO DE ÍNDICE;2023-07-31;499679;306599394.01;AÇÕES;Ação ordinária;N;Para negociação;3900.00;57252.00;0.00;0.00;205077.00;3045393.45;;;BBDC3;;;;;;;;1998-03-02;;;;
FIIM;42.427.783/0001-34;BTG PACTUAL B3 IBOVESPA FUNDO DE ÍNDICE;2023-07-31;499679;306599394.01;AÇÕES;Ação ordinária;N;Para negociação;2300.00;10120.00;0.00;0.00;83403.00;371143.35;;;CMIN3;;;;;;;;2021-05-03;;;;
FIIM;42.427.783/0001-34;BTG PACTUAL B3 IBOVESPA FUNDO DE ÍNDICE;2023-07-31;499679;306599394.01;AÇÕES;Ação ordinária;N;Para negociação;9100.00;135317.00;0.00;0.00;556593.00;8270971.98;;;ABEV3;;;;;;;;2013-11-11;;;;
FIIM;42.427.783/0001-34;BTG PACTUAL B3 IBOVESPA FUNDO DE ÍNDICE;2023-07-31;499679;306599394.01;AÇÕES;Ação ordinária;N;Para negociação;0.00;0.00;700.00;5110.00;53596.00;397146.36;;;LWSA3;;;;;;;;2020-02-06;;;;
FIIM;42.427.783/0001-34;BTG PACTUAL B3 IBOVESPA FUNDO DE ÍNDICE;2023-07-31;499679;306599394.01;AÇÕES;Ação ordinária;N;Para negociação;7800.00;101872.00;0.00;0.00;179786.00;2403738.82;;;ENEV3;;;;;;;;2013-10-22;;;;
FIIM;42.427.783/0001-34;BTG PACTUAL B3 IBOVESPA FUNDO DE ÍNDICE;2023-07-31;499679;306599394.01;AÇÕES;Ação ordinária;N;Para negociação;5200.00;104416.00;0.00;0.00;164369.00;3277517.86;;;CSAN3;;;;;;;;2005-11-18;;;;
FIIM;42.427.783/0001-34;BTG PACTUAL B3 IBOVESPA FUNDO DE ÍNDICE;2023-07-31;499679;306599394.01;AÇÕES;Ação ordinária;N;Para negociação;2000.00;31933.00;0.00;0.00;57998.00;934347.78;;;FLRY3;;;;;;;;2009-12-17;;;;
FIIM;42.427.783/0001-34;BTG PACTUAL B3 IBOVESPA FUNDO DE ÍNDICE;2023-07-31;499679;306599394.01;AÇÕES;Ação ordinária;N;Para negociação;0.00;0.00;1100.00;10604.00;36050.00;363744.50;;;BEEF3;;;;;;;;2007-07-20;;;;
FIIM;42.427.783/0001-34;BTG PACTUAL B3 IBOVESPA FUNDO DE ÍNDICE;2023-07-31;499679;306599394.01;AÇÕES;Ação ordinária;N;Para negociação;0.00;0.00;7700.00;515900.00;118542.00;7968393.24;;;RENT3;;;;;;;;2005-05-23;;;;
FIIM;42.427.783/0001-34;BTG PACTUAL B3 IBOVESPA FUNDO DE ÍNDICE;2023-07-31;499679;306599394.01;AÇÕES;Ação ordinária;N;Para negociação;0.00;0.00;1300.00;9009.00;21083.00;156435.86;;;MRFG3;;;;;;;;2007-06-28;;;;
FIIM;42.427.783/0001-34;BTG PACTUAL B3 IBOVESPA FUNDO DE ÍNDICE;2023-07-31;499679;306599394.01;AÇÕES;Ação ordinária;N;Para negociação;600.00;26850.00;0.00;0.00;280.00;12331.20;;;EGIE3;;;;;;;;2016-07-21;;;;
FIIM;42.427.783/0001-34;BTG PACTUAL B3 IBOVESPA FUNDO DE ÍNDICE;2023-07-31;499679;306599394.01;AÇÕES;Ação ordinária;N;Para negociação;0.00;0.00;400.00;33468.00;400.00;32960.00;;;ARZZ3;;;;;;;;2011-02-02;;;;
FIIM;42.427.783/0001-34;BTG PACTUAL B3 IBOVESPA FUNDO DE ÍNDICE;2023-07-31;499679;306599394.01;AÇÕES;Ação ordinária;N;Para negociação;0.00;0.00;12100.00;852469.00;568056.00;39286752.96;;;VALE3;;;;;;;;1997-07-24;;;;
FIIM;42.427.783/0001-34;BTG PACTUAL B3 IBOVESPA FUNDO DE ÍNDICE;2023-07-31;499679;306599394.01;AÇÕES;Ação ordinária;N;Para negociação;0.00;0.00;300.00;1422.00;11731.00;55370.32;;;CIEL3;;;;;;;;2009-12-18;;;;
FIIM;42.427.783/0001-34;BTG PACTUAL B3 IBOVESPA FUNDO DE ÍNDICE;2023-07-31;499679;306599394.01;AÇÕES;Ação ordinária;N;Para negociação;0.00;0.00;300.00;1953.00;1000.00;7000.00;;;PETZ3;;;;;;;;2020-09-11;;;;
FIIM;42.427.783/0001-34;BTG PACTUAL B3 IBOVESPA FUNDO DE ÍNDICE;2023-07-31;499679;306599394.01;AÇÕES;Ação ordinária;N;Para negociação;0.00;0.00;14700.00;219030.00;808948.00;12053325.20;;;B3SA3;;;;;;;;2018-03-26;;;;
FIIM;42.427.783/0001-34;BTG PACTUAL B3 IBOVESPA FUNDO DE ÍNDICE;2023-07-31;499679;306599394.01;AÇÕES;Ação ordinária;N;Para negociação;100.00;4356.00;0.00;0.00;14952.00;652654.80;;;SLCE3;;;;;;;;2007-06-15;;;;
FIIM;42.427.783/0001-34;BTG PACTUAL B3 IBOVESPA FUNDO DE ÍNDICE;2023-07-31;499679;306599394.01;AÇÕES;Ação ordinária;N;Para negociação;0.00;0.00;81800.00;701587.00;81900.00;799344.00;;;BRFS3;;;;;;;;2009-12-10;;;;
FIIM;42.427.783/0001-34;BTG PACTUAL B3 IBOVESPA FUNDO DE ÍNDICE;2023-07-31;499679;306599394.01;AÇÕES;Ação ordinária;N;Para negociação;0.00;0.00;1300.00;43498.00;244316.00;8504639.96;;;PETR3;;;;;;;;1997-03-24;;;;
FIIM;42.427.783/0001-34;BTG PACTUAL B3 IBOVESPA FUNDO DE ÍNDICE;2023-07-31;499679;306599394.01;AÇÕES;Ação ordinária;N;Para negociação;0.00;0.00;22400.00;69440.00;22720.00;67705.60;;;CVCB3;;;;;;;;2013-12-09;;;;
FIIM;42.427.783/0001-34;BTG PACTUAL B3 IBOVESPA FUNDO DE ÍNDICE;2023-07-31;499679;306599394.01;AÇÕES;Ação ordinária;N;Para negociação;0.00;0.00;0.00;0.00;98197.00;2844767.09;;;RADL3;;;;;;;;2011-12-19;;;;
FIIM;42.427.783/0001-34;BTG PACTUAL B3 IBOVESPA FUNDO DE ÍNDICE;2023-07-31;499679;306599394.01;AÇÕES;Ação ordinária;N;Para negociação;1400.00;51772.00;0.00;0.00;153170.00;5514120.00;;;RDOR3;;;;;;;;2021-06-25;;;;
FIIM;42.427.783/0001-34;BTG PACTUAL B3 IBOVESPA FUNDO DE ÍNDICE;2023-07-31;499679;306599394.01;AÇÕES;Ação preferencial;N;Para negociação;2700.00;22518.00;0.00;0.00;101100.00;845196.00;;;CPLE6;;;;;;;;1998-03-13;;;;
FIIM;42.427.783/0001-34;BTG PACTUAL B3 IBOVESPA FUNDO DE ÍNDICE;2023-07-31;499679;306599394.01;AÇÕES;Ação preferencial;N;Para negociação;0.00;0.00;7200.00;29736.00;12800.00;53248.00;;;RAIZ4;;;;;;;;2021-08-05;;;;
FIIM;42.427.783/0001-34;BTG PACTUAL B3 IBOVESPA FUNDO DE ÍNDICE;2023-07-31;499679;306599394.01;AÇÕES;Ação preferencial;N;Para negociação;600.00;21504.00;0.00;0.00;33071.00;1175674.05;;;;RRRP3;;PJ;12091809000155;3R PETROLEUM OLEO E GAS S.A.;;;;;;;
FIIM;42.427.783/0001-34;BTG PACTUAL B3 IBOVESPA FUNDO DE ÍNDICE;2023-07-31;499679;306599394.01;AÇÕES;Ação preferencial;N;Para negociação;1500.00;37635.00;0.00;0.00;36174.00;918819.60;;;BRKM5;;;;;;;;2002-09-02;;;;
FIIM;42.427.783/0001-34;BTG PACTUAL B3 IBOVESPA FUNDO DE ÍNDICE;2023-07-31;499679;306599394.01;AÇÕES;Ação preferencial;N;Para negociação;7000.00;88270.00;0.00;0.00;202286.00;2562963.62;;;CMIG4;;;;;;;;1997-12-26;;;;
FIIM;42.427.783/0001-34;BTG PACTUAL B3 IBOVESPA FUNDO DE ÍNDICE;2023-07-31;499679;306599394.01;AÇÕES;Ação preferencial;N;Para negociação;10400.00;171080.00;0.00;0.00;597590.00;9955849.40;;;BBDC4;;;;;;;;1998-03-02;;;;
FIIM;42.427.783/0001-34;BTG PACTUAL B3 IBOVESPA FUNDO DE ÍNDICE;2023-07-31;499679;306599394.01;AÇÕES;Ação preferencial;N;Para negociação;0.00;0.00;1000.00;13400.00;92660.00;1274075.00;;;GOAU4;;;;;;;;1998-01-02;;;;
FIIM;42.427.783/0001-34;BTG PACTUAL B3 IBOVESPA FUNDO DE ÍNDICE;2023-07-31;499679;306599394.01;AÇÕES;Ação preferencial;N;Para negociação;1500.00;65490.00;0.00;0.00;7370.00;321553.10;;;ELET6;;;;;;;;1997-12-16;;;;
FIIM;42.427.783/0001-34;BTG PACTUAL B3 IBOVESPA FUNDO DE ÍNDICE;2023-07-31;499679;306599394.01;AÇÕES;Ação preferencial;N;Para negociação;0.00;0.00;1600.00;48464.00;510964.00;15896090.04;;;PETR4;;;;;;;;1997-03-24;;;;
FIIM;42.427.783/0001-34;BTG PACTUAL B3 IBOVESPA FUNDO DE ÍNDICE;2023-07-31;499679;306599394.01;AÇÕES;Ação preferencial;N;Para negociação;0.00;0.00;2800.00;51744.00;41671.00;737576.70;;;AZUL4;;;;;;;;2017-04-11;;;;
FIIM;42.427.783/0001-34;BTG PACTUAL B3 IBOVESPA FUNDO DE ÍNDICE;2023-07-31;499679;306599394.01;AÇÕES;Ação preferencial;N;Para negociação;15600.00;439764.00;0.00;0.00;675975.00;19359924.00;;;ITUB4;;;;;;;;2009-05-20;;;;
FIIM;42.427.783/0001-34;BTG PACTUAL B3 IBOVESPA FUNDO DE ÍNDICE;2023-07-31;499679;306599394.01;AÇÕES;Ação preferencial;N;Para negociação;700.00;6720.00;0.00;0.00;3101.00;29862.63;;;ALPA4;;;;;;;;1997-04-28;;;;
FIIM;42.427.783/0001-34;BTG PACTUAL B3 IBOVESPA FUNDO DE ÍNDICE;2023-07-31;499679;306599394.01;AÇÕES;Ação preferencial;N;Para negociação;0.00;0.00;2500.00;71325.00;30216.00;883818.00;;;GGBR4;;;;;;;;2001-02-01;;;;
FIIM;42.427.783/0001-34;BTG PACTUAL B3 IBOVESPA FUNDO DE ÍNDICE;2023-07-31;499679;306599394.01;AÇÕES;Ação preferencial;N;Para negociação;0.00;0.00;2500.00;18500.00;2500.00;18075.00;;;USIM5;;;;;;;;1999-02-02;;;;
FIIM;42.427.783/0001-34;BTG PACTUAL B3 IBOVESPA FUNDO DE ÍNDICE;2023-07-31;499679;306599394.01;AÇÕES;Ação preferencial;N;Para negociação;16000.00;154560.00;0.00;0.00;703636.00;6909705.52;;;ITSA4;;;;;;;;1998-03-04;;;;
FIIM;42.427.783/0001-34;BTG PACTUAL B3 IBOVESPA FUNDO DE ÍNDICE;2023-07-31;499679;306599394.01;AÇÕES;Ação preferencial;N;Para negociação;1700.00;40256.00;0.00;0.00;21724.00;510296.76;;;BRAP4;;;;;;;;2000-08-10;;;;
FIIM;42.427.783/0001-34;BTG PACTUAL B3 IBOVESPA FUNDO DE ÍNDICE;2023-07-31;499679;306599394.01;AÇÕES;Ação preferencial;N;Para negociação;0.00;0.00;3800.00;39026.00;32093.00;309055.59;;;GOLL4;;;;;;;;2004-06-24;;;;
FIIM;42.427.783/0001-34;BTG PACTUAL B3 IBOVESPA FUNDO DE ÍNDICE;2023-07-31;499679;306599394.01;OPERAÇÕES COMPROMISSADAS;;N;Para negociação;0.00;0.00;0.00;0.00;775.00;3310845.87;;;;;2026-08-15;;;;;760199;;;;;
FIIM;42.682.113/0001-64;ÍNDICE DE AÇÕES TECH BRASIL ETF FUNDO DE ÍNDICE;2023-07-31;499694;8032335.27;AÇÕES;Ação ordinária;N;Para negociação;43285.00;148899.55;0.00;0.00;42516.00;142428.60;;;MGLU3;;;;;;;;2011-05-02;;;;
FIIM;42.682.113/0001-64;ÍNDICE DE AÇÕES TECH BRASIL ETF FUNDO DE ÍNDICE;2023-07-31;499694;8032335.27;AÇÕES;Ação ordinária;N;Para negociação;529.00;11680.54;0.00;0.00;2516.00;67051.40;;;SQIA3;;;;;;;;2019-02-18;;;;
FIIM;42.682.113/0001-64;ÍNDICE DE AÇÕES TECH BRASIL ETF FUNDO DE ÍNDICE;2023-07-31;499694;8032335.27;AÇÕES;Ação ordinária;N;Para negociação;0.00;0.00;10589.00;20541.77;7068.00;11944.92;;;IFCM3;;;;;;;;2021-05-04;;;;
FIIM;42.682.113/0001-64;ÍNDICE DE AÇÕES TECH BRASIL ETF FUNDO DE ÍNDICE;2023-07-31;499694;8032335.27;AÇÕES;Ação ordinária;N;Para negociação;24039.00;52405.02;0.00;0.00;33305.00;71938.80;;;VIIA3;;;;;;;;2021-08-16;;;;
FIIM;42.682.113/0001-64;ÍNDICE DE AÇÕES TECH BRASIL ETF FUNDO DE ÍNDICE;2023-07-31;499694;8032335.27;AÇÕES;Ação ordinária;N;Para negociação;1245.00;11396.25;0.00;0.00;1036.00;8547.00;;;POSI3;;;;;;;;2006-12-11;;;;
FIIM;42.682.113/0001-64;ÍNDICE DE AÇÕES TECH BRASIL ETF FUNDO DE ÍNDICE;2023-07-31;499694;8032335.27;AÇÕES;Ação ordinária;N;Para negociação;0.00;0.00;3300.00;48576.00;3300.00;50028.00;;;VLID3;;;;;;;;2010-11-10;;;;
FIIM;42.682.113/0001-64;ÍNDICE DE AÇÕES TECH BRASIL ETF FUNDO DE ÍNDICE;2023-07-31;499694;8032335.27;AÇÕES;Ação ordinária;N;Para negociação;9467.00;42698.18;0.00;0.00;26696.00;126005.12;;;CIEL3;;;;;;;;2009-12-18;;;;
FIIM;42.682.113/0001-64;ÍNDICE DE AÇÕES TECH BRASIL ETF FUNDO DE ÍNDICE;2023-07-31;499694;8032335.27;AÇÕES;Ação ordinária;N;Para negociação;900.00;23274.00;0.00;0.00;1609.00;38245.93;;;INTB3;;;;;;;;2021-02-04;;;;
FIIM;42.682.113/0001-64;ÍNDICE DE AÇÕES TECH BRASIL ETF FUNDO DE ÍNDICE;2023-07-31;499694;8032335.27;AÇÕES;Ação ordinária;N;Para negociação;652.00;5204.00;0.00;0.00;1236.00;12273.48;;;CASH3;;;;;;;;2020-11-05;;;;
FIIM;42.682.113/0001-64;ÍNDICE DE AÇÕES TECH BRASIL ETF FUNDO DE ÍNDICE;2023-07-31;499694;8032335.27;AÇÕES;Ação ordinária;N;Para negociação;2567.00;6982.91;0.00;0.00;8307.00;27828.45;;;MLAS3;;;;;;;;2021-07-22;;;;
FIIM;42.682.113/0001-64;ÍNDICE DE AÇÕES TECH BRASIL ETF FUNDO DE ÍNDICE;2023-07-31;499694;8032335.27;AÇÕES;Ação ordinária;N;Para negociação;4094.00;36515.66;0.00;0.00;8665.00;64207.65;;;LWSA3;;;;;;;;2020-02-06;;;;
FIIM;42.682.113/0001-64;ÍNDICE DE AÇÕES TECH BRASIL ETF FUNDO DE ÍNDICE;2023-07-31;499694;8032335.27;AÇÕES;Ação ordinária;N;Para negociação;4361.00;34665.07;0.00;0.00;13909.00;110993.82;;;BOAS3;;;;;;;;2020-09-30;;;;
FIIM;42.682.113/0001-64;ÍNDICE DE AÇÕES TECH BRASIL ETF FUNDO DE ÍNDICE;2023-07-31;499694;8032335.27;AÇÕES;Ação ordinária;N;Para negociação;4576.00;139936.36;0.00;0.00;18766.00;554910.62;;;TOTS3;;;;;;;;2006-03-09;;;;
FIIM;42.682.113/0001-64;ÍNDICE DE AÇÕES TECH BRASIL ETF FUNDO DE ÍNDICE;2023-07-31;499694;8032335.27;AÇÕES;Ação ordinária;N;Para negociação;0.00;0.00;3398.00;48086.60;2763.00;37300.50;;;BMOB3;;;;;;;;2021-02-10;;;;
FIIM;42.682.113/0001-64;ÍNDICE DE AÇÕES TECH BRASIL ETF FUNDO DE ÍNDICE;2023-07-31;499694;8032335.27;OPERAÇÕES COMPROMISSADAS;;N;Para negociação;0.00;0.00;0.00;0.00;5.00;66248.28;;;;;2023-09-01;;;;;210100;;;;;
FIIM;42.682.199/0001-25;BTG PACTUAL S&P 500 FUNDO DE ÍNDICE;2023-07-31;499682;8006930.91;OPERAÇÕES COMPROMISSADAS;;N;Para negociação;0.00;0.00;0.00;0.00;137.00;101503.99;;;;;2026-07-01;;;;;100000;;;;;
FIIM;42.682.281/0001-50;BTG PACTUAL SMLL B3 FUNDO DE ÍNDICE;2023-07-31;499684;8946950.03;AÇÕES;Ação ordinária;N;Para negociação;0.00;0.00;0.00;0.00;6390.00;10287.90;;;;ESPA3;;PJ;26659061000159;MPM CORPOREOS SA;;;;;;;
FIIM;42.682.281/0001-50;BTG PACTUAL SMLL B3 FUNDO DE ÍNDICE;2023-07-31;499684;8946950.03;AÇÕES;Ação ordinária;N;Para negociação;0.00;0.00;0.00;0.00;3659.00;50677.15;;;MYPK3;;;;;;;;1997-06-30;;;;
FIIM;42.682.281/0001-50;BTG PACTUAL SMLL B3 FUNDO DE ÍNDICE;2023-07-31;499684;8946950.03;AÇÕES;Ação ordinária;N;Para negociação;0.00;0.00;0.00;0.00;11811.00;39566.85;;;MLAS3;;;;;;;;2021-07-22;;;;
FIIM;42.682.281/0001-50;BTG PACTUAL SMLL B3 FUNDO DE ÍNDICE;2023-07-31;499684;8946950.03;AÇÕES;Ação ordinária;N;Para negociação;0.00;0.00;0.00;0.00;19615.00;363073.65;;;EMBR3;;;;;;;;1997-07-28;;;;
FIIM;42.682.281/0001-50;BTG PACTUAL SMLL B3 FUNDO DE ÍNDICE;2023-07-31;499684;8946950.03;AÇÕES;Ação ordinária;N;Para negociação;0.00;0.00;0.00;0.00;4754.00;59139.76;;;MILS3;;;;;;;;2010-04-16;;;;
FIIM;42.682.281/0001-50;BTG PACTUAL SMLL B3 FUNDO DE ÍNDICE;2023-07-31;499684;8946950.03;AÇÕES;Ação ordinária;N;Para negociação;0.00;0.00;0.00;0.00;1929.00;25482.09;;;PNVL3;;;;;;;;1998-01-02;;;;
FIIM;42.682.281/0001-50;BTG PACTUAL SMLL B3 FUNDO DE ÍNDICE;2023-07-31;499684;8946950.03;AÇÕES;Ação ordinária;N;Para negociação;0.00;0.00;0.00;0.00;6025.00;58924.50;;;SIMH3;;;;;;;;2020-09-18;;;;
FIIM;42.682.281/0001-50;BTG PACTUAL SMLL B3 FUNDO DE ÍNDICE;2023-07-31;499684;8946950.03;AÇÕES;Ação ordinária;N;Para negociação;0.00;0.00;0.00;0.00;2746.00;28009.20;;;RANI3;;;;;;;;1995-07-17;;;;
FIIM;42.682.281/0001-50;BTG PACTUAL SMLL B3 FUNDO DE ÍNDICE;2023-07-31;499684;8946950.03;AÇÕES;Ação ordinária;N;Para negociação;0.00;0.00;0.00;0.00;4616.00;60561.92;;;ARML3;;;;;;;;2021-07-28;;;;
FIIM;42.682.281/0001-50;BTG PACTUAL SMLL B3 FUNDO DE ÍNDICE;2023-07-31;499684;8946950.03;AÇÕES;Ação ordinária;N;Para negociação;0.00;0.00;0.00;0.00;7157.00;96261.65;;;DASA3;;;;;;;;2004-11-19;;;;
FIIM;42.682.281/0001-50;BTG PACTUAL SMLL B3 FUNDO DE ÍNDICE;2023-07-31;499684;8946950.03;AÇÕES;Ação ordinária;N;Para negociação;0.00;0.00;0.00;0.00;7391.00;176053.62;;;CYRE3;;;;;;;;1997-04-22;;;;
FIIM;42.682.281/0001-50;BTG PACTUAL SMLL B3 FUNDO DE ÍNDICE;2023-07-31;499684;8946950.03;AÇÕES;Ação ordinária;N;Para negociação;0.00;0.00;0.00;0.00;1305.00;7856.10;;;GFSA3;;;;;;;;2006-01-26;;;;
FIIM;42.682.281/0001-50;BTG PACTUAL SMLL B3 FUNDO DE ÍNDICE;2023-07-31;499684;8946950.03;AÇÕES;Ação ordinária;N;Para negociação;0.00;0.00;0.00;0.00;7397.00;32694.74;;;ZAMP3;;;;;;;;2022-10-26;;;;
FIIM;42.682.281/0001-50;BTG PACTUAL SMLL B3 FUNDO DE ÍNDICE;2023-07-31;499684;8946950.03;AÇÕES;Ação ordinária;N;Para negociação;0.00;0.00;0.00;0.00;2241.00;23037.48;;;MATD3;;;;;;;;2021-04-16;;;;
FIIM;42.682.281/0001-50;BTG PACTUAL SMLL B3 FUNDO DE ÍNDICE;2023-07-31;499684;8946950.03;AÇÕES;Ação ordinária;N;Para negociação;0.00;0.00;0.00;0.00;5023.00;26621.90;;;CBAV3;;;;;;;;2021-07-15;;;;
FIIM;42.682.281/0001-50;BTG PACTUAL SMLL B3 FUNDO DE ÍNDICE;2023-07-31;499684;8946950.03;AÇÕES;Ação ordinária;N;Para negociação;0.00;0.00;0.00;0.00;4153.00;17525.66;;;PGMN3;;;;;;;;2020-09-02;;;;
FIIM;42.682.281/0001-50;BTG PACTUAL SMLL B3 FUNDO DE ÍNDICE;2023-07-31;499684;8946950.03;AÇÕES;Ação ordinária;N;Para negociação;0.00;0.00;0.00;0.00;3454.00;39410.14;;;MOVI3;;;;;;;;2017-02-08;;;;
FIIM;42.682.281/0001-50;BTG PACTUAL SMLL B3 FUNDO DE ÍNDICE;2023-07-31;499684;8946950.03;AÇÕES;Ação ordinária;N;Para negociação;0.00;0.00;0.00;0.00;42748.00;92335.68;;;VIIA3;;;;;;;;2021-08-16;;;;
FIIM;42.682.281/0001-50;BTG PACTUAL SMLL B3 FUNDO DE ÍNDICE;2023-07-31;499684;8946950.03;AÇÕES;Ação ordinária;N;Para negociação;0.00;0.00;0.00;0.00;7028.00;160660.08;;;SMFT3;;;;;;;;2018-02-26;;;;
FIIM;42.682.281/0001-50;BTG PACTUAL SMLL B3 FUNDO DE ÍNDICE;2023-07-31;499684;8946950.03;AÇÕES;Ação ordinária;N;Para negociação;0.00;0.00;0.00;0.00;7481.00;32093.49;;;QUAL3;;;;;;;;2011-06-29;;;;
FIIM;42.682.281/0001-50;BTG PACTUAL SMLL B3 FUNDO DE ÍNDICE;2023-07-31;499684;8946950.03;AÇÕES;Ação ordinária;N;Para negociação;0.00;0.00;0.00;0.00;7073.00;34021.13;;;ANIM3;;;;;;;;2013-10-28;;;;
FIIM;42.682.281/0001-50;BTG PACTUAL SMLL B3 FUNDO DE ÍNDICE;2023-07-31;499684;8946950.03;AÇÕES;Ação ordinária;N;Para negociação;0.00;0.00;0.00;0.00;682.00;34209.12;;;LOGN3;;;;;;;;2007-06-21;;;;
FIIM;42.682.281/0001-50;BTG PACTUAL SMLL B3 FUNDO DE ÍNDICE;2023-07-31;499684;8946950.03;AÇÕES;Ação ordinária;N;Para negociação;0.00;0.00;0.00;0.00;14304.00;347730.24;;;ALSO3;;;;;;;;2019-08-06;;;;
FIIM;42.682.281/0001-50;BTG PACTUAL SMLL B3 FUNDO DE ÍNDICE;2023-07-31;499684;8946950.03;AÇÕES;Ação ordinária;N;Para negociação;0.00;0.00;0.00;0.00;424.00;5681.60;;;FHER3;;;;;;;;2007-04-12;;;;
FIIM;42.682.281/0001-50;BTG PACTUAL SMLL B3 FUNDO DE ÍNDICE;2023-07-31;499684;8946950.03;AÇÕES;Ação ordinária;N;Para negociação;0.00;0.00;0.00;0.00;7199.00;60255.63;;;DXCO3;;;;;;;;2021-08-19;;;;
FIIM;42.682.281/0001-50;BTG PACTUAL SMLL B3 FUNDO DE ÍNDICE;2023-07-31;499684;8946950.03;AÇÕES;Ação ordinária;N;Para negociação;0.00;0.00;0.00;0.00;1612.00;34496.80;;;LOGG3;;;;;;;;2018-12-21;;;;
FIIM;42.682.281/0001-50;BTG PACTUAL SMLL B3 FUNDO DE ÍNDICE;2023-07-31;499684;8946950.03;AÇÕES;Ação ordinária;N;Para negociação;0.00;0.00;0.00;0.00;1609.00;132581.60;;;ARZZ3;;;;;;;;2011-02-02;;;;
FIIM;42.682.281/0001-50;BTG PACTUAL SMLL B3 FUNDO DE ÍNDICE;2023-07-31;499684;8946950.03;AÇÕES;Ação ordinária;N;Para negociação;0.00;0.00;0.00;0.00;2615.00;76881.00;;;VIVA3;;;;;;;;2019-10-10;;;;
FIIM;42.682.281/0001-50;BTG PACTUAL SMLL B3 FUNDO DE ÍNDICE;2023-07-31;499684;8946950.03;AÇÕES;Ação ordinária;N;Para negociação;0.00;0.00;0.00;0.00;4051.00;48774.04;;;ONCO3;;;;;;;;2021-08-10;;;;
FIIM;42.682.281/0001-50;BTG PACTUAL SMLL B3 FUNDO DE ÍNDICE;2023-07-31;499684;8946950.03;AÇÕES;Ação ordinária;N;Para negociação;0.00;0.00;0.00;0.00;4640.00;43569.60;;;KEPL3;;;;;;;;1996-03-18;;;;
FIIM;42.682.281/0001-50;BTG PACTUAL SMLL B3 FUNDO DE ÍNDICE;2023-07-31;499684;8946950.03;AÇÕES;Ação ordinária;N;Para negociação;0.00;0.00;0.00;0.00;1134.00;27386.10;;;AALR3;;;;;;;;2016-10-28;;;;
FIIM;42.682.281/0001-50;BTG PACTUAL SMLL B3 FUNDO DE ÍNDICE;2023-07-31;499684;8946950.03;AÇÕES;Ação ordinária;N;Para negociação;0.00;0.00;0.00;0.00;7105.00;18828.25;;;MEAL3;;;;;;;;2015-03-31;;;;
FIIM;42.682.281/0001-50;BTG PACTUAL SMLL B3 FUNDO DE ÍNDICE;2023-07-31;499684;8946950.03;AÇÕES;Ação ordinária;N;Para negociação;0.00;0.00;0.00;0.00;7026.00;70892.34;;;BEEF3;;;;;;;;2007-07-20;;;;
FIIM;42.682.281/0001-50;BTG PACTUAL SMLL B3 FUNDO DE ÍNDICE;2023-07-31;499684;8946950.03;AÇÕES;Ação ordinária;N;Para negociação;0.00;0.00;0.00;0.00;49348.00;165315.80;;;COGN3;;;;;;;;2019-10-11;;;;
FIIM;42.682.281/0001-50;BTG PACTUAL SMLL B3 FUNDO DE ÍNDICE;2023-07-31;499684;8946950.03;AÇÕES;Ação ordinária;N;Para negociação;0.00;0.00;0.00;0.00;2071.00;13047.30;;;WIZC3;;;;;;;;2023-02-09;;;;
FIIM;42.682.281/0001-50;BTG PACTUAL SMLL B3 FUNDO DE ÍNDICE;2023-07-31;499684;8946950.03;AÇÕES;Ação ordinária;N;Para negociação;0.00;0.00;0.00;0.00;1965.00;16584.60;;;LAVV3;;;;;;;;2020-09-02;;;;
FIIM;42.682.281/0001-50;BTG PACTUAL SMLL B3 FUNDO DE ÍNDICE;2023-07-31;499684;8946950.03;AÇÕES;Ação ordinária;N;Para negociação;0.00;0.00;0.00;0.00;11539.00;185893.29;;;FLRY3;;;;;;;;2009-12-17;;;;
FIIM;42.682.281/0001-50;BTG PACTUAL SMLL B3 FUNDO DE ÍNDICE;2023-07-31;499684;8946950.03;AÇÕES;Ação ordinária;N;Para negociação;0.00;0.00;0.00;0.00;1421.00;8156.54;;;SEER3;;;;;;;;2013-10-29;;;;
FIIM;42.682.281/0001-50;BTG PACTUAL SMLL B3 FUNDO DE ÍNDICE;2023-07-31;499684;8946950.03;AÇÕES;Ação ordinária;N;Para negociação;0.00;0.00;0.00;0.00;1753.00;47629.01;;;TUPY3;;;;;;;;1995-11-10;;;;
FIIM;42.682.281/0001-50;BTG PACTUAL SMLL B3 FUNDO DE ÍNDICE;2023-07-31;499684;8946950.03;AÇÕES;Ação ordinária;N;Para negociação;0.00;0.00;0.00;0.00;1009.00;45798.51;;;LEVE3;;;;;;;;1995-04-03;;;;
FIIM;42.682.281/0001-50;BTG PACTUAL SMLL B3 FUNDO DE ÍNDICE;2023-07-31;499684;8946950.03;AÇÕES;Ação ordinária;N;Para negociação;0.00;0.00;0.00;0.00;4709.00;31456.12;;;LJQQ3;;;;;;;;2020-08-10;;;;
FIIM;42.682.281/0001-50;BTG PACTUAL SMLL B3 FUNDO DE ÍNDICE;2023-07-31;499684;8946950.03;AÇÕES;Ação ordinária;N;Para negociação;0.00;0.00;0.00;0.00;10036.00;174927.48;;;GGPS3;;;;;;;;2021-04-26;;;;
FIIM;42.682.281/0001-50;BTG PACTUAL SMLL B3 FUNDO DE ÍNDICE;2023-07-31;499684;8946950.03;AÇÕES;Ação ordinária;N;Para negociação;0.00;0.00;0.00;0.00;5016.00;4664.88;;;SEQL3;;;;;;;;2020-10-07;;;;
FIIM;42.682.281/0001-50;BTG PACTUAL SMLL B3 FUNDO DE ÍNDICE;2023-07-31;499684;8946950.03;AÇÕES;Ação ordinária;N;Para negociação;0.00;0.00;0.00;0.00;2541.00;55215.93;;;EZTC3;;;;;;;;2007-06-22;;;;
FIIM;42.682.281/0001-50;BTG PACTUAL SMLL B3 FUNDO DE ÍNDICE;2023-07-31;499684;8946950.03;AÇÕES;Ação ordinária;N;Para negociação;0.00;0.00;0.00;0.00;3912.00;130934.64;;;SMTO3;;;;;;;;2007-02-12;;;;
FIIM;42.682.281/0001-50;BTG PACTUAL SMLL B3 FUNDO DE ÍNDICE;2023-07-31;499684;8946950.03;AÇÕES;Ação ordinária;N;Para negociação;0.00;0.00;0.00;0.00;9042.00;63294.00;;;PETZ3;;;;;;;;2020-09-11;;;;
FIIM;42.682.281/0001-50;BTG PACTUAL SMLL B3 FUNDO DE ÍNDICE;2023-07-31;499684;8946950.03;AÇÕES;Ação ordinária;N;Para negociação;0.00;0.00;0.00;0.00;1244.00;47856.68;;;ORVR3;;;;;;;;2021-02-17;;;;
FIIM;42.682.281/0001-50;BTG PACTUAL SMLL B3 FUNDO DE ÍNDICE;2023-07-31;499684;8946950.03;AÇÕES;Ação ordinária;N;Para negociação;0.00;0.00;0.00;0.00;2841.00;124009.65;;;SLCE3;;;;;;;;2007-06-15;;;;
FIIM;42.682.281/0001-50;BTG PACTUAL SMLL B3 FUNDO DE ÍNDICE;2023-07-31;499684;8946950.03;AÇÕES;Ação ordinária;N;Para negociação;0.00;0.00;0.00;0.00;1971.00;38671.02;;;VULC3;;;;;;;;1991-05-02;;;;
FIIM;42.682.281/0001-50;BTG PACTUAL SMLL B3 FUNDO DE ÍNDICE;2023-07-31;499684;8946950.03;AÇÕES;Ação ordinária;N;Para negociação;0.00;0.00;0.00;0.00;7989.00;177275.91;;;YDUQ3;;;;;;;;2019-07-23;;;;
FIIM;42.682.281/0001-50;BTG PACTUAL SMLL B3 FUNDO DE ÍNDICE;2023-07-31;499684;8946950.03;AÇÕES;Ação ordinária;N;Para negociação;0.00;0.00;0.00;0.00;2213.00;46694.30;;;DIRR3;;;;;;;;2009-11-19;;;;
FIIM;42.682.281/0001-50;BTG PACTUAL SMLL B3 FUNDO DE ÍNDICE;2023-07-31;499684;8946950.03;AÇÕES;Ação ordinária;N;Para negociação;0.00;0.00;0.00;0.00;3222.00;57254.94;;;CURY3;;;;;;;;2020-09-21;;;;
FIIM;42.682.281/0001-50;BTG PACTUAL SMLL B3 FUNDO DE ÍNDICE;2023-07-31;499684;8946950.03;AÇÕES;Ação ordinária;N;Para negociação;0.00;0.00;0.00;0.00;5189.00;38346.71;;;EVEN3;;;;;;;;2007-04-02;;;;
FIIM;42.682.281/0001-50;BTG PACTUAL SMLL B3 FUNDO DE ÍNDICE;2023-07-31;499684;8946950.03;AÇÕES;Ação ordinária;N;Para negociação;0.00;0.00;0.00;0.00;2163.00;15811.53;;;GUAR3;;;;;;;;1997-04-24;;;;
FIIM;42.682.281/0001-50;BTG PACTUAL SMLL B3 FUNDO DE ÍNDICE;2023-07-31;499684;8946950.03;AÇÕES;Ação ordinária;N;Para negociação;0.00;0.00;0.00;0.00;8017.00;13548.73;;;IFCM3;;;;;;;;2021-05-04;;;;
FIIM;42.682.281/0001-50;BTG PACTUAL SMLL B3 FUNDO DE ÍNDICE;2023-07-31;499684;8946950.03;AÇÕES;Ação ordinária;N;Para negociação;0.00;0.00;0.00;0.00;11253.00;83384.73;;;LWSA3;;;;;;;;2020-02-06;;;;
FIIM;42.682.281/0001-50;BTG PACTUAL SMLL B3 FUNDO DE ÍNDICE;2023-07-31;499684;8946950.03;AÇÕES;Ação ordinária;N;Para negociação;0.00;0.00;0.00;0.00;1910.00;50901.50;;;SQIA3;;;;;;;;2019-02-18;;;;
FIIM;42.682.281/0001-50;BTG PACTUAL SMLL B3 FUNDO DE ÍNDICE;2023-07-31;499684;8946950.03;AÇÕES;Ação ordinária;N;Para negociação;0.00;0.00;0.00;0.00;2699.00;19648.72;;;CAML3;;;;;;;;2017-09-28;;;;
FIIM;42.682.281/0001-50;BTG PACTUAL SMLL B3 FUNDO DE ÍNDICE;2023-07-31;499684;8946950.03;AÇÕES;Ação ordinária;N;Para negociação;0.00;0.00;0.00;0.00;19596.00;77992.08;;;HBSA3;;;;;;;;2020-09-25;;;;
FIIM;42.682.281/0001-50;BTG PACTUAL SMLL B3 FUNDO DE ÍNDICE;2023-07-31;499684;8946950.03;AÇÕES;Ação ordinária;N;Para negociação;0.00;0.00;0.00;0.00;5052.00;102252.48;;;CSMG3;;;;;;;;2006-02-08;;;;
FIIM;42.682.281/0001-50;BTG PACTUAL SMLL B3 FUNDO DE ÍNDICE;2023-07-31;499684;8946950.03;AÇÕES;Ação ordinária;N;Para negociação;0.00;0.00;0.00;0.00;1855.00;11389.70;;;TRIS3;;;;;;;;2007-10-15;;;;
FIIM;42.682.281/0001-50;BTG PACTUAL SMLL B3 FUNDO DE ÍNDICE;2023-07-31;499684;8946950.03;AÇÕES;Ação ordinária;N;Para negociação;0.00;0.00;0.00;0.00;7213.00;21494.74;;;CVCB3;;;;;;;;2013-12-09;;;;
FIIM;42.682.281/0001-50;BTG PACTUAL SMLL B3 FUNDO DE ÍNDICE;2023-07-31;499684;8946950.03;AÇÕES;Ação ordinária;N;Para negociação;0.00;0.00;0.00;0.00;8064.00;45480.96;;;JHSF3;;;;;;;;2007-04-12;;;;
FIIM;42.682.281/0001-50;BTG PACTUAL SMLL B3 FUNDO DE ÍNDICE;2023-07-31;499684;8946950.03;AÇÕES;Ação ordinária;N;Para negociação;0.00;0.00;0.00;0.00;3852.00;50884.92;;;SBFG3;;;;;;;;2021-03-31;;;;
FIIM;42.682.281/0001-50;BTG PACTUAL SMLL B3 FUNDO DE ÍNDICE;2023-07-31;499684;8946950.03;AÇÕES;Ação ordinária;N;Para negociação;0.00;0.00;0.00;0.00;3097.00;39177.05;;;TTEN3;;;;;;;;2021-07-12;;;;
FIIM;42.682.281/0001-50;BTG PACTUAL SMLL B3 FUNDO DE ÍNDICE;2023-07-31;499684;8946950.03;AÇÕES;Ação ordinária;N;Para negociação;0.00;0.00;0.00;0.00;1967.00;16227.75;;;POSI3;;;;;;;;2006-12-11;;;;
FIIM;42.682.281/0001-50;BTG PACTUAL SMLL B3 FUNDO DE ÍNDICE;2023-07-31;499684;8946950.03;AÇÕES;Ação ordinária;N;Para negociação;0.00;0.00;0.00;0.00;29244.00;285421.44;;;BRFS3;;;;;;;;2009-12-10;;;;
FIIM;42.682.281/0001-50;BTG PACTUAL SMLL B3 FUNDO DE ÍNDICE;2023-07-31;499684;8946950.03;AÇÕES;Ação ordinária;N;Para negociação;0.00;0.00;0.00;0.00;2191.00;90093.92;;;IRBR3;;;;;;;;2017-07-31;;;;
FIIM;42.682.281/0001-50;BTG PACTUAL SMLL B3 FUNDO DE ÍNDICE;2023-07-31;499684;8946950.03;AÇÕES;Ação ordinária;N;Para negociação;0.00;0.00;0.00;0.00;1383.00;7703.31;;;CLSA3;;;;;;;;2021-07-30;;;;
FIIM;42.682.281/0001-50;BTG PACTUAL SMLL B3 FUNDO DE ÍNDICE;2023-07-31;499684;8946950.03;AÇÕES;Ação ordinária;N;Para negociação;0.00;0.00;0.00;0.00;23497.00;225806.17;;;STBP3;;;;;;;;2007-11-21;;;;
FIIM;42.682.281/0001-50;BTG PACTUAL SMLL B3 FUNDO DE ÍNDICE;2023-07-31;499684;8946950.03;AÇÕES;Ação ordinária;N;Para negociação;0.00;0.00;0.00;0.00;2114.00;29490.30;;;ENAT3;;;;;;;;2019-04-24;;;;
FIIM;42.682.281/0001-50;BTG PACTUAL SMLL B3 FUNDO DE ÍNDICE;2023-07-31;499684;8946950.03;AÇÕES;Ação ordinária;N;Para negociação;0.00;0.00;0.00;0.00;6103.00;7323.60;;;AERI3;;;;;;;;2020-11-11;;;;
FIIM;42.682.281/0001-50;BTG PACTUAL SMLL B3 FUNDO DE ÍNDICE;2023-07-31;499684;8946950.03;AÇÕES;Ação ordinária;N;Para negociação;0.00;0.00;0.00;0.00;2882.00;16427.40;;;CEAB3;;;;;;;;2019-10-28;;;;
FIIM;42.682.281/0001-50;BTG PACTUAL SMLL B3 FUNDO DE ÍNDICE;2023-07-31;499684;8946950.03;AÇÕES;Ação ordinária;N;Para negociação;0.00;0.00;0.00;0.00;1880.00;18668.40;;;CASH3;;;;;;;;2020-11-05;;;;
FIIM;42.682.281/0001-50;BTG PACTUAL SMLL B3 FUNDO DE ÍNDICE;2023-07-31;499684;8946950.03;AÇÕES;Ação ordinária;N;Para negociação;0.00;0.00;0.00;0.00;1426.00;11964.14;;;PTBL3;;;;;;;;1997-04-08;;;;
FIIM;42.682.281/0001-50;BTG PACTUAL SMLL B3 FUNDO DE ÍNDICE;2023-07-31;499684;8946950.03;AÇÕES;Ação ordinária;N;Para negociação;0.00;0.00;0.00;0.00;7923.00;58788.66;;;MRFG3;;;;;;;;2007-06-28;;;;
FIIM;42.682.281/0001-50;BTG PACTUAL SMLL B3 FUNDO DE ÍNDICE;2023-07-31;499684;8946950.03;AÇÕES;Ação ordinária;N;Para negociação;0.00;0.00;0.00;0.00;7264.00;54625.28;;;GRND3;;;;;;;;2004-10-29;;;;
FIIM;42.682.281/0001-50;BTG PACTUAL SMLL B3 FUNDO DE ÍNDICE;2023-07-31;499684;8946950.03;AÇÕES;Ação ordinária;N;Para negociação;0.00;0.00;0.00;0.00;825.00;17143.50;;;BLAU3;;;;;;;;2021-09-24;;;;
FIIM;42.682.281/0001-50;BTG PACTUAL SMLL B3 FUNDO DE ÍNDICE;2023-07-31;499684;8946950.03;AÇÕES;Ação ordinária;N;Para negociação;0.00;0.00;0.00;0.00;1162.00;24448.48;;;AMBP3;;;;;;;;2020-07-13;;;;
FIIM;42.682.281/0001-50;BTG PACTUAL SMLL B3 FUNDO DE ÍNDICE;2023-07-31;499684;8946950.03;AÇÕES;Ação ordinária;N;Para negociação;0.00;0.00;0.00;0.00;12215.00;96742.80;;;GMAT3;;;;;;;;2020-10-13;;;;
FIIM;42.682.281/0001-50;BTG PACTUAL SMLL B3 FUNDO DE ÍNDICE;2023-07-31;499684;8946950.03;AÇÕES;Ação ordinária;N;Para negociação;0.00;0.00;0.00;0.00;2523.00;30250.77;;;TEND3;;;;;;;;2007-10-15;;;;
FIIM;42.682.281/0001-50;BTG PACTUAL SMLL B3 FUNDO DE ÍNDICE;2023-07-31;499684;8946950.03;AÇÕES;Ação ordinária;N;Para negociação;0.00;0.00;0.00;0.00;7524.00;172976.76;;;RECV3;;;;;;;;2021-05-05;;;;
FIIM;42.682.281/0001-50;BTG PACTUAL SMLL B3 FUNDO DE ÍNDICE;2023-07-31;499684;8946950.03;AÇÕES;Ação ordinária;N;Para negociação;0.00;0.00;0.00;0.00;8564.00;101740.32;;;AESB3;;;;;;;;2021-08-10;;;;
FIIM;42.682.281/0001-50;BTG PACTUAL SMLL B3 FUNDO DE ÍNDICE;2023-07-31;499684;8946950.03;AÇÕES;Ação ordinária;N;Para negociação;0.00;0.00;0.00;0.00;1593.00;41274.63;;;AGRO3;;;;;;;;2006-05-02;;;;
FIIM;42.682.281/0001-50;BTG PACTUAL SMLL B3 FUNDO DE ÍNDICE;2023-07-31;499684;8946950.03;AÇÕES;Ação ordinária;N;Para negociação;0.00;0.00;0.00;0.00;2412.00;3618.00;;;TRAD3;;;;;;;;2021-07-28;;;;
FIIM;42.682.281/0001-50;BTG PACTUAL SMLL B3 FUNDO DE ÍNDICE;2023-07-31;499684;8946950.03;AÇÕES;Ação ordinária;N;Para negociação;0.00;0.00;0.00;0.00;8583.00;70466.43;;;ECOR3;;;;;;;;2010-04-01;;;;
FIIM;42.682.281/0001-50;BTG PACTUAL SMLL B3 FUNDO DE ÍNDICE;2023-07-31;499684;8946950.03;AÇÕES;Ação ordinária;N;Para negociação;0.00;0.00;0.00;0.00;2228.00;30078.00;;;BMOB3;;;;;;;;2021-02-10;;;;
FIIM;42.682.281/0001-50;BTG PACTUAL SMLL B3 FUNDO DE ÍNDICE;2023-07-31;499684;8946950.03;AÇÕES;Ação ordinária;N;Para negociação;0.00;0.00;0.00;0.00;6893.00;84508.18;;;ODPV3;;;;;;;;2006-12-01;;;;
FIIM;42.682.281/0001-50;BTG PACTUAL SMLL B3 FUNDO DE ÍNDICE;2023-07-31;499684;8946950.03;AÇÕES;Ação ordinária;N;Para negociação;0.00;0.00;0.00;0.00;1198.00;17107.44;;;ROMI3;;;;;;;;1998-01-02;;;;
FIIM;42.682.281/0001-50;BTG PACTUAL SMLL B3 FUNDO DE ÍNDICE;2023-07-31;499684;8946950.03;AÇÕES;Ação ordinária;N;Para negociação;0.00;0.00;0.00;0.00;2721.00;24135.27;;;JALL3;;;;;;;;2021-07-28;;;;
FIIM;42.682.281/0001-50;BTG PACTUAL SMLL B3 FUNDO DE ÍNDICE;2023-07-31;499684;8946950.03;AÇÕES;Ação ordinária;N;Para negociação;0.00;0.00;0.00;0.00;4328.00;89589.60;;;PCAR3;;;;;;;;1997-09-02;;;;
FIIM;42.682.281/0001-50;BTG PACTUAL SMLL B3 FUNDO DE ÍNDICE;2023-07-31;499684;8946950.03;AÇÕES;Ação ordinária;N;Para negociação;0.00;0.00;0.00;0.00;13003.00;146153.72;;;SOMA3;;;;;;;;2020-07-31;;;;
FIIM;42.682.281/0001-50;BTG PACTUAL SMLL B3 FUNDO DE ÍNDICE;2023-07-31;499684;8946950.03;AÇÕES;Ação ordinária;N;Para negociação;0.00;0.00;0.00;0.00;31.00;2558.43;;;BRPR3;;;;;;;;2007-08-06;;;;
FIIM;42.682.281/0001-50;BTG PACTUAL SMLL B3 FUNDO DE ÍNDICE;2023-07-31;499684;8946950.03;AÇÕES;Ação ordinária;N;Para negociação;0.00;0.00;0.00;0.00;8262.00;114841.80;;;MRVE3;;;;;;;;2007-07-23;;;;
FIIM;42.682.281/0001-50;BTG PACTUAL SMLL B3 FUNDO DE ÍNDICE;2023-07-31;499684;8946950.03;AÇÕES;Ação ordinária;N;Para negociação;0.00;0.00;0.00;0.00;1867.00;77909.91;;;MDIA3;;;;;;;;2006-10-18;;;;
FIIM;42.682.281/0001-50;BTG PACTUAL SMLL B3 FUNDO DE ÍNDICE;2023-07-31;499684;8946950.03;AÇÕES;Ação ordinária;N;Para negociação;0.00;0.00;0.00;0.00;3077.00;73140.29;;;INTB3;;;;;;;;2021-02-04;;;;
FIIM;42.682.281/0001-50;BTG PACTUAL SMLL B3 FUNDO DE ÍNDICE;2023-07-31;499684;8946950.03;AÇÕES;Ação ordinária;N;Para negociação;0.00;0.00;0.00;0.00;14254.00;113746.92;;;BOAS3;;;;;;;;2020-09-30;;;;
FIIM;42.682.281/0001-50;BTG PACTUAL SMLL B3 FUNDO DE ÍNDICE;2023-07-31;499684;8946950.03;AÇÕES;Ação ordinária;N;Para negociação;0.00;0.00;0.00;0.00;9172.00;107404.12;;;MEGA3;;;;;;;;2021-12-27;;;;
FIIM;42.682.281/0001-50;BTG PACTUAL SMLL B3 FUNDO DE ÍNDICE;2023-07-31;499684;8946950.03;AÇÕES;Ação preferencial;N;Para negociação;0.00;0.00;0.00;0.00;6439.00;228906.45;;;;RRRP3;;PJ;12091809000155;3R PETROLEUM OLEO E GAS S.A.;;;;;;;
FIIM;42.682.281/0001-50;BTG PACTUAL SMLL B3 FUNDO DE ÍNDICE;2023-07-31;499684;8946950.03;AÇÕES;Ação preferencial;N;Para negociação;0.00;0.00;0.00;0.00;1831.00;27190.35;;;TASA4;;;;;;;;2019-11-12;;;;
FIIM;42.682.281/0001-50;BTG PACTUAL SMLL B3 FUNDO DE ÍNDICE;2023-07-31;499684;8946950.03;AÇÕES;Ação preferencial;N;Para negociação;0.00;0.00;0.00;0.00;14906.00;77958.38;;;POMO4;;;;;;;;1997-12-12;;;;
FIIM;42.682.281/0001-50;BTG PACTUAL SMLL B3 FUNDO DE ÍNDICE;2023-07-31;499684;8946950.03;AÇÕES;Ação preferencial;N;Para negociação;0.00;0.00;0.00;0.00;6620.00;155503.80;;;BRAP4;;;;;;;;2000-08-10;;;;
FIIM;42.682.281/0001-50;BTG PACTUAL SMLL B3 FUNDO DE ÍNDICE;2023-07-31;499684;8946950.03;AÇÕES;Ação preferencial;N;Para negociação;0.00;0.00;0.00;0.00;5537.00;53321.31;;;GOLL4;;;;;;;;2004-06-24;;;;
FIIM;42.682.281/0001-50;BTG PACTUAL SMLL B3 FUNDO DE ÍNDICE;2023-07-31;499684;8946950.03;AÇÕES;Ação preferencial;N;Para negociação;0.00;0.00;0.00;0.00;5466.00;79748.94;;;BRSR6;;;;;;;;2007-09-03;;;;
FIIM;42.682.281/0001-50;BTG PACTUAL SMLL B3 FUNDO DE ÍNDICE;2023-07-31;499684;8946950.03;AÇÕES;Ação preferencial;N;Para negociação;0.00;0.00;0.00;0.00;13803.00;99795.69;;;USIM5;;;;;;;;1999-02-02;;;;
FIIM;42.682.281/0001-50;BTG PACTUAL SMLL B3 FUNDO DE ÍNDICE;2023-07-31;499684;8946950.03;AÇÕES;Ação preferencial;N;Para negociação;0.00;0.00;0.00;0.00;17569.00;241573.75;;;GOAU4;;;;;;;;1998-01-02;;;;
FIIM;42.682.281/0001-50;BTG PACTUAL SMLL B3 FUNDO DE ÍNDICE;2023-07-31;499684;8946950.03;AÇÕES;Ação preferencial;N;Para negociação;0.00;0.00;0.00;0.00;8574.00;151759.80;;;AZUL4;;;;;;;;2017-04-11;;;;
FIIM;42.682.281/0001-50;BTG PACTUAL SMLL B3 FUNDO DE ÍNDICE;2023-07-31;499684;8946950.03;AÇÕES;Ação preferencial;N;Para negociação;0.00;0.00;0.00;0.00;5473.00;52704.99;;;ALPA4;;;;;;;;1997-04-28;;;;
FIIM;42.682.281/0001-50;BTG PACTUAL SMLL B3 FUNDO DE ÍNDICE;2023-07-31;499684;8946950.03;AÇÕES;Ação preferencial;N;Para negociação;0.00;0.00;0.00;0.00;9115.00;84769.50;;;BPAN4;;;;;;;;2014-08-05;;;;
FIIM;42.682.281/0001-50;BTG PACTUAL SMLL B3 FUNDO DE ÍNDICE;2023-07-31;499684;8946950.03;AÇÕES;Ação preferencial;N;Para negociação;0.00;0.00;0.00;0.00;1793.00;33529.10;;;ABCB4;;;;;;;;2007-07-25;;;;
FIIM;42.682.281/0001-50;BTG PACTUAL SMLL B3 FUNDO DE ÍNDICE;2023-07-31;499684;8946950.03;AÇÕES;Ação preferencial;N;Para negociação;0.00;0.00;0.00;0.00;1244.00;100689.36;;;UNIP6;;;;;;;;1996-09-26;;;;
FIIM;42.682.281/0001-50;BTG PACTUAL SMLL B3 FUNDO DE ÍNDICE;2023-07-31;499684;8946950.03;AÇÕES;Ação preferencial;N;Para negociação;0.00;0.00;0.00;0.00;1080.00;54810.00;;;FESA4;;;;;;;;1997-05-02;;;;
FIIM;42.682.281/0001-50;BTG PACTUAL SMLL B3 FUNDO DE ÍNDICE;2023-07-31;499684;8946950.03;AÇÕES;Ação preferencial;N;Para negociação;0.00;0.00;0.00;0.00;4748.00;59065.12;;;RAPT4;;;;;;;;1996-04-16;;;;
FIIM;42.682.281/0001-50;BTG PACTUAL SMLL B3 FUNDO DE ÍNDICE;2023-07-31;499684;8946950.03;OPERAÇÕES COMPROMISSADAS;;N;Para negociação;0.00;0.00;0.00;0.00;291.00;215744.97;;;;;2026-07-01;;;;;100000;;;;;
FIIM;42.682.790/0001-82;QR BLOOMBERG DEFI FUNDO DE ÍNDICE - INVESTIMENTO NO EXTERIOR;2023-07-31;504586;9252888.50;DISPONIBILIDADES;Outros;;Para negociação;;;;;;109590.79;;;;EXTERIOR CAIXA;;PJ;4423567000121;*** A Definir ***;;;;;;;
FIIM;42.682.790/0001-82;QR BLOOMBERG DEFI FUNDO DE ÍNDICE - INVESTIMENTO NO EXTERIOR;2023-07-31;504586;9252888.50;VALORES A PAGAR;Outros;;Para negociação;;;;;;1621.60;;;;AUDITORIA PROVISAO;;PJ;4423567000121;*** A Definir ***;;;;;;;
FIIM;42.682.790/0001-82;QR BLOOMBERG DEFI FUNDO DE ÍNDICE - INVESTIMENTO NO EXTERIOR;2023-07-31;504586;9252888.50;VALORES A PAGAR;Outros;;Para negociação;;;;;;2000.00;;;;TX ESCRT FIX PROVIS?O;;PJ;29415858000107;SEM DEFINI??O;;;;;;;
FIIM;42.682.790/0001-82;QR BLOOMBERG DEFI FUNDO DE ÍNDICE - INVESTIMENTO NO EXTERIOR;2023-07-31;504586;9252888.50;VALORES A PAGAR;Outros;;Para negociação;;;;;;15000.00;;;;DESP AUDIT Provis?o;;PJ;29415858000107;SEM DEFINI??O;;;;;;;
FIIM;42.682.790/0001-82;QR BLOOMBERG DEFI FUNDO DE ÍNDICE - INVESTIMENTO NO EXTERIOR;2023-07-31;504586;9252888.50;VALORES A PAGAR;Outros;;Para negociação;;;;;;946.80;;;;TX ESCRT VAR PROVIS?O;;PJ;29415858000107;SEM DEFINI??O;;;;;;;
FIIM;42.682.790/0001-82;QR BLOOMBERG DEFI FUNDO DE ÍNDICE - INVESTIMENTO NO EXTERIOR;2023-07-31;504586;9252888.50;VALORES A PAGAR;Outros;;Para negociação;;;;;;2000.00;;;;TX ESCRITUR PENDENTE;;PJ;29415858000107;SEM DEFINI??O;;;;;;;
FIIM;42.682.790/0001-82;QR BLOOMBERG DEFI FUNDO DE ÍNDICE - INVESTIMENTO NO EXTERIOR;2023-07-31;504586;9252888.50;VALORES A PAGAR;Outros;;Para negociação;;;;;;6431.65;;;;TAXA ADM PROVIS?O;;PJ;29415858000107;SEM DEFINI??O;;;;;;;
FIIM;42.682.790/0001-82;QR BLOOMBERG DEFI FUNDO DE ÍNDICE - INVESTIMENTO NO EXTERIOR;2023-07-31;504586;9252888.50;VALORES A PAGAR;Outros;;Para negociação;;;;;;382.36;;;;TAXA GEST?O PROVIS?O;;PJ;29415858000107;SEM DEFINI??O;;;;;;;
FIIM;42.682.790/0001-82;QR BLOOMBERG DEFI FUNDO DE ÍNDICE - INVESTIMENTO NO EXTERIOR;2023-07-31;504586;9252888.50;VALORES A RECEBER;Outros;;Para negociação;;;;;;1599.77;;;;VAL A RECEBE;;PJ;29415858000107;SEM DEFINI??O;;;;;;;
FIIM;42.682.790/0001-82;QR BLOOMBERG DEFI FUNDO DE ÍNDICE - INVESTIMENTO NO EXTERIOR;2023-07-31;504586;9252888.50;VALORES A RECEBER;Outros;;Para negociação;;;;;;2995.72;;;;TX FISCALIZ DIFERIDO;;PJ;29415858000107;SEM DEFINI??O;;;;;;;
FIIM;42.682.790/0001-82;QR BLOOMBERG DEFI FUNDO DE ÍNDICE - INVESTIMENTO NO EXTERIOR;2023-07-31;504586;9252888.50;VALORES A RECEBER;Outros;;Para negociação;;;;;;9375.00;;;;AUDITORIA DIFERIDO;;PJ;29415858000107;SEM DEFINI??O;;;;;;;
FIIM;42.682.790/0001-82;QR BLOOMBERG DEFI FUNDO DE ÍNDICE - INVESTIMENTO NO EXTERIOR;2023-07-31;504586;9252888.50;INVESTIMENTO NO EXTERIOR;Outros;N;Para negociação;;;;;16941.00;264113.64;;;CVX USD DFI;;2022-10-31;;;CVX USD;N;;;28;ESTADOS UNIDOS DA AMÉRICA;A1;AMERICAN STOCK EXCHANGE
FIIM;42.682.790/0001-82;QR BLOOMBERG DEFI FUNDO DE ÍNDICE - INVESTIMENTO NO EXTERIOR;2023-07-31;504586;9252888.50;INVESTIMENTO NO EXTERIOR;Outros;N;Para negociação;;;;;1481.00;475903.22;;;COMP USD DFI;;2022-02-07;;;COMP USD;N;;;28;ESTADOS UNIDOS DA AMÉRICA;A1;AMERICAN STOCK EXCHANGE
FIIM;42.682.790/0001-82;QR BLOOMBERG DEFI FUNDO DE ÍNDICE - INVESTIMENTO NO EXTERIOR;2023-07-31;504586;9252888.50;INVESTIMENTO NO EXTERIOR;Outros;N;Para negociação;;;;;27.00;73.49;;;BNT USD DFI;;2022-03-02;;;BNT USD;N;;;28;ESTADOS UNIDOS DA AMÉRICA;A1;AMERICAN STOCK EXCHANGE
FIIM;42.682.790/0001-82;QR BLOOMBERG DEFI FUNDO DE ÍNDICE - INVESTIMENTO NO EXTERIOR;2023-07-31;504586;9252888.50;INVESTIMENTO NO EXTERIOR;Outros;N;Para negociação;;;;;29070.00;93723.29;;;SUSH USD DFI;;2022-02-07;;;SUSHI USD;N;;;28;ESTADOS UNIDOS DA AMÉRICA;A1;AMERICAN STOCK EXCHANGE
FIIM;42.682.790/0001-82;QR BLOOMBERG DEFI FUNDO DE ÍNDICE - INVESTIMENTO NO EXTERIOR;2023-07-31;504586;9252888.50;INVESTIMENTO NO EXTERIOR;Outros;N;Para negociação;;;;;7.00;225228.17;;;YFI USD DFI;;2022-02-07;;;YFI USD;N;;;28;ESTADOS UNIDOS DA AMÉRICA;A1;AMERICAN STOCK EXCHANGE
FIIM;42.682.790/0001-82;QR BLOOMBERG DEFI FUNDO DE ÍNDICE - INVESTIMENTO NO EXTERIOR;2023-07-31;504586;9252888.50;INVESTIMENTO NO EXTERIOR;Outros;N;Para negociação;;;;;0.00;0.05;;;UMA USD DFI;;2022-03-02;;;UMA USD;N;;;28;ESTADOS UNIDOS DA AMÉRICA;A1;AMERICAN STOCK EXCHANGE
FIIM;42.682.790/0001-82;QR BLOOMBERG DEFI FUNDO DE ÍNDICE - INVESTIMENTO NO EXTERIOR;2023-07-31;504586;9252888.50;INVESTIMENTO NO EXTERIOR;Outros;N;Para negociação;;;;;68936.00;833798.04;;;SNX USD DFI;;2022-02-07;;;SNX USD;N;;;28;ESTADOS UNIDOS DA AMÉRICA;A1;AMERICAN STOCK EXCHANGE
FIIM;42.682.790/0001-82;QR BLOOMBERG DEFI FUNDO DE ÍNDICE - INVESTIMENTO NO EXTERIOR;2023-07-31;504586;9252888.50;INVESTIMENTO NO EXTERIOR;Outros;N;Para negociação;;;;;3129.00;961640.78;;;AAVE USD DFI;;2022-02-07;;;AAVE USD;N;;;28;ESTADOS UNIDOS DA AMÉRICA;A1;AMERICAN STOCK EXCHANGE
FIIM;42.682.790/0001-82;QR BLOOMBERG DEFI FUNDO DE ÍNDICE - INVESTIMENTO NO EXTERIOR;2023-07-31;504586;9252888.50;INVESTIMENTO NO EXTERIOR;Outros;N;Para negociação;;;;;134285.00;4150999.99;;;UNI USD DFI;;2022-02-07;;;UNI USD;N;;;28;ESTADOS UNIDOS DA AMÉRICA;A1;AMERICAN STOCK EXCHANGE
FIIM;42.682.790/0001-82;QR BLOOMBERG DEFI FUNDO DE ÍNDICE - INVESTIMENTO NO EXTERIOR;2023-07-31;504586;9252888.50;INVESTIMENTO NO EXTERIOR;Outros;N;Para negociação;;;;;187653.00;504605.41;;;CRV USD DFI;;2022-02-07;;;CRV USD;N;;;28;ESTADOS UNIDOS DA AMÉRICA;A1;AMERICAN STOCK EXCHANGE
FIIM;42.682.790/0001-82;QR BLOOMBERG DEFI FUNDO DE ÍNDICE - INVESTIMENTO NO EXTERIOR;2023-07-31;504586;9252888.50;INVESTIMENTO NO EXTERIOR;Outros;N;Para negociação;;;;;188771.00;1647623.55;;;LDO USD DFI;;2023-03-31;;;LDO USD;N;;;28;ESTADOS UNIDOS DA AMÉRICA;A1;AMERICAN STOCK EXCHANGE
FIIM;43.105.466/0001-64;INVESTO ETF GLOBAL VIDEO GAMING & ESPORTS FUNDO DE INVESTIMENTO DE ÍNDICE- INVESTIMENTO NO EXTERIOR;2023-07-31;502170;12234905.75;COTAS DE FUNDOS;;N;;98.18;12018.40;163.40;19946.03;169.68;20864.61;;;;;;PJ;43105440000116;BNP Paribas Soberano II FIC FI RF Simples;;;;;;;
FIIM;43.140.303/0001-12;ETF TRÍGONO TEVA AÇÕES MICRO CAP / SMALL CAP FUNDO DE ÍNDICE;2023-07-31;499689;76560142.01;AÇÕES;Ação ordinária;N;Para negociação;46400.00;88160.00;23460.00;45543.80;132430.00;213212.30;;;;ESPA3;;PJ;26659061000159;MPM CORPOREOS SA;;;;;;;
FIIM;43.140.303/0001-12;ETF TRÍGONO TEVA AÇÕES MICRO CAP / SMALL CAP FUNDO DE ÍNDICE;2023-07-31;499689;76560142.01;AÇÕES;Ação ordinária;N;Para negociação;0.00;0.00;35050.00;328804.50;37050.00;404956.50;;;MDNE3;;;;;;;;2020-02-13;;;;
FIIM;43.140.303/0001-12;ETF TRÍGONO TEVA AÇÕES MICRO CAP / SMALL CAP FUNDO DE ÍNDICE;2023-07-31;499689;76560142.01;AÇÕES;Ação ordinária;N;Para negociação;0.00;0.00;7200.00;69369.00;64223.00;655074.60;;;RANI3;;;;;;;;1995-07-17;;;;
FIIM;43.140.303/0001-12;ETF TRÍGONO TEVA AÇÕES MICRO CAP / SMALL CAP FUNDO DE ÍNDICE;2023-07-31;499689;76560142.01;AÇÕES;Ação ordinária;N;Para negociação;0.00;0.00;11290.00;134587.20;122290.00;1521287.60;;;MILS3;;;;;;;;2010-04-16;;;;
FIIM;43.140.303/0001-12;ETF TRÍGONO TEVA AÇÕES MICRO CAP / SMALL CAP FUNDO DE ÍNDICE;2023-07-31;499689;76560142.01;AÇÕES;Ação ordinária;N;Para negociação;0.00;0.00;2980.00;49009.80;18565.00;265108.20;;;ROMI3;;;;;;;;1998-01-02;;;;
FIIM;43.140.303/0001-12;ETF TRÍGONO TEVA AÇÕES MICRO CAP / SMALL CAP FUNDO DE ÍNDICE;2023-07-31;499689;76560142.01;AÇÕES;Ação ordinária;N;Para negociação;0.00;0.00;6530.00;49893.90;58996.00;523294.52;;;JALL3;;;;;;;;2021-07-28;;;;
FIIM;43.140.303/0001-12;ETF TRÍGONO TEVA AÇÕES MICRO CAP / SMALL CAP FUNDO DE ÍNDICE;2023-07-31;499689;76560142.01;AÇÕES;Ação ordinária;N;Para negociação;0.00;0.00;53660.00;789145.00;56860.00;861997.60;;;VLID3;;;;;;;;2010-11-10;;;;
FIIM;43.140.303/0001-12;ETF TRÍGONO TEVA AÇÕES MICRO CAP / SMALL CAP FUNDO DE ÍNDICE;2023-07-31;499689;76560142.01;AÇÕES;Ação ordinária;N;Para negociação;0.00;0.00;27110.00;242615.50;183310.00;1358327.10;;;LWSA3;;;;;;;;2020-02-06;;;;
FIIM;43.140.303/0001-12;ETF TRÍGONO TEVA AÇÕES MICRO CAP / SMALL CAP FUNDO DE ÍNDICE;2023-07-31;499689;76560142.01;AÇÕES;Ação ordinária;N;Para negociação;200.00;3174.00;8940.00;142507.00;31722.00;563699.94;;;CURY3;;;;;;;;2020-09-21;;;;
FIIM;43.140.303/0001-12;ETF TRÍGONO TEVA AÇÕES MICRO CAP / SMALL CAP FUNDO DE ÍNDICE;2023-07-31;499689;76560142.01;AÇÕES;Ação ordinária;N;Para negociação;0.00;0.00;4630.00;84735.10;8404.00;182618.92;;;EZTC3;;;;;;;;2007-06-22;;;;
FIIM;43.140.303/0001-12;ETF TRÍGONO TEVA AÇÕES MICRO CAP / SMALL CAP FUNDO DE ÍNDICE;2023-07-31;499689;76560142.01;AÇÕES;Ação ordinária;N;Para negociação;0.00;0.00;36750.00;253219.00;22696.00;126416.72;;;CLSA3;;;;;;;;2021-07-30;;;;
FIIM;43.140.303/0001-12;ETF TRÍGONO TEVA AÇÕES MICRO CAP / SMALL CAP FUNDO DE ÍNDICE;2023-07-31;499689;76560142.01;AÇÕES;Ação ordinária;N;Para negociação;0.00;0.00;7500.00;40684.00;17490.00;99693.00;;;CEAB3;;;;;;;;2019-10-28;;;;
FIIM;43.140.303/0001-12;ETF TRÍGONO TEVA AÇÕES MICRO CAP / SMALL CAP FUNDO DE ÍNDICE;2023-07-31;499689;76560142.01;AÇÕES;Ação ordinária;N;Para negociação;900.00;1242.00;9570.00;13353.90;44620.00;53544.00;;;AERI3;;;;;;;;2020-11-11;;;;
FIIM;43.140.303/0001-12;ETF TRÍGONO TEVA AÇÕES MICRO CAP / SMALL CAP FUNDO DE ÍNDICE;2023-07-31;499689;76560142.01;AÇÕES;Ação ordinária;N;Para negociação;100.00;2354.00;3650.00;86893.00;22501.00;481521.40;;;LOGG3;;;;;;;;2018-12-21;;;;
FIIM;43.140.303/0001-12;ETF TRÍGONO TEVA AÇÕES MICRO CAP / SMALL CAP FUNDO DE ÍNDICE;2023-07-31;499689;76560142.01;AÇÕES;Ação ordinária;N;Para negociação;0.00;0.00;47120.00;149583.40;527120.00;2097937.60;;;HBSA3;;;;;;;;2020-09-25;;;;
FIIM;43.140.303/0001-12;ETF TRÍGONO TEVA AÇÕES MICRO CAP / SMALL CAP FUNDO DE ÍNDICE;2023-07-31;499689;76560142.01;AÇÕES;Ação ordinária;N;Para negociação;0.00;0.00;17850.00;74764.00;161999.00;779215.19;;;ANIM3;;;;;;;;2013-10-28;;;;
FIIM;43.140.303/0001-12;ETF TRÍGONO TEVA AÇÕES MICRO CAP / SMALL CAP FUNDO DE ÍNDICE;2023-07-31;499689;76560142.01;AÇÕES;Ação ordinária;N;Para negociação;0.00;0.00;5560.00;72518.00;61860.00;831398.40;;;FRAS3;;;;;;;;2002-10-01;;;;
FIIM;43.140.303/0001-12;ETF TRÍGONO TEVA AÇÕES MICRO CAP / SMALL CAP FUNDO DE ÍNDICE;2023-07-31;499689;76560142.01;AÇÕES;Ação ordinária;N;Para negociação;0.00;0.00;4080.00;91159.20;4189.00;88136.56;;;AMBP3;;;;;;;;2020-07-13;;;;
FIIM;43.140.303/0001-12;ETF TRÍGONO TEVA AÇÕES MICRO CAP / SMALL CAP FUNDO DE ÍNDICE;2023-07-31;499689;76560142.01;AÇÕES;Ação ordinária;N;Para negociação;0.00;0.00;6790.00;42986.80;27683.00;174402.90;;;WIZC3;;;;;;;;2023-02-09;;;;
FIIM;43.140.303/0001-12;ETF TRÍGONO TEVA AÇÕES MICRO CAP / SMALL CAP FUNDO DE ÍNDICE;2023-07-31;499689;76560142.01;AÇÕES;Ação ordinária;N;Para negociação;0.00;0.00;47590.00;129724.50;122364.00;409919.40;;;MLAS3;;;;;;;;2021-07-22;;;;
FIIM;43.140.303/0001-12;ETF TRÍGONO TEVA AÇÕES MICRO CAP / SMALL CAP FUNDO DE ÍNDICE;2023-07-31;499689;76560142.01;AÇÕES;Ação ordinária;N;Para negociação;0.00;0.00;10490.00;156543.10;46744.00;613281.28;;;ARML3;;;;;;;;2021-07-28;;;;
FIIM;43.140.303/0001-12;ETF TRÍGONO TEVA AÇÕES MICRO CAP / SMALL CAP FUNDO DE ÍNDICE;2023-07-31;499689;76560142.01;AÇÕES;Ação ordinária;N;Para negociação;19900.00;100097.00;1980.00;10540.00;27062.00;152629.68;;;JHSF3;;;;;;;;2007-04-12;;;;
FIIM;43.140.303/0001-12;ETF TRÍGONO TEVA AÇÕES MICRO CAP / SMALL CAP FUNDO DE ÍNDICE;2023-07-31;499689;76560142.01;AÇÕES;Ação ordinária;N;Para negociação;0.00;0.00;9530.00;108601.40;31865.00;382061.35;;;TEND3;;;;;;;;2007-10-15;;;;
FIIM;43.140.303/0001-12;ETF TRÍGONO TEVA AÇÕES MICRO CAP / SMALL CAP FUNDO DE ÍNDICE;2023-07-31;499689;76560142.01;AÇÕES;Ação ordinária;N;Para negociação;0.00;0.00;2340.00;123148.40;16569.00;831101.04;;;LOGN3;;;;;;;;2007-06-21;;;;
FIIM;43.140.303/0001-12;ETF TRÍGONO TEVA AÇÕES MICRO CAP / SMALL CAP FUNDO DE ÍNDICE;2023-07-31;499689;76560142.01;AÇÕES;Ação ordinária;N;Para negociação;0.00;0.00;5220.00;48517.40;43820.00;431627.00;;;JSLG3;;;;;;;;2010-04-22;;;;
FIIM;43.140.303/0001-12;ETF TRÍGONO TEVA AÇÕES MICRO CAP / SMALL CAP FUNDO DE ÍNDICE;2023-07-31;499689;76560142.01;AÇÕES;Ação ordinária;N;Para negociação;0.00;0.00;199000.00;386649.00;24276.00;41026.44;;;IFCM3;;;;;;;;2021-05-04;;;;
FIIM;43.140.303/0001-12;ETF TRÍGONO TEVA AÇÕES MICRO CAP / SMALL CAP FUNDO DE ÍNDICE;2023-07-31;499689;76560142.01;AÇÕES;Ação ordinária;N;Para negociação;0.00;0.00;5860.00;82757.60;36557.00;493519.50;;;BMOB3;;;;;;;;2021-02-10;;;;
FIIM;43.140.303/0001-12;ETF TRÍGONO TEVA AÇÕES MICRO CAP / SMALL CAP FUNDO DE ÍNDICE;2023-07-31;499689;76560142.01;AÇÕES;Ação ordinária;N;Para negociação;0.00;0.00;12630.00;64048.00;58708.00;311152.40;;;CBAV3;;;;;;;;2021-07-15;;;;
FIIM;43.140.303/0001-12;ETF TRÍGONO TEVA AÇÕES MICRO CAP / SMALL CAP FUNDO DE ÍNDICE;2023-07-31;499689;76560142.01;AÇÕES;Ação ordinária;N;Para negociação;0.00;0.00;76050.00;782573.50;125648.00;1512801.92;;;ONCO3;;;;;;;;2021-08-10;;;;
FIIM;43.140.303/0001-12;ETF TRÍGONO TEVA AÇÕES MICRO CAP / SMALL CAP FUNDO DE ÍNDICE;2023-07-31;499689;76560142.01;AÇÕES;Ação ordinária;N;Para negociação;1100.00;20900.00;7560.00;143779.00;25213.00;531994.30;;;DIRR3;;;;;;;;2009-11-19;;;;
FIIM;43.140.303/0001-12;ETF TRÍGONO TEVA AÇÕES MICRO CAP / SMALL CAP FUNDO DE ÍNDICE;2023-07-31;499689;76560142.01;AÇÕES;Ação ordinária;N;Para negociação;0.00;0.00;32310.00;257254.70;187655.00;1497486.90;;;BOAS3;;;;;;;;2020-09-30;;;;
FIIM;43.140.303/0001-12;ETF TRÍGONO TEVA AÇÕES MICRO CAP / SMALL CAP FUNDO DE ÍNDICE;2023-07-31;499689;76560142.01;AÇÕES;Ação ordinária;N;Para negociação;0.00;0.00;0.00;0.00;15390.00;371668.50;;;AALR3;;;;;;;;2016-10-28;;;;
FIIM;43.140.303/0001-12;ETF TRÍGONO TEVA AÇÕES MICRO CAP / SMALL CAP FUNDO DE ÍNDICE;2023-07-31;499689;76560142.01;AÇÕES;Ação ordinária;N;Para negociação;0.00;0.00;5130.00;37559.40;25203.00;187006.26;;;MRFG3;;;;;;;;2007-06-28;;;;
FIIM;43.140.303/0001-12;ETF TRÍGONO TEVA AÇÕES MICRO CAP / SMALL CAP FUNDO DE ÍNDICE;2023-07-31;499689;76560142.01;AÇÕES;Ação ordinária;N;Para negociação;0.00;0.00;3950.00;98489.00;9100.00;235781.00;;;AGRO3;;;;;;;;2006-05-02;;;;
FIIM;43.140.303/0001-12;ETF TRÍGONO TEVA AÇÕES MICRO CAP / SMALL CAP FUNDO DE ÍNDICE;2023-07-31;499689;76560142.01;AÇÕES;Ação ordinária;N;Para negociação;0.00;0.00;4390.00;97436.10;34380.00;916227.00;;;SQIA3;;;;;;;;2019-02-18;;;;
FIIM;43.140.303/0001-12;ETF TRÍGONO TEVA AÇÕES MICRO CAP / SMALL CAP FUNDO DE ÍNDICE;2023-07-31;499689;76560142.01;AÇÕES;Ação ordinária;N;Para negociação;0.00;0.00;5490.00;96536.00;25634.00;502939.08;;;VULC3;;;;;;;;1991-05-02;;;;
FIIM;43.140.303/0001-12;ETF TRÍGONO TEVA AÇÕES MICRO CAP / SMALL CAP FUNDO DE ÍNDICE;2023-07-31;499689;76560142.01;AÇÕES;Ação ordinária;N;Para negociação;0.00;0.00;9480.00;125269.80;75114.00;992255.94;;;SBFG3;;;;;;;;2021-03-31;;;;
FIIM;43.140.303/0001-12;ETF TRÍGONO TEVA AÇÕES MICRO CAP / SMALL CAP FUNDO DE ÍNDICE;2023-07-31;499689;76560142.01;AÇÕES;Ação ordinária;N;Para negociação;1600.00;14000.00;37350.00;331845.50;37750.00;429595.00;;;PLPL3;;;;;;;;2020-09-17;;;;
FIIM;43.140.303/0001-12;ETF TRÍGONO TEVA AÇÕES MICRO CAP / SMALL CAP FUNDO DE ÍNDICE;2023-07-31;499689;76560142.01;AÇÕES;Ação ordinária;N;Para negociação;4800.00;53952.00;24700.00;280205.00;212400.00;2952360.00;;;MRVE3;;;;;;;;2007-07-23;;;;
FIIM;43.140.303/0001-12;ETF TRÍGONO TEVA AÇÕES MICRO CAP / SMALL CAP FUNDO DE ÍNDICE;2023-07-31;499689;76560142.01;AÇÕES;Ação ordinária;N;Para negociação;300.00;2034.00;48890.00;334493.00;26045.00;219819.80;;;LAVV3;;;;;;;;2020-09-02;;;;
FIIM;43.140.303/0001-12;ETF TRÍGONO TEVA AÇÕES MICRO CAP / SMALL CAP FUNDO DE ÍNDICE;2023-07-31;499689;76560142.01;AÇÕES;Ação ordinária;N;Para negociação;0.00;0.00;55160.00;278511.60;37757.00;203887.80;;;ALPK3;;;;;;;;2020-05-15;;;;
FIIM;43.140.303/0001-12;ETF TRÍGONO TEVA AÇÕES MICRO CAP / SMALL CAP FUNDO DE ÍNDICE;2023-07-31;499689;76560142.01;AÇÕES;Ação ordinária;N;Para negociação;0.00;0.00;12690.00;78453.50;38140.00;254775.20;;;LJQQ3;;;;;;;;2020-08-10;;;;
FIIM;43.140.303/0001-12;ETF TRÍGONO TEVA AÇÕES MICRO CAP / SMALL CAP FUNDO DE ÍNDICE;2023-07-31;499689;76560142.01;AÇÕES;Ação ordinária;N;Para negociação;0.00;0.00;4920.00;39244.20;7952.00;78963.36;;;CASH3;;;;;;;;2020-11-05;;;;
FIIM;43.140.303/0001-12;ETF TRÍGONO TEVA AÇÕES MICRO CAP / SMALL CAP FUNDO DE ÍNDICE;2023-07-31;499689;76560142.01;AÇÕES;Ação ordinária;N;Para negociação;0.00;0.00;118960.00;186818.40;19766.00;18382.38;;;SEQL3;;;;;;;;2020-10-07;;;;
FIIM;43.140.303/0001-12;ETF TRÍGONO TEVA AÇÕES MICRO CAP / SMALL CAP FUNDO DE ÍNDICE;2023-07-31;499689;76560142.01;AÇÕES;Ação ordinária;N;Para negociação;0.00;0.00;7630.00;54330.00;28079.00;204415.12;;;CAML3;;;;;;;;2017-09-28;;;;
FIIM;43.140.303/0001-12;ETF TRÍGONO TEVA AÇÕES MICRO CAP / SMALL CAP FUNDO DE ÍNDICE;2023-07-31;499689;76560142.01;AÇÕES;Ação ordinária;N;Para negociação;139200.00;1526327.00;143740.00;1584096.40;13115.00;149642.15;;;MOVI3;;;;;;;;2017-02-08;;;;
FIIM;43.140.303/0001-12;ETF TRÍGONO TEVA AÇÕES MICRO CAP / SMALL CAP FUNDO DE ÍNDICE;2023-07-31;499689;76560142.01;AÇÕES;Ação ordinária;N;Para negociação;0.00;0.00;5550.00;40490.00;26946.00;226076.94;;;PTBL3;;;;;;;;1997-04-08;;;;
FIIM;43.140.303/0001-12;ETF TRÍGONO TEVA AÇÕES MICRO CAP / SMALL CAP FUNDO DE ÍNDICE;2023-07-31;499689;76560142.01;AÇÕES;Ação ordinária;N;Para negociação;0.00;0.00;13930.00;97425.00;44139.00;326187.21;;;EVEN3;;;;;;;;2007-04-02;;;;
FIIM;43.140.303/0001-12;ETF TRÍGONO TEVA AÇÕES MICRO CAP / SMALL CAP FUNDO DE ÍNDICE;2023-07-31;499689;76560142.01;AÇÕES;Ação ordinária;N;Para negociação;0.00;0.00;4890.00;62181.00;49590.00;655083.90;;;PNVL3;;;;;;;;1998-01-02;;;;
FIIM;43.140.303/0001-12;ETF TRÍGONO TEVA AÇÕES MICRO CAP / SMALL CAP FUNDO DE ÍNDICE;2023-07-31;499689;76560142.01;AÇÕES;Ação ordinária;N;Para negociação;0.00;0.00;5160.00;227131.00;23088.00;949378.56;;;IRBR3;;;;;;;;2017-07-31;;;;
FIIM;43.140.303/0001-12;ETF TRÍGONO TEVA AÇÕES MICRO CAP / SMALL CAP FUNDO DE ÍNDICE;2023-07-31;499689;76560142.01;AÇÕES;Ação ordinária;N;Para negociação;0.00;0.00;5650.00;30642.00;23225.00;133311.50;;;SEER3;;;;;;;;2013-10-29;;;;
FIIM;43.140.303/0001-12;ETF TRÍGONO TEVA AÇÕES MICRO CAP / SMALL CAP FUNDO DE ÍNDICE;2023-07-31;499689;76560142.01;AÇÕES;Ação ordinária;N;Para negociação;0.00;0.00;17430.00;233293.90;24330.00;339403.50;;;ENAT3;;;;;;;;2019-04-24;;;;
FIIM;43.140.303/0001-12;ETF TRÍGONO TEVA AÇÕES MICRO CAP / SMALL CAP FUNDO DE ÍNDICE;2023-07-31;499689;76560142.01;AÇÕES;Ação ordinária;N;Para negociação;0.00;0.00;19990.00;96813.40;52805.00;226533.45;;;QUAL3;;;;;;;;2011-06-29;;;;
FIIM;43.140.303/0001-12;ETF TRÍGONO TEVA AÇÕES MICRO CAP / SMALL CAP FUNDO DE ÍNDICE;2023-07-31;499689;76560142.01;AÇÕES;Ação ordinária;N;Para negociação;1400.00;5698.00;30580.00;125779.00;5944.00;25083.68;;;MBLY3;;;;;;;;2021-02-05;;;;
FIIM;43.140.303/0001-12;ETF TRÍGONO TEVA AÇÕES MICRO CAP / SMALL CAP FUNDO DE ÍNDICE;2023-07-31;499689;76560142.01;AÇÕES;Ação ordinária;N;Para negociação;4136.00;13235.20;8170.00;15196.90;1767.00;3940.41;;;RCSL3;;;;;;;;1998-03-16;;;;
FIIM;43.140.303/0001-12;ETF TRÍGONO TEVA AÇÕES MICRO CAP / SMALL CAP FUNDO DE ÍNDICE;2023-07-31;499689;76560142.01;AÇÕES;Ação ordinária;N;Para negociação;1800.00;21367.00;10210.00;123029.50;31875.00;441468.75;;;MYPK3;;;;;;;;1997-06-30;;;;
FIIM;43.140.303/0001-12;ETF TRÍGONO TEVA AÇÕES MICRO CAP / SMALL CAP FUNDO DE ÍNDICE;2023-07-31;499689;76560142.01;AÇÕES;Ação ordinária;N;Para negociação;0.00;0.00;2280.00;25727.60;31180.00;362311.60;;;SOJA3;;;;;;;;2021-04-29;;;;
FIIM;43.140.303/0001-12;ETF TRÍGONO TEVA AÇÕES MICRO CAP / SMALL CAP FUNDO DE ÍNDICE;2023-07-31;499689;76560142.01;AÇÕES;Ação ordinária;N;Para negociação;0.00;0.00;24100.00;259766.00;28994.00;298058.32;;;MATD3;;;;;;;;2021-04-16;;;;
FIIM;43.140.303/0001-12;ETF TRÍGONO TEVA AÇÕES MICRO CAP / SMALL CAP FUNDO DE ÍNDICE;2023-07-31;499689;76560142.01;AÇÕES;Ação ordinária;N;Para negociação;0.00;0.00;2710.00;59014.10;19210.00;430496.10;;;TGMA3;;;;;;;;2007-07-03;;;;
FIIM;43.140.303/0001-12;ETF TRÍGONO TEVA AÇÕES MICRO CAP / SMALL CAP FUNDO DE ÍNDICE;2023-07-31;499689;76560142.01;AÇÕES;Ação ordinária;N;Para negociação;0.00;0.00;5290.00;48549.60;50890.00;419842.50;;;POSI3;;;;;;;;2006-12-11;;;;
FIIM;43.140.303/0001-12;ETF TRÍGONO TEVA AÇÕES MICRO CAP / SMALL CAP FUNDO DE ÍNDICE;2023-07-31;499689;76560142.01;AÇÕES;Ação ordinária;N;Para negociação;0.00;0.00;46890.00;263797.50;15671.00;96219.94;;;TRIS3;;;;;;;;2007-10-15;;;;
FIIM;43.140.303/0001-12;ETF TRÍGONO TEVA AÇÕES MICRO CAP / SMALL CAP FUNDO DE ÍNDICE;2023-07-31;499689;76560142.01;AÇÕES;Ação ordinária;N;Para negociação;0.00;0.00;4750.00;56154.00;35450.00;436744.00;;;VITT3;;;;;;;;2021-09-02;;;;
FIIM;43.140.303/0001-12;ETF TRÍGONO TEVA AÇÕES MICRO CAP / SMALL CAP FUNDO DE ÍNDICE;2023-07-31;499689;76560142.01;AÇÕES;Ação ordinária;N;Para negociação;0.00;0.00;10950.00;204454.50;29357.00;607689.90;;;PCAR3;;;;;;;;1997-09-02;;;;
FIIM;43.140.303/0001-12;ETF TRÍGONO TEVA AÇÕES MICRO CAP / SMALL CAP FUNDO DE ÍNDICE;2023-07-31;499689;76560142.01;AÇÕES;Ação ordinária;N;Para negociação;0.00;0.00;102650.00;426183.00;23447.00;98946.34;;;PGMN3;;;;;;;;2020-09-02;;;;
FIIM;43.140.303/0001-12;ETF TRÍGONO TEVA AÇÕES MICRO CAP / SMALL CAP FUNDO DE ÍNDICE;2023-07-31;499689;76560142.01;AÇÕES;Ação ordinária;N;Para negociação;0.00;0.00;11090.00;105319.30;66036.00;620078.04;;;KEPL3;;;;;;;;1996-03-18;;;;
FIIM;43.140.303/0001-12;ETF TRÍGONO TEVA AÇÕES MICRO CAP / SMALL CAP FUNDO DE ÍNDICE;2023-07-31;499689;76560142.01;AÇÕES;Ação ordinária;N;Para negociação;0.00;0.00;3780.00;147611.20;23026.00;885810.22;;;ORVR3;;;;;;;;2021-02-17;;;;
FIIM;43.140.303/0001-12;ETF TRÍGONO TEVA AÇÕES MICRO CAP / SMALL CAP FUNDO DE ÍNDICE;2023-07-31;499689;76560142.01;AÇÕES;Ação ordinária;N;Para negociação;0.00;0.00;13020.00;60592.80;93248.00;412156.16;;;ZAMP3;;;;;;;;2022-10-26;;;;
FIIM;43.140.303/0001-12;ETF TRÍGONO TEVA AÇÕES MICRO CAP / SMALL CAP FUNDO DE ÍNDICE;2023-07-31;499689;76560142.01;AÇÕES;Ação ordinária;N;Para negociação;0.00;0.00;102860.00;224400.40;295657.00;638619.12;;;VIIA3;;;;;;;;2021-08-16;;;;
FIIM;43.140.303/0001-12;ETF TRÍGONO TEVA AÇÕES MICRO CAP / SMALL CAP FUNDO DE ÍNDICE;2023-07-31;499689;76560142.01;AÇÕES;Ação ordinária;N;Para negociação;0.00;0.00;4120.00;106498.40;24377.00;662323.09;;;TUPY3;;;;;;;;1995-11-10;;;;
FIIM;43.140.303/0001-12;ETF TRÍGONO TEVA AÇÕES MICRO CAP / SMALL CAP FUNDO DE ÍNDICE;2023-07-31;499689;76560142.01;AÇÕES;Ação ordinária;N;Para negociação;0.00;0.00;35910.00;233963.90;202423.00;1661892.83;;;ECOR3;;;;;;;;2010-04-01;;;;
FIIM;43.140.303/0001-12;ETF TRÍGONO TEVA AÇÕES MICRO CAP / SMALL CAP FUNDO DE ÍNDICE;2023-07-31;499689;76560142.01;AÇÕES;Ação ordinária;N;Para negociação;0.00;0.00;128180.00;454510.60;84418.00;251565.64;;;CVCB3;;;;;;;;2013-12-09;;;;
FIIM;43.140.303/0001-12;ETF TRÍGONO TEVA AÇÕES MICRO CAP / SMALL CAP FUNDO DE ÍNDICE;2023-07-31;499689;76560142.01;AÇÕES;Ação ordinária;N;Para negociação;0.00;0.00;34250.00;237767.50;33600.00;231504.00;;;MTRE3;;;;;;;;2020-02-05;;;;
FIIM;43.140.303/0001-12;ETF TRÍGONO TEVA AÇÕES MICRO CAP / SMALL CAP FUNDO DE ÍNDICE;2023-07-31;499689;76560142.01;AÇÕES;Ação ordinária;N;Para negociação;4500.00;30056.00;420.00;2827.00;15554.00;93635.08;;;GFSA3;;;;;;;;2006-01-26;;;;
FIIM;43.140.303/0001-12;ETF TRÍGONO TEVA AÇÕES MICRO CAP / SMALL CAP FUNDO DE ÍNDICE;2023-07-31;499689;76560142.01;AÇÕES;Ação ordinária;N;Para negociação;0.00;0.00;22110.00;148808.10;107831.00;754817.00;;;PETZ3;;;;;;;;2020-09-11;;;;
FIIM;43.140.303/0001-12;ETF TRÍGONO TEVA AÇÕES MICRO CAP / SMALL CAP FUNDO DE ÍNDICE;2023-07-31;499689;76560142.01;AÇÕES;Ação ordinária;N;Para negociação;0.00;0.00;19710.00;502321.00;20910.00;506231.10;;;LAND3;;;;;;;;2021-08-02;;;;
FIIM;43.140.303/0001-12;ETF TRÍGONO TEVA AÇÕES MICRO CAP / SMALL CAP FUNDO DE ÍNDICE;2023-07-31;499689;76560142.01;AÇÕES;Ação preferencial;N;Para negociação;0.00;0.00;3080.00;146060.20;9227.00;468270.25;;;FESA4;;;;;;;;1997-05-02;;;;
FIIM;43.140.303/0001-12;ETF TRÍGONO TEVA AÇÕES MICRO CAP / SMALL CAP FUNDO DE ÍNDICE;2023-07-31;499689;76560142.01;AÇÕES;Ação preferencial;N;Para negociação;0.00;0.00;11090.00;134233.00;94708.00;1178167.52;;;RAPT4;;;;;;;;1996-04-16;;;;
FIIM;43.140.303/0001-12;ETF TRÍGONO TEVA AÇÕES MICRO CAP / SMALL CAP FUNDO DE ÍNDICE;2023-07-31;499689;76560142.01;AÇÕES;Ação preferencial;N;Para negociação;0.00;0.00;5420.00;98732.40;26051.00;487153.70;;;ABCB4;;;;;;;;2007-07-25;;;;
FIIM;43.140.303/0001-12;ETF TRÍGONO TEVA AÇÕES MICRO CAP / SMALL CAP FUNDO DE ÍNDICE;2023-07-31;499689;76560142.01;AÇÕES;Ação preferencial;N;Para negociação;0.00;0.00;40020.00;207610.00;199210.00;1041868.30;;;POMO4;;;;;;;;1997-12-12;;;;
FIIM;43.140.303/0001-12;ETF TRÍGONO TEVA AÇÕES MICRO CAP / SMALL CAP FUNDO DE ÍNDICE;2023-07-31;499689;76560142.01;OPERAÇÕES COMPROMISSADAS;;N;Para negociação;0.00;0.00;0.00;0.00;151.00;643274.69;;;;;2026-08-15;;;;;760199;;;;;
FIIM;43.210.375/0001-99;INVESTO ETF S&P SMALLCAP 600 VALUE FUNDO DE INVESTIMENTO DE ÍNDICE - INVESTIMENTO NO EXTERIOR;2023-07-31;502180;2054363.60;COTAS DE FUNDOS;;N;;9.88;1210.16;12.02;1474.33;80.91;9949.50;;;;;;PJ;43105440000116;BNP Paribas Soberano II FIC FI RF Simples;;;;;;;
FIIM;43.210.419/0001-80;INVESTO ETF GLOBAL AGRIBUSINESS FUNDO DE INVESTIMENTO DE ÍNDICE - INVESTIMENTO NO EXTERIOR?;2023-07-31;502179;4600776.89;COTAS DE FUNDOS;;N;;75.79;9280.68;21.73;2659.00;66.50;8177.12;;;;;;PJ;43105440000116;BNP Paribas Soberano II FIC FI RF Simples;;;;;;;
FIIM;43.210.658/0001-30;SAFRA ETF MULHERES NA LIDERANÇA FUNDO DE ÍNDICE DE AÇÕES;2023-07-31;504874;76610257.62;AÇÕES;Ação ordinária;N;Para negociação;0.00;0.00;0.00;0.00;18465.00;297471.15;;2023-10-29;FLRY3;;;;;;;;2009-12-17;;;;
FIIM;43.210.658/0001-30;SAFRA ETF MULHERES NA LIDERANÇA FUNDO DE ÍNDICE DE AÇÕES;2023-07-31;504874;76610257.62;AÇÕES;Ação ordinária;N;Para negociação;0.00;0.00;0.00;0.00;20401.00;90784.45;;2023-10-29;CMIN3;;;;;;;;2021-05-03;;;;
FIIM;43.210.658/0001-30;SAFRA ETF MULHERES NA LIDERANÇA FUNDO DE ÍNDICE DE AÇÕES;2023-07-31;504874;76610257.62;AÇÕES;Ação ordinária;N;Para negociação;0.00;0.00;0.00;0.00;68400.00;667584.00;;2023-10-29;BRFS3;;;;;;;;2009-12-10;;;;
FIIM;43.210.658/0001-30;SAFRA ETF MULHERES NA LIDERANÇA FUNDO DE ÍNDICE DE AÇÕES;2023-07-31;504874;76610257.62;AÇÕES;Ação ordinária;N;Para negociação;0.00;0.00;0.00;0.00;261335.00;3883438.10;;2023-10-29;ABEV3;;;;;;;;2013-11-11;;;;
FIIM;43.210.658/0001-30;SAFRA ETF MULHERES NA LIDERANÇA FUNDO DE ÍNDICE DE AÇÕES;2023-07-31;504874;76610257.62;AÇÕES;Ação ordinária;N;Para negociação;0.00;0.00;0.00;0.00;114300.00;7904988.00;;2023-10-29;VALE3;;;;;;;;1997-07-24;;;;
FIIM;43.210.658/0001-30;SAFRA ETF MULHERES NA LIDERANÇA FUNDO DE ÍNDICE DE AÇÕES;2023-07-31;504874;76610257.62;AÇÕES;Ação ordinária;N;Para negociação;0.00;0.00;0.00;0.00;70600.00;2367924.00;;2023-10-29;EQTL3;;;;;;;;2006-04-03;;;;
FIIM;43.210.658/0001-30;SAFRA ETF MULHERES NA LIDERANÇA FUNDO DE ÍNDICE DE AÇÕES;2023-07-31;504874;76610257.62;AÇÕES;Ação ordinária;N;Para negociação;0.00;0.00;0.00;0.00;63886.00;1199779.08;;2023-10-29;JBSS3;;;;;;;;2007-03-29;;;;
FIIM;43.210.658/0001-30;SAFRA ETF MULHERES NA LIDERANÇA FUNDO DE ÍNDICE DE AÇÕES;2023-07-31;504874;76610257.62;AÇÕES;Ação ordinária;N;Para negociação;0.00;0.00;0.00;0.00;11000.00;52910.00;;2023-10-29;ANIM3;;;;;;;;2013-10-28;;;;
FIIM;43.210.658/0001-30;SAFRA ETF MULHERES NA LIDERANÇA FUNDO DE ÍNDICE DE AÇÕES;2023-07-31;504874;76610257.62;AÇÕES;Ação ordinária;N;Para negociação;0.00;0.00;0.00;0.00;13341.00;149952.84;;2023-10-29;SOMA3;;;;;;;;2020-07-31;;;;
FIIM;43.210.658/0001-30;SAFRA ETF MULHERES NA LIDERANÇA FUNDO DE ÍNDICE DE AÇÕES;2023-07-31;504874;76610257.62;AÇÕES;Ação ordinária;N;Para negociação;0.00;0.00;0.00;0.00;10000.00;124400.00;;2023-10-29;MILS3;;;;;;;;2010-04-16;;;;
FIIM;43.210.658/0001-30;SAFRA ETF MULHERES NA LIDERANÇA FUNDO DE ÍNDICE DE AÇÕES;2023-07-31;504874;76610257.62;AÇÕES;Ação ordinária;N;Para negociação;0.00;0.00;0.00;0.00;163590.00;2437491.00;;2023-10-29;B3SA3;;;;;;;;2018-03-26;;;;
FIIM;43.210.658/0001-30;SAFRA ETF MULHERES NA LIDERANÇA FUNDO DE ÍNDICE DE AÇÕES;2023-07-31;504874;76610257.62;AÇÕES;Ação ordinária;N;Para negociação;0.00;0.00;0.00;0.00;2600.00;19006.00;;2023-10-29;GUAR3;;;;;;;;1997-04-24;;;;
FIIM;43.210.658/0001-30;SAFRA ETF MULHERES NA LIDERANÇA FUNDO DE ÍNDICE DE AÇÕES;2023-07-31;504874;76610257.62;AÇÕES;Ação ordinária;N;Para negociação;0.00;0.00;0.00;0.00;32400.00;958068.00;;2023-10-29;TOTS3;;;;;;;;2006-03-09;;;;
FIIM;43.210.658/0001-30;SAFRA ETF MULHERES NA LIDERANÇA FUNDO DE ÍNDICE DE AÇÕES;2023-07-31;504874;76610257.62;AÇÕES;Ação ordinária;N;Para negociação;0.00;0.00;0.00;0.00;9200.00;210312.00;;2023-10-29;SMFT3;;;;;;;;2018-02-26;;;;
FIIM;43.210.658/0001-30;SAFRA ETF MULHERES NA LIDERANÇA FUNDO DE ÍNDICE DE AÇÕES;2023-07-31;504874;76610257.62;AÇÕES;Ação ordinária;N;Para negociação;0.00;0.00;0.00;0.00;105932.00;3687492.92;;2023-10-29;PETR3;;;;;;;;1997-03-24;;;;
FIIM;43.210.658/0001-30;SAFRA ETF MULHERES NA LIDERANÇA FUNDO DE ÍNDICE DE AÇÕES;2023-07-31;504874;76610257.62;AÇÕES;Ação ordinária;N;Para negociação;0.00;0.00;0.00;0.00;34200.00;831402.00;;2023-10-29;ALSO3;;;;;;;;2019-08-06;;;;
FIIM;43.210.658/0001-30;SAFRA ETF MULHERES NA LIDERANÇA FUNDO DE ÍNDICE DE AÇÕES;2023-07-31;504874;76610257.62;AÇÕES;Ação ordinária;N;Para negociação;0.00;0.00;0.00;0.00;62200.00;1240268.00;;2023-10-29;CSAN3;;;;;;;;2005-11-18;;;;
FIIM;43.210.658/0001-30;SAFRA ETF MULHERES NA LIDERANÇA FUNDO DE ÍNDICE DE AÇÕES;2023-07-31;504874;76610257.62;AÇÕES;Ação ordinária;N;Para negociação;0.00;0.00;0.00;0.00;63551.00;212895.85;;2023-10-29;COGN3;;;;;;;;2019-10-11;;;;
FIIM;43.210.658/0001-30;SAFRA ETF MULHERES NA LIDERANÇA FUNDO DE ÍNDICE DE AÇÕES;2023-07-31;504874;76610257.62;AÇÕES;Ação ordinária;N;Para negociação;0.00;0.00;0.00;0.00;87100.00;1173237.00;;2023-10-29;ASAI3;;;;;;;;2021-08-12;;;;
FIIM;43.210.658/0001-30;SAFRA ETF MULHERES NA LIDERANÇA FUNDO DE ÍNDICE DE AÇÕES;2023-07-31;504874;76610257.62;AÇÕES;Ação ordinária;N;Para negociação;0.00;0.00;0.00;0.00;26500.00;1146390.00;;2023-10-29;HYPE3;;;;;;;;2008-04-18;;;;
FIIM;43.210.658/0001-30;SAFRA ETF MULHERES NA LIDERANÇA FUNDO DE ÍNDICE DE AÇÕES;2023-07-31;504874;76610257.62;AÇÕES;Ação ordinária;N;Para negociação;0.00;0.00;0.00;0.00;14900.00;355961.00;;2023-10-29;ENBR3;;;;;;;;2005-07-13;;;;
FIIM;43.210.658/0001-30;SAFRA ETF MULHERES NA LIDERANÇA FUNDO DE ÍNDICE DE AÇÕES;2023-07-31;504874;76610257.62;AÇÕES;Ação ordinária;N;Para negociação;0.00;0.00;0.00;0.00;4256.00;142448.32;;2023-10-29;SMTO3;;;;;;;;2007-02-12;;;;
FIIM;43.210.658/0001-30;SAFRA ETF MULHERES NA LIDERANÇA FUNDO DE ÍNDICE DE AÇÕES;2023-07-31;504874;76610257.62;AÇÕES;Ação ordinária;N;Para negociação;0.00;0.00;0.00;0.00;28171.00;60849.36;;2023-10-29;VIIA3;;;;;;;;2021-08-16;;;;
FIIM;43.210.658/0001-30;SAFRA ETF MULHERES NA LIDERANÇA FUNDO DE ÍNDICE DE AÇÕES;2023-07-31;504874;76610257.62;AÇÕES;Ação ordinária;N;Para negociação;0.00;0.00;0.00;0.00;81342.00;3247172.64;;2023-10-29;WEGE3;;;;;;;;2004-08-02;;;;
FIIM;43.210.658/0001-30;SAFRA ETF MULHERES NA LIDERANÇA FUNDO DE ÍNDICE DE AÇÕES;2023-07-31;504874;76610257.62;AÇÕES;Ação ordinária;N;Para negociação;0.00;0.00;0.00;0.00;19000.00;225720.00;;2023-10-29;AESB3;;;;;;;;2021-08-10;;;;
FIIM;43.210.658/0001-30;SAFRA ETF MULHERES NA LIDERANÇA FUNDO DE ÍNDICE DE AÇÕES;2023-07-31;504874;76610257.62;AÇÕES;Ação ordinária;N;Para negociação;0.00;0.00;0.00;0.00;27931.00;1345994.89;;2023-10-29;BBAS3;;;;;;;;1997-09-30;;;;
FIIM;43.210.658/0001-30;SAFRA ETF MULHERES NA LIDERANÇA FUNDO DE ÍNDICE DE AÇÕES;2023-07-31;504874;76610257.62;AÇÕES;Ação ordinária;N;Para negociação;0.00;0.00;0.00;0.00;2800.00;15960.00;;2023-10-29;CEAB3;;;;;;;;2019-10-28;;;;
FIIM;43.210.658/0001-30;SAFRA ETF MULHERES NA LIDERANÇA FUNDO DE ÍNDICE DE AÇÕES;2023-07-31;504874;76610257.62;AÇÕES;Ação ordinária;N;Para negociação;0.00;0.00;0.00;0.00;3890.00;320536.00;;2023-10-29;ARZZ3;;;;;;;;2011-02-02;;;;
FIIM;43.210.658/0001-30;SAFRA ETF MULHERES NA LIDERANÇA FUNDO DE ÍNDICE DE AÇÕES;2023-07-31;504874;76610257.62;AÇÕES;Ação ordinária;N;Para negociação;0.00;0.00;0.00;0.00;3800.00;158574.00;;2023-10-29;MDIA3;;;;;;;;2006-10-18;;;;
FIIM;43.210.658/0001-30;SAFRA ETF MULHERES NA LIDERANÇA FUNDO DE ÍNDICE DE AÇÕES;2023-07-31;504874;76610257.62;AÇÕES;Ação ordinária;N;Para negociação;0.00;0.00;0.00;0.00;8400.00;44520.00;;2023-10-29;CBAV3;;;;;;;;2021-07-15;;;;
FIIM;43.210.658/0001-30;SAFRA ETF MULHERES NA LIDERANÇA FUNDO DE ÍNDICE DE AÇÕES;2023-07-31;504874;76610257.62;AÇÕES;Ação ordinária;N;Para negociação;0.00;0.00;0.00;0.00;32179.00;2163072.38;;2023-10-29;RENT3;;;;;;;;2005-05-23;;;;
FIIM;43.210.658/0001-30;SAFRA ETF MULHERES NA LIDERANÇA FUNDO DE ÍNDICE DE AÇÕES;2023-07-31;504874;76610257.62;AÇÕES;Ação ordinária;N;Para negociação;0.00;0.00;0.00;0.00;61500.00;1153125.00;;2023-10-29;LREN3;;;;;;;;1998-01-02;;;;
FIIM;43.210.658/0001-30;SAFRA ETF MULHERES NA LIDERANÇA FUNDO DE ÍNDICE DE AÇÕES;2023-07-31;504874;76610257.62;AÇÕES;Ação ordinária;N;Para negociação;0.00;0.00;0.00;0.00;181500.00;608025.00;;2023-10-29;MGLU3;;;;;;;;2011-05-02;;;;
FIIM;43.210.658/0001-30;SAFRA ETF MULHERES NA LIDERANÇA FUNDO DE ÍNDICE DE AÇÕES;2023-07-31;504874;76610257.62;AÇÕES;Ação ordinária;N;Para negociação;0.00;0.00;0.00;0.00;601.00;12645.04;;2023-10-29;AMBP3;;;;;;;;2020-07-13;;;;
FIIM;43.210.658/0001-30;SAFRA ETF MULHERES NA LIDERANÇA FUNDO DE ÍNDICE DE AÇÕES;2023-07-31;504874;76610257.62;AÇÕES;Ação ordinária;N;Para negociação;0.00;0.00;0.00;0.00;13913.00;193390.70;;2023-10-29;MRVE3;;;;;;;;2007-07-23;;;;
FIIM;43.210.658/0001-30;SAFRA ETF MULHERES NA LIDERANÇA FUNDO DE ÍNDICE DE AÇÕES;2023-07-31;504874;76610257.62;AÇÕES;Ação ordinária;N;Para negociação;0.00;0.00;0.00;0.00;5701.00;39907.00;;2023-10-29;PETZ3;;;;;;;;2020-09-11;;;;
FIIM;43.210.658/0001-30;SAFRA ETF MULHERES NA LIDERANÇA FUNDO DE ÍNDICE DE AÇÕES;2023-07-31;504874;76610257.62;AÇÕES;Ação ordinária;N;Para negociação;0.00;0.00;0.00;0.00;43697.00;1265902.09;;2023-10-29;RADL3;;;;;;;;2011-12-19;;;;
FIIM;43.210.658/0001-30;SAFRA ETF MULHERES NA LIDERANÇA FUNDO DE ÍNDICE DE AÇÕES;2023-07-31;504874;76610257.62;AÇÕES;Ação ordinária;N;Para negociação;0.00;0.00;0.00;0.00;15511.00;222427.74;;2023-10-29;TIMS3;;;;;;;;2020-10-13;;;;
FIIM;43.210.658/0001-30;SAFRA ETF MULHERES NA LIDERANÇA FUNDO DE ÍNDICE DE AÇÕES;2023-07-31;504874;76610257.62;AÇÕES;Ação ordinária;N;Para negociação;0.00;0.00;0.00;0.00;7937.00;58813.17;;2023-10-29;LWSA3;;;;;;;;2020-02-06;;;;
FIIM;43.210.658/0001-30;SAFRA ETF MULHERES NA LIDERANÇA FUNDO DE ÍNDICE DE AÇÕES;2023-07-31;504874;76610257.62;AÇÕES;Ação ordinária;N;Para negociação;0.00;0.00;0.00;0.00;64070.00;851490.30;;2023-10-29;CCRO3;;;;;;;;2002-02-01;;;;
FIIM;43.210.658/0001-30;SAFRA ETF MULHERES NA LIDERANÇA FUNDO DE ÍNDICE DE AÇÕES;2023-07-31;504874;76610257.62;AÇÕES;Ação ordinária;N;Para negociação;0.00;0.00;0.00;0.00;25095.00;1056750.45;;2023-10-29;VIVT3;;;;;;;;2011-10-06;;;;
FIIM;43.210.658/0001-30;SAFRA ETF MULHERES NA LIDERANÇA FUNDO DE ÍNDICE DE AÇÕES;2023-07-31;504874;76610257.62;AÇÕES;Ação ordinária;N;Para negociação;0.00;0.00;0.00;0.00;18300.00;256200.00;;2023-10-29;AURE3;;;;;;;;2022-03-28;;;;
FIIM;43.210.658/0001-30;SAFRA ETF MULHERES NA LIDERANÇA FUNDO DE ÍNDICE DE AÇÕES;2023-07-31;504874;76610257.62;AÇÕES;Ação ordinária;N;Para negociação;0.00;0.00;0.00;0.00;21999.00;1278141.90;;2023-10-29;SBSP3;;;;;;;;1998-02-11;;;;
FIIM;43.210.658/0001-30;SAFRA ETF MULHERES NA LIDERANÇA FUNDO DE ÍNDICE DE AÇÕES;2023-07-31;504874;76610257.62;AÇÕES;Ação ordinária;N;Para negociação;0.00;0.00;0.00;0.00;6300.00;185220.00;;2023-10-29;VIVA3;;;;;;;;2019-10-10;;;;
FIIM;43.210.658/0001-30;SAFRA ETF MULHERES NA LIDERANÇA FUNDO DE ÍNDICE DE AÇÕES;2023-07-31;504874;76610257.62;AÇÕES;Ação ordinária;N;Para negociação;0.00;0.00;0.00;0.00;31900.00;344201.00;;2023-10-29;CXSE3;;;;;;;;2021-04-29;;;;
FIIM;43.210.658/0001-30;SAFRA ETF MULHERES NA LIDERANÇA FUNDO DE ÍNDICE DE AÇÕES;2023-07-31;504874;76610257.62;AÇÕES;Ação ordinária;N;Para negociação;0.00;0.00;0.00;0.00;5187.00;43415.19;;2023-10-29;DXCO3;;;;;;;;2021-08-19;;;;
FIIM;43.210.658/0001-30;SAFRA ETF MULHERES NA LIDERANÇA FUNDO DE ÍNDICE DE AÇÕES;2023-07-31;504874;76610257.62;AÇÕES;Ação ordinária;N;Para negociação;0.00;0.00;0.00;0.00;3361.00;96225.43;;2023-10-29;PSSA3;;;;;;;;2004-11-22;;;;
FIIM;43.210.658/0001-30;SAFRA ETF MULHERES NA LIDERANÇA FUNDO DE ÍNDICE DE AÇÕES;2023-07-31;504874;76610257.62;AÇÕES;Ação ordinária;N;Para negociação;0.00;0.00;0.00;0.00;23860.00;554506.40;;2023-10-29;RAIL3;;;;;;;;2017-03-13;;;;
FIIM;43.210.658/0001-30;SAFRA ETF MULHERES NA LIDERANÇA FUNDO DE ÍNDICE DE AÇÕES;2023-07-31;504874;76610257.62;AÇÕES;Ação ordinária;N;Para negociação;0.00;0.00;0.00;0.00;34798.00;635759.46;;2023-10-29;NTCO3;;;;;;;;2019-12-18;;;;
FIIM;43.210.658/0001-30;SAFRA ETF MULHERES NA LIDERANÇA FUNDO DE ÍNDICE DE AÇÕES;2023-07-31;504874;76610257.62;AÇÕES;Ação ordinária;N;Para negociação;0.00;0.00;0.00;0.00;44500.00;2139115.00;;2023-10-29;SUZB3;;;;;;;;2004-08-05;;;;
FIIM;43.210.658/0001-30;SAFRA ETF MULHERES NA LIDERANÇA FUNDO DE ÍNDICE DE AÇÕES;2023-07-31;504874;76610257.62;AÇÕES;Ação ordinária;N;Para negociação;0.00;0.00;0.00;0.00;30000.00;411600.00;;2023-10-29;CRFB3;;;;;;;;2017-07-20;;;;
FIIM;43.210.658/0001-30;SAFRA ETF MULHERES NA LIDERANÇA FUNDO DE ÍNDICE DE AÇÕES;2023-07-31;504874;76610257.62;AÇÕES;Ação ordinária;N;Para negociação;0.00;0.00;0.00;0.00;14400.00;173376.00;;2023-10-29;ONCO3;;;;;;;;2021-08-10;;;;
FIIM;43.210.658/0001-30;SAFRA ETF MULHERES NA LIDERANÇA FUNDO DE ÍNDICE DE AÇÕES;2023-07-31;504874;76610257.62;AÇÕES;Ação ordinária;N;Para negociação;0.00;0.00;0.00;0.00;67300.00;317656.00;;2023-10-29;CIEL3;;;;;;;;2009-12-18;;;;
FIIM;43.210.658/0001-30;SAFRA ETF MULHERES NA LIDERANÇA FUNDO DE ÍNDICE DE AÇÕES;2023-07-31;504874;76610257.62;AÇÕES;Ação preferencial;N;Para negociação;0.00;0.00;0.00;0.00;3571.00;34388.73;;2023-10-29;GOLL4;;;;;;;;2004-06-24;;;;
FIIM;43.210.658/0001-30;SAFRA ETF MULHERES NA LIDERANÇA FUNDO DE ÍNDICE DE AÇÕES;2023-07-31;504874;76610257.62;AÇÕES;Ação preferencial;N;Para negociação;0.00;0.00;0.00;0.00;102532.00;1006864.24;;2023-10-29;ITSA4;;;;;;;;1998-03-04;;;;
FIIM;43.210.658/0001-30;SAFRA ETF MULHERES NA LIDERANÇA FUNDO DE ÍNDICE DE AÇÕES;2023-07-31;504874;76610257.62;AÇÕES;Ação preferencial;N;Para negociação;0.00;0.00;0.00;0.00;3400.00;63580.00;;2023-10-29;ABCB4;;;;;;;;2007-07-25;;;;
FIIM;43.210.658/0001-30;SAFRA ETF MULHERES NA LIDERANÇA FUNDO DE ÍNDICE DE AÇÕES;2023-07-31;504874;76610257.62;AÇÕES;Ação preferencial;N;Para negociação;0.00;0.00;0.00;0.00;22141.00;92106.56;;2023-10-29;RAIZ4;;;;;;;;2021-08-05;;;;
FIIM;43.210.658/0001-30;SAFRA ETF MULHERES NA LIDERANÇA FUNDO DE ÍNDICE DE AÇÕES;2023-07-31;504874;76610257.62;AÇÕES;Ação preferencial;N;Para negociação;0.00;0.00;0.00;0.00;2200.00;111650.00;;2023-10-29;FESA4;;;;;;;;1997-05-02;;;;
FIIM;43.210.658/0001-30;SAFRA ETF MULHERES NA LIDERANÇA FUNDO DE ÍNDICE DE AÇÕES;2023-07-31;504874;76610257.62;AÇÕES;Ação preferencial;N;Para negociação;0.00;0.00;0.00;0.00;9800.00;121912.00;;2023-10-29;RAPT4;;;;;;;;1996-04-16;;;;
FIIM;43.210.658/0001-30;SAFRA ETF MULHERES NA LIDERANÇA FUNDO DE ÍNDICE DE AÇÕES;2023-07-31;504874;76610257.62;AÇÕES;Ação preferencial;N;Para negociação;0.00;0.00;0.00;0.00;8300.00;146910.00;;2023-10-29;AZUL4;;;;;;;;2017-04-11;;;;
FIIM;43.210.658/0001-30;SAFRA ETF MULHERES NA LIDERANÇA FUNDO DE ÍNDICE DE AÇÕES;2023-07-31;504874;76610257.62;AÇÕES;Ação preferencial;N;Para negociação;0.00;0.00;0.00;0.00;39481.00;1228253.91;;2023-10-29;PETR4;;;;;;;;1997-03-24;;;;
FIIM;43.210.658/0001-30;SAFRA ETF MULHERES NA LIDERANÇA FUNDO DE ÍNDICE DE AÇÕES;2023-07-31;504874;76610257.62;TÍTULOS PÚBLICOS;;N;Para negociação;0.00;0.00;0.00;0.00;10.00;135864.12;;;;;2023-09-01;;;;;210100;;;;;
FIIM;43.210.658/0001-30;SAFRA ETF MULHERES NA LIDERANÇA FUNDO DE ÍNDICE DE AÇÕES;2023-07-31;504874;76610257.62;AÇÕES E OUTROS TVM CEDIDOS EM EMPRÉSTIMO;Ação ordinária;N;Para negociação;;;;;100.00;1188.00;;2023-10-29;AESB3;;;;;;;;2021-08-10;;;;
FIIM;43.210.658/0001-30;SAFRA ETF MULHERES NA LIDERANÇA FUNDO DE ÍNDICE DE AÇÕES;2023-07-31;504874;76610257.62;AÇÕES E OUTROS TVM CEDIDOS EM EMPRÉSTIMO;Ação ordinária;N;Para negociação;;;;;17963.00;133105.83;;2023-10-29;LWSA3;;;;;;;;2020-02-06;;;;
FIIM;43.210.658/0001-30;SAFRA ETF MULHERES NA LIDERANÇA FUNDO DE ÍNDICE DE AÇÕES;2023-07-31;504874;76610257.62;AÇÕES E OUTROS TVM CEDIDOS EM EMPRÉSTIMO;Ação ordinária;N;Para negociação;;;;;55440.00;1288425.60;;2023-10-29;RAIL3;;;;;;;;2017-03-13;;;;
FIIM;43.210.658/0001-30;SAFRA ETF MULHERES NA LIDERANÇA FUNDO DE ÍNDICE DE AÇÕES;2023-07-31;504874;76610257.62;AÇÕES E OUTROS TVM CEDIDOS EM EMPRÉSTIMO;Ação ordinária;N;Para negociação;;;;;26365.00;391783.90;;2023-10-29;ABEV3;;;;;;;;2013-11-11;;;;
FIIM;43.210.658/0001-30;SAFRA ETF MULHERES NA LIDERANÇA FUNDO DE ÍNDICE DE AÇÕES;2023-07-31;504874;76610257.62;AÇÕES E OUTROS TVM CEDIDOS EM EMPRÉSTIMO;Ação ordinária;N;Para negociação;;;;;888.00;14305.68;;2023-10-29;FLRY3;;;;;;;;2009-12-17;;;;
FIIM;43.210.658/0001-30;SAFRA ETF MULHERES NA LIDERANÇA FUNDO DE ÍNDICE DE AÇÕES;2023-07-31;504874;76610257.62;AÇÕES E OUTROS TVM CEDIDOS EM EMPRÉSTIMO;Ação ordinária;N;Para negociação;;;;;38642.00;1119458.74;;2023-10-29;RADL3;;;;;;;;2011-12-19;;;;
FIIM;43.210.658/0001-30;SAFRA ETF MULHERES NA LIDERANÇA FUNDO DE ÍNDICE DE AÇÕES;2023-07-31;504874;76610257.62;AÇÕES E OUTROS TVM CEDIDOS EM EMPRÉSTIMO;Ação ordinária;N;Para negociação;;;;;209810.00;3126169.00;;2023-10-29;B3SA3;;;;;;;;2018-03-26;;;;
FIIM;43.210.658/0001-30;SAFRA ETF MULHERES NA LIDERANÇA FUNDO DE ÍNDICE DE AÇÕES;2023-07-31;504874;76610257.62;AÇÕES E OUTROS TVM CEDIDOS EM EMPRÉSTIMO;Ação ordinária;N;Para negociação;;;;;36189.00;518950.26;;2023-10-29;TIMS3;;;;;;;;2020-10-13;;;;
FIIM;43.210.658/0001-30;SAFRA ETF MULHERES NA LIDERANÇA FUNDO DE ÍNDICE DE AÇÕES;2023-07-31;504874;76610257.62;AÇÕES E OUTROS TVM CEDIDOS EM EMPRÉSTIMO;Ação ordinária;N;Para negociação;;;;;15658.00;625067.36;;2023-10-29;WEGE3;;;;;;;;2004-08-02;;;;
FIIM;43.210.658/0001-30;SAFRA ETF MULHERES NA LIDERANÇA FUNDO DE ÍNDICE DE AÇÕES;2023-07-31;504874;76610257.62;AÇÕES E OUTROS TVM CEDIDOS EM EMPRÉSTIMO;Ação ordinária;N;Para negociação;;;;;800.00;3848.00;;2023-10-29;ANIM3;;;;;;;;2013-10-28;;;;
FIIM;43.210.658/0001-30;SAFRA ETF MULHERES NA LIDERANÇA FUNDO DE ÍNDICE DE AÇÕES;2023-07-31;504874;76610257.62;AÇÕES E OUTROS TVM CEDIDOS EM EMPRÉSTIMO;Ação ordinária;N;Para negociação;;;;;10000.00;228600.00;;2023-10-29;SMFT3;;;;;;;;2018-02-26;;;;
FIIM;43.210.658/0001-30;SAFRA ETF MULHERES NA LIDERANÇA FUNDO DE ÍNDICE DE AÇÕES;2023-07-31;504874;76610257.62;AÇÕES E OUTROS TVM CEDIDOS EM EMPRÉSTIMO;Ação ordinária;N;Para negociação;;;;;48849.00;163644.15;;2023-10-29;COGN3;;;;;;;;2019-10-11;;;;
FIIM;43.210.658/0001-30;SAFRA ETF MULHERES NA LIDERANÇA FUNDO DE ÍNDICE DE AÇÕES;2023-07-31;504874;76610257.62;AÇÕES E OUTROS TVM CEDIDOS EM EMPRÉSTIMO;Ação ordinária;N;Para negociação;;;;;13400.00;267196.00;;2023-10-29;CSAN3;;;;;;;;2005-11-18;;;;
FIIM;43.210.658/0001-30;SAFRA ETF MULHERES NA LIDERANÇA FUNDO DE ÍNDICE DE AÇÕES;2023-07-31;504874;76610257.62;AÇÕES E OUTROS TVM CEDIDOS EM EMPRÉSTIMO;Ação ordinária;N;Para negociação;;;;;65729.00;141974.64;;2023-10-29;VIIA3;;;;;;;;2021-08-16;;;;
FIIM;43.210.658/0001-30;SAFRA ETF MULHERES NA LIDERANÇA FUNDO DE ÍNDICE DE AÇÕES;2023-07-31;504874;76610257.62;AÇÕES E OUTROS TVM CEDIDOS EM EMPRÉSTIMO;Ação ordinária;N;Para negociação;;;;;65169.00;3140494.11;;2023-10-29;BBAS3;;;;;;;;1997-09-30;;;;
FIIM;43.210.658/0001-30;SAFRA ETF MULHERES NA LIDERANÇA FUNDO DE ÍNDICE DE AÇÕES;2023-07-31;504874;76610257.62;AÇÕES E OUTROS TVM CEDIDOS EM EMPRÉSTIMO;Ação ordinária;N;Para negociação;;;;;13299.00;93093.00;;2023-10-29;PETZ3;;;;;;;;2020-09-11;;;;
FIIM;43.210.658/0001-30;SAFRA ETF MULHERES NA LIDERANÇA FUNDO DE ÍNDICE DE AÇÕES;2023-07-31;504874;76610257.62;AÇÕES E OUTROS TVM CEDIDOS EM EMPRÉSTIMO;Ação ordinária;N;Para negociação;;;;;2205.00;92852.55;;2023-10-29;VIVT3;;;;;;;;2011-10-06;;;;
FIIM;43.210.658/0001-30;SAFRA ETF MULHERES NA LIDERANÇA FUNDO DE ÍNDICE DE AÇÕES;2023-07-31;504874;76610257.62;AÇÕES E OUTROS TVM CEDIDOS EM EMPRÉSTIMO;Ação ordinária;N;Para negociação;;;;;10.00;824.00;;2023-10-29;ARZZ3;;;;;;;;2011-02-02;;;;
FIIM;43.210.658/0001-30;SAFRA ETF MULHERES NA LIDERANÇA FUNDO DE ÍNDICE DE AÇÕES;2023-07-31;504874;76610257.62;AÇÕES E OUTROS TVM CEDIDOS EM EMPRÉSTIMO;Ação ordinária;N;Para negociação;;;;;1399.00;29434.96;;2023-10-29;AMBP3;;;;;;;;2020-07-13;;;;
FIIM;43.210.658/0001-30;SAFRA ETF MULHERES NA LIDERANÇA FUNDO DE ÍNDICE DE AÇÕES;2023-07-31;504874;76610257.62;AÇÕES E OUTROS TVM CEDIDOS EM EMPRÉSTIMO;Ação ordinária;N;Para negociação;;;;;668.00;23253.08;;2023-10-29;PETR3;;;;;;;;1997-03-24;;;;
FIIM;43.210.658/0001-30;SAFRA ETF MULHERES NA LIDERANÇA FUNDO DE ÍNDICE DE AÇÕES;2023-07-31;504874;76610257.62;AÇÕES E OUTROS TVM CEDIDOS EM EMPRÉSTIMO;Ação ordinária;N;Para negociação;;;;;700.00;20699.00;;2023-10-29;TOTS3;;;;;;;;2006-03-09;;;;
FIIM;43.210.658/0001-30;SAFRA ETF MULHERES NA LIDERANÇA FUNDO DE ÍNDICE DE AÇÕES;2023-07-31;504874;76610257.62;AÇÕES E OUTROS TVM CEDIDOS EM EMPRÉSTIMO;Ação ordinária;N;Para negociação;;;;;1.00;58.10;;2023-10-29;SBSP3;;;;;;;;1998-02-11;;;;
FIIM;43.210.658/0001-30;SAFRA ETF MULHERES NA LIDERANÇA FUNDO DE ÍNDICE DE AÇÕES;2023-07-31;504874;76610257.62;AÇÕES E OUTROS TVM CEDIDOS EM EMPRÉSTIMO;Ação ordinária;N;Para negociação;;;;;17459.00;196239.16;;2023-10-29;SOMA3;;;;;;;;2020-07-31;;;;
FIIM;43.210.658/0001-30;SAFRA ETF MULHERES NA LIDERANÇA FUNDO DE ÍNDICE DE AÇÕES;2023-07-31;504874;76610257.62;AÇÕES E OUTROS TVM CEDIDOS EM EMPRÉSTIMO;Ação ordinária;N;Para negociação;;;;;31121.00;2091953.62;;2023-10-29;RENT3;;;;;;;;2005-05-23;;;;
FIIM;43.210.658/0001-30;SAFRA ETF MULHERES NA LIDERANÇA FUNDO DE ÍNDICE DE AÇÕES;2023-07-31;504874;76610257.62;AÇÕES E OUTROS TVM CEDIDOS EM EMPRÉSTIMO;Ação ordinária;N;Para negociação;;;;;19202.00;350820.54;;2023-10-29;NTCO3;;;;;;;;2019-12-18;;;;
FIIM;43.210.658/0001-30;SAFRA ETF MULHERES NA LIDERANÇA FUNDO DE ÍNDICE DE AÇÕES;2023-07-31;504874;76610257.62;AÇÕES E OUTROS TVM CEDIDOS EM EMPRÉSTIMO;Ação ordinária;N;Para negociação;;;;;30.00;398.70;;2023-10-29;CCRO3;;;;;;;;2002-02-01;;;;
FIIM;43.210.658/0001-30;SAFRA ETF MULHERES NA LIDERANÇA FUNDO DE ÍNDICE DE AÇÕES;2023-07-31;504874;76610257.62;AÇÕES E OUTROS TVM CEDIDOS EM EMPRÉSTIMO;Ação ordinária;N;Para negociação;;;;;47599.00;211815.55;;2023-10-29;CMIN3;;;;;;;;2021-05-03;;;;
FIIM;43.210.658/0001-30;SAFRA ETF MULHERES NA LIDERANÇA FUNDO DE ÍNDICE DE AÇÕES;2023-07-31;504874;76610257.62;AÇÕES E OUTROS TVM CEDIDOS EM EMPRÉSTIMO;Ação ordinária;N;Para negociação;;;;;12101.00;101285.37;;2023-10-29;DXCO3;;;;;;;;2021-08-19;;;;
FIIM;43.210.658/0001-30;SAFRA ETF MULHERES NA LIDERANÇA FUNDO DE ÍNDICE DE AÇÕES;2023-07-31;504874;76610257.62;AÇÕES E OUTROS TVM CEDIDOS EM EMPRÉSTIMO;Ação ordinária;N;Para negociação;;;;;7839.00;224430.57;;2023-10-29;PSSA3;;;;;;;;2004-11-22;;;;
FIIM;43.210.658/0001-30;SAFRA ETF MULHERES NA LIDERANÇA FUNDO DE ÍNDICE DE AÇÕES;2023-07-31;504874;76610257.62;AÇÕES E OUTROS TVM CEDIDOS EM EMPRÉSTIMO;Ação ordinária;N;Para negociação;;;;;9514.00;178672.92;;2023-10-29;JBSS3;;;;;;;;2007-03-29;;;;
FIIM;43.210.658/0001-30;SAFRA ETF MULHERES NA LIDERANÇA FUNDO DE ÍNDICE DE AÇÕES;2023-07-31;504874;76610257.62;AÇÕES E OUTROS TVM CEDIDOS EM EMPRÉSTIMO;Ação ordinária;N;Para negociação;;;;;1800.00;60372.00;;2023-10-29;EQTL3;;;;;;;;2006-04-03;;;;
FIIM;43.210.658/0001-30;SAFRA ETF MULHERES NA LIDERANÇA FUNDO DE ÍNDICE DE AÇÕES;2023-07-31;504874;76610257.62;AÇÕES E OUTROS TVM CEDIDOS EM EMPRÉSTIMO;Ação ordinária;N;Para negociação;;;;;4387.00;60979.30;;2023-10-29;MRVE3;;;;;;;;2007-07-23;;;;
FIIM;43.210.658/0001-30;SAFRA ETF MULHERES NA LIDERANÇA FUNDO DE ÍNDICE DE AÇÕES;2023-07-31;504874;76610257.62;AÇÕES E OUTROS TVM CEDIDOS EM EMPRÉSTIMO;Ação ordinária;N;Para negociação;;;;;4544.00;152087.68;;2023-10-29;SMTO3;;;;;;;;2007-02-12;;;;
FIIM;43.210.658/0001-30;SAFRA ETF MULHERES NA LIDERANÇA FUNDO DE ÍNDICE DE AÇÕES;2023-07-31;504874;76610257.62;AÇÕES E OUTROS TVM CEDIDOS EM EMPRÉSTIMO;Ação ordinária;N;Para negociação;;;;;3000.00;41160.00;;2023-10-29;CRFB3;;;;;;;;2017-07-20;;;;
FIIM;43.210.658/0001-30;SAFRA ETF MULHERES NA LIDERANÇA FUNDO DE ÍNDICE DE AÇÕES;2023-07-31;504874;76610257.62;AÇÕES E OUTROS TVM CEDIDOS EM EMPRÉSTIMO;Ação preferencial;N;Para negociação;;;;;7829.00;75393.27;;2023-10-29;GOLL4;;;;;;;;2004-06-24;;;;
FIIM;43.210.658/0001-30;SAFRA ETF MULHERES NA LIDERANÇA FUNDO DE ÍNDICE DE AÇÕES;2023-07-31;504874;76610257.62;AÇÕES E OUTROS TVM CEDIDOS EM EMPRÉSTIMO;Ação preferencial;N;Para negociação;;;;;12200.00;215940.00;;2023-10-29;AZUL4;;;;;;;;2017-04-11;;;;
FIIM;43.210.658/0001-30;SAFRA ETF MULHERES NA LIDERANÇA FUNDO DE ÍNDICE DE AÇÕES;2023-07-31;504874;76610257.62;AÇÕES E OUTROS TVM CEDIDOS EM EMPRÉSTIMO;Ação preferencial;N;Para negociação;;;;;51659.00;214901.44;;2023-10-29;RAIZ4;;;;;;;;2021-08-05;;;;
FIIM;43.210.658/0001-30;SAFRA ETF MULHERES NA LIDERANÇA FUNDO DE ÍNDICE DE AÇÕES;2023-07-31;504874;76610257.62;AÇÕES E OUTROS TVM CEDIDOS EM EMPRÉSTIMO;Ação preferencial;N;Para negociação;;;;;238776.00;2344780.32;;2023-10-29;ITSA4;;;;;;;;1998-03-04;;;;
FIIM;43.210.658/0001-30;SAFRA ETF MULHERES NA LIDERANÇA FUNDO DE ÍNDICE DE AÇÕES;2023-07-31;504874;76610257.62;AÇÕES E OUTROS TVM CEDIDOS EM EMPRÉSTIMO;Ação preferencial;N;Para negociação;;;;;92119.00;2865822.09;;2023-10-29;PETR4;;;;;;;;1997-03-24;;;;
FIIM;43.210.658/0001-30;SAFRA ETF MULHERES NA LIDERANÇA FUNDO DE ÍNDICE DE AÇÕES;2023-07-31;504874;76610257.62;AÇÕES E OUTROS TVM CEDIDOS EM EMPRÉSTIMO;Certificado de depósito de ações;N;Para negociação;;;;;30.00;656.40;;2023-10-29;IGTI11;;;;;;;;2021-11-22;;;;
FIIM;43.210.658/0001-30;SAFRA ETF MULHERES NA LIDERANÇA FUNDO DE ÍNDICE DE AÇÕES;2023-07-31;504874;76610257.62;AÇÕES E OUTROS TVM CEDIDOS EM EMPRÉSTIMO;Certificado de depósito de ações;N;Para negociação;;;;;11929.00;340692.24;;2023-10-29;SANB11;;;;;;;;2009-10-07;;;;
FIIM;43.210.658/0001-30;SAFRA ETF MULHERES NA LIDERANÇA FUNDO DE ÍNDICE DE AÇÕES;2023-07-31;504874;76610257.62;OPERAÇÕES COMPROMISSADAS;;N;Para negociação;;;;;23.00;299315.10;;;;;2029-03-01;;;;;210100;;;;;
FIIM;43.210.658/0001-30;SAFRA ETF MULHERES NA LIDERANÇA FUNDO DE ÍNDICE DE AÇÕES;2023-07-31;504874;76610257.62;CERTIFICADO OU RECIBO DE DEPÓSITO DE VALORES MOBILIÁRIOS;Certificado de depósito de ações;N;Para negociação;0.00;0.00;0.00;0.00;13270.00;290347.60;;2023-10-29;IGTI11;;;;;;;;2021-11-22;;;;
FIIM;43.210.658/0001-30;SAFRA ETF MULHERES NA LIDERANÇA FUNDO DE ÍNDICE DE AÇÕES;2023-07-31;504874;76610257.62;CERTIFICADO OU RECIBO DE DEPÓSITO DE VALORES MOBILIÁRIOS;Certificado de depósito de ações;N;Para negociação;0.00;0.00;0.00;0.00;45500.00;1046500.00;;2023-10-29;KLBN11;;;;;;;;2014-01-10;;;;
FIIM;43.210.658/0001-30;SAFRA ETF MULHERES NA LIDERANÇA FUNDO DE ÍNDICE DE AÇÕES;2023-07-31;504874;76610257.62;CERTIFICADO OU RECIBO DE DEPÓSITO DE VALORES MOBILIÁRIOS;Certificado de depósito de ações;N;Para negociação;0.00;0.00;0.00;0.00;18700.00;938553.00;;2023-10-29;ENGI11;;;;;;;;2009-11-03;;;;
FIIM;43.210.658/0001-30;SAFRA ETF MULHERES NA LIDERANÇA FUNDO DE ÍNDICE DE AÇÕES;2023-07-31;504874;76610257.62;CERTIFICADO OU RECIBO DE DEPÓSITO DE VALORES MOBILIÁRIOS;Certificado de depósito de ações;N;Para negociação;0.00;0.00;0.00;0.00;9971.00;284771.76;;2023-10-29;SANB11;;;;;;;;2009-10-07;;;;
FIIM;43.216.061/0001-01;INVESTO BLOOMBERG US BOND ETF FUNDO DE INVESTIMENTO DE ÍNDICE - INVESTIMENTO NO EXTERIO?R?;2023-07-31;502178;5092872.82;COTAS DE FUNDOS;;N;;12.43;1522.31;16.07;1975.48;49.47;6082.53;;;;;;PJ;43105440000116;BNP Paribas Soberano II FIC FI RF Simples;;;;;;;
FIIM;43.216.095/0001-98;INVESTO BLOOMBERG GLOBAL BOND ETF FUNDO DE INVESTIMENTO DE ÍNDICE - INVESTIMENTO NO EXTERIOR;2023-07-31;502177;2568743.14;COTAS DE FUNDOS;;N;;5.12;629.20;61.07;7451.33;60.37;7423.25;;;;;;PJ;43105440000116;BNP Paribas Soberano II FIC FI RF Simples;;;;;;;
FIIM;43.391.410/0001-13;BTG PACTUAL TEVA AÇÕES COMMODITIES BRASIL FUNDO DE ÍNDICE;2023-07-31;499687;15682346.72;AÇÕES;Ação ordinária;N;Para negociação;0.00;0.00;996.00;21951.16;29121.00;669783.00;;;;KLBN11;;PJ;89637490000145;KLABIN SA;;;;;;;
FIIM;43.391.410/0001-13;BTG PACTUAL TEVA AÇÕES COMMODITIES BRASIL FUNDO DE ÍNDICE;2023-07-31;499687;15682346.72;AÇÕES;Ação ordinária;N;Para negociação;962.00;36575.24;0.00;0.00;33238.00;1516317.56;;;PRIO3;;;;;;;;2015-06-26;;;;
FIIM;43.391.410/0001-13;BTG PACTUAL TEVA AÇÕES COMMODITIES BRASIL FUNDO DE ÍNDICE;2023-07-31;499687;15682346.72;AÇÕES;Ação ordinária;N;Para negociação;0.00;0.00;160.00;3166.40;11435.00;262890.65;;;RECV3;;;;;;;;2021-05-05;;;;
FIIM;43.391.410/0001-13;BTG PACTUAL TEVA AÇÕES COMMODITIES BRASIL FUNDO DE ÍNDICE;2023-07-31;499687;15682346.72;AÇÕES;Ação ordinária;N;Para negociação;0.00;0.00;781.00;10513.88;3992.00;55688.40;;;ENAT3;;;;;;;;2019-04-24;;;;
FIIM;43.391.410/0001-13;BTG PACTUAL TEVA AÇÕES COMMODITIES BRASIL FUNDO DE ÍNDICE;2023-07-31;499687;15682346.72;AÇÕES;Ação ordinária;N;Para negociação;0.00;0.00;47.00;1178.76;96.00;2487.36;;;AGRO3;;;;;;;;2006-05-02;;;;
FIIM;43.391.410/0001-13;BTG PACTUAL TEVA AÇÕES COMMODITIES BRASIL FUNDO DE ÍNDICE;2023-07-31;499687;15682346.72;AÇÕES;Ação ordinária;N;Para negociação;0.00;0.00;0.00;0.00;4704.00;59505.60;;;TTEN3;;;;;;;;2021-07-12;;;;
FIIM;43.391.410/0001-13;BTG PACTUAL TEVA AÇÕES COMMODITIES BRASIL FUNDO DE ÍNDICE;2023-07-31;499687;15682346.72;AÇÕES;Ação ordinária;N;Para negociação;83.00;3217.91;0.00;0.00;4230.00;184639.50;;;SLCE3;;;;;;;;2007-06-15;;;;
FIIM;43.391.410/0001-13;BTG PACTUAL TEVA AÇÕES COMMODITIES BRASIL FUNDO DE ÍNDICE;2023-07-31;499687;15682346.72;AÇÕES;Ação ordinária;N;Para negociação;1453.00;64231.07;0.00;0.00;28172.00;1354228.04;;;SUZB3;;;;;;;;2004-08-05;;;;
FIIM;43.391.410/0001-13;BTG PACTUAL TEVA AÇÕES COMMODITIES BRASIL FUNDO DE ÍNDICE;2023-07-31;499687;15682346.72;AÇÕES;Ação ordinária;N;Para negociação;0.00;0.00;486.00;8544.74;10287.00;193189.86;;;JBSS3;;;;;;;;2007-03-29;;;;
FIIM;43.391.410/0001-13;BTG PACTUAL TEVA AÇÕES COMMODITIES BRASIL FUNDO DE ÍNDICE;2023-07-31;499687;15682346.72;AÇÕES;Ação ordinária;N;Para negociação;0.00;0.00;446.00;1882.12;43548.00;193788.60;;;CMIN3;;;;;;;;2021-05-03;;;;
FIIM;43.391.410/0001-13;BTG PACTUAL TEVA AÇÕES COMMODITIES BRASIL FUNDO DE ÍNDICE;2023-07-31;499687;15682346.72;AÇÕES;Ação ordinária;N;Para negociação;92.00;693.12;0.00;0.00;4146.00;36775.02;;;JALL3;;;;;;;;2021-07-28;;;;
FIIM;43.391.410/0001-13;BTG PACTUAL TEVA AÇÕES COMMODITIES BRASIL FUNDO DE ÍNDICE;2023-07-31;499687;15682346.72;AÇÕES;Ação ordinária;N;Para negociação;0.00;0.00;62.00;2061.50;108.00;3614.76;;;SMTO3;;;;;;;;2007-02-12;;;;
FIIM;43.391.410/0001-13;BTG PACTUAL TEVA AÇÕES COMMODITIES BRASIL FUNDO DE ÍNDICE;2023-07-31;499687;15682346.72;AÇÕES;Ação ordinária;N;Para negociação;0.00;0.00;532.00;4825.24;432.00;4216.32;;;BRFS3;;;;;;;;2009-12-10;;;;
FIIM;43.391.410/0001-13;BTG PACTUAL TEVA AÇÕES COMMODITIES BRASIL FUNDO DE ÍNDICE;2023-07-31;499687;15682346.72;AÇÕES;Ação ordinária;N;Para negociação;0.00;0.00;748.00;9088.20;6224.00;86140.16;;;CSNA3;;;;;;;;1997-12-30;;;;
FIIM;43.391.410/0001-13;BTG PACTUAL TEVA AÇÕES COMMODITIES BRASIL FUNDO DE ÍNDICE;2023-07-31;499687;15682346.72;AÇÕES;Ação ordinária;N;Para negociação;950.00;6821.00;0.00;0.00;3089.00;22920.38;;;MRFG3;;;;;;;;2007-06-28;;;;
FIIM;43.391.410/0001-13;BTG PACTUAL TEVA AÇÕES COMMODITIES BRASIL FUNDO DE ÍNDICE;2023-07-31;499687;15682346.72;AÇÕES;Ação ordinária;N;Para negociação;0.00;0.00;92.00;474.72;8012.00;42463.60;;;CBAV3;;;;;;;;2021-07-15;;;;
FIIM;43.391.410/0001-13;BTG PACTUAL TEVA AÇÕES COMMODITIES BRASIL FUNDO DE ÍNDICE;2023-07-31;499687;15682346.72;AÇÕES;Ação ordinária;N;Para negociação;0.00;0.00;0.00;0.00;1402.00;14300.40;;;RANI3;;;;;;;;1995-07-17;;;;
FIIM;43.391.410/0001-13;BTG PACTUAL TEVA AÇÕES COMMODITIES BRASIL FUNDO DE ÍNDICE;2023-07-31;499687;15682346.72;AÇÕES;Ação ordinária;N;Para negociação;0.00;0.00;9918.00;654185.00;43316.00;2995734.56;;;VALE3;;;;;;;;1997-07-24;;;;
FIIM;43.391.410/0001-13;BTG PACTUAL TEVA AÇÕES COMMODITIES BRASIL FUNDO DE ÍNDICE;2023-07-31;499687;15682346.72;AÇÕES;Ação preferencial;N;Para negociação;0.00;0.00;34.00;150.28;10.00;46.30;;;KLBN4;;;;;;;;2002-01-02;;;;
FIIM;43.391.410/0001-13;BTG PACTUAL TEVA AÇÕES COMMODITIES BRASIL FUNDO DE ÍNDICE;2023-07-31;499687;15682346.72;AÇÕES;Ação preferencial;N;Para negociação;0.00;0.00;20.00;1607.00;1319.00;106759.86;;;UNIP6;;;;;;;;1996-09-26;;;;
FIIM;43.391.410/0001-13;BTG PACTUAL TEVA AÇÕES COMMODITIES BRASIL FUNDO DE ÍNDICE;2023-07-31;499687;15682346.72;AÇÕES;Ação preferencial;N;Para negociação;2720.00;82600.80;0.00;0.00;8205.00;291687.75;;;;RRRP3;;PJ;12091809000155;3R PETROLEUM OLEO E GAS S.A.;;;;;;;
FIIM;43.391.410/0001-13;BTG PACTUAL TEVA AÇÕES COMMODITIES BRASIL FUNDO DE ÍNDICE;2023-07-31;499687;15682346.72;AÇÕES;Ação preferencial;N;Para negociação;0.00;0.00;126.00;3582.70;10396.00;264058.40;;;BRKM5;;;;;;;;2002-09-02;;;;
FIIM;43.391.410/0001-13;BTG PACTUAL TEVA AÇÕES COMMODITIES BRASIL FUNDO DE ÍNDICE;2023-07-31;499687;15682346.72;AÇÕES;Ação preferencial;N;Para negociação;0.00;0.00;120.00;1461.60;27233.00;374453.75;;;GOAU4;;;;;;;;1998-01-02;;;;
FIIM;43.391.410/0001-13;BTG PACTUAL TEVA AÇÕES COMMODITIES BRASIL FUNDO DE ÍNDICE;2023-07-31;499687;15682346.72;AÇÕES;Ação preferencial;N;Para negociação;0.00;0.00;0.00;0.00;642.00;32581.50;;;FESA4;;;;;;;;1997-05-02;;;;
FIIM;43.391.410/0001-13;BTG PACTUAL TEVA AÇÕES COMMODITIES BRASIL FUNDO DE ÍNDICE;2023-07-31;499687;15682346.72;AÇÕES;Ação preferencial;N;Para negociação;805.00;20752.90;0.00;0.00;41938.00;1226686.50;;;GGBR4;;;;;;;;2001-02-01;;;;
FIIM;43.391.410/0001-13;BTG PACTUAL TEVA AÇÕES COMMODITIES BRASIL FUNDO DE ÍNDICE;2023-07-31;499687;15682346.72;OPERAÇÕES COMPROMISSADAS;;N;Para negociação;0.00;0.00;0.00;0.00;5.00;21213.33;;;;;2026-08-15;;;;;760199;;;;;
FIIM;43.951.717/0001-21;HASHDEX SMART CONTRACT PLATFORMS FUNDO DE ÍNDICE;2023-07-31;500309;6599766.39;DISPONIBILIDADES;Outros;;Para negociação;;;;;;5486.12;;2023-10-29;;Disponibilidade;;;;;;;;;;;
FIIM;43.951.717/0001-21;HASHDEX SMART CONTRACT PLATFORMS FUNDO DE ÍNDICE;2023-07-31;500309;6599766.39;VALORES A PAGAR;Outros;;Para negociação;;;;;;13627.78;;2023-10-29;;Valores a Pagar;;;;;;;;;;;
FIIM;43.951.717/0001-21;HASHDEX SMART CONTRACT PLATFORMS FUNDO DE ÍNDICE;2023-07-31;500309;6599766.39;VALORES A RECEBER;Outros;;Para negociação;;;;;;10495.79;;2023-10-29;;Valores a Receber;;;;;;;;;;;
FIIM;43.951.717/0001-21;HASHDEX SMART CONTRACT PLATFORMS FUNDO DE ÍNDICE;2023-07-31;500309;6599766.39;INVESTIMENTO NO EXTERIOR;Outros;N;Para negociação;0.37;512.14;0.00;0.00;24.30;33729.88;;2023-10-29;HASHDEX SMA;;2050-12-29;;;HASHDEX SMART CONTRACT PLATFORMS - CLASSE C;N;;;28;ESTADOS UNIDOS DA AMÉRICA;99;OUTRAS BOLSAS OU MERCADOS DE BALCÃO ORGANIZADOS
FIIM;43.951.717/0001-21;HASHDEX SMART CONTRACT PLATFORMS FUNDO DE ÍNDICE;2023-07-31;500309;6599766.39;INVESTIMENTO NO EXTERIOR;Outros;N;Para negociação;30.00;39413.01;0.00;0.00;4725.00;6557885.83;;2023-10-29;HASHDEX SMA;;2050-12-29;;;HASHDEX SMART CONTRACT PLATFORMS - CLASSE B;N;;;28;ESTADOS UNIDOS DA AMÉRICA;99;OUTRAS BOLSAS OU MERCADOS DE BALCÃO ORGANIZADOS
FIIM;43.955.479/0001-22;INTER EQI TEVA ETF GRANDES GURUS DO MERCADO FUNDO DE ÍNDICE;2023-07-31;499696;7291646.42;AÇÕES;Ação ordinária;S;Para negociação;3000.00;97110.00;0.00;0.00;3100.00;105431.00;;;;BPAC11;;PJ;30306294000145;Banco BTG Pactual SA;;;;;;;
FIIM;43.955.479/0001-22;INTER EQI TEVA ETF GRANDES GURUS DO MERCADO FUNDO DE ÍNDICE;2023-07-31;499696;7291646.42;AÇÕES;Ação ordinária;N;Para negociação;100.00;5415.00;0.00;0.00;100.00;5810.00;;;SBSP3;;;;;;;;1998-02-11;;;;
FIIM;43.955.479/0001-22;INTER EQI TEVA ETF GRANDES GURUS DO MERCADO FUNDO DE ÍNDICE;2023-07-31;499696;7291646.42;AÇÕES;Ação ordinária;N;Para negociação;0.00;0.00;2200.00;83022.00;5300.00;241786.00;;;PRIO3;;;;;;;;2015-06-26;;;;
FIIM;43.955.479/0001-22;INTER EQI TEVA ETF GRANDES GURUS DO MERCADO FUNDO DE ÍNDICE;2023-07-31;499696;7291646.42;AÇÕES;Ação ordinária;N;Para negociação;0.00;0.00;3500.00;79271.00;6600.00;153384.00;;;RAIL3;;;;;;;;2017-03-13;;;;
FIIM;43.955.479/0001-22;INTER EQI TEVA ETF GRANDES GURUS DO MERCADO FUNDO DE ÍNDICE;2023-07-31;499696;7291646.42;AÇÕES;Ação ordinária;N;Para negociação;100.00;1424.00;3700.00;52836.00;3200.00;44800.00;;;AURE3;;;;;;;;2022-03-28;;;;
FIIM;43.955.479/0001-22;INTER EQI TEVA ETF GRANDES GURUS DO MERCADO FUNDO DE ÍNDICE;2023-07-31;499696;7291646.42;AÇÕES;Ação ordinária;N;Para negociação;300.00;7758.00;100.00;2267.00;2100.00;49917.00;;;INTB3;;;;;;;;2021-02-04;;;;
FIIM;43.955.479/0001-22;INTER EQI TEVA ETF GRANDES GURUS DO MERCADO FUNDO DE ÍNDICE;2023-07-31;499696;7291646.42;AÇÕES;Ação ordinária;N;Para negociação;100.00;3900.00;100.00;3749.00;1000.00;38470.00;;;ORVR3;;;;;;;;2021-02-17;;;;
FIIM;43.955.479/0001-22;INTER EQI TEVA ETF GRANDES GURUS DO MERCADO FUNDO DE ÍNDICE;2023-07-31;499696;7291646.42;AÇÕES;Ação ordinária;N;Para negociação;0.00;0.00;2500.00;62775.00;2954.00;71811.74;;;ALSO3;;;;;;;;2019-08-06;;;;
FIIM;43.955.479/0001-22;INTER EQI TEVA ETF GRANDES GURUS DO MERCADO FUNDO DE ÍNDICE;2023-07-31;499696;7291646.42;AÇÕES;Ação ordinária;N;Para negociação;100.00;758.00;0.00;0.00;200.00;1636.00;;;CPLE3;;;;;;;;1998-03-13;;;;
FIIM;43.955.479/0001-22;INTER EQI TEVA ETF GRANDES GURUS DO MERCADO FUNDO DE ÍNDICE;2023-07-31;499696;7291646.42;AÇÕES;Ação ordinária;N;Para negociação;3700.00;55241.00;200.00;2940.00;9300.00;138570.00;;;B3SA3;;;;;;;;2018-03-26;;;;
FIIM;43.955.479/0001-22;INTER EQI TEVA ETF GRANDES GURUS DO MERCADO FUNDO DE ÍNDICE;2023-07-31;499696;7291646.42;AÇÕES;Ação ordinária;N;Para negociação;500.00;2268.00;0.00;0.00;4600.00;20332.00;;;ZAMP3;;;;;;;;2022-10-26;;;;
FIIM;43.955.479/0001-22;INTER EQI TEVA ETF GRANDES GURUS DO MERCADO FUNDO DE ÍNDICE;2023-07-31;499696;7291646.42;AÇÕES;Ação ordinária;N;Para negociação;0.00;0.00;700.00;23350.00;3400.00;122400.00;;;RDOR3;;;;;;;;2021-06-25;;;;
FIIM;43.955.479/0001-22;INTER EQI TEVA ETF GRANDES GURUS DO MERCADO FUNDO DE ÍNDICE;2023-07-31;499696;7291646.42;AÇÕES;Ação ordinária;N;Para negociação;0.00;0.00;600.00;16524.00;900.00;23769.00;;;MULT3;;;;;;;;2007-07-27;;;;
FIIM;43.955.479/0001-22;INTER EQI TEVA ETF GRANDES GURUS DO MERCADO FUNDO DE ÍNDICE;2023-07-31;499696;7291646.42;AÇÕES;Ação ordinária;N;Para negociação;0.00;0.00;0.00;0.00;1600.00;18736.00;;;MEGA3;;;;;;;;2021-12-27;;;;
FIIM;43.955.479/0001-22;INTER EQI TEVA ETF GRANDES GURUS DO MERCADO FUNDO DE ÍNDICE;2023-07-31;499696;7291646.42;AÇÕES;Ação ordinária;N;Para negociação;0.00;0.00;400.00;7360.00;1100.00;20361.00;;;EMBR3;;;;;;;;1997-07-28;;;;
FIIM;43.955.479/0001-22;INTER EQI TEVA ETF GRANDES GURUS DO MERCADO FUNDO DE ÍNDICE;2023-07-31;499696;7291646.42;AÇÕES;Ação ordinária;N;Para negociação;0.00;0.00;0.00;0.00;100.00;3347.00;;;SMTO3;;;;;;;;2007-02-12;;;;
FIIM;43.955.479/0001-22;INTER EQI TEVA ETF GRANDES GURUS DO MERCADO FUNDO DE ÍNDICE;2023-07-31;499696;7291646.42;AÇÕES;Ação ordinária;N;Para negociação;0.00;0.00;1200.00;16912.00;1000.00;13500.00;;;BMOB3;;;;;;;;2021-02-10;;;;
FIIM;43.955.479/0001-22;INTER EQI TEVA ETF GRANDES GURUS DO MERCADO FUNDO DE ÍNDICE;2023-07-31;499696;7291646.42;AÇÕES;Ação ordinária;N;Para negociação;800.00;15624.00;0.00;0.00;3400.00;78166.00;;;RECV3;;;;;;;;2021-05-05;;;;
FIIM;43.955.479/0001-22;INTER EQI TEVA ETF GRANDES GURUS DO MERCADO FUNDO DE ÍNDICE;2023-07-31;499696;7291646.42;AÇÕES;Ação ordinária;N;Para negociação;0.00;0.00;100.00;838.00;100.00;837.00;;;DXCO3;;;;;;;;2021-08-19;;;;
FIIM;43.955.479/0001-22;INTER EQI TEVA ETF GRANDES GURUS DO MERCADO FUNDO DE ÍNDICE;2023-07-31;499696;7291646.42;AÇÕES;Ação ordinária;N;Para negociação;0.00;0.00;11600.00;92104.00;10200.00;80784.00;;;GMAT3;;;;;;;;2020-10-13;;;;
FIIM;43.955.479/0001-22;INTER EQI TEVA ETF GRANDES GURUS DO MERCADO FUNDO DE ÍNDICE;2023-07-31;499696;7291646.42;AÇÕES;Ação ordinária;N;Para negociação;0.00;0.00;4300.00;8318.00;3700.00;6253.00;;;IFCM3;;;;;;;;2021-05-04;;;;
FIIM;43.955.479/0001-22;INTER EQI TEVA ETF GRANDES GURUS DO MERCADO FUNDO DE ÍNDICE;2023-07-31;499696;7291646.42;AÇÕES;Ação ordinária;N;Para negociação;100.00;4563.00;100.00;4490.00;900.00;40851.00;;;LEVE3;;;;;;;;1995-04-03;;;;
FIIM;43.955.479/0001-22;INTER EQI TEVA ETF GRANDES GURUS DO MERCADO FUNDO DE ÍNDICE;2023-07-31;499696;7291646.42;AÇÕES;Ação ordinária;N;Para negociação;400.00;3792.00;0.00;0.00;5500.00;51645.00;;;KEPL3;;;;;;;;1996-03-18;;;;
FIIM;43.955.479/0001-22;INTER EQI TEVA ETF GRANDES GURUS DO MERCADO FUNDO DE ÍNDICE;2023-07-31;499696;7291646.42;AÇÕES;Ação ordinária;N;Para negociação;700.00;20335.00;0.00;0.00;1300.00;38220.00;;;VIVA3;;;;;;;;2019-10-10;;;;
FIIM;43.955.479/0001-22;INTER EQI TEVA ETF GRANDES GURUS DO MERCADO FUNDO DE ÍNDICE;2023-07-31;499696;7291646.42;AÇÕES;Ação ordinária;N;Para negociação;100.00;3500.00;200.00;6922.00;100.00;3578.00;;;CPFE3;;;;;;;;2004-09-29;;;;
FIIM;43.955.479/0001-22;INTER EQI TEVA ETF GRANDES GURUS DO MERCADO FUNDO DE ÍNDICE;2023-07-31;499696;7291646.42;AÇÕES;Ação ordinária;N;Para negociação;2800.00;38136.00;0.00;0.00;1500.00;20205.00;;;ASAI3;;;;;;;;2021-08-12;;;;
FIIM;43.955.479/0001-22;INTER EQI TEVA ETF GRANDES GURUS DO MERCADO FUNDO DE ÍNDICE;2023-07-31;499696;7291646.42;AÇÕES;Ação ordinária;N;Para negociação;100.00;4068.00;200.00;8588.00;100.00;4211.00;;;VIVT3;;;;;;;;2011-10-06;;;;
FIIM;43.955.479/0001-22;INTER EQI TEVA ETF GRANDES GURUS DO MERCADO FUNDO DE ÍNDICE;2023-07-31;499696;7291646.42;AÇÕES;Ação ordinária;N;Para negociação;3100.00;37417.00;0.00;0.00;9800.00;110152.00;;;SOMA3;;;;;;;;2020-07-31;;;;
FIIM;43.955.479/0001-22;INTER EQI TEVA ETF GRANDES GURUS DO MERCADO FUNDO DE ÍNDICE;2023-07-31;499696;7291646.42;AÇÕES;Ação ordinária;N;Para negociação;900.00;5981.00;0.00;0.00;8800.00;61600.00;;;PETZ3;;;;;;;;2020-09-11;;;;
FIIM;43.955.479/0001-22;INTER EQI TEVA ETF GRANDES GURUS DO MERCADO FUNDO DE ÍNDICE;2023-07-31;499696;7291646.42;AÇÕES;Ação ordinária;N;Para negociação;600.00;30234.00;0.00;0.00;2200.00;106018.00;;;BBAS3;;;;;;;;1997-09-30;;;;
FIIM;43.955.479/0001-22;INTER EQI TEVA ETF GRANDES GURUS DO MERCADO FUNDO DE ÍNDICE;2023-07-31;499696;7291646.42;AÇÕES;Ação ordinária;N;Para negociação;0.00;0.00;100.00;1761.00;100.00;1878.00;;;JBSS3;;;;;;;;2007-03-29;;;;
FIIM;43.955.479/0001-22;INTER EQI TEVA ETF GRANDES GURUS DO MERCADO FUNDO DE ÍNDICE;2023-07-31;499696;7291646.42;AÇÕES;Ação ordinária;N;Para negociação;200.00;3178.00;0.00;0.00;2300.00;40871.00;;;CURY3;;;;;;;;2020-09-21;;;;
FIIM;43.955.479/0001-22;INTER EQI TEVA ETF GRANDES GURUS DO MERCADO FUNDO DE ÍNDICE;2023-07-31;499696;7291646.42;AÇÕES;Ação ordinária;N;Para negociação;100.00;915.00;0.00;0.00;1400.00;11550.00;;;POSI3;;;;;;;;2006-12-11;;;;
FIIM;43.955.479/0001-22;INTER EQI TEVA ETF GRANDES GURUS DO MERCADO FUNDO DE ÍNDICE;2023-07-31;499696;7291646.42;AÇÕES;Ação ordinária;N;Para negociação;1200.00;83037.00;0.00;0.00;7297.00;490504.34;;;RENT3;;;;;;;;2005-05-23;;;;
FIIM;43.955.479/0001-22;INTER EQI TEVA ETF GRANDES GURUS DO MERCADO FUNDO DE ÍNDICE;2023-07-31;499696;7291646.42;AÇÕES;Ação ordinária;N;Para negociação;3900.00;16224.00;100.00;430.00;2500.00;12025.00;;;ANIM3;;;;;;;;2013-10-28;;;;
FIIM;43.955.479/0001-22;INTER EQI TEVA ETF GRANDES GURUS DO MERCADO FUNDO DE ÍNDICE;2023-07-31;499696;7291646.42;AÇÕES;Ação ordinária;N;Para negociação;600.00;13092.00;0.00;0.00;5700.00;130302.00;;;SMFT3;;;;;;;;2018-02-26;;;;
FIIM;43.955.479/0001-22;INTER EQI TEVA ETF GRANDES GURUS DO MERCADO FUNDO DE ÍNDICE;2023-07-31;499696;7291646.42;AÇÕES;Ação ordinária;N;Para negociação;2800.00;34608.00;0.00;0.00;28800.00;385056.00;;;ENEV3;;;;;;;;2013-10-22;;;;
FIIM;43.955.479/0001-22;INTER EQI TEVA ETF GRANDES GURUS DO MERCADO FUNDO DE ÍNDICE;2023-07-31;499696;7291646.42;AÇÕES;Ação ordinária;N;Para negociação;0.00;0.00;200.00;846.00;200.00;890.00;;;CMIN3;;;;;;;;2021-05-03;;;;
FIIM;43.955.479/0001-22;INTER EQI TEVA ETF GRANDES GURUS DO MERCADO FUNDO DE ÍNDICE;2023-07-31;499696;7291646.42;AÇÕES;Ação ordinária;N;Para negociação;1400.00;40278.00;100.00;2802.00;3300.00;95601.00;;;RADL3;;;;;;;;2011-12-19;;;;
FIIM;43.955.479/0001-22;INTER EQI TEVA ETF GRANDES GURUS DO MERCADO FUNDO DE ÍNDICE;2023-07-31;499696;7291646.42;AÇÕES;Ação ordinária;N;Para negociação;0.00;0.00;3400.00;110364.00;24500.00;821730.00;;;EQTL3;;;;;;;;2006-04-03;;;;
FIIM;43.955.479/0001-22;INTER EQI TEVA ETF GRANDES GURUS DO MERCADO FUNDO DE ÍNDICE;2023-07-31;499696;7291646.42;AÇÕES;Ação ordinária;N;Para negociação;1200.00;22056.00;0.00;0.00;4700.00;93718.00;;;CSAN3;;;;;;;;2005-11-18;;;;
FIIM;43.955.479/0001-22;INTER EQI TEVA ETF GRANDES GURUS DO MERCADO FUNDO DE ÍNDICE;2023-07-31;499696;7291646.42;AÇÕES;Ação ordinária;N;Para negociação;0.00;0.00;100.00;1205.00;100.00;1385.00;;;MYPK3;;;;;;;;1997-06-30;;;;
FIIM;43.955.479/0001-22;INTER EQI TEVA ETF GRANDES GURUS DO MERCADO FUNDO DE ÍNDICE;2023-07-31;499696;7291646.42;AÇÕES;Ação ordinária;N;Para negociação;100.00;2846.00;0.00;0.00;700.00;20041.00;;;PSSA3;;;;;;;;2004-11-22;;;;
FIIM;43.955.479/0001-22;INTER EQI TEVA ETF GRANDES GURUS DO MERCADO FUNDO DE ÍNDICE;2023-07-31;499696;7291646.42;AÇÕES;Ação ordinária;N;Para negociação;200.00;8000.00;100.00;3806.00;900.00;34785.00;;;ELET3;;;;;;;;1997-12-16;;;;
FIIM;43.955.479/0001-22;INTER EQI TEVA ETF GRANDES GURUS DO MERCADO FUNDO DE ÍNDICE;2023-07-31;499696;7291646.42;AÇÕES;Ação ordinária;N;Para negociação;300.00;7770.00;100.00;2598.00;2300.00;62491.00;;;TUPY3;;;;;;;;1995-11-10;;;;
FIIM;43.955.479/0001-22;INTER EQI TEVA ETF GRANDES GURUS DO MERCADO FUNDO DE ÍNDICE;2023-07-31;499696;7291646.42;AÇÕES;Ação ordinária;N;Para negociação;200.00;2242.00;0.00;0.00;2100.00;29190.00;;;MRVE3;;;;;;;;2007-07-23;;;;
FIIM;43.955.479/0001-22;INTER EQI TEVA ETF GRANDES GURUS DO MERCADO FUNDO DE ÍNDICE;2023-07-31;499696;7291646.42;AÇÕES;Ação ordinária;N;Para negociação;0.00;0.00;4000.00;75640.00;3800.00;71782.00;;;UGPA3;;;;;;;;1999-10-13;;;;
FIIM;43.955.479/0001-22;INTER EQI TEVA ETF GRANDES GURUS DO MERCADO FUNDO DE ÍNDICE;2023-07-31;499696;7291646.42;AÇÕES;Ação ordinária;N;Para negociação;100.00;975.00;200.00;2084.00;100.00;1009.00;;;BEEF3;;;;;;;;2007-07-20;;;;
FIIM;43.955.479/0001-22;INTER EQI TEVA ETF GRANDES GURUS DO MERCADO FUNDO DE ÍNDICE;2023-07-31;499696;7291646.42;AÇÕES;Ação ordinária;N;Para negociação;0.00;0.00;3400.00;58144.00;8000.00;139440.00;;;GGPS3;;;;;;;;2021-04-26;;;;
FIIM;43.955.479/0001-22;INTER EQI TEVA ETF GRANDES GURUS DO MERCADO FUNDO DE ÍNDICE;2023-07-31;499696;7291646.42;AÇÕES;Ação ordinária;N;Para negociação;0.00;0.00;100.00;1401.00;100.00;1329.00;;;CCRO3;;;;;;;;2002-02-01;;;;
FIIM;43.955.479/0001-22;INTER EQI TEVA ETF GRANDES GURUS DO MERCADO FUNDO DE ÍNDICE;2023-07-31;499696;7291646.42;AÇÕES;Ação ordinária;N;Para negociação;0.00;0.00;2200.00;37180.00;8300.00;151641.00;;;NTCO3;;;;;;;;2019-12-18;;;;
FIIM;43.955.479/0001-22;INTER EQI TEVA ETF GRANDES GURUS DO MERCADO FUNDO DE ÍNDICE;2023-07-31;499696;7291646.42;AÇÕES;Ação ordinária;N;Para negociação;200.00;8844.00;0.00;0.00;1100.00;52877.00;;;SUZB3;;;;;;;;2004-08-05;;;;
FIIM;43.955.479/0001-22;INTER EQI TEVA ETF GRANDES GURUS DO MERCADO FUNDO DE ÍNDICE;2023-07-31;499696;7291646.42;AÇÕES;Ação ordinária;N;Para negociação;1300.00;9828.00;100.00;746.00;6800.00;51136.00;;;GRND3;;;;;;;;2004-10-29;;;;
FIIM;43.955.479/0001-22;INTER EQI TEVA ETF GRANDES GURUS DO MERCADO FUNDO DE ÍNDICE;2023-07-31;499696;7291646.42;AÇÕES;Ação ordinária;N;Para negociação;1200.00;45228.00;100.00;3805.00;2100.00;83832.00;;;WEGE3;;;;;;;;2004-08-02;;;;
FIIM;43.955.479/0001-22;INTER EQI TEVA ETF GRANDES GURUS DO MERCADO FUNDO DE ÍNDICE;2023-07-31;499696;7291646.42;AÇÕES;Ação ordinária;N;Para negociação;200.00;16186.00;0.00;0.00;100.00;8240.00;;;ARZZ3;;;;;;;;2011-02-02;;;;
FIIM;43.955.479/0001-22;INTER EQI TEVA ETF GRANDES GURUS DO MERCADO FUNDO DE ÍNDICE;2023-07-31;499696;7291646.42;AÇÕES;Ação ordinária;N;Para negociação;0.00;0.00;200.00;1006.00;200.00;1128.00;;;JHSF3;;;;;;;;2007-04-12;;;;
FIIM;43.955.479/0001-22;INTER EQI TEVA ETF GRANDES GURUS DO MERCADO FUNDO DE ÍNDICE;2023-07-31;499696;7291646.42;AÇÕES;Ação ordinária;N;Para negociação;100.00;1984.00;0.00;0.00;500.00;11095.00;;;YDUQ3;;;;;;;;2019-07-23;;;;
FIIM;43.955.479/0001-22;INTER EQI TEVA ETF GRANDES GURUS DO MERCADO FUNDO DE ÍNDICE;2023-07-31;499696;7291646.42;AÇÕES;Ação ordinária;N;Para negociação;0.00;0.00;0.00;0.00;4200.00;18018.00;;;QUAL3;;;;;;;;2011-06-29;;;;
FIIM;43.955.479/0001-22;INTER EQI TEVA ETF GRANDES GURUS DO MERCADO FUNDO DE ÍNDICE;2023-07-31;499696;7291646.42;AÇÕES;Ação ordinária;N;Para negociação;300.00;2741.00;0.00;0.00;500.00;4890.00;;;SIMH3;;;;;;;;2020-09-18;;;;
FIIM;43.955.479/0001-22;INTER EQI TEVA ETF GRANDES GURUS DO MERCADO FUNDO DE ÍNDICE;2023-07-31;499696;7291646.42;AÇÕES;Ação ordinária;N;Para negociação;700.00;46361.00;0.00;0.00;1500.00;103740.00;;;VALE3;;;;;;;;1997-07-24;;;;
FIIM;43.955.479/0001-22;INTER EQI TEVA ETF GRANDES GURUS DO MERCADO FUNDO DE ÍNDICE;2023-07-31;499696;7291646.42;AÇÕES;Ação ordinária;N;Para negociação;0.00;0.00;800.00;14331.00;6600.00;113058.00;;;VBBR3;;;;;;;;2021-10-22;;;;
FIIM;43.955.479/0001-22;INTER EQI TEVA ETF GRANDES GURUS DO MERCADO FUNDO DE ÍNDICE;2023-07-31;499696;7291646.42;AÇÕES;Ação ordinária;N;Para negociação;4600.00;14536.00;100.00;353.00;23700.00;94326.00;;;HBSA3;;;;;;;;2020-09-25;;;;
FIIM;43.955.479/0001-22;INTER EQI TEVA ETF GRANDES GURUS DO MERCADO FUNDO DE ÍNDICE;2023-07-31;499696;7291646.42;AÇÕES;Ação ordinária;N;Para negociação;500.00;5145.00;0.00;0.00;4800.00;57792.00;;;ONCO3;;;;;;;;2021-08-10;;;;
FIIM;43.955.479/0001-22;INTER EQI TEVA ETF GRANDES GURUS DO MERCADO FUNDO DE ÍNDICE;2023-07-31;499696;7291646.42;AÇÕES;Ação ordinária;N;Para negociação;0.00;0.00;100.00;2062.00;100.00;1955.00;;;NEOE3;;;;;;;;2017-10-05;;;;
FIIM;43.955.479/0001-22;INTER EQI TEVA ETF GRANDES GURUS DO MERCADO FUNDO DE ÍNDICE;2023-07-31;499696;7291646.42;AÇÕES;Ação ordinária;N;Para negociação;200.00;3260.00;100.00;1534.00;750.00;12082.50;;;FLRY3;;;;;;;;2009-12-17;;;;
FIIM;43.955.479/0001-22;INTER EQI TEVA ETF GRANDES GURUS DO MERCADO FUNDO DE ÍNDICE;2023-07-31;499696;7291646.42;AÇÕES;Ação ordinária;N;Para negociação;0.00;0.00;1400.00;6107.00;72892.00;349881.60;;;HAPV3;;;;;;;;2018-04-25;;;;
FIIM;43.955.479/0001-22;INTER EQI TEVA ETF GRANDES GURUS DO MERCADO FUNDO DE ÍNDICE;2023-07-31;499696;7291646.42;AÇÕES;Ação preferencial;N;Para negociação;2800.00;27412.00;100.00;967.00;16440.00;161440.80;;;ITSA4;;;;;;;;1998-03-04;;;;
FIIM;43.955.479/0001-22;INTER EQI TEVA ETF GRANDES GURUS DO MERCADO FUNDO DE ÍNDICE;2023-07-31;499696;7291646.42;AÇÕES;Ação preferencial;N;Para negociação;100.00;1829.00;300.00;5460.00;200.00;3740.00;;;ABCB4;;;;;;;;2007-07-25;;;;
FIIM;43.955.479/0001-22;INTER EQI TEVA ETF GRANDES GURUS DO MERCADO FUNDO DE ÍNDICE;2023-07-31;499696;7291646.42;AÇÕES;Ação preferencial;N;Para negociação;600.00;5580.00;100.00;865.00;5500.00;52965.00;;;ALPA4;;;;;;;;1997-04-28;;;;
FIIM;43.955.479/0001-22;INTER EQI TEVA ETF GRANDES GURUS DO MERCADO FUNDO DE ÍNDICE;2023-07-31;499696;7291646.42;AÇÕES;Ação preferencial;N;Para negociação;0.00;0.00;100.00;1478.00;100.00;1459.00;;;BRSR6;;;;;;;;2007-09-03;;;;
FIIM;43.955.479/0001-22;INTER EQI TEVA ETF GRANDES GURUS DO MERCADO FUNDO DE ÍNDICE;2023-07-31;499696;7291646.42;AÇÕES;Ação preferencial;N;Para negociação;100.00;2597.00;0.00;0.00;2290.00;66982.50;;;GGBR4;;;;;;;;2001-02-01;;;;
FIIM;43.955.479/0001-22;INTER EQI TEVA ETF GRANDES GURUS DO MERCADO FUNDO DE ÍNDICE;2023-07-31;499696;7291646.42;AÇÕES;Ação preferencial;N;Para negociação;0.00;0.00;400.00;4860.00;400.00;4976.00;;;RAPT4;;;;;;;;1996-04-16;;;;
FIIM;43.955.479/0001-22;INTER EQI TEVA ETF GRANDES GURUS DO MERCADO FUNDO DE ÍNDICE;2023-07-31;499696;7291646.42;AÇÕES;Ação preferencial;N;Para negociação;400.00;17688.00;0.00;0.00;1300.00;56719.00;;;ELET6;;;;;;;;1997-12-16;;;;
FIIM;43.955.479/0001-22;INTER EQI TEVA ETF GRANDES GURUS DO MERCADO FUNDO DE ÍNDICE;2023-07-31;499696;7291646.42;AÇÕES;Ação preferencial;N;Para negociação;300.00;8688.00;0.00;0.00;5200.00;148928.00;;;ITUB4;;;;;;;;2009-05-20;;;;
FIIM;43.955.479/0001-22;INTER EQI TEVA ETF GRANDES GURUS DO MERCADO FUNDO DE ÍNDICE;2023-07-31;499696;7291646.42;AÇÕES;Ação preferencial;N;Para negociação;100.00;7792.00;0.00;0.00;100.00;8094.00;;;UNIP6;;;;;;;;1996-09-26;;;;
FIIM;43.955.479/0001-22;INTER EQI TEVA ETF GRANDES GURUS DO MERCADO FUNDO DE ÍNDICE;2023-07-31;499696;7291646.42;AÇÕES;Ação preferencial;N;Para negociação;800.00;6536.00;0.00;0.00;8700.00;72732.00;;;CPLE6;;;;;;;;1998-03-13;;;;
FIIM;43.955.479/0001-22;INTER EQI TEVA ETF GRANDES GURUS DO MERCADO FUNDO DE ÍNDICE;2023-07-31;499696;7291646.42;AÇÕES;Ação preferencial;N;Para negociação;0.00;0.00;300.00;3808.00;700.00;8869.00;;;CMIG4;;;;;;;;1997-12-26;;;;
FIIM;43.955.479/0001-22;INTER EQI TEVA ETF GRANDES GURUS DO MERCADO FUNDO DE ÍNDICE;2023-07-31;499696;7291646.42;AÇÕES;Ação preferencial;N;Para negociação;3700.00;111296.00;0.00;0.00;3100.00;96441.00;;;PETR4;;;;;;;;1997-03-24;;;;
FIIM;43.955.479/0001-22;INTER EQI TEVA ETF GRANDES GURUS DO MERCADO FUNDO DE ÍNDICE;2023-07-31;499696;7291646.42;AÇÕES;Ação preferencial;N;Para negociação;0.00;0.00;3000.00;49981.00;5460.00;90963.60;;;BBDC4;;;;;;;;1998-03-02;;;;
FIIM;43.955.479/0001-22;INTER EQI TEVA ETF GRANDES GURUS DO MERCADO FUNDO DE ÍNDICE;2023-07-31;499696;7291646.42;AÇÕES;Ação preferencial;N;Para negociação;100.00;4736.00;0.00;0.00;1200.00;60900.00;;;FESA4;;;;;;;;1997-05-02;;;;
FIIM;43.955.479/0001-22;INTER EQI TEVA ETF GRANDES GURUS DO MERCADO FUNDO DE ÍNDICE;2023-07-31;499696;7291646.42;OPERAÇÕES COMPROMISSADAS;;N;Para negociação;0.00;0.00;0.00;0.00;4.00;47214.84;;;;;2023-09-01;;;;;210100;;;;;
FIIM;44.106.937/0001-11;INVESTO VANECK ETF MARKETVECTOR SMART CONTRACT LEADERS FUNDO DE INDICE INVESTIMENTO NO EXTERIOR;2023-07-31;504650;7642763.09;DISPONIBILIDADES;Outros;;Para negociação;;;;;;76662.63;;;;EXTERIOR CAIXA;;PJ;4423567000121;*** A Definir ***;;;;;;;
FIIM;44.106.937/0001-11;INVESTO VANECK ETF MARKETVECTOR SMART CONTRACT LEADERS FUNDO DE INDICE INVESTIMENTO NO EXTERIOR;2023-07-31;504650;7642763.09;VALORES A PAGAR;Outros;;Para negociação;;;;;;2270.20;;;;AUDITORIA PROVISAO;;PJ;4423567000121;*** A Definir ***;;;;;;;
FIIM;44.106.937/0001-11;INVESTO VANECK ETF MARKETVECTOR SMART CONTRACT LEADERS FUNDO DE INDICE INVESTIMENTO NO EXTERIOR;2023-07-31;504650;7642763.09;VALORES A PAGAR;Outros;;Para negociação;;;;;;2106.62;;;;TX ESCRT FIX PROVIS?O;;PJ;29415858000107;SEM DEFINI??O;;;;;;;
FIIM;44.106.937/0001-11;INVESTO VANECK ETF MARKETVECTOR SMART CONTRACT LEADERS FUNDO DE INDICE INVESTIMENTO NO EXTERIOR;2023-07-31;504650;7642763.09;VALORES A PAGAR;Outros;;Para negociação;;;;;;64.40;;;;TX ESCRT VAR PROVIS?O;;PJ;29415858000107;SEM DEFINI??O;;;;;;;
FIIM;44.106.937/0001-11;INVESTO VANECK ETF MARKETVECTOR SMART CONTRACT LEADERS FUNDO DE INDICE INVESTIMENTO NO EXTERIOR;2023-07-31;504650;7642763.09;VALORES A PAGAR;Outros;;Para negociação;;;;;;7373.17;;;;TAXA ADM PROVIS?O;;PJ;29415858000107;SEM DEFINI??O;;;;;;;
FIIM;44.106.937/0001-11;INVESTO VANECK ETF MARKETVECTOR SMART CONTRACT LEADERS FUNDO DE INDICE INVESTIMENTO NO EXTERIOR;2023-07-31;504650;7642763.09;VALORES A RECEBER;Outros;;Para negociação;;;;;;1394.12;;;;TX FISCALIZ DIFERIDO;;PJ;29415858000107;SEM DEFINI??O;;;;;;;
FIIM;44.106.937/0001-11;INVESTO VANECK ETF MARKETVECTOR SMART CONTRACT LEADERS FUNDO DE INDICE INVESTIMENTO NO EXTERIOR;2023-07-31;504650;7642763.09;VALORES A RECEBER;Outros;;Para negociação;;;;;;679.82;;;;VAL A RECEBE;;PJ;29415858000107;SEM DEFINI??O;;;;;;;
FIIM;44.106.937/0001-11;INVESTO VANECK ETF MARKETVECTOR SMART CONTRACT LEADERS FUNDO DE INDICE INVESTIMENTO NO EXTERIOR;2023-07-31;504650;7642763.09;VALORES A RECEBER;Outros;;Para negociação;;;;;;14678.69;;;;INDICE OFF DIFERIDO;;PJ;29415858000107;SEM DEFINI??O;;;;;;;
FIIM;44.106.937/0001-11;INVESTO VANECK ETF MARKETVECTOR SMART CONTRACT LEADERS FUNDO DE INDICE INVESTIMENTO NO EXTERIOR;2023-07-31;504650;7642763.09;INVESTIMENTO NO EXTERIOR;Outros;N;Para negociação;;;;;16884.00;130009.32;;;OP USD B11;;2023-07-31;;;OPTIMISM USD;N;;;28;ESTADOS UNIDOS DA AMÉRICA;A1;AMERICAN STOCK EXCHANGE
FIIM;44.106.937/0001-11;INVESTO VANECK ETF MARKETVECTOR SMART CONTRACT LEADERS FUNDO DE INDICE INVESTIMENTO NO EXTERIOR;2023-07-31;504650;7642763.09;INVESTIMENTO NO EXTERIOR;Outros;N;Para negociação;;;;;30235.00;735730.97;;;DOT USD B11;;2022-06-20;;;DOT USD;N;;;28;ESTADOS UNIDOS DA AMÉRICA;A1;AMERICAN STOCK EXCHANGE
FIIM;44.106.937/0001-11;INVESTO VANECK ETF MARKETVECTOR SMART CONTRACT LEADERS FUNDO DE INDICE INVESTIMENTO NO EXTERIOR;2023-07-31;504650;7642763.09;INVESTIMENTO NO EXTERIOR;Outros;N;Para negociação;;;;;8618.00;364069.96;;;ATOM USD B11;;2022-06-20;;;ATOM USD;N;;;28;ESTADOS UNIDOS DA AMÉRICA;A1;AMERICAN STOCK EXCHANGE
FIIM;44.106.937/0001-11;INVESTO VANECK ETF MARKETVECTOR SMART CONTRACT LEADERS FUNDO DE INDICE INVESTIMENTO NO EXTERIOR;2023-07-31;504650;7642763.09;INVESTIMENTO NO EXTERIOR;Outros;N;Para negociação;;;;;2858.00;7965.48;;;STX USD B11;;2023-03-31;;;STX USD;N;;;28;ESTADOS UNIDOS DA AMÉRICA;A1;AMERICAN STOCK EXCHANGE
FIIM;44.106.937/0001-11;INVESTO VANECK ETF MARKETVECTOR SMART CONTRACT LEADERS FUNDO DE INDICE INVESTIMENTO NO EXTERIOR;2023-07-31;504650;7642763.09;INVESTIMENTO NO EXTERIOR;Outros;N;Para negociação;;;;;229069.00;752688.23;;;MAT USD B11;;2023-01-31;;;MATIC USD;N;;;28;ESTADOS UNIDOS DA AMÉRICA;A1;AMERICAN STOCK EXCHANGE
FIIM;44.106.937/0001-11;INVESTO VANECK ETF MARKETVECTOR SMART CONTRACT LEADERS FUNDO DE INDICE INVESTIMENTO NO EXTERIOR;2023-07-31;504650;7642763.09;INVESTIMENTO NO EXTERIOR;Outros;N;Para negociação;;;;;870130.00;1286812.14;;;ADA USD B11;;2022-06-20;;;ADA USD;N;;;28;ESTADOS UNIDOS DA AMÉRICA;A1;AMERICAN STOCK EXCHANGE
FIIM;44.106.937/0001-11;INVESTO VANECK ETF MARKETVECTOR SMART CONTRACT LEADERS FUNDO DE INDICE INVESTIMENTO NO EXTERIOR;2023-07-31;504650;7642763.09;INVESTIMENTO NO EXTERIOR;Outros;N;Para negociação;;;;;256.00;2258711.67;;;ETH USD B11;;2022-06-20;;;BTC USD C20;N;;;28;ESTADOS UNIDOS DA AMÉRICA;A1;AMERICAN STOCK EXCHANGE
FIIM;44.106.937/0001-11;INVESTO VANECK ETF MARKETVECTOR SMART CONTRACT LEADERS FUNDO DE INDICE INVESTIMENTO NO EXTERIOR;2023-07-31;504650;7642763.09;INVESTIMENTO NO EXTERIOR;Outros;N;Para negociação;;;;;0.00;0.05;;;NEAR USD B11;;2023-01-18;;;NEAR USD B11;N;;;28;ESTADOS UNIDOS DA AMÉRICA;A1;AMERICAN STOCK EXCHANGE
FIIM;44.106.937/0001-11;INVESTO VANECK ETF MARKETVECTOR SMART CONTRACT LEADERS FUNDO DE INDICE INVESTIMENTO NO EXTERIOR;2023-07-31;504650;7642763.09;INVESTIMENTO NO EXTERIOR;Outros;N;Para negociação;;;;;8601.00;526898.38;;;AVAX USD B11;;2022-06-20;;;AVAX USD;N;;;28;ESTADOS UNIDOS DA AMÉRICA;A1;AMERICAN STOCK EXCHANGE
FIIM;44.106.937/0001-11;INVESTO VANECK ETF MARKETVECTOR SMART CONTRACT LEADERS FUNDO DE INDICE INVESTIMENTO NO EXTERIOR;2023-07-31;504650;7642763.09;INVESTIMENTO NO EXTERIOR;Outros;N;Para negociação;;;;;5405.00;179908.20;;;APT USD B11;;2023-01-31;;;APT USD;N;;;28;ESTADOS UNIDOS DA AMÉRICA;A1;AMERICAN STOCK EXCHANGE
FIIM;44.106.937/0001-11;INVESTO VANECK ETF MARKETVECTOR SMART CONTRACT LEADERS FUNDO DE INDICE INVESTIMENTO NO EXTERIOR;2023-07-31;504650;7642763.09;INVESTIMENTO NO EXTERIOR;Outros;N;Para negociação;;;;;10051.00;1143774.74;;;SOL USD B11;;2022-06-20;;;SOL USD;N;;;28;ESTADOS UNIDOS DA AMÉRICA;A1;AMERICAN STOCK EXCHANGE
FIIM;44.106.937/0001-11;INVESTO VANECK ETF MARKETVECTOR SMART CONTRACT LEADERS FUNDO DE INDICE INVESTIMENTO NO EXTERIOR;2023-07-31;504650;7642763.09;INVESTIMENTO NO EXTERIOR;Outros;N;Para negociação;;;;;31327.00;174593.08;;;ARB USD B11;;2023-04-28;;;ARB USD;N;;;28;ESTADOS UNIDOS DA AMÉRICA;A1;AMERICAN STOCK EXCHANGE
FIIM;44.107.447/0001-30;INVESTO VANECK ETF MVIS CRYPTO COMPARE MEDIA & ENTERTAINMENT LEADERS BRAZIL FUNDO DE ÍNDICE - INVEST;2023-07-31;504636;4073898.71;DISPONIBILIDADES;Outros;;Para negociação;;;;;;31345.07;;;;EXTERIOR CAIXA;;PJ;4423567000121;*** A Definir ***;;;;;;;
FIIM;44.107.447/0001-30;INVESTO VANECK ETF MVIS CRYPTO COMPARE MEDIA & ENTERTAINMENT LEADERS BRAZIL FUNDO DE ÍNDICE - INVEST;2023-07-31;504636;4073898.71;VALORES A PAGAR;Outros;;Para negociação;;;;;;3981.80;;;;TX ESCRT VAR PROVIS?O;;PJ;29415858000107;SEM DEFINI??O;;;;;;;
FIIM;44.107.447/0001-30;INVESTO VANECK ETF MVIS CRYPTO COMPARE MEDIA & ENTERTAINMENT LEADERS BRAZIL FUNDO DE ÍNDICE - INVEST;2023-07-31;504636;4073898.71;VALORES A PAGAR;Outros;;Para negociação;;;;;;7490.96;;;;TAXA ADM PROVIS?O;;PJ;29415858000107;SEM DEFINI??O;;;;;;;
FIIM;44.107.447/0001-30;INVESTO VANECK ETF MVIS CRYPTO COMPARE MEDIA & ENTERTAINMENT LEADERS BRAZIL FUNDO DE ÍNDICE - INVEST;2023-07-31;504636;4073898.71;VALORES A PAGAR;Outros;;Para negociação;;;;;;2270.20;;;;AUDITORIA PROVISAO;;PJ;4423567000121;*** A Definir ***;;;;;;;
FIIM;44.107.447/0001-30;INVESTO VANECK ETF MVIS CRYPTO COMPARE MEDIA & ENTERTAINMENT LEADERS BRAZIL FUNDO DE ÍNDICE - INVEST;2023-07-31;504636;4073898.71;VALORES A PAGAR;Outros;;Para negociação;;;;;;2000.00;;;;TX ESCRT FIX PROVIS?O;;PJ;29415858000107;SEM DEFINI??O;;;;;;;
FIIM;44.107.447/0001-30;INVESTO VANECK ETF MVIS CRYPTO COMPARE MEDIA & ENTERTAINMENT LEADERS BRAZIL FUNDO DE ÍNDICE - INVEST;2023-07-31;504636;4073898.71;VALORES A RECEBER;Outros;;Para negociação;;;;;;1394.12;;;;TX FISCALIZ DIFERIDO;;PJ;29415858000107;SEM DEFINI??O;;;;;;;
FIIM;44.107.447/0001-30;INVESTO VANECK ETF MVIS CRYPTO COMPARE MEDIA & ENTERTAINMENT LEADERS BRAZIL FUNDO DE ÍNDICE - INVEST;2023-07-31;504636;4073898.71;VALORES A RECEBER;Outros;;Para negociação;;;;;;8201.66;;;;INDICE OFF DIFERIDO;;PJ;29415858000107;SEM DEFINI??O;;;;;;;
FIIM;44.107.447/0001-30;INVESTO VANECK ETF MVIS CRYPTO COMPARE MEDIA & ENTERTAINMENT LEADERS BRAZIL FUNDO DE ÍNDICE - INVEST;2023-07-31;504636;4073898.71;VALORES A RECEBER;Outros;;Para negociação;;;;;;1109.81;;;;VAL A RECEBE;;PJ;29415858000107;SEM DEFINI??O;;;;;;;
FIIM;44.107.447/0001-30;INVESTO VANECK ETF MVIS CRYPTO COMPARE MEDIA & ENTERTAINMENT LEADERS BRAZIL FUNDO DE ÍNDICE - INVEST;2023-07-31;504636;4073898.71;OPERAÇÕES COMPROMISSADAS;;N;Para negociação;;;;;5.00;20938.42;;;;;2024-08-15;;;;;760199;;;;;
FIIM;44.107.447/0001-30;INVESTO VANECK ETF MVIS CRYPTO COMPARE MEDIA & ENTERTAINMENT LEADERS BRAZIL FUNDO DE ÍNDICE - INVEST;2023-07-31;504636;4073898.71;INVESTIMENTO NO EXTERIOR;Outros;N;Para negociação;;;;;541504.00;1091436.69;;;SAND USD IVT;;2022-04-01;;;SAND USD;N;;;28;ESTADOS UNIDOS DA AMÉRICA;A1;AMERICAN STOCK EXCHANGE
FIIM;44.107.447/0001-30;INVESTO VANECK ETF MVIS CRYPTO COMPARE MEDIA & ENTERTAINMENT LEADERS BRAZIL FUNDO DE ÍNDICE - INVEST;2023-07-31;504636;4073898.71;INVESTIMENTO NO EXTERIOR;Outros;N;Para negociação;;;;;221900.00;317535.50;;;BLUR USD IVT;;2023-07-31;;;BLUR USD;N;;;28;ESTADOS UNIDOS DA AMÉRICA;A1;AMERICAN STOCK EXCHANGE
FIIM;44.107.447/0001-30;INVESTO VANECK ETF MVIS CRYPTO COMPARE MEDIA & ENTERTAINMENT LEADERS BRAZIL FUNDO DE ÍNDICE - INVEST;2023-07-31;504636;4073898.71;INVESTIMENTO NO EXTERIOR;Outros;N;Para negociação;;;;;529825.00;968590.16;;;MANA USD IVT;;2022-04-01;;;MANA USD;N;;;28;ESTADOS UNIDOS DA AMÉRICA;A1;AMERICAN STOCK EXCHANGE
FIIM;44.107.447/0001-30;INVESTO VANECK ETF MVIS CRYPTO COMPARE MEDIA & ENTERTAINMENT LEADERS BRAZIL FUNDO DE ÍNDICE - INVEST;2023-07-31;504636;4073898.71;INVESTIMENTO NO EXTERIOR;Outros;N;Para negociação;;;;;1985000.00;727538.13;;;CHZ USD IVT;;2022-03-31;;;CHZ USD;N;;;28;ESTADOS UNIDOS DA AMÉRICA;A1;AMERICAN STOCK EXCHANGE
FIIM;44.107.447/0001-30;INVESTO VANECK ETF MVIS CRYPTO COMPARE MEDIA & ENTERTAINMENT LEADERS BRAZIL FUNDO DE ÍNDICE - INVEST;2023-07-31;504636;4073898.71;INVESTIMENTO NO EXTERIOR;Outros;N;Para negociação;;;;;103163.00;921552.11;;;APE USD IVT;;2022-05-02;;;APECOIN USD;N;;;28;ESTADOS UNIDOS DA AMÉRICA;A1;AMERICAN STOCK EXCHANGE
FIIM;44.124.505/0001-33;HASHDEX CRYPTO METAVERSE FUNDO DE ÍNDICE;2023-07-31;500304;2221198.56;DISPONIBILIDADES;Outros;;Para negociação;;;;;;5705.64;;2023-10-29;;Disponibilidade;;;;;;;;;;;
FIIM;44.124.505/0001-33;HASHDEX CRYPTO METAVERSE FUNDO DE ÍNDICE;2023-07-31;500304;2221198.56;VALORES A PAGAR;Outros;;Para negociação;;;;;;14265.89;;2023-10-29;;Valores a Pagar;;;;;;;;;;;
FIIM;44.124.505/0001-33;HASHDEX CRYPTO METAVERSE FUNDO DE ÍNDICE;2023-07-31;500304;2221198.56;VALORES A RECEBER;Outros;;Para negociação;;;;;;4982.46;;2023-10-29;;Valores a Receber;;;;;;;;;;;
FIIM;44.124.505/0001-33;HASHDEX CRYPTO METAVERSE FUNDO DE ÍNDICE;2023-07-31;500304;2221198.56;INVESTIMENTO NO EXTERIOR;Outros;N;Para negociação;2.00;2410.19;0.00;0.00;1838.00;2214947.61;;2023-10-29;META 11 CLA;;2050-12-29;;;HASHDEX META 11;N;;;28;ESTADOS UNIDOS DA AMÉRICA;99;OUTRAS BOLSAS OU MERCADOS DE BALCÃO ORGANIZADOS
FIIM;44.124.505/0001-33;HASHDEX CRYPTO METAVERSE FUNDO DE ÍNDICE;2023-07-31;500304;2221198.56;INVESTIMENTO NO EXTERIOR;Outros;N;Para negociação;0.10;120.53;0.00;0.00;5.46;6579.59;;2023-10-29;META 11 CLA;;2050-12-29;;;HASHDEX META 11;N;;;28;ESTADOS UNIDOS DA AMÉRICA;99;OUTRAS BOLSAS OU MERCADOS DE BALCÃO ORGANIZADOS
FIIM;45.064.129/0001-00;BTG PACTUAL TEVA  DEBÊNTURES DI FUNDO DE ÍNDICE;2023-07-31;499685;33710346.54;OPERAÇÕES COMPROMISSADAS;;N;Para negociação;0.00;0.00;0.00;0.00;117.00;1586061.00;;;;;2023-09-01;;;;;210100;;;;;
FIIM;45.081.470/0001-65;BB ETF IAGRO-FFS B3 FUNDO DE ÍNDICE;2023-07-31;507686;34644387.83;AÇÕES;Ação ordinária;N;Para negociação;3200.00;27260.00;1500.00;11615.63;98000.00;869260.00;;;;JALLES MACHA ON;;PJ;2635522000195;JALLES MACHADO S.A.;;;;;;;
FIIM;45.081.470/0001-65;BB ETF IAGRO-FFS B3 FUNDO DE ÍNDICE;2023-07-31;507686;34644387.83;AÇÕES;Ação ordinária;N;Para negociação;4200.00;76902.00;1900.00;34767.89;94630.00;1777151.40;;;JBSS3;;;;;;;;2007-03-29;;;;
FIIM;45.081.470/0001-65;BB ETF IAGRO-FFS B3 FUNDO DE ÍNDICE;2023-07-31;507686;34644387.83;AÇÕES;Ação ordinária;N;Para negociação;4700.00;32723.00;2100.00;15589.57;87080.00;646133.60;;;MRFG3;;;;;;;;2007-06-28;;;;
FIIM;45.081.470/0001-65;BB ETF IAGRO-FFS B3 FUNDO DE ÍNDICE;2023-07-31;507686;34644387.83;AÇÕES;Ação ordinária;N;Para negociação;4000.00;15040.00;2000.00;6563.20;90525.00;360289.50;;;HBSA3;;;;;;;;2020-09-25;;;;
FIIM;45.081.470/0001-65;BB ETF IAGRO-FFS B3 FUNDO DE ÍNDICE;2023-07-31;507686;34644387.83;AÇÕES;Ação ordinária;N;Para negociação;800.00;33837.00;300.00;12933.31;18200.00;759486.00;;;MDIA3;;;;;;;;2006-10-18;;;;
FIIM;45.081.470/0001-65;BB ETF IAGRO-FFS B3 FUNDO DE ÍNDICE;2023-07-31;507686;34644387.83;AÇÕES;Ação ordinária;N;Para negociação;1800.00;83444.00;800.00;35481.26;36730.00;1765611.10;;;SUZB3;;;;;;;;2004-08-05;;;;
FIIM;45.081.470/0001-65;BB ETF IAGRO-FFS B3 FUNDO DE ÍNDICE;2023-07-31;507686;34644387.83;AÇÕES;Ação ordinária;N;Para negociação;4000.00;51426.00;1700.00;23777.55;75600.00;1018332.00;;;;ASSAI - SEND ON;;PJ;6057223000171;SENDAS DISTRIBUIDORA S.A.;;;;;;;
FIIM;45.081.470/0001-65;BB ETF IAGRO-FFS B3 FUNDO DE ÍNDICE;2023-07-31;507686;34644387.83;AÇÕES;Ação ordinária;N;Para negociação;1700.00;15802.00;600.00;5882.84;36000.00;338040.00;;;KEPL3;;;;;;;;1996-03-18;;;;
FIIM;45.081.470/0001-65;BB ETF IAGRO-FFS B3 FUNDO DE ÍNDICE;2023-07-31;507686;34644387.83;AÇÕES;Ação ordinária;N;Para negociação;1100.00;23625.00;400.00;8079.92;23800.00;492660.00;;;PCAR3;;;;;;;;1997-09-02;;;;
FIIM;45.081.470/0001-65;BB ETF IAGRO-FFS B3 FUNDO DE ÍNDICE;2023-07-31;507686;34644387.83;AÇÕES;Ação ordinária;N;Para negociação;5400.00;42546.00;2200.00;18026.76;142719.00;1194558.03;;;DXCO3;;;;;;;;2021-08-19;;;;
FIIM;45.081.470/0001-65;BB ETF IAGRO-FFS B3 FUNDO DE ÍNDICE;2023-07-31;507686;34644387.83;AÇÕES;Ação ordinária;N;Para negociação;3200.00;23360.00;1600.00;11637.65;106500.00;775320.00;;;CAML3;;;;;;;;2017-09-28;;;;
FIIM;45.081.470/0001-65;BB ETF IAGRO-FFS B3 FUNDO DE ÍNDICE;2023-07-31;507686;34644387.83;AÇÕES;Ação ordinária;N;Para negociação;300.00;7959.00;200.00;5130.62;9080.00;246703.60;;;TUPY3;;;;;;;;1995-11-10;;;;
FIIM;45.081.470/0001-65;BB ETF IAGRO-FFS B3 FUNDO DE ÍNDICE;2023-07-31;507686;34644387.83;AÇÕES;Ação ordinária;N;Para negociação;3500.00;33334.00;1600.00;16872.19;103400.00;1043306.00;;;BEEF3;;;;;;;;2007-07-20;;;;
FIIM;45.081.470/0001-65;BB ETF IAGRO-FFS B3 FUNDO DE ÍNDICE;2023-07-31;507686;34644387.83;AÇÕES;Ação ordinária;N;Para negociação;25600.00;394352.00;200.00;3025.46;15700.00;210380.00;;;FHER3;;;;;;;;2007-04-12;;;;
FIIM;45.081.470/0001-65;BB ETF IAGRO-FFS B3 FUNDO DE ÍNDICE;2023-07-31;507686;34644387.83;AÇÕES;Ação ordinária;N;Para negociação;1600.00;52820.00;500.00;16958.39;34500.00;1154715.00;;;SMTO3;;;;;;;;2007-02-12;;;;
FIIM;45.081.470/0001-65;BB ETF IAGRO-FFS B3 FUNDO DE ÍNDICE;2023-07-31;507686;34644387.83;AÇÕES;Ação ordinária;N;Para negociação;2700.00;21708.00;1100.00;9035.39;68800.00;544896.00;;;GMAT3;;;;;;;;2020-10-13;;;;
FIIM;45.081.470/0001-65;BB ETF IAGRO-FFS B3 FUNDO DE ÍNDICE;2023-07-31;507686;34644387.83;AÇÕES;Ação ordinária;N;Para negociação;300.00;24948.00;200.00;16852.24;7050.00;580920.00;;;ARZZ3;;;;;;;;2011-02-02;;;;
FIIM;45.081.470/0001-65;BB ETF IAGRO-FFS B3 FUNDO DE ÍNDICE;2023-07-31;507686;34644387.83;AÇÕES;Ação ordinária;N;Para negociação;3200.00;31235.00;1400.00;13782.69;86100.00;878220.00;;;RANI3;;;;;;;;1995-07-17;;;;
FIIM;45.081.470/0001-65;BB ETF IAGRO-FFS B3 FUNDO DE ÍNDICE;2023-07-31;507686;34644387.83;AÇÕES;Ação ordinária;N;Para negociação;2400.00;29898.00;1100.00;14394.98;72200.00;913330.00;;;TTEN3;;;;;;;;2021-07-12;;;;
FIIM;45.081.470/0001-65;BB ETF IAGRO-FFS B3 FUNDO DE ÍNDICE;2023-07-31;507686;34644387.83;AÇÕES;Ação ordinária;N;Para negociação;700.00;30065.00;400.00;16255.89;20153.00;879678.45;;;SLCE3;;;;;;;;2007-06-15;;;;
FIIM;45.081.470/0001-65;BB ETF IAGRO-FFS B3 FUNDO DE ÍNDICE;2023-07-31;507686;34644387.83;AÇÕES;Ação ordinária;N;Para negociação;0.00;0.00;111100.00;956245.00;314300.00;3067568.00;;;BRFS3;;;;;;;;2009-12-10;;;;
FIIM;45.081.470/0001-65;BB ETF IAGRO-FFS B3 FUNDO DE ÍNDICE;2023-07-31;507686;34644387.83;AÇÕES;Ação ordinária;N;Para negociação;2500.00;31075.00;900.00;10418.06;40000.00;548800.00;;;CRFB3;;;;;;;;2017-07-20;;;;
FIIM;45.081.470/0001-65;BB ETF IAGRO-FFS B3 FUNDO DE ÍNDICE;2023-07-31;507686;34644387.83;AÇÕES;Ação ordinária;N;Para negociação;3600.00;72851.00;1800.00;33766.40;116200.00;2317028.00;;;CSAN3;;;;;;;;2005-11-18;;;;
FIIM;45.081.470/0001-65;BB ETF IAGRO-FFS B3 FUNDO DE ÍNDICE;2023-07-31;507686;34644387.83;AÇÕES;Ação ordinária;N;Para negociação;4300.00;64211.00;1900.00;28894.13;82710.00;1229070.60;;;ABEV3;;;;;;;;2013-11-11;;;;
FIIM;45.081.470/0001-65;BB ETF IAGRO-FFS B3 FUNDO DE ÍNDICE;2023-07-31;507686;34644387.83;AÇÕES;Ação ordinária;N;Para negociação;1200.00;15704.00;400.00;6223.01;28600.00;375232.00;;;ARML3;;;;;;;;2021-07-28;;;;
FIIM;45.081.470/0001-65;BB ETF IAGRO-FFS B3 FUNDO DE ÍNDICE;2023-07-31;507686;34644387.83;AÇÕES;Ação ordinária;N;Para negociação;2600.00;61959.00;1200.00;27289.34;71209.00;1654897.16;;;RAIL3;;;;;;;;2017-03-13;;;;
FIIM;45.081.470/0001-65;BB ETF IAGRO-FFS B3 FUNDO DE ÍNDICE;2023-07-31;507686;34644387.83;AÇÕES;Ação ordinária;N;Para negociação;800.00;9408.00;14600.00;166789.26;37030.00;442138.20;;;VAMO3;;;;;;;;2021-01-29;;;;
FIIM;45.081.470/0001-65;BB ETF IAGRO-FFS B3 FUNDO DE ÍNDICE;2023-07-31;507686;34644387.83;AÇÕES;Ação ordinária;N;Para negociação;1000.00;25860.00;500.00;12911.31;23605.00;611605.55;;;AGRO3;;;;;;;;2006-05-02;;;;
FIIM;45.081.470/0001-65;BB ETF IAGRO-FFS B3 FUNDO DE ÍNDICE;2023-07-31;507686;34644387.83;AÇÕES;Ação preferencial;N;Para negociação;1200.00;14122.00;500.00;5982.91;24850.00;309134.00;;;RAPT4;;;;;;;;1996-04-16;;;;
FIIM;45.081.470/0001-65;BB ETF IAGRO-FFS B3 FUNDO DE ÍNDICE;2023-07-31;507686;34644387.83;AÇÕES;Ação preferencial;N;Para negociação;7800.00;32905.00;3200.00;13798.74;143590.00;597334.40;;;RAIZ4;;;;;;;;2021-08-05;;;;
FIIM;45.081.470/0001-65;BB ETF IAGRO-FFS B3 FUNDO DE ÍNDICE;2023-07-31;507686;34644387.83;DISPONIBILIDADES;Outros;;Para negociação;;;;;;57097.76;;;;BANCO BRASIL CAIXA;;PJ;191;BCO BRASIL SA;;;;;;;
FIIM;45.081.470/0001-65;BB ETF IAGRO-FFS B3 FUNDO DE ÍNDICE;2023-07-31;507686;34644387.83;VALORES A PAGAR;Outros;;Para negociação;;;;;;39.47;;;;SELIC A PAGAR;;;;;;;;;;;
FIIM;45.081.470/0001-65;BB ETF IAGRO-FFS B3 FUNDO DE ÍNDICE;2023-07-31;507686;34644387.83;VALORES A PAGAR;Outros;;Para negociação;;;;;;277.87;;;;TXCUST?DIA A PAGAR;;;;;;;;;;;
FIIM;45.081.470/0001-65;BB ETF IAGRO-FFS B3 FUNDO DE ÍNDICE;2023-07-31;507686;34644387.83;VALORES A PAGAR;Outros;;Para negociação;;;;;;1336.77;;;;PROV.AUDIT 28/03/24;;;;;;;;;;;
FIIM;45.081.470/0001-65;BB ETF IAGRO-FFS B3 FUNDO DE ÍNDICE;2023-07-31;507686;34644387.83;VALORES A PAGAR;Outros;;Para negociação;;;;;;472.04;;;;TAXA ADMIN A PAGAR;;;;;;;;;;;
FIIM;45.081.470/0001-65;BB ETF IAGRO-FFS B3 FUNDO DE ÍNDICE;2023-07-31;507686;34644387.83;VALORES A RECEBER;Outros;;Para negociação;;;;;;8752.62;;;;AREZZO IND?S DIREITOS;;PJ;16590234000176;AREZZO IND COM SA;;;;;;;
FIIM;45.081.470/0001-65;BB ETF IAGRO-FFS B3 FUNDO DE ÍNDICE;2023-07-31;507686;34644387.83;VALORES A RECEBER;Outros;;Para negociação;;;;;;3989.23;;;;ARMAC DIREITOS;;PJ;242184000104;ARMAC LOCA??O, LOG?STICA E SERVI?OS S.A.;;;;;;;
FIIM;45.081.470/0001-65;BB ETF IAGRO-FFS B3 FUNDO DE ÍNDICE;2023-07-31;507686;34644387.83;VALORES A RECEBER;Outros;;Para negociação;;;;;;5171.90;;;;TUPY ON JSCP;;PJ;84683374000149;TUPY SA;;;;;;;
FIIM;45.081.470/0001-65;BB ETF IAGRO-FFS B3 FUNDO DE ÍNDICE;2023-07-31;507686;34644387.83;VALORES A RECEBER;Outros;;Para negociação;;;;;;35.73;;;;Outros Valores;;;;;;;;;;;
FIIM;45.081.470/0001-65;BB ETF IAGRO-FFS B3 FUNDO DE ÍNDICE;2023-07-31;507686;34644387.83;VALORES A RECEBER;Outros;;Para negociação;;;;;;5769.72;;;;DIFERIR CVM 29/12/23;;;;;;;;;;;
FIIM;45.081.470/0001-65;BB ETF IAGRO-FFS B3 FUNDO DE ÍNDICE;2023-07-31;507686;34644387.83;VALORES A RECEBER;Outros;;Para negociação;;;;;;1425.40;;;;PROV REMUN DOADA;;;;;;;;;;;
FIIM;45.081.470/0001-65;BB ETF IAGRO-FFS B3 FUNDO DE ÍNDICE;2023-07-31;507686;34644387.83;VALORES A RECEBER;Outros;;Para negociação;;;;;;5010.51;;;;CARREFOUR DIREITOS;;PJ;75315333000109;ATACADAO SA;;;;;;;
FIIM;45.081.470/0001-65;BB ETF IAGRO-FFS B3 FUNDO DE ÍNDICE;2023-07-31;507686;34644387.83;VALORES A RECEBER;Outros;;Para negociação;;;;;;2138.36;;;;DEXCO DIREITOS;;PJ;97837181000147;DEXCO SA;;;;;;;
FIIM;45.081.470/0001-65;BB ETF IAGRO-FFS B3 FUNDO DE ÍNDICE;2023-07-31;507686;34644387.83;VALORES A RECEBER;Outros;;Para negociação;;;;;;8117.60;;;;DIREITOS DIREITOS;;PJ;89086144000116;RANDON SA IMPLEMENTOS PARTICIPACOES;;;;;;;
FIIM;45.081.470/0001-65;BB ETF IAGRO-FFS B3 FUNDO DE ÍNDICE;2023-07-31;507686;34644387.83;VALORES A RECEBER;Outros;;Para negociação;;;;;;8174.20;;;;FUND TUPY DIVIDEND;;PJ;84683374000149;TUPY SA;;;;;;;
FIIM;45.081.470/0001-65;BB ETF IAGRO-FFS B3 FUNDO DE ÍNDICE;2023-07-31;507686;34644387.83;VALORES A RECEBER;Outros;;Para negociação;;;;;;27390.83;;;;DIREITOS DIREITOS;;PJ;51466860000156;SAO MARTINHO SA;;;;;;;
FIIM;45.081.470/0001-65;BB ETF IAGRO-FFS B3 FUNDO DE ÍNDICE;2023-07-31;507686;34644387.83;VALORES A RECEBER;Outros;;Para negociação;;;;;;5014.01;;;;RA?ZEN DIREITOS;;PJ;33453598000123;RA?ZEN S.A.;;;;;;;
FIIM;45.081.470/0001-65;BB ETF IAGRO-FFS B3 FUNDO DE ÍNDICE;2023-07-31;507686;34644387.83;MERCADO FUTURO - POSIÇÕES COMPRADAS;Contrato Futuro;;Para negociação;0.00;0.00;0.00;0.00;1.00;1697.00;;;;IND FUTURO BMF - 16/08/2023;;PJ;54641030000106;BOLSA MERCADORIAS FUTUROS BMF SA;;;;;;;
FIIM;45.081.470/0001-65;BB ETF IAGRO-FFS B3 FUNDO DE ÍNDICE;2023-07-31;507686;34644387.83;AÇÕES E OUTROS TVM CEDIDOS EM EMPRÉSTIMO;Ação ordinária;N;Para negociação;;;;;28070.00;527154.60;;;JBSS3;;;;;;;;2007-03-29;;;;
FIIM;45.081.470/0001-65;BB ETF IAGRO-FFS B3 FUNDO DE ÍNDICE;2023-07-31;507686;34644387.83;AÇÕES E OUTROS TVM CEDIDOS EM EMPRÉSTIMO;Ação ordinária;N;Para negociação;;;;;10095.00;261561.45;;;AGRO3;;;;;;;;2006-05-02;;;;
FIIM;45.081.470/0001-65;BB ETF IAGRO-FFS B3 FUNDO DE ÍNDICE;2023-07-31;507686;34644387.83;AÇÕES E OUTROS TVM CEDIDOS EM EMPRÉSTIMO;Ação ordinária;N;Para negociação;;;;;17700.00;242844.00;;;CRFB3;;;;;;;;2017-07-20;;;;
FIIM;45.081.470/0001-65;BB ETF IAGRO-FFS B3 FUNDO DE ÍNDICE;2023-07-31;507686;34644387.83;AÇÕES E OUTROS TVM CEDIDOS EM EMPRÉSTIMO;Ação ordinária;N;Para negociação;;;;;32400.00;436428.00;;;;ASAI3;;PJ;6057223000171;SENDAS DISTRIBUIDORA S.A.;;;;;;;
FIIM;45.081.470/0001-65;BB ETF IAGRO-FFS B3 FUNDO DE ÍNDICE;2023-07-31;507686;34644387.83;AÇÕES E OUTROS TVM CEDIDOS EM EMPRÉSTIMO;Ação ordinária;N;Para negociação;;;;;4020.00;109223.40;;;TUPY3;;;;;;;;1995-11-10;;;;
FIIM;45.081.470/0001-65;BB ETF IAGRO-FFS B3 FUNDO DE ÍNDICE;2023-07-31;507686;34644387.83;AÇÕES E OUTROS TVM CEDIDOS EM EMPRÉSTIMO;Ação ordinária;N;Para negociação;;;;;3000.00;30600.00;;;RANI3;;;;;;;;1995-07-17;;;;
FIIM;45.081.470/0001-65;BB ETF IAGRO-FFS B3 FUNDO DE ÍNDICE;2023-07-31;507686;34644387.83;AÇÕES E OUTROS TVM CEDIDOS EM EMPRÉSTIMO;Ação ordinária;N;Para negociação;;;;;15870.00;189487.80;;;VAMO3;;;;;;;;2021-01-29;;;;
FIIM;45.081.470/0001-65;BB ETF IAGRO-FFS B3 FUNDO DE ÍNDICE;2023-07-31;507686;34644387.83;AÇÕES E OUTROS TVM CEDIDOS EM EMPRÉSTIMO;Ação ordinária;N;Para negociação;;;;;5637.00;246055.05;;;SLCE3;;;;;;;;2007-06-15;;;;
FIIM;45.081.470/0001-65;BB ETF IAGRO-FFS B3 FUNDO DE ÍNDICE;2023-07-31;507686;34644387.83;AÇÕES E OUTROS TVM CEDIDOS EM EMPRÉSTIMO;Ação ordinária;N;Para negociação;;;;;38775.00;154324.50;;;HBSA3;;;;;;;;2020-09-25;;;;
FIIM;45.081.470/0001-65;BB ETF IAGRO-FFS B3 FUNDO DE ÍNDICE;2023-07-31;507686;34644387.83;AÇÕES E OUTROS TVM CEDIDOS EM EMPRÉSTIMO;Ação ordinária;N;Para negociação;;;;;46220.00;342952.40;;;MRFG3;;;;;;;;2007-06-28;;;;
FIIM;45.081.470/0001-65;BB ETF IAGRO-FFS B3 FUNDO DE ÍNDICE;2023-07-31;507686;34644387.83;AÇÕES E OUTROS TVM CEDIDOS EM EMPRÉSTIMO;Ação ordinária;N;Para negociação;;;;;16470.00;791712.90;;;SUZB3;;;;;;;;2004-08-05;;;;
FIIM;45.081.470/0001-65;BB ETF IAGRO-FFS B3 FUNDO DE ÍNDICE;2023-07-31;507686;34644387.83;AÇÕES E OUTROS TVM CEDIDOS EM EMPRÉSTIMO;Ação ordinária;N;Para negociação;;;;;3150.00;259560.00;;;ARZZ3;;;;;;;;2011-02-02;;;;
FIIM;45.081.470/0001-65;BB ETF IAGRO-FFS B3 FUNDO DE ÍNDICE;2023-07-31;507686;34644387.83;AÇÕES E OUTROS TVM CEDIDOS EM EMPRÉSTIMO;Ação ordinária;N;Para negociação;;;;;36990.00;549671.40;;;ABEV3;;;;;;;;2013-11-11;;;;
FIIM;45.081.470/0001-65;BB ETF IAGRO-FFS B3 FUNDO DE ÍNDICE;2023-07-31;507686;34644387.83;AÇÕES E OUTROS TVM CEDIDOS EM EMPRÉSTIMO;Ação ordinária;N;Para negociação;;;;;7291.00;169442.84;;;RAIL3;;;;;;;;2017-03-13;;;;
FIIM;45.081.470/0001-65;BB ETF IAGRO-FFS B3 FUNDO DE ÍNDICE;2023-07-31;507686;34644387.83;AÇÕES E OUTROS TVM CEDIDOS EM EMPRÉSTIMO;Ação preferencial;N;Para negociação;;;;;63510.00;264201.60;;;RAIZ4;;;;;;;;2021-08-05;;;;
FIIM;45.081.470/0001-65;BB ETF IAGRO-FFS B3 FUNDO DE ÍNDICE;2023-07-31;507686;34644387.83;AÇÕES E OUTROS TVM CEDIDOS EM EMPRÉSTIMO;Ação preferencial;N;Para negociação;;;;;10650.00;132486.00;;;RAPT4;;;;;;;;1996-04-16;;;;
FIIM;45.081.470/0001-65;BB ETF IAGRO-FFS B3 FUNDO DE ÍNDICE;2023-07-31;507686;34644387.83;AÇÕES E OUTROS TVM CEDIDOS EM EMPRÉSTIMO;Certificado de depósito de ações;N;Para negociação;;;;;18440.00;424120.00;;;;KLBN11;;PJ;89637490000145;KLABIN SA;;;;;;;
FIIM;45.081.470/0001-65;BB ETF IAGRO-FFS B3 FUNDO DE ÍNDICE;2023-07-31;507686;34644387.83;OPERAÇÕES COMPROMISSADAS;;N;Para negociação;;;;;13.00;55924.58;;;;;2035-05-15;;;;;760199;;;;;
FIIM;45.081.470/0001-65;BB ETF IAGRO-FFS B3 FUNDO DE ÍNDICE;2023-07-31;507686;34644387.83;CERTIFICADO OU RECIBO DE DEPÓSITO DE VALORES MOBILIÁRIOS;Certificado de depósito de ações;N;Para negociação;3100.00;68369.00;1400.00;30730.92;74660.00;1717180.00;;;;KLABIN UNT N2;;PJ;89637490000145;KLABIN SA;;;;;;;
FIIM;45.295.262/0001-69;INVESTO BLUESTAR TOP 10 US LISTED ALTERNATIVE ASSET MANAGERS ETF FUNDO DE INVESTIMENTO DE ÍNDICE - I;2023-07-31;499690;2107623.89;OPERAÇÕES COMPROMISSADAS;;N;Para negociação;0.00;0.00;0.00;0.00;2.00;5292.23;;;;;2030-08-15;;;;;760199;;;;;
FIIM;45.814.375/0001-23;INVESTO  MARKETVECTOR BRAZIL GLOBAL EXPOSURE ETF - FUNDO DE INVESTIMENTO  DE ÍNDICE;2023-07-31;502254;2220365.15;AÇÕES;Ação ordinária;N;Para negociação;0.00;0.00;0.00;0.00;5191.00;71895.35;;2023-10-29;MYPK3;;;;;;;;1984-09-14;;;;
FIIM;45.814.375/0001-23;INVESTO  MARKETVECTOR BRAZIL GLOBAL EXPOSURE ETF - FUNDO DE INVESTIMENTO  DE ÍNDICE;2023-07-31;502254;2220365.15;AÇÕES;Ação ordinária;N;Para negociação;0.00;0.00;0.00;0.00;7287.00;71121.12;;2023-10-29;BRFS3;;;;;;;;2009-12-10;;;;
FIIM;45.814.375/0001-23;INVESTO  MARKETVECTOR BRAZIL GLOBAL EXPOSURE ETF - FUNDO DE INVESTIMENTO  DE ÍNDICE;2023-07-31;502254;2220365.15;AÇÕES;Ação ordinária;N;Para negociação;0.00;0.00;0.00;0.00;14192.00;63154.40;;2023-10-29;CMIN3;;;;;;;;2021-05-03;;;;
FIIM;45.814.375/0001-23;INVESTO  MARKETVECTOR BRAZIL GLOBAL EXPOSURE ETF - FUNDO DE INVESTIMENTO  DE ÍNDICE;2023-07-31;502254;2220365.15;AÇÕES;Ação ordinária;N;Para negociação;0.00;0.00;0.00;0.00;1310.00;57181.50;;2023-10-29;SLCE3;;;;;;;;2007-06-15;;;;
FIIM;45.814.375/0001-23;INVESTO  MARKETVECTOR BRAZIL GLOBAL EXPOSURE ETF - FUNDO DE INVESTIMENTO  DE ÍNDICE;2023-07-31;502254;2220365.15;AÇÕES;Ação ordinária;N;Para negociação;0.00;0.00;0.00;0.00;1910.00;132095.60;;2023-10-29;VALE3;;;;;;;;1982-02-15;;;;
FIIM;45.814.375/0001-23;INVESTO  MARKETVECTOR BRAZIL GLOBAL EXPOSURE ETF - FUNDO DE INVESTIMENTO  DE ÍNDICE;2023-07-31;502254;2220365.15;AÇÕES;Ação ordinária;N;Para negociação;0.00;0.00;0.00;0.00;1971.00;81047.52;;2023-10-29;IRBR3;;;;;;;;2017-07-31;;;;
FIIM;45.814.375/0001-23;INVESTO  MARKETVECTOR BRAZIL GLOBAL EXPOSURE ETF - FUNDO DE INVESTIMENTO  DE ÍNDICE;2023-07-31;502254;2220365.15;AÇÕES;Ação ordinária;N;Para negociação;0.00;0.00;0.00;0.00;16441.00;121992.22;;2023-10-29;MRFG3;;;;;;;;2007-06-28;;;;
FIIM;45.814.375/0001-23;INVESTO  MARKETVECTOR BRAZIL GLOBAL EXPOSURE ETF - FUNDO DE INVESTIMENTO  DE ÍNDICE;2023-07-31;502254;2220365.15;AÇÕES;Ação ordinária;N;Para negociação;0.00;0.00;0.00;0.00;3892.00;177553.04;;2023-10-29;PRIO3;;;;;;;;2015-06-26;;;;
FIIM;45.814.375/0001-23;INVESTO  MARKETVECTOR BRAZIL GLOBAL EXPOSURE ETF - FUNDO DE INVESTIMENTO  DE ÍNDICE;2023-07-31;502254;2220365.15;AÇÕES;Ação ordinária;N;Para negociação;0.00;0.00;0.00;0.00;3475.00;167043.25;;2023-10-29;SUZB3;;;;;;;;2004-08-05;;;;
FIIM;45.814.375/0001-23;INVESTO  MARKETVECTOR BRAZIL GLOBAL EXPOSURE ETF - FUNDO DE INVESTIMENTO  DE ÍNDICE;2023-07-31;502254;2220365.15;AÇÕES;Ação ordinária;N;Para negociação;0.00;0.00;0.00;0.00;5546.00;102656.46;;2023-10-29;EMBR3;;;;;;;;1989-08-28;;;;
FIIM;45.814.375/0001-23;INVESTO  MARKETVECTOR BRAZIL GLOBAL EXPOSURE ETF - FUNDO DE INVESTIMENTO  DE ÍNDICE;2023-07-31;502254;2220365.15;AÇÕES;Ação ordinária;N;Para negociação;0.00;0.00;0.00;0.00;8314.00;156136.92;;2023-10-29;JBSS3;;;;;;;;2007-03-29;;;;
FIIM;45.814.375/0001-23;INVESTO  MARKETVECTOR BRAZIL GLOBAL EXPOSURE ETF - FUNDO DE INVESTIMENTO  DE ÍNDICE;2023-07-31;502254;2220365.15;AÇÕES;Ação ordinária;N;Para negociação;0.00;0.00;0.00;0.00;4107.00;163951.44;;2023-10-29;WEGE3;;;;;;;;2004-08-02;;;;
FIIM;45.814.375/0001-23;INVESTO  MARKETVECTOR BRAZIL GLOBAL EXPOSURE ETF - FUNDO DE INVESTIMENTO  DE ÍNDICE;2023-07-31;502254;2220365.15;AÇÕES;Ação ordinária;N;Para negociação;0.00;0.00;0.00;0.00;12126.00;180192.36;;2023-10-29;ABEV3;;;;;;;;2013-11-11;;;;
FIIM;45.814.375/0001-23;INVESTO  MARKETVECTOR BRAZIL GLOBAL EXPOSURE ETF - FUNDO DE INVESTIMENTO  DE ÍNDICE;2023-07-31;502254;2220365.15;AÇÕES;Ação ordinária;N;Para negociação;0.00;0.00;0.00;0.00;7508.00;75755.72;;2023-10-29;BEEF3;;;;;;;;2007-07-20;;;;
FIIM;45.814.375/0001-23;INVESTO  MARKETVECTOR BRAZIL GLOBAL EXPOSURE ETF - FUNDO DE INVESTIMENTO  DE ÍNDICE;2023-07-31;502254;2220365.15;AÇÕES;Ação ordinária;N;Para negociação;0.00;0.00;0.00;0.00;4959.00;68632.56;;2023-10-29;CSNA3;;;;;;;;1993-08-02;;;;
FIIM;45.814.375/0001-23;INVESTO  MARKETVECTOR BRAZIL GLOBAL EXPOSURE ETF - FUNDO DE INVESTIMENTO  DE ÍNDICE;2023-07-31;502254;2220365.15;AÇÕES;Ação ordinária;N;Para negociação;0.00;0.00;0.00;0.00;1578.00;52815.66;;2023-10-29;SMTO3;;;;;;;;2007-02-12;;;;
FIIM;45.814.375/0001-23;INVESTO  MARKETVECTOR BRAZIL GLOBAL EXPOSURE ETF - FUNDO DE INVESTIMENTO  DE ÍNDICE;2023-07-31;502254;2220365.15;AÇÕES;Ação ordinária;N;Para negociação;0.00;0.00;0.00;0.00;7183.00;131233.41;;2023-10-29;NTCO3;;;;;;;;2019-12-18;;;;
FIIM;45.814.375/0001-23;INVESTO  MARKETVECTOR BRAZIL GLOBAL EXPOSURE ETF - FUNDO DE INVESTIMENTO  DE ÍNDICE;2023-07-31;502254;2220365.15;AÇÕES;Ação preferencial;N;Para negociação;0.00;0.00;0.00;0.00;1885.00;55136.25;;2023-10-29;GGBR4;;;;;;;;2001-02-01;;;;
FIIM;45.814.375/0001-23;INVESTO  MARKETVECTOR BRAZIL GLOBAL EXPOSURE ETF - FUNDO DE INVESTIMENTO  DE ÍNDICE;2023-07-31;502254;2220365.15;AÇÕES;Ação preferencial;N;Para negociação;0.00;0.00;0.00;0.00;2534.00;59523.66;;2023-10-29;BRAP4;;;;;;;;2000-08-10;;;;
FIIM;45.814.375/0001-23;INVESTO  MARKETVECTOR BRAZIL GLOBAL EXPOSURE ETF - FUNDO DE INVESTIMENTO  DE ÍNDICE;2023-07-31;502254;2220365.15;AÇÕES;Ação preferencial;N;Para negociação;0.00;0.00;0.00;0.00;4751.00;120675.40;;2023-10-29;BRKM5;;;;;;;;2002-09-02;;;;
FIIM;45.814.375/0001-23;INVESTO  MARKETVECTOR BRAZIL GLOBAL EXPOSURE ETF - FUNDO DE INVESTIMENTO  DE ÍNDICE;2023-07-31;502254;2220365.15;AÇÕES;Ação preferencial;N;Para negociação;0.00;0.00;0.00;0.00;4055.00;55756.25;;2023-10-29;GOAU4;;;;;;;;1973-08-27;;;;
FIIM;45.814.375/0001-23;INVESTO  MARKETVECTOR BRAZIL GLOBAL EXPOSURE ETF - FUNDO DE INVESTIMENTO  DE ÍNDICE;2023-07-31;502254;2220365.15;DISPONIBILIDADES;Outros;;Para negociação;;;;;;3000.00;;2023-10-29;;Disponibilidade;;;;;;;;;;;
FIIM;45.814.375/0001-23;INVESTO  MARKETVECTOR BRAZIL GLOBAL EXPOSURE ETF - FUNDO DE INVESTIMENTO  DE ÍNDICE;2023-07-31;502254;2220365.15;VALORES A PAGAR;Outros;;Para negociação;;;;;;588.39;;2023-10-29;;Valores a Pagar;;;;;;;;;;;
FIIM;45.814.375/0001-23;INVESTO  MARKETVECTOR BRAZIL GLOBAL EXPOSURE ETF - FUNDO DE INVESTIMENTO  DE ÍNDICE;2023-07-31;502254;2220365.15;VALORES A RECEBER;Outros;;Para negociação;;;;;;16942.46;;2023-10-29;;Valores a Receber;;;;;;;;;;;
FIIM;45.814.400/0001-79;INVESTO MARKETVECTOR BRAZIL SMALL CAP VALUE ETF - FUNDO DE INVESTIMENTO DE ÍNDICE;2023-07-31;502253;1988226.59;AÇÕES;Ação ordinária;N;Para negociação;0.00;0.00;0.00;0.00;1278.00;27349.20;;2023-10-29;;LOGG3;;PJ;9041168000110;LOG COMMERCIAL PROPERTIES;;;;;;;
FIIM;45.814.400/0001-79;INVESTO MARKETVECTOR BRAZIL SMALL CAP VALUE ETF - FUNDO DE INVESTIMENTO DE ÍNDICE;2023-07-31;502253;1988226.59;AÇÕES;Ação ordinária;N;Para negociação;0.00;0.00;0.00;0.00;1531.00;20086.72;;2023-10-29;;ARML3;;PJ;242184000104;ARMAC LOCA??O, LOG?STICA E SERVI?OS S.A.;;;;;;;
FIIM;45.814.400/0001-79;INVESTO MARKETVECTOR BRAZIL SMALL CAP VALUE ETF - FUNDO DE INVESTIMENTO DE ÍNDICE;2023-07-31;502253;1988226.59;AÇÕES;Ação ordinária;N;Para negociação;0.00;0.00;0.00;0.00;2759.00;36446.39;;2023-10-29;;SBFG3;;PJ;13217485000111;GRUPO SBF SA;;;;;;;
FIIM;45.814.400/0001-79;INVESTO MARKETVECTOR BRAZIL SMALL CAP VALUE ETF - FUNDO DE INVESTIMENTO DE ÍNDICE;2023-07-31;502253;1988226.59;AÇÕES;Ação ordinária;N;Para negociação;0.00;0.00;0.00;0.00;10792.00;23310.72;;2023-10-29;VIIA3;;;;;;;;2021-08-16;;;;
FIIM;45.814.400/0001-79;INVESTO MARKETVECTOR BRAZIL SMALL CAP VALUE ETF - FUNDO DE INVESTIMENTO DE ÍNDICE;2023-07-31;502253;1988226.59;AÇÕES;Ação ordinária;N;Para negociação;0.00;0.00;0.00;0.00;5039.00;21617.31;;2023-10-29;QUAL3;;;;;;;;2011-06-29;;;;
FIIM;45.814.400/0001-79;INVESTO MARKETVECTOR BRAZIL SMALL CAP VALUE ETF - FUNDO DE INVESTIMENTO DE ÍNDICE;2023-07-31;502253;1988226.59;AÇÕES;Ação ordinária;N;Para negociação;0.00;0.00;0.00;0.00;2345.00;22535.45;;2023-10-29;STBP3;;;;;;;;2007-11-21;;;;
FIIM;45.814.400/0001-79;INVESTO MARKETVECTOR BRAZIL SMALL CAP VALUE ETF - FUNDO DE INVESTIMENTO DE ÍNDICE;2023-07-31;502253;1988226.59;AÇÕES;Ação ordinária;N;Para negociação;0.00;0.00;0.00;0.00;1475.00;30532.50;;2023-10-29;PCAR3;;;;;;;;1995-10-03;;;;
FIIM;45.814.400/0001-79;INVESTO MARKETVECTOR BRAZIL SMALL CAP VALUE ETF - FUNDO DE INVESTIMENTO DE ÍNDICE;2023-07-31;502253;1988226.59;AÇÕES;Ação ordinária;N;Para negociação;0.00;0.00;0.00;0.00;1862.00;9868.60;;2023-10-29;CBAV3;;;;;;;;2021-07-15;;;;
FIIM;45.814.400/0001-79;INVESTO MARKETVECTOR BRAZIL SMALL CAP VALUE ETF - FUNDO DE INVESTIMENTO DE ÍNDICE;2023-07-31;502253;1988226.59;AÇÕES;Ação ordinária;N;Para negociação;0.00;0.00;0.00;0.00;2196.00;48729.24;;2023-10-29;YDUQ3;;;;;;;;2019-07-23;;;;
FIIM;45.814.400/0001-79;INVESTO MARKETVECTOR BRAZIL SMALL CAP VALUE ETF - FUNDO DE INVESTIMENTO DE ÍNDICE;2023-07-31;502253;1988226.59;AÇÕES;Ação ordinária;N;Para negociação;0.00;0.00;0.00;0.00;4460.00;36616.60;;2023-10-29;ECOR3;;;;;;;;2010-04-01;;;;
FIIM;45.814.400/0001-79;INVESTO MARKETVECTOR BRAZIL SMALL CAP VALUE ETF - FUNDO DE INVESTIMENTO DE ÍNDICE;2023-07-31;502253;1988226.59;AÇÕES;Ação ordinária;N;Para negociação;0.00;0.00;0.00;0.00;873.00;43789.68;;2023-10-29;LOGN3;;;;;;;;2007-06-21;;;;
FIIM;45.814.400/0001-79;INVESTO MARKETVECTOR BRAZIL SMALL CAP VALUE ETF - FUNDO DE INVESTIMENTO DE ÍNDICE;2023-07-31;502253;1988226.59;AÇÕES;Ação ordinária;N;Para negociação;0.00;0.00;0.00;0.00;2045.00;28527.75;;2023-10-29;ENAT3;;;;;;;;2019-04-24;;;;
FIIM;45.814.400/0001-79;INVESTO MARKETVECTOR BRAZIL SMALL CAP VALUE ETF - FUNDO DE INVESTIMENTO DE ÍNDICE;2023-07-31;502253;1988226.59;AÇÕES;Ação ordinária;N;Para negociação;0.00;0.00;0.00;0.00;4582.00;33494.42;;2023-10-29;GUAR3;;;;;;;;1973-05-14;;;;
FIIM;45.814.400/0001-79;INVESTO MARKETVECTOR BRAZIL SMALL CAP VALUE ETF - FUNDO DE INVESTIMENTO DE ÍNDICE;2023-07-31;502253;1988226.59;AÇÕES;Ação ordinária;N;Para negociação;0.00;0.00;0.00;0.00;670.00;13922.60;;2023-10-29;;BLAU3;;PJ;58430828000160;BLAU FARMAC?UTICA S.A.;;;;;;;
FIIM;45.814.400/0001-79;INVESTO MARKETVECTOR BRAZIL SMALL CAP VALUE ETF - FUNDO DE INVESTIMENTO DE ÍNDICE;2023-07-31;502253;1988226.59;AÇÕES;Ação ordinária;N;Para negociação;0.00;0.00;0.00;0.00;12192.00;14630.40;;2023-10-29;AERI3;;;;;;;;2020-11-11;;;;
FIIM;45.814.400/0001-79;INVESTO MARKETVECTOR BRAZIL SMALL CAP VALUE ETF - FUNDO DE INVESTIMENTO DE ÍNDICE;2023-07-31;502253;1988226.59;AÇÕES;Ação ordinária;N;Para negociação;0.00;0.00;0.00;0.00;3026.00;29594.28;;2023-10-29;SIMH3;;;;;;;;2020-09-18;;;;
FIIM;45.814.400/0001-79;INVESTO MARKETVECTOR BRAZIL SMALL CAP VALUE ETF - FUNDO DE INVESTIMENTO DE ÍNDICE;2023-07-31;502253;1988226.59;AÇÕES;Ação ordinária;N;Para negociação;0.00;0.00;0.00;0.00;3452.00;39387.32;;2023-10-29;MOVI3;;;;;;;;2017-02-08;;;;
FIIM;45.814.400/0001-79;INVESTO MARKETVECTOR BRAZIL SMALL CAP VALUE ETF - FUNDO DE INVESTIMENTO DE ÍNDICE;2023-07-31;502253;1988226.59;AÇÕES;Ação ordinária;N;Para negociação;0.00;0.00;0.00;0.00;2370.00;28534.80;;2023-10-29;ONCO3;;;;;;;;2021-08-10;;;;
FIIM;45.814.400/0001-79;INVESTO MARKETVECTOR BRAZIL SMALL CAP VALUE ETF - FUNDO DE INVESTIMENTO DE ÍNDICE;2023-07-31;502253;1988226.59;AÇÕES;Ação ordinária;N;Para negociação;0.00;0.00;0.00;0.00;1073.00;22640.30;;2023-10-29;DIRR3;;;;;;;;2009-11-19;;;;
FIIM;45.814.400/0001-79;INVESTO MARKETVECTOR BRAZIL SMALL CAP VALUE ETF - FUNDO DE INVESTIMENTO DE ÍNDICE;2023-07-31;502253;1988226.59;AÇÕES;Ação ordinária;N;Para negociação;0.00;0.00;0.00;0.00;5426.00;22897.72;;2023-10-29;PGMN3;;;;;;;;2020-09-02;;;;
FIIM;45.814.400/0001-79;INVESTO MARKETVECTOR BRAZIL SMALL CAP VALUE ETF - FUNDO DE INVESTIMENTO DE ÍNDICE;2023-07-31;502253;1988226.59;AÇÕES;Ação ordinária;N;Para negociação;0.00;0.00;0.00;0.00;5088.00;28696.32;;2023-10-29;JHSF3;;;;;;;;2007-04-12;;;;
FIIM;45.814.400/0001-79;INVESTO MARKETVECTOR BRAZIL SMALL CAP VALUE ETF - FUNDO DE INVESTIMENTO DE ÍNDICE;2023-07-31;502253;1988226.59;AÇÕES;Ação ordinária;N;Para negociação;0.00;0.00;0.00;0.00;2714.00;18998.00;;2023-10-29;PETZ3;;;;;;;;2020-09-11;;;;
FIIM;45.814.400/0001-79;INVESTO MARKETVECTOR BRAZIL SMALL CAP VALUE ETF - FUNDO DE INVESTIMENTO DE ÍNDICE;2023-07-31;502253;1988226.59;AÇÕES;Ação ordinária;N;Para negociação;0.00;0.00;0.00;0.00;1483.00;18759.95;;2023-10-29;TTEN3;;;;;;;;2021-07-12;;;;
FIIM;45.814.400/0001-79;INVESTO MARKETVECTOR BRAZIL SMALL CAP VALUE ETF - FUNDO DE INVESTIMENTO DE ÍNDICE;2023-07-31;502253;1988226.59;AÇÕES;Ação ordinária;N;Para negociação;0.00;0.00;0.00;0.00;2559.00;35442.15;;2023-10-29;MYPK3;;;;;;;;1984-09-14;;;;
FIIM;45.814.400/0001-79;INVESTO MARKETVECTOR BRAZIL SMALL CAP VALUE ETF - FUNDO DE INVESTIMENTO DE ÍNDICE;2023-07-31;502253;1988226.59;AÇÕES;Ação ordinária;N;Para negociação;0.00;0.00;0.00;0.00;1992.00;35397.84;;2023-10-29;CURY3;;;;;;;;2020-09-21;;;;
FIIM;45.814.400/0001-79;INVESTO MARKETVECTOR BRAZIL SMALL CAP VALUE ETF - FUNDO DE INVESTIMENTO DE ÍNDICE;2023-07-31;502253;1988226.59;AÇÕES;Ação ordinária;N;Para negociação;0.00;0.00;0.00;0.00;2153.00;17180.94;;2023-10-29;BOAS3;;;;;;;;2020-09-30;;;;
FIIM;45.814.400/0001-79;INVESTO MARKETVECTOR BRAZIL SMALL CAP VALUE ETF - FUNDO DE INVESTIMENTO DE ÍNDICE;2023-07-31;502253;1988226.59;AÇÕES;Ação ordinária;N;Para negociação;0.00;0.00;0.00;0.00;2399.00;18040.48;;2023-10-29;GRND3;;;;;;;;2004-10-29;;;;
FIIM;45.814.400/0001-79;INVESTO MARKETVECTOR BRAZIL SMALL CAP VALUE ETF - FUNDO DE INVESTIMENTO DE ÍNDICE;2023-07-31;502253;1988226.59;AÇÕES;Ação ordinária;N;Para negociação;0.00;0.00;0.00;0.00;996.00;29282.40;;2023-10-29;VIVA3;;;;;;;;2019-10-10;;;;
FIIM;45.814.400/0001-79;INVESTO MARKETVECTOR BRAZIL SMALL CAP VALUE ETF - FUNDO DE INVESTIMENTO DE ÍNDICE;2023-07-31;502253;1988226.59;AÇÕES;Ação ordinária;N;Para negociação;0.00;0.00;0.00;0.00;4202.00;17228.20;;2023-10-29;FIQE3;;;;;;;;2021-07-27;;;;
FIIM;45.814.400/0001-79;INVESTO MARKETVECTOR BRAZIL SMALL CAP VALUE ETF - FUNDO DE INVESTIMENTO DE ÍNDICE;2023-07-31;502253;1988226.59;AÇÕES;Ação ordinária;N;Para negociação;0.00;0.00;0.00;0.00;1109.00;26416.38;;2023-10-29;CYRE3;;;;;;;;1996-05-27;;;;
FIIM;45.814.400/0001-79;INVESTO MARKETVECTOR BRAZIL SMALL CAP VALUE ETF - FUNDO DE INVESTIMENTO DE ÍNDICE;2023-07-31;502253;1988226.59;AÇÕES;Ação ordinária;N;Para negociação;0.00;0.00;0.00;0.00;2751.00;44318.61;;2023-10-29;FLRY3;;;;;;;;2009-12-17;;;;
FIIM;45.814.400/0001-79;INVESTO MARKETVECTOR BRAZIL SMALL CAP VALUE ETF - FUNDO DE INVESTIMENTO DE ÍNDICE;2023-07-31;502253;1988226.59;AÇÕES;Ação ordinária;N;Para negociação;0.00;0.00;0.00;0.00;2566.00;18680.48;;2023-10-29;CAML3;;;;;;;;2017-09-28;;;;
FIIM;45.814.400/0001-79;INVESTO MARKETVECTOR BRAZIL SMALL CAP VALUE ETF - FUNDO DE INVESTIMENTO DE ÍNDICE;2023-07-31;502253;1988226.59;AÇÕES;Ação ordinária;N;Para negociação;0.00;0.00;0.00;0.00;3611.00;50192.90;;2023-10-29;MRVE3;;;;;;;;2007-07-23;;;;
FIIM;45.814.400/0001-79;INVESTO MARKETVECTOR BRAZIL SMALL CAP VALUE ETF - FUNDO DE INVESTIMENTO DE ÍNDICE;2023-07-31;502253;1988226.59;AÇÕES;Ação ordinária;N;Para negociação;0.00;0.00;0.00;0.00;3179.00;26608.23;;2023-10-29;DXCO3;;;;;;;;2021-08-19;;;;
FIIM;45.814.400/0001-79;INVESTO MARKETVECTOR BRAZIL SMALL CAP VALUE ETF - FUNDO DE INVESTIMENTO DE ÍNDICE;2023-07-31;502253;1988226.59;AÇÕES;Ação ordinária;N;Para negociação;0.00;0.00;0.00;0.00;16638.00;123453.96;;2023-10-29;MRFG3;;;;;;;;2007-06-28;;;;
FIIM;45.814.400/0001-79;INVESTO MARKETVECTOR BRAZIL SMALL CAP VALUE ETF - FUNDO DE INVESTIMENTO DE ÍNDICE;2023-07-31;502253;1988226.59;AÇÕES;Ação ordinária;N;Para negociação;0.00;0.00;0.00;0.00;648.00;29412.72;;2023-10-29;LEVE3;;;;;;;;1973-04-30;;;;
FIIM;45.814.400/0001-79;INVESTO MARKETVECTOR BRAZIL SMALL CAP VALUE ETF - FUNDO DE INVESTIMENTO DE ÍNDICE;2023-07-31;502253;1988226.59;AÇÕES;Ação ordinária;N;Para negociação;0.00;0.00;0.00;0.00;2324.00;23704.80;;2023-10-29;RANI3;;;;;;;;1981-06-10;;;;
FIIM;45.814.400/0001-79;INVESTO MARKETVECTOR BRAZIL SMALL CAP VALUE ETF - FUNDO DE INVESTIMENTO DE ÍNDICE;2023-07-31;502253;1988226.59;AÇÕES;Ação ordinária;N;Para negociação;0.00;0.00;0.00;0.00;729.00;18888.39;;2023-10-29;AGRO3;;;;;;;;2006-05-02;;;;
FIIM;45.814.400/0001-79;INVESTO MARKETVECTOR BRAZIL SMALL CAP VALUE ETF - FUNDO DE INVESTIMENTO DE ÍNDICE;2023-07-31;502253;1988226.59;AÇÕES;Ação ordinária;N;Para negociação;0.00;0.00;0.00;0.00;6118.00;61730.62;;2023-10-29;BEEF3;;;;;;;;2007-07-20;;;;
FIIM;45.814.400/0001-79;INVESTO MARKETVECTOR BRAZIL SMALL CAP VALUE ETF - FUNDO DE INVESTIMENTO DE ÍNDICE;2023-07-31;502253;1988226.59;AÇÕES;Ação ordinária;N;Para negociação;0.00;0.00;0.00;0.00;2174.00;26653.24;;2023-10-29;ODPV3;;;;;;;;2006-12-01;;;;
FIIM;45.814.400/0001-79;INVESTO MARKETVECTOR BRAZIL SMALL CAP VALUE ETF - FUNDO DE INVESTIMENTO DE ÍNDICE;2023-07-31;502253;1988226.59;AÇÕES;Ação ordinária;N;Para negociação;0.00;0.00;0.00;0.00;902.00;18978.08;;2023-10-29;AMBP3;;;;;;;;2020-07-13;;;;
FIIM;45.814.400/0001-79;INVESTO MARKETVECTOR BRAZIL SMALL CAP VALUE ETF - FUNDO DE INVESTIMENTO DE ÍNDICE;2023-07-31;502253;1988226.59;AÇÕES;Ação ordinária;N;Para negociação;0.00;0.00;0.00;0.00;1772.00;23408.12;;2023-10-29;PNVL3;;;;;;;;1984-08-03;;;;
FIIM;45.814.400/0001-79;INVESTO MARKETVECTOR BRAZIL SMALL CAP VALUE ETF - FUNDO DE INVESTIMENTO DE ÍNDICE;2023-07-31;502253;1988226.59;AÇÕES;Ação ordinária;N;Para negociação;0.00;0.00;0.00;0.00;1277.00;27749.21;;2023-10-29;EZTC3;;;;;;;;2007-06-22;;;;
FIIM;45.814.400/0001-79;INVESTO MARKETVECTOR BRAZIL SMALL CAP VALUE ETF - FUNDO DE INVESTIMENTO DE ÍNDICE;2023-07-31;502253;1988226.59;AÇÕES;Ação ordinária;N;Para negociação;0.00;0.00;0.00;0.00;2017.00;20734.76;;2023-10-29;MATD3;;;;;;;;2021-04-16;;;;
FIIM;45.814.400/0001-79;INVESTO MARKETVECTOR BRAZIL SMALL CAP VALUE ETF - FUNDO DE INVESTIMENTO DE ÍNDICE;2023-07-31;502253;1988226.59;AÇÕES;Ação ordinária;N;Para negociação;0.00;0.00;0.00;0.00;1482.00;18436.08;;2023-10-29;MILS3;;;;;;;;2010-04-16;;;;
FIIM;45.814.400/0001-79;INVESTO MARKETVECTOR BRAZIL SMALL CAP VALUE ETF - FUNDO DE INVESTIMENTO DE ÍNDICE;2023-07-31;502253;1988226.59;AÇÕES;Ação ordinária;N;Para negociação;0.00;0.00;0.00;0.00;2524.00;23700.36;;2023-10-29;KEPL3;;;;;;;;1981-02-13;;;;
FIIM;45.814.400/0001-79;INVESTO MARKETVECTOR BRAZIL SMALL CAP VALUE ETF - FUNDO DE INVESTIMENTO DE ÍNDICE;2023-07-31;502253;1988226.59;AÇÕES;Ação ordinária;N;Para negociação;0.00;0.00;0.00;0.00;785.00;30198.95;;2023-10-29;ORVR3;;;;;;;;2021-02-17;;;;
FIIM;45.814.400/0001-79;INVESTO MARKETVECTOR BRAZIL SMALL CAP VALUE ETF - FUNDO DE INVESTIMENTO DE ÍNDICE;2023-07-31;502253;1988226.59;AÇÕES;Ação ordinária;N;Para negociação;0.00;0.00;0.00;0.00;639.00;17361.63;;2023-10-29;TUPY3;;;;;;;;1973-06-13;;;;
FIIM;45.814.400/0001-79;INVESTO MARKETVECTOR BRAZIL SMALL CAP VALUE ETF - FUNDO DE INVESTIMENTO DE ÍNDICE;2023-07-31;502253;1988226.59;AÇÕES;Ação ordinária;N;Para negociação;0.00;0.00;0.00;0.00;763.00;18426.45;;2023-10-29;AALR3;;;;;;;;2016-10-28;;;;
FIIM;45.814.400/0001-79;INVESTO MARKETVECTOR BRAZIL SMALL CAP VALUE ETF - FUNDO DE INVESTIMENTO DE ÍNDICE;2023-07-31;502253;1988226.59;AÇÕES;Ação ordinária;N;Para negociação;0.00;0.00;0.00;0.00;625.00;14368.75;;2023-10-29;RECV3;;;;;;;;2021-05-05;;;;
FIIM;45.814.400/0001-79;INVESTO MARKETVECTOR BRAZIL SMALL CAP VALUE ETF - FUNDO DE INVESTIMENTO DE ÍNDICE;2023-07-31;502253;1988226.59;AÇÕES;Ação preferencial;N;Para negociação;0.00;0.00;0.00;0.00;1621.00;23650.39;;2023-10-29;BRSR6;;;;;;;;2007-09-03;;;;
FIIM;45.814.400/0001-79;INVESTO MARKETVECTOR BRAZIL SMALL CAP VALUE ETF - FUNDO DE INVESTIMENTO DE ÍNDICE;2023-07-31;502253;1988226.59;AÇÕES;Ação preferencial;N;Para negociação;0.00;0.00;0.00;0.00;55563.00;231142.08;;2023-10-29;RAIZ4;;;;;;;;2021-08-05;;;;
FIIM;45.814.400/0001-79;INVESTO MARKETVECTOR BRAZIL SMALL CAP VALUE ETF - FUNDO DE INVESTIMENTO DE ÍNDICE;2023-07-31;502253;1988226.59;AÇÕES;Ação preferencial;N;Para negociação;0.00;0.00;0.00;0.00;1314.00;24571.80;;2023-10-29;ABCB4;;;;;;;;2007-07-25;;;;
FIIM;45.814.400/0001-79;INVESTO MARKETVECTOR BRAZIL SMALL CAP VALUE ETF - FUNDO DE INVESTIMENTO DE ÍNDICE;2023-07-31;502253;1988226.59;AÇÕES;Ação preferencial;N;Para negociação;0.00;0.00;0.00;0.00;3622.00;33684.60;;2023-10-29;BPAN4;;;;;;;;2014-08-05;;;;
FIIM;45.814.400/0001-79;INVESTO MARKETVECTOR BRAZIL SMALL CAP VALUE ETF - FUNDO DE INVESTIMENTO DE ÍNDICE;2023-07-31;502253;1988226.59;AÇÕES;Ação preferencial;N;Para negociação;0.00;0.00;0.00;0.00;3036.00;37767.84;;2023-10-29;RAPT4;;;;;;;;1993-03-19;;;;
FIIM;45.814.400/0001-79;INVESTO MARKETVECTOR BRAZIL SMALL CAP VALUE ETF - FUNDO DE INVESTIMENTO DE ÍNDICE;2023-07-31;502253;1988226.59;AÇÕES;Ação preferencial;N;Para negociação;0.00;0.00;0.00;0.00;1806.00;17391.78;;2023-10-29;ALPA4;;;;;;;;1973-03-19;;;;
FIIM;45.814.400/0001-79;INVESTO MARKETVECTOR BRAZIL SMALL CAP VALUE ETF - FUNDO DE INVESTIMENTO DE ÍNDICE;2023-07-31;502253;1988226.59;AÇÕES;Ação preferencial;N;Para negociação;0.00;0.00;0.00;0.00;5172.00;27049.56;;2023-10-29;POMO4;;;;;;;;1978-07-20;;;;
FIIM;45.814.400/0001-79;INVESTO MARKETVECTOR BRAZIL SMALL CAP VALUE ETF - FUNDO DE INVESTIMENTO DE ÍNDICE;2023-07-31;502253;1988226.59;AÇÕES;Ação preferencial;N;Para negociação;0.00;0.00;0.00;0.00;1143.00;16973.55;;2023-10-29;TASA4;;;;;;;;2019-11-12;;;;
FIIM;45.814.400/0001-79;INVESTO MARKETVECTOR BRAZIL SMALL CAP VALUE ETF - FUNDO DE INVESTIMENTO DE ÍNDICE;2023-07-31;502253;1988226.59;DISPONIBILIDADES;Outros;;Para negociação;;;;;;3000.00;;2023-10-29;;Disponibilidade;;;;;;;;;;;
FIIM;45.814.400/0001-79;INVESTO MARKETVECTOR BRAZIL SMALL CAP VALUE ETF - FUNDO DE INVESTIMENTO DE ÍNDICE;2023-07-31;502253;1988226.59;VALORES A PAGAR;Outros;;Para negociação;;;;;;533.69;;2023-10-29;;Valores a Pagar;;;;;;;;;;;
FIIM;45.814.400/0001-79;INVESTO MARKETVECTOR BRAZIL SMALL CAP VALUE ETF - FUNDO DE INVESTIMENTO DE ÍNDICE;2023-07-31;502253;1988226.59;VALORES A RECEBER;Outros;;Para negociação;;;;;;21684.89;;2023-10-29;;Valores a Receber;;;;;;;;;;;
FIIM;45.814.400/0001-79;INVESTO MARKETVECTOR BRAZIL SMALL CAP VALUE ETF - FUNDO DE INVESTIMENTO DE ÍNDICE;2023-07-31;502253;1988226.59;AÇÕES E OUTROS TVM CEDIDOS EM EMPRÉSTIMO;Recibo de subscrição;N;Para negociação;;;;;64.00;268.80;;2023-10-29;ABCB2;;;;;;;;2023-07-03;;;;
FIIM;45.814.400/0001-79;INVESTO MARKETVECTOR BRAZIL SMALL CAP VALUE ETF - FUNDO DE INVESTIMENTO DE ÍNDICE;2023-07-31;502253;1988226.59;CERTIFICADO OU RECIBO DE DEPÓSITO DE VALORES MOBILIÁRIOS;Certificado de depósito de ações;N;Para negociação;;;;;1129.00;23663.84;;2023-10-29;SAPR11;;;;;;;;2017-11-17;;;;
FIIM;45.814.400/0001-79;INVESTO MARKETVECTOR BRAZIL SMALL CAP VALUE ETF - FUNDO DE INVESTIMENTO DE ÍNDICE;2023-07-31;502253;1988226.59;CERTIFICADO OU RECIBO DE DEPÓSITO DE VALORES MOBILIÁRIOS;Certificado de depósito de ações;N;Para negociação;;;;;1278.00;18671.58;;2023-10-29;BRBI11;;;;;;;;2021-06-21;;;;
FIIM;45.814.400/0001-79;INVESTO MARKETVECTOR BRAZIL SMALL CAP VALUE ETF - FUNDO DE INVESTIMENTO DE ÍNDICE;2023-07-31;502253;1988226.59;BRAZILIAN DEPOSITORY RECEIPT - BDR;BDR nível III;N;Para negociação;;;;;251.00;32060.23;;2023-10-29;;XPBR/XPBR20/BRXPBRBDR019;;PJ;35306280000145;XP INC.;;;;;;;
FIIM;45.823.539/0001-89;INVESTO MARKETVECTOR BRAZIL DOMESTIC EXPOSURE ETF - FUNDO DE INVESTIMENTO DE ÍNDICE;2023-07-31;502316;2132036.40;AÇÕES;Ação ordinária;N;Para negociação;0.00;0.00;0.00;0.00;657.00;8678.97;;2023-10-29;;SBFG3;;PJ;13217485000111;GRUPO SBF SA;;;;;;;
FIIM;45.823.539/0001-89;INVESTO MARKETVECTOR BRAZIL DOMESTIC EXPOSURE ETF - FUNDO DE INVESTIMENTO DE ÍNDICE;2023-07-31;502316;2132036.40;AÇÕES;Ação ordinária;N;Para negociação;0.00;0.00;0.00;0.00;930.00;17437.50;;2023-10-29;LREN3;;;;;;;;1973-07-24;;;;
FIIM;45.823.539/0001-89;INVESTO MARKETVECTOR BRAZIL DOMESTIC EXPOSURE ETF - FUNDO DE INVESTIMENTO DE ÍNDICE;2023-07-31;502316;2132036.40;AÇÕES;Ação ordinária;N;Para negociação;0.00;0.00;0.00;0.00;277.00;8143.80;;2023-10-29;VIVA3;;;;;;;;2019-10-10;;;;
FIIM;45.823.539/0001-89;INVESTO MARKETVECTOR BRAZIL DOMESTIC EXPOSURE ETF - FUNDO DE INVESTIMENTO DE ÍNDICE;2023-07-31;502316;2132036.40;AÇÕES;Ação ordinária;N;Para negociação;0.00;0.00;0.00;0.00;500.00;4965.00;;2023-10-29;CASH3;;;;;;;;2020-11-05;;;;
FIIM;45.823.539/0001-89;INVESTO MARKETVECTOR BRAZIL DOMESTIC EXPOSURE ETF - FUNDO DE INVESTIMENTO DE ÍNDICE;2023-07-31;502316;2132036.40;AÇÕES;Ação ordinária;N;Para negociação;0.00;0.00;0.00;0.00;5321.00;17825.35;;2023-10-29;MGLU3;;;;;;;;2011-05-02;;;;
FIIM;45.823.539/0001-89;INVESTO MARKETVECTOR BRAZIL DOMESTIC EXPOSURE ETF - FUNDO DE INVESTIMENTO DE ÍNDICE;2023-07-31;502316;2132036.40;AÇÕES;Ação ordinária;N;Para negociação;0.00;0.00;0.00;0.00;625.00;26318.75;;2023-10-29;VIVT3;;;;;;;;2011-10-06;;;;
FIIM;45.823.539/0001-89;INVESTO MARKETVECTOR BRAZIL DOMESTIC EXPOSURE ETF - FUNDO DE INVESTIMENTO DE ÍNDICE;2023-07-31;502316;2132036.40;AÇÕES;Ação ordinária;N;Para negociação;0.00;0.00;0.00;0.00;1441.00;11830.61;;2023-10-29;ECOR3;;;;;;;;2010-04-01;;;;
FIIM;45.823.539/0001-89;INVESTO MARKETVECTOR BRAZIL DOMESTIC EXPOSURE ETF - FUNDO DE INVESTIMENTO DE ÍNDICE;2023-07-31;502316;2132036.40;AÇÕES;Ação ordinária;N;Para negociação;0.00;0.00;0.00;0.00;338.00;14621.88;;2023-10-29;HYPE3;;;;;;;;2008-04-18;;;;
FIIM;45.823.539/0001-89;INVESTO MARKETVECTOR BRAZIL DOMESTIC EXPOSURE ETF - FUNDO DE INVESTIMENTO DE ÍNDICE;2023-07-31;502316;2132036.40;AÇÕES;Ação ordinária;N;Para negociação;0.00;0.00;0.00;0.00;1008.00;23425.92;;2023-10-29;RAIL3;;;;;;;;2017-03-13;;;;
FIIM;45.823.539/0001-89;INVESTO MARKETVECTOR BRAZIL DOMESTIC EXPOSURE ETF - FUNDO DE INVESTIMENTO DE ÍNDICE;2023-07-31;502316;2132036.40;AÇÕES;Ação ordinária;N;Para negociação;0.00;0.00;0.00;0.00;3299.00;11051.65;;2023-10-29;COGN3;;;;;;;;2019-10-11;;;;
FIIM;45.823.539/0001-89;INVESTO MARKETVECTOR BRAZIL DOMESTIC EXPOSURE ETF - FUNDO DE INVESTIMENTO DE ÍNDICE;2023-07-31;502316;2132036.40;AÇÕES;Ação ordinária;N;Para negociação;0.00;0.00;0.00;0.00;618.00;3275.40;;2023-10-29;CBAV3;;;;;;;;2021-07-15;;;;
FIIM;45.823.539/0001-89;INVESTO MARKETVECTOR BRAZIL DOMESTIC EXPOSURE ETF - FUNDO DE INVESTIMENTO DE ÍNDICE;2023-07-31;502316;2132036.40;AÇÕES;Ação ordinária;N;Para negociação;0.00;0.00;0.00;0.00;241.00;8567.55;;2023-10-29;RRRP3;;;;;;;;2020-11-12;;;;
FIIM;45.823.539/0001-89;INVESTO MARKETVECTOR BRAZIL DOMESTIC EXPOSURE ETF - FUNDO DE INVESTIMENTO DE ÍNDICE;2023-07-31;502316;2132036.40;AÇÕES;Ação ordinária;N;Para negociação;0.00;0.00;0.00;0.00;864.00;28978.56;;2023-10-29;EQTL3;;;;;;;;2006-04-03;;;;
FIIM;45.823.539/0001-89;INVESTO MARKETVECTOR BRAZIL DOMESTIC EXPOSURE ETF - FUNDO DE INVESTIMENTO DE ÍNDICE;2023-07-31;502316;2132036.40;AÇÕES;Ação ordinária;N;Para negociação;0.00;0.00;0.00;0.00;533.00;8586.63;;2023-10-29;FLRY3;;;;;;;;2009-12-17;;;;
FIIM;45.823.539/0001-89;INVESTO MARKETVECTOR BRAZIL DOMESTIC EXPOSURE ETF - FUNDO DE INVESTIMENTO DE ÍNDICE;2023-07-31;502316;2132036.40;AÇÕES;Ação ordinária;N;Para negociação;0.00;0.00;0.00;0.00;273.00;11392.29;;2023-10-29;MDIA3;;;;;;;;2006-10-18;;;;
FIIM;45.823.539/0001-89;INVESTO MARKETVECTOR BRAZIL DOMESTIC EXPOSURE ETF - FUNDO DE INVESTIMENTO DE ÍNDICE;2023-07-31;502316;2132036.40;AÇÕES;Ação ordinária;N;Para negociação;0.00;0.00;0.00;0.00;552.00;17178.24;;2023-10-29;BBSE3;;;;;;;;2013-04-29;;;;
FIIM;45.823.539/0001-89;INVESTO MARKETVECTOR BRAZIL DOMESTIC EXPOSURE ETF - FUNDO DE INVESTIMENTO DE ÍNDICE;2023-07-31;502316;2132036.40;AÇÕES;Ação ordinária;N;Para negociação;0.00;0.00;0.00;0.00;5176.00;11180.16;;2023-10-29;VIIA3;;;;;;;;2021-08-16;;;;
FIIM;45.823.539/0001-89;INVESTO MARKETVECTOR BRAZIL DOMESTIC EXPOSURE ETF - FUNDO DE INVESTIMENTO DE ÍNDICE;2023-07-31;502316;2132036.40;AÇÕES;Ação ordinária;N;Para negociação;0.00;0.00;0.00;0.00;1046.00;20449.30;;2023-10-29;NEOE3;;;;;;;;2017-10-05;;;;
FIIM;45.823.539/0001-89;INVESTO MARKETVECTOR BRAZIL DOMESTIC EXPOSURE ETF - FUNDO DE INVESTIMENTO DE ÍNDICE;2023-07-31;502316;2132036.40;AÇÕES;Ação ordinária;N;Para negociação;0.00;0.00;0.00;0.00;548.00;13321.88;;2023-10-29;ALSO3;;;;;;;;2019-08-06;;;;
FIIM;45.823.539/0001-89;INVESTO MARKETVECTOR BRAZIL DOMESTIC EXPOSURE ETF - FUNDO DE INVESTIMENTO DE ÍNDICE;2023-07-31;502316;2132036.40;AÇÕES;Ação ordinária;N;Para negociação;0.00;0.00;0.00;0.00;277.00;7930.51;;2023-10-29;PSSA3;;;;;;;;2004-11-22;;;;
FIIM;45.823.539/0001-89;INVESTO MARKETVECTOR BRAZIL DOMESTIC EXPOSURE ETF - FUNDO DE INVESTIMENTO DE ÍNDICE;2023-07-31;502316;2132036.40;AÇÕES;Ação ordinária;N;Para negociação;0.00;0.00;0.00;0.00;509.00;12160.01;;2023-10-29;ENBR3;;;;;;;;2005-07-13;;;;
FIIM;45.823.539/0001-89;INVESTO MARKETVECTOR BRAZIL DOMESTIC EXPOSURE ETF - FUNDO DE INVESTIMENTO DE ÍNDICE;2023-07-31;502316;2132036.40;AÇÕES;Ação ordinária;N;Para negociação;0.00;0.00;0.00;0.00;889.00;11885.93;;2023-10-29;ENEV3;;;;;;;;2013-10-22;;;;
FIIM;45.823.539/0001-89;INVESTO MARKETVECTOR BRAZIL DOMESTIC EXPOSURE ETF - FUNDO DE INVESTIMENTO DE ÍNDICE;2023-07-31;502316;2132036.40;AÇÕES;Ação ordinária;N;Para negociação;0.00;0.00;0.00;0.00;1829.00;14485.68;;2023-10-29;GMAT3;;;;;;;;2020-10-13;;;;
FIIM;45.823.539/0001-89;INVESTO MARKETVECTOR BRAZIL DOMESTIC EXPOSURE ETF - FUNDO DE INVESTIMENTO DE ÍNDICE;2023-07-31;502316;2132036.40;AÇÕES;Ação ordinária;N;Para negociação;0.00;0.00;0.00;0.00;453.00;13395.21;;2023-10-29;TOTS3;;;;;;;;2006-03-09;;;;
FIIM;45.823.539/0001-89;INVESTO MARKETVECTOR BRAZIL DOMESTIC EXPOSURE ETF - FUNDO DE INVESTIMENTO DE ÍNDICE;2023-07-31;502316;2132036.40;AÇÕES;Ação ordinária;N;Para negociação;0.00;0.00;0.00;0.00;997.00;8344.89;;2023-10-29;DXCO3;;;;;;;;2021-08-19;;;;
FIIM;45.823.539/0001-89;INVESTO MARKETVECTOR BRAZIL DOMESTIC EXPOSURE ETF - FUNDO DE INVESTIMENTO DE ÍNDICE;2023-07-31;502316;2132036.40;AÇÕES;Ação ordinária;N;Para negociação;0.00;0.00;0.00;0.00;1030.00;4418.70;;2023-10-29;QUAL3;;;;;;;;2011-06-29;;;;
FIIM;45.823.539/0001-89;INVESTO MARKETVECTOR BRAZIL DOMESTIC EXPOSURE ETF - FUNDO DE INVESTIMENTO DE ÍNDICE;2023-07-31;502316;2132036.40;AÇÕES;Ação ordinária;N;Para negociação;0.00;0.00;0.00;0.00;1389.00;18709.83;;2023-10-29;ASAI3;;;;;;;;2021-03-01;;;;
FIIM;45.823.539/0001-89;INVESTO MARKETVECTOR BRAZIL DOMESTIC EXPOSURE ETF - FUNDO DE INVESTIMENTO DE ÍNDICE;2023-07-31;502316;2132036.40;AÇÕES;Ação ordinária;N;Para negociação;0.00;0.00;0.00;0.00;2204.00;30238.88;;2023-10-29;CRFB3;;;;;;;;2017-07-20;;;;
FIIM;45.823.539/0001-89;INVESTO MARKETVECTOR BRAZIL DOMESTIC EXPOSURE ETF - FUNDO DE INVESTIMENTO DE ÍNDICE;2023-07-31;502316;2132036.40;AÇÕES;Ação ordinária;N;Para negociação;0.00;0.00;0.00;0.00;487.00;9856.88;;2023-10-29;CSMG3;;;;;;;;2006-02-08;;;;
FIIM;45.823.539/0001-89;INVESTO MARKETVECTOR BRAZIL DOMESTIC EXPOSURE ETF - FUNDO DE INVESTIMENTO DE ÍNDICE;2023-07-31;502316;2132036.40;AÇÕES;Ação ordinária;N;Para negociação;0.00;0.00;0.00;0.00;1186.00;3534.28;;2023-10-29;CVCB3;;;;;;;;2013-12-09;;;;
FIIM;45.823.539/0001-89;INVESTO MARKETVECTOR BRAZIL DOMESTIC EXPOSURE ETF - FUNDO DE INVESTIMENTO DE ÍNDICE;2023-07-31;502316;2132036.40;AÇÕES;Ação ordinária;N;Para negociação;0.00;0.00;0.00;0.00;4431.00;4563.93;;2023-10-29;OIBR3;;;;;;;;2012-04-09;;;;
FIIM;45.823.539/0001-89;INVESTO MARKETVECTOR BRAZIL DOMESTIC EXPOSURE ETF - FUNDO DE INVESTIMENTO DE ÍNDICE;2023-07-31;502316;2132036.40;AÇÕES;Ação ordinária;N;Para negociação;0.00;0.00;0.00;0.00;5548.00;26630.40;;2023-10-29;HAPV3;;;;;;;;2018-04-25;;;;
FIIM;45.823.539/0001-89;INVESTO MARKETVECTOR BRAZIL DOMESTIC EXPOSURE ETF - FUNDO DE INVESTIMENTO DE ÍNDICE;2023-07-31;502316;2132036.40;AÇÕES;Ação ordinária;N;Para negociação;0.00;0.00;0.00;0.00;1198.00;17179.32;;2023-10-29;TIMS3;;;;;;;;2020-10-13;;;;
FIIM;45.823.539/0001-89;INVESTO MARKETVECTOR BRAZIL DOMESTIC EXPOSURE ETF - FUNDO DE INVESTIMENTO DE ÍNDICE;2023-07-31;502316;2132036.40;AÇÕES;Ação ordinária;N;Para negociação;0.00;0.00;0.00;0.00;270.00;6207.30;;2023-10-29;RECV3;;;;;;;;2021-05-05;;;;
FIIM;45.823.539/0001-89;INVESTO MARKETVECTOR BRAZIL DOMESTIC EXPOSURE ETF - FUNDO DE INVESTIMENTO DE ÍNDICE;2023-07-31;502316;2132036.40;AÇÕES;Ação ordinária;N;Para negociação;0.00;0.00;0.00;0.00;1290.00;12616.20;;2023-10-29;SIMH3;;;;;;;;2020-09-18;;;;
FIIM;45.823.539/0001-89;INVESTO MARKETVECTOR BRAZIL DOMESTIC EXPOSURE ETF - FUNDO DE INVESTIMENTO DE ÍNDICE;2023-07-31;502316;2132036.40;AÇÕES;Ação ordinária;N;Para negociação;0.00;0.00;0.00;0.00;569.00;6793.86;;2023-10-29;VAMO3;;;;;;;;2021-01-29;;;;
FIIM;45.823.539/0001-89;INVESTO MARKETVECTOR BRAZIL DOMESTIC EXPOSURE ETF - FUNDO DE INVESTIMENTO DE ÍNDICE;2023-07-31;502316;2132036.40;AÇÕES;Ação ordinária;N;Para negociação;0.00;0.00;0.00;0.00;3603.00;53684.70;;2023-10-29;B3SA3;;;;;;;;2018-03-26;;;;
FIIM;45.823.539/0001-89;INVESTO MARKETVECTOR BRAZIL DOMESTIC EXPOSURE ETF - FUNDO DE INVESTIMENTO DE ÍNDICE;2023-07-31;502316;2132036.40;AÇÕES;Ação ordinária;N;Para negociação;0.00;0.00;0.00;0.00;364.00;9613.24;;2023-10-29;MULT3;;;;;;;;2007-07-27;;;;
FIIM;45.823.539/0001-89;INVESTO MARKETVECTOR BRAZIL DOMESTIC EXPOSURE ETF - FUNDO DE INVESTIMENTO DE ÍNDICE;2023-07-31;502316;2132036.40;AÇÕES;Ação ordinária;N;Para negociação;0.00;0.00;0.00;0.00;1250.00;7050.00;;2023-10-29;JHSF3;;;;;;;;2007-04-12;;;;
FIIM;45.823.539/0001-89;INVESTO MARKETVECTOR BRAZIL DOMESTIC EXPOSURE ETF - FUNDO DE INVESTIMENTO DE ÍNDICE;2023-07-31;502316;2132036.40;AÇÕES;Ação ordinária;N;Para negociação;0.00;0.00;0.00;0.00;768.00;6336.00;;2023-10-29;POSI3;;;;;;;;2006-12-11;;;;
FIIM;45.823.539/0001-89;INVESTO MARKETVECTOR BRAZIL DOMESTIC EXPOSURE ETF - FUNDO DE INVESTIMENTO DE ÍNDICE;2023-07-31;502316;2132036.40;AÇÕES;Ação ordinária;N;Para negociação;0.00;0.00;0.00;0.00;1163.00;16165.70;;2023-10-29;MRVE3;;;;;;;;2007-07-23;;;;
FIIM;45.823.539/0001-89;INVESTO MARKETVECTOR BRAZIL DOMESTIC EXPOSURE ETF - FUNDO DE INVESTIMENTO DE ÍNDICE;2023-07-31;502316;2132036.40;AÇÕES;Ação ordinária;N;Para negociação;0.00;0.00;0.00;0.00;1047.00;7758.27;;2023-10-29;LWSA3;;;;;;;;2020-02-06;;;;
FIIM;45.823.539/0001-89;INVESTO MARKETVECTOR BRAZIL DOMESTIC EXPOSURE ETF - FUNDO DE INVESTIMENTO DE ÍNDICE;2023-07-31;502316;2132036.40;AÇÕES;Ação ordinária;N;Para negociação;0.00;0.00;0.00;0.00;2770.00;52325.30;;2023-10-29;UGPA3;;;;;;;;1999-10-13;;;;
FIIM;45.823.539/0001-89;INVESTO MARKETVECTOR BRAZIL DOMESTIC EXPOSURE ETF - FUNDO DE INVESTIMENTO DE ÍNDICE;2023-07-31;502316;2132036.40;AÇÕES;Ação ordinária;N;Para negociação;0.00;0.00;0.00;0.00;862.00;9835.42;;2023-10-29;MOVI3;;;;;;;;2017-02-08;;;;
FIIM;45.823.539/0001-89;INVESTO MARKETVECTOR BRAZIL DOMESTIC EXPOSURE ETF - FUNDO DE INVESTIMENTO DE ÍNDICE;2023-07-31;502316;2132036.40;AÇÕES;Ação ordinária;N;Para negociação;0.00;0.00;0.00;0.00;1213.00;8102.84;;2023-10-29;LJQQ3;;;;;;;;2020-08-10;;;;
FIIM;45.823.539/0001-89;INVESTO MARKETVECTOR BRAZIL DOMESTIC EXPOSURE ETF - FUNDO DE INVESTIMENTO DE ÍNDICE;2023-07-31;502316;2132036.40;AÇÕES;Ação ordinária;N;Para negociação;0.00;0.00;0.00;0.00;3190.00;54644.70;;2023-10-29;VBBR3;;;;;;;;2021-10-22;;;;
FIIM;45.823.539/0001-89;INVESTO MARKETVECTOR BRAZIL DOMESTIC EXPOSURE ETF - FUNDO DE INVESTIMENTO DE ÍNDICE;2023-07-31;502316;2132036.40;AÇÕES;Ação ordinária;N;Para negociação;0.00;0.00;0.00;0.00;520.00;10764.00;;2023-10-29;PCAR3;;;;;;;;1995-10-03;;;;
FIIM;45.823.539/0001-89;INVESTO MARKETVECTOR BRAZIL DOMESTIC EXPOSURE ETF - FUNDO DE INVESTIMENTO DE ÍNDICE;2023-07-31;502316;2132036.40;AÇÕES;Ação ordinária;N;Para negociação;0.00;0.00;0.00;0.00;1004.00;48382.76;;2023-10-29;BBAS3;;;;;;;;1973-05-31;;;;
FIIM;45.823.539/0001-89;INVESTO MARKETVECTOR BRAZIL DOMESTIC EXPOSURE ETF - FUNDO DE INVESTIMENTO DE ÍNDICE;2023-07-31;502316;2132036.40;AÇÕES;Ação ordinária;N;Para negociação;0.00;0.00;0.00;0.00;1345.00;26819.30;;2023-10-29;CSAN3;;;;;;;;2005-11-18;;;;
FIIM;45.823.539/0001-89;INVESTO MARKETVECTOR BRAZIL DOMESTIC EXPOSURE ETF - FUNDO DE INVESTIMENTO DE ÍNDICE;2023-07-31;502316;2132036.40;AÇÕES;Ação ordinária;N;Para negociação;0.00;0.00;0.00;0.00;559.00;6853.34;;2023-10-29;ODPV3;;;;;;;;2006-12-01;;;;
FIIM;45.823.539/0001-89;INVESTO MARKETVECTOR BRAZIL DOMESTIC EXPOSURE ETF - FUNDO DE INVESTIMENTO DE ÍNDICE;2023-07-31;502316;2132036.40;AÇÕES;Ação ordinária;N;Para negociação;0.00;0.00;0.00;0.00;2998.00;23564.28;;2023-10-29;LIGT3;;;;;;;;2006-02-22;;;;
FIIM;45.823.539/0001-89;INVESTO MARKETVECTOR BRAZIL DOMESTIC EXPOSURE ETF - FUNDO DE INVESTIMENTO DE ÍNDICE;2023-07-31;502316;2132036.40;AÇÕES;Ação ordinária;N;Para negociação;0.00;0.00;0.00;0.00;98.00;8075.20;;2023-10-29;ARZZ3;;;;;;;;2011-02-02;;;;
FIIM;45.823.539/0001-89;INVESTO MARKETVECTOR BRAZIL DOMESTIC EXPOSURE ETF - FUNDO DE INVESTIMENTO DE ÍNDICE;2023-07-31;502316;2132036.40;AÇÕES;Ação ordinária;N;Para negociação;0.00;0.00;0.00;0.00;488.00;6832.00;;2023-10-29;AURE3;;;;;;;;2022-03-28;;;;
FIIM;45.823.539/0001-89;INVESTO MARKETVECTOR BRAZIL DOMESTIC EXPOSURE ETF - FUNDO DE INVESTIMENTO DE ÍNDICE;2023-07-31;502316;2132036.40;AÇÕES;Ação ordinária;N;Para negociação;0.00;0.00;0.00;0.00;1017.00;12193.83;;2023-10-29;TEND3;;;;;;;;2007-10-15;;;;
FIIM;45.823.539/0001-89;INVESTO MARKETVECTOR BRAZIL DOMESTIC EXPOSURE ETF - FUNDO DE INVESTIMENTO DE ÍNDICE;2023-07-31;502316;2132036.40;AÇÕES;Ação ordinária;N;Para negociação;0.00;0.00;0.00;0.00;250.00;11010.00;;2023-10-29;EGIE3;;;;;;;;2016-07-21;;;;
FIIM;45.823.539/0001-89;INVESTO MARKETVECTOR BRAZIL DOMESTIC EXPOSURE ETF - FUNDO DE INVESTIMENTO DE ÍNDICE;2023-07-31;502316;2132036.40;AÇÕES;Ação ordinária;N;Para negociação;0.00;0.00;0.00;0.00;8706.00;9837.78;;2023-10-29;AMER3;;;;;;;;2021-07-19;;;;
FIIM;45.823.539/0001-89;INVESTO MARKETVECTOR BRAZIL DOMESTIC EXPOSURE ETF - FUNDO DE INVESTIMENTO DE ÍNDICE;2023-07-31;502316;2132036.40;AÇÕES;Ação ordinária;N;Para negociação;0.00;0.00;0.00;0.00;1010.00;9706.10;;2023-10-29;STBP3;;;;;;;;2007-11-21;;;;
FIIM;45.823.539/0001-89;INVESTO MARKETVECTOR BRAZIL DOMESTIC EXPOSURE ETF - FUNDO DE INVESTIMENTO DE ÍNDICE;2023-07-31;502316;2132036.40;AÇÕES;Ação ordinária;N;Para negociação;0.00;0.00;0.00;0.00;359.00;20857.90;;2023-10-29;SBSP3;;;;;;;;1997-03-11;;;;
FIIM;45.823.539/0001-89;INVESTO MARKETVECTOR BRAZIL DOMESTIC EXPOSURE ETF - FUNDO DE INVESTIMENTO DE ÍNDICE;2023-07-31;502316;2132036.40;AÇÕES;Ação ordinária;N;Para negociação;0.00;0.00;0.00;0.00;760.00;27360.00;;2023-10-29;RDOR3;;;;;;;;2021-06-25;;;;
FIIM;45.823.539/0001-89;INVESTO MARKETVECTOR BRAZIL DOMESTIC EXPOSURE ETF - FUNDO DE INVESTIMENTO DE ÍNDICE;2023-07-31;502316;2132036.40;AÇÕES;Ação ordinária;N;Para negociação;0.00;0.00;0.00;0.00;246.00;5175.84;;2023-10-29;AMBP3;;;;;;;;2020-07-13;;;;
FIIM;45.823.539/0001-89;INVESTO MARKETVECTOR BRAZIL DOMESTIC EXPOSURE ETF - FUNDO DE INVESTIMENTO DE ÍNDICE;2023-07-31;502316;2132036.40;AÇÕES;Ação ordinária;N;Para negociação;0.00;0.00;0.00;0.00;655.00;44029.10;;2023-10-29;RENT3;;;;;;;;2005-05-23;;;;
FIIM;45.823.539/0001-89;INVESTO MARKETVECTOR BRAZIL DOMESTIC EXPOSURE ETF - FUNDO DE INVESTIMENTO DE ÍNDICE;2023-07-31;502316;2132036.40;AÇÕES;Ação ordinária;N;Para negociação;0.00;0.00;0.00;0.00;706.00;27286.90;;2023-10-29;ELET3;;;;;;;;1983-09-01;;;;
FIIM;45.823.539/0001-89;INVESTO MARKETVECTOR BRAZIL DOMESTIC EXPOSURE ETF - FUNDO DE INVESTIMENTO DE ÍNDICE;2023-07-31;502316;2132036.40;AÇÕES;Ação ordinária;N;Para negociação;0.00;0.00;0.00;0.00;432.00;9387.36;;2023-10-29;EZTC3;;;;;;;;2007-06-22;;;;
FIIM;45.823.539/0001-89;INVESTO MARKETVECTOR BRAZIL DOMESTIC EXPOSURE ETF - FUNDO DE INVESTIMENTO DE ÍNDICE;2023-07-31;502316;2132036.40;AÇÕES;Ação ordinária;N;Para negociação;0.00;0.00;0.00;0.00;1104.00;4879.68;;2023-10-29;ZAMP3;;;;;;;;2022-10-26;;;;
FIIM;45.823.539/0001-89;INVESTO MARKETVECTOR BRAZIL DOMESTIC EXPOSURE ETF - FUNDO DE INVESTIMENTO DE ÍNDICE;2023-07-31;502316;2132036.40;AÇÕES;Ação ordinária;N;Para negociação;0.00;0.00;0.00;0.00;889.00;9992.36;;2023-10-29;SOMA3;;;;;;;;2020-07-31;;;;
FIIM;45.823.539/0001-89;INVESTO MARKETVECTOR BRAZIL DOMESTIC EXPOSURE ETF - FUNDO DE INVESTIMENTO DE ÍNDICE;2023-07-31;502316;2132036.40;AÇÕES;Ação ordinária;N;Para negociação;0.00;0.00;0.00;0.00;504.00;18033.12;;2023-10-29;CPFE3;;;;;;;;2004-09-29;;;;
FIIM;45.823.539/0001-89;INVESTO MARKETVECTOR BRAZIL DOMESTIC EXPOSURE ETF - FUNDO DE INVESTIMENTO DE ÍNDICE;2023-07-31;502316;2132036.40;AÇÕES;Ação ordinária;N;Para negociação;0.00;0.00;0.00;0.00;1194.00;34590.18;;2023-10-29;RADL3;;;;;;;;2011-12-19;;;;
FIIM;45.823.539/0001-89;INVESTO MARKETVECTOR BRAZIL DOMESTIC EXPOSURE ETF - FUNDO DE INVESTIMENTO DE ÍNDICE;2023-07-31;502316;2132036.40;AÇÕES;Ação ordinária;N;Para negociação;0.00;0.00;0.00;0.00;899.00;6293.00;;2023-10-29;PETZ3;;;;;;;;2020-09-11;;;;
FIIM;45.823.539/0001-89;INVESTO MARKETVECTOR BRAZIL DOMESTIC EXPOSURE ETF - FUNDO DE INVESTIMENTO DE ÍNDICE;2023-07-31;502316;2132036.40;AÇÕES;Ação ordinária;N;Para negociação;0.00;0.00;0.00;0.00;490.00;11671.80;;2023-10-29;CYRE3;;;;;;;;1996-05-27;;;;
FIIM;45.823.539/0001-89;INVESTO MARKETVECTOR BRAZIL DOMESTIC EXPOSURE ETF - FUNDO DE INVESTIMENTO DE ÍNDICE;2023-07-31;502316;2132036.40;AÇÕES;Ação ordinária;N;Para negociação;0.00;0.00;0.00;0.00;228.00;5419.56;;2023-10-29;INTB3;;;;;;;;2021-02-04;;;;
FIIM;45.823.539/0001-89;INVESTO MARKETVECTOR BRAZIL DOMESTIC EXPOSURE ETF - FUNDO DE INVESTIMENTO DE ÍNDICE;2023-07-31;502316;2132036.40;AÇÕES;Ação ordinária;N;Para negociação;0.00;0.00;0.00;0.00;1293.00;1202.49;;2023-10-29;SEQL3;;;;;;;;2020-10-07;;;;
FIIM;45.823.539/0001-89;INVESTO MARKETVECTOR BRAZIL DOMESTIC EXPOSURE ETF - FUNDO DE INVESTIMENTO DE ÍNDICE;2023-07-31;502316;2132036.40;AÇÕES;Ação ordinária;N;Para negociação;0.00;0.00;0.00;0.00;821.00;18217.99;;2023-10-29;YDUQ3;;;;;;;;2019-07-23;;;;
FIIM;45.823.539/0001-89;INVESTO MARKETVECTOR BRAZIL DOMESTIC EXPOSURE ETF - FUNDO DE INVESTIMENTO DE ÍNDICE;2023-07-31;502316;2132036.40;AÇÕES;Ação ordinária;N;Para negociação;0.00;0.00;0.00;0.00;1296.00;17223.84;;2023-10-29;CCRO3;;;;;;;;2002-02-01;;;;
FIIM;45.823.539/0001-89;INVESTO MARKETVECTOR BRAZIL DOMESTIC EXPOSURE ETF - FUNDO DE INVESTIMENTO DE ÍNDICE;2023-07-31;502316;2132036.40;AÇÕES;Ação ordinária;N;Para negociação;0.00;0.00;0.00;0.00;1940.00;9156.80;;2023-10-29;CIEL3;;;;;;;;2009-12-18;;;;
FIIM;45.823.539/0001-89;INVESTO MARKETVECTOR BRAZIL DOMESTIC EXPOSURE ETF - FUNDO DE INVESTIMENTO DE ÍNDICE;2023-07-31;502316;2132036.40;AÇÕES;Ação preferencial;N;Para negociação;0.00;0.00;0.00;0.00;1028.00;9560.40;;2023-10-29;BPAN4;;;;;;;;2014-08-05;;;;
FIIM;45.823.539/0001-89;INVESTO MARKETVECTOR BRAZIL DOMESTIC EXPOSURE ETF - FUNDO DE INVESTIMENTO DE ÍNDICE;2023-07-31;502316;2132036.40;AÇÕES;Ação preferencial;N;Para negociação;0.00;0.00;0.00;0.00;96.00;7770.24;;2023-10-29;UNIP6;;;;;;;;1980-06-04;;;;
FIIM;45.823.539/0001-89;INVESTO MARKETVECTOR BRAZIL DOMESTIC EXPOSURE ETF - FUNDO DE INVESTIMENTO DE ÍNDICE;2023-07-31;502316;2132036.40;AÇÕES;Ação preferencial;N;Para negociação;0.00;0.00;0.00;0.00;372.00;9337.20;;2023-10-29;TRPL4;;;;;;;;1999-07-26;;;;
FIIM;45.823.539/0001-89;INVESTO MARKETVECTOR BRAZIL DOMESTIC EXPOSURE ETF - FUNDO DE INVESTIMENTO DE ÍNDICE;2023-07-31;502316;2132036.40;AÇÕES;Ação preferencial;N;Para negociação;0.00;0.00;0.00;0.00;1135.00;10930.05;;2023-10-29;GOLL4;;;;;;;;2004-06-24;;;;
FIIM;45.823.539/0001-89;INVESTO MARKETVECTOR BRAZIL DOMESTIC EXPOSURE ETF - FUNDO DE INVESTIMENTO DE ÍNDICE;2023-07-31;502316;2132036.40;AÇÕES;Ação preferencial;N;Para negociação;0.00;0.00;0.00;0.00;15154.00;63040.64;;2023-10-29;RAIZ4;;;;;;;;2021-08-05;;;;
FIIM;45.823.539/0001-89;INVESTO MARKETVECTOR BRAZIL DOMESTIC EXPOSURE ETF - FUNDO DE INVESTIMENTO DE ÍNDICE;2023-07-31;502316;2132036.40;AÇÕES;Ação preferencial;N;Para negociação;0.00;0.00;0.00;0.00;467.00;4497.21;;2023-10-29;ALPA4;;;;;;;;1973-03-19;;;;
FIIM;45.823.539/0001-89;INVESTO MARKETVECTOR BRAZIL DOMESTIC EXPOSURE ETF - FUNDO DE INVESTIMENTO DE ÍNDICE;2023-07-31;502316;2132036.40;AÇÕES;Ação preferencial;N;Para negociação;0.00;0.00;0.00;0.00;1633.00;20690.11;;2023-10-29;CMIG4;;;;;;;;1973-08-20;;;;
FIIM;45.823.539/0001-89;INVESTO MARKETVECTOR BRAZIL DOMESTIC EXPOSURE ETF - FUNDO DE INVESTIMENTO DE ÍNDICE;2023-07-31;502316;2132036.40;AÇÕES;Ação preferencial;N;Para negociação;0.00;0.00;0.00;0.00;2668.00;76411.52;;2023-10-29;ITUB4;;;;;;;;2009-05-20;;;;
FIIM;45.823.539/0001-89;INVESTO MARKETVECTOR BRAZIL DOMESTIC EXPOSURE ETF - FUNDO DE INVESTIMENTO DE ÍNDICE;2023-07-31;502316;2132036.40;AÇÕES;Ação preferencial;N;Para negociação;0.00;0.00;0.00;0.00;3877.00;38072.14;;2023-10-29;ITSA4;;;;;;;;1973-09-17;;;;
FIIM;45.823.539/0001-89;INVESTO MARKETVECTOR BRAZIL DOMESTIC EXPOSURE ETF - FUNDO DE INVESTIMENTO DE ÍNDICE;2023-07-31;502316;2132036.40;AÇÕES;Ação preferencial;N;Para negociação;0.00;0.00;0.00;0.00;553.00;8068.27;;2023-10-29;BRSR6;;;;;;;;2007-09-03;;;;
FIIM;45.823.539/0001-89;INVESTO MARKETVECTOR BRAZIL DOMESTIC EXPOSURE ETF - FUNDO DE INVESTIMENTO DE ÍNDICE;2023-07-31;502316;2132036.40;AÇÕES;Ação preferencial;N;Para negociação;0.00;0.00;0.00;0.00;5351.00;166469.61;;2023-10-29;PETR4;;;;;;;;1973-09-18;;;;
FIIM;45.823.539/0001-89;INVESTO MARKETVECTOR BRAZIL DOMESTIC EXPOSURE ETF - FUNDO DE INVESTIMENTO DE ÍNDICE;2023-07-31;502316;2132036.40;AÇÕES;Ação preferencial;N;Para negociação;0.00;0.00;0.00;0.00;809.00;10063.96;;2023-10-29;RAPT4;;;;;;;;1993-03-19;;;;
FIIM;45.823.539/0001-89;INVESTO MARKETVECTOR BRAZIL DOMESTIC EXPOSURE ETF - FUNDO DE INVESTIMENTO DE ÍNDICE;2023-07-31;502316;2132036.40;AÇÕES;Ação preferencial;N;Para negociação;0.00;0.00;0.00;0.00;725.00;12832.50;;2023-10-29;AZUL4;;;;;;;;2017-04-11;;;;
FIIM;45.823.539/0001-89;INVESTO MARKETVECTOR BRAZIL DOMESTIC EXPOSURE ETF - FUNDO DE INVESTIMENTO DE ÍNDICE;2023-07-31;502316;2132036.40;AÇÕES;Ação preferencial;N;Para negociação;0.00;0.00;0.00;0.00;3486.00;58076.76;;2023-10-29;BBDC4;;;;;;;;1973-12-06;;;;
FIIM;45.823.539/0001-89;INVESTO MARKETVECTOR BRAZIL DOMESTIC EXPOSURE ETF - FUNDO DE INVESTIMENTO DE ÍNDICE;2023-07-31;502316;2132036.40;AÇÕES;Ação preferencial;N;Para negociação;0.00;0.00;0.00;0.00;1708.00;12348.84;;2023-10-29;USIM5;;;;;;;;1999-02-02;;;;
FIIM;45.823.539/0001-89;INVESTO MARKETVECTOR BRAZIL DOMESTIC EXPOSURE ETF - FUNDO DE INVESTIMENTO DE ÍNDICE;2023-07-31;502316;2132036.40;DISPONIBILIDADES;Outros;;Para negociação;;;;;;3000.00;;2023-10-29;;Disponibilidade;;;;;;;;;;;
FIIM;45.823.539/0001-89;INVESTO MARKETVECTOR BRAZIL DOMESTIC EXPOSURE ETF - FUNDO DE INVESTIMENTO DE ÍNDICE;2023-07-31;502316;2132036.40;VALORES A PAGAR;Outros;;Para negociação;;;;;;575.74;;2023-10-29;;Valores a Pagar;;;;;;;;;;;
FIIM;45.823.539/0001-89;INVESTO MARKETVECTOR BRAZIL DOMESTIC EXPOSURE ETF - FUNDO DE INVESTIMENTO DE ÍNDICE;2023-07-31;502316;2132036.40;VALORES A RECEBER;Outros;;Para negociação;;;;;;38566.93;;2023-10-29;;Valores a Receber;;;;;;;;;;;
FIIM;45.823.539/0001-89;INVESTO MARKETVECTOR BRAZIL DOMESTIC EXPOSURE ETF - FUNDO DE INVESTIMENTO DE ÍNDICE;2023-07-31;502316;2132036.40;AÇÕES E OUTROS TVM CEDIDOS EM EMPRÉSTIMO;Certificado de depósito de ações;N;Para negociação;;;;;1710.00;58157.10;;2023-10-29;;BPAC11;;PJ;30306294000145;BANCO BTG PACTUAL S.A.;;;;;;;
FIIM;45.823.539/0001-89;INVESTO MARKETVECTOR BRAZIL DOMESTIC EXPOSURE ETF - FUNDO DE INVESTIMENTO DE ÍNDICE;2023-07-31;502316;2132036.40;CERTIFICADO OU RECIBO DE DEPÓSITO DE VALORES MOBILIÁRIOS;Certificado de depósito de ações;N;Para negociação;;;;;374.00;8183.12;;2023-10-29;IGTI11;;;;;;;;2021-11-22;;;;
FIIM;45.823.539/0001-89;INVESTO MARKETVECTOR BRAZIL DOMESTIC EXPOSURE ETF - FUNDO DE INVESTIMENTO DE ÍNDICE;2023-07-31;502316;2132036.40;CERTIFICADO OU RECIBO DE DEPÓSITO DE VALORES MOBILIÁRIOS;Certificado de depósito de ações;N;Para negociação;;;;;659.00;15157.00;;2023-10-29;KLBN11;;;;;;;;2014-01-10;;;;
FIIM;45.823.539/0001-89;INVESTO MARKETVECTOR BRAZIL DOMESTIC EXPOSURE ETF - FUNDO DE INVESTIMENTO DE ÍNDICE;2023-07-31;502316;2132036.40;CERTIFICADO OU RECIBO DE DEPÓSITO DE VALORES MOBILIÁRIOS;Certificado de depósito de ações;N;Para negociação;;;;;354.00;12744.00;;2023-10-29;TAEE11;;;;;;;;2012-05-28;;;;
FIIM;45.823.539/0001-89;INVESTO MARKETVECTOR BRAZIL DOMESTIC EXPOSURE ETF - FUNDO DE INVESTIMENTO DE ÍNDICE;2023-07-31;502316;2132036.40;CERTIFICADO OU RECIBO DE DEPÓSITO DE VALORES MOBILIÁRIOS;Certificado de depósito de ações;N;Para negociação;;;;;429.00;21531.51;;2023-10-29;ENGI11;;;;;;;;2009-11-03;;;;
FIIM;45.823.539/0001-89;INVESTO MARKETVECTOR BRAZIL DOMESTIC EXPOSURE ETF - FUNDO DE INVESTIMENTO DE ÍNDICE;2023-07-31;502316;2132036.40;CERTIFICADO OU RECIBO DE DEPÓSITO DE VALORES MOBILIÁRIOS;Certificado de depósito de ações;N;Para negociação;;;;;494.00;10354.24;;2023-10-29;SAPR11;;;;;;;;2017-11-17;;;;
FIIM;45.823.539/0001-89;INVESTO MARKETVECTOR BRAZIL DOMESTIC EXPOSURE ETF - FUNDO DE INVESTIMENTO DE ÍNDICE;2023-07-31;502316;2132036.40;CERTIFICADO OU RECIBO DE DEPÓSITO DE VALORES MOBILIÁRIOS;Certificado de depósito de ações;N;Para negociação;;;;;313.00;12917.51;;2023-10-29;CPLE11;;;;;;;;2021-04-26;;;;
FIIM;45.823.539/0001-89;INVESTO MARKETVECTOR BRAZIL DOMESTIC EXPOSURE ETF - FUNDO DE INVESTIMENTO DE ÍNDICE;2023-07-31;502316;2132036.40;CERTIFICADO OU RECIBO DE DEPÓSITO DE VALORES MOBILIÁRIOS;Certificado de depósito de ações;N;Para negociação;;;;;418.00;11938.08;;2023-10-29;SANB11;;;;;;;;2009-10-07;;;;
FIIM;45.823.539/0001-89;INVESTO MARKETVECTOR BRAZIL DOMESTIC EXPOSURE ETF - FUNDO DE INVESTIMENTO DE ÍNDICE;2023-07-31;502316;2132036.40;BRAZILIAN DEPOSITORY RECEIPT - BDR;BDR nível I;N;Para negociação;;;;;314.00;39969.06;;2023-10-29;;XPBR31;;PJ;35306280000145;XP INC.;;;;;;;
FIIM;45.823.539/0001-89;INVESTO MARKETVECTOR BRAZIL DOMESTIC EXPOSURE ETF - FUNDO DE INVESTIMENTO DE ÍNDICE;2023-07-31;502316;2132036.40;BRAZILIAN DEPOSITORY RECEIPT - BDR;BDR nível I;N;Para negociação;;;;;2549.00;124620.61;;2023-10-29;MELI34;;;;;;;;2019-04-29;;;;
FIIM;45.823.539/0001-89;INVESTO MARKETVECTOR BRAZIL DOMESTIC EXPOSURE ETF - FUNDO DE INVESTIMENTO DE ÍNDICE;2023-07-31;502316;2132036.40;BRAZILIAN DEPOSITORY RECEIPT - BDR;BDR nível II;N;Para negociação;;;;;547.00;10228.90;;2023-10-29;INBR32;;;;;;;;2022-06-20;;;;
FIIM;45.823.539/0001-89;INVESTO MARKETVECTOR BRAZIL DOMESTIC EXPOSURE ETF - FUNDO DE INVESTIMENTO DE ÍNDICE;2023-07-31;502316;2132036.40;BRAZILIAN DEPOSITORY RECEIPT - BDR;BDR nível III;N;Para negociação;;;;;10376.00;65265.04;;2023-10-29;NUBR33;;;;;;;;2021-12-09;;;;
FIIM;45.823.821/0001-66;INVESTO TEVA TESOURO SELIC ETF - FUNDO DE INVESTIMENTO DE ÍNDICE;2023-07-31;502350;941465108.31;TÍTULOS PÚBLICOS;;N;Para negociação;2571.00;34583195.92;1096.00;14678671.46;7848.00;105923847.97;;;;;2028-03-01;;;;;210100;;;;;
FIIM;45.823.821/0001-66;INVESTO TEVA TESOURO SELIC ETF - FUNDO DE INVESTIMENTO DE ÍNDICE;2023-07-31;502350;941465108.31;TÍTULOS PÚBLICOS;;N;Para negociação;2710.00;36419280.55;1153.00;15429371.70;8265.00;111453917.35;;;;;2028-09-01;;;;;210100;;;;;
FIIM;45.823.821/0001-66;INVESTO TEVA TESOURO SELIC ETF - FUNDO DE INVESTIMENTO DE ÍNDICE;2023-07-31;502350;941465108.31;TÍTULOS PÚBLICOS;;N;Para negociação;767.00;10364376.48;329.00;4425163.35;2355.00;31909850.47;;;;;2026-09-01;;;;;210100;;;;;
FIIM;45.823.821/0001-66;INVESTO TEVA TESOURO SELIC ETF - FUNDO DE INVESTIMENTO DE ÍNDICE;2023-07-31;502350;941465108.31;TÍTULOS PÚBLICOS;;N;Para negociação;3378.00;45543967.89;1438.00;19302328.37;10278.00;139012813.79;;;;;2027-03-01;;;;;210100;;;;;
FIIM;45.823.821/0001-66;INVESTO TEVA TESOURO SELIC ETF - FUNDO DE INVESTIMENTO DE ÍNDICE;2023-07-31;502350;941465108.31;TÍTULOS PÚBLICOS;;N;Para negociação;2973.00;39921695.89;2163.00;28882089.00;9585.00;129051018.82;;;;;2029-03-01;;;;;210100;;;;;
FIIM;45.823.821/0001-66;INVESTO TEVA TESOURO SELIC ETF - FUNDO DE INVESTIMENTO DE ÍNDICE;2023-07-31;502350;941465108.31;TÍTULOS PÚBLICOS;;;Para negociação;3298.00;44622804.68;1521.00;20475976.79;10642.00;144310945.04;;;;;2026-03-01;;;;;210100;;;;;
FIIM;45.823.821/0001-66;INVESTO TEVA TESOURO SELIC ETF - FUNDO DE INVESTIMENTO DE ÍNDICE;2023-07-31;502350;941465108.31;TÍTULOS PÚBLICOS;;;Para negociação;2787.00;37749930.50;1193.00;16085791.63;8541.00;115996356.83;;;;;2025-09-01;;;;;210100;;;;;
FIIM;45.823.821/0001-66;INVESTO TEVA TESOURO SELIC ETF - FUNDO DE INVESTIMENTO DE ÍNDICE;2023-07-31;502350;941465108.31;TÍTULOS PÚBLICOS;;N;Para negociação;3961.00;53344346.73;1694.00;22714630.93;12121.00;163756769.03;;;;;2027-09-01;;;;;210100;;;;;
FIIM;45.823.821/0001-66;INVESTO TEVA TESOURO SELIC ETF - FUNDO DE INVESTIMENTO DE ÍNDICE;2023-07-31;502350;941465108.31;COTAS DE FUNDOS;;N;;4616.76;564076.50;5540.20;677578.14;2349.07;288849.21;;;;;;PJ;43105440000116;BNP Paribas Soberano II FIC FI RF Simples;;;;;;;
FIIM;46.467.170/0001-81;BB ETF ÍNDICE FUTURO DE MILHO B3 FUNDO DE ÍNDICE;2023-07-31;507691;26041364.29;TÍTULOS PÚBLICOS;;;Para negociação;0.00;0.00;0.00;0.00;1565.00;21222197.81;;;;;2026-03-01;;;;;210100;;;;;
FIIM;46.467.170/0001-81;BB ETF ÍNDICE FUTURO DE MILHO B3 FUNDO DE ÍNDICE;2023-07-31;507691;26041364.29;DISPONIBILIDADES;Outros;;Para negociação;;;;;;202736.24;;;;BANCO BRASIL CAIXA;;PJ;191;BCO BRASIL SA;;;;;;;
FIIM;46.467.170/0001-81;BB ETF ÍNDICE FUTURO DE MILHO B3 FUNDO DE ÍNDICE;2023-07-31;507691;26041364.29;VALORES A PAGAR;Outros;;Para negociação;;;;;;469.16;;;;TAXA ADMIN A PAGAR;;;;;;;;;;;
FIIM;46.467.170/0001-81;BB ETF ÍNDICE FUTURO DE MILHO B3 FUNDO DE ÍNDICE;2023-07-31;507691;26041364.29;VALORES A PAGAR;Outros;;Para negociação;;;;;;152.27;;;;SELIC A PAGAR;;;;;;;;;;;
FIIM;46.467.170/0001-81;BB ETF ÍNDICE FUTURO DE MILHO B3 FUNDO DE ÍNDICE;2023-07-31;507691;26041364.29;VALORES A PAGAR;Outros;;Para negociação;;;;;;1336.77;;;;PROV.AUDIT 28/03/24;;;;;;;;;;;
FIIM;46.467.170/0001-81;BB ETF ÍNDICE FUTURO DE MILHO B3 FUNDO DE ÍNDICE;2023-07-31;507691;26041364.29;VALORES A PAGAR;Outros;;Para negociação;;;;;;220.46;;;;TXCUST?DIA A PAGAR;;;;;;;;;;;
FIIM;46.467.170/0001-81;BB ETF ÍNDICE FUTURO DE MILHO B3 FUNDO DE ÍNDICE;2023-07-31;507691;26041364.29;VALORES A PAGAR;Outros;;Para negociação;;;;;;1338.00;;;;ANBID A PAGAR;;;;;;;;;;;
FIIM;46.467.170/0001-81;BB ETF ÍNDICE FUTURO DE MILHO B3 FUNDO DE ÍNDICE;2023-07-31;507691;26041364.29;VALORES A RECEBER;Outros;;Para negociação;;;;;;5769.72;;;;DIFERIR CVM 29/12/23;;;;;;;;;;;
FIIM;46.467.170/0001-81;BB ETF ÍNDICE FUTURO DE MILHO B3 FUNDO DE ÍNDICE;2023-07-31;507691;26041364.29;MERCADO FUTURO - POSIÇÕES COMPRADAS;Futuro de CNI:Milho;;Para negociação;1081.00;26076339.00;0.00;0.00;0.00;0.00;;;;CCM FUTURO BM&F - 17/07/2023;;PJ;54641030000106;BOLSA MERCADORIAS FUTUROS BMF SA;;;;;;;
FIIM;46.467.170/0001-81;BB ETF ÍNDICE FUTURO DE MILHO B3 FUNDO DE ÍNDICE;2023-07-31;507691;26041364.29;MERCADO FUTURO - POSIÇÕES COMPRADAS;Futuro de CNI:Milho;;Para negociação;0.00;0.00;1037.00;26048758.50;1037.00;-242658.00;;;;CCM FUTURO BM&F - 15/09/2023;;PJ;54641030000106;BOLSA MERCADORIAS FUTUROS BMF SA;;;;;;;
FIIM;46.467.170/0001-81;BB ETF ÍNDICE FUTURO DE MILHO B3 FUNDO DE ÍNDICE;2023-07-31;507691;26041364.29;OPERAÇÕES COMPROMISSADAS;;N;Para negociação;;;;;1129.00;4856835.18;;;;;2035-05-15;;;;;760199;;;;;
FIIM;46.610.422/0001-80;BB ETF ÍNDICE FUTURO DE BOI GORDO B3 FUNDO DE ÍNDICE;2023-07-31;507695;47813369.89;TÍTULOS PÚBLICOS;;;Para negociação;295.00;3996586.38;0.00;0.00;3263.00;44247943.42;;;;;2026-03-01;;;;;210100;;;;;
FIIM;46.610.422/0001-80;BB ETF ÍNDICE FUTURO DE BOI GORDO B3 FUNDO DE ÍNDICE;2023-07-31;507695;47813369.89;DISPONIBILIDADES;Outros;;Para negociação;;;;;;308974.05;;;;BANCO BRASIL CAIXA;;PJ;191;BCO BRASIL SA;;;;;;;
FIIM;46.610.422/0001-80;BB ETF ÍNDICE FUTURO DE BOI GORDO B3 FUNDO DE ÍNDICE;2023-07-31;507695;47813369.89;VALORES A PAGAR;Outros;;Para negociação;;;;;;3003.02;;;;Cotas Resgatar;;;;;;;;;;;
FIIM;46.610.422/0001-80;BB ETF ÍNDICE FUTURO DE BOI GORDO B3 FUNDO DE ÍNDICE;2023-07-31;507695;47813369.89;VALORES A PAGAR;Outros;;Para negociação;;;;;;422.47;;;;TXCUST?DIA A PAGAR;;;;;;;;;;;
FIIM;46.610.422/0001-80;BB ETF ÍNDICE FUTURO DE BOI GORDO B3 FUNDO DE ÍNDICE;2023-07-31;507695;47813369.89;VALORES A PAGAR;Outros;;Para negociação;;;;;;852.72;;;;TAXA ADMIN A PAGAR;;;;;;;;;;;
FIIM;46.610.422/0001-80;BB ETF ÍNDICE FUTURO DE BOI GORDO B3 FUNDO DE ÍNDICE;2023-07-31;507695;47813369.89;VALORES A PAGAR;Outros;;Para negociação;;;;;;2128.57;;;;contas pagar Reclassi;;;;;;;;;;;
FIIM;46.610.422/0001-80;BB ETF ÍNDICE FUTURO DE BOI GORDO B3 FUNDO DE ÍNDICE;2023-07-31;507695;47813369.89;VALORES A PAGAR;Outros;;Para negociação;;;;;;227.71;;;;SELIC A PAGAR;;;;;;;;;;;
FIIM;46.610.422/0001-80;BB ETF ÍNDICE FUTURO DE BOI GORDO B3 FUNDO DE ÍNDICE;2023-07-31;507695;47813369.89;VALORES A PAGAR;Outros;;Para negociação;;;;;;1549.44;;;;PROV.AUDIT 28/03/24;;;;;;;;;;;
FIIM;46.610.422/0001-80;BB ETF ÍNDICE FUTURO DE BOI GORDO B3 FUNDO DE ÍNDICE;2023-07-31;507695;47813369.89;VALORES A RECEBER;Outros;;Para negociação;;;;;;5769.72;;;;DIFERIR CVM 29/12/23;;;;;;;;;;;
FIIM;46.610.422/0001-80;BB ETF ÍNDICE FUTURO DE BOI GORDO B3 FUNDO DE ÍNDICE;2023-07-31;507695;47813369.89;MERCADO FUTURO - POSIÇÕES COMPRADAS;Futuro de BGI:Boi gordo;;Para negociação;0.00;0.00;622.00;50417763.00;622.00;41052.00;;;;BGI FUTURO BM&F - 31/08/2023;;PJ;54641030000106;BOLSA MERCADORIAS FUTUROS BMF SA;;;;;;;
FIIM;46.610.422/0001-80;BB ETF ÍNDICE FUTURO DE BOI GORDO B3 FUNDO DE ÍNDICE;2023-07-31;507695;47813369.89;MERCADO FUTURO - POSIÇÕES COMPRADAS;Futuro de BGI:Boi gordo;;Para negociação;618.00;50232765.00;0.00;0.00;0.00;0.00;;;;BGI FUTURO BM&F - 31/07/2023;;PJ;54641030000106;BOLSA MERCADORIAS FUTUROS BMF SA;;;;;;;
FIIM;46.610.422/0001-80;BB ETF ÍNDICE FUTURO DE BOI GORDO B3 FUNDO DE ÍNDICE;2023-07-31;507695;47813369.89;OPERAÇÕES COMPROMISSADAS;;N;Para negociação;;;;;748.00;3217814.63;;;;;2035-05-15;;;;;760199;;;;;
FIIM;48.643.091/0001-00;B-INDEX MORNINGSTAR BRASIL MOMENTO FUNDO DE INDICE;2023-07-31;500138;69692643.34;AÇÕES;Ação ordinária;N;Para negociação;0.00;0.00;7794.00;77671.08;143296.00;1377074.56;;;STBP3;;;;;;;;2007-11-21;;;;
FIIM;48.643.091/0001-00;B-INDEX MORNINGSTAR BRASIL MOMENTO FUNDO DE INDICE;2023-07-31;500138;69692643.34;AÇÕES;Ação ordinária;N;Para negociação;0.00;0.00;2482.00;75737.25;71955.00;2239239.60;;;BBSE3;;;;;;;;2013-04-29;;;;
FIIM;48.643.091/0001-00;B-INDEX MORNINGSTAR BRASIL MOMENTO FUNDO DE INDICE;2023-07-31;500138;69692643.34;AÇÕES;Ação ordinária;N;Para negociação;0.00;0.00;2017.00;71442.51;58334.00;2328693.28;;;WEGE3;;;;;;;;2004-08-02;;;;
FIIM;48.643.091/0001-00;B-INDEX MORNINGSTAR BRASIL MOMENTO FUNDO DE INDICE;2023-07-31;500138;69692643.34;AÇÕES;Ação ordinária;N;Para negociação;0.00;0.00;4341.00;85645.15;53140.00;1003814.60;;;UGPA3;;;;;;;;1999-10-13;;;;
FIIM;48.643.091/0001-00;B-INDEX MORNINGSTAR BRASIL MOMENTO FUNDO DE INDICE;2023-07-31;500138;69692643.34;AÇÕES;Ação ordinária;N;Para negociação;0.00;0.00;2841.00;75104.51;79472.00;2098855.52;;;MULT3;;;;;;;;2007-07-27;;;;
FIIM;48.643.091/0001-00;B-INDEX MORNINGSTAR BRASIL MOMENTO FUNDO DE INDICE;2023-07-31;500138;69692643.34;AÇÕES;Ação ordinária;N;Para negociação;0.00;0.00;1778.00;79563.80;27091.00;1193087.64;;;EGIE3;;;;;;;;2016-07-21;;;;
FIIM;48.643.091/0001-00;B-INDEX MORNINGSTAR BRASIL MOMENTO FUNDO DE INDICE;2023-07-31;500138;69692643.34;AÇÕES;Ação ordinária;N;Para negociação;0.00;0.00;5220.00;76177.98;151282.00;2254101.80;;;B3SA3;;;;;;;;2018-03-26;;;;
FIIM;48.643.091/0001-00;B-INDEX MORNINGSTAR BRASIL MOMENTO FUNDO DE INDICE;2023-07-31;500138;69692643.34;AÇÕES;Ação ordinária;N;Para negociação;0.00;0.00;3929.00;86300.50;47886.00;1140644.52;;;CYRE3;;;;;;;;1996-05-27;;;;
FIIM;48.643.091/0001-00;B-INDEX MORNINGSTAR BRASIL MOMENTO FUNDO DE INDICE;2023-07-31;500138;69692643.34;AÇÕES;Ação ordinária;N;Para negociação;0.00;0.00;8693.00;66566.76;125612.00;1051372.44;;;DXCO3;;;;;;;;2021-08-19;;;;
FIIM;48.643.091/0001-00;B-INDEX MORNINGSTAR BRASIL MOMENTO FUNDO DE INDICE;2023-07-31;500138;69692643.34;AÇÕES;Ação ordinária;N;Para negociação;0.00;0.00;2212.00;92871.45;38082.00;1737300.84;;;PRIO3;;;;;;;;2015-06-26;;;;
FIIM;48.643.091/0001-00;B-INDEX MORNINGSTAR BRASIL MOMENTO FUNDO DE INDICE;2023-07-31;500138;69692643.34;AÇÕES;Ação ordinária;N;Para negociação;0.00;0.00;1690.00;81363.69;48987.00;2360683.53;;;BBAS3;;;;;;;;1973-05-31;;;;
FIIM;48.643.091/0001-00;B-INDEX MORNINGSTAR BRASIL MOMENTO FUNDO DE INDICE;2023-07-31;500138;69692643.34;AÇÕES;Ação ordinária;N;Para negociação;0.00;0.00;2715.00;77887.18;77446.00;2243610.62;;;RADL3;;;;;;;;2011-12-19;;;;
FIIM;48.643.091/0001-00;B-INDEX MORNINGSTAR BRASIL MOMENTO FUNDO DE INDICE;2023-07-31;500138;69692643.34;AÇÕES;Ação ordinária;N;Para negociação;0.00;0.00;3374.00;83056.38;97802.00;2377566.62;;;ALSO3;;;;;;;;2019-08-06;;;;
FIIM;48.643.091/0001-00;B-INDEX MORNINGSTAR BRASIL MOMENTO FUNDO DE INDICE;2023-07-31;500138;69692643.34;AÇÕES;Ação ordinária;N;Para negociação;0.00;0.00;3753.00;82157.51;108775.00;2486596.50;;;SMFT3;;;;;;;;2018-02-26;;;;
FIIM;48.643.091/0001-00;B-INDEX MORNINGSTAR BRASIL MOMENTO FUNDO DE INDICE;2023-07-31;500138;69692643.34;AÇÕES;Ação ordinária;N;Para negociação;0.00;0.00;4587.00;97355.13;89859.00;1756743.45;;;NEOE3;;;;;;;;2017-10-05;;;;
FIIM;48.643.091/0001-00;B-INDEX MORNINGSTAR BRASIL MOMENTO FUNDO DE INDICE;2023-07-31;500138;69692643.34;AÇÕES;Ação ordinária;N;Para negociação;0.00;0.00;2020.00;67062.81;24643.00;824801.21;;;SMTO3;;;;;;;;2007-02-12;;;;
FIIM;48.643.091/0001-00;B-INDEX MORNINGSTAR BRASIL MOMENTO FUNDO DE INDICE;2023-07-31;500138;69692643.34;AÇÕES;Ação ordinária;N;Para negociação;0.00;0.00;2760.00;78140.24;79980.00;2351412.00;;;VIVA3;;;;;;;;2019-10-10;;;;
FIIM;48.643.091/0001-00;B-INDEX MORNINGSTAR BRASIL MOMENTO FUNDO DE INDICE;2023-07-31;500138;69692643.34;AÇÕES;Ação ordinária;N;Para negociação;0.00;0.00;3864.00;79043.06;64084.00;1297060.16;;;CSMG3;;;;;;;;2006-02-08;;;;
FIIM;48.643.091/0001-00;B-INDEX MORNINGSTAR BRASIL MOMENTO FUNDO DE INDICE;2023-07-31;500138;69692643.34;AÇÕES;Ação ordinária;N;Para negociação;0.00;0.00;2499.00;88602.54;66343.00;2373752.54;;;CPFE3;;;;;;;;2004-09-29;;;;
FIIM;48.643.091/0001-00;B-INDEX MORNINGSTAR BRASIL MOMENTO FUNDO DE INDICE;2023-07-31;500138;69692643.34;AÇÕES;Ação ordinária;S;Para negociação;0.00;0.00;6592.00;79228.98;105554.00;1294092.04;;;ODPV3;;;;;;;;2006-12-01;;;;
FIIM;48.643.091/0001-00;B-INDEX MORNINGSTAR BRASIL MOMENTO FUNDO DE INDICE;2023-07-31;500138;69692643.34;AÇÕES;Ação ordinária;N;Para negociação;0.00;0.00;2979.00;86141.58;59418.00;1701137.34;;;PSSA3;;;;;;;;2004-11-22;;;;
FIIM;48.643.091/0001-00;B-INDEX MORNINGSTAR BRASIL MOMENTO FUNDO DE INDICE;2023-07-31;500138;69692643.34;AÇÕES;Ação ordinária;N;Para negociação;0.00;0.00;4884.00;83756.20;131518.00;2292358.74;;;GGPS3;;;;;;;;2021-04-26;;;;
FIIM;48.643.091/0001-00;B-INDEX MORNINGSTAR BRASIL MOMENTO FUNDO DE INDICE;2023-07-31;500138;69692643.34;AÇÕES;Ação ordinária;N;Para negociação;0.00;0.00;5384.00;75362.98;70060.00;1004660.40;;;TIMS3;;;;;;;;2020-10-13;;;;
FIIM;48.643.091/0001-00;B-INDEX MORNINGSTAR BRASIL MOMENTO FUNDO DE INDICE;2023-07-31;500138;69692643.34;AÇÕES;Ação preferencial;N;Para negociação;0.00;0.00;6564.00;84195.66;189964.00;2612005.00;;;GOAU4;;;;;;;;1973-08-27;;;;
FIIM;48.643.091/0001-00;B-INDEX MORNINGSTAR BRASIL MOMENTO FUNDO DE INDICE;2023-07-31;500138;69692643.34;AÇÕES;Ação preferencial;N;Para negociação;0.00;0.00;3054.00;83235.31;35523.00;1039047.75;;;GGBR4;;;;;;;;2001-02-01;;;;
FIIM;48.643.091/0001-00;B-INDEX MORNINGSTAR BRASIL MOMENTO FUNDO DE INDICE;2023-07-31;500138;69692643.34;AÇÕES;Ação preferencial;N;Para negociação;0.00;0.00;2665.00;77392.56;77239.00;2402905.29;;;PETR4;;;;;;;;1973-09-18;;;;
FIIM;48.643.091/0001-00;B-INDEX MORNINGSTAR BRASIL MOMENTO FUNDO DE INDICE;2023-07-31;500138;69692643.34;AÇÕES;Ação preferencial;N;Para negociação;0.00;0.00;3947.00;68763.65;72494.00;1283143.80;;;AZUL4;;;;;;;;2017-04-11;;;;
FIIM;48.643.091/0001-00;B-INDEX MORNINGSTAR BRASIL MOMENTO FUNDO DE INDICE;2023-07-31;500138;69692643.34;AÇÕES;Ação preferencial;N;Para negociação;0.00;0.00;8445.00;82496.21;244774.00;2403680.68;;;ITSA4;;;;;;;;1973-09-17;;;;
FIIM;48.643.091/0001-00;B-INDEX MORNINGSTAR BRASIL MOMENTO FUNDO DE INDICE;2023-07-31;500138;69692643.34;AÇÕES;Ação preferencial;N;Para negociação;0.00;0.00;2806.00;80881.37;81324.00;2329119.36;;;ITUB4;;;;;;;;2009-05-20;;;;
FIIM;48.643.091/0001-00;B-INDEX MORNINGSTAR BRASIL MOMENTO FUNDO DE INDICE;2023-07-31;500138;69692643.34;DISPONIBILIDADES;Outros;;Para negociação;;;;;;10000.00;;;;Disponibilidade;;;;;;;;;;;
FIIM;48.643.091/0001-00;B-INDEX MORNINGSTAR BRASIL MOMENTO FUNDO DE INDICE;2023-07-31;500138;69692643.34;VALORES A PAGAR;Outros;;Para negociação;;;;;;36243.54;;;;Valores a Pagar;;;;;;;;;;;
FIIM;48.643.091/0001-00;B-INDEX MORNINGSTAR BRASIL MOMENTO FUNDO DE INDICE;2023-07-31;500138;69692643.34;VALORES A RECEBER;Outros;;Para negociação;;;;;;871064.51;;;;Valores a Receber;;;;;;;;;;;
FIIM;48.643.091/0001-00;B-INDEX MORNINGSTAR BRASIL MOMENTO FUNDO DE INDICE;2023-07-31;500138;69692643.34;MERCADO FUTURO - POSIÇÕES COMPRADAS;Contrato Futuro;;Para negociação;;;;;9.00;2399.00;;;;FUT WIN/Q23;;;;;;;;;;;
FIIM;48.643.091/0001-00;B-INDEX MORNINGSTAR BRASIL MOMENTO FUNDO DE INDICE;2023-07-31;500138;69692643.34;MERCADO FUTURO - POSIÇÕES COMPRADAS;Futuro de IND:Ibovespa;;Para negociação;;;;;6.00;10182.00;;;;FUT IND/Q23;;;;;;;;;;;
FIIM;48.643.091/0001-00;B-INDEX MORNINGSTAR BRASIL MOMENTO FUNDO DE INDICE;2023-07-31;500138;69692643.34;AÇÕES E OUTROS TVM CEDIDOS EM EMPRÉSTIMO;Ação ordinária;N;Para negociação;;;;;82630.00;794074.30;;;STBP3;;;;;;;;2007-11-21;;;;
FIIM;48.643.091/0001-00;B-INDEX MORNINGSTAR BRASIL MOMENTO FUNDO DE INDICE;2023-07-31;500138;69692643.34;AÇÕES E OUTROS TVM CEDIDOS EM EMPRÉSTIMO;Ação ordinária;N;Para negociação;;;;;43110.00;842800.50;;;NEOE3;;;;;;;;2017-10-05;;;;
FIIM;48.643.091/0001-00;B-INDEX MORNINGSTAR BRASIL MOMENTO FUNDO DE INDICE;2023-07-31;500138;69692643.34;AÇÕES E OUTROS TVM CEDIDOS EM EMPRÉSTIMO;Ação ordinária;N;Para negociação;;;;;126353.00;1057574.61;;;DXCO3;;;;;;;;2021-08-19;;;;
FIIM;48.643.091/0001-00;B-INDEX MORNINGSTAR BRASIL MOMENTO FUNDO DE INDICE;2023-07-31;500138;69692643.34;AÇÕES E OUTROS TVM CEDIDOS EM EMPRÉSTIMO;Ação ordinária;N;Para negociação;;;;;85986.00;1233039.24;;;TIMS3;;;;;;;;2020-10-13;;;;
FIIM;48.643.091/0001-00;B-INDEX MORNINGSTAR BRASIL MOMENTO FUNDO DE INDICE;2023-07-31;500138;69692643.34;AÇÕES E OUTROS TVM CEDIDOS EM EMPRÉSTIMO;Ação ordinária;N;Para negociação;;;;;47915.00;969799.60;;;CSMG3;;;;;;;;2006-02-08;;;;
FIIM;48.643.091/0001-00;B-INDEX MORNINGSTAR BRASIL MOMENTO FUNDO DE INDICE;2023-07-31;500138;69692643.34;AÇÕES E OUTROS TVM CEDIDOS EM EMPRÉSTIMO;Ação ordinária;N;Para negociação;;;;;24420.00;1075456.80;;;EGIE3;;;;;;;;2016-07-21;;;;
FIIM;48.643.091/0001-00;B-INDEX MORNINGSTAR BRASIL MOMENTO FUNDO DE INDICE;2023-07-31;500138;69692643.34;AÇÕES E OUTROS TVM CEDIDOS EM EMPRÉSTIMO;Ação ordinária;N;Para negociação;;;;;10062.00;175380.66;;;GGPS3;;;;;;;;2021-04-26;;;;
FIIM;48.643.091/0001-00;B-INDEX MORNINGSTAR BRASIL MOMENTO FUNDO DE INDICE;2023-07-31;500138;69692643.34;AÇÕES E OUTROS TVM CEDIDOS EM EMPRÉSTIMO;Ação ordinária;N;Para negociação;;;;;26014.00;1186758.68;;;PRIO3;;;;;;;;2015-06-26;;;;
FIIM;48.643.091/0001-00;B-INDEX MORNINGSTAR BRASIL MOMENTO FUNDO DE INDICE;2023-07-31;500138;69692643.34;AÇÕES E OUTROS TVM CEDIDOS EM EMPRÉSTIMO;Ação ordinária;N;Para negociação;;;;;1265.00;36647.05;;;RADL3;;;;;;;;2011-12-19;;;;
FIIM;48.643.091/0001-00;B-INDEX MORNINGSTAR BRASIL MOMENTO FUNDO DE INDICE;2023-07-31;500138;69692643.34;AÇÕES E OUTROS TVM CEDIDOS EM EMPRÉSTIMO;Ação ordinária;N;Para negociação;;;;;2873.00;75875.93;;;MULT3;;;;;;;;2007-07-27;;;;
FIIM;48.643.091/0001-00;B-INDEX MORNINGSTAR BRASIL MOMENTO FUNDO DE INDICE;2023-07-31;500138;69692643.34;AÇÕES E OUTROS TVM CEDIDOS EM EMPRÉSTIMO;Ação ordinária;N;Para negociação;;;;;66000.00;1572120.00;;;CYRE3;;;;;;;;1996-05-27;;;;
FIIM;48.643.091/0001-00;B-INDEX MORNINGSTAR BRASIL MOMENTO FUNDO DE INDICE;2023-07-31;500138;69692643.34;AÇÕES E OUTROS TVM CEDIDOS EM EMPRÉSTIMO;Ação ordinária;N;Para negociação;;;;;117.00;4670.64;;;WEGE3;;;;;;;;2004-08-02;;;;
FIIM;48.643.091/0001-00;B-INDEX MORNINGSTAR BRASIL MOMENTO FUNDO DE INDICE;2023-07-31;500138;69692643.34;AÇÕES E OUTROS TVM CEDIDOS EM EMPRÉSTIMO;Ação ordinária;N;Para negociação;;;;;2.00;58.80;;;VIVA3;;;;;;;;2019-10-10;;;;
FIIM;48.643.091/0001-00;B-INDEX MORNINGSTAR BRASIL MOMENTO FUNDO DE INDICE;2023-07-31;500138;69692643.34;AÇÕES E OUTROS TVM CEDIDOS EM EMPRÉSTIMO;Ação ordinária;S;Para negociação;;;;;85525.00;1048536.50;;;ODPV3;;;;;;;;2006-12-01;;;;
FIIM;48.643.091/0001-00;B-INDEX MORNINGSTAR BRASIL MOMENTO FUNDO DE INDICE;2023-07-31;500138;69692643.34;AÇÕES E OUTROS TVM CEDIDOS EM EMPRÉSTIMO;Ação ordinária;N;Para negociação;;;;;72700.00;1373303.00;;;UGPA3;;;;;;;;1999-10-13;;;;
FIIM;48.643.091/0001-00;B-INDEX MORNINGSTAR BRASIL MOMENTO FUNDO DE INDICE;2023-07-31;500138;69692643.34;AÇÕES E OUTROS TVM CEDIDOS EM EMPRÉSTIMO;Ação ordinária;N;Para negociação;;;;;33900.00;1134633.00;;;SMTO3;;;;;;;;2007-02-12;;;;
FIIM;48.643.091/0001-00;B-INDEX MORNINGSTAR BRASIL MOMENTO FUNDO DE INDICE;2023-07-31;500138;69692643.34;AÇÕES E OUTROS TVM CEDIDOS EM EMPRÉSTIMO;Ação ordinária;N;Para negociação;;;;;26912.00;770490.56;;;PSSA3;;;;;;;;2004-11-22;;;;
FIIM;48.643.091/0001-00;B-INDEX MORNINGSTAR BRASIL MOMENTO FUNDO DE INDICE;2023-07-31;500138;69692643.34;AÇÕES E OUTROS TVM CEDIDOS EM EMPRÉSTIMO;Ação ordinária;N;Para negociação;;;;;6103.00;218365.34;;;CPFE3;;;;;;;;2004-09-29;;;;
FIIM;48.643.091/0001-00;B-INDEX MORNINGSTAR BRASIL MOMENTO FUNDO DE INDICE;2023-07-31;500138;69692643.34;AÇÕES E OUTROS TVM CEDIDOS EM EMPRÉSTIMO;Ação preferencial;N;Para negociação;;;;;300.00;4125.00;;;GOAU4;;;;;;;;1973-08-27;;;;
FIIM;48.643.091/0001-00;B-INDEX MORNINGSTAR BRASIL MOMENTO FUNDO DE INDICE;2023-07-31;500138;69692643.34;AÇÕES E OUTROS TVM CEDIDOS EM EMPRÉSTIMO;Ação preferencial;N;Para negociação;;;;;53000.00;1550250.00;;;GGBR4;;;;;;;;2001-02-01;;;;
FIIM;48.643.091/0001-00;B-INDEX MORNINGSTAR BRASIL MOMENTO FUNDO DE INDICE;2023-07-31;500138;69692643.34;AÇÕES E OUTROS TVM CEDIDOS EM EMPRÉSTIMO;Ação preferencial;N;Para negociação;;;;;41918.00;741948.60;;;AZUL4;;;;;;;;2017-04-11;;;;
FIIM;48.643.091/0001-00;B-INDEX MORNINGSTAR BRASIL MOMENTO FUNDO DE INDICE;2023-07-31;500138;69692643.34;OPERAÇÕES COMPROMISSADAS;;S;Para negociação;;;;;136.00;110770.73;;;;;2025-07-01;;;;;100000;;;;;
FIIM;48.643.130/0001-79;B-INDEX MORNINGSTAR BRASIL PESOS IGUAIS FUNDO DE ÍNDICE;2023-07-31;500139;65815048.25;AÇÕES;Ação ordinária;N;Para negociação;8.00;349.96;210.00;8960.43;16292.00;743241.04;;;PRIO3;;;;;;;;2015-06-26;;;;
FIIM;48.643.130/0001-79;B-INDEX MORNINGSTAR BRASIL PESOS IGUAIS FUNDO DE ÍNDICE;2023-07-31;500139;65815048.25;AÇÕES;Ação ordinária;S;Para negociação;18.00;282.80;482.00;7511.04;41368.00;666438.48;;;FLRY3;;;;;;;;2009-12-17;;;;
FIIM;48.643.130/0001-79;B-INDEX MORNINGSTAR BRASIL PESOS IGUAIS FUNDO DE ÍNDICE;2023-07-31;500139;65815048.25;AÇÕES;Ação ordinária;N;Para negociação;15.00;296.38;421.00;8308.78;15780.00;314653.20;;;CSAN3;;;;;;;;2005-11-18;;;;
FIIM;48.643.130/0001-79;B-INDEX MORNINGSTAR BRASIL PESOS IGUAIS FUNDO DE ÍNDICE;2023-07-31;500139;65815048.25;AÇÕES;Ação ordinária;N;Para negociação;9.00;260.21;258.00;7408.95;11422.00;330895.34;;;RADL3;;;;;;;;2011-12-19;;;;
FIIM;48.643.130/0001-79;B-INDEX MORNINGSTAR BRASIL PESOS IGUAIS FUNDO DE ÍNDICE;2023-07-31;500139;65815048.25;AÇÕES;Ação ordinária;N;Para negociação;7.00;322.14;160.00;7113.35;5611.00;269720.77;;;SUZB3;;;;;;;;2004-08-05;;;;
FIIM;48.643.130/0001-79;B-INDEX MORNINGSTAR BRASIL PESOS IGUAIS FUNDO DE ÍNDICE;2023-07-31;500139;65815048.25;AÇÕES;Ação ordinária;N;Para negociação;26.00;284.86;710.00;7331.21;60950.00;733838.00;;;ONCO3;;;;;;;;2021-08-10;;;;
FIIM;48.643.130/0001-79;B-INDEX MORNINGSTAR BRASIL PESOS IGUAIS FUNDO DE ÍNDICE;2023-07-31;500139;65815048.25;AÇÕES;Ação ordinária;N;Para negociação;15.00;260.15;420.00;7529.73;36073.00;617930.49;;;VBBR3;;;;;;;;2021-10-22;;;;
FIIM;48.643.130/0001-79;B-INDEX MORNINGSTAR BRASIL PESOS IGUAIS FUNDO DE ÍNDICE;2023-07-31;500139;65815048.25;AÇÕES;Ação ordinária;N;Para negociação;13.00;233.56;380.00;6849.34;28247.00;522851.97;;;EMBR3;;;;;;;;1989-08-28;;;;
FIIM;48.643.130/0001-79;B-INDEX MORNINGSTAR BRASIL PESOS IGUAIS FUNDO DE ÍNDICE;2023-07-31;500139;65815048.25;AÇÕES;Ação ordinária;N;Para negociação;11.00;252.12;323.00;7380.88;27842.00;647048.08;;;RAIL3;;;;;;;;2017-03-13;;;;
FIIM;48.643.130/0001-79;B-INDEX MORNINGSTAR BRASIL PESOS IGUAIS FUNDO DE ÍNDICE;2023-07-31;500139;65815048.25;AÇÕES;Ação ordinária;N;Para negociação;23.00;280.56;643.00;7160.89;22165.00;304103.80;;;CRFB3;;;;;;;;2017-07-20;;;;
FIIM;48.643.130/0001-79;B-INDEX MORNINGSTAR BRASIL PESOS IGUAIS FUNDO DE ÍNDICE;2023-07-31;500139;65815048.25;AÇÕES;Ação ordinária;N;Para negociação;7.00;293.32;199.00;8096.81;10810.00;471856.50;;;SLCE3;;;;;;;;2007-06-15;;;;
FIIM;48.643.130/0001-79;B-INDEX MORNINGSTAR BRASIL PESOS IGUAIS FUNDO DE ÍNDICE;2023-07-31;500139;65815048.25;AÇÕES;Ação ordinária;N;Para negociação;69.00;215.97;1886.00;5720.08;65806.00;220450.10;;;MGLU3;;;;;;;;2011-05-02;;;;
FIIM;48.643.130/0001-79;B-INDEX MORNINGSTAR BRASIL PESOS IGUAIS FUNDO DE ÍNDICE;2023-07-31;500139;65815048.25;AÇÕES;Ação ordinária;N;Para negociação;5.00;240.71;160.00;7703.77;8805.00;424312.95;;;BBAS3;;;;;;;;1973-05-31;;;;
FIIM;48.643.130/0001-79;B-INDEX MORNINGSTAR BRASIL PESOS IGUAIS FUNDO DE ÍNDICE;2023-07-31;500139;65815048.25;AÇÕES;Ação ordinária;N;Para negociação;7.00;261.20;192.00;6991.33;9972.00;398082.24;;;WEGE3;;;;;;;;2004-08-02;;;;
FIIM;48.643.130/0001-79;B-INDEX MORNINGSTAR BRASIL PESOS IGUAIS FUNDO DE ÍNDICE;2023-07-31;500139;65815048.25;AÇÕES;Ação ordinária;N;Para negociação;22.00;258.80;594.00;7112.43;36976.00;439274.88;;;AESB3;;;;;;;;2021-08-10;;;;
FIIM;48.643.130/0001-79;B-INDEX MORNINGSTAR BRASIL PESOS IGUAIS FUNDO DE ÍNDICE;2023-07-31;500139;65815048.25;AÇÕES;Ação ordinária;N;Para negociação;63.00;280.40;1726.00;7435.86;106403.00;510734.40;;;HAPV3;;;;;;;;2018-04-25;;;;
FIIM;48.643.130/0001-79;B-INDEX MORNINGSTAR BRASIL PESOS IGUAIS FUNDO DE ÍNDICE;2023-07-31;500139;65815048.25;AÇÕES;Ação ordinária;N;Para negociação;6.00;255.06;176.00;7527.74;11602.00;484151.46;;;MDIA3;;;;;;;;2006-10-18;;;;
FIIM;48.643.130/0001-79;B-INDEX MORNINGSTAR BRASIL PESOS IGUAIS FUNDO DE ÍNDICE;2023-07-31;500139;65815048.25;AÇÕES;Ação ordinária;N;Para negociação;21.00;269.82;576.00;7549.94;49441.00;625428.65;;;TTEN3;;;;;;;;2021-07-12;;;;
FIIM;48.643.130/0001-79;B-INDEX MORNINGSTAR BRASIL PESOS IGUAIS FUNDO DE ÍNDICE;2023-07-31;500139;65815048.25;AÇÕES;Ação ordinária;N;Para negociação;5.00;279.22;138.00;7660.66;11788.00;684882.80;;;SBSP3;;;;;;;;1997-03-11;;;;
FIIM;48.643.130/0001-79;B-INDEX MORNINGSTAR BRASIL PESOS IGUAIS FUNDO DE ÍNDICE;2023-07-31;500139;65815048.25;AÇÕES;Ação ordinária;N;Para negociação;18.00;211.06;512.00;6038.24;39836.00;475641.84;;;VAMO3;;;;;;;;2021-01-29;;;;
FIIM;48.643.130/0001-79;B-INDEX MORNINGSTAR BRASIL PESOS IGUAIS FUNDO DE ÍNDICE;2023-07-31;500139;65815048.25;AÇÕES;Ação ordinária;N;Para negociação;13.00;292.05;357.00;7810.32;30653.00;700727.58;;;SMFT3;;;;;;;;2018-02-26;;;;
FIIM;48.643.130/0001-79;B-INDEX MORNINGSTAR BRASIL PESOS IGUAIS FUNDO DE ÍNDICE;2023-07-31;500139;65815048.25;AÇÕES;Ação ordinária;N;Para negociação;9.00;259.21;262.00;7493.80;10939.00;321606.60;;;VIVA3;;;;;;;;2019-10-10;;;;
FIIM;48.643.130/0001-79;B-INDEX MORNINGSTAR BRASIL PESOS IGUAIS FUNDO DE ÍNDICE;2023-07-31;500139;65815048.25;AÇÕES;Ação ordinária;S;Para negociação;57.00;262.65;1573.00;7133.16;107474.00;507277.28;;;CIEL3;;;;;;;;2009-12-18;;;;
FIIM;48.643.130/0001-79;B-INDEX MORNINGSTAR BRASIL PESOS IGUAIS FUNDO DE ÍNDICE;2023-07-31;500139;65815048.25;AÇÕES;Ação ordinária;N;Para negociação;17.00;302.37;465.00;7928.03;20187.00;351859.41;;;GGPS3;;;;;;;;2021-04-26;;;;
FIIM;48.643.130/0001-79;B-INDEX MORNINGSTAR BRASIL PESOS IGUAIS FUNDO DE ÍNDICE;2023-07-31;500139;65815048.25;AÇÕES;Ação ordinária;N;Para negociação;27.00;264.12;741.00;7583.79;29747.00;285868.67;;;STBP3;;;;;;;;2007-11-21;;;;
FIIM;48.643.130/0001-79;B-INDEX MORNINGSTAR BRASIL PESOS IGUAIS FUNDO DE ÍNDICE;2023-07-31;500139;65815048.25;AÇÕES;Ação ordinária;N;Para negociação;35.00;273.95;962.00;7490.73;61733.00;488925.36;;;GMAT3;;;;;;;;2020-10-13;;;;
FIIM;48.643.130/0001-79;B-INDEX MORNINGSTAR BRASIL PESOS IGUAIS FUNDO DE ÍNDICE;2023-07-31;500139;65815048.25;AÇÕES;Ação ordinária;N;Para negociação;26.00;289.75;721.00;8201.68;34836.00;407929.56;;;MEGA3;;;;;;;;2021-12-27;;;;
FIIM;48.643.130/0001-79;B-INDEX MORNINGSTAR BRASIL PESOS IGUAIS FUNDO DE ÍNDICE;2023-07-31;500139;65815048.25;AÇÕES;Ação ordinária;N;Para negociação;16.00;326.40;436.00;9269.10;20638.00;403472.90;;;NEOE3;;;;;;;;2017-10-05;;;;
FIIM;48.643.130/0001-79;B-INDEX MORNINGSTAR BRASIL PESOS IGUAIS FUNDO DE ÍNDICE;2023-07-31;500139;65815048.25;AÇÕES;Ação ordinária;N;Para negociação;15.00;290.57;412.00;8123.70;14501.00;273923.89;;;UGPA3;;;;;;;;1999-10-13;;;;
FIIM;48.643.130/0001-79;B-INDEX MORNINGSTAR BRASIL PESOS IGUAIS FUNDO DE ÍNDICE;2023-07-31;500139;65815048.25;AÇÕES;Ação ordinária;N;Para negociação;14.00;262.60;413.00;7904.35;14583.00;273868.74;;;JBSS3;;;;;;;;2007-03-29;;;;
FIIM;48.643.130/0001-79;B-INDEX MORNINGSTAR BRASIL PESOS IGUAIS FUNDO DE ÍNDICE;2023-07-31;500139;65815048.25;AÇÕES;Ação ordinária;N;Para negociação;24.00;239.68;686.00;6873.04;39749.00;401067.41;;;BEEF3;;;;;;;;2007-07-20;;;;
FIIM;48.643.130/0001-79;B-INDEX MORNINGSTAR BRASIL PESOS IGUAIS FUNDO DE ÍNDICE;2023-07-31;500139;65815048.25;AÇÕES;Ação ordinária;N;Para negociação;8.00;285.20;237.00;8453.00;20416.00;730484.48;;;CPFE3;;;;;;;;2004-09-29;;;;
FIIM;48.643.130/0001-79;B-INDEX MORNINGSTAR BRASIL PESOS IGUAIS FUNDO DE ÍNDICE;2023-07-31;500139;65815048.25;AÇÕES;Ação ordinária;N;Para negociação;5.00;341.87;108.00;7399.63;9151.00;632883.16;;;VALE3;;;;;;;;1982-02-15;;;;
FIIM;48.643.130/0001-79;B-INDEX MORNINGSTAR BRASIL PESOS IGUAIS FUNDO DE ÍNDICE;2023-07-31;500139;65815048.25;AÇÕES;Ação ordinária;N;Para negociação;18.00;265.14;496.00;7227.17;42632.00;635216.80;;;B3SA3;;;;;;;;2018-03-26;;;;
FIIM;48.643.130/0001-79;B-INDEX MORNINGSTAR BRASIL PESOS IGUAIS FUNDO DE ÍNDICE;2023-07-31;500139;65815048.25;AÇÕES;Ação ordinária;N;Para negociação;30.00;273.70;839.00;7978.66;72146.00;704144.96;;;BRFS3;;;;;;;;2009-12-10;;;;
FIIM;48.643.130/0001-79;B-INDEX MORNINGSTAR BRASIL PESOS IGUAIS FUNDO DE ÍNDICE;2023-07-31;500139;65815048.25;AÇÕES;Ação ordinária;N;Para negociação;7.00;237.72;220.00;7246.49;15026.00;534174.30;;;RRRP3;;;;;;;;2020-11-12;;;;
FIIM;48.643.130/0001-79;B-INDEX MORNINGSTAR BRASIL PESOS IGUAIS FUNDO DE ÍNDICE;2023-07-31;500139;65815048.25;AÇÕES;Ação ordinária;N;Para negociação;10.00;236.12;270.00;6429.81;23154.00;550370.58;;;INTB3;;;;;;;;2021-02-04;;;;
FIIM;48.643.130/0001-79;B-INDEX MORNINGSTAR BRASIL PESOS IGUAIS FUNDO DE ÍNDICE;2023-07-31;500139;65815048.25;AÇÕES;Ação ordinária;N;Para negociação;6.00;264.36;167.00;7545.89;14298.00;618531.48;;;HYPE3;;;;;;;;2008-04-18;;;;
FIIM;48.643.130/0001-79;B-INDEX MORNINGSTAR BRASIL PESOS IGUAIS FUNDO DE ÍNDICE;2023-07-31;500139;65815048.25;AÇÕES;Ação ordinária;N;Para negociação;3.00;238.44;93.00;7480.24;3734.00;307681.60;;;ARZZ3;;;;;;;;2011-02-02;;;;
FIIM;48.643.130/0001-79;B-INDEX MORNINGSTAR BRASIL PESOS IGUAIS FUNDO DE ÍNDICE;2023-07-31;500139;65815048.25;AÇÕES;Ação ordinária;N;Para negociação;12.00;244.75;366.00;7587.73;15169.00;307020.56;;;CSMG3;;;;;;;;2006-02-08;;;;
FIIM;48.643.130/0001-79;B-INDEX MORNINGSTAR BRASIL PESOS IGUAIS FUNDO DE ÍNDICE;2023-07-31;500139;65815048.25;AÇÕES;Ação ordinária;N;Para negociação;3.00;206.32;108.00;7571.68;9303.00;625347.66;;;RENT3;;;;;;;;2005-05-23;;;;
FIIM;48.643.130/0001-79;B-INDEX MORNINGSTAR BRASIL PESOS IGUAIS FUNDO DE ÍNDICE;2023-07-31;500139;65815048.25;AÇÕES;Ação ordinária;N;Para negociação;23.00;255.96;657.00;7259.34;56504.00;635104.96;;;SOMA3;;;;;;;;2020-07-31;;;;
FIIM;48.643.130/0001-79;B-INDEX MORNINGSTAR BRASIL PESOS IGUAIS FUNDO DE ÍNDICE;2023-07-31;500139;65815048.25;AÇÕES;Ação ordinária;N;Para negociação;22.00;280.80;603.00;7445.39;49827.00;666186.99;;;ENEV3;;;;;;;;2013-10-22;;;;
FIIM;48.643.130/0001-79;B-INDEX MORNINGSTAR BRASIL PESOS IGUAIS FUNDO DE ÍNDICE;2023-07-31;500139;65815048.25;AÇÕES;Ação ordinária;N;Para negociação;11.00;269.49;320.00;8007.92;27561.00;670007.91;;;ALSO3;;;;;;;;2019-08-06;;;;
FIIM;48.643.130/0001-79;B-INDEX MORNINGSTAR BRASIL PESOS IGUAIS FUNDO DE ÍNDICE;2023-07-31;500139;65815048.25;AÇÕES;Ação ordinária;N;Para negociação;10.00;264.28;270.00;7381.17;23205.00;612844.05;;;MULT3;;;;;;;;2007-07-27;;;;
FIIM;48.643.130/0001-79;B-INDEX MORNINGSTAR BRASIL PESOS IGUAIS FUNDO DE ÍNDICE;2023-07-31;500139;65815048.25;AÇÕES;Ação ordinária;N;Para negociação;12.00;273.34;372.00;8319.17;12894.00;307135.08;;;CYRE3;;;;;;;;1996-05-27;;;;
FIIM;48.643.130/0001-79;B-INDEX MORNINGSTAR BRASIL PESOS IGUAIS FUNDO DE ÍNDICE;2023-07-31;500139;65815048.25;AÇÕES;Ação ordinária;N;Para negociação;9.00;300.21;247.00;8239.38;21222.00;711785.88;;;EQTL3;;;;;;;;2006-04-03;;;;
FIIM;48.643.130/0001-79;B-INDEX MORNINGSTAR BRASIL PESOS IGUAIS FUNDO DE ÍNDICE;2023-07-31;500139;65815048.25;AÇÕES;Ação ordinária;N;Para negociação;12.00;220.20;338.00;6292.67;20387.00;382256.25;;;LREN3;;;;;;;;1973-07-24;;;;
FIIM;48.643.130/0001-79;B-INDEX MORNINGSTAR BRASIL PESOS IGUAIS FUNDO DE ÍNDICE;2023-07-31;500139;65815048.25;AÇÕES;Ação ordinária;N;Para negociação;16.00;349.72;402.00;8384.72;23559.00;541621.41;;;RECV3;;;;;;;;2021-05-05;;;;
FIIM;48.643.130/0001-79;B-INDEX MORNINGSTAR BRASIL PESOS IGUAIS FUNDO DE ÍNDICE;2023-07-31;500139;65815048.25;AÇÕES;Ação ordinária;N;Para negociação;20.00;264.03;572.00;7468.73;49170.00;662319.90;;;ASAI3;;;;;;;;2021-03-01;;;;
FIIM;48.643.130/0001-79;B-INDEX MORNINGSTAR BRASIL PESOS IGUAIS FUNDO DE ÍNDICE;2023-07-31;500139;65815048.25;AÇÕES;Ação ordinária;N;Para negociação;27.00;253.47;727.00;6834.37;41340.00;404305.20;;;SIMH3;;;;;;;;2020-09-18;;;;
FIIM;48.643.130/0001-79;B-INDEX MORNINGSTAR BRASIL PESOS IGUAIS FUNDO DE ÍNDICE;2023-07-31;500139;65815048.25;AÇÕES;Ação ordinária;N;Para negociação;6.00;248.52;172.00;7108.62;8110.00;341512.10;;;VIVT3;;;;;;;;2011-10-06;;;;
FIIM;48.643.130/0001-79;B-INDEX MORNINGSTAR BRASIL PESOS IGUAIS FUNDO DE ÍNDICE;2023-07-31;500139;65815048.25;AÇÕES;Ação ordinária;N;Para negociação;7.00;311.44;170.00;7658.82;8537.00;375969.48;;;EGIE3;;;;;;;;2016-07-21;;;;
FIIM;48.643.130/0001-79;B-INDEX MORNINGSTAR BRASIL PESOS IGUAIS FUNDO DE ÍNDICE;2023-07-31;500139;65815048.25;AÇÕES;Ação ordinária;N;Para negociação;20.00;266.39;566.00;7327.51;34619.00;479126.96;;;CSNA3;;;;;;;;1993-08-02;;;;
FIIM;48.643.130/0001-79;B-INDEX MORNINGSTAR BRASIL PESOS IGUAIS FUNDO DE ÍNDICE;2023-07-31;500139;65815048.25;AÇÕES;Ação ordinária;N;Para negociação;10.00;287.46;283.00;8207.64;12024.00;344247.12;;;PSSA3;;;;;;;;2004-11-22;;;;
FIIM;48.643.130/0001-79;B-INDEX MORNINGSTAR BRASIL PESOS IGUAIS FUNDO DE ÍNDICE;2023-07-31;500139;65815048.25;AÇÕES;Ação ordinária;N;Para negociação;85.00;276.79;2351.00;7643.64;84985.00;284699.75;;;COGN3;;;;;;;;2019-10-11;;;;
FIIM;48.643.130/0001-79;B-INDEX MORNINGSTAR BRASIL PESOS IGUAIS FUNDO DE ÍNDICE;2023-07-31;500139;65815048.25;AÇÕES;Ação ordinária;N;Para negociação;7.00;239.62;225.00;7288.26;19413.00;698868.00;;;RDOR3;;;;;;;;2021-06-25;;;;
FIIM;48.643.130/0001-79;B-INDEX MORNINGSTAR BRASIL PESOS IGUAIS FUNDO DE ÍNDICE;2023-07-31;500139;65815048.25;AÇÕES;Ação ordinária;N;Para negociação;30.00;239.04;827.00;6420.44;28419.00;237867.03;;;DXCO3;;;;;;;;2021-08-19;;;;
FIIM;48.643.130/0001-79;B-INDEX MORNINGSTAR BRASIL PESOS IGUAIS FUNDO DE ÍNDICE;2023-07-31;500139;65815048.25;AÇÕES;Ação ordinária;N;Para negociação;37.00;275.68;1058.00;6997.17;57366.00;470974.86;;;ECOR3;;;;;;;;2010-04-01;;;;
FIIM;48.643.130/0001-79;B-INDEX MORNINGSTAR BRASIL PESOS IGUAIS FUNDO DE ÍNDICE;2023-07-31;500139;65815048.25;AÇÕES;Ação ordinária;N;Para negociação;25.00;262.44;688.00;6998.07;34337.00;370496.23;;;CXSE3;;;;;;;;2021-04-29;;;;
FIIM;48.643.130/0001-79;B-INDEX MORNINGSTAR BRASIL PESOS IGUAIS FUNDO DE ÍNDICE;2023-07-31;500139;65815048.25;AÇÕES;Ação ordinária;N;Para negociação;38.00;279.89;1045.00;7830.76;37896.00;281188.32;;;MRFG3;;;;;;;;2007-06-28;;;;
FIIM;48.643.130/0001-79;B-INDEX MORNINGSTAR BRASIL PESOS IGUAIS FUNDO DE ÍNDICE;2023-07-31;500139;65815048.25;AÇÕES;Ação ordinária;S;Para negociação;19.00;280.55;515.00;7515.73;44191.00;656236.35;;;BBDC3;;;;;;;;1973-12-06;;;;
FIIM;48.643.130/0001-79;B-INDEX MORNINGSTAR BRASIL PESOS IGUAIS FUNDO DE ÍNDICE;2023-07-31;500139;65815048.25;AÇÕES;Ação ordinária;N;Para negociação;18.00;254.76;511.00;7277.10;17646.00;253043.64;;;TIMS3;;;;;;;;2020-10-13;;;;
FIIM;48.643.130/0001-79;B-INDEX MORNINGSTAR BRASIL PESOS IGUAIS FUNDO DE ÍNDICE;2023-07-31;500139;65815048.25;AÇÕES;Ação ordinária;N;Para negociação;15.00;316.39;428.00;9116.20;27966.00;578896.20;;;PCAR3;;;;;;;;1995-10-03;;;;
FIIM;48.643.130/0001-79;B-INDEX MORNINGSTAR BRASIL PESOS IGUAIS FUNDO DE ÍNDICE;2023-07-31;500139;65815048.25;AÇÕES;Ação ordinária;N;Para negociação;9.00;266.59;246.00;7366.14;21158.00;625642.06;;;TOTS3;;;;;;;;2006-03-09;;;;
FIIM;48.643.130/0001-79;B-INDEX MORNINGSTAR BRASIL PESOS IGUAIS FUNDO DE ÍNDICE;2023-07-31;500139;65815048.25;AÇÕES;Ação ordinária;N;Para negociação;7.00;268.94;192.00;7489.15;16528.00;638807.20;;;ELET3;;;;;;;;1983-09-01;;;;
FIIM;48.643.130/0001-79;B-INDEX MORNINGSTAR BRASIL PESOS IGUAIS FUNDO DE ÍNDICE;2023-07-31;500139;65815048.25;AÇÕES;Ação ordinária;N;Para negociação;22.00;297.14;625.00;8175.09;51854.00;720770.60;;;MRVE3;;;;;;;;2007-07-23;;;;
FIIM;48.643.130/0001-79;B-INDEX MORNINGSTAR BRASIL PESOS IGUAIS FUNDO DE ÍNDICE;2023-07-31;500139;65815048.25;AÇÕES;Ação ordinária;N;Para negociação;19.00;269.92;519.00;7452.02;44504.00;623056.00;;;AURE3;;;;;;;;2022-03-28;;;;
FIIM;48.643.130/0001-79;B-INDEX MORNINGSTAR BRASIL PESOS IGUAIS FUNDO DE ÍNDICE;2023-07-31;500139;65815048.25;AÇÕES;Ação ordinária;N;Para negociação;37.00;275.36;986.00;7251.67;44633.00;335640.16;;;GRND3;;;;;;;;2004-10-29;;;;
FIIM;48.643.130/0001-79;B-INDEX MORNINGSTAR BRASIL PESOS IGUAIS FUNDO DE ÍNDICE;2023-07-31;500139;65815048.25;AÇÕES;Ação ordinária;N;Para negociação;9.00;302.04;228.00;7594.82;19515.00;679317.15;;;PETR3;;;;;;;;1973-09-18;;;;
FIIM;48.643.130/0001-79;B-INDEX MORNINGSTAR BRASIL PESOS IGUAIS FUNDO DE ÍNDICE;2023-07-31;500139;65815048.25;AÇÕES;Ação ordinária;N;Para negociação;9.00;277.10;236.00;7264.00;20277.00;631020.24;;;BBSE3;;;;;;;;2013-04-29;;;;
FIIM;48.643.130/0001-79;B-INDEX MORNINGSTAR BRASIL PESOS IGUAIS FUNDO DE ÍNDICE;2023-07-31;500139;65815048.25;AÇÕES;Ação ordinária;S;Para negociação;22.00;266.10;626.00;7608.49;45597.00;559019.22;;;ODPV3;;;;;;;;2006-12-01;;;;
FIIM;48.643.130/0001-79;B-INDEX MORNINGSTAR BRASIL PESOS IGUAIS FUNDO DE ÍNDICE;2023-07-31;500139;65815048.25;AÇÕES;Ação ordinária;N;Para negociação;19.00;255.38;521.00;7137.53;44694.00;593983.26;;;CCRO3;;;;;;;;2002-02-01;;;;
FIIM;48.643.130/0001-79;B-INDEX MORNINGSTAR BRASIL PESOS IGUAIS FUNDO DE ÍNDICE;2023-07-31;500139;65815048.25;AÇÕES;Ação ordinária;N;Para negociação;16.00;269.45;473.00;7762.37;16699.00;305090.73;;;NTCO3;;;;;;;;2019-12-18;;;;
FIIM;48.643.130/0001-79;B-INDEX MORNINGSTAR BRASIL PESOS IGUAIS FUNDO DE ÍNDICE;2023-07-31;500139;65815048.25;AÇÕES;Ação ordinária;N;Para negociação;18.00;267.16;493.00;7287.63;17016.00;252857.76;;;ABEV3;;;;;;;;2013-11-11;;;;
FIIM;48.643.130/0001-79;B-INDEX MORNINGSTAR BRASIL PESOS IGUAIS FUNDO DE ÍNDICE;2023-07-31;500139;65815048.25;AÇÕES;Ação ordinária;N;Para negociação;7.00;233.07;193.00;6455.28;6835.00;228767.45;;;SMTO3;;;;;;;;2007-02-12;;;;
FIIM;48.643.130/0001-79;B-INDEX MORNINGSTAR BRASIL PESOS IGUAIS FUNDO DE ÍNDICE;2023-07-31;500139;65815048.25;AÇÕES;Ação preferencial;N;Para negociação;20.00;292.46;558.00;8293.18;32481.00;473897.79;;;BRSR6;;;;;;;;2007-09-03;;;;
FIIM;48.643.130/0001-79;B-INDEX MORNINGSTAR BRASIL PESOS IGUAIS FUNDO DE ÍNDICE;2023-07-31;500139;65815048.25;AÇÕES;Ação preferencial;N;Para negociação;23.00;304.35;624.00;8011.86;53617.00;737233.75;;;GOAU4;;;;;;;;1973-08-27;;;;
FIIM;48.643.130/0001-79;B-INDEX MORNINGSTAR BRASIL PESOS IGUAIS FUNDO DE ÍNDICE;2023-07-31;500139;65815048.25;AÇÕES;Ação preferencial;N;Para negociação;10.00;250.54;297.00;7499.76;12688.00;318468.80;;;TRPL4;;;;;;;;1999-07-26;;;;
FIIM;48.643.130/0001-79;B-INDEX MORNINGSTAR BRASIL PESOS IGUAIS FUNDO DE ÍNDICE;2023-07-31;500139;65815048.25;AÇÕES;Ação preferencial;N;Para negociação;10.00;287.43;267.00;7636.12;22917.00;656342.88;;;ITUB4;;;;;;;;2009-05-20;;;;
FIIM;48.643.130/0001-79;B-INDEX MORNINGSTAR BRASIL PESOS IGUAIS FUNDO DE ÍNDICE;2023-07-31;500139;65815048.25;AÇÕES;Ação preferencial;N;Para negociação;24.00;219.64;663.00;5844.77;27131.00;261271.53;;;ALPA4;;;;;;;;1973-03-19;;;;
FIIM;48.643.130/0001-79;B-INDEX MORNINGSTAR BRASIL PESOS IGUAIS FUNDO DE ÍNDICE;2023-07-31;500139;65815048.25;AÇÕES;Ação preferencial;S;Para negociação;16.00;266.00;442.00;7312.90;15501.00;258246.66;;;BBDC4;;;;;;;;1973-12-06;;;;
FIIM;48.643.130/0001-79;B-INDEX MORNINGSTAR BRASIL PESOS IGUAIS FUNDO DE ÍNDICE;2023-07-31;500139;65815048.25;AÇÕES;Ação preferencial;N;Para negociação;6.00;257.56;173.00;7483.71;14849.00;647861.87;;;ELET6;;;;;;;;1974-11-13;;;;
FIIM;48.643.130/0001-79;B-INDEX MORNINGSTAR BRASIL PESOS IGUAIS FUNDO DE ÍNDICE;2023-07-31;500139;65815048.25;AÇÕES;Ação preferencial;N;Para negociação;3.00;240.10;103.00;8233.23;3816.00;308867.04;;;UNIP6;;;;;;;;1980-06-04;;;;
FIIM;48.643.130/0001-79;B-INDEX MORNINGSTAR BRASIL PESOS IGUAIS FUNDO DE ÍNDICE;2023-07-31;500139;65815048.25;AÇÕES;Ação preferencial;N;Para negociação;13.00;227.33;375.00;6828.48;20342.00;360053.40;;;AZUL4;;;;;;;;2017-04-11;;;;
FIIM;48.643.130/0001-79;B-INDEX MORNINGSTAR BRASIL PESOS IGUAIS FUNDO DE ÍNDICE;2023-07-31;500139;65815048.25;AÇÕES;Ação preferencial;N;Para negociação;29.00;283.98;802.00;7795.89;44724.00;439189.68;;;ITSA4;;;;;;;;1973-09-17;;;;
FIIM;48.643.130/0001-79;B-INDEX MORNINGSTAR BRASIL PESOS IGUAIS FUNDO DE ÍNDICE;2023-07-31;500139;65815048.25;AÇÕES;Ação preferencial;N;Para negociação;22.00;277.75;600.00;7616.92;51508.00;652606.36;;;CMIG4;;;;;;;;1973-08-20;;;;
FIIM;48.643.130/0001-79;B-INDEX MORNINGSTAR BRASIL PESOS IGUAIS FUNDO DE ÍNDICE;2023-07-31;500139;65815048.25;AÇÕES;Ação preferencial;N;Para negociação;9.00;269.39;253.00;7501.99;21766.00;677140.26;;;PETR4;;;;;;;;1973-09-18;;;;
FIIM;48.643.130/0001-79;B-INDEX MORNINGSTAR BRASIL PESOS IGUAIS FUNDO DE ÍNDICE;2023-07-31;500139;65815048.25;AÇÕES;Ação preferencial;N;Para negociação;36.00;264.02;996.00;7612.63;60584.00;438022.32;;;USIM5;;;;;;;;1999-02-02;;;;
FIIM;48.643.130/0001-79;B-INDEX MORNINGSTAR BRASIL PESOS IGUAIS FUNDO DE ÍNDICE;2023-07-31;500139;65815048.25;AÇÕES;Ação preferencial;S;Para negociação;12.00;275.80;326.00;7428.09;17856.00;419437.44;;;BRAP4;;;;;;;;2000-08-10;;;;
FIIM;48.643.130/0001-79;B-INDEX MORNINGSTAR BRASIL PESOS IGUAIS FUNDO DE ÍNDICE;2023-07-31;500139;65815048.25;AÇÕES;Ação preferencial;N;Para negociação;11.00;310.06;291.00;7947.90;10409.00;304463.25;;;GGBR4;;;;;;;;2001-02-01;;;;
FIIM;48.643.130/0001-79;B-INDEX MORNINGSTAR BRASIL PESOS IGUAIS FUNDO DE ÍNDICE;2023-07-31;500139;65815048.25;AÇÕES;Ação preferencial;N;Para negociação;11.00;281.49;288.00;7517.74;17510.00;444754.00;;;BRKM5;;;;;;;;2002-09-02;;;;
FIIM;48.643.130/0001-79;B-INDEX MORNINGSTAR BRASIL PESOS IGUAIS FUNDO DE ÍNDICE;2023-07-31;500139;65815048.25;DISPONIBILIDADES;Outros;;Para negociação;;;;;;10000.00;;;;Disponibilidade;;;;;;;;;;;
FIIM;48.643.130/0001-79;B-INDEX MORNINGSTAR BRASIL PESOS IGUAIS FUNDO DE ÍNDICE;2023-07-31;500139;65815048.25;VALORES A PAGAR;Outros;;Para negociação;;;;;;34242.42;;;;Valores a Pagar;;;;;;;;;;;
FIIM;48.643.130/0001-79;B-INDEX MORNINGSTAR BRASIL PESOS IGUAIS FUNDO DE ÍNDICE;2023-07-31;500139;65815048.25;VALORES A RECEBER;Outros;;Para negociação;;;;;;422718.48;;;;Valores a Receber;;;;;;;;;;;
FIIM;48.643.130/0001-79;B-INDEX MORNINGSTAR BRASIL PESOS IGUAIS FUNDO DE ÍNDICE;2023-07-31;500139;65815048.25;MERCADO FUTURO - POSIÇÕES COMPRADAS;Contrato Futuro;;Para negociação;;;;;5.00;1348.20;;;;FUT WIN/Q23;;;;;;;;;;;
FIIM;48.643.130/0001-79;B-INDEX MORNINGSTAR BRASIL PESOS IGUAIS FUNDO DE ÍNDICE;2023-07-31;500139;65815048.25;MERCADO FUTURO - POSIÇÕES COMPRADAS;Futuro de IND:Ibovespa;;Para negociação;;;;;3.00;5091.00;;;;FUT IND/Q23;;;;;;;;;;;
FIIM;48.643.130/0001-79;B-INDEX MORNINGSTAR BRASIL PESOS IGUAIS FUNDO DE ÍNDICE;2023-07-31;500139;65815048.25;AÇÕES E OUTROS TVM CEDIDOS EM EMPRÉSTIMO;Ação ordinária;N;Para negociação;;;;;5000.00;240950.00;;;BBAS3;;;;;;;;1973-05-31;;;;
FIIM;48.643.130/0001-79;B-INDEX MORNINGSTAR BRASIL PESOS IGUAIS FUNDO DE ÍNDICE;2023-07-31;500139;65815048.25;AÇÕES E OUTROS TVM CEDIDOS EM EMPRÉSTIMO;Ação ordinária;N;Para negociação;;;;;14056.00;194535.04;;;CSNA3;;;;;;;;1993-08-02;;;;
FIIM;48.643.130/0001-79;B-INDEX MORNINGSTAR BRASIL PESOS IGUAIS FUNDO DE ÍNDICE;2023-07-31;500139;65815048.25;AÇÕES E OUTROS TVM CEDIDOS EM EMPRÉSTIMO;Ação ordinária;N;Para negociação;;;;;51874.00;384905.08;;;MRFG3;;;;;;;;2007-06-28;;;;
FIIM;48.643.130/0001-79;B-INDEX MORNINGSTAR BRASIL PESOS IGUAIS FUNDO DE ÍNDICE;2023-07-31;500139;65815048.25;AÇÕES E OUTROS TVM CEDIDOS EM EMPRÉSTIMO;Ação ordinária;N;Para negociação;;;;;6500.00;259480.00;;;WEGE3;;;;;;;;2004-08-02;;;;
FIIM;48.643.130/0001-79;B-INDEX MORNINGSTAR BRASIL PESOS IGUAIS FUNDO DE ÍNDICE;2023-07-31;500139;65815048.25;AÇÕES E OUTROS TVM CEDIDOS EM EMPRÉSTIMO;Ação ordinária;N;Para negociação;;;;;19711.00;343562.73;;;GGPS3;;;;;;;;2021-04-26;;;;
FIIM;48.643.130/0001-79;B-INDEX MORNINGSTAR BRASIL PESOS IGUAIS FUNDO DE ÍNDICE;2023-07-31;500139;65815048.25;AÇÕES E OUTROS TVM CEDIDOS EM EMPRÉSTIMO;Ação ordinária;N;Para negociação;;;;;33151.00;454831.72;;;CRFB3;;;;;;;;2017-07-20;;;;
FIIM;48.643.130/0001-79;B-INDEX MORNINGSTAR BRASIL PESOS IGUAIS FUNDO DE ÍNDICE;2023-07-31;500139;65815048.25;AÇÕES E OUTROS TVM CEDIDOS EM EMPRÉSTIMO;Ação ordinária;N;Para negociação;;;;;21000.00;394380.00;;;JBSS3;;;;;;;;2007-03-29;;;;
FIIM;48.643.130/0001-79;B-INDEX MORNINGSTAR BRASIL PESOS IGUAIS FUNDO DE ÍNDICE;2023-07-31;500139;65815048.25;AÇÕES E OUTROS TVM CEDIDOS EM EMPRÉSTIMO;Ação ordinária;N;Para negociação;;;;;1770.00;80747.40;;;PRIO3;;;;;;;;2015-06-26;;;;
FIIM;48.643.130/0001-79;B-INDEX MORNINGSTAR BRASIL PESOS IGUAIS FUNDO DE ÍNDICE;2023-07-31;500139;65815048.25;AÇÕES E OUTROS TVM CEDIDOS EM EMPRÉSTIMO;Ação ordinária;N;Para negociação;;;;;6700.00;282137.00;;;VIVT3;;;;;;;;2011-10-06;;;;
FIIM;48.643.130/0001-79;B-INDEX MORNINGSTAR BRASIL PESOS IGUAIS FUNDO DE ÍNDICE;2023-07-31;500139;65815048.25;AÇÕES E OUTROS TVM CEDIDOS EM EMPRÉSTIMO;Ação ordinária;N;Para negociação;;;;;24778.00;267354.62;;;CXSE3;;;;;;;;2021-04-29;;;;
FIIM;48.643.130/0001-79;B-INDEX MORNINGSTAR BRASIL PESOS IGUAIS FUNDO DE ÍNDICE;2023-07-31;500139;65815048.25;AÇÕES E OUTROS TVM CEDIDOS EM EMPRÉSTIMO;Ação ordinária;N;Para negociação;;;;;33920.00;325971.20;;;STBP3;;;;;;;;2007-11-21;;;;
FIIM;48.643.130/0001-79;B-INDEX MORNINGSTAR BRASIL PESOS IGUAIS FUNDO DE ÍNDICE;2023-07-31;500139;65815048.25;AÇÕES E OUTROS TVM CEDIDOS EM EMPRÉSTIMO;Ação ordinária;N;Para negociação;;;;;1901.00;26423.90;;;MRVE3;;;;;;;;2007-07-23;;;;
FIIM;48.643.130/0001-79;B-INDEX MORNINGSTAR BRASIL PESOS IGUAIS FUNDO DE ÍNDICE;2023-07-31;500139;65815048.25;AÇÕES E OUTROS TVM CEDIDOS EM EMPRÉSTIMO;Ação ordinária;N;Para negociação;;;;;19200.00;457344.00;;;CYRE3;;;;;;;;1996-05-27;;;;
FIIM;48.643.130/0001-79;B-INDEX MORNINGSTAR BRASIL PESOS IGUAIS FUNDO DE ÍNDICE;2023-07-31;500139;65815048.25;AÇÕES E OUTROS TVM CEDIDOS EM EMPRÉSTIMO;Ação ordinária;N;Para negociação;;;;;8638.00;161962.50;;;LREN3;;;;;;;;1973-07-24;;;;
FIIM;48.643.130/0001-79;B-INDEX MORNINGSTAR BRASIL PESOS IGUAIS FUNDO DE ÍNDICE;2023-07-31;500139;65815048.25;AÇÕES E OUTROS TVM CEDIDOS EM EMPRÉSTIMO;Ação ordinária;N;Para negociação;;;;;8100.00;389367.00;;;SUZB3;;;;;;;;2004-08-05;;;;
FIIM;48.643.130/0001-79;B-INDEX MORNINGSTAR BRASIL PESOS IGUAIS FUNDO DE ÍNDICE;2023-07-31;500139;65815048.25;AÇÕES E OUTROS TVM CEDIDOS EM EMPRÉSTIMO;Ação ordinária;N;Para negociação;;;;;1935.00;25870.95;;;ENEV3;;;;;;;;2013-10-22;;;;
FIIM;48.643.130/0001-79;B-INDEX MORNINGSTAR BRASIL PESOS IGUAIS FUNDO DE ÍNDICE;2023-07-31;500139;65815048.25;AÇÕES E OUTROS TVM CEDIDOS EM EMPRÉSTIMO;Ação ordinária;N;Para negociação;;;;;14071.00;167163.48;;;AESB3;;;;;;;;2021-08-10;;;;
FIIM;48.643.130/0001-79;B-INDEX MORNINGSTAR BRASIL PESOS IGUAIS FUNDO DE ÍNDICE;2023-07-31;500139;65815048.25;AÇÕES E OUTROS TVM CEDIDOS EM EMPRÉSTIMO;Ação ordinária;N;Para negociação;;;;;16833.00;329085.15;;;NEOE3;;;;;;;;2017-10-05;;;;
FIIM;48.643.130/0001-79;B-INDEX MORNINGSTAR BRASIL PESOS IGUAIS FUNDO DE ÍNDICE;2023-07-31;500139;65815048.25;AÇÕES E OUTROS TVM CEDIDOS EM EMPRÉSTIMO;Ação ordinária;N;Para negociação;;;;;9663.00;323420.61;;;SMTO3;;;;;;;;2007-02-12;;;;
FIIM;48.643.130/0001-79;B-INDEX MORNINGSTAR BRASIL PESOS IGUAIS FUNDO DE ÍNDICE;2023-07-31;500139;65815048.25;AÇÕES E OUTROS TVM CEDIDOS EM EMPRÉSTIMO;Ação ordinária;N;Para negociação;;;;;26328.00;377543.52;;;TIMS3;;;;;;;;2020-10-13;;;;
FIIM;48.643.130/0001-79;B-INDEX MORNINGSTAR BRASIL PESOS IGUAIS FUNDO DE ÍNDICE;2023-07-31;500139;65815048.25;AÇÕES E OUTROS TVM CEDIDOS EM EMPRÉSTIMO;Ação ordinária;N;Para negociação;;;;;5979.00;263315.16;;;EGIE3;;;;;;;;2016-07-21;;;;
FIIM;48.643.130/0001-79;B-INDEX MORNINGSTAR BRASIL PESOS IGUAIS FUNDO DE ÍNDICE;2023-07-31;500139;65815048.25;AÇÕES E OUTROS TVM CEDIDOS EM EMPRÉSTIMO;Ação ordinária;N;Para negociação;;;;;33574.00;275642.54;;;ECOR3;;;;;;;;2010-04-01;;;;
FIIM;48.643.130/0001-79;B-INDEX MORNINGSTAR BRASIL PESOS IGUAIS FUNDO DE ÍNDICE;2023-07-31;500139;65815048.25;AÇÕES E OUTROS TVM CEDIDOS EM EMPRÉSTIMO;Ação ordinária;N;Para negociação;;;;;96151.00;322105.85;;;MGLU3;;;;;;;;2011-05-02;;;;
FIIM;48.643.130/0001-79;B-INDEX MORNINGSTAR BRASIL PESOS IGUAIS FUNDO DE ÍNDICE;2023-07-31;500139;65815048.25;AÇÕES E OUTROS TVM CEDIDOS EM EMPRÉSTIMO;Ação ordinária;N;Para negociação;;;;;42586.00;356444.82;;;DXCO3;;;;;;;;2021-08-19;;;;
FIIM;48.643.130/0001-79;B-INDEX MORNINGSTAR BRASIL PESOS IGUAIS FUNDO DE ÍNDICE;2023-07-31;500139;65815048.25;AÇÕES E OUTROS TVM CEDIDOS EM EMPRÉSTIMO;Ação ordinária;N;Para negociação;;;;;39942.00;300363.84;;;GRND3;;;;;;;;2004-10-29;;;;
FIIM;48.643.130/0001-79;B-INDEX MORNINGSTAR BRASIL PESOS IGUAIS FUNDO DE ÍNDICE;2023-07-31;500139;65815048.25;AÇÕES E OUTROS TVM CEDIDOS EM EMPRÉSTIMO;Ação ordinária;N;Para negociação;;;;;3913.00;139107.15;;;RRRP3;;;;;;;;2020-11-12;;;;
FIIM;48.643.130/0001-79;B-INDEX MORNINGSTAR BRASIL PESOS IGUAIS FUNDO DE ÍNDICE;2023-07-31;500139;65815048.25;AÇÕES E OUTROS TVM CEDIDOS EM EMPRÉSTIMO;Ação ordinária;N;Para negociação;;;;;19200.00;193728.00;;;BEEF3;;;;;;;;2007-07-20;;;;
FIIM;48.643.130/0001-79;B-INDEX MORNINGSTAR BRASIL PESOS IGUAIS FUNDO DE ÍNDICE;2023-07-31;500139;65815048.25;AÇÕES E OUTROS TVM CEDIDOS EM EMPRÉSTIMO;Ação ordinária;N;Para negociação;;;;;4169.00;49777.86;;;VAMO3;;;;;;;;2021-01-29;;;;
FIIM;48.643.130/0001-79;B-INDEX MORNINGSTAR BRASIL PESOS IGUAIS FUNDO DE ÍNDICE;2023-07-31;500139;65815048.25;AÇÕES E OUTROS TVM CEDIDOS EM EMPRÉSTIMO;Ação ordinária;N;Para negociação;;;;;27075.00;317048.25;;;MEGA3;;;;;;;;2021-12-27;;;;
FIIM;48.643.130/0001-79;B-INDEX MORNINGSTAR BRASIL PESOS IGUAIS FUNDO DE ÍNDICE;2023-07-31;500139;65815048.25;AÇÕES E OUTROS TVM CEDIDOS EM EMPRÉSTIMO;Ação ordinária;N;Para negociação;;;;;3602.00;150311.46;;;MDIA3;;;;;;;;2006-10-18;;;;
FIIM;48.643.130/0001-79;B-INDEX MORNINGSTAR BRASIL PESOS IGUAIS FUNDO DE ÍNDICE;2023-07-31;500139;65815048.25;AÇÕES E OUTROS TVM CEDIDOS EM EMPRÉSTIMO;Ação ordinária;N;Para negociação;;;;;10759.00;311688.23;;;RADL3;;;;;;;;2011-12-19;;;;
FIIM;48.643.130/0001-79;B-INDEX MORNINGSTAR BRASIL PESOS IGUAIS FUNDO DE ÍNDICE;2023-07-31;500139;65815048.25;AÇÕES E OUTROS TVM CEDIDOS EM EMPRÉSTIMO;Ação ordinária;N;Para negociação;;;;;6.00;67.44;;;SOMA3;;;;;;;;2020-07-31;;;;
FIIM;48.643.130/0001-79;B-INDEX MORNINGSTAR BRASIL PESOS IGUAIS FUNDO DE ÍNDICE;2023-07-31;500139;65815048.25;AÇÕES E OUTROS TVM CEDIDOS EM EMPRÉSTIMO;Ação ordinária;S;Para negociação;;;;;27664.00;130574.08;;;CIEL3;;;;;;;;2009-12-18;;;;
FIIM;48.643.130/0001-79;B-INDEX MORNINGSTAR BRASIL PESOS IGUAIS FUNDO DE ÍNDICE;2023-07-31;500139;65815048.25;AÇÕES E OUTROS TVM CEDIDOS EM EMPRÉSTIMO;Ação ordinária;S;Para negociação;;;;;8250.00;101145.00;;;ODPV3;;;;;;;;2006-12-01;;;;
FIIM;48.643.130/0001-79;B-INDEX MORNINGSTAR BRASIL PESOS IGUAIS FUNDO DE ÍNDICE;2023-07-31;500139;65815048.25;AÇÕES E OUTROS TVM CEDIDOS EM EMPRÉSTIMO;Ação ordinária;N;Para negociação;;;;;6243.00;272506.95;;;SLCE3;;;;;;;;2007-06-15;;;;
FIIM;48.643.130/0001-79;B-INDEX MORNINGSTAR BRASIL PESOS IGUAIS FUNDO DE ÍNDICE;2023-07-31;500139;65815048.25;AÇÕES E OUTROS TVM CEDIDOS EM EMPRÉSTIMO;Ação ordinária;N;Para negociação;;;;;20950.00;165924.00;;;GMAT3;;;;;;;;2020-10-13;;;;
FIIM;48.643.130/0001-79;B-INDEX MORNINGSTAR BRASIL PESOS IGUAIS FUNDO DE ÍNDICE;2023-07-31;500139;65815048.25;AÇÕES E OUTROS TVM CEDIDOS EM EMPRÉSTIMO;Ação ordinária;N;Para negociação;;;;;12304.00;352263.52;;;PSSA3;;;;;;;;2004-11-22;;;;
FIIM;48.643.130/0001-79;B-INDEX MORNINGSTAR BRASIL PESOS IGUAIS FUNDO DE ÍNDICE;2023-07-31;500139;65815048.25;AÇÕES E OUTROS TVM CEDIDOS EM EMPRÉSTIMO;Ação ordinária;S;Para negociação;;;;;51.00;821.61;;;FLRY3;;;;;;;;2009-12-17;;;;
FIIM;48.643.130/0001-79;B-INDEX MORNINGSTAR BRASIL PESOS IGUAIS FUNDO DE ÍNDICE;2023-07-31;500139;65815048.25;AÇÕES E OUTROS TVM CEDIDOS EM EMPRÉSTIMO;Ação ordinária;N;Para negociação;;;;;20961.00;395953.29;;;UGPA3;;;;;;;;1999-10-13;;;;
FIIM;48.643.130/0001-79;B-INDEX MORNINGSTAR BRASIL PESOS IGUAIS FUNDO DE ÍNDICE;2023-07-31;500139;65815048.25;AÇÕES E OUTROS TVM CEDIDOS EM EMPRÉSTIMO;Ação ordinária;N;Para negociação;;;;;4265.00;351436.00;;;ARZZ3;;;;;;;;2011-02-02;;;;
FIIM;48.643.130/0001-79;B-INDEX MORNINGSTAR BRASIL PESOS IGUAIS FUNDO DE ÍNDICE;2023-07-31;500139;65815048.25;AÇÕES E OUTROS TVM CEDIDOS EM EMPRÉSTIMO;Ação ordinária;N;Para negociação;;;;;20376.00;406297.44;;;CSAN3;;;;;;;;2005-11-18;;;;
FIIM;48.643.130/0001-79;B-INDEX MORNINGSTAR BRASIL PESOS IGUAIS FUNDO DE ÍNDICE;2023-07-31;500139;65815048.25;AÇÕES E OUTROS TVM CEDIDOS EM EMPRÉSTIMO;Ação ordinária;N;Para negociação;;;;;11600.00;341040.00;;;VIVA3;;;;;;;;2019-10-10;;;;
FIIM;48.643.130/0001-79;B-INDEX MORNINGSTAR BRASIL PESOS IGUAIS FUNDO DE ÍNDICE;2023-07-31;500139;65815048.25;AÇÕES E OUTROS TVM CEDIDOS EM EMPRÉSTIMO;Ação ordinária;N;Para negociação;;;;;16393.00;331794.32;;;CSMG3;;;;;;;;2006-02-08;;;;
FIIM;48.643.130/0001-79;B-INDEX MORNINGSTAR BRASIL PESOS IGUAIS FUNDO DE ÍNDICE;2023-07-31;500139;65815048.25;AÇÕES E OUTROS TVM CEDIDOS EM EMPRÉSTIMO;Ação ordinária;N;Para negociação;;;;;4414.00;81703.14;;;EMBR3;;;;;;;;1989-08-28;;;;
FIIM;48.643.130/0001-79;B-INDEX MORNINGSTAR BRASIL PESOS IGUAIS FUNDO DE ÍNDICE;2023-07-31;500139;65815048.25;AÇÕES E OUTROS TVM CEDIDOS EM EMPRÉSTIMO;Ação ordinária;N;Para negociação;;;;;41803.00;200654.40;;;HAPV3;;;;;;;;2018-04-25;;;;
FIIM;48.643.130/0001-79;B-INDEX MORNINGSTAR BRASIL PESOS IGUAIS FUNDO DE ÍNDICE;2023-07-31;500139;65815048.25;AÇÕES E OUTROS TVM CEDIDOS EM EMPRÉSTIMO;Ação ordinária;N;Para negociação;;;;;25300.00;375958.00;;;ABEV3;;;;;;;;2013-11-11;;;;
FIIM;48.643.130/0001-79;B-INDEX MORNINGSTAR BRASIL PESOS IGUAIS FUNDO DE ÍNDICE;2023-07-31;500139;65815048.25;AÇÕES E OUTROS TVM CEDIDOS EM EMPRÉSTIMO;Ação ordinária;N;Para negociação;;;;;21124.00;206592.72;;;SIMH3;;;;;;;;2020-09-18;;;;
FIIM;48.643.130/0001-79;B-INDEX MORNINGSTAR BRASIL PESOS IGUAIS FUNDO DE ÍNDICE;2023-07-31;500139;65815048.25;AÇÕES E OUTROS TVM CEDIDOS EM EMPRÉSTIMO;Ação ordinária;N;Para negociação;;;;;117070.00;392184.50;;;COGN3;;;;;;;;2019-10-11;;;;
FIIM;48.643.130/0001-79;B-INDEX MORNINGSTAR BRASIL PESOS IGUAIS FUNDO DE ÍNDICE;2023-07-31;500139;65815048.25;AÇÕES E OUTROS TVM CEDIDOS EM EMPRÉSTIMO;Ação ordinária;N;Para negociação;;;;;24000.00;438480.00;;;NTCO3;;;;;;;;2019-12-18;;;;
FIIM;48.643.130/0001-79;B-INDEX MORNINGSTAR BRASIL PESOS IGUAIS FUNDO DE ÍNDICE;2023-07-31;500139;65815048.25;AÇÕES E OUTROS TVM CEDIDOS EM EMPRÉSTIMO;Ação ordinária;N;Para negociação;;;;;8911.00;184457.70;;;PCAR3;;;;;;;;1995-10-03;;;;
FIIM;48.643.130/0001-79;B-INDEX MORNINGSTAR BRASIL PESOS IGUAIS FUNDO DE ÍNDICE;2023-07-31;500139;65815048.25;AÇÕES E OUTROS TVM CEDIDOS EM EMPRÉSTIMO;Ação ordinária;N;Para negociação;;;;;10892.00;250407.08;;;RECV3;;;;;;;;2021-05-05;;;;
FIIM;48.643.130/0001-79;B-INDEX MORNINGSTAR BRASIL PESOS IGUAIS FUNDO DE ÍNDICE;2023-07-31;500139;65815048.25;AÇÕES E OUTROS TVM CEDIDOS EM EMPRÉSTIMO;Ação preferencial;N;Para negociação;;;;;11900.00;210630.00;;;AZUL4;;;;;;;;2017-04-11;;;;
FIIM;48.643.130/0001-79;B-INDEX MORNINGSTAR BRASIL PESOS IGUAIS FUNDO DE ÍNDICE;2023-07-31;500139;65815048.25;AÇÕES E OUTROS TVM CEDIDOS EM EMPRÉSTIMO;Ação preferencial;N;Para negociação;;;;;15488.00;225969.92;;;BRSR6;;;;;;;;2007-09-03;;;;
FIIM;48.643.130/0001-79;B-INDEX MORNINGSTAR BRASIL PESOS IGUAIS FUNDO DE ÍNDICE;2023-07-31;500139;65815048.25;AÇÕES E OUTROS TVM CEDIDOS EM EMPRÉSTIMO;Ação preferencial;N;Para negociação;;;;;14537.00;425207.25;;;GGBR4;;;;;;;;2001-02-01;;;;
FIIM;48.643.130/0001-79;B-INDEX MORNINGSTAR BRASIL PESOS IGUAIS FUNDO DE ÍNDICE;2023-07-31;500139;65815048.25;AÇÕES E OUTROS TVM CEDIDOS EM EMPRÉSTIMO;Ação preferencial;N;Para negociação;;;;;29840.00;287359.20;;;ALPA4;;;;;;;;1973-03-19;;;;
FIIM;48.643.130/0001-79;B-INDEX MORNINGSTAR BRASIL PESOS IGUAIS FUNDO DE ÍNDICE;2023-07-31;500139;65815048.25;AÇÕES E OUTROS TVM CEDIDOS EM EMPRÉSTIMO;Ação preferencial;N;Para negociação;;;;;12867.00;322961.70;;;TRPL4;;;;;;;;1999-07-26;;;;
FIIM;48.643.130/0001-79;B-INDEX MORNINGSTAR BRASIL PESOS IGUAIS FUNDO DE ÍNDICE;2023-07-31;500139;65815048.25;AÇÕES E OUTROS TVM CEDIDOS EM EMPRÉSTIMO;Ação preferencial;N;Para negociação;;;;;25028.00;180952.44;;;USIM5;;;;;;;;1999-02-02;;;;
FIIM;48.643.130/0001-79;B-INDEX MORNINGSTAR BRASIL PESOS IGUAIS FUNDO DE ÍNDICE;2023-07-31;500139;65815048.25;AÇÕES E OUTROS TVM CEDIDOS EM EMPRÉSTIMO;Ação preferencial;N;Para negociação;;;;;7181.00;182397.40;;;BRKM5;;;;;;;;2002-09-02;;;;
FIIM;48.643.130/0001-79;B-INDEX MORNINGSTAR BRASIL PESOS IGUAIS FUNDO DE ÍNDICE;2023-07-31;500139;65815048.25;AÇÕES E OUTROS TVM CEDIDOS EM EMPRÉSTIMO;Ação preferencial;S;Para negociação;;;;;22400.00;373184.00;;;BBDC4;;;;;;;;1973-12-06;;;;
FIIM;48.643.130/0001-79;B-INDEX MORNINGSTAR BRASIL PESOS IGUAIS FUNDO DE ÍNDICE;2023-07-31;500139;65815048.25;AÇÕES E OUTROS TVM CEDIDOS EM EMPRÉSTIMO;Ação preferencial;S;Para negociação;;;;;10110.00;237483.90;;;BRAP4;;;;;;;;2000-08-10;;;;
FIIM;48.643.130/0001-79;B-INDEX MORNINGSTAR BRASIL PESOS IGUAIS FUNDO DE ÍNDICE;2023-07-31;500139;65815048.25;AÇÕES E OUTROS TVM CEDIDOS EM EMPRÉSTIMO;Ação preferencial;N;Para negociação;;;;;24254.00;238174.28;;;ITSA4;;;;;;;;1973-09-17;;;;
FIIM;48.643.130/0001-79;B-INDEX MORNINGSTAR BRASIL PESOS IGUAIS FUNDO DE ÍNDICE;2023-07-31;500139;65815048.25;AÇÕES E OUTROS TVM CEDIDOS EM EMPRÉSTIMO;Ação preferencial;N;Para negociação;;;;;5046.00;408423.24;;;UNIP6;;;;;;;;1980-06-04;;;;
FIIM;48.643.130/0001-79;B-INDEX MORNINGSTAR BRASIL PESOS IGUAIS FUNDO DE ÍNDICE;2023-07-31;500139;65815048.25;AÇÕES E OUTROS TVM CEDIDOS EM EMPRÉSTIMO;Certificado de depósito de ações;N;Para negociação;;;;;1424.00;41481.12;;;ALUP11;;;;;;;;2013-04-24;;;;
FIIM;48.643.130/0001-79;B-INDEX MORNINGSTAR BRASIL PESOS IGUAIS FUNDO DE ÍNDICE;2023-07-31;500139;65815048.25;AÇÕES E OUTROS TVM CEDIDOS EM EMPRÉSTIMO;Certificado de depósito de ações;N;Para negociação;;;;;11722.00;245693.12;;;SAPR11;;;;;;;;2017-11-17;;;;
FIIM;48.643.130/0001-79;B-INDEX MORNINGSTAR BRASIL PESOS IGUAIS FUNDO DE ÍNDICE;2023-07-31;500139;65815048.25;AÇÕES E OUTROS TVM CEDIDOS EM EMPRÉSTIMO;Certificado de depósito de ações;N;Para negociação;;;;;9969.00;358884.00;;;TAEE11;;;;;;;;2012-05-28;;;;
FIIM;48.643.130/0001-79;B-INDEX MORNINGSTAR BRASIL PESOS IGUAIS FUNDO DE ÍNDICE;2023-07-31;500139;65815048.25;AÇÕES E OUTROS TVM CEDIDOS EM EMPRÉSTIMO;Certificado de depósito de ações;N;Para negociação;;;;;6540.00;143095.20;;;IGTI11;;;;;;;;2021-11-22;;;;
FIIM;48.643.130/0001-79;B-INDEX MORNINGSTAR BRASIL PESOS IGUAIS FUNDO DE ÍNDICE;2023-07-31;500139;65815048.25;AÇÕES E OUTROS TVM CEDIDOS EM EMPRÉSTIMO;Certificado de depósito de ações;N;Para negociação;;;;;5360.00;269018.40;;;ENGI11;;;;;;;;2009-11-03;;;;
FIIM;48.643.130/0001-79;B-INDEX MORNINGSTAR BRASIL PESOS IGUAIS FUNDO DE ÍNDICE;2023-07-31;500139;65815048.25;AÇÕES E OUTROS TVM CEDIDOS EM EMPRÉSTIMO;Certificado de depósito de ações;N;Para negociação;;;;;5795.00;197087.95;;;BPAC11;;;;;;;;2017-02-16;;;;
FIIM;48.643.130/0001-79;B-INDEX MORNINGSTAR BRASIL PESOS IGUAIS FUNDO DE ÍNDICE;2023-07-31;500139;65815048.25;AÇÕES E OUTROS TVM CEDIDOS EM EMPRÉSTIMO;Certificado de depósito de ações;N;Para negociação;;;;;17504.00;402592.00;;;KLBN11;;;;;;;;2014-01-10;;;;
FIIM;48.643.130/0001-79;B-INDEX MORNINGSTAR BRASIL PESOS IGUAIS FUNDO DE ÍNDICE;2023-07-31;500139;65815048.25;OPERAÇÕES COMPROMISSADAS;;S;Para negociação;;;;;121.00;99165.63;;;;;2025-07-01;;;;;100000;;;;;
FIIM;48.643.130/0001-79;B-INDEX MORNINGSTAR BRASIL PESOS IGUAIS FUNDO DE ÍNDICE;2023-07-31;500139;65815048.25;CERTIFICADO OU RECIBO DE DEPÓSITO DE VALORES MOBILIÁRIOS;Certificado de depósito de ações;N;Para negociação;0.00;0.00;0.00;0.00;21290.00;465825.20;;;IGTI11;;;;;;;;2021-11-22;;;;
FIIM;48.643.130/0001-79;B-INDEX MORNINGSTAR BRASIL PESOS IGUAIS FUNDO DE ÍNDICE;2023-07-31;500139;65815048.25;CERTIFICADO OU RECIBO DE DEPÓSITO DE VALORES MOBILIÁRIOS;Certificado de depósito de ações;N;Para negociação;0.00;0.00;0.00;0.00;15718.00;534569.18;;;BPAC11;;;;;;;;2017-02-16;;;;
FIIM;48.643.130/0001-79;B-INDEX MORNINGSTAR BRASIL PESOS IGUAIS FUNDO DE ÍNDICE;2023-07-31;500139;65815048.25;CERTIFICADO OU RECIBO DE DEPÓSITO DE VALORES MOBILIÁRIOS;Certificado de depósito de ações;N;Para negociação;0.00;0.00;0.00;0.00;18074.00;378831.04;;;SAPR11;;;;;;;;2017-11-17;;;;
FIIM;48.643.130/0001-79;B-INDEX MORNINGSTAR BRASIL PESOS IGUAIS FUNDO DE ÍNDICE;2023-07-31;500139;65815048.25;CERTIFICADO OU RECIBO DE DEPÓSITO DE VALORES MOBILIÁRIOS;Certificado de depósito de ações;N;Para negociação;0.00;0.00;0.00;0.00;6806.00;245016.00;;;TAEE11;;;;;;;;2012-05-28;;;;
FIIM;48.643.130/0001-79;B-INDEX MORNINGSTAR BRASIL PESOS IGUAIS FUNDO DE ÍNDICE;2023-07-31;500139;65815048.25;CERTIFICADO OU RECIBO DE DEPÓSITO DE VALORES MOBILIÁRIOS;Certificado de depósito de ações;N;Para negociação;0.00;0.00;0.00;0.00;19877.00;579017.01;;;ALUP11;;;;;;;;2013-04-24;;;;
FIIM;48.643.130/0001-79;B-INDEX MORNINGSTAR BRASIL PESOS IGUAIS FUNDO DE ÍNDICE;2023-07-31;500139;65815048.25;CERTIFICADO OU RECIBO DE DEPÓSITO DE VALORES MOBILIÁRIOS;Certificado de depósito de ações;N;Para negociação;0.00;0.00;0.00;0.00;11846.00;272458.00;;;KLBN11;;;;;;;;2014-01-10;;;;
FIIM;48.643.130/0001-79;B-INDEX MORNINGSTAR BRASIL PESOS IGUAIS FUNDO DE ÍNDICE;2023-07-31;500139;65815048.25;CERTIFICADO OU RECIBO DE DEPÓSITO DE VALORES MOBILIÁRIOS;Certificado de depósito de ações;N;Para negociação;0.00;0.00;0.00;0.00;8595.00;431383.05;;;ENGI11;;;;;;;;2009-11-03;;;;
FIIM;48.643.170/0001-10;B-INDEX MORNINGSTAR SETORES CICLICOS BRASIL FUNDO DE iNDICE;2023-07-31;500140;96298553.84;AÇÕES;Ação ordinária;N;Para negociação;42.00;175.56;442.00;1961.84;228929.00;1098859.20;;;HAPV3;;;;;;;;2018-04-25;;;;
FIIM;48.643.170/0001-10;B-INDEX MORNINGSTAR SETORES CICLICOS BRASIL FUNDO DE iNDICE;2023-07-31;500140;96298553.84;AÇÕES;Ação ordinária;N;Para negociação;4.00;54.32;128.00;1751.76;97804.00;1299815.16;;;CCRO3;;;;;;;;2002-02-01;;;;
FIIM;48.643.170/0001-10;B-INDEX MORNINGSTAR SETORES CICLICOS BRASIL FUNDO DE iNDICE;2023-07-31;500140;96298553.84;AÇÕES;Ação ordinária;N;Para negociação;20.00;359.60;117.00;2047.99;45439.00;792001.77;;;GGPS3;;;;;;;;2021-04-26;;;;
FIIM;48.643.170/0001-10;B-INDEX MORNINGSTAR SETORES CICLICOS BRASIL FUNDO DE iNDICE;2023-07-31;500140;96298553.84;AÇÕES;Ação ordinária;N;Para negociação;10.00;331.76;47.00;1602.40;17983.00;601891.01;;;SMTO3;;;;;;;;2007-02-12;;;;
FIIM;48.643.170/0001-10;B-INDEX MORNINGSTAR SETORES CICLICOS BRASIL FUNDO DE iNDICE;2023-07-31;500140;96298553.84;AÇÕES;Ação ordinária;N;Para negociação;17.00;386.05;79.00;1834.13;63596.00;1477971.04;;;RAIL3;;;;;;;;2017-03-13;;;;
FIIM;48.643.170/0001-10;B-INDEX MORNINGSTAR SETORES CICLICOS BRASIL FUNDO DE iNDICE;2023-07-31;500140;96298553.84;AÇÕES;Ação ordinária;N;Para negociação;9.00;294.81;55.00;1844.20;30709.00;1091704.95;;;RRRP3;;;;;;;;2020-11-12;;;;
FIIM;48.643.170/0001-10;B-INDEX MORNINGSTAR SETORES CICLICOS BRASIL FUNDO DE iNDICE;2023-07-31;500140;96298553.84;AÇÕES;Ação ordinária;N;Para negociação;20.00;1374.92;27.00;1873.06;21249.00;1428357.78;;;RENT3;;;;;;;;2005-05-23;;;;
FIIM;48.643.170/0001-10;B-INDEX MORNINGSTAR SETORES CICLICOS BRASIL FUNDO DE iNDICE;2023-07-31;500140;96298553.84;AÇÕES;Ação ordinária;N;Para negociação;1.00;23.56;78.00;1896.56;49896.00;1186027.92;;;INTB3;;;;;;;;2021-02-04;;;;
FIIM;48.643.170/0001-10;B-INDEX MORNINGSTAR SETORES CICLICOS BRASIL FUNDO DE iNDICE;2023-07-31;500140;96298553.84;AÇÕES;Ação ordinária;N;Para negociação;18.00;738.92;42.00;1769.14;24029.00;1011861.19;;;VIVT3;;;;;;;;2011-10-06;;;;
FIIM;48.643.170/0001-10;B-INDEX MORNINGSTAR SETORES CICLICOS BRASIL FUNDO DE iNDICE;2023-07-31;500140;96298553.84;AÇÕES;Ação ordinária;N;Para negociação;9.00;92.34;173.00;1794.19;86302.00;931198.58;;;CXSE3;;;;;;;;2021-04-29;;;;
FIIM;48.643.170/0001-10;B-INDEX MORNINGSTAR SETORES CICLICOS BRASIL FUNDO DE iNDICE;2023-07-31;500140;96298553.84;AÇÕES;Ação ordinária;N;Para negociação;0.00;0.00;62.00;2406.22;36172.00;1443986.24;;;WEGE3;;;;;;;;2004-08-02;;;;
FIIM;48.643.170/0001-10;B-INDEX MORNINGSTAR SETORES CICLICOS BRASIL FUNDO DE iNDICE;2023-07-31;500140;96298553.84;AÇÕES;Ação ordinária;N;Para negociação;4.00;130.24;63.00;2115.24;44577.00;1551725.37;;;PETR3;;;;;;;;1973-09-18;;;;
FIIM;48.643.170/0001-10;B-INDEX MORNINGSTAR SETORES CICLICOS BRASIL FUNDO DE iNDICE;2023-07-31;500140;96298553.84;AÇÕES;Ação ordinária;S;Para negociação;9.00;132.21;143.00;2103.64;100940.00;1498959.00;;;BBDC3;;;;;;;;1973-12-06;;;;
FIIM;48.643.170/0001-10;B-INDEX MORNINGSTAR SETORES CICLICOS BRASIL FUNDO DE iNDICE;2023-07-31;500140;96298553.84;AÇÕES;Ação ordinária;N;Para negociação;20.00;152.74;223.00;1810.74;76493.00;640246.41;;;DXCO3;;;;;;;;2021-08-19;;;;
FIIM;48.643.170/0001-10;B-INDEX MORNINGSTAR SETORES CICLICOS BRASIL FUNDO DE iNDICE;2023-07-31;500140;96298553.84;AÇÕES;Ação ordinária;N;Para negociação;16.00;279.31;106.00;1896.38;79097.00;1354931.61;;;VBBR3;;;;;;;;2021-10-22;;;;
FIIM;48.643.170/0001-10;B-INDEX MORNINGSTAR SETORES CICLICOS BRASIL FUNDO DE iNDICE;2023-07-31;500140;96298553.84;AÇÕES;Ação ordinária;N;Para negociação;6.00;127.83;121.00;2563.85;64808.00;1341525.60;;;PCAR3;;;;;;;;1995-10-03;;;;
FIIM;48.643.170/0001-10;B-INDEX MORNINGSTAR SETORES CICLICOS BRASIL FUNDO DE iNDICE;2023-07-31;500140;96298553.84;AÇÕES;Ação ordinária;N;Para negociação;22.00;255.42;129.00;1552.04;43204.00;515855.76;;;VAMO3;;;;;;;;2021-01-29;;;;
FIIM;48.643.170/0001-10;B-INDEX MORNINGSTAR SETORES CICLICOS BRASIL FUNDO DE iNDICE;2023-07-31;500140;96298553.84;AÇÕES;Ação ordinária;N;Para negociação;11.00;242.55;95.00;2120.91;62931.00;1438602.66;;;SMFT3;;;;;;;;2018-02-26;;;;
FIIM;48.643.170/0001-10;B-INDEX MORNINGSTAR SETORES CICLICOS BRASIL FUNDO DE iNDICE;2023-07-31;500140;96298553.84;AÇÕES;Ação ordinária;N;Para negociação;0.00;0.00;39.00;2633.70;20902.00;1445582.32;;;VALE3;;;;;;;;1982-02-15;;;;
FIIM;48.643.170/0001-10;B-INDEX MORNINGSTAR SETORES CICLICOS BRASIL FUNDO DE iNDICE;2023-07-31;500140;96298553.84;AÇÕES;Ação ordinária;N;Para negociação;22.00;283.54;142.00;1831.24;55833.00;772728.72;;;CSNA3;;;;;;;;1993-08-02;;;;
FIIM;48.643.170/0001-10;B-INDEX MORNINGSTAR SETORES CICLICOS BRASIL FUNDO DE iNDICE;2023-07-31;500140;96298553.84;AÇÕES;Ação ordinária;N;Para negociação;17.00;184.19;178.00;2076.32;115768.00;1301232.32;;;SOMA3;;;;;;;;2020-07-31;;;;
FIIM;48.643.170/0001-10;B-INDEX MORNINGSTAR SETORES CICLICOS BRASIL FUNDO DE iNDICE;2023-07-31;500140;96298553.84;AÇÕES;Ação ordinária;N;Para negociação;7.00;92.30;159.00;2104.06;118586.00;1648345.40;;;MRVE3;;;;;;;;2007-07-23;;;;
FIIM;48.643.170/0001-10;B-INDEX MORNINGSTAR SETORES CICLICOS BRASIL FUNDO DE iNDICE;2023-07-31;500140;96298553.84;AÇÕES;Ação ordinária;N;Para negociação;17.00;305.35;82.00;1620.52;45799.00;858731.25;;;LREN3;;;;;;;;1973-07-24;;;;
FIIM;48.643.170/0001-10;B-INDEX MORNINGSTAR SETORES CICLICOS BRASIL FUNDO DE iNDICE;2023-07-31;500140;96298553.84;AÇÕES;Ação ordinária;N;Para negociação;5.00;152.40;63.00;1976.09;46317.00;1441385.04;;;BBSE3;;;;;;;;2013-04-29;;;;
FIIM;48.643.170/0001-10;B-INDEX MORNINGSTAR SETORES CICLICOS BRASIL FUNDO DE iNDICE;2023-07-31;500140;96298553.84;AÇÕES;Ação ordinária;S;Para negociação;30.00;135.84;411.00;1933.60;146892.00;693330.24;;;CIEL3;;;;;;;;2009-12-18;;;;
FIIM;48.643.170/0001-10;B-INDEX MORNINGSTAR SETORES CICLICOS BRASIL FUNDO DE iNDICE;2023-07-31;500140;96298553.84;AÇÕES;Ação ordinária;N;Para negociação;40.00;118.40;494.00;1574.13;164209.00;550100.15;;;MGLU3;;;;;;;;2011-05-02;;;;
FIIM;48.643.170/0001-10;B-INDEX MORNINGSTAR SETORES CICLICOS BRASIL FUNDO DE iNDICE;2023-07-31;500140;96298553.84;AÇÕES;Ação ordinária;N;Para negociação;31.00;237.46;252.00;2032.37;150629.00;1192981.68;;;GMAT3;;;;;;;;2020-10-13;;;;
FIIM;48.643.170/0001-10;B-INDEX MORNINGSTAR SETORES CICLICOS BRASIL FUNDO DE iNDICE;2023-07-31;500140;96298553.84;AÇÕES;Ação ordinária;N;Para negociação;16.00;233.44;131.00;1925.84;97379.00;1450947.10;;;B3SA3;;;;;;;;2018-03-26;;;;
FIIM;48.643.170/0001-10;B-INDEX MORNINGSTAR SETORES CICLICOS BRASIL FUNDO DE iNDICE;2023-07-31;500140;96298553.84;AÇÕES;Ação ordinária;N;Para negociação;4.00;88.04;99.00;2139.53;48677.00;1119084.23;;;RECV3;;;;;;;;2021-05-05;;;;
FIIM;48.643.170/0001-10;B-INDEX MORNINGSTAR SETORES CICLICOS BRASIL FUNDO DE iNDICE;2023-07-31;500140;96298553.84;AÇÕES;Ação ordinária;N;Para negociação;4.00;115.32;79.00;2291.77;23054.00;660036.02;;;PSSA3;;;;;;;;2004-11-22;;;;
FIIM;48.643.170/0001-10;B-INDEX MORNINGSTAR SETORES CICLICOS BRASIL FUNDO DE iNDICE;2023-07-31;500140;96298553.84;AÇÕES;Ação ordinária;N;Para negociação;14.00;244.91;96.00;1762.14;66221.00;1225750.71;;;EMBR3;;;;;;;;1989-08-28;;;;
FIIM;48.643.170/0001-10;B-INDEX MORNINGSTAR SETORES CICLICOS BRASIL FUNDO DE iNDICE;2023-07-31;500140;96298553.84;AÇÕES;Ação ordinária;N;Para negociação;6.00;158.28;74.00;2007.80;26394.00;697065.54;;;MULT3;;;;;;;;2007-07-27;;;;
FIIM;48.643.170/0001-10;B-INDEX MORNINGSTAR SETORES CICLICOS BRASIL FUNDO DE iNDICE;2023-07-31;500140;96298553.84;AÇÕES;Ação ordinária;N;Para negociação;23.00;301.53;146.00;1921.75;76630.00;969369.50;;;TTEN3;;;;;;;;2021-07-12;;;;
FIIM;48.643.170/0001-10;B-INDEX MORNINGSTAR SETORES CICLICOS BRASIL FUNDO DE iNDICE;2023-07-31;500140;96298553.84;AÇÕES;Ação ordinária;N;Para negociação;4.00;117.76;67.00;1955.88;41004.00;1205517.60;;;VIVA3;;;;;;;;2019-10-10;;;;
FIIM;48.643.170/0001-10;B-INDEX MORNINGSTAR SETORES CICLICOS BRASIL FUNDO DE iNDICE;2023-07-31;500140;96298553.84;AÇÕES;Ação ordinária;N;Para negociação;2.00;96.22;46.00;2251.26;21662.00;1043891.78;;;BBAS3;;;;;;;;1973-05-31;;;;
FIIM;48.643.170/0001-10;B-INDEX MORNINGSTAR SETORES CICLICOS BRASIL FUNDO DE iNDICE;2023-07-31;500140;96298553.84;AÇÕES;Ação ordinária;N;Para negociação;17.00;373.56;92.00;1999.43;34956.00;832651.92;;;CYRE3;;;;;;;;1996-05-27;;;;
FIIM;48.643.170/0001-10;B-INDEX MORNINGSTAR SETORES CICLICOS BRASIL FUNDO DE iNDICE;2023-07-31;500140;96298553.84;AÇÕES;Ação ordinária;N;Para negociação;0.00;0.00;60.00;2538.34;34458.00;1571973.96;;;PRIO3;;;;;;;;2015-06-26;;;;
FIIM;48.643.170/0001-10;B-INDEX MORNINGSTAR SETORES CICLICOS BRASIL FUNDO DE iNDICE;2023-07-31;500140;96298553.84;AÇÕES;Ação ordinária;N;Para negociação;24.00;165.12;288.00;2073.11;102632.00;842608.72;;;ECOR3;;;;;;;;2010-04-01;;;;
FIIM;48.643.170/0001-10;B-INDEX MORNINGSTAR SETORES CICLICOS BRASIL FUNDO DE iNDICE;2023-07-31;500140;96298553.84;AÇÕES;Ação ordinária;N;Para negociação;11.00;217.14;109.00;2093.78;67002.00;1265667.78;;;UGPA3;;;;;;;;1999-10-13;;;;
FIIM;48.643.170/0001-10;B-INDEX MORNINGSTAR SETORES CICLICOS BRASIL FUNDO DE iNDICE;2023-07-31;500140;96298553.84;AÇÕES;Ação ordinária;N;Para negociação;13.00;253.89;112.00;2154.80;72154.00;1438750.76;;;CSAN3;;;;;;;;2005-11-18;;;;
FIIM;48.643.170/0001-10;B-INDEX MORNINGSTAR SETORES CICLICOS BRASIL FUNDO DE iNDICE;2023-07-31;500140;96298553.84;AÇÕES;Ação ordinária;N;Para negociação;9.00;403.38;39.00;1756.91;17320.00;832572.40;;;SUZB3;;;;;;;;2004-08-05;;;;
FIIM;48.643.170/0001-10;B-INDEX MORNINGSTAR SETORES CICLICOS BRASIL FUNDO DE iNDICE;2023-07-31;500140;96298553.84;AÇÕES;Ação ordinária;N;Para negociação;29.00;213.44;261.00;1980.51;140944.00;1059898.88;;;GRND3;;;;;;;;2004-10-29;;;;
FIIM;48.643.170/0001-10;B-INDEX MORNINGSTAR SETORES CICLICOS BRASIL FUNDO DE iNDICE;2023-07-31;500140;96298553.84;AÇÕES;Ação ordinária;N;Para negociação;15.00;443.67;61.00;1831.48;35267.00;1042845.19;;;TOTS3;;;;;;;;2006-03-09;;;;
FIIM;48.643.170/0001-10;B-INDEX MORNINGSTAR SETORES CICLICOS BRASIL FUNDO DE iNDICE;2023-07-31;500140;96298553.84;AÇÕES;Ação ordinária;N;Para negociação;18.00;442.19;79.00;1977.21;62955.00;1530436.05;;;ALSO3;;;;;;;;2019-08-06;;;;
FIIM;48.643.170/0001-10;B-INDEX MORNINGSTAR SETORES CICLICOS BRASIL FUNDO DE iNDICE;2023-07-31;500140;96298553.84;AÇÕES;Ação ordinária;N;Para negociação;11.00;153.78;140.00;1999.23;48219.00;691460.46;;;TIMS3;;;;;;;;2020-10-13;;;;
FIIM;48.643.170/0001-10;B-INDEX MORNINGSTAR SETORES CICLICOS BRASIL FUNDO DE iNDICE;2023-07-31;500140;96298553.84;AÇÕES;Ação ordinária;N;Para negociação;24.00;238.08;194.00;1966.36;70815.00;680532.15;;;STBP3;;;;;;;;2007-11-21;;;;
FIIM;48.643.170/0001-10;B-INDEX MORNINGSTAR SETORES CICLICOS BRASIL FUNDO DE iNDICE;2023-07-31;500140;96298553.84;AÇÕES;Ação ordinária;N;Para negociação;8.00;72.72;184.00;1733.25;68305.00;668022.90;;;SIMH3;;;;;;;;2020-09-18;;;;
FIIM;48.643.170/0001-10;B-INDEX MORNINGSTAR SETORES CICLICOS BRASIL FUNDO DE iNDICE;2023-07-31;500140;96298553.84;AÇÕES;Ação ordinária;N;Para negociação;8.00;632.88;23.00;1898.37;8848.00;729075.20;;;ARZZ3;;;;;;;;2011-02-02;;;;
FIIM;48.643.170/0001-10;B-INDEX MORNINGSTAR SETORES CICLICOS BRASIL FUNDO DE iNDICE;2023-07-31;500140;96298553.84;AÇÕES;Ação preferencial;S;Para negociação;12.00;199.20;117.00;1928.96;47872.00;797547.52;;;BBDC4;;;;;;;;1973-12-06;;;;
FIIM;48.643.170/0001-10;B-INDEX MORNINGSTAR SETORES CICLICOS BRASIL FUNDO DE iNDICE;2023-07-31;500140;96298553.84;AÇÕES;Ação preferencial;N;Para negociação;24.00;213.12;171.00;1594.40;89714.00;863945.82;;;ALPA4;;;;;;;;1973-03-19;;;;
FIIM;48.643.170/0001-10;B-INDEX MORNINGSTAR SETORES CICLICOS BRASIL FUNDO DE iNDICE;2023-07-31;500140;96298553.84;AÇÕES;Ação preferencial;N;Para negociação;0.00;0.00;32.00;2554.47;9939.00;804462.66;;;UNIP6;;;;;;;;1980-06-04;;;;
FIIM;48.643.170/0001-10;B-INDEX MORNINGSTAR SETORES CICLICOS BRASIL FUNDO DE iNDICE;2023-07-31;500140;96298553.84;AÇÕES;Ação preferencial;N;Para negociação;5.00;73.70;139.00;2073.31;57219.00;834825.21;;;BRSR6;;;;;;;;2007-09-03;;;;
FIIM;48.643.170/0001-10;B-INDEX MORNINGSTAR SETORES CICLICOS BRASIL FUNDO DE iNDICE;2023-07-31;500140;96298553.84;AÇÕES;Ação preferencial;N;Para negociação;15.00;259.95;95.00;1822.06;52404.00;927550.80;;;AZUL4;;;;;;;;2017-04-11;;;;
FIIM;48.643.170/0001-10;B-INDEX MORNINGSTAR SETORES CICLICOS BRASIL FUNDO DE iNDICE;2023-07-31;500140;96298553.84;AÇÕES;Ação preferencial;N;Para negociação;8.00;230.64;69.00;1993.54;52347.00;1499218.08;;;ITUB4;;;;;;;;2009-05-20;;;;
FIIM;48.643.170/0001-10;B-INDEX MORNINGSTAR SETORES CICLICOS BRASIL FUNDO DE iNDICE;2023-07-31;500140;96298553.84;AÇÕES;Ação preferencial;S;Para negociação;1.00;22.63;95.00;2159.56;30998.00;728143.02;;;BRAP4;;;;;;;;2000-08-10;;;;
FIIM;48.643.170/0001-10;B-INDEX MORNINGSTAR SETORES CICLICOS BRASIL FUNDO DE iNDICE;2023-07-31;500140;96298553.84;AÇÕES;Ação preferencial;N;Para negociação;31.00;230.02;261.00;1924.46;78281.00;565971.63;;;USIM5;;;;;;;;1999-02-02;;;;
FIIM;48.643.170/0001-10;B-INDEX MORNINGSTAR SETORES CICLICOS BRASIL FUNDO DE iNDICE;2023-07-31;500140;96298553.84;AÇÕES;Ação preferencial;N;Para negociação;6.00;163.56;78.00;2120.96;27148.00;794079.00;;;GGBR4;;;;;;;;2001-02-01;;;;
FIIM;48.643.170/0001-10;B-INDEX MORNINGSTAR SETORES CICLICOS BRASIL FUNDO DE iNDICE;2023-07-31;500140;96298553.84;AÇÕES;Ação preferencial;N;Para negociação;20.00;195.40;214.00;2093.70;147061.00;1444139.02;;;ITSA4;;;;;;;;1973-09-17;;;;
FIIM;48.643.170/0001-10;B-INDEX MORNINGSTAR SETORES CICLICOS BRASIL FUNDO DE iNDICE;2023-07-31;500140;96298553.84;AÇÕES;Ação preferencial;N;Para negociação;5.00;64.18;157.00;2000.64;102801.00;1413513.75;;;GOAU4;;;;;;;;1973-08-27;;;;
FIIM;48.643.170/0001-10;B-INDEX MORNINGSTAR SETORES CICLICOS BRASIL FUNDO DE iNDICE;2023-07-31;500140;96298553.84;AÇÕES;Ação preferencial;N;Para negociação;0.00;0.00;77.00;2313.33;49718.00;1546726.98;;;PETR4;;;;;;;;1973-09-18;;;;
FIIM;48.643.170/0001-10;B-INDEX MORNINGSTAR SETORES CICLICOS BRASIL FUNDO DE iNDICE;2023-07-31;500140;96298553.84;AÇÕES;Ação preferencial;N;Para negociação;0.00;0.00;84.00;2194.94;31051.00;788695.40;;;BRKM5;;;;;;;;2002-09-02;;;;
FIIM;48.643.170/0001-10;B-INDEX MORNINGSTAR SETORES CICLICOS BRASIL FUNDO DE iNDICE;2023-07-31;500140;96298553.84;DISPONIBILIDADES;Outros;;Para negociação;;;;;;10019.36;;;;Disponibilidade;;;;;;;;;;;
FIIM;48.643.170/0001-10;B-INDEX MORNINGSTAR SETORES CICLICOS BRASIL FUNDO DE iNDICE;2023-07-31;500140;96298553.84;VALORES A PAGAR;Outros;;Para negociação;;;;;;53791.23;;;;Valores a Pagar;;;;;;;;;;;
FIIM;48.643.170/0001-10;B-INDEX MORNINGSTAR SETORES CICLICOS BRASIL FUNDO DE iNDICE;2023-07-31;500140;96298553.84;VALORES A RECEBER;Outros;;Para negociação;;;;;;500740.48;;;;Valores a Receber;;;;;;;;;;;
FIIM;48.643.170/0001-10;B-INDEX MORNINGSTAR SETORES CICLICOS BRASIL FUNDO DE iNDICE;2023-07-31;500140;96298553.84;MERCADO FUTURO - POSIÇÕES COMPRADAS;Contrato Futuro;;Para negociação;;;;;4.00;1026.80;;;;FUT WIN/Q23;;;;;;;;;;;
FIIM;48.643.170/0001-10;B-INDEX MORNINGSTAR SETORES CICLICOS BRASIL FUNDO DE iNDICE;2023-07-31;500140;96298553.84;MERCADO FUTURO - POSIÇÕES COMPRADAS;Futuro de IND:Ibovespa;;Para negociação;;;;;4.00;6788.00;;;;FUT IND/Q23;;;;;;;;;;;
FIIM;48.643.170/0001-10;B-INDEX MORNINGSTAR SETORES CICLICOS BRASIL FUNDO DE iNDICE;2023-07-31;500140;96298553.84;AÇÕES E OUTROS TVM CEDIDOS EM EMPRÉSTIMO;Ação ordinária;N;Para negociação;;;;;57312.00;684305.28;;;VAMO3;;;;;;;;2021-01-29;;;;
FIIM;48.643.170/0001-10;B-INDEX MORNINGSTAR SETORES CICLICOS BRASIL FUNDO DE iNDICE;2023-07-31;500140;96298553.84;AÇÕES E OUTROS TVM CEDIDOS EM EMPRÉSTIMO;Ação ordinária;N;Para negociação;;;;;205730.00;689195.50;;;MGLU3;;;;;;;;2011-05-02;;;;
FIIM;48.643.170/0001-10;B-INDEX MORNINGSTAR SETORES CICLICOS BRASIL FUNDO DE iNDICE;2023-07-31;500140;96298553.84;AÇÕES E OUTROS TVM CEDIDOS EM EMPRÉSTIMO;Ação ordinária;S;Para negociação;;;;;161788.00;763639.36;;;CIEL3;;;;;;;;2009-12-18;;;;
FIIM;48.643.170/0001-10;B-INDEX MORNINGSTAR SETORES CICLICOS BRASIL FUNDO DE iNDICE;2023-07-31;500140;96298553.84;AÇÕES E OUTROS TVM CEDIDOS EM EMPRÉSTIMO;Ação ordinária;N;Para negociação;;;;;14000.00;264460.00;;;UGPA3;;;;;;;;1999-10-13;;;;
FIIM;48.643.170/0001-10;B-INDEX MORNINGSTAR SETORES CICLICOS BRASIL FUNDO DE iNDICE;2023-07-31;500140;96298553.84;AÇÕES E OUTROS TVM CEDIDOS EM EMPRÉSTIMO;Ação ordinária;N;Para negociação;;;;;19427.00;402138.90;;;PCAR3;;;;;;;;1995-10-03;;;;
FIIM;48.643.170/0001-10;B-INDEX MORNINGSTAR SETORES CICLICOS BRASIL FUNDO DE iNDICE;2023-07-31;500140;96298553.84;AÇÕES E OUTROS TVM CEDIDOS EM EMPRÉSTIMO;Ação ordinária;N;Para negociação;;;;;55349.00;766030.16;;;CSNA3;;;;;;;;1993-08-02;;;;
FIIM;48.643.170/0001-10;B-INDEX MORNINGSTAR SETORES CICLICOS BRASIL FUNDO DE iNDICE;2023-07-31;500140;96298553.84;AÇÕES E OUTROS TVM CEDIDOS EM EMPRÉSTIMO;Ação ordinária;N;Para negociação;;;;;3300.00;56529.00;;;VBBR3;;;;;;;;2021-10-22;;;;
FIIM;48.643.170/0001-10;B-INDEX MORNINGSTAR SETORES CICLICOS BRASIL FUNDO DE iNDICE;2023-07-31;500140;96298553.84;AÇÕES E OUTROS TVM CEDIDOS EM EMPRÉSTIMO;Ação ordinária;N;Para negociação;;;;;32516.00;930933.08;;;PSSA3;;;;;;;;2004-11-22;;;;
FIIM;48.643.170/0001-10;B-INDEX MORNINGSTAR SETORES CICLICOS BRASIL FUNDO DE iNDICE;2023-07-31;500140;96298553.84;AÇÕES E OUTROS TVM CEDIDOS EM EMPRÉSTIMO;Ação ordinária;N;Para negociação;;;;;8382.00;155150.82;;;EMBR3;;;;;;;;1989-08-28;;;;
FIIM;48.643.170/0001-10;B-INDEX MORNINGSTAR SETORES CICLICOS BRASIL FUNDO DE iNDICE;2023-07-31;500140;96298553.84;AÇÕES E OUTROS TVM CEDIDOS EM EMPRÉSTIMO;Ação ordinária;N;Para negociação;;;;;13312.00;149626.88;;;SOMA3;;;;;;;;2020-07-31;;;;
FIIM;48.643.170/0001-10;B-INDEX MORNINGSTAR SETORES CICLICOS BRASIL FUNDO DE iNDICE;2023-07-31;500140;96298553.84;AÇÕES E OUTROS TVM CEDIDOS EM EMPRÉSTIMO;Ação ordinária;N;Para negociação;;;;;36302.00;459220.30;;;TTEN3;;;;;;;;2021-07-12;;;;
FIIM;48.643.170/0001-10;B-INDEX MORNINGSTAR SETORES CICLICOS BRASIL FUNDO DE iNDICE;2023-07-31;500140;96298553.84;AÇÕES E OUTROS TVM CEDIDOS EM EMPRÉSTIMO;Ação ordinária;N;Para negociação;;;;;52226.00;748920.84;;;TIMS3;;;;;;;;2020-10-13;;;;
FIIM;48.643.170/0001-10;B-INDEX MORNINGSTAR SETORES CICLICOS BRASIL FUNDO DE iNDICE;2023-07-31;500140;96298553.84;AÇÕES E OUTROS TVM CEDIDOS EM EMPRÉSTIMO;Ação ordinária;N;Para negociação;;;;;9423.00;776455.20;;;ARZZ3;;;;;;;;2011-02-02;;;;
FIIM;48.643.170/0001-10;B-INDEX MORNINGSTAR SETORES CICLICOS BRASIL FUNDO DE iNDICE;2023-07-31;500140;96298553.84;AÇÕES E OUTROS TVM CEDIDOS EM EMPRÉSTIMO;Ação ordinária;N;Para negociação;;;;;12551.00;446188.05;;;RRRP3;;;;;;;;2020-11-12;;;;
FIIM;48.643.170/0001-10;B-INDEX MORNINGSTAR SETORES CICLICOS BRASIL FUNDO DE iNDICE;2023-07-31;500140;96298553.84;AÇÕES E OUTROS TVM CEDIDOS EM EMPRÉSTIMO;Ação ordinária;N;Para negociação;;;;;4200.00;58380.00;;;MRVE3;;;;;;;;2007-07-23;;;;
FIIM;48.643.170/0001-10;B-INDEX MORNINGSTAR SETORES CICLICOS BRASIL FUNDO DE iNDICE;2023-07-31;500140;96298553.84;AÇÕES E OUTROS TVM CEDIDOS EM EMPRÉSTIMO;Ação ordinária;N;Para negociação;;;;;19700.00;659359.00;;;SMTO3;;;;;;;;2007-02-12;;;;
FIIM;48.643.170/0001-10;B-INDEX MORNINGSTAR SETORES CICLICOS BRASIL FUNDO DE iNDICE;2023-07-31;500140;96298553.84;AÇÕES E OUTROS TVM CEDIDOS EM EMPRÉSTIMO;Ação ordinária;N;Para negociação;;;;;85695.00;717267.15;;;DXCO3;;;;;;;;2021-08-19;;;;
FIIM;48.643.170/0001-10;B-INDEX MORNINGSTAR SETORES CICLICOS BRASIL FUNDO DE iNDICE;2023-07-31;500140;96298553.84;AÇÕES E OUTROS TVM CEDIDOS EM EMPRÉSTIMO;Ação ordinária;N;Para negociação;;;;;20500.00;384375.00;;;LREN3;;;;;;;;1973-07-24;;;;
FIIM;48.643.170/0001-10;B-INDEX MORNINGSTAR SETORES CICLICOS BRASIL FUNDO DE iNDICE;2023-07-31;500140;96298553.84;AÇÕES E OUTROS TVM CEDIDOS EM EMPRÉSTIMO;Ação ordinária;N;Para negociação;;;;;1452.00;57963.84;;;WEGE3;;;;;;;;2004-08-02;;;;
FIIM;48.643.170/0001-10;B-INDEX MORNINGSTAR SETORES CICLICOS BRASIL FUNDO DE iNDICE;2023-07-31;500140;96298553.84;AÇÕES E OUTROS TVM CEDIDOS EM EMPRÉSTIMO;Ação ordinária;N;Para negociação;;;;;4284.00;56934.36;;;CCRO3;;;;;;;;2002-02-01;;;;
FIIM;48.643.170/0001-10;B-INDEX MORNINGSTAR SETORES CICLICOS BRASIL FUNDO DE iNDICE;2023-07-31;500140;96298553.84;AÇÕES E OUTROS TVM CEDIDOS EM EMPRÉSTIMO;Ação ordinária;N;Para negociação;;;;;45695.00;796463.85;;;GGPS3;;;;;;;;2021-04-26;;;;
FIIM;48.643.170/0001-10;B-INDEX MORNINGSTAR SETORES CICLICOS BRASIL FUNDO DE iNDICE;2023-07-31;500140;96298553.84;AÇÕES E OUTROS TVM CEDIDOS EM EMPRÉSTIMO;Ação ordinária;N;Para negociação;;;;;2991.00;71096.07;;;INTB3;;;;;;;;2021-02-04;;;;
FIIM;48.643.170/0001-10;B-INDEX MORNINGSTAR SETORES CICLICOS BRASIL FUNDO DE iNDICE;2023-07-31;500140;96298553.84;AÇÕES E OUTROS TVM CEDIDOS EM EMPRÉSTIMO;Ação ordinária;N;Para negociação;;;;;13999.00;672931.93;;;SUZB3;;;;;;;;2004-08-05;;;;
FIIM;48.643.170/0001-10;B-INDEX MORNINGSTAR SETORES CICLICOS BRASIL FUNDO DE iNDICE;2023-07-31;500140;96298553.84;AÇÕES E OUTROS TVM CEDIDOS EM EMPRÉSTIMO;Ação ordinária;N;Para negociação;;;;;7087.00;162008.82;;;SMFT3;;;;;;;;2018-02-26;;;;
FIIM;48.643.170/0001-10;B-INDEX MORNINGSTAR SETORES CICLICOS BRASIL FUNDO DE iNDICE;2023-07-31;500140;96298553.84;AÇÕES E OUTROS TVM CEDIDOS EM EMPRÉSTIMO;Ação ordinária;N;Para negociação;;;;;9800.00;412678.00;;;VIVT3;;;;;;;;2011-10-06;;;;
FIIM;48.643.170/0001-10;B-INDEX MORNINGSTAR SETORES CICLICOS BRASIL FUNDO DE iNDICE;2023-07-31;500140;96298553.84;AÇÕES E OUTROS TVM CEDIDOS EM EMPRÉSTIMO;Ação ordinária;N;Para negociação;;;;;74375.00;727387.50;;;SIMH3;;;;;;;;2020-09-18;;;;
FIIM;48.643.170/0001-10;B-INDEX MORNINGSTAR SETORES CICLICOS BRASIL FUNDO DE iNDICE;2023-07-31;500140;96298553.84;AÇÕES E OUTROS TVM CEDIDOS EM EMPRÉSTIMO;Ação ordinária;N;Para negociação;;;;;52241.00;392852.32;;;GRND3;;;;;;;;2004-10-29;;;;
FIIM;48.643.170/0001-10;B-INDEX MORNINGSTAR SETORES CICLICOS BRASIL FUNDO DE iNDICE;2023-07-31;500140;96298553.84;AÇÕES E OUTROS TVM CEDIDOS EM EMPRÉSTIMO;Ação ordinária;N;Para negociação;;;;;13062.00;386243.34;;;TOTS3;;;;;;;;2006-03-09;;;;
FIIM;48.643.170/0001-10;B-INDEX MORNINGSTAR SETORES CICLICOS BRASIL FUNDO DE iNDICE;2023-07-31;500140;96298553.84;AÇÕES E OUTROS TVM CEDIDOS EM EMPRÉSTIMO;Ação ordinária;N;Para negociação;;;;;38352.00;913544.64;;;CYRE3;;;;;;;;1996-05-27;;;;
FIIM;48.643.170/0001-10;B-INDEX MORNINGSTAR SETORES CICLICOS BRASIL FUNDO DE iNDICE;2023-07-31;500140;96298553.84;AÇÕES E OUTROS TVM CEDIDOS EM EMPRÉSTIMO;Ação ordinária;N;Para negociação;;;;;6800.00;310216.00;;;PRIO3;;;;;;;;2015-06-26;;;;
FIIM;48.643.170/0001-10;B-INDEX MORNINGSTAR SETORES CICLICOS BRASIL FUNDO DE iNDICE;2023-07-31;500140;96298553.84;AÇÕES E OUTROS TVM CEDIDOS EM EMPRÉSTIMO;Ação ordinária;N;Para negociação;;;;;105091.00;862797.11;;;ECOR3;;;;;;;;2010-04-01;;;;
FIIM;48.643.170/0001-10;B-INDEX MORNINGSTAR SETORES CICLICOS BRASIL FUNDO DE iNDICE;2023-07-31;500140;96298553.84;AÇÕES E OUTROS TVM CEDIDOS EM EMPRÉSTIMO;Ação ordinária;N;Para negociação;;;;;26611.00;702796.51;;;MULT3;;;;;;;;2007-07-27;;;;
FIIM;48.643.170/0001-10;B-INDEX MORNINGSTAR SETORES CICLICOS BRASIL FUNDO DE iNDICE;2023-07-31;500140;96298553.84;AÇÕES E OUTROS TVM CEDIDOS EM EMPRÉSTIMO;Ação ordinária;N;Para negociação;;;;;10480.00;308112.00;;;VIVA3;;;;;;;;2019-10-10;;;;
FIIM;48.643.170/0001-10;B-INDEX MORNINGSTAR SETORES CICLICOS BRASIL FUNDO DE iNDICE;2023-07-31;500140;96298553.84;AÇÕES E OUTROS TVM CEDIDOS EM EMPRÉSTIMO;Ação ordinária;N;Para negociação;;;;;38235.00;302821.20;;;GMAT3;;;;;;;;2020-10-13;;;;
FIIM;48.643.170/0001-10;B-INDEX MORNINGSTAR SETORES CICLICOS BRASIL FUNDO DE iNDICE;2023-07-31;500140;96298553.84;AÇÕES E OUTROS TVM CEDIDOS EM EMPRÉSTIMO;Ação ordinária;N;Para negociação;;;;;74612.00;717021.32;;;STBP3;;;;;;;;2007-11-21;;;;
FIIM;48.643.170/0001-10;B-INDEX MORNINGSTAR SETORES CICLICOS BRASIL FUNDO DE iNDICE;2023-07-31;500140;96298553.84;AÇÕES E OUTROS TVM CEDIDOS EM EMPRÉSTIMO;Ação ordinária;N;Para negociação;;;;;48728.00;525775.12;;;CXSE3;;;;;;;;2021-04-29;;;;
FIIM;48.643.170/0001-10;B-INDEX MORNINGSTAR SETORES CICLICOS BRASIL FUNDO DE iNDICE;2023-07-31;500140;96298553.84;AÇÕES E OUTROS TVM CEDIDOS EM EMPRÉSTIMO;Ação ordinária;N;Para negociação;;;;;10433.00;208034.02;;;CSAN3;;;;;;;;2005-11-18;;;;
FIIM;48.643.170/0001-10;B-INDEX MORNINGSTAR SETORES CICLICOS BRASIL FUNDO DE iNDICE;2023-07-31;500140;96298553.84;AÇÕES E OUTROS TVM CEDIDOS EM EMPRÉSTIMO;Ação ordinária;N;Para negociação;;;;;109600.00;526080.00;;;HAPV3;;;;;;;;2018-04-25;;;;
FIIM;48.643.170/0001-10;B-INDEX MORNINGSTAR SETORES CICLICOS BRASIL FUNDO DE iNDICE;2023-07-31;500140;96298553.84;AÇÕES E OUTROS TVM CEDIDOS EM EMPRÉSTIMO;Ação ordinária;N;Para negociação;;;;;9871.00;475683.49;;;BBAS3;;;;;;;;1973-05-31;;;;
FIIM;48.643.170/0001-10;B-INDEX MORNINGSTAR SETORES CICLICOS BRASIL FUNDO DE iNDICE;2023-07-31;500140;96298553.84;AÇÕES E OUTROS TVM CEDIDOS EM EMPRÉSTIMO;Ação ordinária;N;Para negociação;;;;;30016.00;690067.84;;;RECV3;;;;;;;;2021-05-05;;;;
FIIM;48.643.170/0001-10;B-INDEX MORNINGSTAR SETORES CICLICOS BRASIL FUNDO DE iNDICE;2023-07-31;500140;96298553.84;AÇÕES E OUTROS TVM CEDIDOS EM EMPRÉSTIMO;Ação preferencial;S;Para negociação;;;;;32881.00;772374.69;;;BRAP4;;;;;;;;2000-08-10;;;;
FIIM;48.643.170/0001-10;B-INDEX MORNINGSTAR SETORES CICLICOS BRASIL FUNDO DE iNDICE;2023-07-31;500140;96298553.84;AÇÕES E OUTROS TVM CEDIDOS EM EMPRÉSTIMO;Ação preferencial;N;Para negociação;;;;;10498.00;103090.36;;;ITSA4;;;;;;;;1973-09-17;;;;
FIIM;48.643.170/0001-10;B-INDEX MORNINGSTAR SETORES CICLICOS BRASIL FUNDO DE iNDICE;2023-07-31;500140;96298553.84;AÇÕES E OUTROS TVM CEDIDOS EM EMPRÉSTIMO;Ação preferencial;N;Para negociação;;;;;29834.00;872644.50;;;GGBR4;;;;;;;;2001-02-01;;;;
FIIM;48.643.170/0001-10;B-INDEX MORNINGSTAR SETORES CICLICOS BRASIL FUNDO DE iNDICE;2023-07-31;500140;96298553.84;AÇÕES E OUTROS TVM CEDIDOS EM EMPRÉSTIMO;Ação preferencial;N;Para negociação;;;;;10303.00;833924.82;;;UNIP6;;;;;;;;1980-06-04;;;;
FIIM;48.643.170/0001-10;B-INDEX MORNINGSTAR SETORES CICLICOS BRASIL FUNDO DE iNDICE;2023-07-31;500140;96298553.84;AÇÕES E OUTROS TVM CEDIDOS EM EMPRÉSTIMO;Ação preferencial;N;Para negociação;;;;;52351.00;763801.09;;;BRSR6;;;;;;;;2007-09-03;;;;
FIIM;48.643.170/0001-10;B-INDEX MORNINGSTAR SETORES CICLICOS BRASIL FUNDO DE iNDICE;2023-07-31;500140;96298553.84;AÇÕES E OUTROS TVM CEDIDOS EM EMPRÉSTIMO;Ação preferencial;N;Para negociação;;;;;40419.00;389234.97;;;ALPA4;;;;;;;;1973-03-19;;;;
FIIM;48.643.170/0001-10;B-INDEX MORNINGSTAR SETORES CICLICOS BRASIL FUNDO DE iNDICE;2023-07-31;500140;96298553.84;AÇÕES E OUTROS TVM CEDIDOS EM EMPRÉSTIMO;Ação preferencial;S;Para negociação;;;;;38700.00;644742.00;;;BBDC4;;;;;;;;1973-12-06;;;;
FIIM;48.643.170/0001-10;B-INDEX MORNINGSTAR SETORES CICLICOS BRASIL FUNDO DE iNDICE;2023-07-31;500140;96298553.84;AÇÕES E OUTROS TVM CEDIDOS EM EMPRÉSTIMO;Ação preferencial;N;Para negociação;;;;;25348.00;643839.20;;;BRKM5;;;;;;;;2002-09-02;;;;
FIIM;48.643.170/0001-10;B-INDEX MORNINGSTAR SETORES CICLICOS BRASIL FUNDO DE iNDICE;2023-07-31;500140;96298553.84;AÇÕES E OUTROS TVM CEDIDOS EM EMPRÉSTIMO;Ação preferencial;N;Para negociação;;;;;117273.00;847883.79;;;USIM5;;;;;;;;1999-02-02;;;;
FIIM;48.643.170/0001-10;B-INDEX MORNINGSTAR SETORES CICLICOS BRASIL FUNDO DE iNDICE;2023-07-31;500140;96298553.84;AÇÕES E OUTROS TVM CEDIDOS EM EMPRÉSTIMO;Ação preferencial;N;Para negociação;;;;;21242.00;375983.40;;;AZUL4;;;;;;;;2017-04-11;;;;
FIIM;48.643.170/0001-10;B-INDEX MORNINGSTAR SETORES CICLICOS BRASIL FUNDO DE iNDICE;2023-07-31;500140;96298553.84;AÇÕES E OUTROS TVM CEDIDOS EM EMPRÉSTIMO;Ação preferencial;N;Para negociação;;;;;19670.00;270462.50;;;GOAU4;;;;;;;;1973-08-27;;;;
FIIM;48.643.170/0001-10;B-INDEX MORNINGSTAR SETORES CICLICOS BRASIL FUNDO DE iNDICE;2023-07-31;500140;96298553.84;AÇÕES E OUTROS TVM CEDIDOS EM EMPRÉSTIMO;Certificado de depósito de ações;N;Para negociação;;;;;25116.00;549538.08;;;IGTI11;;;;;;;;2021-11-22;;;;
FIIM;48.643.170/0001-10;B-INDEX MORNINGSTAR SETORES CICLICOS BRASIL FUNDO DE iNDICE;2023-07-31;500140;96298553.84;AÇÕES E OUTROS TVM CEDIDOS EM EMPRÉSTIMO;Certificado de depósito de ações;N;Para negociação;;;;;21400.00;492200.00;;;KLBN11;;;;;;;;2014-01-10;;;;
FIIM;48.643.170/0001-10;B-INDEX MORNINGSTAR SETORES CICLICOS BRASIL FUNDO DE iNDICE;2023-07-31;500140;96298553.84;AÇÕES E OUTROS TVM CEDIDOS EM EMPRÉSTIMO;Certificado de depósito de ações;N;Para negociação;;;;;15120.00;514231.20;;;BPAC11;;;;;;;;2017-02-16;;;;
FIIM;48.643.170/0001-10;B-INDEX MORNINGSTAR SETORES CICLICOS BRASIL FUNDO DE iNDICE;2023-07-31;500140;96298553.84;OPERAÇÕES COMPROMISSADAS;;S;Para negociação;;;;;175.00;143137.97;;;;;2025-07-01;;;;;100000;;;;;
FIIM;48.643.170/0001-10;B-INDEX MORNINGSTAR SETORES CICLICOS BRASIL FUNDO DE iNDICE;2023-07-31;500140;96298553.84;CERTIFICADO OU RECIBO DE DEPÓSITO DE VALORES MOBILIÁRIOS;Certificado de depósito de ações;N;Para negociação;0.00;0.00;0.00;0.00;45642.00;1049766.00;;;KLBN11;;;;;;;;2014-01-10;;;;
FIIM;48.643.170/0001-10;B-INDEX MORNINGSTAR SETORES CICLICOS BRASIL FUNDO DE iNDICE;2023-07-31;500140;96298553.84;CERTIFICADO OU RECIBO DE DEPÓSITO DE VALORES MOBILIÁRIOS;Certificado de depósito de ações;N;Para negociação;0.00;0.00;0.00;0.00;38452.00;841329.76;;;IGTI11;;;;;;;;2021-11-22;;;;
FIIM;48.643.170/0001-10;B-INDEX MORNINGSTAR SETORES CICLICOS BRASIL FUNDO DE iNDICE;2023-07-31;500140;96298553.84;CERTIFICADO OU RECIBO DE DEPÓSITO DE VALORES MOBILIÁRIOS;Certificado de depósito de ações;N;Para negociação;0.00;0.00;0.00;0.00;34019.00;1156986.19;;;BPAC11;;;;;;;;2017-02-16;;;;
FIIM;48.643.220/0001-60;B-INDEX MORNINGSTAR SETORES DEFENSIVOS BRASIL FUNDO DE INDICE;2023-07-31;500143;95102734.68;AÇÕES;Ação ordinária;N;Para negociação;0.00;0.00;4159.00;88496.96;61247.00;1197378.85;;;NEOE3;;;;;;;;2017-10-05;;;;
FIIM;48.643.220/0001-60;B-INDEX MORNINGSTAR SETORES DEFENSIVOS BRASIL FUNDO DE INDICE;2023-07-31;500143;95102734.68;AÇÕES;Ação ordinária;N;Para negociação;0.00;0.00;1834.00;71535.34;66636.00;2575481.40;;;ELET3;;;;;;;;1983-09-01;;;;
FIIM;48.643.220/0001-60;B-INDEX MORNINGSTAR SETORES DEFENSIVOS BRASIL FUNDO DE INDICE;2023-07-31;500143;95102734.68;AÇÕES;Ação ordinária;N;Para negociação;0.00;0.00;4939.00;70972.52;93611.00;1310554.00;;;AURE3;;;;;;;;2022-03-28;;;;
FIIM;48.643.220/0001-60;B-INDEX MORNINGSTAR SETORES DEFENSIVOS BRASIL FUNDO DE INDICE;2023-07-31;500143;95102734.68;AÇÕES;Ação ordinária;N;Para negociação;0.00;0.00;6542.00;65421.19;180507.00;1821315.63;;;BEEF3;;;;;;;;2007-07-20;;;;
FIIM;48.643.220/0001-60;B-INDEX MORNINGSTAR SETORES DEFENSIVOS BRASIL FUNDO DE INDICE;2023-07-31;500143;95102734.68;AÇÕES;Ação ordinária;N;Para negociação;0.00;0.00;2266.00;80752.08;62758.00;2245481.24;;;CPFE3;;;;;;;;2004-09-29;;;;
FIIM;48.643.220/0001-60;B-INDEX MORNINGSTAR SETORES DEFENSIVOS BRASIL FUNDO DE INDICE;2023-07-31;500143;95102734.68;AÇÕES;Ação ordinária;N;Para negociação;0.00;0.00;4697.00;69341.05;125644.00;1867069.84;;;ABEV3;;;;;;;;2013-11-11;;;;
FIIM;48.643.220/0001-60;B-INDEX MORNINGSTAR SETORES DEFENSIVOS BRASIL FUNDO DE INDICE;2023-07-31;500143;95102734.68;AÇÕES;Ação ordinária;N;Para negociação;0.00;0.00;5745.00;70671.22;138851.00;1856437.87;;;ENEV3;;;;;;;;2013-10-22;;;;
FIIM;48.643.220/0001-60;B-INDEX MORNINGSTAR SETORES DEFENSIVOS BRASIL FUNDO DE INDICE;2023-07-31;500143;95102734.68;AÇÕES;Ação ordinária;N;Para negociação;0.00;0.00;6764.00;69541.06;245652.00;2957650.08;;;ONCO3;;;;;;;;2021-08-10;;;;
FIIM;48.643.220/0001-60;B-INDEX MORNINGSTAR SETORES DEFENSIVOS BRASIL FUNDO DE INDICE;2023-07-31;500143;95102734.68;AÇÕES;Ação ordinária;N;Para negociação;0.00;0.00;2154.00;69591.60;78267.00;2817612.00;;;RDOR3;;;;;;;;2021-06-25;;;;
FIIM;48.643.220/0001-60;B-INDEX MORNINGSTAR SETORES DEFENSIVOS BRASIL FUNDO DE INDICE;2023-07-31;500143;95102734.68;AÇÕES;Ação ordinária;N;Para negociação;0.00;0.00;4517.00;73673.86;70419.00;1286555.13;;;NTCO3;;;;;;;;2019-12-18;;;;
FIIM;48.643.220/0001-60;B-INDEX MORNINGSTAR SETORES DEFENSIVOS BRASIL FUNDO DE INDICE;2023-07-31;500143;95102734.68;AÇÕES;Ação ordinária;N;Para negociação;0.00;0.00;1893.00;76847.80;34682.00;1513869.30;;;SLCE3;;;;;;;;2007-06-15;;;;
FIIM;48.643.220/0001-60;B-INDEX MORNINGSTAR SETORES DEFENSIVOS BRASIL FUNDO DE INDICE;2023-07-31;500143;95102734.68;AÇÕES;Ação ordinária;N;Para negociação;0.00;0.00;9963.00;75003.03;253996.00;1884650.32;;;MRFG3;;;;;;;;2007-06-28;;;;
FIIM;48.643.220/0001-60;B-INDEX MORNINGSTAR SETORES DEFENSIVOS BRASIL FUNDO DE INDICE;2023-07-31;500143;95102734.68;AÇÕES;Ação ordinária;N;Para negociação;0.00;0.00;2356.00;78567.46;82537.00;2768290.98;;;EQTL3;;;;;;;;2006-04-03;;;;
FIIM;48.643.220/0001-60;B-INDEX MORNINGSTAR SETORES DEFENSIVOS BRASIL FUNDO DE INDICE;2023-07-31;500143;95102734.68;AÇÕES;Ação ordinária;N;Para negociação;0.00;0.00;3949.00;76259.39;60860.00;1142950.80;;;JBSS3;;;;;;;;2007-03-29;;;;
FIIM;48.643.220/0001-60;B-INDEX MORNINGSTAR SETORES DEFENSIVOS BRASIL FUNDO DE INDICE;2023-07-31;500143;95102734.68;AÇÕES;Ação ordinária;N;Para negociação;0.00;0.00;8006.00;76334.54;290873.00;2838920.48;;;BRFS3;;;;;;;;2009-12-10;;;;
FIIM;48.643.220/0001-60;B-INDEX MORNINGSTAR SETORES DEFENSIVOS BRASIL FUNDO DE INDICE;2023-07-31;500143;95102734.68;AÇÕES;Ação ordinária;N;Para negociação;0.00;0.00;3503.00;72786.51;67868.00;1373648.32;;;CSMG3;;;;;;;;2006-02-08;;;;
FIIM;48.643.220/0001-60;B-INDEX MORNINGSTAR SETORES DEFENSIVOS BRASIL FUNDO DE INDICE;2023-07-31;500143;95102734.68;AÇÕES;Ação ordinária;N;Para negociação;0.00;0.00;1308.00;72592.69;32278.00;1875351.80;;;SBSP3;;;;;;;;1997-03-11;;;;
FIIM;48.643.220/0001-60;B-INDEX MORNINGSTAR SETORES DEFENSIVOS BRASIL FUNDO DE INDICE;2023-07-31;500143;95102734.68;AÇÕES;Ação ordinária;N;Para negociação;0.00;0.00;6871.00;78245.81;103804.00;1215544.84;;;MEGA3;;;;;;;;2021-12-27;;;;
FIIM;48.643.220/0001-60;B-INDEX MORNINGSTAR SETORES DEFENSIVOS BRASIL FUNDO DE INDICE;2023-07-31;500143;95102734.68;AÇÕES;Ação ordinária;S;Para negociação;0.00;0.00;5976.00;72494.93;108266.00;1327341.16;;;ODPV3;;;;;;;;2006-12-01;;;;
FIIM;48.643.220/0001-60;B-INDEX MORNINGSTAR SETORES DEFENSIVOS BRASIL FUNDO DE INDICE;2023-07-31;500143;95102734.68;AÇÕES;Ação ordinária;N;Para negociação;0.00;0.00;5457.00;70932.75;198240.00;2670292.80;;;ASAI3;;;;;;;;2021-03-01;;;;
FIIM;48.643.220/0001-60;B-INDEX MORNINGSTAR SETORES DEFENSIVOS BRASIL FUNDO DE INDICE;2023-07-31;500143;95102734.68;AÇÕES;Ação ordinária;N;Para negociação;0.00;0.00;22425.00;72672.71;523648.00;1754220.80;;;COGN3;;;;;;;;2019-10-11;;;;
FIIM;48.643.220/0001-60;B-INDEX MORNINGSTAR SETORES DEFENSIVOS BRASIL FUNDO DE INDICE;2023-07-31;500143;95102734.68;AÇÕES;Ação ordinária;N;Para negociação;0.00;0.00;1611.00;72606.03;30729.00;1353305.16;;;EGIE3;;;;;;;;2016-07-21;;;;
FIIM;48.643.220/0001-60;B-INDEX MORNINGSTAR SETORES DEFENSIVOS BRASIL FUNDO DE INDICE;2023-07-31;500143;95102734.68;AÇÕES;Ação ordinária;N;Para negociação;0.00;0.00;1587.00;71700.74;57645.00;2493722.70;;;HYPE3;;;;;;;;2008-04-18;;;;
FIIM;48.643.220/0001-60;B-INDEX MORNINGSTAR SETORES DEFENSIVOS BRASIL FUNDO DE INDICE;2023-07-31;500143;95102734.68;AÇÕES;Ação ordinária;N;Para negociação;0.00;0.00;2461.00;70773.60;36387.00;1054131.39;;;RADL3;;;;;;;;2011-12-19;;;;
FIIM;48.643.220/0001-60;B-INDEX MORNINGSTAR SETORES DEFENSIVOS BRASIL FUNDO DE INDICE;2023-07-31;500143;95102734.68;AÇÕES;Ação ordinária;N;Para negociação;0.00;0.00;6139.00;68207.62;112548.00;1544158.56;;;CRFB3;;;;;;;;2017-07-20;;;;
FIIM;48.643.220/0001-60;B-INDEX MORNINGSTAR SETORES DEFENSIVOS BRASIL FUNDO DE INDICE;2023-07-31;500143;95102734.68;AÇÕES;Ação ordinária;S;Para negociação;0.00;0.00;4597.00;71350.74;127632.00;2056151.52;;;FLRY3;;;;;;;;2009-12-17;;;;
FIIM;48.643.220/0001-60;B-INDEX MORNINGSTAR SETORES DEFENSIVOS BRASIL FUNDO DE INDICE;2023-07-31;500143;95102734.68;AÇÕES;Ação ordinária;N;Para negociação;0.00;0.00;1687.00;72216.20;30141.00;1257783.93;;;MDIA3;;;;;;;;2006-10-18;;;;
FIIM;48.643.220/0001-60;B-INDEX MORNINGSTAR SETORES DEFENSIVOS BRASIL FUNDO DE INDICE;2023-07-31;500143;95102734.68;AÇÕES;Ação ordinária;N;Para negociação;0.00;0.00;5665.00;67810.37;86020.00;1021917.60;;;AESB3;;;;;;;;2021-08-10;;;;
FIIM;48.643.220/0001-60;B-INDEX MORNINGSTAR SETORES DEFENSIVOS BRASIL FUNDO DE INDICE;2023-07-31;500143;95102734.68;AÇÕES;Ação preferencial;N;Para negociação;0.00;0.00;5717.00;72657.27;174934.00;2216413.78;;;CMIG4;;;;;;;;1973-08-20;;;;
FIIM;48.643.220/0001-60;B-INDEX MORNINGSTAR SETORES DEFENSIVOS BRASIL FUNDO DE INDICE;2023-07-31;500143;95102734.68;AÇÕES;Ação preferencial;N;Para negociação;0.00;0.00;1648.00;71253.16;30532.00;1332111.16;;;ELET6;;;;;;;;1974-11-13;;;;
FIIM;48.643.220/0001-60;B-INDEX MORNINGSTAR SETORES DEFENSIVOS BRASIL FUNDO DE INDICE;2023-07-31;500143;95102734.68;AÇÕES;Ação preferencial;N;Para negociação;0.00;0.00;2836.00;71661.57;47998.00;1204749.80;;;TRPL4;;;;;;;;1999-07-26;;;;
FIIM;48.643.220/0001-60;B-INDEX MORNINGSTAR SETORES DEFENSIVOS BRASIL FUNDO DE INDICE;2023-07-31;500143;95102734.68;DISPONIBILIDADES;Outros;;Para negociação;;;;;;10000.00;;;;Disponibilidade;;;;;;;;;;;
FIIM;48.643.220/0001-60;B-INDEX MORNINGSTAR SETORES DEFENSIVOS BRASIL FUNDO DE INDICE;2023-07-31;500143;95102734.68;VALORES A PAGAR;Outros;;Para negociação;;;;;;29672.05;;;;Valores a Pagar;;;;;;;;;;;
FIIM;48.643.220/0001-60;B-INDEX MORNINGSTAR SETORES DEFENSIVOS BRASIL FUNDO DE INDICE;2023-07-31;500143;95102734.68;VALORES A RECEBER;Outros;;Para negociação;;;;;;553164.31;;;;Valores a Receber;;;;;;;;;;;
FIIM;48.643.220/0001-60;B-INDEX MORNINGSTAR SETORES DEFENSIVOS BRASIL FUNDO DE INDICE;2023-07-31;500143;95102734.68;MERCADO FUTURO - POSIÇÕES COMPRADAS;Contrato Futuro;;Para negociação;;;;;7.00;2375.80;;;;FUT WIN/Q23;;;;;;;;;;;
FIIM;48.643.220/0001-60;B-INDEX MORNINGSTAR SETORES DEFENSIVOS BRASIL FUNDO DE INDICE;2023-07-31;500143;95102734.68;MERCADO FUTURO - POSIÇÕES COMPRADAS;Futuro de IND:Ibovespa;;Para negociação;;;;;4.00;6788.00;;;;FUT IND/Q23;;;;;;;;;;;
FIIM;48.643.220/0001-60;B-INDEX MORNINGSTAR SETORES DEFENSIVOS BRASIL FUNDO DE INDICE;2023-07-31;500143;95102734.68;AÇÕES E OUTROS TVM CEDIDOS EM EMPRÉSTIMO;Ação ordinária;S;Para negociação;;;;;39360.00;634089.60;;;FLRY3;;;;;;;;2009-12-17;;;;
FIIM;48.643.220/0001-60;B-INDEX MORNINGSTAR SETORES DEFENSIVOS BRASIL FUNDO DE INDICE;2023-07-31;500143;95102734.68;AÇÕES E OUTROS TVM CEDIDOS EM EMPRÉSTIMO;Ação ordinária;N;Para negociação;;;;;19552.00;699570.56;;;CPFE3;;;;;;;;2004-09-29;;;;
FIIM;48.643.220/0001-60;B-INDEX MORNINGSTAR SETORES DEFENSIVOS BRASIL FUNDO DE INDICE;2023-07-31;500143;95102734.68;AÇÕES E OUTROS TVM CEDIDOS EM EMPRÉSTIMO;Ação ordinária;N;Para negociação;;;;;59380.00;1201851.20;;;CSMG3;;;;;;;;2006-02-08;;;;
FIIM;48.643.220/0001-60;B-INDEX MORNINGSTAR SETORES DEFENSIVOS BRASIL FUNDO DE INDICE;2023-07-31;500143;95102734.68;AÇÕES E OUTROS TVM CEDIDOS EM EMPRÉSTIMO;Ação ordinária;N;Para negociação;;;;;15246.00;885792.60;;;SBSP3;;;;;;;;1997-03-11;;;;
FIIM;48.643.220/0001-60;B-INDEX MORNINGSTAR SETORES DEFENSIVOS BRASIL FUNDO DE INDICE;2023-07-31;500143;95102734.68;AÇÕES E OUTROS TVM CEDIDOS EM EMPRÉSTIMO;Ação ordinária;N;Para negociação;;;;;69840.00;933760.80;;;ENEV3;;;;;;;;2013-10-22;;;;
FIIM;48.643.220/0001-60;B-INDEX MORNINGSTAR SETORES DEFENSIVOS BRASIL FUNDO DE INDICE;2023-07-31;500143;95102734.68;AÇÕES E OUTROS TVM CEDIDOS EM EMPRÉSTIMO;Ação ordinária;N;Para negociação;;;;;82600.00;1551228.00;;;JBSS3;;;;;;;;2007-03-29;;;;
FIIM;48.643.220/0001-60;B-INDEX MORNINGSTAR SETORES DEFENSIVOS BRASIL FUNDO DE INDICE;2023-07-31;500143;95102734.68;AÇÕES E OUTROS TVM CEDIDOS EM EMPRÉSTIMO;Ação ordinária;N;Para negociação;;;;;290985.00;974799.75;;;COGN3;;;;;;;;2019-10-11;;;;
FIIM;48.643.220/0001-60;B-INDEX MORNINGSTAR SETORES DEFENSIVOS BRASIL FUNDO DE INDICE;2023-07-31;500143;95102734.68;AÇÕES E OUTROS TVM CEDIDOS EM EMPRÉSTIMO;Ação ordinária;N;Para negociação;;;;;57158.00;576724.22;;;BEEF3;;;;;;;;2007-07-20;;;;
FIIM;48.643.220/0001-60;B-INDEX MORNINGSTAR SETORES DEFENSIVOS BRASIL FUNDO DE INDICE;2023-07-31;500143;95102734.68;AÇÕES E OUTROS TVM CEDIDOS EM EMPRÉSTIMO;Ação ordinária;N;Para negociação;;;;;89827.00;1756117.85;;;NEOE3;;;;;;;;2017-10-05;;;;
FIIM;48.643.220/0001-60;B-INDEX MORNINGSTAR SETORES DEFENSIVOS BRASIL FUNDO DE INDICE;2023-07-31;500143;95102734.68;AÇÕES E OUTROS TVM CEDIDOS EM EMPRÉSTIMO;Ação ordinária;N;Para negociação;;;;;3026.00;101492.04;;;EQTL3;;;;;;;;2006-04-03;;;;
FIIM;48.643.220/0001-60;B-INDEX MORNINGSTAR SETORES DEFENSIVOS BRASIL FUNDO DE INDICE;2023-07-31;500143;95102734.68;AÇÕES E OUTROS TVM CEDIDOS EM EMPRÉSTIMO;Ação ordinária;N;Para negociação;;;;;107934.00;800870.28;;;MRFG3;;;;;;;;2007-06-28;;;;
FIIM;48.643.220/0001-60;B-INDEX MORNINGSTAR SETORES DEFENSIVOS BRASIL FUNDO DE INDICE;2023-07-31;500143;95102734.68;AÇÕES E OUTROS TVM CEDIDOS EM EMPRÉSTIMO;Ação ordinária;N;Para negociação;;;;;93668.00;1711314.36;;;NTCO3;;;;;;;;2019-12-18;;;;
FIIM;48.643.220/0001-60;B-INDEX MORNINGSTAR SETORES DEFENSIVOS BRASIL FUNDO DE INDICE;2023-07-31;500143;95102734.68;AÇÕES E OUTROS TVM CEDIDOS EM EMPRÉSTIMO;Ação ordinária;N;Para negociação;;;;;119789.00;1423093.32;;;AESB3;;;;;;;;2021-08-10;;;;
FIIM;48.643.220/0001-60;B-INDEX MORNINGSTAR SETORES DEFENSIVOS BRASIL FUNDO DE INDICE;2023-07-31;500143;95102734.68;AÇÕES E OUTROS TVM CEDIDOS EM EMPRÉSTIMO;Ação ordinária;N;Para negociação;;;;;145803.00;1707353.13;;;MEGA3;;;;;;;;2021-12-27;;;;
FIIM;48.643.220/0001-60;B-INDEX MORNINGSTAR SETORES DEFENSIVOS BRASIL FUNDO DE INDICE;2023-07-31;500143;95102734.68;AÇÕES E OUTROS TVM CEDIDOS EM EMPRÉSTIMO;Ação ordinária;N;Para negociação;;;;;34070.00;1487155.50;;;SLCE3;;;;;;;;2007-06-15;;;;
FIIM;48.643.220/0001-60;B-INDEX MORNINGSTAR SETORES DEFENSIVOS BRASIL FUNDO DE INDICE;2023-07-31;500143;95102734.68;AÇÕES E OUTROS TVM CEDIDOS EM EMPRÉSTIMO;Ação ordinária;S;Para negociação;;;;;108830.00;1334255.80;;;ODPV3;;;;;;;;2006-12-01;;;;
FIIM;48.643.220/0001-60;B-INDEX MORNINGSTAR SETORES DEFENSIVOS BRASIL FUNDO DE INDICE;2023-07-31;500143;95102734.68;AÇÕES E OUTROS TVM CEDIDOS EM EMPRÉSTIMO;Ação ordinária;N;Para negociação;;;;;27795.00;1224091.80;;;EGIE3;;;;;;;;2016-07-21;;;;
FIIM;48.643.220/0001-60;B-INDEX MORNINGSTAR SETORES DEFENSIVOS BRASIL FUNDO DE INDICE;2023-07-31;500143;95102734.68;AÇÕES E OUTROS TVM CEDIDOS EM EMPRÉSTIMO;Ação ordinária;N;Para negociação;;;;;85816.00;1201424.00;;;AURE3;;;;;;;;2022-03-28;;;;
FIIM;48.643.220/0001-60;B-INDEX MORNINGSTAR SETORES DEFENSIVOS BRASIL FUNDO DE INDICE;2023-07-31;500143;95102734.68;AÇÕES E OUTROS TVM CEDIDOS EM EMPRÉSTIMO;Ação ordinária;N;Para negociação;;;;;31158.00;1300223.34;;;MDIA3;;;;;;;;2006-10-18;;;;
FIIM;48.643.220/0001-60;B-INDEX MORNINGSTAR SETORES DEFENSIVOS BRASIL FUNDO DE INDICE;2023-07-31;500143;95102734.68;AÇÕES E OUTROS TVM CEDIDOS EM EMPRÉSTIMO;Ação ordinária;N;Para negociação;;;;;110472.00;1515675.84;;;CRFB3;;;;;;;;2017-07-20;;;;
FIIM;48.643.220/0001-60;B-INDEX MORNINGSTAR SETORES DEFENSIVOS BRASIL FUNDO DE INDICE;2023-07-31;500143;95102734.68;AÇÕES E OUTROS TVM CEDIDOS EM EMPRÉSTIMO;Ação ordinária;N;Para negociação;;;;;53041.00;1536597.77;;;RADL3;;;;;;;;2011-12-19;;;;
FIIM;48.643.220/0001-60;B-INDEX MORNINGSTAR SETORES DEFENSIVOS BRASIL FUNDO DE INDICE;2023-07-31;500143;95102734.68;AÇÕES E OUTROS TVM CEDIDOS EM EMPRÉSTIMO;Ação ordinária;N;Para negociação;;;;;44963.00;668150.18;;;ABEV3;;;;;;;;2013-11-11;;;;
FIIM;48.643.220/0001-60;B-INDEX MORNINGSTAR SETORES DEFENSIVOS BRASIL FUNDO DE INDICE;2023-07-31;500143;95102734.68;AÇÕES E OUTROS TVM CEDIDOS EM EMPRÉSTIMO;Ação ordinária;N;Para negociação;;;;;81.00;975.24;;;ONCO3;;;;;;;;2021-08-10;;;;
FIIM;48.643.220/0001-60;B-INDEX MORNINGSTAR SETORES DEFENSIVOS BRASIL FUNDO DE INDICE;2023-07-31;500143;95102734.68;AÇÕES E OUTROS TVM CEDIDOS EM EMPRÉSTIMO;Ação preferencial;N;Para negociação;;;;;55032.00;1381303.20;;;TRPL4;;;;;;;;1999-07-26;;;;
FIIM;48.643.220/0001-60;B-INDEX MORNINGSTAR SETORES DEFENSIVOS BRASIL FUNDO DE INDICE;2023-07-31;500143;95102734.68;AÇÕES E OUTROS TVM CEDIDOS EM EMPRÉSTIMO;Ação preferencial;N;Para negociação;;;;;29334.00;1279842.42;;;ELET6;;;;;;;;1974-11-13;;;;
FIIM;48.643.220/0001-60;B-INDEX MORNINGSTAR SETORES DEFENSIVOS BRASIL FUNDO DE INDICE;2023-07-31;500143;95102734.68;AÇÕES E OUTROS TVM CEDIDOS EM EMPRÉSTIMO;Ação preferencial;N;Para negociação;;;;;32731.00;414701.77;;;CMIG4;;;;;;;;1973-08-20;;;;
FIIM;48.643.220/0001-60;B-INDEX MORNINGSTAR SETORES DEFENSIVOS BRASIL FUNDO DE INDICE;2023-07-31;500143;95102734.68;AÇÕES E OUTROS TVM CEDIDOS EM EMPRÉSTIMO;Certificado de depósito de ações;N;Para negociação;;;;;70081.00;1468897.76;;;SAPR11;;;;;;;;2017-11-17;;;;
FIIM;48.643.220/0001-60;B-INDEX MORNINGSTAR SETORES DEFENSIVOS BRASIL FUNDO DE INDICE;2023-07-31;500143;95102734.68;AÇÕES E OUTROS TVM CEDIDOS EM EMPRÉSTIMO;Certificado de depósito de ações;N;Para negociação;;;;;37474.00;1349064.00;;;TAEE11;;;;;;;;2012-05-28;;;;
FIIM;48.643.220/0001-60;B-INDEX MORNINGSTAR SETORES DEFENSIVOS BRASIL FUNDO DE INDICE;2023-07-31;500143;95102734.68;AÇÕES E OUTROS TVM CEDIDOS EM EMPRÉSTIMO;Certificado de depósito de ações;N;Para negociação;;;;;38899.00;1133127.87;;;ALUP11;;;;;;;;2013-04-24;;;;
FIIM;48.643.220/0001-60;B-INDEX MORNINGSTAR SETORES DEFENSIVOS BRASIL FUNDO DE INDICE;2023-07-31;500143;95102734.68;AÇÕES E OUTROS TVM CEDIDOS EM EMPRÉSTIMO;Certificado de depósito de ações;N;Para negociação;;;;;28411.00;1425948.09;;;ENGI11;;;;;;;;2009-11-03;;;;
FIIM;48.643.220/0001-60;B-INDEX MORNINGSTAR SETORES DEFENSIVOS BRASIL FUNDO DE INDICE;2023-07-31;500143;95102734.68;OPERAÇÕES COMPROMISSADAS;;S;Para negociação;;;;;176.00;144343.30;;;;;2025-07-01;;;;;100000;;;;;
FIIM;48.643.220/0001-60;B-INDEX MORNINGSTAR SETORES DEFENSIVOS BRASIL FUNDO DE INDICE;2023-07-31;500143;95102734.68;CERTIFICADO OU RECIBO DE DEPÓSITO DE VALORES MOBILIÁRIOS;Certificado de depósito de ações;N;Para negociação;0.00;0.00;0.00;0.00;27852.00;1397891.88;;;ENGI11;;;;;;;;2009-11-03;;;;
FIIM;48.643.220/0001-60;B-INDEX MORNINGSTAR SETORES DEFENSIVOS BRASIL FUNDO DE INDICE;2023-07-31;500143;95102734.68;CERTIFICADO OU RECIBO DE DEPÓSITO DE VALORES MOBILIÁRIOS;Certificado de depósito de ações;N;Para negociação;0.00;0.00;0.00;0.00;30158.00;1085688.00;;;TAEE11;;;;;;;;2012-05-28;;;;
FIIM;48.643.220/0001-60;B-INDEX MORNINGSTAR SETORES DEFENSIVOS BRASIL FUNDO DE INDICE;2023-07-31;500143;95102734.68;CERTIFICADO OU RECIBO DE DEPÓSITO DE VALORES MOBILIÁRIOS;Certificado de depósito de ações;N;Para negociação;0.00;0.00;0.00;0.00;46983.00;1368614.79;;;ALUP11;;;;;;;;2013-04-24;;;;
FIIM;48.643.220/0001-60;B-INDEX MORNINGSTAR SETORES DEFENSIVOS BRASIL FUNDO DE INDICE;2023-07-31;500143;95102734.68;CERTIFICADO OU RECIBO DE DEPÓSITO DE VALORES MOBILIÁRIOS;Certificado de depósito de ações;N;Para negociação;0.00;0.00;0.00;0.00;50047.00;1048985.12;;;SAPR11;;;;;;;;2017-11-17;;;;
FIIM;50.642.881/0001-12;INVESTO TEVA TESOURO IPCA+ 0 A 4 ANOS ETF - FUNDO DE INVESTIMENTO DE ÍNDICE;2023-07-31;502354;6334183.60;TÍTULOS PÚBLICOS;;;Para negociação;0.00;0.00;193.00;828027.88;439.00;1898428.74;;;;;2026-08-15;;;;;760199;;;;;
FIIM;50.642.881/0001-12;INVESTO TEVA TESOURO IPCA+ 0 A 4 ANOS ETF - FUNDO DE INVESTIMENTO DE ÍNDICE;2023-07-31;502354;6334183.60;TÍTULOS PÚBLICOS;;;Para negociação;31.00;128983.59;211.00;880729.23;527.00;2215366.21;;;;;2024-08-15;;;;;760199;;;;;
FIIM;50.642.881/0001-12;INVESTO TEVA TESOURO IPCA+ 0 A 4 ANOS ETF - FUNDO DE INVESTIMENTO DE ÍNDICE;2023-07-31;502354;6334183.60;TÍTULOS PÚBLICOS;;;Para negociação;0.00;0.00;94.00;400513.50;183.00;785321.55;;;;;2027-05-15;;;;;760199;;;;;
FIIM;50.642.881/0001-12;INVESTO TEVA TESOURO IPCA+ 0 A 4 ANOS ETF - FUNDO DE INVESTIMENTO DE ÍNDICE;2023-07-31;502354;6334183.60;TÍTULOS PÚBLICOS;;;Para negociação;8.00;33280.51;136.00;566685.44;339.00;1421815.30;;;;;2025-05-15;;;;;760199;;;;;
FIIM;50.642.881/0001-12;INVESTO TEVA TESOURO IPCA+ 0 A 4 ANOS ETF - FUNDO DE INVESTIMENTO DE ÍNDICE;2023-07-31;502354;6334183.60;COTAS DE FUNDOS;;N;;627.23;76553.16;642.98;78432.50;45.35;5576.67;;;;;;PJ;43105440000116;BNP Paribas Soberano II FIC FI RF Simples;;;;;;;
