TP_FUNDO_CLASSE;CNPJ_FUNDO_CLASSE;DENOM_SOCIAL;DT_COMPTC;ID_DOC;TP_APLIC;VL_VENDA_NEGOC;VL_AQUIS_NEGOC;VL_MERC_POS_FINAL;VL_CUSTO_POS_FINAL;DT_CONFID_APLIC
CLASSES - FIAGRO;12.358.507/0001-09;EXITUS FUNDO DE INVESTIMENTO NAS CADEIAS PRODUTIVAS DO AGRONEGÓCIO - FIAGRO - IMOBILIÁRIO;2025-12-31;1138819;Cotas de Fundos;0;0;380396;;2026-03-31
CLASSES - FIAGRO;12.358.507/0001-09;EXITUS FUNDO DE INVESTIMENTO NAS CADEIAS PRODUTIVAS DO AGRONEGÓCIO - FIAGRO - IMOBILIÁRIO;2025-12-31;1138819;Disponibilidades;;;6096363;;2026-03-31
CLASSES - FIAGRO;12.358.507/0001-09;EXITUS FUNDO DE INVESTIMENTO NAS CADEIAS PRODUTIVAS DO AGRONEGÓCIO - FIAGRO - IMOBILIÁRIO;2025-12-31;1138819;Outras aplicações;0;0;160130707;;2026-03-31
CLASSES - FIAGRO;12.358.507/0001-09;EXITUS FUNDO DE INVESTIMENTO NAS CADEIAS PRODUTIVAS DO AGRONEGÓCIO - FIAGRO - IMOBILIÁRIO;2025-12-31;1138819;Títulos Públicos;10994461;0;10881493;;2026-03-31
CLASSES - FIAGRO;12.358.507/0001-09;EXITUS FUNDO DE INVESTIMENTO NAS CADEIAS PRODUTIVAS DO AGRONEGÓCIO - FIAGRO - IMOBILIÁRIO;2025-12-31;1138819;Valores a pagar;;;9020372;;2026-03-31
CLASSES - FIAGRO;12.358.507/0001-09;EXITUS FUNDO DE INVESTIMENTO NAS CADEIAS PRODUTIVAS DO AGRONEGÓCIO - FIAGRO - IMOBILIÁRIO;2025-12-31;1138819;Valores a receber;;;2629667;;2026-03-31
CLASSES - FIAGRO;28.152.777/0001-90;SUNO AGRO - FIAGRO RESPONSABILIDADE LIMITADA;2025-12-31;1112256;Ações;0;0;30806251;;2026-03-31
CLASSES - FIAGRO;28.152.777/0001-90;SUNO AGRO - FIAGRO RESPONSABILIDADE LIMITADA;2025-12-31;1112256;Cotas de Fundos;;;10660521;;2026-03-31
CLASSES - FIAGRO;28.152.777/0001-90;SUNO AGRO - FIAGRO RESPONSABILIDADE LIMITADA;2025-12-31;1112256;Disponibilidades;;;5701;;2026-03-31
CLASSES - FIAGRO;28.152.777/0001-90;SUNO AGRO - FIAGRO RESPONSABILIDADE LIMITADA;2025-12-31;1112256;Outras aplicações;;;54846456;;2026-03-31
CLASSES - FIAGRO;28.152.777/0001-90;SUNO AGRO - FIAGRO RESPONSABILIDADE LIMITADA;2025-12-31;1112256;Outros valores mobiliários registrados na CVM objeto de oferta pública;;;18104755;;2026-03-31
CLASSES - FIAGRO;28.152.777/0001-90;SUNO AGRO - FIAGRO RESPONSABILIDADE LIMITADA;2025-12-31;1112256;Títulos ligados ao agronegócio;;;502457613;;2026-03-31
CLASSES - FIAGRO;28.152.777/0001-90;SUNO AGRO - FIAGRO RESPONSABILIDADE LIMITADA;2025-12-31;1112256;Valores a pagar;;;8654318;;2026-03-31
CLASSES - FIAGRO;28.152.777/0001-90;SUNO AGRO - FIAGRO RESPONSABILIDADE LIMITADA;2025-12-31;1112256;Valores a receber;;;401756;;2026-03-31
CLASSES - FIAGRO;35.868.733/0001-27;EXES XINGU FI EM CADEIAS DO AGRONEGÓCIO - DIREITOS CREDITÓRIOS - FIAGRO FIDC - RESP LIMITADA;2025-12-31;1138820;Cotas de Fundos;39731;0;515677;;2026-03-31
CLASSES - FIAGRO;35.868.733/0001-27;EXES XINGU FI EM CADEIAS DO AGRONEGÓCIO - DIREITOS CREDITÓRIOS - FIAGRO FIDC - RESP LIMITADA;2025-12-31;1138820;Disponibilidades;;;0;;2026-03-31
CLASSES - FIAGRO;35.868.733/0001-27;EXES XINGU FI EM CADEIAS DO AGRONEGÓCIO - DIREITOS CREDITÓRIOS - FIAGRO FIDC - RESP LIMITADA;2025-12-31;1138820;Títulos ligados ao agronegócio;0;0;17555587;;2026-03-31
CLASSES - FIAGRO;35.868.733/0001-27;EXES XINGU FI EM CADEIAS DO AGRONEGÓCIO - DIREITOS CREDITÓRIOS - FIAGRO FIDC - RESP LIMITADA;2025-12-31;1138820;Valores a pagar;;;49452;;2026-03-31
CLASSES - FIAGRO;35.868.733/0001-27;EXES XINGU FI EM CADEIAS DO AGRONEGÓCIO - DIREITOS CREDITÓRIOS - FIAGRO FIDC - RESP LIMITADA;2025-12-31;1138820;Valores a receber;;;13681;;2026-03-31
CLASSES - FIAGRO;37.037.297/0001-70;GALAPAGOS RECEBÍVEIS DO AGRONEGÓCIO - FIAGRO-IMOBILIÁRIO RESPONSABILIDADE LIMITADA;2025-12-31;1112209;Cotas de Fundos;;;39546689;;2026-03-31
CLASSES - FIAGRO;37.037.297/0001-70;GALAPAGOS RECEBÍVEIS DO AGRONEGÓCIO - FIAGRO-IMOBILIÁRIO RESPONSABILIDADE LIMITADA;2025-12-31;1112209;Disponibilidades;;;644;;2026-03-31
CLASSES - FIAGRO;37.037.297/0001-70;GALAPAGOS RECEBÍVEIS DO AGRONEGÓCIO - FIAGRO-IMOBILIÁRIO RESPONSABILIDADE LIMITADA;2025-12-31;1112209;Operações Compromissadas;;;8738833;;2026-03-31
CLASSES - FIAGRO;37.037.297/0001-70;GALAPAGOS RECEBÍVEIS DO AGRONEGÓCIO - FIAGRO-IMOBILIÁRIO RESPONSABILIDADE LIMITADA;2025-12-31;1112209;Outros valores mobiliários registrados na CVM objeto de oferta pública;;;12439901;;2026-03-31
CLASSES - FIAGRO;37.037.297/0001-70;GALAPAGOS RECEBÍVEIS DO AGRONEGÓCIO - FIAGRO-IMOBILIÁRIO RESPONSABILIDADE LIMITADA;2025-12-31;1112209;Títulos ligados ao agronegócio;;;87325608;;2026-03-31
CLASSES - FIAGRO;37.037.297/0001-70;GALAPAGOS RECEBÍVEIS DO AGRONEGÓCIO - FIAGRO-IMOBILIÁRIO RESPONSABILIDADE LIMITADA;2025-12-31;1112209;Valores a pagar;;;1378455;;2026-03-31
CLASSES - FIAGRO;37.037.297/0001-70;GALAPAGOS RECEBÍVEIS DO AGRONEGÓCIO - FIAGRO-IMOBILIÁRIO RESPONSABILIDADE LIMITADA;2025-12-31;1112209;Valores a receber;;;15503;;2026-03-31
CLASSES - FIAGRO;40.413.979/0001-44;FUNDO DE INVESTIMENTO NAS CADEIAS PRODUTIVAS AGROINDUSTRIAIS RIZA AGRO - FIAGRO - IMOBILIÁRIO;2025-12-31;1138822;Cotas de Fundos;12822399;6363169;27086560;;2026-03-31
CLASSES - FIAGRO;40.413.979/0001-44;FUNDO DE INVESTIMENTO NAS CADEIAS PRODUTIVAS AGROINDUSTRIAIS RIZA AGRO - FIAGRO - IMOBILIÁRIO;2025-12-31;1138822;Disponibilidades;;;0;;2026-03-31
CLASSES - FIAGRO;40.413.979/0001-44;FUNDO DE INVESTIMENTO NAS CADEIAS PRODUTIVAS AGROINDUSTRIAIS RIZA AGRO - FIAGRO - IMOBILIÁRIO;2025-12-31;1138822;Títulos ligados ao agronegócio;0;0;624659704;;2026-03-31
CLASSES - FIAGRO;40.413.979/0001-44;FUNDO DE INVESTIMENTO NAS CADEIAS PRODUTIVAS AGROINDUSTRIAIS RIZA AGRO - FIAGRO - IMOBILIÁRIO;2025-12-31;1138822;Valores a pagar;;;11503158;;2026-03-31
CLASSES - FIAGRO;40.413.979/0001-44;FUNDO DE INVESTIMENTO NAS CADEIAS PRODUTIVAS AGROINDUSTRIAIS RIZA AGRO - FIAGRO - IMOBILIÁRIO;2025-12-31;1138822;Valores a receber;;;1716677;;2026-03-31
CLASSES - FIAGRO;41.197.105/0001-60;MAV FI EM CADEIAS PRODUTIVAS DO AGRONEGÓCIO - DIREITOS CREDITÓRIOS - FIAGRO-DIREITOS CREDITÓRIOS;2025-12-31;1138821;Cotas de Fundos;0;0;13714921;;2026-03-31
CLASSES - FIAGRO;41.197.105/0001-60;MAV FI EM CADEIAS PRODUTIVAS DO AGRONEGÓCIO - DIREITOS CREDITÓRIOS - FIAGRO-DIREITOS CREDITÓRIOS;2025-12-31;1138821;Disponibilidades;;;9000;;2026-03-31
CLASSES - FIAGRO;41.197.105/0001-60;MAV FI EM CADEIAS PRODUTIVAS DO AGRONEGÓCIO - DIREITOS CREDITÓRIOS - FIAGRO-DIREITOS CREDITÓRIOS;2025-12-31;1138821;Operações Compromissadas;;;180192;;2026-03-31
CLASSES - FIAGRO;41.197.105/0001-60;MAV FI EM CADEIAS PRODUTIVAS DO AGRONEGÓCIO - DIREITOS CREDITÓRIOS - FIAGRO-DIREITOS CREDITÓRIOS;2025-12-31;1138821;Títulos ligados ao agronegócio;1123023;0;54416622;;2026-03-31
CLASSES - FIAGRO;41.197.105/0001-60;MAV FI EM CADEIAS PRODUTIVAS DO AGRONEGÓCIO - DIREITOS CREDITÓRIOS - FIAGRO-DIREITOS CREDITÓRIOS;2025-12-31;1138821;Valores a pagar;;;84248;;2026-03-31
CLASSES - FIAGRO;41.197.105/0001-60;MAV FI EM CADEIAS PRODUTIVAS DO AGRONEGÓCIO - DIREITOS CREDITÓRIOS - FIAGRO-DIREITOS CREDITÓRIOS;2025-12-31;1138821;Valores a receber;;;7297985;;2026-03-31
CLASSES - FIAGRO;41.218.352/0001-03;OURINVEST INNOVATION - FIAGRO RESPONSABILIDADE LIMITADA;2025-12-31;1113200;Cotas de Fundos;;;55076544;;2026-03-31
CLASSES - FIAGRO;41.218.352/0001-03;OURINVEST INNOVATION - FIAGRO RESPONSABILIDADE LIMITADA;2025-12-31;1113200;Disponibilidades;;;105;;2026-03-31
CLASSES - FIAGRO;41.218.352/0001-03;OURINVEST INNOVATION - FIAGRO RESPONSABILIDADE LIMITADA;2025-12-31;1113200;Outros valores mobiliários registrados na CVM objeto de oferta pública;;;5062262;;2026-03-31
CLASSES - FIAGRO;41.218.352/0001-03;OURINVEST INNOVATION - FIAGRO RESPONSABILIDADE LIMITADA;2025-12-31;1113200;Títulos ligados ao agronegócio;;;28933338;;2026-03-31
CLASSES - FIAGRO;41.218.352/0001-03;OURINVEST INNOVATION - FIAGRO RESPONSABILIDADE LIMITADA;2025-12-31;1113200;Valores a pagar;;;1361158;;2026-03-31
CLASSES - FIAGRO;41.218.352/0001-03;OURINVEST INNOVATION - FIAGRO RESPONSABILIDADE LIMITADA;2025-12-31;1113200;Valores a receber;;;6966;;2026-03-31
CLASSES - FIAGRO;41.272.747/0001-86;PATRIA CREDITO AGRO FI NAS CADEIAS PRODUTIVAS DO AGRONEGOCIO - FIAGRO - RESP LIMITADA;2025-12-31;1138824;Cotas de Fundos;10129409;7822654;4073753;;2026-03-31
CLASSES - FIAGRO;41.272.747/0001-86;PATRIA CREDITO AGRO FI NAS CADEIAS PRODUTIVAS DO AGRONEGOCIO - FIAGRO - RESP LIMITADA;2025-12-31;1138824;Disponibilidades;;;18464;;2026-03-31
CLASSES - FIAGRO;41.272.747/0001-86;PATRIA CREDITO AGRO FI NAS CADEIAS PRODUTIVAS DO AGRONEGOCIO - FIAGRO - RESP LIMITADA;2025-12-31;1138824;Outros valores mobiliários ofertados privadamente;0;0;1744146;;2026-03-31
CLASSES - FIAGRO;41.272.747/0001-86;PATRIA CREDITO AGRO FI NAS CADEIAS PRODUTIVAS DO AGRONEGOCIO - FIAGRO - RESP LIMITADA;2025-12-31;1138824;Títulos ligados ao agronegócio;0;18998994;36846836;;2026-03-31
CLASSES - FIAGRO;41.272.747/0001-86;PATRIA CREDITO AGRO FI NAS CADEIAS PRODUTIVAS DO AGRONEGOCIO - FIAGRO - RESP LIMITADA;2025-12-31;1138824;Valores a pagar;;;613993;;2026-03-31
CLASSES - FIAGRO;41.272.747/0001-86;PATRIA CREDITO AGRO FI NAS CADEIAS PRODUTIVAS DO AGRONEGOCIO - FIAGRO - RESP LIMITADA;2025-12-31;1138824;Valores a receber;;;265;;2026-03-31
CLASSES - FIAGRO;42.133.756/0001-59;NAGRO GHIA FUNDO DE INVESTIMENTO NAS CADEIAS PRODUTIVAS AGROINDUSTRIAIS - DIREITOS CREDITÓRIOS;2025-12-31;1104075;Cotas de Fundos;;;1478025;;2026-03-31
CLASSES - FIAGRO;42.133.756/0001-59;NAGRO GHIA FUNDO DE INVESTIMENTO NAS CADEIAS PRODUTIVAS AGROINDUSTRIAIS - DIREITOS CREDITÓRIOS;2025-12-31;1104075;Disponibilidades;;;2000;;2026-03-31
CLASSES - FIAGRO;42.133.756/0001-59;NAGRO GHIA FUNDO DE INVESTIMENTO NAS CADEIAS PRODUTIVAS AGROINDUSTRIAIS - DIREITOS CREDITÓRIOS;2025-12-31;1104075;Outras aplicações;0;0;31242751;;2026-03-31
CLASSES - FIAGRO;42.133.756/0001-59;NAGRO GHIA FUNDO DE INVESTIMENTO NAS CADEIAS PRODUTIVAS AGROINDUSTRIAIS - DIREITOS CREDITÓRIOS;2025-12-31;1104075;Valores a pagar;;;10067569;;2026-03-31
CLASSES - FIAGRO;42.133.756/0001-59;NAGRO GHIA FUNDO DE INVESTIMENTO NAS CADEIAS PRODUTIVAS AGROINDUSTRIAIS - DIREITOS CREDITÓRIOS;2025-12-31;1104075;Valores a receber;;;72807;;2026-03-31
CLASSES - FIAGRO;42.592.476/0001-09;LESTE FUNDO DE INVESTIMENTO NAS CADEIAS PRODUTIVAS AGROINDUSTRIAIS- FIAGRO - IMOBILIÁRIO;2025-12-31;1138823;Cotas de Fundos;51079401;22011060;3665683;;2026-03-31
CLASSES - FIAGRO;42.592.476/0001-09;LESTE FUNDO DE INVESTIMENTO NAS CADEIAS PRODUTIVAS AGROINDUSTRIAIS- FIAGRO - IMOBILIÁRIO;2025-12-31;1138823;Disponibilidades;;;0;;2026-03-31
CLASSES - FIAGRO;42.592.476/0001-09;LESTE FUNDO DE INVESTIMENTO NAS CADEIAS PRODUTIVAS AGROINDUSTRIAIS- FIAGRO - IMOBILIÁRIO;2025-12-31;1138823;Títulos ligados ao agronegócio;0;47896639;96625577;;2026-03-31
CLASSES - FIAGRO;42.592.476/0001-09;LESTE FUNDO DE INVESTIMENTO NAS CADEIAS PRODUTIVAS AGROINDUSTRIAIS- FIAGRO - IMOBILIÁRIO;2025-12-31;1138823;Valores a pagar;;;1570987;;2026-03-31
CLASSES - FIAGRO;42.592.476/0001-09;LESTE FUNDO DE INVESTIMENTO NAS CADEIAS PRODUTIVAS AGROINDUSTRIAIS- FIAGRO - IMOBILIÁRIO;2025-12-31;1138823;Valores a receber;;;170965;;2026-03-31
CLASSES - FIAGRO;43.951.911/0001-07;FUNDO DE INVESTIMENTO NAS CADEIAS PRODUTIVAS AGROINDUSTRIAIS EXES ARAGUAIA - FIAGRO - IMOBILIÁRIO;2025-12-31;1138895;Cotas de Fundos;7203527;8392096;27655990;;2026-03-31
CLASSES - FIAGRO;43.951.911/0001-07;FUNDO DE INVESTIMENTO NAS CADEIAS PRODUTIVAS AGROINDUSTRIAIS EXES ARAGUAIA - FIAGRO - IMOBILIÁRIO;2025-12-31;1138895;Disponibilidades;;;6772;;2026-03-31
CLASSES - FIAGRO;43.951.911/0001-07;FUNDO DE INVESTIMENTO NAS CADEIAS PRODUTIVAS AGROINDUSTRIAIS EXES ARAGUAIA - FIAGRO - IMOBILIÁRIO;2025-12-31;1138895;Títulos ligados ao agronegócio;3402161;0;160611488;;2026-03-31
CLASSES - FIAGRO;43.951.911/0001-07;FUNDO DE INVESTIMENTO NAS CADEIAS PRODUTIVAS AGROINDUSTRIAIS EXES ARAGUAIA - FIAGRO - IMOBILIÁRIO;2025-12-31;1138895;Valores a pagar;;;172709;;2026-03-31
CLASSES - FIAGRO;43.951.911/0001-07;FUNDO DE INVESTIMENTO NAS CADEIAS PRODUTIVAS AGROINDUSTRIAIS EXES ARAGUAIA - FIAGRO - IMOBILIÁRIO;2025-12-31;1138895;Valores a receber;;;161056;;2026-03-31
CLASSES - FIAGRO;44.272.584/0001-20;LAVORO AGRO FIDC DAS CADEIAS PRODUTIVAS AGROINDUSTRIAIS - REPONSABILIDADE LIMITADA;2025-12-31;1104018;Cotas de Fundos;;;261661;;2026-03-31
CLASSES - FIAGRO;44.272.584/0001-20;LAVORO AGRO FIDC DAS CADEIAS PRODUTIVAS AGROINDUSTRIAIS - REPONSABILIDADE LIMITADA;2025-12-31;1104018;Disponibilidades;;;1476236;;2026-03-31
CLASSES - FIAGRO;44.272.584/0001-20;LAVORO AGRO FIDC DAS CADEIAS PRODUTIVAS AGROINDUSTRIAIS - REPONSABILIDADE LIMITADA;2025-12-31;1104018;Operações Compromissadas;;;103765;;2026-03-31
CLASSES - FIAGRO;44.272.584/0001-20;LAVORO AGRO FIDC DAS CADEIAS PRODUTIVAS AGROINDUSTRIAIS - REPONSABILIDADE LIMITADA;2025-12-31;1104018;Outras aplicações;375851;0;43030602;;2026-03-31
CLASSES - FIAGRO;44.272.584/0001-20;LAVORO AGRO FIDC DAS CADEIAS PRODUTIVAS AGROINDUSTRIAIS - REPONSABILIDADE LIMITADA;2025-12-31;1104018;Valores a pagar;;;41297754;;2026-03-31
CLASSES - FIAGRO;44.272.584/0001-20;LAVORO AGRO FIDC DAS CADEIAS PRODUTIVAS AGROINDUSTRIAIS - REPONSABILIDADE LIMITADA;2025-12-31;1104018;Valores a receber;;;1441689;;2026-03-31
CLASSES - FIAGRO;44.302.001/0001-66;CULTTIVO CRÉDITO AGRÍCOLA FIAGRO - DIREITOS CREDITÓRIOS DE RESPONSABILIDADE LIMITADA;2025-12-31;1104055;Cotas de Fundos;;;1481032;;2026-03-31
CLASSES - FIAGRO;44.302.001/0001-66;CULTTIVO CRÉDITO AGRÍCOLA FIAGRO - DIREITOS CREDITÓRIOS DE RESPONSABILIDADE LIMITADA;2025-12-31;1104055;Disponibilidades;;;12628;;2026-03-31
CLASSES - FIAGRO;44.302.001/0001-66;CULTTIVO CRÉDITO AGRÍCOLA FIAGRO - DIREITOS CREDITÓRIOS DE RESPONSABILIDADE LIMITADA;2025-12-31;1104055;Outras aplicações;0;0;153011588;;2026-03-31
CLASSES - FIAGRO;44.302.001/0001-66;CULTTIVO CRÉDITO AGRÍCOLA FIAGRO - DIREITOS CREDITÓRIOS DE RESPONSABILIDADE LIMITADA;2025-12-31;1104055;Títulos de Crédito Privado;;;1700927;;2026-03-31
CLASSES - FIAGRO;44.302.001/0001-66;CULTTIVO CRÉDITO AGRÍCOLA FIAGRO - DIREITOS CREDITÓRIOS DE RESPONSABILIDADE LIMITADA;2025-12-31;1104055;Títulos ligados ao agronegócio;;;7698705;;2026-03-31
CLASSES - FIAGRO;44.302.001/0001-66;CULTTIVO CRÉDITO AGRÍCOLA FIAGRO - DIREITOS CREDITÓRIOS DE RESPONSABILIDADE LIMITADA;2025-12-31;1104055;Valores a pagar;;;11369809;;2026-03-31
CLASSES - FIAGRO;44.302.001/0001-66;CULTTIVO CRÉDITO AGRÍCOLA FIAGRO - DIREITOS CREDITÓRIOS DE RESPONSABILIDADE LIMITADA;2025-12-31;1104055;Valores a receber;;;457114;;2026-03-31
CLASSES - FIAGRO;45.123.558/0001-00;CANAÃ FI NAS CADEIAS PRODUTIVAS DO AGRONEGÓCIO - FIAGRO - IMOBILIÁRIO - RESPONSABILIDADE LIMITADA;2025-12-31;1138825;Cotas de Fundos;134949005;107419179;34519641;;2026-03-31
CLASSES - FIAGRO;45.123.558/0001-00;CANAÃ FI NAS CADEIAS PRODUTIVAS DO AGRONEGÓCIO - FIAGRO - IMOBILIÁRIO - RESPONSABILIDADE LIMITADA;2025-12-31;1138825;Disponibilidades;;;0;;2026-03-31
CLASSES - FIAGRO;45.123.558/0001-00;CANAÃ FI NAS CADEIAS PRODUTIVAS DO AGRONEGÓCIO - FIAGRO - IMOBILIÁRIO - RESPONSABILIDADE LIMITADA;2025-12-31;1138825;Títulos ligados ao agronegócio;0;0;1222295820;;2026-03-31
CLASSES - FIAGRO;45.123.558/0001-00;CANAÃ FI NAS CADEIAS PRODUTIVAS DO AGRONEGÓCIO - FIAGRO - IMOBILIÁRIO - RESPONSABILIDADE LIMITADA;2025-12-31;1138825;Valores a pagar;;;442409;;2026-03-31
CLASSES - FIAGRO;45.123.558/0001-00;CANAÃ FI NAS CADEIAS PRODUTIVAS DO AGRONEGÓCIO - FIAGRO - IMOBILIÁRIO - RESPONSABILIDADE LIMITADA;2025-12-31;1138825;Valores a receber;;;2069;;2026-03-31
CLASSES - FIAGRO;45.718.511/0001-81;RIZA EOS FUNDO DE INVESTIMENTO NAS CADEIAS PRODUTIVAS AGROINDUSTRIAIS  FIAGRO  IMOBILIÁRIO;2025-12-31;1138827;Cotas de Fundos;441232;250000;15069973;;2026-03-31
CLASSES - FIAGRO;45.718.511/0001-81;RIZA EOS FUNDO DE INVESTIMENTO NAS CADEIAS PRODUTIVAS AGROINDUSTRIAIS  FIAGRO  IMOBILIÁRIO;2025-12-31;1138827;Disponibilidades;;;8162;;2026-03-31
CLASSES - FIAGRO;45.718.511/0001-81;RIZA EOS FUNDO DE INVESTIMENTO NAS CADEIAS PRODUTIVAS AGROINDUSTRIAIS  FIAGRO  IMOBILIÁRIO;2025-12-31;1138827;Valores a pagar;;;472447;;2026-03-31
CLASSES - FIAGRO;45.718.511/0001-81;RIZA EOS FUNDO DE INVESTIMENTO NAS CADEIAS PRODUTIVAS AGROINDUSTRIAIS  FIAGRO  IMOBILIÁRIO;2025-12-31;1138827;Valores a receber;;;167475283;;2026-03-31
CLASSES - FIAGRO;45.938.137/0001-20;RIZA NERO FUNDO DE INVESTIMENTO NAS CADEIAS PRODUTIVAS AGROINDUSTRIAIS FIAGRO PARTICIPAÇÕES MULT;2025-12-31;1138826;Cotas de Fundos;16525;0;453908;;2026-03-31
CLASSES - FIAGRO;45.938.137/0001-20;RIZA NERO FUNDO DE INVESTIMENTO NAS CADEIAS PRODUTIVAS AGROINDUSTRIAIS FIAGRO PARTICIPAÇÕES MULT;2025-12-31;1138826;Disponibilidades;;;1000;;2026-03-31
CLASSES - FIAGRO;45.938.137/0001-20;RIZA NERO FUNDO DE INVESTIMENTO NAS CADEIAS PRODUTIVAS AGROINDUSTRIAIS FIAGRO PARTICIPAÇÕES MULT;2025-12-31;1138826;Valores a pagar;;;17688;;2026-03-31
CLASSES - FIAGRO;45.938.137/0001-20;RIZA NERO FUNDO DE INVESTIMENTO NAS CADEIAS PRODUTIVAS AGROINDUSTRIAIS FIAGRO PARTICIPAÇÕES MULT;2025-12-31;1138826;Valores a receber;;;14244477;;2026-03-31
CLASSES - FIAGRO;47.936.340/0001-92;FUNDO DE INVESTIMENTO NAS CADEIAS PRODUTIVAS AGROINDUSTRIAIS OPEA AGRO INSUMOS RESPONSABILIDADE LIMI;2025-12-31;1104021;Cotas de Fundos;;;51833734;;2026-03-31
CLASSES - FIAGRO;47.936.340/0001-92;FUNDO DE INVESTIMENTO NAS CADEIAS PRODUTIVAS AGROINDUSTRIAIS OPEA AGRO INSUMOS RESPONSABILIDADE LIMI;2025-12-31;1104021;DIFERENCIAL DE SWAP A PAGAR;;;1007357;;2026-03-31
CLASSES - FIAGRO;47.936.340/0001-92;FUNDO DE INVESTIMENTO NAS CADEIAS PRODUTIVAS AGROINDUSTRIAIS OPEA AGRO INSUMOS RESPONSABILIDADE LIMI;2025-12-31;1104021;DIFERENCIAL DE SWAP A RECEBER;;;1087;;2026-03-31
CLASSES - FIAGRO;47.936.340/0001-92;FUNDO DE INVESTIMENTO NAS CADEIAS PRODUTIVAS AGROINDUSTRIAIS OPEA AGRO INSUMOS RESPONSABILIDADE LIMI;2025-12-31;1104021;Disponibilidades;;;1497;;2026-03-31
CLASSES - FIAGRO;47.936.340/0001-92;FUNDO DE INVESTIMENTO NAS CADEIAS PRODUTIVAS AGROINDUSTRIAIS OPEA AGRO INSUMOS RESPONSABILIDADE LIMI;2025-12-31;1104021;Outras aplicações;13000000;0;48702132;;2026-03-31
CLASSES - FIAGRO;47.936.340/0001-92;FUNDO DE INVESTIMENTO NAS CADEIAS PRODUTIVAS AGROINDUSTRIAIS OPEA AGRO INSUMOS RESPONSABILIDADE LIMI;2025-12-31;1104021;Valores a pagar;;;95524336;;2026-03-31
CLASSES - FIAGRO;47.936.340/0001-92;FUNDO DE INVESTIMENTO NAS CADEIAS PRODUTIVAS AGROINDUSTRIAIS OPEA AGRO INSUMOS RESPONSABILIDADE LIMI;2025-12-31;1104021;Valores a receber;;;80350;;2026-03-31
CLASSES - FIAGRO;48.946.335/0001-23;NAGRO OIKOS FUNDO DE INVESTIMENTO NAS CADEIAS PRODUTIVAS AGROINDUSTRIAIS - DIREITOS CREDITÓRIOS;2025-12-31;1104094;Cotas de Fundos;;;88812;;2026-03-31
CLASSES - FIAGRO;48.946.335/0001-23;NAGRO OIKOS FUNDO DE INVESTIMENTO NAS CADEIAS PRODUTIVAS AGROINDUSTRIAIS - DIREITOS CREDITÓRIOS;2025-12-31;1104094;Outras aplicações;4907719;0;86773506;;2026-03-31
CLASSES - FIAGRO;48.946.335/0001-23;NAGRO OIKOS FUNDO DE INVESTIMENTO NAS CADEIAS PRODUTIVAS AGROINDUSTRIAIS - DIREITOS CREDITÓRIOS;2025-12-31;1104094;Outros valores mobiliários registrados na CVM objeto de oferta pública;0;0;2703070;;2026-03-31
CLASSES - FIAGRO;48.946.335/0001-23;NAGRO OIKOS FUNDO DE INVESTIMENTO NAS CADEIAS PRODUTIVAS AGROINDUSTRIAIS - DIREITOS CREDITÓRIOS;2025-12-31;1104094;Títulos de Crédito Privado;;;45877;;2026-03-31
CLASSES - FIAGRO;48.946.335/0001-23;NAGRO OIKOS FUNDO DE INVESTIMENTO NAS CADEIAS PRODUTIVAS AGROINDUSTRIAIS - DIREITOS CREDITÓRIOS;2025-12-31;1104094;Títulos ligados ao agronegócio;;;10932754;;2026-03-31
CLASSES - FIAGRO;48.946.335/0001-23;NAGRO OIKOS FUNDO DE INVESTIMENTO NAS CADEIAS PRODUTIVAS AGROINDUSTRIAIS - DIREITOS CREDITÓRIOS;2025-12-31;1104094;Valores a pagar;;;25286415;;2026-03-31
CLASSES - FIAGRO;48.946.335/0001-23;NAGRO OIKOS FUNDO DE INVESTIMENTO NAS CADEIAS PRODUTIVAS AGROINDUSTRIAIS - DIREITOS CREDITÓRIOS;2025-12-31;1104094;Valores a receber;;;5584884;;2026-03-31
CLASSES - FIAGRO;50.749.446/0001-91;CAETÊ FIAGRO - FUNDO DE INVESTIMENTO EM DIREITOS  CREDITÓRIOS;2025-12-31;1104009;Cotas de Fundos;;;242136;;2026-03-31
CLASSES - FIAGRO;50.749.446/0001-91;CAETÊ FIAGRO - FUNDO DE INVESTIMENTO EM DIREITOS  CREDITÓRIOS;2025-12-31;1104009;Outras aplicações;0;0;47294969;;2026-03-31
CLASSES - FIAGRO;50.749.446/0001-91;CAETÊ FIAGRO - FUNDO DE INVESTIMENTO EM DIREITOS  CREDITÓRIOS;2025-12-31;1104009;Valores a pagar;;;47382819;;2026-03-31
CLASSES - FIAGRO;50.749.446/0001-91;CAETÊ FIAGRO - FUNDO DE INVESTIMENTO EM DIREITOS  CREDITÓRIOS;2025-12-31;1104009;Valores a receber;;;30318462;;2026-03-31
CLASSES - FIAGRO;50.860.854/0001-16;THRÉPSI FIAGRO FUNDO DE INVESTIMENTO EM DIREITOS CREDITÓRIOS DE RESPONSABILIDADE LIMITADA;2025-12-31;1090092;Cotas de Fundos;;;1309931;;2026-03-31
CLASSES - FIAGRO;50.860.854/0001-16;THRÉPSI FIAGRO FUNDO DE INVESTIMENTO EM DIREITOS CREDITÓRIOS DE RESPONSABILIDADE LIMITADA;2025-12-31;1090092;Disponibilidades;;;12292724;;2026-03-31
CLASSES - FIAGRO;50.860.854/0001-16;THRÉPSI FIAGRO FUNDO DE INVESTIMENTO EM DIREITOS CREDITÓRIOS DE RESPONSABILIDADE LIMITADA;2025-12-31;1090092;Títulos ligados ao agronegócio;;;17709660;;2026-03-31
CLASSES - FIAGRO;50.860.854/0001-16;THRÉPSI FIAGRO FUNDO DE INVESTIMENTO EM DIREITOS CREDITÓRIOS DE RESPONSABILIDADE LIMITADA;2025-12-31;1090092;Valores a pagar;;;78163;;2026-03-31
CLASSES - FIAGRO;50.860.854/0001-16;THRÉPSI FIAGRO FUNDO DE INVESTIMENTO EM DIREITOS CREDITÓRIOS DE RESPONSABILIDADE LIMITADA;2025-12-31;1090092;Valores a receber;;;193;;2026-03-31
CLASSES - FIAGRO;51.170.105/0001-20;MAV II FI EM CADEIAS PRODUTIVAS DO AGRONEGÓCIO - DIREITOS CREDITÓRIOS - FIAGRO-DIREITOS CREDITÓRIOS;2025-12-31;1138828;Cotas de Fundos;920842;15000000;19380885;;2026-03-31
CLASSES - FIAGRO;51.170.105/0001-20;MAV II FI EM CADEIAS PRODUTIVAS DO AGRONEGÓCIO - DIREITOS CREDITÓRIOS - FIAGRO-DIREITOS CREDITÓRIOS;2025-12-31;1138828;Disponibilidades;;;155161;;2026-03-31
CLASSES - FIAGRO;51.170.105/0001-20;MAV II FI EM CADEIAS PRODUTIVAS DO AGRONEGÓCIO - DIREITOS CREDITÓRIOS - FIAGRO-DIREITOS CREDITÓRIOS;2025-12-31;1138828;Títulos ligados ao agronegócio;18563276;22979681;177696365;;2026-03-31
CLASSES - FIAGRO;51.170.105/0001-20;MAV II FI EM CADEIAS PRODUTIVAS DO AGRONEGÓCIO - DIREITOS CREDITÓRIOS - FIAGRO-DIREITOS CREDITÓRIOS;2025-12-31;1138828;Valores a pagar;;;211569;;2026-03-31
CLASSES - FIAGRO;51.170.105/0001-20;MAV II FI EM CADEIAS PRODUTIVAS DO AGRONEGÓCIO - DIREITOS CREDITÓRIOS - FIAGRO-DIREITOS CREDITÓRIOS;2025-12-31;1138828;Valores a receber;;;8085487;;2026-03-31
CLASSES - FIAGRO;52.856.288/0001-02;GENIAL AGRO BOI BRASIL FI NAS CADEIAS PRODUTIVAS DO AGRONEGÓCIO - DIREITOS CREDITÓRIOS FIAGRO;2025-12-31;1138898;Disponibilidades;;;9788;;2026-03-31
CLASSES - FIAGRO;52.856.288/0001-02;GENIAL AGRO BOI BRASIL FI NAS CADEIAS PRODUTIVAS DO AGRONEGÓCIO - DIREITOS CREDITÓRIOS FIAGRO;2025-12-31;1138898;Títulos ligados ao agronegócio;0;0;22507466;;2026-03-31
CLASSES - FIAGRO;52.856.288/0001-02;GENIAL AGRO BOI BRASIL FI NAS CADEIAS PRODUTIVAS DO AGRONEGÓCIO - DIREITOS CREDITÓRIOS FIAGRO;2025-12-31;1138898;Títulos Públicos;0;0;90155;;2026-03-31
CLASSES - FIAGRO;52.856.288/0001-02;GENIAL AGRO BOI BRASIL FI NAS CADEIAS PRODUTIVAS DO AGRONEGÓCIO - DIREITOS CREDITÓRIOS FIAGRO;2025-12-31;1138898;Valores a pagar;;;544876;;2026-03-31
CLASSES - FIAGRO;52.856.288/0001-02;GENIAL AGRO BOI BRASIL FI NAS CADEIAS PRODUTIVAS DO AGRONEGÓCIO - DIREITOS CREDITÓRIOS FIAGRO;2025-12-31;1138898;Valores a receber;;;447608;;2026-03-31
CLASSES - FIAGRO;52.908.543/0001-05;FIAGRO OPEA BIOFINANCE - DIREITOS CREDITÓRIOS RESPONSABILIDADE LIMITADA;2025-12-31;1104007;Ações;0;0;247175;;2026-03-31
CLASSES - FIAGRO;52.908.543/0001-05;FIAGRO OPEA BIOFINANCE - DIREITOS CREDITÓRIOS RESPONSABILIDADE LIMITADA;2025-12-31;1104007;Cotas de Fundos;;;42419953;;2026-03-31
CLASSES - FIAGRO;52.908.543/0001-05;FIAGRO OPEA BIOFINANCE - DIREITOS CREDITÓRIOS RESPONSABILIDADE LIMITADA;2025-12-31;1104007;Disponibilidades;;;82884;;2026-03-31
CLASSES - FIAGRO;52.908.543/0001-05;FIAGRO OPEA BIOFINANCE - DIREITOS CREDITÓRIOS RESPONSABILIDADE LIMITADA;2025-12-31;1104007;Outras aplicações;0;0;149641265;;2026-03-31
CLASSES - FIAGRO;52.908.543/0001-05;FIAGRO OPEA BIOFINANCE - DIREITOS CREDITÓRIOS RESPONSABILIDADE LIMITADA;2025-12-31;1104007;Valores a pagar;;;8209439;;2026-03-31
CLASSES - FIAGRO;52.908.543/0001-05;FIAGRO OPEA BIOFINANCE - DIREITOS CREDITÓRIOS RESPONSABILIDADE LIMITADA;2025-12-31;1104007;Valores a receber;;;184946;;2026-03-31
CLASSES - FIAGRO;53.313.475/0001-02;SUNO FAZENDAS FIAGRO - IMOBILIÁRIO;2025-12-31;1112196;Cotas de Fundos;;;1092794;;2026-03-31
CLASSES - FIAGRO;53.313.475/0001-02;SUNO FAZENDAS FIAGRO - IMOBILIÁRIO;2025-12-31;1112196;Disponibilidades;;;5000;;2026-03-31
CLASSES - FIAGRO;53.313.475/0001-02;SUNO FAZENDAS FIAGRO - IMOBILIÁRIO;2025-12-31;1112196;Outras aplicações;;;90051831;;2026-03-31
CLASSES - FIAGRO;53.313.475/0001-02;SUNO FAZENDAS FIAGRO - IMOBILIÁRIO;2025-12-31;1112196;Outras operações passivas e exigibilidades;;;51657376;;2026-03-31
CLASSES - FIAGRO;53.313.475/0001-02;SUNO FAZENDAS FIAGRO - IMOBILIÁRIO;2025-12-31;1112196;Títulos ligados ao agronegócio;;;81808522;;2026-03-31
CLASSES - FIAGRO;53.313.475/0001-02;SUNO FAZENDAS FIAGRO - IMOBILIÁRIO;2025-12-31;1112196;Valores a pagar;;;1319142;;2026-03-31
CLASSES - FIAGRO;53.313.475/0001-02;SUNO FAZENDAS FIAGRO - IMOBILIÁRIO;2025-12-31;1112196;Valores a receber;;;138378;;2026-03-31
CLASSES - FIAGRO;54.635.202/0001-39;EXES MARANHÃO FIAGRO - DIREITOS CREDITÓRIOS - RESP LIMITADA;2025-12-31;1138831;Disponibilidades;;;5257;;2026-03-31
CLASSES - FIAGRO;54.635.202/0001-39;EXES MARANHÃO FIAGRO - DIREITOS CREDITÓRIOS - RESP LIMITADA;2025-12-31;1138831;Operações Compromissadas;;;126359;;2026-03-31
CLASSES - FIAGRO;54.635.202/0001-39;EXES MARANHÃO FIAGRO - DIREITOS CREDITÓRIOS - RESP LIMITADA;2025-12-31;1138831;Títulos ligados ao agronegócio;0;0;156942218;;2026-03-31
CLASSES - FIAGRO;54.635.202/0001-39;EXES MARANHÃO FIAGRO - DIREITOS CREDITÓRIOS - RESP LIMITADA;2025-12-31;1138831;Valores a pagar;;;48008;;2026-03-31
CLASSES - FIAGRO;54.635.202/0001-39;EXES MARANHÃO FIAGRO - DIREITOS CREDITÓRIOS - RESP LIMITADA;2025-12-31;1138831;Valores a receber;;;2845;;2026-03-31
CLASSES - FIAGRO;55.476.342/0001-74;LAVORO AGRO II FIDC DAS CADEIAS PRODUTIVAS AGROINDUSTRIAIS FIAGRO - DIREITOS CREDITÓRIOS RESP LTDA;2025-12-31;1117226;Disponibilidades;;;23869917;;2026-03-31
CLASSES - FIAGRO;55.476.342/0001-74;LAVORO AGRO II FIDC DAS CADEIAS PRODUTIVAS AGROINDUSTRIAIS FIAGRO - DIREITOS CREDITÓRIOS RESP LTDA;2025-12-31;1117226;Outras aplicações;0;0;124840070;;2026-03-31
CLASSES - FIAGRO;55.476.342/0001-74;LAVORO AGRO II FIDC DAS CADEIAS PRODUTIVAS AGROINDUSTRIAIS FIAGRO - DIREITOS CREDITÓRIOS RESP LTDA;2025-12-31;1117226;Valores a pagar;;;161998813;;2026-03-31
CLASSES - FIAGRO;55.476.342/0001-74;LAVORO AGRO II FIDC DAS CADEIAS PRODUTIVAS AGROINDUSTRIAIS FIAGRO - DIREITOS CREDITÓRIOS RESP LTDA;2025-12-31;1117226;Valores a receber;;;6188;;2026-03-31
CLASSES - FIAGRO;55.657.680/0001-02;BOCOM BBM FIAGRO - RESPONSABILIDADE LIMITADA;2025-12-31;1078243;DIFERENCIAL DE SWAP A PAGAR;;;1070597;;2026-03-31
CLASSES - FIAGRO;55.657.680/0001-02;BOCOM BBM FIAGRO - RESPONSABILIDADE LIMITADA;2025-12-31;1078243;DIFERENCIAL DE SWAP A RECEBER;;;6509669;;2026-03-31
CLASSES - FIAGRO;55.657.680/0001-02;BOCOM BBM FIAGRO - RESPONSABILIDADE LIMITADA;2025-12-31;1078243;Disponibilidades;;;2286886;;2026-03-31
CLASSES - FIAGRO;55.657.680/0001-02;BOCOM BBM FIAGRO - RESPONSABILIDADE LIMITADA;2025-12-31;1078243;Operações Compromissadas;;;3838167;;2026-03-31
CLASSES - FIAGRO;55.657.680/0001-02;BOCOM BBM FIAGRO - RESPONSABILIDADE LIMITADA;2025-12-31;1078243;Outras aplicações;;;73128;;2026-03-31
CLASSES - FIAGRO;55.657.680/0001-02;BOCOM BBM FIAGRO - RESPONSABILIDADE LIMITADA;2025-12-31;1078243;Títulos ligados ao agronegócio;;;149336371;;2026-03-31
CLASSES - FIAGRO;55.657.680/0001-02;BOCOM BBM FIAGRO - RESPONSABILIDADE LIMITADA;2025-12-31;1078243;Valores a pagar;;;2044986;;2026-03-31
CLASSES - FIAGRO;55.657.680/0001-02;BOCOM BBM FIAGRO - RESPONSABILIDADE LIMITADA;2025-12-31;1078243;Valores a receber;;;94143;;2026-03-31
CLASSES - FIAGRO;56.936.116/0001-91;FATOR TARKEN FIAGRO;2025-12-31;1112239;Cotas de Fundos;;;18986280;;2026-03-31
CLASSES - FIAGRO;56.936.116/0001-91;FATOR TARKEN FIAGRO;2025-12-31;1112239;Disponibilidades;;;93;;2026-03-31
CLASSES - FIAGRO;56.936.116/0001-91;FATOR TARKEN FIAGRO;2025-12-31;1112239;Outras aplicações;;;330680;;2026-03-31
CLASSES - FIAGRO;56.936.116/0001-91;FATOR TARKEN FIAGRO;2025-12-31;1112239;Outras operações passivas e exigibilidades;;;128503876;;2026-03-31
CLASSES - FIAGRO;56.936.116/0001-91;FATOR TARKEN FIAGRO;2025-12-31;1112239;Valores a pagar;;;135805;;2026-03-31
CLASSES - FIAGRO;56.936.116/0001-91;FATOR TARKEN FIAGRO;2025-12-31;1112239;Valores a receber;;;114337224;;2026-03-31
CLASSES - FIAGRO;57.305.969/0001-98;POLLI FIAGRO -DIREITOS CREDITÓRIOS - RESPONSABILIDADE LIMITADA;2025-12-31;1104022;Cotas de Fundos;;;2217764;;2026-03-31
CLASSES - FIAGRO;57.305.969/0001-98;POLLI FIAGRO -DIREITOS CREDITÓRIOS - RESPONSABILIDADE LIMITADA;2025-12-31;1104022;Disponibilidades;;;484;;2026-03-31
CLASSES - FIAGRO;57.305.969/0001-98;POLLI FIAGRO -DIREITOS CREDITÓRIOS - RESPONSABILIDADE LIMITADA;2025-12-31;1104022;Outras aplicações;0;0;372606;;2026-03-31
CLASSES - FIAGRO;57.305.969/0001-98;POLLI FIAGRO -DIREITOS CREDITÓRIOS - RESPONSABILIDADE LIMITADA;2025-12-31;1104022;Valores a pagar;;;96363;;2026-03-31
CLASSES - FIAGRO;57.933.661/0001-97;CLASSE ÚNICA DO CIBRA FIAGRO - DIREITOS CREDITÓRIOS COMERCIAIS RESPONSABILIDADE LIMITADA;2025-12-31;1104011;Cotas de Fundos;;;49073487;;2026-03-31
CLASSES - FIAGRO;57.933.661/0001-97;CLASSE ÚNICA DO CIBRA FIAGRO - DIREITOS CREDITÓRIOS COMERCIAIS RESPONSABILIDADE LIMITADA;2025-12-31;1104011;Disponibilidades;;;1124000;;2026-03-31
CLASSES - FIAGRO;57.933.661/0001-97;CLASSE ÚNICA DO CIBRA FIAGRO - DIREITOS CREDITÓRIOS COMERCIAIS RESPONSABILIDADE LIMITADA;2025-12-31;1104011;Outras aplicações;0;0;71444766;;2026-03-31
CLASSES - FIAGRO;57.933.661/0001-97;CLASSE ÚNICA DO CIBRA FIAGRO - DIREITOS CREDITÓRIOS COMERCIAIS RESPONSABILIDADE LIMITADA;2025-12-31;1104011;Valores a pagar;;;2748677;;2026-03-31
CLASSES - FIAGRO;57.933.661/0001-97;CLASSE ÚNICA DO CIBRA FIAGRO - DIREITOS CREDITÓRIOS COMERCIAIS RESPONSABILIDADE LIMITADA;2025-12-31;1104011;Valores a receber;;;98;;2026-03-31
CLASSES - FIAGRO;58.056.955/0001-40;SANTA ROSA FUNDO DE INVESTIMENTO EM CADEIAS PRODUTIVAS AGROINDUSTRIAIS - DIREITOS CREDITÓRIOS;2025-12-31;1104003;Cotas de Fundos;;;851538;;2026-03-31
CLASSES - FIAGRO;58.056.955/0001-40;SANTA ROSA FUNDO DE INVESTIMENTO EM CADEIAS PRODUTIVAS AGROINDUSTRIAIS - DIREITOS CREDITÓRIOS;2025-12-31;1104003;Títulos ligados ao agronegócio;;;90889369;;2026-03-31
CLASSES - FIAGRO;58.056.955/0001-40;SANTA ROSA FUNDO DE INVESTIMENTO EM CADEIAS PRODUTIVAS AGROINDUSTRIAIS - DIREITOS CREDITÓRIOS;2025-12-31;1104003;Valores a pagar;;;43394614;;2026-03-31
CLASSES - FIAGRO;58.056.955/0001-40;SANTA ROSA FUNDO DE INVESTIMENTO EM CADEIAS PRODUTIVAS AGROINDUSTRIAIS - DIREITOS CREDITÓRIOS;2025-12-31;1104003;Valores a receber;;;6370081;;2026-03-31
CLASSES - FIAGRO;58.118.102/0001-96;EXES TERRAS I FI NAS CADEIAS PRODUTIVAS DO AGRONEGÓCIO - FIAGRO-IMOBILIÁRIO RESPONSABILIDADE LIMITAD;2025-12-31;1138856;Disponibilidades;;;5126;;2026-03-31
CLASSES - FIAGRO;58.118.102/0001-96;EXES TERRAS I FI NAS CADEIAS PRODUTIVAS DO AGRONEGÓCIO - FIAGRO-IMOBILIÁRIO RESPONSABILIDADE LIMITAD;2025-12-31;1138856;Títulos ligados ao agronegócio;0;0;6983072;;2026-03-31
CLASSES - FIAGRO;58.118.102/0001-96;EXES TERRAS I FI NAS CADEIAS PRODUTIVAS DO AGRONEGÓCIO - FIAGRO-IMOBILIÁRIO RESPONSABILIDADE LIMITAD;2025-12-31;1138856;Valores a pagar;;;20000;;2026-03-31
CLASSES - FIAGRO;58.118.102/0001-96;EXES TERRAS I FI NAS CADEIAS PRODUTIVAS DO AGRONEGÓCIO - FIAGRO-IMOBILIÁRIO RESPONSABILIDADE LIMITAD;2025-12-31;1138856;Valores a receber;;;85187;;2026-03-31
CLASSES - FIAGRO;58.291.962/0001-27;HELM FUNDO DE INVESTIMENTO NAS CADEIAS PRODUTIVAS DO AGRONEGÓCIO - RESPONSABILIDADE LIMITADA;2025-12-31;1104015;Cotas de Fundos;;;18004418;;2026-03-31
CLASSES - FIAGRO;58.291.962/0001-27;HELM FUNDO DE INVESTIMENTO NAS CADEIAS PRODUTIVAS DO AGRONEGÓCIO - RESPONSABILIDADE LIMITADA;2025-12-31;1104015;Outras aplicações;0;0;106685446;;2026-03-31
CLASSES - FIAGRO;58.291.962/0001-27;HELM FUNDO DE INVESTIMENTO NAS CADEIAS PRODUTIVAS DO AGRONEGÓCIO - RESPONSABILIDADE LIMITADA;2025-12-31;1104015;Valores a pagar;;;5039621;;2026-03-31
CLASSES - FIAGRO;58.291.962/0001-27;HELM FUNDO DE INVESTIMENTO NAS CADEIAS PRODUTIVAS DO AGRONEGÓCIO - RESPONSABILIDADE LIMITADA;2025-12-31;1104015;Valores a receber;;;2181296;;2026-03-31
CLASSES - FIAGRO;58.377.489/0001-03;VINCI MAV III - FIAGRO - DIREITOS CREDITÓRIOS;2025-12-31;1138829;Cotas de Fundos;0;0;23062587;;2026-03-31
CLASSES - FIAGRO;58.377.489/0001-03;VINCI MAV III - FIAGRO - DIREITOS CREDITÓRIOS;2025-12-31;1138829;Disponibilidades;;;626461;;2026-03-31
CLASSES - FIAGRO;58.377.489/0001-03;VINCI MAV III - FIAGRO - DIREITOS CREDITÓRIOS;2025-12-31;1138829;Operações Compromissadas;;;1746196;;2026-03-31
CLASSES - FIAGRO;58.377.489/0001-03;VINCI MAV III - FIAGRO - DIREITOS CREDITÓRIOS;2025-12-31;1138829;Títulos ligados ao agronegócio;0;28502665;120481822;;2026-03-31
CLASSES - FIAGRO;58.377.489/0001-03;VINCI MAV III - FIAGRO - DIREITOS CREDITÓRIOS;2025-12-31;1138829;Valores a pagar;;;172540;;2026-03-31
CLASSES - FIAGRO;58.377.489/0001-03;VINCI MAV III - FIAGRO - DIREITOS CREDITÓRIOS;2025-12-31;1138829;Valores a receber;;;593;;2026-03-31
CLASSES - FIAGRO;60.648.939/0001-99;THÉROS FUNDO DE INVESTIMENTO NAS CADEIAS PRODUTIVAS DO AGRONEGÓCIO FIAGRO RESPONSABILIDADE LIMITADA;2025-12-31;1138830;Cotas de Fundos;1436748;0;41152736;;2026-03-31
CLASSES - FIAGRO;60.648.939/0001-99;THÉROS FUNDO DE INVESTIMENTO NAS CADEIAS PRODUTIVAS DO AGRONEGÓCIO FIAGRO RESPONSABILIDADE LIMITADA;2025-12-31;1138830;Disponibilidades;;;0;;2026-03-31
CLASSES - FIAGRO;60.648.939/0001-99;THÉROS FUNDO DE INVESTIMENTO NAS CADEIAS PRODUTIVAS DO AGRONEGÓCIO FIAGRO RESPONSABILIDADE LIMITADA;2025-12-31;1138830;Valores a pagar;;;2323876;;2026-03-31
CLASSES - FIAGRO;60.648.939/0001-99;THÉROS FUNDO DE INVESTIMENTO NAS CADEIAS PRODUTIVAS DO AGRONEGÓCIO FIAGRO RESPONSABILIDADE LIMITADA;2025-12-31;1138830;Valores a receber;;;1185364;;2026-03-31
CLASSES - FIAGRO;60.852.265/0001-40;BOCOM BBM FIAGRO II - FUNDO DE INVESTIMENTO NAS CADEIAS PRODUTIVAS DO AGRONEGÓCIO RESP LIMITADA;2025-12-31;1078250;DIFERENCIAL DE SWAP A PAGAR;;;619807;;2026-03-31
CLASSES - FIAGRO;60.852.265/0001-40;BOCOM BBM FIAGRO II - FUNDO DE INVESTIMENTO NAS CADEIAS PRODUTIVAS DO AGRONEGÓCIO RESP LIMITADA;2025-12-31;1078250;DIFERENCIAL DE SWAP A RECEBER;;;2400833;;2026-03-31
CLASSES - FIAGRO;60.852.265/0001-40;BOCOM BBM FIAGRO II - FUNDO DE INVESTIMENTO NAS CADEIAS PRODUTIVAS DO AGRONEGÓCIO RESP LIMITADA;2025-12-31;1078250;Disponibilidades;;;283230;;2026-03-31
CLASSES - FIAGRO;60.852.265/0001-40;BOCOM BBM FIAGRO II - FUNDO DE INVESTIMENTO NAS CADEIAS PRODUTIVAS DO AGRONEGÓCIO RESP LIMITADA;2025-12-31;1078250;Operações Compromissadas;;;2604475;;2026-03-31
CLASSES - FIAGRO;60.852.265/0001-40;BOCOM BBM FIAGRO II - FUNDO DE INVESTIMENTO NAS CADEIAS PRODUTIVAS DO AGRONEGÓCIO RESP LIMITADA;2025-12-31;1078250;Outras aplicações;;;6350;;2026-03-31
CLASSES - FIAGRO;60.852.265/0001-40;BOCOM BBM FIAGRO II - FUNDO DE INVESTIMENTO NAS CADEIAS PRODUTIVAS DO AGRONEGÓCIO RESP LIMITADA;2025-12-31;1078250;Títulos ligados ao agronegócio;;;296223852;;2026-03-31
CLASSES - FIAGRO;60.852.265/0001-40;BOCOM BBM FIAGRO II - FUNDO DE INVESTIMENTO NAS CADEIAS PRODUTIVAS DO AGRONEGÓCIO RESP LIMITADA;2025-12-31;1078250;Valores a pagar;;;497489;;2026-03-31
CLASSES - FIAGRO;60.852.265/0001-40;BOCOM BBM FIAGRO II - FUNDO DE INVESTIMENTO NAS CADEIAS PRODUTIVAS DO AGRONEGÓCIO RESP LIMITADA;2025-12-31;1078250;Valores a receber;;;585;;2026-03-31
CLASSES - FIAGRO;61.865.683/0001-34;SANTO REIS FIAGRO IMOBILIÁRIO RESPONSABILIDADE LIMITADA;2025-12-31;1104082;Cotas de Fundos;;;105316372;;2026-03-31
CLASSES - FIAGRO;61.865.683/0001-34;SANTO REIS FIAGRO IMOBILIÁRIO RESPONSABILIDADE LIMITADA;2025-12-31;1104082;Títulos ligados ao agronegócio;;;93450900;;2026-03-31
CLASSES - FIAGRO;61.865.683/0001-34;SANTO REIS FIAGRO IMOBILIÁRIO RESPONSABILIDADE LIMITADA;2025-12-31;1104082;Valores a pagar;;;3456050;;2026-03-31
CLASSES - FIAGRO;61.865.683/0001-34;SANTO REIS FIAGRO IMOBILIÁRIO RESPONSABILIDADE LIMITADA;2025-12-31;1104082;Valores a receber;;;8373810;;2026-03-31
CLASSES - FIAGRO;62.134.120/0001-39;FIAGRO SINOVA RESPONSABILIDADE LIMITADA;2025-12-31;1104024;Cotas de Fundos;;;20218107;;2026-03-31
CLASSES - FIAGRO;62.134.120/0001-39;FIAGRO SINOVA RESPONSABILIDADE LIMITADA;2025-12-31;1104024;DIFERENCIAL DE SWAP A PAGAR;;;19398;;2026-03-31
CLASSES - FIAGRO;62.134.120/0001-39;FIAGRO SINOVA RESPONSABILIDADE LIMITADA;2025-12-31;1104024;DIFERENCIAL DE SWAP A RECEBER;;;174;;2026-03-31
CLASSES - FIAGRO;62.134.120/0001-39;FIAGRO SINOVA RESPONSABILIDADE LIMITADA;2025-12-31;1104024;Disponibilidades;;;1000;;2026-03-31
CLASSES - FIAGRO;62.134.120/0001-39;FIAGRO SINOVA RESPONSABILIDADE LIMITADA;2025-12-31;1104024;Outras aplicações;0;36601285;241044221;;2026-03-31
CLASSES - FIAGRO;62.134.120/0001-39;FIAGRO SINOVA RESPONSABILIDADE LIMITADA;2025-12-31;1104024;Outras operações passivas e exigibilidades;;;41590;;2026-03-31
CLASSES - FIAGRO;62.134.120/0001-39;FIAGRO SINOVA RESPONSABILIDADE LIMITADA;2025-12-31;1104024;Valores a pagar;;;2612239;;2026-03-31
CLASSES - FIAGRO;62.193.937/0001-88;AGD FUNDO DE INVESTIMENTO NAS CADEIAS PRODUTIVAS DO AGRONEGÓCIO RESPONSABILIDADE LIMITADA;2025-12-31;1104004;Cotas de Fundos;;;117550;;2026-03-31
CLASSES - FIAGRO;62.193.937/0001-88;AGD FUNDO DE INVESTIMENTO NAS CADEIAS PRODUTIVAS DO AGRONEGÓCIO RESPONSABILIDADE LIMITADA;2025-12-31;1104004;Outras aplicações;0;0;7439344;;2026-03-31
CLASSES - FIAGRO;62.193.937/0001-88;AGD FUNDO DE INVESTIMENTO NAS CADEIAS PRODUTIVAS DO AGRONEGÓCIO RESPONSABILIDADE LIMITADA;2025-12-31;1104004;Valores a pagar;;;33624;;2026-03-31
CLASSES - FIAGRO;62.587.224/0001-07;NATURAL ONE FIAGRO DIREITOS CREDITÓRIOS - RESPONSABILIDADE LIMITADA;2025-12-31;1104019;Cotas de Fundos;;;562585;;2026-03-31
CLASSES - FIAGRO;62.587.224/0001-07;NATURAL ONE FIAGRO DIREITOS CREDITÓRIOS - RESPONSABILIDADE LIMITADA;2025-12-31;1104019;Outras aplicações;0;0;900804;;2026-03-31
CLASSES - FIAGRO;62.587.224/0001-07;NATURAL ONE FIAGRO DIREITOS CREDITÓRIOS - RESPONSABILIDADE LIMITADA;2025-12-31;1104019;Valores a pagar;;;416240;;2026-03-31
CLASSES - FIAGRO;62.588.649/0001-22;AGROGALAXY FORNECEDORES III FUNDO DE INVESTIMENTO NAS CADEIAS PRODUTIVAS DO AGRONEGOCIO - RESPONSABI;2025-12-31;1104013;Cotas de Fundos;;;123475130;;2026-03-31
CLASSES - FIAGRO;62.588.649/0001-22;AGROGALAXY FORNECEDORES III FUNDO DE INVESTIMENTO NAS CADEIAS PRODUTIVAS DO AGRONEGOCIO - RESPONSABI;2025-12-31;1104013;Outras aplicações;0;0;63823152;;2026-03-31
CLASSES - FIAGRO;62.588.649/0001-22;AGROGALAXY FORNECEDORES III FUNDO DE INVESTIMENTO NAS CADEIAS PRODUTIVAS DO AGRONEGOCIO - RESPONSABI;2025-12-31;1104013;Valores a pagar;;;637489;;2026-03-31
CLASSES - FIAGRO;62.588.649/0001-22;AGROGALAXY FORNECEDORES III FUNDO DE INVESTIMENTO NAS CADEIAS PRODUTIVAS DO AGRONEGOCIO - RESPONSABI;2025-12-31;1104013;Valores a receber;;;138117;;2026-03-31
CLASSES - FIAGRO;62.910.733/0001-10;SICOOB PRIME FLEX FIAGRO - RESPONSABILIDADE LIMITADA;2025-12-31;1104023;Disponibilidades;;;16707;;2026-03-31
CLASSES - FIAGRO;62.910.733/0001-10;SICOOB PRIME FLEX FIAGRO - RESPONSABILIDADE LIMITADA;2025-12-31;1104023;Operações Compromissadas;;;8345811;;2026-03-31
CLASSES - FIAGRO;62.910.733/0001-10;SICOOB PRIME FLEX FIAGRO - RESPONSABILIDADE LIMITADA;2025-12-31;1104023;Outras aplicações;0;0;-25561894;;2026-03-31
CLASSES - FIAGRO;62.910.733/0001-10;SICOOB PRIME FLEX FIAGRO - RESPONSABILIDADE LIMITADA;2025-12-31;1104023;Outros valores mobiliários registrados na CVM objeto de oferta pública;0;7187419;12082755;;2026-03-31
CLASSES - FIAGRO;62.910.733/0001-10;SICOOB PRIME FLEX FIAGRO - RESPONSABILIDADE LIMITADA;2025-12-31;1104023;Títulos ligados ao agronegócio;;;17650195;;2026-03-31
CLASSES - FIAGRO;62.910.733/0001-10;SICOOB PRIME FLEX FIAGRO - RESPONSABILIDADE LIMITADA;2025-12-31;1104023;Valores a pagar;;;58488;;2026-03-31
CLASSES - FIAGRO;62.910.733/0001-10;SICOOB PRIME FLEX FIAGRO - RESPONSABILIDADE LIMITADA;2025-12-31;1104023;Valores a receber;;;2240213;;2026-03-31
CLASSES - FIAGRO;62.987.130/0001-17;TERRAS FUNDO DE INVESTIMENTO NAS CADEIAS PRODUTIVAS DO AGRONEGÓCIO - FIAGRO - RESP LIMITADA;2025-12-31;1138840;Disponibilidades;;;6238;;2026-03-31
CLASSES - FIAGRO;62.987.130/0001-17;TERRAS FUNDO DE INVESTIMENTO NAS CADEIAS PRODUTIVAS DO AGRONEGÓCIO - FIAGRO - RESP LIMITADA;2025-12-31;1138840;Operações Compromissadas;;;9796704;;2026-03-31
CLASSES - FIAGRO;62.987.130/0001-17;TERRAS FUNDO DE INVESTIMENTO NAS CADEIAS PRODUTIVAS DO AGRONEGÓCIO - FIAGRO - RESP LIMITADA;2025-12-31;1138840;Valores a pagar;;;29655;;2026-03-31
CLASSES - FIAGRO;62.987.130/0001-17;TERRAS FUNDO DE INVESTIMENTO NAS CADEIAS PRODUTIVAS DO AGRONEGÓCIO - FIAGRO - RESP LIMITADA;2025-12-31;1138840;Valores a receber;;;0;;2026-03-31
CLASSES - FIAGRO;63.087.508/0001-99;ECOAGRO III - FIAGRO - RESPONSABILIDADE LIMITADA;2025-12-31;1104012;Cotas de Fundos;;;7070736;;2026-03-31
CLASSES - FIAGRO;63.087.508/0001-99;ECOAGRO III - FIAGRO - RESPONSABILIDADE LIMITADA;2025-12-31;1104012;Outras aplicações;0;0;-27900663;;2026-03-31
CLASSES - FIAGRO;63.087.508/0001-99;ECOAGRO III - FIAGRO - RESPONSABILIDADE LIMITADA;2025-12-31;1104012;Outros valores mobiliários registrados na CVM objeto de oferta pública;0;9719040;24001150;;2026-03-31
CLASSES - FIAGRO;63.087.508/0001-99;ECOAGRO III - FIAGRO - RESPONSABILIDADE LIMITADA;2025-12-31;1104012;Valores a pagar;;;35223;;2026-03-31
CLASSES - FIAGRO;63.087.508/0001-99;ECOAGRO III - FIAGRO - RESPONSABILIDADE LIMITADA;2025-12-31;1104012;Valores a receber;;;47731;;2026-03-31
CLASSES - FIAGRO;63.194.165/0001-61;CIBRA OCP FIAGRO DIREITOS CREDITÓRIOS COMERCIAIS RESPONSABILIDADE LIMITADA;2025-12-31;1104010;Cotas de Fundos;;;41466470;;2026-03-31
CLASSES - FIAGRO;63.194.165/0001-61;CIBRA OCP FIAGRO DIREITOS CREDITÓRIOS COMERCIAIS RESPONSABILIDADE LIMITADA;2025-12-31;1104010;Disponibilidades;;;1982;;2026-03-31
CLASSES - FIAGRO;63.194.165/0001-61;CIBRA OCP FIAGRO DIREITOS CREDITÓRIOS COMERCIAIS RESPONSABILIDADE LIMITADA;2025-12-31;1104010;Outras aplicações;0;0;9390945;;2026-03-31
CLASSES - FIAGRO;63.194.165/0001-61;CIBRA OCP FIAGRO DIREITOS CREDITÓRIOS COMERCIAIS RESPONSABILIDADE LIMITADA;2025-12-31;1104010;Valores a pagar;;;13139055;;2026-03-31
CLASSES - FIAGRO;63.194.165/0001-61;CIBRA OCP FIAGRO DIREITOS CREDITÓRIOS COMERCIAIS RESPONSABILIDADE LIMITADA;2025-12-31;1104010;Valores a receber;;;337647;;2026-03-31
CLASSES - FIAGRO;63.544.808/0001-50;EXA TERRAS BRASIL I FI NAS CADEIAS PRODUTIVAS DO AGRONEGÓCIO - FIAGRO - RESPONSABILIDADE LIMITADA;2025-12-31;1138841;Cotas de Fundos;3100830;20080335;17084058;;2026-03-31
CLASSES - FIAGRO;63.544.808/0001-50;EXA TERRAS BRASIL I FI NAS CADEIAS PRODUTIVAS DO AGRONEGÓCIO - FIAGRO - RESPONSABILIDADE LIMITADA;2025-12-31;1138841;Disponibilidades;;;5029;;2026-03-31
CLASSES - FIAGRO;63.544.808/0001-50;EXA TERRAS BRASIL I FI NAS CADEIAS PRODUTIVAS DO AGRONEGÓCIO - FIAGRO - RESPONSABILIDADE LIMITADA;2025-12-31;1138841;Valores a pagar;;;31000;;2026-03-31
CLASSES - FIAGRO;63.544.808/0001-50;EXA TERRAS BRASIL I FI NAS CADEIAS PRODUTIVAS DO AGRONEGÓCIO - FIAGRO - RESPONSABILIDADE LIMITADA;2025-12-31;1138841;Valores a receber;;;3095349;;2026-03-31
CLASSES - FIAGRO;63.654.286/0001-49;MBS FAZENDA I FIAGRO RESPONSABILIDADE LIMITADA;2025-12-31;1113212;Cotas de Fundos;;;34597917;;2026-03-31
CLASSES - FIAGRO;63.654.286/0001-49;MBS FAZENDA I FIAGRO RESPONSABILIDADE LIMITADA;2025-12-31;1113212;Disponibilidades;;;2414;;2026-03-31
CLASSES - FIAGRO;63.654.286/0001-49;MBS FAZENDA I FIAGRO RESPONSABILIDADE LIMITADA;2025-12-31;1113212;Valores a pagar;;;585443;;2026-03-31
CLASSES - FIAGRO;63.654.286/0001-49;MBS FAZENDA I FIAGRO RESPONSABILIDADE LIMITADA;2025-12-31;1113212;Valores a receber;;;0;;2026-03-31
CLASSES - FIAGRO;63.866.936/0001-10;GRUPO AGRO FIAGRO - DIREITOS CREDITÓRIOS - RESPONSABILIDADE LIMITADA;2025-12-31;1104014;Cotas de Fundos;;;9516798;;2026-03-31
CLASSES - FIAGRO;63.866.936/0001-10;GRUPO AGRO FIAGRO - DIREITOS CREDITÓRIOS - RESPONSABILIDADE LIMITADA;2025-12-31;1104014;Outras aplicações;0;0;-6525169;;2026-03-31
CLASSES - FIAGRO;63.866.936/0001-10;GRUPO AGRO FIAGRO - DIREITOS CREDITÓRIOS - RESPONSABILIDADE LIMITADA;2025-12-31;1104014;Valores a pagar;;;26479;;2026-03-31
CLASSES - FIAGRO;64.008.175/0001-28;UP NORTH FIAGRO - DIREITOS CREDITÓRIOS - RESPONSABILIDADE LIMITADA;2025-12-31;1104025;Cotas de Fundos;;;857406;;2026-03-31
CLASSES - FIAGRO;64.008.175/0001-28;UP NORTH FIAGRO - DIREITOS CREDITÓRIOS - RESPONSABILIDADE LIMITADA;2025-12-31;1104025;Disponibilidades;;;1000;;2026-03-31
CLASSES - FIAGRO;64.008.175/0001-28;UP NORTH FIAGRO - DIREITOS CREDITÓRIOS - RESPONSABILIDADE LIMITADA;2025-12-31;1104025;Outras aplicações;0;0;-94510;;2026-03-31
CLASSES - FIAGRO;64.008.175/0001-28;UP NORTH FIAGRO - DIREITOS CREDITÓRIOS - RESPONSABILIDADE LIMITADA;2025-12-31;1104025;Valores a pagar;;;23839;;2026-03-31
CLASSES - FIAGRO;64.064.212/0001-15;BLU MARE FUNDO DE INVESTIMENTO NAS CADEIAS PRODUTIVAS DO AGRONEGÓCIO - RESPONSABILIDADE LIMITADA;2025-12-31;1104008;Cotas de Fundos;;;1573815;;2026-03-31
CLASSES - FIAGRO;64.064.212/0001-15;BLU MARE FUNDO DE INVESTIMENTO NAS CADEIAS PRODUTIVAS DO AGRONEGÓCIO - RESPONSABILIDADE LIMITADA;2025-12-31;1104008;Disponibilidades;;;1000;;2026-03-31
CLASSES - FIAGRO;64.064.212/0001-15;BLU MARE FUNDO DE INVESTIMENTO NAS CADEIAS PRODUTIVAS DO AGRONEGÓCIO - RESPONSABILIDADE LIMITADA;2025-12-31;1104008;Outras aplicações;0;42787723;0;;2026-03-31
CLASSES - FIAGRO;64.064.212/0001-15;BLU MARE FUNDO DE INVESTIMENTO NAS CADEIAS PRODUTIVAS DO AGRONEGÓCIO - RESPONSABILIDADE LIMITADA;2025-12-31;1104008;Títulos ligados ao agronegócio;;;42049643;;2026-03-31
CLASSES - FIAGRO;64.064.212/0001-15;BLU MARE FUNDO DE INVESTIMENTO NAS CADEIAS PRODUTIVAS DO AGRONEGÓCIO - RESPONSABILIDADE LIMITADA;2025-12-31;1104008;Valores a pagar;;;728941;;2026-03-31
CLASSES - FIDC;09.260.031/0001-56;FUNDO DE INVESTIMENTO EM QUOTAS DE FUNDO DE INVESTIMENTO EM DIREITOS CREDITÓRIOS NÃO PADRONIZADO SRM;2025-12-31;1074984;Cotas de Fundos;0;0;89196308;;2026-03-31
CLASSES - FIDC;09.260.031/0001-56;FUNDO DE INVESTIMENTO EM QUOTAS DE FUNDO DE INVESTIMENTO EM DIREITOS CREDITÓRIOS NÃO PADRONIZADO SRM;2025-12-31;1074984;Valores a pagar;;;17106;;2026-03-31
CLASSES - FIDC;09.260.031/0001-56;FUNDO DE INVESTIMENTO EM QUOTAS DE FUNDO DE INVESTIMENTO EM DIREITOS CREDITÓRIOS NÃO PADRONIZADO SRM;2025-12-31;1074984;Valores a receber;;;25934;;2026-03-31
CLASSES - FIDC;11.702.303/0001-72;CAPITAL ONE FUNDO DE INVESTIMENTO EM COTAS DE FUNDOS DE INVESTIMENTO DIREITOS CREDITÓRIOS;2025-12-31;1081966;Cotas de Fundos;;;55666237;;2026-03-31
CLASSES - FIDC;11.702.303/0001-72;CAPITAL ONE FUNDO DE INVESTIMENTO EM COTAS DE FUNDOS DE INVESTIMENTO DIREITOS CREDITÓRIOS;2025-12-31;1081966;Outras aplicações;;;1498387;;2026-03-31
CLASSES - FIDC;11.702.303/0001-72;CAPITAL ONE FUNDO DE INVESTIMENTO EM COTAS DE FUNDOS DE INVESTIMENTO DIREITOS CREDITÓRIOS;2025-12-31;1081966;Títulos Públicos;0;0;3584412;;2026-03-31
CLASSES - FIDC;11.702.303/0001-72;CAPITAL ONE FUNDO DE INVESTIMENTO EM COTAS DE FUNDOS DE INVESTIMENTO DIREITOS CREDITÓRIOS;2025-12-31;1081966;Valores a pagar;;;16573;;2026-03-31
CLASSES - FIDC;11.702.303/0001-72;CAPITAL ONE FUNDO DE INVESTIMENTO EM COTAS DE FUNDOS DE INVESTIMENTO DIREITOS CREDITÓRIOS;2025-12-31;1081966;Valores a receber;;;3082;;2026-03-31
CLASSES - FIDC;11.827.500/0001-18;FC FI EM COTAS DE FUNDO DE INVESTIMENTO EM DIREITOS CREDITÓRIOS - RESPONSABILIDADE LIMITADA;2025-12-31;1081788;Disponibilidades;;;0;;2026-03-31
CLASSES - FIDC;11.827.500/0001-18;FC FI EM COTAS DE FUNDO DE INVESTIMENTO EM DIREITOS CREDITÓRIOS - RESPONSABILIDADE LIMITADA;2025-12-31;1081788;Outras operações passivas e exigibilidades;;;1424781;;2026-03-31
CLASSES - FIDC;11.827.500/0001-18;FC FI EM COTAS DE FUNDO DE INVESTIMENTO EM DIREITOS CREDITÓRIOS - RESPONSABILIDADE LIMITADA;2025-12-31;1081788;Valores a pagar;;;2943308;;2026-03-31
CLASSES - FIDC;11.827.500/0001-18;FC FI EM COTAS DE FUNDO DE INVESTIMENTO EM DIREITOS CREDITÓRIOS - RESPONSABILIDADE LIMITADA;2025-12-31;1081788;Valores a receber;;;22173;;2026-03-31
CLASSES - FIDC;12.565.143/0001-20;FC2 FIC DE FUNDO DE INVESTIMENTO EM DIREITOS CREDITÓRIOS RESPONSABILIDADE LIMITADA;2025-12-31;1081793;Disponibilidades;;;0;;2026-03-31
CLASSES - FIDC;12.565.143/0001-20;FC2 FIC DE FUNDO DE INVESTIMENTO EM DIREITOS CREDITÓRIOS RESPONSABILIDADE LIMITADA;2025-12-31;1081793;Outras operações passivas e exigibilidades;;;45250;;2026-03-31
CLASSES - FIDC;12.565.143/0001-20;FC2 FIC DE FUNDO DE INVESTIMENTO EM DIREITOS CREDITÓRIOS RESPONSABILIDADE LIMITADA;2025-12-31;1081793;Valores a pagar;;;235772;;2026-03-31
CLASSES - FIDC;12.565.143/0001-20;FC2 FIC DE FUNDO DE INVESTIMENTO EM DIREITOS CREDITÓRIOS RESPONSABILIDADE LIMITADA;2025-12-31;1081793;Valores a receber;;;552;;2026-03-31
CLASSES - FIDC;12.660.458/0001-56;FC4 FIC DE FUNDO DE INVESTIMENTO EM DIREITOS CREDITÓRIOS RESPONSABILIDADE LIMITADA;2025-12-31;1081801;Disponibilidades;;;0;;2026-03-31
CLASSES - FIDC;12.660.458/0001-56;FC4 FIC DE FUNDO DE INVESTIMENTO EM DIREITOS CREDITÓRIOS RESPONSABILIDADE LIMITADA;2025-12-31;1081801;Outras operações passivas e exigibilidades;;;127442;;2026-03-31
CLASSES - FIDC;12.660.458/0001-56;FC4 FIC DE FUNDO DE INVESTIMENTO EM DIREITOS CREDITÓRIOS RESPONSABILIDADE LIMITADA;2025-12-31;1081801;Valores a pagar;;;394777;;2026-03-31
CLASSES - FIDC;12.660.458/0001-56;FC4 FIC DE FUNDO DE INVESTIMENTO EM DIREITOS CREDITÓRIOS RESPONSABILIDADE LIMITADA;2025-12-31;1081801;Valores a receber;;;1754;;2026-03-31
CLASSES - FIDC;12.660.462/0001-14;FC3 FI EM COTAS DE FUNDO DE INVESTIMENTO EM DIREITOS CREDITÓRIOS - RESPONSABILIDA LIMITADA;2025-12-31;1081797;Disponibilidades;;;0;;2026-03-31
CLASSES - FIDC;12.660.462/0001-14;FC3 FI EM COTAS DE FUNDO DE INVESTIMENTO EM DIREITOS CREDITÓRIOS - RESPONSABILIDA LIMITADA;2025-12-31;1081797;Outras operações passivas e exigibilidades;;;171807;;2026-03-31
CLASSES - FIDC;12.660.462/0001-14;FC3 FI EM COTAS DE FUNDO DE INVESTIMENTO EM DIREITOS CREDITÓRIOS - RESPONSABILIDA LIMITADA;2025-12-31;1081797;Valores a pagar;;;461651;;2026-03-31
CLASSES - FIDC;12.660.462/0001-14;FC3 FI EM COTAS DE FUNDO DE INVESTIMENTO EM DIREITOS CREDITÓRIOS - RESPONSABILIDA LIMITADA;2025-12-31;1081797;Valores a receber;;;2351;;2026-03-31
CLASSES - FIDC;12.660.468/0001-91;FC5 FI EM COTAS DE FUNDO DE INVESTIMENTO EM DIREITOS CREDITÓRIOS - RESPONSABILIDA LIMITADA;2025-12-31;1081804;Disponibilidades;;;0;;2026-03-31
CLASSES - FIDC;12.660.468/0001-91;FC5 FI EM COTAS DE FUNDO DE INVESTIMENTO EM DIREITOS CREDITÓRIOS - RESPONSABILIDA LIMITADA;2025-12-31;1081804;Outras operações passivas e exigibilidades;;;45250;;2026-03-31
CLASSES - FIDC;12.660.468/0001-91;FC5 FI EM COTAS DE FUNDO DE INVESTIMENTO EM DIREITOS CREDITÓRIOS - RESPONSABILIDA LIMITADA;2025-12-31;1081804;Valores a pagar;;;238140;;2026-03-31
CLASSES - FIDC;12.660.468/0001-91;FC5 FI EM COTAS DE FUNDO DE INVESTIMENTO EM DIREITOS CREDITÓRIOS - RESPONSABILIDA LIMITADA;2025-12-31;1081804;Valores a receber;;;551;;2026-03-31
CLASSES - FIDC;12.674.251/0001-30;FC8 FI EM COTAS DE FUNDO DE INVESTIMENTO EM DIREITOS CREDITÓRIOS - RESPONSABILIDA LIMITADA;2025-12-31;1081809;Disponibilidades;;;0;;2026-03-31
CLASSES - FIDC;12.674.251/0001-30;FC8 FI EM COTAS DE FUNDO DE INVESTIMENTO EM DIREITOS CREDITÓRIOS - RESPONSABILIDA LIMITADA;2025-12-31;1081809;Outras operações passivas e exigibilidades;;;1033198;;2026-03-31
CLASSES - FIDC;12.674.251/0001-30;FC8 FI EM COTAS DE FUNDO DE INVESTIMENTO EM DIREITOS CREDITÓRIOS - RESPONSABILIDA LIMITADA;2025-12-31;1081809;Valores a pagar;;;1727724;;2026-03-31
CLASSES - FIDC;12.674.251/0001-30;FC8 FI EM COTAS DE FUNDO DE INVESTIMENTO EM DIREITOS CREDITÓRIOS - RESPONSABILIDA LIMITADA;2025-12-31;1081809;Valores a receber;;;14020;;2026-03-31
CLASSES - FIDC;12.674.257/0001-08;FC6 FIC DE FUNDO DE INVESTIMENTO EM DIREITOS CREDITÓRIOS RESPONSABILIDADE LIMITADA;2025-12-31;1081807;Disponibilidades;;;0;;2026-03-31
CLASSES - FIDC;12.674.257/0001-08;FC6 FIC DE FUNDO DE INVESTIMENTO EM DIREITOS CREDITÓRIOS RESPONSABILIDADE LIMITADA;2025-12-31;1081807;Outras operações passivas e exigibilidades;;;137011;;2026-03-31
CLASSES - FIDC;12.674.257/0001-08;FC6 FIC DE FUNDO DE INVESTIMENTO EM DIREITOS CREDITÓRIOS RESPONSABILIDADE LIMITADA;2025-12-31;1081807;Valores a pagar;;;397417;;2026-03-31
CLASSES - FIDC;12.674.257/0001-08;FC6 FIC DE FUNDO DE INVESTIMENTO EM DIREITOS CREDITÓRIOS RESPONSABILIDADE LIMITADA;2025-12-31;1081807;Valores a receber;;;1885;;2026-03-31
CLASSES - FIDC;14.744.913/0001-27;MULTIPLIX FIC DE FUNDOS DE INVESTIMENTO EM DIREITOS CREDITÓRIOS - RESPONSABILIDADE LIMITADA;2025-12-31;1074840;Cotas de Fundos;0;0;44704230;;2026-03-31
CLASSES - FIDC;14.744.913/0001-27;MULTIPLIX FIC DE FUNDOS DE INVESTIMENTO EM DIREITOS CREDITÓRIOS - RESPONSABILIDADE LIMITADA;2025-12-31;1074840;Valores a pagar;;;9335;;2026-03-31
CLASSES - FIDC;14.744.913/0001-27;MULTIPLIX FIC DE FUNDOS DE INVESTIMENTO EM DIREITOS CREDITÓRIOS - RESPONSABILIDADE LIMITADA;2025-12-31;1074840;Valores a receber;;;6367;;2026-03-31
CLASSES - FIDC;17.198.845/0001-36;INVISTA I FIC FIDC MULTISSETORIAL NAO PADRONIZADO;2025-12-31;1077186;Cotas de Fundos;0;0;2046564748;;2026-03-31
CLASSES - FIDC;17.198.845/0001-36;INVISTA I FIC FIDC MULTISSETORIAL NAO PADRONIZADO;2025-12-31;1077186;Valores a pagar;;;37122;;2026-03-31
CLASSES - FIDC;17.198.845/0001-36;INVISTA I FIC FIDC MULTISSETORIAL NAO PADRONIZADO;2025-12-31;1077186;Valores a receber;;;41454;;2026-03-31
CLASSES - FIDC;18.048.642/0001-26;BLC FUNDO DE INVESTIMENTO EM COTAS DE FUNDOS DE INVESTIMENTO EM DIREITOS CREDITÓRIOS NÃO-PADRONIZADO;2025-12-31;1081671;Cotas de Fundos;;;2419406854;;2026-03-31
CLASSES - FIDC;18.048.642/0001-26;BLC FUNDO DE INVESTIMENTO EM COTAS DE FUNDOS DE INVESTIMENTO EM DIREITOS CREDITÓRIOS NÃO-PADRONIZADO;2025-12-31;1081671;Valores a pagar;;;7252269;;2026-03-31
CLASSES - FIDC;20.997.817/0001-93;SPECIAL SITUATIONS II FI EM COTAS DE FUNDO DE INVESTIMENTO EM DIREITOS CREDITÓRIOS MULTICARTEIRA;2025-12-31;1081785;Cotas de Fundos;;;8774305;;2026-03-31
CLASSES - FIDC;20.997.817/0001-93;SPECIAL SITUATIONS II FI EM COTAS DE FUNDO DE INVESTIMENTO EM DIREITOS CREDITÓRIOS MULTICARTEIRA;2025-12-31;1081785;Disponibilidades;;;13138;;2026-03-31
CLASSES - FIDC;20.997.817/0001-93;SPECIAL SITUATIONS II FI EM COTAS DE FUNDO DE INVESTIMENTO EM DIREITOS CREDITÓRIOS MULTICARTEIRA;2025-12-31;1081785;Títulos Públicos;17895;0;72267;;2026-03-31
CLASSES - FIDC;20.997.817/0001-93;SPECIAL SITUATIONS II FI EM COTAS DE FUNDO DE INVESTIMENTO EM DIREITOS CREDITÓRIOS MULTICARTEIRA;2025-12-31;1081785;Valores a pagar;;;22352;;2026-03-31
CLASSES - FIDC;20.997.817/0001-93;SPECIAL SITUATIONS II FI EM COTAS DE FUNDO DE INVESTIMENTO EM DIREITOS CREDITÓRIOS MULTICARTEIRA;2025-12-31;1081785;Valores a receber;;;87;;2026-03-31
CLASSES - FIDC;20.997.818/0001-38;SPECIAL SITUATIONS I FI EM COTAS DE FUNDO DE INVESTIMENTO EM DIREITOS CREDITÓRIOS MULTICARTEIRA;2025-12-31;1081782;Cotas de Fundos;;;9661822;;2026-03-31
CLASSES - FIDC;20.997.818/0001-38;SPECIAL SITUATIONS I FI EM COTAS DE FUNDO DE INVESTIMENTO EM DIREITOS CREDITÓRIOS MULTICARTEIRA;2025-12-31;1081782;Disponibilidades;;;3089;;2026-03-31
CLASSES - FIDC;20.997.818/0001-38;SPECIAL SITUATIONS I FI EM COTAS DE FUNDO DE INVESTIMENTO EM DIREITOS CREDITÓRIOS MULTICARTEIRA;2025-12-31;1081782;Títulos Públicos;0;0;18066;;2026-03-31
CLASSES - FIDC;20.997.818/0001-38;SPECIAL SITUATIONS I FI EM COTAS DE FUNDO DE INVESTIMENTO EM DIREITOS CREDITÓRIOS MULTICARTEIRA;2025-12-31;1081782;Valores a pagar;;;22857;;2026-03-31
CLASSES - FIDC;20.997.818/0001-38;SPECIAL SITUATIONS I FI EM COTAS DE FUNDO DE INVESTIMENTO EM DIREITOS CREDITÓRIOS MULTICARTEIRA;2025-12-31;1081782;Valores a receber;;;3900;;2026-03-31
CLASSES - FIDC;22.150.467/0001-50;VINCI CRÉDITO ESTRUTURADO SELECTION ADVISORY FIC DE DIREITOS CREDITÓRIOS - RESP LIMITADA;2025-12-31;1083318;Cotas de Fundos;;;311185946;;2026-03-31
CLASSES - FIDC;22.150.467/0001-50;VINCI CRÉDITO ESTRUTURADO SELECTION ADVISORY FIC DE DIREITOS CREDITÓRIOS - RESP LIMITADA;2025-12-31;1083318;Disponibilidades;;;500;;2026-03-31
CLASSES - FIDC;22.150.467/0001-50;VINCI CRÉDITO ESTRUTURADO SELECTION ADVISORY FIC DE DIREITOS CREDITÓRIOS - RESP LIMITADA;2025-12-31;1083318;Operações Compromissadas;;;43344686;;2026-03-31
CLASSES - FIDC;22.150.467/0001-50;VINCI CRÉDITO ESTRUTURADO SELECTION ADVISORY FIC DE DIREITOS CREDITÓRIOS - RESP LIMITADA;2025-12-31;1083318;Valores a pagar;;;982808;;2026-03-31
CLASSES - FIDC;22.150.467/0001-50;VINCI CRÉDITO ESTRUTURADO SELECTION ADVISORY FIC DE DIREITOS CREDITÓRIOS - RESP LIMITADA;2025-12-31;1083318;Valores a receber;;;583;;2026-03-31
CLASSES - FIDC;22.282.621/0001-48;VINCI CRÉDITO ESTRUTURADO SELEÇÃO FIC DE FIDC - RESP LIMITADA;2025-12-31;1083316;Cotas de Fundos;;;108987142;;2026-03-31
CLASSES - FIDC;22.282.621/0001-48;VINCI CRÉDITO ESTRUTURADO SELEÇÃO FIC DE FIDC - RESP LIMITADA;2025-12-31;1083316;Disponibilidades;;;500;;2026-03-31
CLASSES - FIDC;22.282.621/0001-48;VINCI CRÉDITO ESTRUTURADO SELEÇÃO FIC DE FIDC - RESP LIMITADA;2025-12-31;1083316;Operações Compromissadas;;;5383547;;2026-03-31
CLASSES - FIDC;22.282.621/0001-48;VINCI CRÉDITO ESTRUTURADO SELEÇÃO FIC DE FIDC - RESP LIMITADA;2025-12-31;1083316;Valores a pagar;;;329340;;2026-03-31
CLASSES - FIDC;22.282.621/0001-48;VINCI CRÉDITO ESTRUTURADO SELEÇÃO FIC DE FIDC - RESP LIMITADA;2025-12-31;1083316;Valores a receber;;;399;;2026-03-31
CLASSES - FIDC;22.282.646/0001-41;VINCI CRÉDITO ESTRUTURADO SELECTION MASTER FIC DE FIDC - RESP LIMITADA;2025-12-31;1083312;Cotas de Fundos;;;410959009;;2026-03-31
CLASSES - FIDC;22.282.646/0001-41;VINCI CRÉDITO ESTRUTURADO SELECTION MASTER FIC DE FIDC - RESP LIMITADA;2025-12-31;1083312;Disponibilidades;;;1000;;2026-03-31
CLASSES - FIDC;22.282.646/0001-41;VINCI CRÉDITO ESTRUTURADO SELECTION MASTER FIC DE FIDC - RESP LIMITADA;2025-12-31;1083312;Operações Compromissadas;;;5111750;;2026-03-31
CLASSES - FIDC;22.282.646/0001-41;VINCI CRÉDITO ESTRUTURADO SELECTION MASTER FIC DE FIDC - RESP LIMITADA;2025-12-31;1083312;Valores a pagar;;;37865;;2026-03-31
CLASSES - FIDC;22.282.646/0001-41;VINCI CRÉDITO ESTRUTURADO SELECTION MASTER FIC DE FIDC - RESP LIMITADA;2025-12-31;1083312;Valores a receber;;;137857;;2026-03-31
CLASSES - FIDC;22.282.851/0001-07;VIRGÍNIA FIC DE FIDC MULTISSETORIAL - RESPONSABILIDADE LIMITADA;2025-12-31;1074356;Cotas de Fundos;0;0;29431392;;2026-03-31
CLASSES - FIDC;22.282.851/0001-07;VIRGÍNIA FIC DE FIDC MULTISSETORIAL - RESPONSABILIDADE LIMITADA;2025-12-31;1074356;Valores a pagar;;;16878;;2026-03-31
CLASSES - FIDC;22.282.851/0001-07;VIRGÍNIA FIC DE FIDC MULTISSETORIAL - RESPONSABILIDADE LIMITADA;2025-12-31;1074356;Valores a receber;;;16225;;2026-03-31
CLASSES - FIDC;23.980.344/0001-00;NOBEL FUNDO DE INVESTIMENTO EM COTAS DE FUNDOS DE INVESTIMENTO EM DIREITOS CREDITÓRIOS;2025-12-31;1074795;Cotas de Fundos;0;0;30540100;;2026-03-31
CLASSES - FIDC;23.980.344/0001-00;NOBEL FUNDO DE INVESTIMENTO EM COTAS DE FUNDOS DE INVESTIMENTO EM DIREITOS CREDITÓRIOS;2025-12-31;1074795;Valores a pagar;;;11427;;2026-03-31
CLASSES - FIDC;23.980.344/0001-00;NOBEL FUNDO DE INVESTIMENTO EM COTAS DE FUNDOS DE INVESTIMENTO EM DIREITOS CREDITÓRIOS;2025-12-31;1074795;Valores a receber;;;3292;;2026-03-31
CLASSES - FIDC;24.331.364/0001-12;CIPA FUNDO DE INVESTIMENTO EM COTAS DE FUNDOS DE INVESTIMENTO EM DIREITOS CREDITORIOS;2025-12-31;1076000;Cotas de Fundos;0;0;96429472;;2026-03-31
CLASSES - FIDC;24.331.364/0001-12;CIPA FUNDO DE INVESTIMENTO EM COTAS DE FUNDOS DE INVESTIMENTO EM DIREITOS CREDITORIOS;2025-12-31;1076000;Valores a pagar;;;6958;;2026-03-31
CLASSES - FIDC;24.331.364/0001-12;CIPA FUNDO DE INVESTIMENTO EM COTAS DE FUNDOS DE INVESTIMENTO EM DIREITOS CREDITORIOS;2025-12-31;1076000;Valores a receber;;;7599;;2026-03-31
CLASSES - FIDC;26.207.801/0001-16;AQUIRAZ FIC DE FUNDOS DE INVESTIMENTO EM DIREITOS CREDITORIOS MULTISSETORIAL;2025-12-31;1077121;Cotas de Fundos;0;0;44175943;;2026-03-31
CLASSES - FIDC;26.207.801/0001-16;AQUIRAZ FIC DE FUNDOS DE INVESTIMENTO EM DIREITOS CREDITORIOS MULTISSETORIAL;2025-12-31;1077121;Valores a pagar;;;28113;;2026-03-31
CLASSES - FIDC;26.207.801/0001-16;AQUIRAZ FIC DE FUNDOS DE INVESTIMENTO EM DIREITOS CREDITORIOS MULTISSETORIAL;2025-12-31;1077121;Valores a receber;;;18736;;2026-03-31
CLASSES - FIDC;27.500.576/0001-74;HOD MULTIPLICA 90 FUNDO DE INVESTIMENTO EM COTAS DE FUNDO DE  INVESTIMENTO EM DIREITOS CREDITÓRIOS;2025-12-31;1084653;Cotas de Fundos;3009850;3782397;177598319;;2026-03-31
CLASSES - FIDC;27.500.576/0001-74;HOD MULTIPLICA 90 FUNDO DE INVESTIMENTO EM COTAS DE FUNDO DE  INVESTIMENTO EM DIREITOS CREDITÓRIOS;2025-12-31;1084653;Disponibilidades;;;89299;;2026-03-31
CLASSES - FIDC;27.500.576/0001-74;HOD MULTIPLICA 90 FUNDO DE INVESTIMENTO EM COTAS DE FUNDO DE  INVESTIMENTO EM DIREITOS CREDITÓRIOS;2025-12-31;1084653;Títulos Públicos;0;8519;4022;;2026-03-31
CLASSES - FIDC;27.500.576/0001-74;HOD MULTIPLICA 90 FUNDO DE INVESTIMENTO EM COTAS DE FUNDO DE  INVESTIMENTO EM DIREITOS CREDITÓRIOS;2025-12-31;1084653;Valores a pagar;;;1506408;;2026-03-31
CLASSES - FIDC;27.500.576/0001-74;HOD MULTIPLICA 90 FUNDO DE INVESTIMENTO EM COTAS DE FUNDO DE  INVESTIMENTO EM DIREITOS CREDITÓRIOS;2025-12-31;1084653;Valores a receber;;;14490;;2026-03-31
CLASSES - FIDC;27.944.627/0001-57;RESQ II FUNDO DE INVESTIMENTO EM COTAS DE FUNDOS DE INVESTIMENTO EM DIREITOS CREDITÓRIOS NP;2025-12-31;1074803;Cotas de Fundos;0;0;423901644;;2026-03-31
CLASSES - FIDC;27.944.627/0001-57;RESQ II FUNDO DE INVESTIMENTO EM COTAS DE FUNDOS DE INVESTIMENTO EM DIREITOS CREDITÓRIOS NP;2025-12-31;1074803;Títulos Públicos;0;0;54226;;2026-03-31
CLASSES - FIDC;27.944.627/0001-57;RESQ II FUNDO DE INVESTIMENTO EM COTAS DE FUNDOS DE INVESTIMENTO EM DIREITOS CREDITÓRIOS NP;2025-12-31;1074803;Valores a pagar;;;219121;;2026-03-31
CLASSES - FIDC;27.944.627/0001-57;RESQ II FUNDO DE INVESTIMENTO EM COTAS DE FUNDOS DE INVESTIMENTO EM DIREITOS CREDITÓRIOS NP;2025-12-31;1074803;Valores a receber;;;134882;;2026-03-31
CLASSES - FIDC;28.079.865/0001-04;XPLORER FUNDO DE INVESTIMENTO EM COTAS DE FUNDOS DE INVESTIMENTO EM DIREITOS CREDITÓRIOS;2025-12-31;1074669;Cotas de Fundos;0;0;32223365;;2026-03-31
CLASSES - FIDC;28.079.865/0001-04;XPLORER FUNDO DE INVESTIMENTO EM COTAS DE FUNDOS DE INVESTIMENTO EM DIREITOS CREDITÓRIOS;2025-12-31;1074669;Valores a pagar;;;13271;;2026-03-31
CLASSES - FIDC;28.079.865/0001-04;XPLORER FUNDO DE INVESTIMENTO EM COTAS DE FUNDOS DE INVESTIMENTO EM DIREITOS CREDITÓRIOS;2025-12-31;1074669;Valores a receber;;;16260;;2026-03-31
CLASSES - FIDC;28.819.664/0001-04;TREVYS FUNDO DE INVESTIMENTO EM COTAS DE FUNDOS DE INVESTIMENTO EM DIREITOS CREDITÓRIOS;2025-12-31;1074964;Cotas de Fundos;0;0;15399136;;2026-03-31
CLASSES - FIDC;28.819.664/0001-04;TREVYS FUNDO DE INVESTIMENTO EM COTAS DE FUNDOS DE INVESTIMENTO EM DIREITOS CREDITÓRIOS;2025-12-31;1074964;Valores a pagar;;;6727;;2026-03-31
CLASSES - FIDC;28.819.664/0001-04;TREVYS FUNDO DE INVESTIMENTO EM COTAS DE FUNDOS DE INVESTIMENTO EM DIREITOS CREDITÓRIOS;2025-12-31;1074964;Valores a receber;;;4583;;2026-03-31
CLASSES - FIDC;29.045.928/0001-74;PANORAMA FUNDO DE INVESTIMENTO EM COTAS DE FUNDOS DE INVESTIMENTO EM DIREITOS CREDITÓRIOS NP;2025-12-31;1083308;Cotas de Fundos;;;11684752;;2026-03-31
CLASSES - FIDC;29.045.928/0001-74;PANORAMA FUNDO DE INVESTIMENTO EM COTAS DE FUNDOS DE INVESTIMENTO EM DIREITOS CREDITÓRIOS NP;2025-12-31;1083308;Disponibilidades;;;0;;2026-03-31
CLASSES - FIDC;29.045.928/0001-74;PANORAMA FUNDO DE INVESTIMENTO EM COTAS DE FUNDOS DE INVESTIMENTO EM DIREITOS CREDITÓRIOS NP;2025-12-31;1083308;Valores a pagar;;;7248312;;2026-03-31
CLASSES - FIDC;29.045.928/0001-74;PANORAMA FUNDO DE INVESTIMENTO EM COTAS DE FUNDOS DE INVESTIMENTO EM DIREITOS CREDITÓRIOS NP;2025-12-31;1083308;Valores a receber;;;206;;2026-03-31
CLASSES - FIDC;29.152.737/0001-01;POUSO ALEGRE FIC FIDC MULTISSETORIAL - RESPONSABILIDADE LIMITADA;2025-12-31;1074471;Cotas de Fundos;0;0;32465413;;2026-03-31
CLASSES - FIDC;29.152.737/0001-01;POUSO ALEGRE FIC FIDC MULTISSETORIAL - RESPONSABILIDADE LIMITADA;2025-12-31;1074471;Valores a pagar;;;13380;;2026-03-31
CLASSES - FIDC;29.152.737/0001-01;POUSO ALEGRE FIC FIDC MULTISSETORIAL - RESPONSABILIDADE LIMITADA;2025-12-31;1074471;Valores a receber;;;19278;;2026-03-31
CLASSES - FIDC;29.226.492/0001-10;TAURUS FUNDO DE INVESTIMENTO EM COTAS DE FUNDO DE INVESTIMENTO EM DIREITOS CREDITÓRIOS NÃO PADRONIZA;2025-12-31;1075576;Cotas de Fundos;0;0;349533311;;2026-03-31
CLASSES - FIDC;29.226.492/0001-10;TAURUS FUNDO DE INVESTIMENTO EM COTAS DE FUNDO DE INVESTIMENTO EM DIREITOS CREDITÓRIOS NÃO PADRONIZA;2025-12-31;1075576;Valores a pagar;;;8829;;2026-03-31
CLASSES - FIDC;29.226.492/0001-10;TAURUS FUNDO DE INVESTIMENTO EM COTAS DE FUNDO DE INVESTIMENTO EM DIREITOS CREDITÓRIOS NÃO PADRONIZA;2025-12-31;1075576;Valores a receber;;;13915;;2026-03-31
CLASSES - FIDC;29.242.992/0001-45;UNIQUE FUNDO DE INVESTIMENTO EM COTAS DE FUNDO DE INVESTIMENTO EM DIREITOS CREDITÓRIOS NÃO PADRONIZA;2025-12-31;1074668;Cotas de Fundos;0;0;71930151;;2026-03-31
CLASSES - FIDC;29.242.992/0001-45;UNIQUE FUNDO DE INVESTIMENTO EM COTAS DE FUNDO DE INVESTIMENTO EM DIREITOS CREDITÓRIOS NÃO PADRONIZA;2025-12-31;1074668;Valores a pagar;;;7704;;2026-03-31
CLASSES - FIDC;29.242.992/0001-45;UNIQUE FUNDO DE INVESTIMENTO EM COTAS DE FUNDO DE INVESTIMENTO EM DIREITOS CREDITÓRIOS NÃO PADRONIZA;2025-12-31;1074668;Valores a receber;;;4148;;2026-03-31
CLASSES - FIDC;29.284.735/0001-76;ACREDITAR FUNDO DE INVESTIMENTO EM COTAS DE FUNDOS DE INVESTIMENTO EM DIREITOS CREDITÓRIOS;2025-12-31;1074507;Cotas de Fundos;0;0;87415647;;2026-03-31
CLASSES - FIDC;29.284.735/0001-76;ACREDITAR FUNDO DE INVESTIMENTO EM COTAS DE FUNDOS DE INVESTIMENTO EM DIREITOS CREDITÓRIOS;2025-12-31;1074507;Valores a pagar;;;17442;;2026-03-31
CLASSES - FIDC;29.284.735/0001-76;ACREDITAR FUNDO DE INVESTIMENTO EM COTAS DE FUNDOS DE INVESTIMENTO EM DIREITOS CREDITÓRIOS;2025-12-31;1074507;Valores a receber;;;7367;;2026-03-31
CLASSES - FIDC;30.144.052/0001-00;DSX FUNDO DE INVESTIMENTO EM COTAS DE FUNDOS DE INVESTIMENTO DE DIREITOS CREDITÓRIOS;2025-12-31;1074490;Cotas de Fundos;0;0;12970702;;2026-03-31
CLASSES - FIDC;30.144.052/0001-00;DSX FUNDO DE INVESTIMENTO EM COTAS DE FUNDOS DE INVESTIMENTO DE DIREITOS CREDITÓRIOS;2025-12-31;1074490;Valores a pagar;;;8174;;2026-03-31
CLASSES - FIDC;30.144.052/0001-00;DSX FUNDO DE INVESTIMENTO EM COTAS DE FUNDOS DE INVESTIMENTO DE DIREITOS CREDITÓRIOS;2025-12-31;1074490;Valores a receber;;;2687;;2026-03-31
CLASSES - FIDC;31.024.416/0001-73;GII FUNDO DE INVESTIMENTO EM COTAS DE FUNDO DE INVESTIMENTO EM DIREITOS CREDITÓRIOS;2025-12-31;1074828;Cotas de Fundos;0;0;39343339;;2026-03-31
CLASSES - FIDC;31.024.416/0001-73;GII FUNDO DE INVESTIMENTO EM COTAS DE FUNDO DE INVESTIMENTO EM DIREITOS CREDITÓRIOS;2025-12-31;1074828;Valores a pagar;;;6334;;2026-03-31
CLASSES - FIDC;31.024.416/0001-73;GII FUNDO DE INVESTIMENTO EM COTAS DE FUNDO DE INVESTIMENTO EM DIREITOS CREDITÓRIOS;2025-12-31;1074828;Valores a receber;;;3766;;2026-03-31
CLASSES - FIDC;31.770.515/0001-02;CASA 5 FUNDO DE INVESTIMENTO EM COTAS DE FUNDO DE INVESTIMENTO EM DIREITOS CREDITÓRIOS;2025-12-31;1074823;Cotas de Fundos;0;0;38003425;;2026-03-31
CLASSES - FIDC;31.770.515/0001-02;CASA 5 FUNDO DE INVESTIMENTO EM COTAS DE FUNDO DE INVESTIMENTO EM DIREITOS CREDITÓRIOS;2025-12-31;1074823;Valores a pagar;;;6842;;2026-03-31
CLASSES - FIDC;31.770.515/0001-02;CASA 5 FUNDO DE INVESTIMENTO EM COTAS DE FUNDO DE INVESTIMENTO EM DIREITOS CREDITÓRIOS;2025-12-31;1074823;Valores a receber;;;4222;;2026-03-31
CLASSES - FIDC;31.962.028/0001-33;TIME MACHINE FUNDO DE INVESTIMENTO EM COTAS DE FUNDO DE INVESTIMENTO EM DIREITOS CREDITÓRIOS;2025-12-31;1081912;Cotas de Fundos;;;77765239;;2026-03-31
CLASSES - FIDC;31.962.028/0001-33;TIME MACHINE FUNDO DE INVESTIMENTO EM COTAS DE FUNDO DE INVESTIMENTO EM DIREITOS CREDITÓRIOS;2025-12-31;1081912;Títulos Públicos;0;0;1554160;;2026-03-31
CLASSES - FIDC;31.962.028/0001-33;TIME MACHINE FUNDO DE INVESTIMENTO EM COTAS DE FUNDO DE INVESTIMENTO EM DIREITOS CREDITÓRIOS;2025-12-31;1081912;Valores a pagar;;;66163;;2026-03-31
CLASSES - FIDC;32.162.520/0001-97;FOUR CREDIT FUNDO DE INVESTIMENTO EM COTAS DE FUNDO DE INVESTIMENTO EM DIREITOS CREDITÓRIOS;2025-12-31;1074575;Cotas de Fundos;0;0;12625987;;2026-03-31
CLASSES - FIDC;32.162.520/0001-97;FOUR CREDIT FUNDO DE INVESTIMENTO EM COTAS DE FUNDO DE INVESTIMENTO EM DIREITOS CREDITÓRIOS;2025-12-31;1074575;Valores a pagar;;;5351;;2026-03-31
CLASSES - FIDC;32.162.520/0001-97;FOUR CREDIT FUNDO DE INVESTIMENTO EM COTAS DE FUNDO DE INVESTIMENTO EM DIREITOS CREDITÓRIOS;2025-12-31;1074575;Valores a receber;;;2650;;2026-03-31
CLASSES - FIDC;32.525.937/0001-77;CONFIANÇA FUNDO DE INVESTIMENTO EM COTAS DE FUNDO DE INVESTIMENTO EM DIREITOS CREDITÓRIOS;2025-12-31;1074790;Cotas de Fundos;0;0;62597158;;2026-03-31
CLASSES - FIDC;32.525.937/0001-77;CONFIANÇA FUNDO DE INVESTIMENTO EM COTAS DE FUNDO DE INVESTIMENTO EM DIREITOS CREDITÓRIOS;2025-12-31;1074790;Valores a pagar;;;8213;;2026-03-31
CLASSES - FIDC;32.525.937/0001-77;CONFIANÇA FUNDO DE INVESTIMENTO EM COTAS DE FUNDO DE INVESTIMENTO EM DIREITOS CREDITÓRIOS;2025-12-31;1074790;Valores a receber;;;7699;;2026-03-31
CLASSES - FIDC;32.525.986/0001-00;PARAGON FUNDO DE INVESTIMENTO EM COTAS DE FUNDO DE INVESTIMENTO EM DIREITOS CREDITÓRIOS;2025-12-31;1074455;Cotas de Fundos;0;0;52648117;;2026-03-31
CLASSES - FIDC;32.525.986/0001-00;PARAGON FUNDO DE INVESTIMENTO EM COTAS DE FUNDO DE INVESTIMENTO EM DIREITOS CREDITÓRIOS;2025-12-31;1074455;Valores a pagar;;;95208;;2026-03-31
CLASSES - FIDC;32.525.986/0001-00;PARAGON FUNDO DE INVESTIMENTO EM COTAS DE FUNDO DE INVESTIMENTO EM DIREITOS CREDITÓRIOS;2025-12-31;1074455;Valores a receber;;;4335;;2026-03-31
CLASSES - FIDC;32.999.032/0001-39;DCASH FUNDO DE INVESTIMENTO EM COTAS DE FUNDOS DE INVESTIMENTO EM DIREITOS CREDITÓRIOS;2025-12-31;1074827;Cotas de Fundos;0;0;71784233;;2026-03-31
CLASSES - FIDC;32.999.032/0001-39;DCASH FUNDO DE INVESTIMENTO EM COTAS DE FUNDOS DE INVESTIMENTO EM DIREITOS CREDITÓRIOS;2025-12-31;1074827;Valores a pagar;;;26165;;2026-03-31
CLASSES - FIDC;32.999.032/0001-39;DCASH FUNDO DE INVESTIMENTO EM COTAS DE FUNDOS DE INVESTIMENTO EM DIREITOS CREDITÓRIOS;2025-12-31;1074827;Valores a receber;;;5675;;2026-03-31
CLASSES - FIDC;33.632.618/0001-23;NOVA CAPITAL FUNDO DE INVESTIMENTO EM QUOTAS FUNDOS DE INVESTIMENTO EM DIREITOS CREDITORIOS;2025-12-31;1074826;Cotas de Fundos;0;0;54439745;;2026-03-31
CLASSES - FIDC;33.632.618/0001-23;NOVA CAPITAL FUNDO DE INVESTIMENTO EM QUOTAS FUNDOS DE INVESTIMENTO EM DIREITOS CREDITORIOS;2025-12-31;1074826;Valores a pagar;;;7453;;2026-03-31
CLASSES - FIDC;33.632.618/0001-23;NOVA CAPITAL FUNDO DE INVESTIMENTO EM QUOTAS FUNDOS DE INVESTIMENTO EM DIREITOS CREDITORIOS;2025-12-31;1074826;Valores a receber;;;15769;;2026-03-31
CLASSES - FIDC;35.871.456/0001-01;SEJA FUNDO DE INVESTIMENTO EM COTAS DE FUNDO DE INVESTIMENTO EM DIREITOS CREDITÓRIOS;2025-12-31;1074801;Cotas de Fundos;0;0;44512305;;2026-03-31
CLASSES - FIDC;35.871.456/0001-01;SEJA FUNDO DE INVESTIMENTO EM COTAS DE FUNDO DE INVESTIMENTO EM DIREITOS CREDITÓRIOS;2025-12-31;1074801;Valores a pagar;;;28707;;2026-03-31
CLASSES - FIDC;35.871.456/0001-01;SEJA FUNDO DE INVESTIMENTO EM COTAS DE FUNDO DE INVESTIMENTO EM DIREITOS CREDITÓRIOS;2025-12-31;1074801;Valores a receber;;;3374;;2026-03-31
CLASSES - FIDC;36.113.052/0001-11;POSITANO FUNDO DE INVESTIMENTO EM COTAS DE FUNDO DE INVESTIMENTO EM DIREITOS CREDITÓRIOS;2025-12-31;1074974;Cotas de Fundos;0;0;31242091;;2026-03-31
CLASSES - FIDC;36.113.052/0001-11;POSITANO FUNDO DE INVESTIMENTO EM COTAS DE FUNDO DE INVESTIMENTO EM DIREITOS CREDITÓRIOS;2025-12-31;1074974;Títulos Públicos;0;0;1043087;;2026-03-31
CLASSES - FIDC;36.113.052/0001-11;POSITANO FUNDO DE INVESTIMENTO EM COTAS DE FUNDO DE INVESTIMENTO EM DIREITOS CREDITÓRIOS;2025-12-31;1074974;Valores a pagar;;;90129;;2026-03-31
CLASSES - FIDC;36.113.052/0001-11;POSITANO FUNDO DE INVESTIMENTO EM COTAS DE FUNDO DE INVESTIMENTO EM DIREITOS CREDITÓRIOS;2025-12-31;1074974;Valores a receber;;;157136;;2026-03-31
CLASSES - FIDC;36.293.650/0001-10;VIA CAPITAL MATRAMERUS FUNDO DE INVESTIMENTO EM COTAS DE FUNDOS DE INVESTIMENTO EM DIREITOS CREDITÓR;2025-12-31;1074985;Cotas de Fundos;0;0;26018619;;2026-03-31
CLASSES - FIDC;36.293.650/0001-10;VIA CAPITAL MATRAMERUS FUNDO DE INVESTIMENTO EM COTAS DE FUNDOS DE INVESTIMENTO EM DIREITOS CREDITÓR;2025-12-31;1074985;Valores a pagar;;;10748;;2026-03-31
CLASSES - FIDC;36.293.650/0001-10;VIA CAPITAL MATRAMERUS FUNDO DE INVESTIMENTO EM COTAS DE FUNDOS DE INVESTIMENTO EM DIREITOS CREDITÓR;2025-12-31;1074985;Valores a receber;;;2333;;2026-03-31
CLASSES - FIDC;36.420.767/0001-17;U.NIC FUNDO DE INVESTIMENTO EM COTAS DE FUNDO DE INVESTIMENTOS EM DIREITOS CREDITÓRIOS;2025-12-31;1074508;Cotas de Fundos;0;0;5525899;;2026-03-31
CLASSES - FIDC;36.420.767/0001-17;U.NIC FUNDO DE INVESTIMENTO EM COTAS DE FUNDO DE INVESTIMENTOS EM DIREITOS CREDITÓRIOS;2025-12-31;1074508;Valores a pagar;;;13476;;2026-03-31
CLASSES - FIDC;36.420.767/0001-17;U.NIC FUNDO DE INVESTIMENTO EM COTAS DE FUNDO DE INVESTIMENTOS EM DIREITOS CREDITÓRIOS;2025-12-31;1074508;Valores a receber;;;8659;;2026-03-31
CLASSES - FIDC;37.121.165/0001-21;COOPERA FEEDER FUNDO DE INVESTIMENTO EM DIREITOS CREDITÓRIOS;2025-12-31;1074574;Cotas de Fundos;0;0;67965539;;2026-03-31
CLASSES - FIDC;37.121.165/0001-21;COOPERA FEEDER FUNDO DE INVESTIMENTO EM DIREITOS CREDITÓRIOS;2025-12-31;1074574;Valores a pagar;;;59418;;2026-03-31
CLASSES - FIDC;37.121.165/0001-21;COOPERA FEEDER FUNDO DE INVESTIMENTO EM DIREITOS CREDITÓRIOS;2025-12-31;1074574;Valores a receber;;;4245;;2026-03-31
CLASSES - FIDC;39.469.191/0001-70;EVEREST K2 FUNDO DE INVESTIMENTO EM COTAS DE FUNDO DE INVESTIMENTO EM DIREITOS CREDITÓRIOS;2025-12-31;1074601;Cotas de Fundos;0;0;6465617;;2026-03-31
CLASSES - FIDC;39.469.191/0001-70;EVEREST K2 FUNDO DE INVESTIMENTO EM COTAS DE FUNDO DE INVESTIMENTO EM DIREITOS CREDITÓRIOS;2025-12-31;1074601;Valores a pagar;;;134725;;2026-03-31
CLASSES - FIDC;39.469.191/0001-70;EVEREST K2 FUNDO DE INVESTIMENTO EM COTAS DE FUNDO DE INVESTIMENTO EM DIREITOS CREDITÓRIOS;2025-12-31;1074601;Valores a receber;;;1599;;2026-03-31
CLASSES - FIDC;39.806.180/0001-39;BM INFRA FUNDO DE INVESTIMENTO EM COTAS DE FUNDOS DE  INVESTIMENTO EM DIREITOS CREDITÓRIO;2025-12-31;1074355;Cotas de Fundos;0;0;217046879;;2026-03-31
CLASSES - FIDC;39.806.180/0001-39;BM INFRA FUNDO DE INVESTIMENTO EM COTAS DE FUNDOS DE  INVESTIMENTO EM DIREITOS CREDITÓRIO;2025-12-31;1074355;Valores a pagar;;;24756;;2026-03-31
CLASSES - FIDC;39.806.180/0001-39;BM INFRA FUNDO DE INVESTIMENTO EM COTAS DE FUNDOS DE  INVESTIMENTO EM DIREITOS CREDITÓRIO;2025-12-31;1074355;Valores a receber;;;13273;;2026-03-31
CLASSES - FIDC;40.902.151/0001-50;JP CAPITAL FUNDO DE INVESTIMENTO EM COTAS DE  FUNDOS DE INVESTIMENTO EM DIREITOS CREDITÓRIOS;2025-12-31;1076009;Cotas de Fundos;0;0;48186469;;2026-03-31
CLASSES - FIDC;40.902.151/0001-50;JP CAPITAL FUNDO DE INVESTIMENTO EM COTAS DE  FUNDOS DE INVESTIMENTO EM DIREITOS CREDITÓRIOS;2025-12-31;1076009;Valores a pagar;;;4614;;2026-03-31
CLASSES - FIDC;40.902.151/0001-50;JP CAPITAL FUNDO DE INVESTIMENTO EM COTAS DE  FUNDOS DE INVESTIMENTO EM DIREITOS CREDITÓRIOS;2025-12-31;1076009;Valores a receber;;;3245;;2026-03-31
CLASSES - FIDC;40.989.019/0001-27;FUNDO DE INVESTIMENTO EM COTAS DE FUNDOS DE INVESTIMENTO EM DIREITOS CREDITÓRIOS GRAMADO;2025-12-31;1074805;Cotas de Fundos;0;0;104427080;;2026-03-31
CLASSES - FIDC;40.989.019/0001-27;FUNDO DE INVESTIMENTO EM COTAS DE FUNDOS DE INVESTIMENTO EM DIREITOS CREDITÓRIOS GRAMADO;2025-12-31;1074805;Valores a pagar;;;30353;;2026-03-31
CLASSES - FIDC;40.989.019/0001-27;FUNDO DE INVESTIMENTO EM COTAS DE FUNDOS DE INVESTIMENTO EM DIREITOS CREDITÓRIOS GRAMADO;2025-12-31;1074805;Valores a receber;;;7642;;2026-03-31
CLASSES - FIDC;41.163.552/0001-06;BRAVE RAGNAR FUNDO DE INVESTIMENTO EM COTAS DE FUNDO DE INVESTIMENTO EM DIREITOS CREDITÓRIOS;2025-12-31;1080703;Cotas de Fundos;0;0;6848609;;2026-03-31
CLASSES - FIDC;41.163.552/0001-06;BRAVE RAGNAR FUNDO DE INVESTIMENTO EM COTAS DE FUNDO DE INVESTIMENTO EM DIREITOS CREDITÓRIOS;2025-12-31;1080703;Valores a pagar;;;38146;;2026-03-31
CLASSES - FIDC;41.163.552/0001-06;BRAVE RAGNAR FUNDO DE INVESTIMENTO EM COTAS DE FUNDO DE INVESTIMENTO EM DIREITOS CREDITÓRIOS;2025-12-31;1080703;Valores a receber;;;22066;;2026-03-31
CLASSES - FIDC;41.251.476/0001-82;RDP FUNDO DE INVESTIMENTO EM COTAS DE  FUNDOS DE INVESTIMENTO EM DIREITOS CREDITÓRIOS NÃO PADRONIZAD;2025-12-31;1074789;Cotas de Fundos;0;0;70761576;;2026-03-31
CLASSES - FIDC;41.251.476/0001-82;RDP FUNDO DE INVESTIMENTO EM COTAS DE  FUNDOS DE INVESTIMENTO EM DIREITOS CREDITÓRIOS NÃO PADRONIZAD;2025-12-31;1074789;Valores a pagar;;;334;;2026-03-31
CLASSES - FIDC;41.251.476/0001-82;RDP FUNDO DE INVESTIMENTO EM COTAS DE  FUNDOS DE INVESTIMENTO EM DIREITOS CREDITÓRIOS NÃO PADRONIZAD;2025-12-31;1074789;Valores a receber;;;87635;;2026-03-31
CLASSES - FIDC;41.351.648/0001-90;ACCESS FUNDO DE INVESTIMENTO EM COTAS DE FUNDOS DE INVESTIMENTO EM DIREITOS CREDITÓRIOS;2025-12-31;1074474;Cotas de Fundos;0;0;33415529;;2026-03-31
CLASSES - FIDC;41.351.648/0001-90;ACCESS FUNDO DE INVESTIMENTO EM COTAS DE FUNDOS DE INVESTIMENTO EM DIREITOS CREDITÓRIOS;2025-12-31;1074474;Valores a pagar;;;4462;;2026-03-31
CLASSES - FIDC;41.351.648/0001-90;ACCESS FUNDO DE INVESTIMENTO EM COTAS DE FUNDOS DE INVESTIMENTO EM DIREITOS CREDITÓRIOS;2025-12-31;1074474;Valores a receber;;;5193;;2026-03-31
CLASSES - FIDC;41.395.100/0001-41;BARU FUNDO DE INVESTIMENTO EM COTAS DE FUNDO DE INVESTIMENTO EM DIREITOS CREDITÓRIOS;2025-12-31;1074811;Cotas de Fundos;0;0;24035003;;2026-03-31
CLASSES - FIDC;41.395.100/0001-41;BARU FUNDO DE INVESTIMENTO EM COTAS DE FUNDO DE INVESTIMENTO EM DIREITOS CREDITÓRIOS;2025-12-31;1074811;Valores a pagar;;;4799;;2026-03-31
CLASSES - FIDC;41.395.100/0001-41;BARU FUNDO DE INVESTIMENTO EM COTAS DE FUNDO DE INVESTIMENTO EM DIREITOS CREDITÓRIOS;2025-12-31;1074811;Valores a receber;;;2333;;2026-03-31
CLASSES - FIDC;41.673.339/0001-36;SSE FUNDO DE INVESTIMENTO EM COTAS DE FUNDOS DE INVESTIMENTO EM DIREITOS CREDITÓRIOS NÃO PADRONIZADO;2025-12-31;1074511;Cotas de Fundos;0;0;286001220;;2026-03-31
CLASSES - FIDC;41.673.339/0001-36;SSE FUNDO DE INVESTIMENTO EM COTAS DE FUNDOS DE INVESTIMENTO EM DIREITOS CREDITÓRIOS NÃO PADRONIZADO;2025-12-31;1074511;Valores a pagar;;;34713;;2026-03-31
CLASSES - FIDC;41.673.339/0001-36;SSE FUNDO DE INVESTIMENTO EM COTAS DE FUNDOS DE INVESTIMENTO EM DIREITOS CREDITÓRIOS NÃO PADRONIZADO;2025-12-31;1074511;Valores a receber;;;14060;;2026-03-31
CLASSES - FIDC;41.992.676/0001-96;STARS BANK FUNDO DE INVESTIMENTO EM COTAS DE FUNDO DE INVESTIMENTO EM DIREITOS CREDITÓRIOS;2025-12-31;1074802;Cotas de Fundos;0;0;392877466;;2026-03-31
CLASSES - FIDC;41.992.676/0001-96;STARS BANK FUNDO DE INVESTIMENTO EM COTAS DE FUNDO DE INVESTIMENTO EM DIREITOS CREDITÓRIOS;2025-12-31;1074802;Valores a pagar;;;19956;;2026-03-31
CLASSES - FIDC;41.992.676/0001-96;STARS BANK FUNDO DE INVESTIMENTO EM COTAS DE FUNDO DE INVESTIMENTO EM DIREITOS CREDITÓRIOS;2025-12-31;1074802;Valores a receber;;;14932;;2026-03-31
CLASSES - FIDC;42.067.232/0001-07;JPI FUNDO DE INVESTIMENTO EM COTAS DE FUNDO DE INVESTIMENTO EM DIREITOS CREDITÓRIOS;2025-12-31;1074981;Cotas de Fundos;0;0;44651492;;2026-03-31
CLASSES - FIDC;42.067.232/0001-07;JPI FUNDO DE INVESTIMENTO EM COTAS DE FUNDO DE INVESTIMENTO EM DIREITOS CREDITÓRIOS;2025-12-31;1074981;Valores a pagar;;;28640;;2026-03-31
CLASSES - FIDC;42.067.232/0001-07;JPI FUNDO DE INVESTIMENTO EM COTAS DE FUNDO DE INVESTIMENTO EM DIREITOS CREDITÓRIOS;2025-12-31;1074981;Valores a receber;;;5305;;2026-03-31
CLASSES - FIDC;42.196.288/0001-61;FUNDO DE INVESTIMENTO EM COTAS DE FUNDOS DE INVESTIMENTO EM DIREITOS CREDITÓRIOS EXODUS INSTITUCIONA;2025-12-31;1074658;Cotas de Fundos;0;0;414985736;;2026-03-31
CLASSES - FIDC;42.196.288/0001-61;FUNDO DE INVESTIMENTO EM COTAS DE FUNDOS DE INVESTIMENTO EM DIREITOS CREDITÓRIOS EXODUS INSTITUCIONA;2025-12-31;1074658;Valores a pagar;;;430542;;2026-03-31
CLASSES - FIDC;42.196.288/0001-61;FUNDO DE INVESTIMENTO EM COTAS DE FUNDOS DE INVESTIMENTO EM DIREITOS CREDITÓRIOS EXODUS INSTITUCIONA;2025-12-31;1074658;Valores a receber;;;38013;;2026-03-31
CLASSES - FIDC;42.533.772/0001-39;CAMPINAS FUNDO DE INVESTIMENTO EM COTAS DE FUNDOS DE INVESTIMENTO EM DIREITOS CREDITÓRIOS - RESPONSA;2025-12-31;1074400;Cotas de Fundos;0;0;269724291;;2026-03-31
CLASSES - FIDC;42.533.772/0001-39;CAMPINAS FUNDO DE INVESTIMENTO EM COTAS DE FUNDOS DE INVESTIMENTO EM DIREITOS CREDITÓRIOS - RESPONSA;2025-12-31;1074400;Valores a pagar;;;95850;;2026-03-31
CLASSES - FIDC;42.533.772/0001-39;CAMPINAS FUNDO DE INVESTIMENTO EM COTAS DE FUNDOS DE INVESTIMENTO EM DIREITOS CREDITÓRIOS - RESPONSA;2025-12-31;1074400;Valores a receber;;;9915;;2026-03-31
CLASSES - FIDC;43.551.156/0001-73;ORRAM CORE FUNDO DE INVESTIMENTO EM COTAS DE FUNDO DE INVESTIMENTO EM DIREITOS CREDITÓRIOS;2025-12-31;1074403;Cotas de Fundos;0;0;630492514;;2026-03-31
CLASSES - FIDC;43.551.156/0001-73;ORRAM CORE FUNDO DE INVESTIMENTO EM COTAS DE FUNDO DE INVESTIMENTO EM DIREITOS CREDITÓRIOS;2025-12-31;1074403;Títulos Públicos;0;0;119046;;2026-03-31
CLASSES - FIDC;43.551.156/0001-73;ORRAM CORE FUNDO DE INVESTIMENTO EM COTAS DE FUNDO DE INVESTIMENTO EM DIREITOS CREDITÓRIOS;2025-12-31;1074403;Valores a pagar;;;213493;;2026-03-31
CLASSES - FIDC;43.551.156/0001-73;ORRAM CORE FUNDO DE INVESTIMENTO EM COTAS DE FUNDO DE INVESTIMENTO EM DIREITOS CREDITÓRIOS;2025-12-31;1074403;Valores a receber;;;13340;;2026-03-31
CLASSES - FIDC;43.551.206/0001-12;ORRAM 60 FUNDO DE INVESTIMENTO EM COTAS DE FUNDO DE INVESTIMENTO EM DIREITOS CREDITÓRIOS;2025-12-31;1074467;Cotas de Fundos;0;0;245442203;;2026-03-31
CLASSES - FIDC;43.551.206/0001-12;ORRAM 60 FUNDO DE INVESTIMENTO EM COTAS DE FUNDO DE INVESTIMENTO EM DIREITOS CREDITÓRIOS;2025-12-31;1074467;Títulos Públicos;0;0;90377;;2026-03-31
CLASSES - FIDC;43.551.206/0001-12;ORRAM 60 FUNDO DE INVESTIMENTO EM COTAS DE FUNDO DE INVESTIMENTO EM DIREITOS CREDITÓRIOS;2025-12-31;1074467;Valores a pagar;;;-1318796;;2026-03-31
CLASSES - FIDC;43.551.206/0001-12;ORRAM 60 FUNDO DE INVESTIMENTO EM COTAS DE FUNDO DE INVESTIMENTO EM DIREITOS CREDITÓRIOS;2025-12-31;1074467;Valores a receber;;;30906;;2026-03-31
CLASSES - FIDC;44.002.502/0001-27;KP GUARDIAN FUNDO DE INVESTIMENTO EM COTAS DE FIDC RESPONSABILIDADE LIMITADA;2025-12-31;1077118;Cotas de Fundos;0;0;14342202;;2026-03-31
CLASSES - FIDC;44.002.502/0001-27;KP GUARDIAN FUNDO DE INVESTIMENTO EM COTAS DE FIDC RESPONSABILIDADE LIMITADA;2025-12-31;1077118;Valores a pagar;;;7549;;2026-03-31
CLASSES - FIDC;44.002.502/0001-27;KP GUARDIAN FUNDO DE INVESTIMENTO EM COTAS DE FIDC RESPONSABILIDADE LIMITADA;2025-12-31;1077118;Valores a receber;;;2333;;2026-03-31
CLASSES - FIDC;44.571.204/0001-58;SABIA CREDIT FEEDER FUNDO DE INVESTIMENTO EM COTAS DE FUNDOS DE INVESTIMENTO EM DIREITOS CREDITÓRIOS;2025-12-31;1075575;Cotas de Fundos;0;0;51489137;;2026-03-31
CLASSES - FIDC;44.571.204/0001-58;SABIA CREDIT FEEDER FUNDO DE INVESTIMENTO EM COTAS DE FUNDOS DE INVESTIMENTO EM DIREITOS CREDITÓRIOS;2025-12-31;1075575;Valores a pagar;;;77501;;2026-03-31
CLASSES - FIDC;44.571.204/0001-58;SABIA CREDIT FEEDER FUNDO DE INVESTIMENTO EM COTAS DE FUNDOS DE INVESTIMENTO EM DIREITOS CREDITÓRIOS;2025-12-31;1075575;Valores a receber;;;4148;;2026-03-31
CLASSES - FIDC;44.705.452/0001-44;SEVEN CAPITAL FUNDO DE INVESTIMENTO EM COTAS DE FUNDO DE INVESTIMENTO EM DIREITOS CREDITÓRIOS;2025-12-31;1074800;Cotas de Fundos;0;0;40231449;;2026-03-31
CLASSES - FIDC;44.705.452/0001-44;SEVEN CAPITAL FUNDO DE INVESTIMENTO EM COTAS DE FUNDO DE INVESTIMENTO EM DIREITOS CREDITÓRIOS;2025-12-31;1074800;Títulos Públicos;0;0;12066;;2026-03-31
CLASSES - FIDC;44.705.452/0001-44;SEVEN CAPITAL FUNDO DE INVESTIMENTO EM COTAS DE FUNDO DE INVESTIMENTO EM DIREITOS CREDITÓRIOS;2025-12-31;1074800;Valores a pagar;;;124792;;2026-03-31
CLASSES - FIDC;44.705.452/0001-44;SEVEN CAPITAL FUNDO DE INVESTIMENTO EM COTAS DE FUNDO DE INVESTIMENTO EM DIREITOS CREDITÓRIOS;2025-12-31;1074800;Valores a receber;;;3515;;2026-03-31
CLASSES - FIDC;44.705.662/0001-32;OPERA I FUNDO DE INVESTIMENTO EM COTAS DE FUNDO DE INVESTIMENTO EM DIREITOS CREDITÓRIOS;2025-12-31;1074794;Cotas de Fundos;0;0;19832189;;2026-03-31
CLASSES - FIDC;44.705.662/0001-32;OPERA I FUNDO DE INVESTIMENTO EM COTAS DE FUNDO DE INVESTIMENTO EM DIREITOS CREDITÓRIOS;2025-12-31;1074794;Títulos Públicos;0;0;12066;;2026-03-31
CLASSES - FIDC;44.705.662/0001-32;OPERA I FUNDO DE INVESTIMENTO EM COTAS DE FUNDO DE INVESTIMENTO EM DIREITOS CREDITÓRIOS;2025-12-31;1074794;Valores a pagar;;;14027;;2026-03-31
CLASSES - FIDC;44.705.662/0001-32;OPERA I FUNDO DE INVESTIMENTO EM COTAS DE FUNDO DE INVESTIMENTO EM DIREITOS CREDITÓRIOS;2025-12-31;1074794;Valores a receber;;;3908;;2026-03-31
CLASSES - FIDC;45.025.014/0001-06;OC FUNDO DE INVESTIMENTO EM COTAS DE FUNDO DE INVESTIMENTO EM DIREITOS CREDITÓRIOS;2025-12-31;1074796;Cotas de Fundos;0;0;22905682;;2026-03-31
CLASSES - FIDC;45.025.014/0001-06;OC FUNDO DE INVESTIMENTO EM COTAS DE FUNDO DE INVESTIMENTO EM DIREITOS CREDITÓRIOS;2025-12-31;1074796;Valores a pagar;;;11807;;2026-03-31
CLASSES - FIDC;45.025.014/0001-06;OC FUNDO DE INVESTIMENTO EM COTAS DE FUNDO DE INVESTIMENTO EM DIREITOS CREDITÓRIOS;2025-12-31;1074796;Valores a receber;;;2333;;2026-03-31
CLASSES - FIDC;45.756.256/0001-61;OP QI FUNDO DE INVESTIMENTO EM COTAS DE FUNDOS DE INVESTIMENTO EM DIREITOS CREDITÓRIOS;2025-12-31;1074459;Cotas de Fundos;0;0;44596194;;2026-03-31
CLASSES - FIDC;45.756.256/0001-61;OP QI FUNDO DE INVESTIMENTO EM COTAS DE FUNDOS DE INVESTIMENTO EM DIREITOS CREDITÓRIOS;2025-12-31;1074459;Valores a pagar;;;27591;;2026-03-31
CLASSES - FIDC;45.756.256/0001-61;OP QI FUNDO DE INVESTIMENTO EM COTAS DE FUNDOS DE INVESTIMENTO EM DIREITOS CREDITÓRIOS;2025-12-31;1074459;Valores a receber;;;6610;;2026-03-31
CLASSES - FIDC;45.777.614/0001-12;MR FUNDO DE INVESTIMENTO EM COTAS DE FUNDOS DE INVESTIMENTO EM DIREITOS CREDITÓRIOS;2025-12-31;1074786;Cotas de Fundos;0;0;41739873;;2026-03-31
CLASSES - FIDC;45.777.614/0001-12;MR FUNDO DE INVESTIMENTO EM COTAS DE FUNDOS DE INVESTIMENTO EM DIREITOS CREDITÓRIOS;2025-12-31;1074786;Valores a pagar;;;227694;;2026-03-31
CLASSES - FIDC;45.777.614/0001-12;MR FUNDO DE INVESTIMENTO EM COTAS DE FUNDOS DE INVESTIMENTO EM DIREITOS CREDITÓRIOS;2025-12-31;1074786;Valores a receber;;;322892;;2026-03-31
CLASSES - FIDC;46.339.885/0001-59;V8 GTO CIC DE CLASSES DE INVESTIMENTO EM DIREITOS CREDITÓRIOS - RESP LIMITADA;2025-12-31;1078291;Cotas de Fundos;5522000;10029797;92849075;;2026-03-31
CLASSES - FIDC;46.339.885/0001-59;V8 GTO CIC DE CLASSES DE INVESTIMENTO EM DIREITOS CREDITÓRIOS - RESP LIMITADA;2025-12-31;1078291;Disponibilidades;;;13009;;2026-03-31
CLASSES - FIDC;46.339.885/0001-59;V8 GTO CIC DE CLASSES DE INVESTIMENTO EM DIREITOS CREDITÓRIOS - RESP LIMITADA;2025-12-31;1078291;Valores a pagar;;;200524;;2026-03-31
CLASSES - FIDC;46.390.338/0001-06;VTR OP FUNDO DE INVESTIMENTO EM COTAS DE FUNDOS DE INVESTIMENTO EM DIREITOS CREDITÓRIOS - RESPONSABI;2025-12-31;1074462;Cotas de Fundos;0;0;31788506;;2026-03-31
CLASSES - FIDC;46.390.338/0001-06;VTR OP FUNDO DE INVESTIMENTO EM COTAS DE FUNDOS DE INVESTIMENTO EM DIREITOS CREDITÓRIOS - RESPONSABI;2025-12-31;1074462;Valores a pagar;;;3875;;2026-03-31
CLASSES - FIDC;46.390.338/0001-06;VTR OP FUNDO DE INVESTIMENTO EM COTAS DE FUNDOS DE INVESTIMENTO EM DIREITOS CREDITÓRIOS - RESPONSABI;2025-12-31;1074462;Valores a receber;;;2333;;2026-03-31
CLASSES - FIDC;46.801.085/0001-08;CARAJÁS FUNDO DE INVESTIMENTO EM COTAS DE FUNDOS DE INVESTIMENTO EM DIREITOS CREDITÒRIOS;2025-12-31;1074581;Cotas de Fundos;0;0;12053550;;2026-03-31
CLASSES - FIDC;46.801.085/0001-08;CARAJÁS FUNDO DE INVESTIMENTO EM COTAS DE FUNDOS DE INVESTIMENTO EM DIREITOS CREDITÒRIOS;2025-12-31;1074581;Valores a pagar;;;5589;;2026-03-31
CLASSES - FIDC;46.801.085/0001-08;CARAJÁS FUNDO DE INVESTIMENTO EM COTAS DE FUNDOS DE INVESTIMENTO EM DIREITOS CREDITÒRIOS;2025-12-31;1074581;Valores a receber;;;1555;;2026-03-31
CLASSES - FIDC;47.167.977/0001-61;FMD INVESTIMENTOS FUNDO DE INVESTIMENTO EM DIREITOS CREDITÓRIOS;2025-12-31;1074493;Cotas de Fundos;0;0;40835419;;2026-03-31
CLASSES - FIDC;47.167.977/0001-61;FMD INVESTIMENTOS FUNDO DE INVESTIMENTO EM DIREITOS CREDITÓRIOS;2025-12-31;1074493;Valores a pagar;;;6730;;2026-03-31
CLASSES - FIDC;47.167.977/0001-61;FMD INVESTIMENTOS FUNDO DE INVESTIMENTO EM DIREITOS CREDITÓRIOS;2025-12-31;1074493;Valores a receber;;;198814;;2026-03-31
CLASSES - FIDC;47.168.002/0001-58;MOBI FUNDO DE INVESTIMENTO EM COTAS DE FUNDO DE INVESTIMENTO EM DIREITOS CREDITÓRIOS;2025-12-31;1077116;Cotas de Fundos;0;0;15229097;;2026-03-31
CLASSES - FIDC;47.168.002/0001-58;MOBI FUNDO DE INVESTIMENTO EM COTAS DE FUNDO DE INVESTIMENTO EM DIREITOS CREDITÓRIOS;2025-12-31;1077116;Valores a pagar;;;12056;;2026-03-31
CLASSES - FIDC;47.168.002/0001-58;MOBI FUNDO DE INVESTIMENTO EM COTAS DE FUNDO DE INVESTIMENTO EM DIREITOS CREDITÓRIOS;2025-12-31;1077116;Valores a receber;;;63142;;2026-03-31
CLASSES - FIDC;47.715.992/0001-05;FUNDO DE INVESTIMENTO EM COTAS DE FUNDO DE INVESTIMENTO EM DIREITOS CREDITÓRIOS SRM 360;2025-12-31;1074354;Cotas de Fundos;0;0;12073649;;2026-03-31
CLASSES - FIDC;47.715.992/0001-05;FUNDO DE INVESTIMENTO EM COTAS DE FUNDO DE INVESTIMENTO EM DIREITOS CREDITÓRIOS SRM 360;2025-12-31;1074354;Valores a pagar;;;5101;;2026-03-31
CLASSES - FIDC;47.715.992/0001-05;FUNDO DE INVESTIMENTO EM COTAS DE FUNDO DE INVESTIMENTO EM DIREITOS CREDITÓRIOS SRM 360;2025-12-31;1074354;Valores a receber;;;1142;;2026-03-31
CLASSES - FIDC;47.859.989/0001-57;MATCHPOINT  FUNDO DE INVESTIMENTO EM COTAS DE FUNDO DE INVESTIMENTO EM DIREITOS CREDITÓRIOS;2025-12-31;1074963;Cotas de Fundos;0;0;44939653;;2026-03-31
CLASSES - FIDC;47.859.989/0001-57;MATCHPOINT  FUNDO DE INVESTIMENTO EM COTAS DE FUNDO DE INVESTIMENTO EM DIREITOS CREDITÓRIOS;2025-12-31;1074963;Valores a pagar;;;12783;;2026-03-31
CLASSES - FIDC;47.859.989/0001-57;MATCHPOINT  FUNDO DE INVESTIMENTO EM COTAS DE FUNDO DE INVESTIMENTO EM DIREITOS CREDITÓRIOS;2025-12-31;1074963;Valores a receber;;;4064;;2026-03-31
CLASSES - FIDC;48.360.157/0001-54;XPLORE FUNDO DE INVESTIMENTO EM COTAS DE FUNDOS DE INVESTIMENTO EM DIREITOS  CREDITÓRIOS;2025-12-31;1081922;Cotas de Fundos;;;25727697;;2026-03-31
CLASSES - FIDC;48.360.157/0001-54;XPLORE FUNDO DE INVESTIMENTO EM COTAS DE FUNDOS DE INVESTIMENTO EM DIREITOS  CREDITÓRIOS;2025-12-31;1081922;Valores a pagar;;;11225;;2026-03-31
CLASSES - FIDC;48.360.157/0001-54;XPLORE FUNDO DE INVESTIMENTO EM COTAS DE FUNDOS DE INVESTIMENTO EM DIREITOS  CREDITÓRIOS;2025-12-31;1081922;Valores a receber;;;200;;2026-03-31
CLASSES - FIDC;48.360.202/0001-70;GUIMMAR FI EM COTAS DE FUNDOS DE INVESTIMENTO EM DIREITOS CREDITÓRIOS RESPONSABILIDADE LIMITADA;2025-12-31;1081760;Cotas de Fundos;;;19372271;;2026-03-31
CLASSES - FIDC;48.360.202/0001-70;GUIMMAR FI EM COTAS DE FUNDOS DE INVESTIMENTO EM DIREITOS CREDITÓRIOS RESPONSABILIDADE LIMITADA;2025-12-31;1081760;Valores a pagar;;;10005;;2026-03-31
CLASSES - FIDC;48.360.202/0001-70;GUIMMAR FI EM COTAS DE FUNDOS DE INVESTIMENTO EM DIREITOS CREDITÓRIOS RESPONSABILIDADE LIMITADA;2025-12-31;1081760;Valores a receber;;;2598;;2026-03-31
CLASSES - FIDC;49.000.918/0001-20;SARDENHA FUNDO DE INVESTIMENTO EM COTAS DE FUNDO DE INVESTIMENTO EM DIREITOS CREDITÓRIOS;2025-12-31;1074582;Cotas de Fundos;0;0;9291284;;2026-03-31
CLASSES - FIDC;49.000.918/0001-20;SARDENHA FUNDO DE INVESTIMENTO EM COTAS DE FUNDO DE INVESTIMENTO EM DIREITOS CREDITÓRIOS;2025-12-31;1074582;Valores a pagar;;;41173;;2026-03-31
CLASSES - FIDC;49.000.918/0001-20;SARDENHA FUNDO DE INVESTIMENTO EM COTAS DE FUNDO DE INVESTIMENTO EM DIREITOS CREDITÓRIOS;2025-12-31;1074582;Valores a receber;;;4196;;2026-03-31
CLASSES - FIDC;49.726.804/0001-61;GALAPAGOS INSTITUCIONAL FUNDO DE INVESTIMENTO EM COTAS DE FUNDOS DE INVESTIMENTO EM DIREITOS CREDITÓ;2025-12-31;1074788;Cotas de Fundos;0;0;104226227;;2026-03-31
CLASSES - FIDC;49.726.804/0001-61;GALAPAGOS INSTITUCIONAL FUNDO DE INVESTIMENTO EM COTAS DE FUNDOS DE INVESTIMENTO EM DIREITOS CREDITÓ;2025-12-31;1074788;Valores a pagar;;;159408;;2026-03-31
CLASSES - FIDC;49.726.804/0001-61;GALAPAGOS INSTITUCIONAL FUNDO DE INVESTIMENTO EM COTAS DE FUNDOS DE INVESTIMENTO EM DIREITOS CREDITÓ;2025-12-31;1074788;Valores a receber;;;11950;;2026-03-31
CLASSES - FIDC;49.916.055/0001-35;ASA FIC DE FUNDO DE INVESTIMENTO EM  DIREITOS CREDITÓRIOS 90 RESPONSABILIDADE LIMITADA;2025-12-31;1076087;Cotas de Fundos;0;0;98954021;;2026-03-31
CLASSES - FIDC;49.916.055/0001-35;ASA FIC DE FUNDO DE INVESTIMENTO EM  DIREITOS CREDITÓRIOS 90 RESPONSABILIDADE LIMITADA;2025-12-31;1076087;Valores a pagar;;;5298194;;2026-03-31
CLASSES - FIDC;49.916.055/0001-35;ASA FIC DE FUNDO DE INVESTIMENTO EM  DIREITOS CREDITÓRIOS 90 RESPONSABILIDADE LIMITADA;2025-12-31;1076087;Valores a receber;;;6009797;;2026-03-31
CLASSES - FIDC;49.916.151/0001-83;ASA LONGO PRAZO FUNDO DE INVESTIMENTO EM COTAS DE FUNDO DE INVEST EM DIREITOS CREDITÓRIOS RESP. LTDA;2025-12-31;1075599;Cotas de Fundos;0;0;941078199;;2026-03-31
CLASSES - FIDC;49.916.151/0001-83;ASA LONGO PRAZO FUNDO DE INVESTIMENTO EM COTAS DE FUNDO DE INVEST EM DIREITOS CREDITÓRIOS RESP. LTDA;2025-12-31;1075599;DIFERENCIAL DE SWAP A PAGAR;;;1588534;;2026-03-31
CLASSES - FIDC;49.916.151/0001-83;ASA LONGO PRAZO FUNDO DE INVESTIMENTO EM COTAS DE FUNDO DE INVEST EM DIREITOS CREDITÓRIOS RESP. LTDA;2025-12-31;1075599;DIFERENCIAL DE SWAP A RECEBER;;;753;;2026-03-31
CLASSES - FIDC;49.916.151/0001-83;ASA LONGO PRAZO FUNDO DE INVESTIMENTO EM COTAS DE FUNDO DE INVEST EM DIREITOS CREDITÓRIOS RESP. LTDA;2025-12-31;1075599;Valores a pagar;;;594875;;2026-03-31
CLASSES - FIDC;49.916.151/0001-83;ASA LONGO PRAZO FUNDO DE INVESTIMENTO EM COTAS DE FUNDO DE INVEST EM DIREITOS CREDITÓRIOS RESP. LTDA;2025-12-31;1075599;Valores a receber;;;33304;;2026-03-31
CLASSES - FIDC;50.284.896/0001-56;VSG FUNDO DE INVESTIMENTO EM COTAS DE FUNDO DE INVESTIMENTO EM DIREITOS CREDITÓRIOS;2025-12-31;1074970;Cotas de Fundos;0;0;33819462;;2026-03-31
CLASSES - FIDC;50.284.896/0001-56;VSG FUNDO DE INVESTIMENTO EM COTAS DE FUNDO DE INVESTIMENTO EM DIREITOS CREDITÓRIOS;2025-12-31;1074970;Valores a pagar;;;20481;;2026-03-31
CLASSES - FIDC;50.284.896/0001-56;VSG FUNDO DE INVESTIMENTO EM COTAS DE FUNDO DE INVESTIMENTO EM DIREITOS CREDITÓRIOS;2025-12-31;1074970;Valores a receber;;;8109;;2026-03-31
CLASSES - FIDC;50.655.268/0001-30;LONGSHIP FUNDO DE INVESTIMENTO EM COTAS DE FUNDO DE INVESTIMENTO EM DIREITOS CREDITÓRIOS;2025-12-31;1074936;Cotas de Fundos;0;0;84112765;;2026-03-31
CLASSES - FIDC;50.655.268/0001-30;LONGSHIP FUNDO DE INVESTIMENTO EM COTAS DE FUNDO DE INVESTIMENTO EM DIREITOS CREDITÓRIOS;2025-12-31;1074936;Valores a pagar;;;337708;;2026-03-31
CLASSES - FIDC;50.655.268/0001-30;LONGSHIP FUNDO DE INVESTIMENTO EM COTAS DE FUNDO DE INVESTIMENTO EM DIREITOS CREDITÓRIOS;2025-12-31;1074936;Valores a receber;;;3110;;2026-03-31
CLASSES - FIDC;50.808.063/0001-47;FUNDO DE INVESTIMENTO EM COTAS DE FUNDOS DE INVESTIMENTO EM DIREITOS CREDITÓRIOS ALION MZ;2025-12-31;1074402;Cotas de Fundos;0;0;63156827;;2026-03-31
CLASSES - FIDC;50.808.063/0001-47;FUNDO DE INVESTIMENTO EM COTAS DE FUNDOS DE INVESTIMENTO EM DIREITOS CREDITÓRIOS ALION MZ;2025-12-31;1074402;Títulos Públicos;0;0;18031;;2026-03-31
CLASSES - FIDC;50.808.063/0001-47;FUNDO DE INVESTIMENTO EM COTAS DE FUNDOS DE INVESTIMENTO EM DIREITOS CREDITÓRIOS ALION MZ;2025-12-31;1074402;Valores a pagar;;;17998;;2026-03-31
CLASSES - FIDC;50.808.063/0001-47;FUNDO DE INVESTIMENTO EM COTAS DE FUNDOS DE INVESTIMENTO EM DIREITOS CREDITÓRIOS ALION MZ;2025-12-31;1074402;Valores a receber;;;8879;;2026-03-31
CLASSES - FIDC;50.901.127/0001-50;IOX 90 FUNDO DE INVESTIMENTO EM COTAS DE FUNDO DE INVESTIMENTO EM DIREITOS CREDITÓRIOS;2025-12-31;1074404;Cotas de Fundos;0;0;11060441;;2026-03-31
CLASSES - FIDC;50.901.127/0001-50;IOX 90 FUNDO DE INVESTIMENTO EM COTAS DE FUNDO DE INVESTIMENTO EM DIREITOS CREDITÓRIOS;2025-12-31;1074404;Valores a pagar;;;12518;;2026-03-31
CLASSES - FIDC;50.901.127/0001-50;IOX 90 FUNDO DE INVESTIMENTO EM COTAS DE FUNDO DE INVESTIMENTO EM DIREITOS CREDITÓRIOS;2025-12-31;1074404;Valores a receber;;;67743;;2026-03-31
CLASSES - FIDC;51.364.521/0001-69;ORRAM 90 FUNDO DE INVESTIMENTO EM COTAS DE FUNDO DE INVESTIMENTO EM DIREITOS CREDITÓRIOS;2025-12-31;1074401;Cotas de Fundos;0;0;59243353;;2026-03-31
CLASSES - FIDC;51.364.521/0001-69;ORRAM 90 FUNDO DE INVESTIMENTO EM COTAS DE FUNDO DE INVESTIMENTO EM DIREITOS CREDITÓRIOS;2025-12-31;1074401;Títulos Públicos;0;0;72228;;2026-03-31
CLASSES - FIDC;51.364.521/0001-69;ORRAM 90 FUNDO DE INVESTIMENTO EM COTAS DE FUNDO DE INVESTIMENTO EM DIREITOS CREDITÓRIOS;2025-12-31;1074401;Valores a pagar;;;255627;;2026-03-31
CLASSES - FIDC;51.364.521/0001-69;ORRAM 90 FUNDO DE INVESTIMENTO EM COTAS DE FUNDO DE INVESTIMENTO EM DIREITOS CREDITÓRIOS;2025-12-31;1074401;Valores a receber;;;2323;;2026-03-31
CLASSES - FIDC;51.476.020/0001-74;ORRAM HIGH YIELD FUNDO DE INVESTIMENTO EM QUOTAS DE FUNDO DE INVESTIMENTO EM DIREITOS CREDITÓRIOS;2025-12-31;1074491;Cotas de Fundos;0;0;34287297;;2026-03-31
CLASSES - FIDC;51.476.020/0001-74;ORRAM HIGH YIELD FUNDO DE INVESTIMENTO EM QUOTAS DE FUNDO DE INVESTIMENTO EM DIREITOS CREDITÓRIOS;2025-12-31;1074491;Títulos Públicos;0;0;4038;;2026-03-31
CLASSES - FIDC;51.476.020/0001-74;ORRAM HIGH YIELD FUNDO DE INVESTIMENTO EM QUOTAS DE FUNDO DE INVESTIMENTO EM DIREITOS CREDITÓRIOS;2025-12-31;1074491;Valores a pagar;;;24289;;2026-03-31
CLASSES - FIDC;51.476.020/0001-74;ORRAM HIGH YIELD FUNDO DE INVESTIMENTO EM QUOTAS DE FUNDO DE INVESTIMENTO EM DIREITOS CREDITÓRIOS;2025-12-31;1074491;Valores a receber;;;3110;;2026-03-31
CLASSES - FIDC;52.029.150/0001-21;LONG SHOT I FUNDO DE INVESTIMENTO EM COTAS DE FUNDO DE INVESTIMENTO EM DIREITOS CREDITÓRIOS;2025-12-31;1074804;Cotas de Fundos;0;0;15051400;;2026-03-31
CLASSES - FIDC;52.029.150/0001-21;LONG SHOT I FUNDO DE INVESTIMENTO EM COTAS DE FUNDO DE INVESTIMENTO EM DIREITOS CREDITÓRIOS;2025-12-31;1074804;Valores a pagar;;;5046;;2026-03-31
CLASSES - FIDC;52.029.150/0001-21;LONG SHOT I FUNDO DE INVESTIMENTO EM COTAS DE FUNDO DE INVESTIMENTO EM DIREITOS CREDITÓRIOS;2025-12-31;1074804;Valores a receber;;;2458;;2026-03-31
CLASSES - FIDC;52.099.923/0001-46;EVERBLUE FUNDO DE INVESTIMENTO EM COTAS DE FUNDO DE INVESTIMENTO EM DIREITOS CREDITÓRIOS;2025-12-31;1074987;Cotas de Fundos;0;0;23162492;;2026-03-31
CLASSES - FIDC;52.099.923/0001-46;EVERBLUE FUNDO DE INVESTIMENTO EM COTAS DE FUNDO DE INVESTIMENTO EM DIREITOS CREDITÓRIOS;2025-12-31;1074987;Valores a pagar;;;5655;;2026-03-31
CLASSES - FIDC;52.099.923/0001-46;EVERBLUE FUNDO DE INVESTIMENTO EM COTAS DE FUNDO DE INVESTIMENTO EM DIREITOS CREDITÓRIOS;2025-12-31;1074987;Valores a receber;;;2333;;2026-03-31
CLASSES - FIDC;52.178.495/0001-47;IOX 60 FUNDO DE INVESTIMENTO EM COTAS DE FUNDO DE INVESTIMENTO EM DIREITOS CREDITÓRIOS;2025-12-31;1074461;Cotas de Fundos;0;0;5424585;;2026-03-31
CLASSES - FIDC;52.178.495/0001-47;IOX 60 FUNDO DE INVESTIMENTO EM COTAS DE FUNDO DE INVESTIMENTO EM DIREITOS CREDITÓRIOS;2025-12-31;1074461;Valores a pagar;;;11906;;2026-03-31
CLASSES - FIDC;52.178.495/0001-47;IOX 60 FUNDO DE INVESTIMENTO EM COTAS DE FUNDO DE INVESTIMENTO EM DIREITOS CREDITÓRIOS;2025-12-31;1074461;Valores a receber;;;12326;;2026-03-31
CLASSES - FIDC;52.203.566/0001-14;FUNDO DE INVESTIMENTO EM COTAS DE FUNDO DE INVESTIMENTO EM DIREITOS CREDITÓRIOS PARAGUAÇU I;2025-12-31;1074472;Cotas de Fundos;0;0;13362642;;2026-03-31
CLASSES - FIDC;52.203.566/0001-14;FUNDO DE INVESTIMENTO EM COTAS DE FUNDO DE INVESTIMENTO EM DIREITOS CREDITÓRIOS PARAGUAÇU I;2025-12-31;1074472;Valores a pagar;;;19251;;2026-03-31
CLASSES - FIDC;52.203.566/0001-14;FUNDO DE INVESTIMENTO EM COTAS DE FUNDO DE INVESTIMENTO EM DIREITOS CREDITÓRIOS PARAGUAÇU I;2025-12-31;1074472;Valores a receber;;;109533;;2026-03-31
CLASSES - FIDC;52.362.629/0001-85;3T - FUNDO DE INVESTIMENTO EM COTAS DE FUNDO DE INVESTIMENTO EM DIREITOS CREDITÓRIOS NÃO PADRONIZADO;2025-12-31;1074977;Cotas de Fundos;0;0;18236182;;2026-03-31
CLASSES - FIDC;52.362.629/0001-85;3T - FUNDO DE INVESTIMENTO EM COTAS DE FUNDO DE INVESTIMENTO EM DIREITOS CREDITÓRIOS NÃO PADRONIZADO;2025-12-31;1074977;Valores a pagar;;;19200;;2026-03-31
CLASSES - FIDC;52.362.629/0001-85;3T - FUNDO DE INVESTIMENTO EM COTAS DE FUNDO DE INVESTIMENTO EM DIREITOS CREDITÓRIOS NÃO PADRONIZADO;2025-12-31;1074977;Valores a receber;;;1726;;2026-03-31
CLASSES - FIDC;52.607.408/0001-20;ISIDORO FUNDO DE INVESTIMENTO EM COTAS DE FUNDO DE INVESTIMENTO EM DIREITOS CREDITÓRIOS;2025-12-31;1074646;Cotas de Fundos;0;0;8590330;;2026-03-31
CLASSES - FIDC;52.607.408/0001-20;ISIDORO FUNDO DE INVESTIMENTO EM COTAS DE FUNDO DE INVESTIMENTO EM DIREITOS CREDITÓRIOS;2025-12-31;1074646;Valores a pagar;;;19529;;2026-03-31
CLASSES - FIDC;52.607.408/0001-20;ISIDORO FUNDO DE INVESTIMENTO EM COTAS DE FUNDO DE INVESTIMENTO EM DIREITOS CREDITÓRIOS;2025-12-31;1074646;Valores a receber;;;1555;;2026-03-31
CLASSES - FIDC;53.190.018/0001-60;FUNDO DE INVESTIMENTO EM COTAS DE FUNDO DE INVESTIMENTO EM DIREITOS CREDITÓRIOS ILHA DE MARÉ;2025-12-31;1074829;Cotas de Fundos;0;0;11656551;;2026-03-31
CLASSES - FIDC;53.190.018/0001-60;FUNDO DE INVESTIMENTO EM COTAS DE FUNDO DE INVESTIMENTO EM DIREITOS CREDITÓRIOS ILHA DE MARÉ;2025-12-31;1074829;Valores a pagar;;;22376;;2026-03-31
CLASSES - FIDC;53.190.018/0001-60;FUNDO DE INVESTIMENTO EM COTAS DE FUNDO DE INVESTIMENTO EM DIREITOS CREDITÓRIOS ILHA DE MARÉ;2025-12-31;1074829;Valores a receber;;;31601;;2026-03-31
CLASSES - FIDC;53.214.754/0001-00;ANFEH FUNDO DE INVESTIMENTO EM COTAS DE FUNDO DE INVESTIMENTO EM DIREITOS CREDITÓRIOS;2025-12-31;1074787;Cotas de Fundos;0;0;904531;;2026-03-31
CLASSES - FIDC;53.214.754/0001-00;ANFEH FUNDO DE INVESTIMENTO EM COTAS DE FUNDO DE INVESTIMENTO EM DIREITOS CREDITÓRIOS;2025-12-31;1074787;Valores a pagar;;;7923;;2026-03-31
CLASSES - FIDC;53.214.754/0001-00;ANFEH FUNDO DE INVESTIMENTO EM COTAS DE FUNDO DE INVESTIMENTO EM DIREITOS CREDITÓRIOS;2025-12-31;1074787;Valores a receber;;;1037;;2026-03-31
CLASSES - FIDC;53.880.657/0001-57;G5 F GJS FUNDO DE INVESTIMENTO EM COTAS DE FUNDO DE INVESTIMENTO EM DIREITOS CREDITÓRIOS;2025-12-31;1074798;Cotas de Fundos;0;0;163569105;;2026-03-31
CLASSES - FIDC;53.880.657/0001-57;G5 F GJS FUNDO DE INVESTIMENTO EM COTAS DE FUNDO DE INVESTIMENTO EM DIREITOS CREDITÓRIOS;2025-12-31;1074798;Títulos Públicos;0;0;5367485;;2026-03-31
CLASSES - FIDC;53.880.657/0001-57;G5 F GJS FUNDO DE INVESTIMENTO EM COTAS DE FUNDO DE INVESTIMENTO EM DIREITOS CREDITÓRIOS;2025-12-31;1074798;Valores a pagar;;;17448;;2026-03-31
CLASSES - FIDC;53.880.657/0001-57;G5 F GJS FUNDO DE INVESTIMENTO EM COTAS DE FUNDO DE INVESTIMENTO EM DIREITOS CREDITÓRIOS;2025-12-31;1074798;Valores a receber;;;10843;;2026-03-31
CLASSES - FIDC;54.976.534/0001-87;BURITI FUNDO DE INVESTIMENTO EM COTAS DE FUNDO DE INVESTIMENTO EM DIREITOS CREDITÓRIOS;2025-12-31;1074460;Cotas de Fundos;0;0;52951588;;2026-03-31
CLASSES - FIDC;54.976.534/0001-87;BURITI FUNDO DE INVESTIMENTO EM COTAS DE FUNDO DE INVESTIMENTO EM DIREITOS CREDITÓRIOS;2025-12-31;1074460;Valores a pagar;;;41336;;2026-03-31
CLASSES - FIDC;54.976.534/0001-87;BURITI FUNDO DE INVESTIMENTO EM COTAS DE FUNDO DE INVESTIMENTO EM DIREITOS CREDITÓRIOS;2025-12-31;1074460;Valores a receber;;;3110;;2026-03-31
CLASSES - FIDC;55.211.792/0001-35;BW2 FUNDO DE INVESTIMENTO EM COTAS DE FUNDO DE INVESTIMENTO EM DIREITOS CREDITÓRIOS;2025-12-31;1074488;Cotas de Fundos;0;0;46306711;;2026-03-31
CLASSES - FIDC;55.211.792/0001-35;BW2 FUNDO DE INVESTIMENTO EM COTAS DE FUNDO DE INVESTIMENTO EM DIREITOS CREDITÓRIOS;2025-12-31;1074488;Títulos Públicos;0;0;2475407;;2026-03-31
CLASSES - FIDC;55.211.792/0001-35;BW2 FUNDO DE INVESTIMENTO EM COTAS DE FUNDO DE INVESTIMENTO EM DIREITOS CREDITÓRIOS;2025-12-31;1074488;Valores a pagar;;;52393;;2026-03-31
CLASSES - FIDC;55.211.792/0001-35;BW2 FUNDO DE INVESTIMENTO EM COTAS DE FUNDO DE INVESTIMENTO EM DIREITOS CREDITÓRIOS;2025-12-31;1074488;Valores a receber;;;137181;;2026-03-31
CLASSES - FIDC;55.296.116/0001-01;MATRI NOW FUNDO DE INVESTIMENTO EM COTAS DE FUNDO DE INVESTIMENTO EM DIREITOS CREDITÓRIOS;2025-12-31;1074792;Cotas de Fundos;0;0;27629779;;2026-03-31
CLASSES - FIDC;55.296.116/0001-01;MATRI NOW FUNDO DE INVESTIMENTO EM COTAS DE FUNDO DE INVESTIMENTO EM DIREITOS CREDITÓRIOS;2025-12-31;1074792;Valores a pagar;;;12857;;2026-03-31
CLASSES - FIDC;55.296.116/0001-01;MATRI NOW FUNDO DE INVESTIMENTO EM COTAS DE FUNDO DE INVESTIMENTO EM DIREITOS CREDITÓRIOS;2025-12-31;1074792;Valores a receber;;;3110;;2026-03-31
CLASSES - FIDC;55.619.752/0001-27;MAX 90 FUNDO DE INVESTIMENTO EM COTAS DE FUNDO DE INVESTIMENTO EM DIREITOS CREDITÓRIOS;2025-12-31;1074358;Cotas de Fundos;0;0;7219648;;2026-03-31
CLASSES - FIDC;55.619.752/0001-27;MAX 90 FUNDO DE INVESTIMENTO EM COTAS DE FUNDO DE INVESTIMENTO EM DIREITOS CREDITÓRIOS;2025-12-31;1074358;Títulos Públicos;0;0;30579;;2026-03-31
CLASSES - FIDC;55.619.752/0001-27;MAX 90 FUNDO DE INVESTIMENTO EM COTAS DE FUNDO DE INVESTIMENTO EM DIREITOS CREDITÓRIOS;2025-12-31;1074358;Valores a pagar;;;43603;;2026-03-31
CLASSES - FIDC;55.619.752/0001-27;MAX 90 FUNDO DE INVESTIMENTO EM COTAS DE FUNDO DE INVESTIMENTO EM DIREITOS CREDITÓRIOS;2025-12-31;1074358;Valores a receber;;;337744;;2026-03-31
CLASSES - FIDC;55.835.986/0001-01;ORRAM ESTRUTURADO FIC DE FUNDOS DE INVESTIMENTO EM DIREITOS CREDITÓRIOS - RESPONSABILIDADE LIMITADA;2025-12-31;1074791;Cotas de Fundos;0;0;63010032;;2026-03-31
CLASSES - FIDC;55.835.986/0001-01;ORRAM ESTRUTURADO FIC DE FUNDOS DE INVESTIMENTO EM DIREITOS CREDITÓRIOS - RESPONSABILIDADE LIMITADA;2025-12-31;1074791;Valores a pagar;;;320732;;2026-03-31
CLASSES - FIDC;55.835.986/0001-01;ORRAM ESTRUTURADO FIC DE FUNDOS DE INVESTIMENTO EM DIREITOS CREDITÓRIOS - RESPONSABILIDADE LIMITADA;2025-12-31;1074791;Valores a receber;;;4154;;2026-03-31
CLASSES - FIDC;55.914.922/0001-04;ORRAM VD FUNDO DE INVESTIMENTO EM COTAS DE FUNDO DE INVESTIMENTO EM DIREITOS CREDITÓRIOS - RESP LTDA;2025-12-31;1074339;Cotas de Fundos;0;0;18913319;;2026-03-31
CLASSES - FIDC;55.914.922/0001-04;ORRAM VD FUNDO DE INVESTIMENTO EM COTAS DE FUNDO DE INVESTIMENTO EM DIREITOS CREDITÓRIOS - RESP LTDA;2025-12-31;1074339;Valores a pagar;;;13616;;2026-03-31
CLASSES - FIDC;55.914.922/0001-04;ORRAM VD FUNDO DE INVESTIMENTO EM COTAS DE FUNDO DE INVESTIMENTO EM DIREITOS CREDITÓRIOS - RESP LTDA;2025-12-31;1074339;Valores a receber;;;2333;;2026-03-31
CLASSES - FIDC;55.935.259/0001-16;OCCAM FI EM COTAS DE FUNDOS DE INVESTIMENTO EM DIREITOS CREDITÓRIOS RESPONSABILIDADE LIMITADA;2025-12-31;1081776;Cotas de Fundos;;;561244007;;2026-03-31
CLASSES - FIDC;55.935.259/0001-16;OCCAM FI EM COTAS DE FUNDOS DE INVESTIMENTO EM DIREITOS CREDITÓRIOS RESPONSABILIDADE LIMITADA;2025-12-31;1081776;Disponibilidades;;;105;;2026-03-31
CLASSES - FIDC;55.935.259/0001-16;OCCAM FI EM COTAS DE FUNDOS DE INVESTIMENTO EM DIREITOS CREDITÓRIOS RESPONSABILIDADE LIMITADA;2025-12-31;1081776;Valores a pagar;;;35194;;2026-03-31
CLASSES - FIDC;55.935.259/0001-16;OCCAM FI EM COTAS DE FUNDOS DE INVESTIMENTO EM DIREITOS CREDITÓRIOS RESPONSABILIDADE LIMITADA;2025-12-31;1081776;Valores a receber;;;550;;2026-03-31
CLASSES - FIDC;56.023.806/0001-50;CONQUISTA FUNDO DE INVESTIMENTO EM COTAS DE FUNDO DE INVESTIMENTO EM DIREITOS CREDITÓRIOS;2025-12-31;1074785;Cotas de Fundos;0;0;131175471;;2026-03-31
CLASSES - FIDC;56.023.806/0001-50;CONQUISTA FUNDO DE INVESTIMENTO EM COTAS DE FUNDO DE INVESTIMENTO EM DIREITOS CREDITÓRIOS;2025-12-31;1074785;Valores a pagar;;;48575;;2026-03-31
CLASSES - FIDC;56.023.806/0001-50;CONQUISTA FUNDO DE INVESTIMENTO EM COTAS DE FUNDO DE INVESTIMENTO EM DIREITOS CREDITÓRIOS;2025-12-31;1074785;Valores a receber;;;6610;;2026-03-31
CLASSES - FIDC;56.030.860/0001-22;FAMA FUNDO DE INVESTIMENTO EM COTAS DE FUNDO DE INVESTIMENTO EM DIREITOS CREDITÓRIOS;2025-12-31;1074807;Cotas de Fundos;0;0;2188422;;2026-03-31
CLASSES - FIDC;56.030.860/0001-22;FAMA FUNDO DE INVESTIMENTO EM COTAS DE FUNDO DE INVESTIMENTO EM DIREITOS CREDITÓRIOS;2025-12-31;1074807;Valores a pagar;;;6826;;2026-03-31
CLASSES - FIDC;56.030.860/0001-22;FAMA FUNDO DE INVESTIMENTO EM COTAS DE FUNDO DE INVESTIMENTO EM DIREITOS CREDITÓRIOS;2025-12-31;1074807;Valores a receber;;;2218;;2026-03-31
CLASSES - FIDC;56.073.212/0001-53;EVEREST TRACKER FUNDO DE INVESTIMENTO EM COTAS DE FUNDO DE INVESTIMENTO EM DIREITOS CREDITÓRIOS;2025-12-31;1074599;Cotas de Fundos;0;0;27042214;;2026-03-31
CLASSES - FIDC;56.073.212/0001-53;EVEREST TRACKER FUNDO DE INVESTIMENTO EM COTAS DE FUNDO DE INVESTIMENTO EM DIREITOS CREDITÓRIOS;2025-12-31;1074599;Valores a pagar;;;430654;;2026-03-31
CLASSES - FIDC;56.073.212/0001-53;EVEREST TRACKER FUNDO DE INVESTIMENTO EM COTAS DE FUNDO DE INVESTIMENTO EM DIREITOS CREDITÓRIOS;2025-12-31;1074599;Valores a receber;;;2373;;2026-03-31
CLASSES - FIDC;56.322.644/0001-50;REVO FUNDO DE INVESTIMENTO EM COTAS DE FUNDO DE INVESTIMENTO EM DIREITOS CREDITÓRIOS;2025-12-31;1074797;Cotas de Fundos;0;0;24785585;;2026-03-31
CLASSES - FIDC;56.322.644/0001-50;REVO FUNDO DE INVESTIMENTO EM COTAS DE FUNDO DE INVESTIMENTO EM DIREITOS CREDITÓRIOS;2025-12-31;1074797;Valores a pagar;;;6282;;2026-03-31
CLASSES - FIDC;56.322.644/0001-50;REVO FUNDO DE INVESTIMENTO EM COTAS DE FUNDO DE INVESTIMENTO EM DIREITOS CREDITÓRIOS;2025-12-31;1074797;Valores a receber;;;1555;;2026-03-31
CLASSES - FIDC;56.431.951/0001-70;BRADESCO MID YIELD FIC DE FIDC - RESPONSABILIDADE LIMITADA;2025-12-31;1083324;Cotas de Fundos;;;135897632;;2026-03-31
CLASSES - FIDC;56.431.951/0001-70;BRADESCO MID YIELD FIC DE FIDC - RESPONSABILIDADE LIMITADA;2025-12-31;1083324;Disponibilidades;;;0;;2026-03-31
CLASSES - FIDC;56.431.951/0001-70;BRADESCO MID YIELD FIC DE FIDC - RESPONSABILIDADE LIMITADA;2025-12-31;1083324;Valores a pagar;;;11038796;;2026-03-31
CLASSES - FIDC;56.431.951/0001-70;BRADESCO MID YIELD FIC DE FIDC - RESPONSABILIDADE LIMITADA;2025-12-31;1083324;Valores a receber;;;170199;;2026-03-31
CLASSES - FIDC;56.924.025/0001-36;ASA FUNDO DE INVESTIMENTO EM COTAS DE FUNDO DE INVESTIMENTO EM DIREITOS CREDITÓRIOS 90 II RESP LIM;2025-12-31;1074966;Cotas de Fundos;0;0;225543396;;2026-03-31
CLASSES - FIDC;56.924.025/0001-36;ASA FUNDO DE INVESTIMENTO EM COTAS DE FUNDO DE INVESTIMENTO EM DIREITOS CREDITÓRIOS 90 II RESP LIM;2025-12-31;1074966;Valores a pagar;;;280154;;2026-03-31
CLASSES - FIDC;56.924.025/0001-36;ASA FUNDO DE INVESTIMENTO EM COTAS DE FUNDO DE INVESTIMENTO EM DIREITOS CREDITÓRIOS 90 II RESP LIM;2025-12-31;1074966;Valores a receber;;;6506;;2026-03-31
CLASSES - FIDC;56.924.942/0001-10;ASA LP II FUNDO DE INVESTIMENTO EM COTAS DE FUNDO DE INVESTIMENTO EM DIREITOS CREDITÓRIOS RESP LIM;2025-12-31;1075600;Cotas de Fundos;0;0;1215131788;;2026-03-31
CLASSES - FIDC;56.924.942/0001-10;ASA LP II FUNDO DE INVESTIMENTO EM COTAS DE FUNDO DE INVESTIMENTO EM DIREITOS CREDITÓRIOS RESP LIM;2025-12-31;1075600;DIFERENCIAL DE SWAP A PAGAR;;;1290494;;2026-03-31
CLASSES - FIDC;56.924.942/0001-10;ASA LP II FUNDO DE INVESTIMENTO EM COTAS DE FUNDO DE INVESTIMENTO EM DIREITOS CREDITÓRIOS RESP LIM;2025-12-31;1075600;Valores a pagar;;;781630;;2026-03-31
CLASSES - FIDC;56.924.942/0001-10;ASA LP II FUNDO DE INVESTIMENTO EM COTAS DE FUNDO DE INVESTIMENTO EM DIREITOS CREDITÓRIOS RESP LIM;2025-12-31;1075600;Valores a receber;;;20003;;2026-03-31
CLASSES - FIDC;57.325.152/0001-81;MAX 30 FUNDO DE INVESTIMENTO EM COTAS DE FUNDO DE INVESTIMENTO EM DIREITOS CREDITÓRIOS;2025-12-31;1074473;Cotas de Fundos;0;0;14793731;;2026-03-31
CLASSES - FIDC;57.325.152/0001-81;MAX 30 FUNDO DE INVESTIMENTO EM COTAS DE FUNDO DE INVESTIMENTO EM DIREITOS CREDITÓRIOS;2025-12-31;1074473;Valores a pagar;;;84942;;2026-03-31
CLASSES - FIDC;57.325.152/0001-81;MAX 30 FUNDO DE INVESTIMENTO EM COTAS DE FUNDO DE INVESTIMENTO EM DIREITOS CREDITÓRIOS;2025-12-31;1074473;Valores a receber;;;22656;;2026-03-31
CLASSES - FIDC;57.519.386/0001-60;MAX 365 FUNDO DE INVESTIMENTO EM COTAS DE FUNDO DE INVESTIMENTO EM DIREITOS CREDITÓRIOS;2025-12-31;1074602;Cotas de Fundos;0;0;5836135;;2026-03-31
CLASSES - FIDC;57.519.386/0001-60;MAX 365 FUNDO DE INVESTIMENTO EM COTAS DE FUNDO DE INVESTIMENTO EM DIREITOS CREDITÓRIOS;2025-12-31;1074602;Valores a pagar;;;42792;;2026-03-31
CLASSES - FIDC;57.519.386/0001-60;MAX 365 FUNDO DE INVESTIMENTO EM COTAS DE FUNDO DE INVESTIMENTO EM DIREITOS CREDITÓRIOS;2025-12-31;1074602;Valores a receber;;;93743;;2026-03-31
CLASSES - FIDC;58.364.147/0001-40;QUATÁ 60 FIC DE FUNDO DE INVESTIMENTO EM DIREITOS CREDITÓRIOS - RESPONSABILIDADE LIMITADA;2025-12-31;1074470;Cotas de Fundos;0;0;13928953;;2026-03-31
CLASSES - FIDC;58.364.147/0001-40;QUATÁ 60 FIC DE FUNDO DE INVESTIMENTO EM DIREITOS CREDITÓRIOS - RESPONSABILIDADE LIMITADA;2025-12-31;1074470;Valores a pagar;;;63918;;2026-03-31
CLASSES - FIDC;58.364.147/0001-40;QUATÁ 60 FIC DE FUNDO DE INVESTIMENTO EM DIREITOS CREDITÓRIOS - RESPONSABILIDADE LIMITADA;2025-12-31;1074470;Valores a receber;;;2323;;2026-03-31
CLASSES - FIDC;58.900.579/0001-29;MONEE FUNDO DE INVESTIMENTO EM COTAS DE FUNDOS DE INVESTIMENTO EM DIREITOS CREDITÓRIOS RESP LIMITADA;2025-12-31;1080698;Cotas de Fundos;0;0;1762117841;;2026-03-31
CLASSES - FIDC;58.900.579/0001-29;MONEE FUNDO DE INVESTIMENTO EM COTAS DE FUNDOS DE INVESTIMENTO EM DIREITOS CREDITÓRIOS RESP LIMITADA;2025-12-31;1080698;Valores a pagar;;;63067;;2026-03-31
CLASSES - FIDC;58.900.579/0001-29;MONEE FUNDO DE INVESTIMENTO EM COTAS DE FUNDOS DE INVESTIMENTO EM DIREITOS CREDITÓRIOS RESP LIMITADA;2025-12-31;1080698;Valores a receber;;;13273;;2026-03-31
CLASSES - FIDC;59.213.700/0001-07;ITAUNA PIPELINE FIC FIDC - RESPONSABILIDADE LIMITADA;2025-12-31;1075574;Cotas de Fundos;0;0;24853829;;2026-03-31
CLASSES - FIDC;59.213.700/0001-07;ITAUNA PIPELINE FIC FIDC - RESPONSABILIDADE LIMITADA;2025-12-31;1075574;Valores a pagar;;;106268;;2026-03-31
CLASSES - FIDC;59.213.700/0001-07;ITAUNA PIPELINE FIC FIDC - RESPONSABILIDADE LIMITADA;2025-12-31;1075574;Valores a receber;;;2460;;2026-03-31
CLASSES - FIDC;59.657.112/0001-62;AJAX PLUS FIC DE FUNDOS DE INVESTIMENTO EM DIREITOS CREDITÓRIOS RESPONSABILIDADE LIMITADA;2025-12-31;1075720;Cotas de Fundos;0;398480;11349554;;2026-03-31
CLASSES - FIDC;59.657.112/0001-62;AJAX PLUS FIC DE FUNDOS DE INVESTIMENTO EM DIREITOS CREDITÓRIOS RESPONSABILIDADE LIMITADA;2025-12-31;1075720;Disponibilidades;;;548;;2026-03-31
CLASSES - FIDC;59.657.112/0001-62;AJAX PLUS FIC DE FUNDOS DE INVESTIMENTO EM DIREITOS CREDITÓRIOS RESPONSABILIDADE LIMITADA;2025-12-31;1075720;Operações Compromissadas;;;75905;;2026-03-31
CLASSES - FIDC;59.657.112/0001-62;AJAX PLUS FIC DE FUNDOS DE INVESTIMENTO EM DIREITOS CREDITÓRIOS RESPONSABILIDADE LIMITADA;2025-12-31;1075720;Valores a pagar;;;28756;;2026-03-31
CLASSES - FIDC;59.657.112/0001-62;AJAX PLUS FIC DE FUNDOS DE INVESTIMENTO EM DIREITOS CREDITÓRIOS RESPONSABILIDADE LIMITADA;2025-12-31;1075720;Valores a receber;;;98;;2026-03-31
CLASSES - FIDC;60.369.537/0001-55;ASA FIC FIDC D1 RESPONSABILIDADE LIMITADA;2025-12-31;1075000;Cotas de Fundos;0;0;101048471;;2026-03-31
CLASSES - FIDC;60.369.537/0001-55;ASA FIC FIDC D1 RESPONSABILIDADE LIMITADA;2025-12-31;1075000;Valores a pagar;;;114876;;2026-03-31
CLASSES - FIDC;60.369.537/0001-55;ASA FIC FIDC D1 RESPONSABILIDADE LIMITADA;2025-12-31;1075000;Valores a receber;;;2468;;2026-03-31
CLASSES - FIDC;60.369.959/0001-20;ASA FUNDO DE INVESTIMENTO EM COTAS DE FIDC 30 RESPONSABILIDADE LIMITADA;2025-12-31;1074971;Cotas de Fundos;0;0;19038814;;2026-03-31
CLASSES - FIDC;60.369.959/0001-20;ASA FUNDO DE INVESTIMENTO EM COTAS DE FIDC 30 RESPONSABILIDADE LIMITADA;2025-12-31;1074971;Valores a pagar;;;20777;;2026-03-31
CLASSES - FIDC;60.369.959/0001-20;ASA FUNDO DE INVESTIMENTO EM COTAS DE FIDC 30 RESPONSABILIDADE LIMITADA;2025-12-31;1074971;Valores a receber;;;2074;;2026-03-31
CLASSES - FIDC;60.430.405/0001-91;STARKE FIC DE FIDC MC MS;2025-12-31;1074799;Cotas de Fundos;0;0;22574524;;2026-03-31
CLASSES - FIDC;60.430.405/0001-91;STARKE FIC DE FIDC MC MS;2025-12-31;1074799;Valores a pagar;;;17850;;2026-03-31
CLASSES - FIDC;60.430.405/0001-91;STARKE FIC DE FIDC MC MS;2025-12-31;1074799;Valores a receber;;;100;;2026-03-31
CLASSES - FIDC;60.759.253/0001-75;BRADESCO ATHOS FUNDO DE INVESTIMENTO EM DIREITOS CREDITÓRIOS - RESPONSABILIDADE LIMITADA;2025-12-31;1083371;Cotas de Fundos;;;54916957;;2026-03-31
CLASSES - FIDC;60.759.253/0001-75;BRADESCO ATHOS FUNDO DE INVESTIMENTO EM DIREITOS CREDITÓRIOS - RESPONSABILIDADE LIMITADA;2025-12-31;1083371;Debêntures;;;688131;;2026-03-31
CLASSES - FIDC;60.759.253/0001-75;BRADESCO ATHOS FUNDO DE INVESTIMENTO EM DIREITOS CREDITÓRIOS - RESPONSABILIDADE LIMITADA;2025-12-31;1083371;Disponibilidades;;;0;;2026-03-31
CLASSES - FIDC;60.759.253/0001-75;BRADESCO ATHOS FUNDO DE INVESTIMENTO EM DIREITOS CREDITÓRIOS - RESPONSABILIDADE LIMITADA;2025-12-31;1083371;Valores a pagar;;;60837;;2026-03-31
CLASSES - FIDC;60.759.253/0001-75;BRADESCO ATHOS FUNDO DE INVESTIMENTO EM DIREITOS CREDITÓRIOS - RESPONSABILIDADE LIMITADA;2025-12-31;1083371;Valores a receber;;;153444;;2026-03-31
CLASSES - FIDC;61.237.208/0001-13;ANGRA FUNDO DE INVESTIMENTO EM COTAS DE FUNDOS DE INVESTIMENTO EM DIREITOS CREDITÓRIOS;2025-12-31;1081963;Cotas de Fundos;;;38008344;;2026-03-31
CLASSES - FIDC;61.237.208/0001-13;ANGRA FUNDO DE INVESTIMENTO EM COTAS DE FUNDOS DE INVESTIMENTO EM DIREITOS CREDITÓRIOS;2025-12-31;1081963;Outras aplicações;;;2808541;;2026-03-31
CLASSES - FIDC;61.237.208/0001-13;ANGRA FUNDO DE INVESTIMENTO EM COTAS DE FUNDOS DE INVESTIMENTO EM DIREITOS CREDITÓRIOS;2025-12-31;1081963;Títulos Públicos;0;0;1110206;;2026-03-31
CLASSES - FIDC;61.237.208/0001-13;ANGRA FUNDO DE INVESTIMENTO EM COTAS DE FUNDOS DE INVESTIMENTO EM DIREITOS CREDITÓRIOS;2025-12-31;1081963;Valores a pagar;;;98334;;2026-03-31
CLASSES - FIDC;61.237.208/0001-13;ANGRA FUNDO DE INVESTIMENTO EM COTAS DE FUNDOS DE INVESTIMENTO EM DIREITOS CREDITÓRIOS;2025-12-31;1081963;Valores a receber;;;8752;;2026-03-31
CLASSES - FIDC;61.289.877/0001-39;ORRAM ALOCAÇÃO FUNDO DE INVESTIMENTO EM COTAS DE FIDC - RESPONSABILIDADE LIMITIDA;2025-12-31;1074457;Cotas de Fundos;0;0;54994683;;2026-03-31
CLASSES - FIDC;61.289.877/0001-39;ORRAM ALOCAÇÃO FUNDO DE INVESTIMENTO EM COTAS DE FIDC - RESPONSABILIDADE LIMITIDA;2025-12-31;1074457;Valores a pagar;;;7500;;2026-03-31
CLASSES - FIDC;61.289.877/0001-39;ORRAM ALOCAÇÃO FUNDO DE INVESTIMENTO EM COTAS DE FIDC - RESPONSABILIDADE LIMITIDA;2025-12-31;1074457;Valores a receber;;;16230;;2026-03-31
CLASSES - FIDC;61.331.497/0001-15;VERONA FUNDO DE INVESTIMENTOS EM COTAS DE FUNDOS DE INVESTIMENTO EM DIREITOS CREDITORIOS;2025-12-31;1074660;Cotas de Fundos;0;0;43253290;;2026-03-31
CLASSES - FIDC;61.331.497/0001-15;VERONA FUNDO DE INVESTIMENTOS EM COTAS DE FUNDOS DE INVESTIMENTO EM DIREITOS CREDITORIOS;2025-12-31;1074660;Valores a pagar;;;79140;;2026-03-31
CLASSES - FIDC;61.331.497/0001-15;VERONA FUNDO DE INVESTIMENTOS EM COTAS DE FUNDOS DE INVESTIMENTO EM DIREITOS CREDITORIOS;2025-12-31;1074660;Valores a receber;;;292;;2026-03-31
CLASSES - FIDC;61.385.893/0001-25;FUNDO DE INVESTIMENTO EM COTAS DE FIDC SÊNIOR EXODUS INSTITUCIONAL - RESPONSABILIDADE LIMITADA;2025-12-31;1074976;Cotas de Fundos;0;0;169420268;;2026-03-31
CLASSES - FIDC;61.385.893/0001-25;FUNDO DE INVESTIMENTO EM COTAS DE FIDC SÊNIOR EXODUS INSTITUCIONAL - RESPONSABILIDADE LIMITADA;2025-12-31;1074976;Valores a pagar;;;6793;;2026-03-31
CLASSES - FIDC;61.385.893/0001-25;FUNDO DE INVESTIMENTO EM COTAS DE FIDC SÊNIOR EXODUS INSTITUCIONAL - RESPONSABILIDADE LIMITADA;2025-12-31;1074976;Valores a receber;;;502744;;2026-03-31
CLASSES - FIDC;61.653.345/0001-39;ARTESANAL BB I FI EM COTAS DE FI EM DIREITOS CREDITÓRIOS - RESPONSABILIDADE LIMITADA;2025-12-31;1081778;Cotas de Fundos;;;159034666;;2026-03-31
CLASSES - FIDC;61.653.345/0001-39;ARTESANAL BB I FI EM COTAS DE FI EM DIREITOS CREDITÓRIOS - RESPONSABILIDADE LIMITADA;2025-12-31;1081778;Disponibilidades;;;997;;2026-03-31
CLASSES - FIDC;61.653.345/0001-39;ARTESANAL BB I FI EM COTAS DE FI EM DIREITOS CREDITÓRIOS - RESPONSABILIDADE LIMITADA;2025-12-31;1081778;Valores a pagar;;;330392;;2026-03-31
CLASSES - FIDC;61.653.345/0001-39;ARTESANAL BB I FI EM COTAS DE FI EM DIREITOS CREDITÓRIOS - RESPONSABILIDADE LIMITADA;2025-12-31;1081778;Valores a receber;;;0;;2026-03-31
CLASSES - FIDC;62.410.525/0001-52;ILLASI FUNDO DE INVESTIMENTO EM COTAS DE FUNDO DE INVESTIMENTO EM DIREITOS CREDITÓRIOS;2025-12-31;1078605;Cotas de Fundos;;;86268052;;2026-03-31
CLASSES - FIDC;62.410.525/0001-52;ILLASI FUNDO DE INVESTIMENTO EM COTAS DE FUNDO DE INVESTIMENTO EM DIREITOS CREDITÓRIOS;2025-12-31;1078605;Disponibilidades;;;28516;;2026-03-31
CLASSES - FIDC;62.410.525/0001-52;ILLASI FUNDO DE INVESTIMENTO EM COTAS DE FUNDO DE INVESTIMENTO EM DIREITOS CREDITÓRIOS;2025-12-31;1078605;Valores a pagar;;;19690;;2026-03-31
CLASSES - FIDC;62.410.525/0001-52;ILLASI FUNDO DE INVESTIMENTO EM COTAS DE FUNDO DE INVESTIMENTO EM DIREITOS CREDITÓRIOS;2025-12-31;1078605;Valores a receber;;;356;;2026-03-31
CLASSES FIIM;38.350.645/0001-27;SAFRA ETF IBOVESPA FUNDO DE INDICE - RESPONSABILIDADE LIMITADA;2025-12-31;1084508;Ações;0;0;15836952;;2026-03-31
CLASSES FIIM;38.350.645/0001-27;SAFRA ETF IBOVESPA FUNDO DE INDICE - RESPONSABILIDADE LIMITADA;2025-12-31;1084508;Ações e outros TVM cedidos em empréstimo;;;2871930;;2026-03-31
CLASSES FIIM;38.350.645/0001-27;SAFRA ETF IBOVESPA FUNDO DE INDICE - RESPONSABILIDADE LIMITADA;2025-12-31;1084508;Certificado ou recibo de depósito de valores mobiliários;0;0;666922;;2026-03-31
CLASSES FIIM;38.350.645/0001-27;SAFRA ETF IBOVESPA FUNDO DE INDICE - RESPONSABILIDADE LIMITADA;2025-12-31;1084508;Operações Compromissadas;;;5181459;;2026-03-31
CLASSES FIIM;43.210.658/0001-30;SAFRA ETF MULHERES NA LIDERANÇA FUNDO DE ÍNDICE DE AÇÕES INVESTIMENTO SUSTENTÁVEL - RESP LIMITADA;2025-12-31;1084088;Ações;0;0;56125243;;2026-03-31
CLASSES FIIM;43.210.658/0001-30;SAFRA ETF MULHERES NA LIDERANÇA FUNDO DE ÍNDICE DE AÇÕES INVESTIMENTO SUSTENTÁVEL - RESP LIMITADA;2025-12-31;1084088;Certificado ou recibo de depósito de valores mobiliários;0;0;1925381;;2026-03-31
CLASSES FIIM;57.091.195/0001-40;SAFRA ETF IBOVESPA EMPRESAS PRIVADAS FUNDO DE INDICE - RESPONSABILIDADE LIMITADA;2025-12-31;1084301;Ações;0;0;26258082;;2026-03-31
CLASSES FIIM;57.091.195/0001-40;SAFRA ETF IBOVESPA EMPRESAS PRIVADAS FUNDO DE INDICE - RESPONSABILIDADE LIMITADA;2025-12-31;1084301;Certificado ou recibo de depósito de valores mobiliários;0;0;1793250;;2026-03-31
CLASSES FIIM;57.091.195/0001-40;SAFRA ETF IBOVESPA EMPRESAS PRIVADAS FUNDO DE INDICE - RESPONSABILIDADE LIMITADA;2025-12-31;1084301;Operações Compromissadas;;;107280;;2026-03-31
CLASSES FIIM;57.091.195/0001-40;SAFRA ETF IBOVESPA EMPRESAS PRIVADAS FUNDO DE INDICE - RESPONSABILIDADE LIMITADA;2025-12-31;1084301;Títulos Públicos;0;0;72324;;2026-03-31
CLASSES FIIM;57.091.257/0001-13;SAFRA ETF IBOVESPA EMPRESAS ESTATAIS FUNDO DE INDICE - RESPONSABILIDADE LIMITADA;2025-12-31;1084251;Ações;0;0;10563402;;2026-03-31
CLASSES FIIM;57.091.257/0001-13;SAFRA ETF IBOVESPA EMPRESAS ESTATAIS FUNDO DE INDICE - RESPONSABILIDADE LIMITADA;2025-12-31;1084251;Operações Compromissadas;;;72312;;2026-03-31
CLASSES FIIM;57.091.257/0001-13;SAFRA ETF IBOVESPA EMPRESAS ESTATAIS FUNDO DE INDICE - RESPONSABILIDADE LIMITADA;2025-12-31;1084251;Títulos Públicos;0;0;36162;;2026-03-31
CLASSES FIIM;61.736.225/0001-03;GENIAL TEVA DEBÊNTURES DI QUALITY HIGH BETA  FUNDO DE ÍNDICE;2025-12-31;1077710;Cotas de Fundos;;;1377837;;2026-03-31
CLASSES FIIM;61.736.225/0001-03;GENIAL TEVA DEBÊNTURES DI QUALITY HIGH BETA  FUNDO DE ÍNDICE;2025-12-31;1077710;Debêntures;;;42361307;;2026-03-31
CLASSES FIIM;61.736.225/0001-03;GENIAL TEVA DEBÊNTURES DI QUALITY HIGH BETA  FUNDO DE ÍNDICE;2025-12-31;1077710;Disponibilidades;;;3000;;2026-03-31
CLASSES FIIM;61.736.225/0001-03;GENIAL TEVA DEBÊNTURES DI QUALITY HIGH BETA  FUNDO DE ÍNDICE;2025-12-31;1077710;Títulos Públicos;0;106953;431643;;2026-03-31
CLASSES FIIM;61.736.225/0001-03;GENIAL TEVA DEBÊNTURES DI QUALITY HIGH BETA  FUNDO DE ÍNDICE;2025-12-31;1077710;Valores a pagar;;;20481;;2026-03-31
CLASSES FIIM;61.736.225/0001-03;GENIAL TEVA DEBÊNTURES DI QUALITY HIGH BETA  FUNDO DE ÍNDICE;2025-12-31;1077710;Valores a receber;;;1825;;2026-03-31
CLASSES FIIM;62.211.601/0001-09;BUENA VISTA NEOS GOLD HIGH INCOME INDEX FUNDO DE ÍNDICE DE RESPONSABILIDADE LIMITADA;2025-12-31;1082544;Investimento no Exterior;0;0;23840917;;2026-03-31
CLASSES FIIM;62.344.793/0001-13;NU IBOXX INVESTMENT GRADE HEDGE CARRY BRL  CLASSE DE ÍNDICE - RESPONSABILIDADE LIMITADA;2025-12-31;1085518;Brazilian Depository Receipt - BDR;;;49938;;2026-03-31
CLASSES FIIM;62.344.793/0001-13;NU IBOXX INVESTMENT GRADE HEDGE CARRY BRL  CLASSE DE ÍNDICE - RESPONSABILIDADE LIMITADA;2025-12-31;1085518;Cotas de Fundos;;;122357;;2026-03-31
CLASSES FIIM;62.344.793/0001-13;NU IBOXX INVESTMENT GRADE HEDGE CARRY BRL  CLASSE DE ÍNDICE - RESPONSABILIDADE LIMITADA;2025-12-31;1085518;Disponibilidades;;;57130;;2026-03-31
CLASSES FIIM;62.344.793/0001-13;NU IBOXX INVESTMENT GRADE HEDGE CARRY BRL  CLASSE DE ÍNDICE - RESPONSABILIDADE LIMITADA;2025-12-31;1085518;Investimento no Exterior;;;4546541;;2026-03-31
CLASSES FIIM;62.344.793/0001-13;NU IBOXX INVESTMENT GRADE HEDGE CARRY BRL  CLASSE DE ÍNDICE - RESPONSABILIDADE LIMITADA;2025-12-31;1085518;Mercado Futuro - Posições vendidas;;;74177;;2026-03-31
CLASSES FIIM;62.344.793/0001-13;NU IBOXX INVESTMENT GRADE HEDGE CARRY BRL  CLASSE DE ÍNDICE - RESPONSABILIDADE LIMITADA;2025-12-31;1085518;Títulos Públicos;0;0;10665923;;2026-03-31
CLASSES FIIM;62.344.793/0001-13;NU IBOXX INVESTMENT GRADE HEDGE CARRY BRL  CLASSE DE ÍNDICE - RESPONSABILIDADE LIMITADA;2025-12-31;1085518;Valores a pagar;;;3147;;2026-03-31
CLASSES FIIM;62.344.793/0001-13;NU IBOXX INVESTMENT GRADE HEDGE CARRY BRL  CLASSE DE ÍNDICE - RESPONSABILIDADE LIMITADA;2025-12-31;1085518;Valores a receber;;;2193;;2026-03-31
CLASSES FIIM;63.209.544/0001-88;BUENA VISTA DEX NEOS INTERNATIONAL HIGH INCOME FUNDO DE ÍNDICE DE RESPONSABILIDADE LIMITADA;2025-12-31;1082565;Investimento no Exterior;0;127832;9200071;;2026-03-31
CLASSES FIIM;63.829.366/0001-98;BUENA VISTA DEX VETTAFI NEOS ETHEREUM HIGH INCOME FUNDO DE ÍNDICE DE RESPONSABILIDADE LIMITADA;2025-12-31;1082564;Investimento no Exterior;0;9973510;10006742;;2026-03-31
FIDC;28.065.377/0001-48;SERRANA - FUNDO DE INVESTIMENTO EM QUOTAS DE FUNDO DE INVESTIMENTO EM DIREITOS CREDITÓRIOS;2025-12-31;1078266;Cotas de Fundos;3000;12;120443420;;2026-03-31
FIDC;28.065.377/0001-48;SERRANA - FUNDO DE INVESTIMENTO EM QUOTAS DE FUNDO DE INVESTIMENTO EM DIREITOS CREDITÓRIOS;2025-12-31;1078266;Disponibilidades;;;2140;;2026-03-31
FIDC;28.065.377/0001-48;SERRANA - FUNDO DE INVESTIMENTO EM QUOTAS DE FUNDO DE INVESTIMENTO EM DIREITOS CREDITÓRIOS;2025-12-31;1078266;Valores a pagar;;;774000;;2026-03-31
FIDC;28.065.377/0001-48;SERRANA - FUNDO DE INVESTIMENTO EM QUOTAS DE FUNDO DE INVESTIMENTO EM DIREITOS CREDITÓRIOS;2025-12-31;1078266;Valores a receber;;;2682;;2026-03-31
FIDC;29.010.886/0001-36;GUARDIANS FIC DE FUNDOS DE INVESTIMENTO EM DIREITOS CREDITÓRIOS;2025-12-31;1080971;Cotas de Fundos;0;0;37994310;;2026-03-31
FIDC;29.010.886/0001-36;GUARDIANS FIC DE FUNDOS DE INVESTIMENTO EM DIREITOS CREDITÓRIOS;2025-12-31;1080971;Disponibilidades;;;95859;;2026-03-31
FIDC;29.010.886/0001-36;GUARDIANS FIC DE FUNDOS DE INVESTIMENTO EM DIREITOS CREDITÓRIOS;2025-12-31;1080971;Títulos Públicos;0;0;12066;;2026-03-31
FIDC;29.010.886/0001-36;GUARDIANS FIC DE FUNDOS DE INVESTIMENTO EM DIREITOS CREDITÓRIOS;2025-12-31;1080971;Valores a pagar;;;225080;;2026-03-31
FIDC;29.010.886/0001-36;GUARDIANS FIC DE FUNDOS DE INVESTIMENTO EM DIREITOS CREDITÓRIOS;2025-12-31;1080971;Valores a receber;;;282;;2026-03-31
FIDC;31.368.739/0001-84;KATCH FUNDO DE INVESTIMENTO EM COTAS DE FUNDO DE INVESTIMENTO EM DIREITOS CREDITÓRIOS;2025-12-31;1078268;Cotas de Fundos;11268;0;31087529;;2026-03-31
FIDC;31.368.739/0001-84;KATCH FUNDO DE INVESTIMENTO EM COTAS DE FUNDO DE INVESTIMENTO EM DIREITOS CREDITÓRIOS;2025-12-31;1078268;Disponibilidades;;;10831;;2026-03-31
FIDC;31.368.739/0001-84;KATCH FUNDO DE INVESTIMENTO EM COTAS DE FUNDO DE INVESTIMENTO EM DIREITOS CREDITÓRIOS;2025-12-31;1078268;Valores a pagar;;;10668;;2026-03-31
FIDC;31.368.739/0001-84;KATCH FUNDO DE INVESTIMENTO EM COTAS DE FUNDO DE INVESTIMENTO EM DIREITOS CREDITÓRIOS;2025-12-31;1078268;Valores a receber;;;1257;;2026-03-31
FIDC;37.013.332/0001-10;VERDE AM CE II FUNDO DE INVESTIMENTO EM COTAS DE FIDC RESPONSABILIDADE LIMITADA;2025-12-31;1078761;Cotas de Fundos;;;258409949;;2026-03-31
FIDC;39.285.627/0001-71;GV LAGUNA FUNDO DE INVESTIMENTO EM COTAS DE FUNDO DE INVESTIMENTO EM DIREITOS CREDITÓRIOS;2025-12-31;1078596;Cotas de Fundos;;;160557942;;2026-03-31
FIDC;39.285.627/0001-71;GV LAGUNA FUNDO DE INVESTIMENTO EM COTAS DE FUNDO DE INVESTIMENTO EM DIREITOS CREDITÓRIOS;2025-12-31;1078596;Disponibilidades;;;73;;2026-03-31
FIDC;39.285.627/0001-71;GV LAGUNA FUNDO DE INVESTIMENTO EM COTAS DE FUNDO DE INVESTIMENTO EM DIREITOS CREDITÓRIOS;2025-12-31;1078596;Valores a pagar;;;548000;;2026-03-31
FIDC;39.285.627/0001-71;GV LAGUNA FUNDO DE INVESTIMENTO EM COTAS DE FUNDO DE INVESTIMENTO EM DIREITOS CREDITÓRIOS;2025-12-31;1078596;Valores a receber;;;110818;;2026-03-31
FIDC;42.827.518/0001-43;VERDE AM CRÉDITO ESTRUTURADO FIDC - CIC EM DIREITOS CREDITÓRIOS - RESPONSABILIDADE LIMITADA;2025-12-31;1078762;Cotas de Fundos;0;0;940408815;;2026-03-31
FIDC;43.871.874/0001-27;CARMEL FUNDO DE INVESTIMENTO EM COTAS DE FUNDO DE INVESTIMENTO EM DIREITOS CREDITÓRIOS;2025-12-31;1080976;Cotas de Fundos;6766093;8846899;71269657;;2026-03-31
FIDC;43.871.874/0001-27;CARMEL FUNDO DE INVESTIMENTO EM COTAS DE FUNDO DE INVESTIMENTO EM DIREITOS CREDITÓRIOS;2025-12-31;1080976;Disponibilidades;;;8834;;2026-03-31
FIDC;43.871.874/0001-27;CARMEL FUNDO DE INVESTIMENTO EM COTAS DE FUNDO DE INVESTIMENTO EM DIREITOS CREDITÓRIOS;2025-12-31;1080976;Valores a pagar;;;561774;;2026-03-31
FIDC;43.871.874/0001-27;CARMEL FUNDO DE INVESTIMENTO EM COTAS DE FUNDO DE INVESTIMENTO EM DIREITOS CREDITÓRIOS;2025-12-31;1080976;Valores a receber;;;301;;2026-03-31
FIDC;45.026.487/0001-10;EVEREST 30 FUNDO DE INVESTIMENTO EM COTAS DE FUNDO DE INVESTIMENTO EM DIREITOS CREDITÓRIOS;2025-12-31;1078586;Cotas de Fundos;;;30605081;;2026-03-31
FIDC;45.026.487/0001-10;EVEREST 30 FUNDO DE INVESTIMENTO EM COTAS DE FUNDO DE INVESTIMENTO EM DIREITOS CREDITÓRIOS;2025-12-31;1078586;Disponibilidades;;;50;;2026-03-31
FIDC;45.026.487/0001-10;EVEREST 30 FUNDO DE INVESTIMENTO EM COTAS DE FUNDO DE INVESTIMENTO EM DIREITOS CREDITÓRIOS;2025-12-31;1078586;Valores a pagar;;;195542;;2026-03-31
FIDC;45.026.487/0001-10;EVEREST 30 FUNDO DE INVESTIMENTO EM COTAS DE FUNDO DE INVESTIMENTO EM DIREITOS CREDITÓRIOS;2025-12-31;1078586;Valores a receber;;;3246;;2026-03-31
FIDC;47.862.169/0001-14;VKR FUNDO DE INVESTIMENTO EM COTAS DE FUNDO DE INVESTIMENTO EM DIREITOS CREDITÓRIOS;2025-12-31;1078267;Cotas de Fundos;0;0;11914508;;2026-03-31
FIDC;47.862.169/0001-14;VKR FUNDO DE INVESTIMENTO EM COTAS DE FUNDO DE INVESTIMENTO EM DIREITOS CREDITÓRIOS;2025-12-31;1078267;Disponibilidades;;;29528;;2026-03-31
FIDC;47.862.169/0001-14;VKR FUNDO DE INVESTIMENTO EM COTAS DE FUNDO DE INVESTIMENTO EM DIREITOS CREDITÓRIOS;2025-12-31;1078267;Valores a pagar;;;20391;;2026-03-31
FIDC;47.862.169/0001-14;VKR FUNDO DE INVESTIMENTO EM COTAS DE FUNDO DE INVESTIMENTO EM DIREITOS CREDITÓRIOS;2025-12-31;1078267;Valores a receber;;;648;;2026-03-31
FIDC;49.520.420/0001-98;AFINITTY FIC DE FIDC FINANCEIROS - RESPONSABILIDADE LIMITADA;2025-12-31;1080972;Cotas de Fundos;1250000;15270000;1431162649;;2026-03-31
FIDC;49.520.420/0001-98;AFINITTY FIC DE FIDC FINANCEIROS - RESPONSABILIDADE LIMITADA;2025-12-31;1080972;Disponibilidades;;;470;;2026-03-31
FIDC;49.520.420/0001-98;AFINITTY FIC DE FIDC FINANCEIROS - RESPONSABILIDADE LIMITADA;2025-12-31;1080972;Valores a pagar;;;12178820;;2026-03-31
FIDC;49.520.420/0001-98;AFINITTY FIC DE FIDC FINANCEIROS - RESPONSABILIDADE LIMITADA;2025-12-31;1080972;Valores a receber;;;9499479;;2026-03-31
FIDC;50.059.717/0001-87;STARKE 180 FUNDO DE INVESTIMENTO EM COTAS DE FIDC - RESPONSABILIDADE LIMITADA;2025-12-31;1078597;Cotas de Fundos;;;17325552;;2026-03-31
FIDC;50.059.717/0001-87;STARKE 180 FUNDO DE INVESTIMENTO EM COTAS DE FIDC - RESPONSABILIDADE LIMITADA;2025-12-31;1078597;Disponibilidades;;;93;;2026-03-31
FIDC;50.059.717/0001-87;STARKE 180 FUNDO DE INVESTIMENTO EM COTAS DE FIDC - RESPONSABILIDADE LIMITADA;2025-12-31;1078597;Valores a pagar;;;21582;;2026-03-31
FIDC;50.059.717/0001-87;STARKE 180 FUNDO DE INVESTIMENTO EM COTAS DE FIDC - RESPONSABILIDADE LIMITADA;2025-12-31;1078597;Valores a receber;;;2435;;2026-03-31
FIDC;51.304.974/0001-08;Arte LW Fundo de Investimento em Cotas de Fundo de Investimento em Direitos Creditórios;2025-12-31;1080973;Cotas de Fundos;2504905;3759999;121162903;;2026-03-31
FIDC;51.304.974/0001-08;Arte LW Fundo de Investimento em Cotas de Fundo de Investimento em Direitos Creditórios;2025-12-31;1080973;Disponibilidades;;;1118;;2026-03-31
FIDC;51.304.974/0001-08;Arte LW Fundo de Investimento em Cotas de Fundo de Investimento em Direitos Creditórios;2025-12-31;1080973;Valores a pagar;;;424634;;2026-03-31
FIDC;51.304.974/0001-08;Arte LW Fundo de Investimento em Cotas de Fundo de Investimento em Direitos Creditórios;2025-12-31;1080973;Valores a receber;;;1402237;;2026-03-31
FIDC;55.021.966/0001-05;ARTESANAL IAM HIGH YIELD FIC DE FIDC RESPONSABILIDADE LIMITADA;2025-12-31;1080977;Cotas de Fundos;835000;0;69553146;;2026-03-31
FIDC;55.021.966/0001-05;ARTESANAL IAM HIGH YIELD FIC DE FIDC RESPONSABILIDADE LIMITADA;2025-12-31;1080977;Disponibilidades;;;5668;;2026-03-31
FIDC;55.021.966/0001-05;ARTESANAL IAM HIGH YIELD FIC DE FIDC RESPONSABILIDADE LIMITADA;2025-12-31;1080977;Valores a pagar;;;12747;;2026-03-31
FIDC;55.021.966/0001-05;ARTESANAL IAM HIGH YIELD FIC DE FIDC RESPONSABILIDADE LIMITADA;2025-12-31;1080977;Valores a receber;;;488;;2026-03-31
FIDC;56.823.028/0001-83;CLASSE ÚNICA DE COTAS DO CLUBE DO VALOR SELEÇÃO CRÉDITO ESTRUTURADO FIC DE FIDC RESP LIMITADA;2025-12-31;1081004;Cotas de Fundos;;;13989517;;2026-03-31
FIDC;56.823.028/0001-83;CLASSE ÚNICA DE COTAS DO CLUBE DO VALOR SELEÇÃO CRÉDITO ESTRUTURADO FIC DE FIDC RESP LIMITADA;2025-12-31;1081004;Disponibilidades;;;1000;;2026-03-31
FIDC;56.823.028/0001-83;CLASSE ÚNICA DE COTAS DO CLUBE DO VALOR SELEÇÃO CRÉDITO ESTRUTURADO FIC DE FIDC RESP LIMITADA;2025-12-31;1081004;Valores a pagar;;;181051;;2026-03-31
FIDC;56.823.028/0001-83;CLASSE ÚNICA DE COTAS DO CLUBE DO VALOR SELEÇÃO CRÉDITO ESTRUTURADO FIC DE FIDC RESP LIMITADA;2025-12-31;1081004;Valores a receber;;;145;;2026-03-31
FIDC;56.964.123/0001-05;CAVORETTO FUNDO DE INVESTIMENTO EM COTAS DE FUNDO DE INVESTIMENTO EM DIREITOS CREDITÓRIOS;2025-12-31;1078585;Cotas de Fundos;;;31283376;;2026-03-31
FIDC;56.964.123/0001-05;CAVORETTO FUNDO DE INVESTIMENTO EM COTAS DE FUNDO DE INVESTIMENTO EM DIREITOS CREDITÓRIOS;2025-12-31;1078585;Disponibilidades;;;0;;2026-03-31
FIDC;56.964.123/0001-05;CAVORETTO FUNDO DE INVESTIMENTO EM COTAS DE FUNDO DE INVESTIMENTO EM DIREITOS CREDITÓRIOS;2025-12-31;1078585;Valores a pagar;;;38246;;2026-03-31
FIDC;56.964.123/0001-05;CAVORETTO FUNDO DE INVESTIMENTO EM COTAS DE FUNDO DE INVESTIMENTO EM DIREITOS CREDITÓRIOS;2025-12-31;1078585;Valores a receber;;;5348;;2026-03-31
FIDC;57.025.352/0001-19;M7 CAPITAL FUNDO DE INVESTIMENTO EM COTAS DE FUNDO DE INVESTIMENTO EM DIREITOS CREDITÓRIOS-RESP LIM;2025-12-31;1078592;Cotas de Fundos;;;7827604;;2026-03-31
FIDC;57.025.352/0001-19;M7 CAPITAL FUNDO DE INVESTIMENTO EM COTAS DE FUNDO DE INVESTIMENTO EM DIREITOS CREDITÓRIOS-RESP LIM;2025-12-31;1078592;Disponibilidades;;;1283;;2026-03-31
FIDC;57.025.352/0001-19;M7 CAPITAL FUNDO DE INVESTIMENTO EM COTAS DE FUNDO DE INVESTIMENTO EM DIREITOS CREDITÓRIOS-RESP LIM;2025-12-31;1078592;Títulos Públicos;0;0;4038;;2026-03-31
FIDC;57.025.352/0001-19;M7 CAPITAL FUNDO DE INVESTIMENTO EM COTAS DE FUNDO DE INVESTIMENTO EM DIREITOS CREDITÓRIOS-RESP LIM;2025-12-31;1078592;Valores a pagar;;;15047;;2026-03-31
FIDC;57.025.352/0001-19;M7 CAPITAL FUNDO DE INVESTIMENTO EM COTAS DE FUNDO DE INVESTIMENTO EM DIREITOS CREDITÓRIOS-RESP LIM;2025-12-31;1078592;Valores a receber;;;1115;;2026-03-31
FIDC;57.339.373/0001-09;EMPHASIS FUNDO DE INVESTIMENTO EM DIREITOS CREDITÓRIOS;2025-12-31;1078587;Cotas de Fundos;;;91025350;;2026-03-31
FIDC;57.339.373/0001-09;EMPHASIS FUNDO DE INVESTIMENTO EM DIREITOS CREDITÓRIOS;2025-12-31;1078587;Disponibilidades;;;100;;2026-03-31
FIDC;57.339.373/0001-09;EMPHASIS FUNDO DE INVESTIMENTO EM DIREITOS CREDITÓRIOS;2025-12-31;1078587;Valores a pagar;;;87793;;2026-03-31
FIDC;57.339.373/0001-09;EMPHASIS FUNDO DE INVESTIMENTO EM DIREITOS CREDITÓRIOS;2025-12-31;1078587;Valores a receber;;;4498;;2026-03-31
FIDC;57.535.898/0001-10;ARTESANAL CRÉDITO ESTRUTURADO II FIDC DE RESPONSABILIDADE LIMITADA;2025-12-31;1080974;Cotas de Fundos;230000;0;619052021;;2026-03-31
FIDC;57.535.898/0001-10;ARTESANAL CRÉDITO ESTRUTURADO II FIDC DE RESPONSABILIDADE LIMITADA;2025-12-31;1080974;Disponibilidades;;;10899;;2026-03-31
FIDC;57.535.898/0001-10;ARTESANAL CRÉDITO ESTRUTURADO II FIDC DE RESPONSABILIDADE LIMITADA;2025-12-31;1080974;Valores a pagar;;;270568;;2026-03-31
FIDC;57.535.898/0001-10;ARTESANAL CRÉDITO ESTRUTURADO II FIDC DE RESPONSABILIDADE LIMITADA;2025-12-31;1080974;Valores a receber;;;1701;;2026-03-31
FIDC;57.736.857/0001-91;ARTESANAL AFINITTY MEZ A FEEDER FUNDO DE INVESTIMENTO EM COTAS DE FIDC - RESPONSABILIDADE LIMITADA;2025-12-31;1080975;Cotas de Fundos;12000;4822;86529697;;2026-03-31
FIDC;57.736.857/0001-91;ARTESANAL AFINITTY MEZ A FEEDER FUNDO DE INVESTIMENTO EM COTAS DE FIDC - RESPONSABILIDADE LIMITADA;2025-12-31;1080975;Disponibilidades;;;0;;2026-03-31
FIDC;57.736.857/0001-91;ARTESANAL AFINITTY MEZ A FEEDER FUNDO DE INVESTIMENTO EM COTAS DE FIDC - RESPONSABILIDADE LIMITADA;2025-12-31;1080975;Valores a pagar;;;6628;;2026-03-31
FIDC;57.736.857/0001-91;ARTESANAL AFINITTY MEZ A FEEDER FUNDO DE INVESTIMENTO EM COTAS DE FIDC - RESPONSABILIDADE LIMITADA;2025-12-31;1080975;Valores a receber;;;494;;2026-03-31
FIDC;59.260.452/0001-55;GOPIN FUNDO DE INVESTIMENTO EM COTAS DE FUNDO DE INVESTIMENTO EM DIREITOS CREDITÓRIOS;2025-12-31;1078588;Cotas de Fundos;;;36154629;;2026-03-31
FIDC;59.260.452/0001-55;GOPIN FUNDO DE INVESTIMENTO EM COTAS DE FUNDO DE INVESTIMENTO EM DIREITOS CREDITÓRIOS;2025-12-31;1078588;Disponibilidades;;;3857;;2026-03-31
FIDC;59.260.452/0001-55;GOPIN FUNDO DE INVESTIMENTO EM COTAS DE FUNDO DE INVESTIMENTO EM DIREITOS CREDITÓRIOS;2025-12-31;1078588;Valores a pagar;;;12396;;2026-03-31
FIDC;59.260.452/0001-55;GOPIN FUNDO DE INVESTIMENTO EM COTAS DE FUNDO DE INVESTIMENTO EM DIREITOS CREDITÓRIOS;2025-12-31;1078588;Valores a receber;;;2471;;2026-03-31
FIDC;59.791.370/0001-37;TATUHY FUNDO DE INVESTIMENTO EM COTAS DE FUNDO DE INVESTIMENTO EM DIREITOS CREDITÓRIOS;2025-12-31;1078601;Cotas de Fundos;;;4316312;;2026-03-31
FIDC;59.791.370/0001-37;TATUHY FUNDO DE INVESTIMENTO EM COTAS DE FUNDO DE INVESTIMENTO EM DIREITOS CREDITÓRIOS;2025-12-31;1078601;Disponibilidades;;;70067;;2026-03-31
FIDC;59.791.370/0001-37;TATUHY FUNDO DE INVESTIMENTO EM COTAS DE FUNDO DE INVESTIMENTO EM DIREITOS CREDITÓRIOS;2025-12-31;1078601;Valores a pagar;;;13503;;2026-03-31
FIDC;59.791.370/0001-37;TATUHY FUNDO DE INVESTIMENTO EM COTAS DE FUNDO DE INVESTIMENTO EM DIREITOS CREDITÓRIOS;2025-12-31;1078601;Valores a receber;;;73;;2026-03-31
FIDC;60.095.738/0001-01;REACH CRÉDITO ESTRUTURADO FIC DE FIDC RESP LIMITADA;2025-12-31;1080991;Cotas de Fundos;;;91438164;;2026-03-31
FIDC;60.095.738/0001-01;REACH CRÉDITO ESTRUTURADO FIC DE FIDC RESP LIMITADA;2025-12-31;1080991;Disponibilidades;;;1000;;2026-03-31
FIDC;60.095.738/0001-01;REACH CRÉDITO ESTRUTURADO FIC DE FIDC RESP LIMITADA;2025-12-31;1080991;Valores a pagar;;;236555;;2026-03-31
FIDC;60.095.738/0001-01;REACH CRÉDITO ESTRUTURADO FIC DE FIDC RESP LIMITADA;2025-12-31;1080991;Valores a receber;;;77820;;2026-03-31
FIIM;60.553.995/0001-40;ISHARES BOVESPA BR+ CAP 5% B3 CLASSE DE ÍNDICE - RESPONSABILIDADE LIMITADA;2025-12-31;1078001;Ações;0;139619;15841050;;2026-03-31
FIIM;60.553.995/0001-40;ISHARES BOVESPA BR+ CAP 5% B3 CLASSE DE ÍNDICE - RESPONSABILIDADE LIMITADA;2025-12-31;1078001;Brazilian Depository Receipt - BDR;;;3097018;;2026-03-31
FIIM;60.553.995/0001-40;ISHARES BOVESPA BR+ CAP 5% B3 CLASSE DE ÍNDICE - RESPONSABILIDADE LIMITADA;2025-12-31;1078001;Certificado ou recibo de depósito de valores mobiliários;;;1099948;;2026-03-31
FIIM;60.553.995/0001-40;ISHARES BOVESPA BR+ CAP 5% B3 CLASSE DE ÍNDICE - RESPONSABILIDADE LIMITADA;2025-12-31;1078001;Disponibilidades;;;13717;;2026-03-31
FIIM;60.553.995/0001-40;ISHARES BOVESPA BR+ CAP 5% B3 CLASSE DE ÍNDICE - RESPONSABILIDADE LIMITADA;2025-12-31;1078001;Mercado Futuro - Posições compradas;;;1383;;2026-03-31
FIIM;60.553.995/0001-40;ISHARES BOVESPA BR+ CAP 5% B3 CLASSE DE ÍNDICE - RESPONSABILIDADE LIMITADA;2025-12-31;1078001;Operações Compromissadas;;;109381;;2026-03-31
FIIM;60.553.995/0001-40;ISHARES BOVESPA BR+ CAP 5% B3 CLASSE DE ÍNDICE - RESPONSABILIDADE LIMITADA;2025-12-31;1078001;Outros valores mobiliários registrados na CVM objeto de oferta pública;;;331;;2026-03-31
FIIM;60.553.995/0001-40;ISHARES BOVESPA BR+ CAP 5% B3 CLASSE DE ÍNDICE - RESPONSABILIDADE LIMITADA;2025-12-31;1078001;Valores a pagar;;;11688;;2026-03-31
FIIM;60.553.995/0001-40;ISHARES BOVESPA BR+ CAP 5% B3 CLASSE DE ÍNDICE - RESPONSABILIDADE LIMITADA;2025-12-31;1078001;Valores a receber;;;284623;;2026-03-31
FIIM;60.554.347/0001-08;ISHARES BOVESPA BR+ EQUAL WEIGHT B3 CLASSE DE ÍNDICE - RESPONSABILIDADE LIMITADA;2025-12-31;1078000;Ações;0;153217;16261323;;2026-03-31
FIIM;60.554.347/0001-08;ISHARES BOVESPA BR+ EQUAL WEIGHT B3 CLASSE DE ÍNDICE - RESPONSABILIDADE LIMITADA;2025-12-31;1078000;Brazilian Depository Receipt - BDR;;;1474663;;2026-03-31
FIIM;60.554.347/0001-08;ISHARES BOVESPA BR+ EQUAL WEIGHT B3 CLASSE DE ÍNDICE - RESPONSABILIDADE LIMITADA;2025-12-31;1078000;Certificado ou recibo de depósito de valores mobiliários;;;1445573;;2026-03-31
FIIM;60.554.347/0001-08;ISHARES BOVESPA BR+ EQUAL WEIGHT B3 CLASSE DE ÍNDICE - RESPONSABILIDADE LIMITADA;2025-12-31;1078000;Disponibilidades;;;14108;;2026-03-31
FIIM;60.554.347/0001-08;ISHARES BOVESPA BR+ EQUAL WEIGHT B3 CLASSE DE ÍNDICE - RESPONSABILIDADE LIMITADA;2025-12-31;1078000;Mercado Futuro - Posições compradas;;;1536;;2026-03-31
FIIM;60.554.347/0001-08;ISHARES BOVESPA BR+ EQUAL WEIGHT B3 CLASSE DE ÍNDICE - RESPONSABILIDADE LIMITADA;2025-12-31;1078000;Operações Compromissadas;;;86593;;2026-03-31
FIIM;60.554.347/0001-08;ISHARES BOVESPA BR+ EQUAL WEIGHT B3 CLASSE DE ÍNDICE - RESPONSABILIDADE LIMITADA;2025-12-31;1078000;Outros valores mobiliários registrados na CVM objeto de oferta pública;;;813;;2026-03-31
FIIM;60.554.347/0001-08;ISHARES BOVESPA BR+ EQUAL WEIGHT B3 CLASSE DE ÍNDICE - RESPONSABILIDADE LIMITADA;2025-12-31;1078000;Valores a pagar;;;11589;;2026-03-31
FIIM;60.554.347/0001-08;ISHARES BOVESPA BR+ EQUAL WEIGHT B3 CLASSE DE ÍNDICE - RESPONSABILIDADE LIMITADA;2025-12-31;1078000;Valores a receber;;;198032;;2026-03-31
FIIM;61.846.717/0001-43;NU NASDAQ BRAZIL BITCOIN CARRY FUTURES  CLASSE DE ÍNDICE - RESPONSABILIDADE LIMITADA;2025-12-31;1077573;Cotas de Fundos;;;450786;;2026-03-31
FIIM;61.846.717/0001-43;NU NASDAQ BRAZIL BITCOIN CARRY FUTURES  CLASSE DE ÍNDICE - RESPONSABILIDADE LIMITADA;2025-12-31;1077573;Disponibilidades;;;3000;;2026-03-31
FIIM;61.846.717/0001-43;NU NASDAQ BRAZIL BITCOIN CARRY FUTURES  CLASSE DE ÍNDICE - RESPONSABILIDADE LIMITADA;2025-12-31;1077573;Mercado Futuro - Posições compradas;;;-29584;;2026-03-31
FIIM;61.846.717/0001-43;NU NASDAQ BRAZIL BITCOIN CARRY FUTURES  CLASSE DE ÍNDICE - RESPONSABILIDADE LIMITADA;2025-12-31;1077573;Títulos Públicos;0;0;3389848;;2026-03-31
FIIM;61.846.717/0001-43;NU NASDAQ BRAZIL BITCOIN CARRY FUTURES  CLASSE DE ÍNDICE - RESPONSABILIDADE LIMITADA;2025-12-31;1077573;Valores a pagar;;;1792;;2026-03-31
FIIM;61.846.717/0001-43;NU NASDAQ BRAZIL BITCOIN CARRY FUTURES  CLASSE DE ÍNDICE - RESPONSABILIDADE LIMITADA;2025-12-31;1077573;Valores a receber;;;2207;;2026-03-31
FIIM;62.344.693/0001-97;NU IBOXX HIGH YIELD HEDGE CARRY BRL CLASSE  DE ÍNDICE - RESPONSABILIDADE LIMITADA;2025-12-31;1077574;Brazilian Depository Receipt - BDR;;;2165;;2026-03-31
FIIM;62.344.693/0001-97;NU IBOXX HIGH YIELD HEDGE CARRY BRL CLASSE  DE ÍNDICE - RESPONSABILIDADE LIMITADA;2025-12-31;1077574;Cotas de Fundos;;;805014;;2026-03-31
FIIM;62.344.693/0001-97;NU IBOXX HIGH YIELD HEDGE CARRY BRL CLASSE  DE ÍNDICE - RESPONSABILIDADE LIMITADA;2025-12-31;1077574;Disponibilidades;;;139188;;2026-03-31
FIIM;62.344.693/0001-97;NU IBOXX HIGH YIELD HEDGE CARRY BRL CLASSE  DE ÍNDICE - RESPONSABILIDADE LIMITADA;2025-12-31;1077574;Investimento no Exterior;;;14413034;;2026-03-31
FIIM;62.344.693/0001-97;NU IBOXX HIGH YIELD HEDGE CARRY BRL CLASSE  DE ÍNDICE - RESPONSABILIDADE LIMITADA;2025-12-31;1077574;Mercado Futuro - Posições vendidas;;;232364;;2026-03-31
FIIM;62.344.693/0001-97;NU IBOXX HIGH YIELD HEDGE CARRY BRL CLASSE  DE ÍNDICE - RESPONSABILIDADE LIMITADA;2025-12-31;1077574;Títulos Públicos;0;1396585;5179560;;2026-03-31
FIIM;62.344.693/0001-97;NU IBOXX HIGH YIELD HEDGE CARRY BRL CLASSE  DE ÍNDICE - RESPONSABILIDADE LIMITADA;2025-12-31;1077574;Valores a pagar;;;5497;;2026-03-31
FIIM;62.344.693/0001-97;NU IBOXX HIGH YIELD HEDGE CARRY BRL CLASSE  DE ÍNDICE - RESPONSABILIDADE LIMITADA;2025-12-31;1077574;Valores a receber;;;2918;;2026-03-31
FIIM;63.001.985/0001-90;NU CDI TESOURO SELIC B3 CLASSE DE ÍNDICE - RESPONSABILIDADE LIMITADA;2025-12-31;1077575;Cotas de Fundos;;;586980;;2026-03-31
FIIM;63.001.985/0001-90;NU CDI TESOURO SELIC B3 CLASSE DE ÍNDICE - RESPONSABILIDADE LIMITADA;2025-12-31;1077575;Disponibilidades;;;3000;;2026-03-31
FIIM;63.001.985/0001-90;NU CDI TESOURO SELIC B3 CLASSE DE ÍNDICE - RESPONSABILIDADE LIMITADA;2025-12-31;1077575;Títulos Públicos;0;10007662;35418847;;2026-03-31
FIIM;63.001.985/0001-90;NU CDI TESOURO SELIC B3 CLASSE DE ÍNDICE - RESPONSABILIDADE LIMITADA;2025-12-31;1077575;Valores a pagar;;;5386;;2026-03-31
FIIM;63.001.985/0001-90;NU CDI TESOURO SELIC B3 CLASSE DE ÍNDICE - RESPONSABILIDADE LIMITADA;2025-12-31;1077575;Valores a receber;;;0;;2026-03-31
FIIM;63.428.769/0001-25;GENIAL TEVA AÇÕES HIGH BETA CLASSE DE ÍNDICE RESP LIMITADA;2025-12-31;1077576;Ações;0;4677509;4528965;;2026-03-31
FIIM;63.428.769/0001-25;GENIAL TEVA AÇÕES HIGH BETA CLASSE DE ÍNDICE RESP LIMITADA;2025-12-31;1077576;Brazilian Depository Receipt - BDR;;;1068492;;2026-03-31
FIIM;63.428.769/0001-25;GENIAL TEVA AÇÕES HIGH BETA CLASSE DE ÍNDICE RESP LIMITADA;2025-12-31;1077576;Certificado ou recibo de depósito de valores mobiliários;;;151640;;2026-03-31
FIIM;63.428.769/0001-25;GENIAL TEVA AÇÕES HIGH BETA CLASSE DE ÍNDICE RESP LIMITADA;2025-12-31;1077576;Cotas de Fundos;;;122992;;2026-03-31
FIIM;63.428.769/0001-25;GENIAL TEVA AÇÕES HIGH BETA CLASSE DE ÍNDICE RESP LIMITADA;2025-12-31;1077576;Disponibilidades;;;1793;;2026-03-31
FIIM;63.428.769/0001-25;GENIAL TEVA AÇÕES HIGH BETA CLASSE DE ÍNDICE RESP LIMITADA;2025-12-31;1077576;Valores a pagar;;;1704;;2026-03-31
FIIM;63.428.769/0001-25;GENIAL TEVA AÇÕES HIGH BETA CLASSE DE ÍNDICE RESP LIMITADA;2025-12-31;1077576;Valores a receber;;;56717;;2026-03-31
FIIM;63.715.020/0001-69;TREND ETF B3 OURO CLASSE DE ÍNDICE - RESPONSABILIDADE LIMITADA;2025-12-31;1078254;Cotas de Fundos;;;3427102;;2026-03-31
FIIM;63.715.020/0001-69;TREND ETF B3 OURO CLASSE DE ÍNDICE - RESPONSABILIDADE LIMITADA;2025-12-31;1078254;Disponibilidades;;;3000;;2026-03-31
FIIM;63.715.020/0001-69;TREND ETF B3 OURO CLASSE DE ÍNDICE - RESPONSABILIDADE LIMITADA;2025-12-31;1078254;Mercado Futuro - Posições compradas;;;111967;;2026-03-31
FIIM;63.715.020/0001-69;TREND ETF B3 OURO CLASSE DE ÍNDICE - RESPONSABILIDADE LIMITADA;2025-12-31;1078254;Títulos Públicos;0;9010416;9040522;;2026-03-31
FIIM;63.715.020/0001-69;TREND ETF B3 OURO CLASSE DE ÍNDICE - RESPONSABILIDADE LIMITADA;2025-12-31;1078254;Valores a pagar;;;734;;2026-03-31
FIIM;63.715.020/0001-69;TREND ETF B3 OURO CLASSE DE ÍNDICE - RESPONSABILIDADE LIMITADA;2025-12-31;1078254;Valores a receber;;;0;;2026-03-31
FIIM;63.734.820/0001-27;NU LETRAS FINANCEIRAS ANBIMA CLASSE DE  ÍNDICE - RESPONSABILIDADE LIMITADA;2025-12-31;1078253;Cotas de Fundos;;;179606;;2026-03-31
FIIM;63.734.820/0001-27;NU LETRAS FINANCEIRAS ANBIMA CLASSE DE  ÍNDICE - RESPONSABILIDADE LIMITADA;2025-12-31;1078253;Disponibilidades;;;3000;;2026-03-31
FIIM;63.734.820/0001-27;NU LETRAS FINANCEIRAS ANBIMA CLASSE DE  ÍNDICE - RESPONSABILIDADE LIMITADA;2025-12-31;1078253;Valores a pagar;;;3560;;2026-03-31
FIIM;63.734.820/0001-27;NU LETRAS FINANCEIRAS ANBIMA CLASSE DE  ÍNDICE - RESPONSABILIDADE LIMITADA;2025-12-31;1078253;Valores a receber;;;0;;2026-03-31
FIIM;63.747.287/0001-38;TREND ETF S&P 500 QUANTO CLASSE DE ÍNDICE - RESPONSABILIDADE LIMITADA;2025-12-31;1077577;Cotas de Fundos;;;230143;;2026-03-31
FIIM;63.747.287/0001-38;TREND ETF S&P 500 QUANTO CLASSE DE ÍNDICE - RESPONSABILIDADE LIMITADA;2025-12-31;1077577;Disponibilidades;;;1793;;2026-03-31
FIIM;63.747.287/0001-38;TREND ETF S&P 500 QUANTO CLASSE DE ÍNDICE - RESPONSABILIDADE LIMITADA;2025-12-31;1077577;Mercado Futuro - Posições compradas;;;-2142;;2026-03-31
FIIM;63.747.287/0001-38;TREND ETF S&P 500 QUANTO CLASSE DE ÍNDICE - RESPONSABILIDADE LIMITADA;2025-12-31;1077577;Títulos Públicos;0;2257629;2260130;;2026-03-31
FIIM;63.747.287/0001-38;TREND ETF S&P 500 QUANTO CLASSE DE ÍNDICE - RESPONSABILIDADE LIMITADA;2025-12-31;1077577;Valores a pagar;;;65;;2026-03-31
FIIM;63.747.287/0001-38;TREND ETF S&P 500 QUANTO CLASSE DE ÍNDICE - RESPONSABILIDADE LIMITADA;2025-12-31;1077577;Valores a receber;;;0;;2026-03-31
FIIM;63.747.438/0001-58;TREND ETF S&P / B3 DOLAR CLASSE DE ÍNDICE - RESPONSABILIDADE LIMITADA;2025-12-31;1077578;Cotas de Fundos;;;255651;;2026-03-31
FIIM;63.747.438/0001-58;TREND ETF S&P / B3 DOLAR CLASSE DE ÍNDICE - RESPONSABILIDADE LIMITADA;2025-12-31;1077578;Disponibilidades;;;1793;;2026-03-31
FIIM;63.747.438/0001-58;TREND ETF S&P / B3 DOLAR CLASSE DE ÍNDICE - RESPONSABILIDADE LIMITADA;2025-12-31;1077578;Mercado Futuro - Posições compradas;;;-40217;;2026-03-31
FIIM;63.747.438/0001-58;TREND ETF S&P / B3 DOLAR CLASSE DE ÍNDICE - RESPONSABILIDADE LIMITADA;2025-12-31;1077578;Títulos Públicos;0;2257629;2260130;;2026-03-31
FIIM;63.747.438/0001-58;TREND ETF S&P / B3 DOLAR CLASSE DE ÍNDICE - RESPONSABILIDADE LIMITADA;2025-12-31;1077578;Valores a pagar;;;65;;2026-03-31
FIIM;63.747.438/0001-58;TREND ETF S&P / B3 DOLAR CLASSE DE ÍNDICE - RESPONSABILIDADE LIMITADA;2025-12-31;1077578;Valores a receber;;;0;;2026-03-31
