TP_FUNDO_CLASSE;CNPJ_FUNDO_CLASSE;DENOM_SOCIAL;DT_COMPTC;ID_DOC;TP_APLIC;VL_VENDA_NEGOC;VL_AQUIS_NEGOC;VL_MERC_POS_FINAL;VL_CUSTO_POS_FINAL;DT_CONFID_APLIC
CLASSES - FIDC;09.260.031/0001-56;FUNDO DE INVESTIMENTO EM QUOTAS DE FUNDO DE INVESTIMENTO EM DIREITOS CREDITÓRIOS NÃO PADRONIZADO SRM;2026-02-28;1131740;Cotas de Fundos;0;0;76300509;;2026-05-29
CLASSES - FIDC;09.260.031/0001-56;FUNDO DE INVESTIMENTO EM QUOTAS DE FUNDO DE INVESTIMENTO EM DIREITOS CREDITÓRIOS NÃO PADRONIZADO SRM;2026-02-28;1131740;Valores a pagar;;;19037;;2026-05-29
CLASSES - FIDC;09.260.031/0001-56;FUNDO DE INVESTIMENTO EM QUOTAS DE FUNDO DE INVESTIMENTO EM DIREITOS CREDITÓRIOS NÃO PADRONIZADO SRM;2026-02-28;1131740;Valores a receber;;;15329;;2026-05-29
CLASSES - FIDC;11.702.303/0001-72;CAPITAL ONE FUNDO DE INVESTIMENTO EM COTAS DE FUNDOS DE INVESTIMENTO DIREITOS CREDITÓRIOS;2026-02-28;1130924;Cotas de Fundos;;;57103033;;2026-05-29
CLASSES - FIDC;11.702.303/0001-72;CAPITAL ONE FUNDO DE INVESTIMENTO EM COTAS DE FUNDOS DE INVESTIMENTO DIREITOS CREDITÓRIOS;2026-02-28;1130924;Outras aplicações;;;1552739;;2026-05-29
CLASSES - FIDC;11.702.303/0001-72;CAPITAL ONE FUNDO DE INVESTIMENTO EM COTAS DE FUNDOS DE INVESTIMENTO DIREITOS CREDITÓRIOS;2026-02-28;1130924;Títulos Públicos;0;0;3585081;;2026-05-29
CLASSES - FIDC;11.702.303/0001-72;CAPITAL ONE FUNDO DE INVESTIMENTO EM COTAS DE FUNDOS DE INVESTIMENTO DIREITOS CREDITÓRIOS;2026-02-28;1130924;Valores a pagar;;;14710;;2026-05-29
CLASSES - FIDC;11.702.303/0001-72;CAPITAL ONE FUNDO DE INVESTIMENTO EM COTAS DE FUNDOS DE INVESTIMENTO DIREITOS CREDITÓRIOS;2026-02-28;1130924;Valores a receber;;;12484;;2026-05-29
CLASSES - FIDC;11.827.500/0001-18;FC FI EM COTAS DE FUNDO DE INVESTIMENTO EM DIREITOS CREDITÓRIOS - RESPONSABILIDADE LIMITADA;2026-02-28;1129199;Disponibilidades;;;0;;2026-05-29
CLASSES - FIDC;11.827.500/0001-18;FC FI EM COTAS DE FUNDO DE INVESTIMENTO EM DIREITOS CREDITÓRIOS - RESPONSABILIDADE LIMITADA;2026-02-28;1129199;Outras operações passivas e exigibilidades;;;1428955;;2026-05-29
CLASSES - FIDC;11.827.500/0001-18;FC FI EM COTAS DE FUNDO DE INVESTIMENTO EM DIREITOS CREDITÓRIOS - RESPONSABILIDADE LIMITADA;2026-02-28;1129199;Valores a pagar;;;2950011;;2026-05-29
CLASSES - FIDC;11.827.500/0001-18;FC FI EM COTAS DE FUNDO DE INVESTIMENTO EM DIREITOS CREDITÓRIOS - RESPONSABILIDADE LIMITADA;2026-02-28;1129199;Valores a receber;;;24801;;2026-05-29
CLASSES - FIDC;12.565.143/0001-20;FC2 FIC DE FUNDO DE INVESTIMENTO EM DIREITOS CREDITÓRIOS RESPONSABILIDADE LIMITADA;2026-02-28;1129200;Disponibilidades;;;0;;2026-05-29
CLASSES - FIDC;12.565.143/0001-20;FC2 FIC DE FUNDO DE INVESTIMENTO EM DIREITOS CREDITÓRIOS RESPONSABILIDADE LIMITADA;2026-02-28;1129200;Outras operações passivas e exigibilidades;;;45382;;2026-05-29
CLASSES - FIDC;12.565.143/0001-20;FC2 FIC DE FUNDO DE INVESTIMENTO EM DIREITOS CREDITÓRIOS RESPONSABILIDADE LIMITADA;2026-02-28;1129200;Valores a pagar;;;240872;;2026-05-29
CLASSES - FIDC;12.565.143/0001-20;FC2 FIC DE FUNDO DE INVESTIMENTO EM DIREITOS CREDITÓRIOS RESPONSABILIDADE LIMITADA;2026-02-28;1129200;Valores a receber;;;3180;;2026-05-29
CLASSES - FIDC;12.660.458/0001-56;FC4 FIC DE FUNDO DE INVESTIMENTO EM DIREITOS CREDITÓRIOS RESPONSABILIDADE LIMITADA;2026-02-28;1129202;Disponibilidades;;;0;;2026-05-29
CLASSES - FIDC;12.660.458/0001-56;FC4 FIC DE FUNDO DE INVESTIMENTO EM DIREITOS CREDITÓRIOS RESPONSABILIDADE LIMITADA;2026-02-28;1129202;Outras operações passivas e exigibilidades;;;127815;;2026-05-29
CLASSES - FIDC;12.660.458/0001-56;FC4 FIC DE FUNDO DE INVESTIMENTO EM DIREITOS CREDITÓRIOS RESPONSABILIDADE LIMITADA;2026-02-28;1129202;Valores a pagar;;;399877;;2026-05-29
CLASSES - FIDC;12.660.458/0001-56;FC4 FIC DE FUNDO DE INVESTIMENTO EM DIREITOS CREDITÓRIOS RESPONSABILIDADE LIMITADA;2026-02-28;1129202;Valores a receber;;;4382;;2026-05-29
CLASSES - FIDC;12.660.462/0001-14;FC3 FI EM COTAS DE FUNDO DE INVESTIMENTO EM DIREITOS CREDITÓRIOS - RESPONSABILIDA LIMITADA;2026-02-28;1129201;Disponibilidades;;;0;;2026-05-29
CLASSES - FIDC;12.660.462/0001-14;FC3 FI EM COTAS DE FUNDO DE INVESTIMENTO EM DIREITOS CREDITÓRIOS - RESPONSABILIDA LIMITADA;2026-02-28;1129201;Outras operações passivas e exigibilidades;;;172311;;2026-05-29
CLASSES - FIDC;12.660.462/0001-14;FC3 FI EM COTAS DE FUNDO DE INVESTIMENTO EM DIREITOS CREDITÓRIOS - RESPONSABILIDA LIMITADA;2026-02-28;1129201;Valores a pagar;;;466752;;2026-05-29
CLASSES - FIDC;12.660.462/0001-14;FC3 FI EM COTAS DE FUNDO DE INVESTIMENTO EM DIREITOS CREDITÓRIOS - RESPONSABILIDA LIMITADA;2026-02-28;1129201;Valores a receber;;;4979;;2026-05-29
CLASSES - FIDC;12.660.468/0001-91;FC5 FI EM COTAS DE FUNDO DE INVESTIMENTO EM DIREITOS CREDITÓRIOS - RESPONSABILIDA LIMITADA;2026-02-28;1129203;Disponibilidades;;;0;;2026-05-29
CLASSES - FIDC;12.660.468/0001-91;FC5 FI EM COTAS DE FUNDO DE INVESTIMENTO EM DIREITOS CREDITÓRIOS - RESPONSABILIDA LIMITADA;2026-02-28;1129203;Outras operações passivas e exigibilidades;;;45382;;2026-05-29
CLASSES - FIDC;12.660.468/0001-91;FC5 FI EM COTAS DE FUNDO DE INVESTIMENTO EM DIREITOS CREDITÓRIOS - RESPONSABILIDA LIMITADA;2026-02-28;1129203;Valores a pagar;;;243240;;2026-05-29
CLASSES - FIDC;12.660.468/0001-91;FC5 FI EM COTAS DE FUNDO DE INVESTIMENTO EM DIREITOS CREDITÓRIOS - RESPONSABILIDA LIMITADA;2026-02-28;1129203;Valores a receber;;;3179;;2026-05-29
CLASSES - FIDC;12.674.251/0001-30;FC8 FI EM COTAS DE FUNDO DE INVESTIMENTO EM DIREITOS CREDITÓRIOS - RESPONSABILIDA LIMITADA;2026-02-28;1129205;Disponibilidades;;;0;;2026-05-29
CLASSES - FIDC;12.674.251/0001-30;FC8 FI EM COTAS DE FUNDO DE INVESTIMENTO EM DIREITOS CREDITÓRIOS - RESPONSABILIDA LIMITADA;2026-02-28;1129205;Outras operações passivas e exigibilidades;;;1036224;;2026-05-29
CLASSES - FIDC;12.674.251/0001-30;FC8 FI EM COTAS DE FUNDO DE INVESTIMENTO EM DIREITOS CREDITÓRIOS - RESPONSABILIDA LIMITADA;2026-02-28;1129205;Valores a pagar;;;1731828;;2026-05-29
CLASSES - FIDC;12.674.251/0001-30;FC8 FI EM COTAS DE FUNDO DE INVESTIMENTO EM DIREITOS CREDITÓRIOS - RESPONSABILIDA LIMITADA;2026-02-28;1129205;Valores a receber;;;16648;;2026-05-29
CLASSES - FIDC;12.674.257/0001-08;FC6 FIC DE FUNDO DE INVESTIMENTO EM DIREITOS CREDITÓRIOS RESPONSABILIDADE LIMITADA;2026-02-28;1129204;Disponibilidades;;;0;;2026-05-29
CLASSES - FIDC;12.674.257/0001-08;FC6 FIC DE FUNDO DE INVESTIMENTO EM DIREITOS CREDITÓRIOS RESPONSABILIDADE LIMITADA;2026-02-28;1129204;Outras operações passivas e exigibilidades;;;137412;;2026-05-29
CLASSES - FIDC;12.674.257/0001-08;FC6 FIC DE FUNDO DE INVESTIMENTO EM DIREITOS CREDITÓRIOS RESPONSABILIDADE LIMITADA;2026-02-28;1129204;Valores a pagar;;;402517;;2026-05-29
CLASSES - FIDC;12.674.257/0001-08;FC6 FIC DE FUNDO DE INVESTIMENTO EM DIREITOS CREDITÓRIOS RESPONSABILIDADE LIMITADA;2026-02-28;1129204;Valores a receber;;;4513;;2026-05-29
CLASSES - FIDC;14.744.913/0001-27;MULTIPLIX FIC DE FUNDOS DE INVESTIMENTO EM DIREITOS CREDITÓRIOS - RESPONSABILIDADE LIMITADA;2026-02-28;1131713;Cotas de Fundos;0;0;48376646;;2026-05-29
CLASSES - FIDC;14.744.913/0001-27;MULTIPLIX FIC DE FUNDOS DE INVESTIMENTO EM DIREITOS CREDITÓRIOS - RESPONSABILIDADE LIMITADA;2026-02-28;1131713;Valores a pagar;;;9047;;2026-05-29
CLASSES - FIDC;14.744.913/0001-27;MULTIPLIX FIC DE FUNDOS DE INVESTIMENTO EM DIREITOS CREDITÓRIOS - RESPONSABILIDADE LIMITADA;2026-02-28;1131713;Valores a receber;;;3558;;2026-05-29
CLASSES - FIDC;17.198.845/0001-36;INVISTA I FIC FIDC MULTISSETORIAL NAO PADRONIZADO;2026-02-28;1131724;Cotas de Fundos;0;0;2101262671;;2026-05-29
CLASSES - FIDC;17.198.845/0001-36;INVISTA I FIC FIDC MULTISSETORIAL NAO PADRONIZADO;2026-02-28;1131724;Valores a pagar;;;39252;;2026-05-29
CLASSES - FIDC;17.198.845/0001-36;INVISTA I FIC FIDC MULTISSETORIAL NAO PADRONIZADO;2026-02-28;1131724;Valores a receber;;;20653;;2026-05-29
CLASSES - FIDC;18.048.642/0001-26;BLC FUNDO DE INVESTIMENTO EM COTAS DE FUNDOS DE INVESTIMENTO EM DIREITOS CREDITÓRIOS NÃO-PADRONIZADO;2026-02-28;1130738;Cotas de Fundos;;;2530954970;;2026-05-29
CLASSES - FIDC;18.048.642/0001-26;BLC FUNDO DE INVESTIMENTO EM COTAS DE FUNDOS DE INVESTIMENTO EM DIREITOS CREDITÓRIOS NÃO-PADRONIZADO;2026-02-28;1130738;Valores a pagar;;;7365139;;2026-05-29
CLASSES - FIDC;20.997.817/0001-93;SPECIAL SITUATIONS II FI EM COTAS DE FUNDO DE INVESTIMENTO EM DIREITOS CREDITÓRIOS MULTICARTEIRA;2026-02-28;1129197;Cotas de Fundos;;;10718320;;2026-05-29
CLASSES - FIDC;20.997.817/0001-93;SPECIAL SITUATIONS II FI EM COTAS DE FUNDO DE INVESTIMENTO EM DIREITOS CREDITÓRIOS MULTICARTEIRA;2026-02-28;1129197;Disponibilidades;;;3545;;2026-05-29
CLASSES - FIDC;20.997.817/0001-93;SPECIAL SITUATIONS II FI EM COTAS DE FUNDO DE INVESTIMENTO EM DIREITOS CREDITÓRIOS MULTICARTEIRA;2026-02-28;1129197;Títulos Públicos;0;0;129260;;2026-05-29
CLASSES - FIDC;20.997.817/0001-93;SPECIAL SITUATIONS II FI EM COTAS DE FUNDO DE INVESTIMENTO EM DIREITOS CREDITÓRIOS MULTICARTEIRA;2026-02-28;1129197;Valores a pagar;;;258632;;2026-05-29
CLASSES - FIDC;20.997.817/0001-93;SPECIAL SITUATIONS II FI EM COTAS DE FUNDO DE INVESTIMENTO EM DIREITOS CREDITÓRIOS MULTICARTEIRA;2026-02-28;1129197;Valores a receber;;;4106;;2026-05-29
CLASSES - FIDC;20.997.818/0001-38;SPECIAL SITUATIONS I FI EM COTAS DE FUNDO DE INVESTIMENTO EM DIREITOS CREDITÓRIOS MULTICARTEIRA;2026-02-28;1129195;Cotas de Fundos;;;11802472;;2026-05-29
CLASSES - FIDC;20.997.818/0001-38;SPECIAL SITUATIONS I FI EM COTAS DE FUNDO DE INVESTIMENTO EM DIREITOS CREDITÓRIOS MULTICARTEIRA;2026-02-28;1129195;Disponibilidades;;;7415;;2026-05-29
CLASSES - FIDC;20.997.818/0001-38;SPECIAL SITUATIONS I FI EM COTAS DE FUNDO DE INVESTIMENTO EM DIREITOS CREDITÓRIOS MULTICARTEIRA;2026-02-28;1129195;Títulos Públicos;0;0;73863;;2026-05-29
CLASSES - FIDC;20.997.818/0001-38;SPECIAL SITUATIONS I FI EM COTAS DE FUNDO DE INVESTIMENTO EM DIREITOS CREDITÓRIOS MULTICARTEIRA;2026-02-28;1129195;Valores a pagar;;;286344;;2026-05-29
CLASSES - FIDC;20.997.818/0001-38;SPECIAL SITUATIONS I FI EM COTAS DE FUNDO DE INVESTIMENTO EM DIREITOS CREDITÓRIOS MULTICARTEIRA;2026-02-28;1129195;Valores a receber;;;9920;;2026-05-29
CLASSES - FIDC;22.150.467/0001-50;VINCI CRÉDITO ESTRUTURADO SELECTION ADVISORY FIC DE DIREITOS CREDITÓRIOS - RESP LIMITADA;2026-02-28;1135897;Cotas de Fundos;;;329591707;;2026-05-29
CLASSES - FIDC;22.150.467/0001-50;VINCI CRÉDITO ESTRUTURADO SELECTION ADVISORY FIC DE DIREITOS CREDITÓRIOS - RESP LIMITADA;2026-02-28;1135897;Disponibilidades;;;500;;2026-05-29
CLASSES - FIDC;22.150.467/0001-50;VINCI CRÉDITO ESTRUTURADO SELECTION ADVISORY FIC DE DIREITOS CREDITÓRIOS - RESP LIMITADA;2026-02-28;1135897;Operações Compromissadas;;;73234231;;2026-05-29
CLASSES - FIDC;22.150.467/0001-50;VINCI CRÉDITO ESTRUTURADO SELECTION ADVISORY FIC DE DIREITOS CREDITÓRIOS - RESP LIMITADA;2026-02-28;1135897;Valores a pagar;;;1058538;;2026-05-29
CLASSES - FIDC;22.150.467/0001-50;VINCI CRÉDITO ESTRUTURADO SELECTION ADVISORY FIC DE DIREITOS CREDITÓRIOS - RESP LIMITADA;2026-02-28;1135897;Valores a receber;;;672;;2026-05-29
CLASSES - FIDC;22.282.621/0001-48;VINCI CRÉDITO ESTRUTURADO SELEÇÃO FIC DE FIDC - RESP LIMITADA;2026-02-28;1135895;Cotas de Fundos;;;114906885;;2026-05-29
CLASSES - FIDC;22.282.621/0001-48;VINCI CRÉDITO ESTRUTURADO SELEÇÃO FIC DE FIDC - RESP LIMITADA;2026-02-28;1135895;Disponibilidades;;;500;;2026-05-29
CLASSES - FIDC;22.282.621/0001-48;VINCI CRÉDITO ESTRUTURADO SELEÇÃO FIC DE FIDC - RESP LIMITADA;2026-02-28;1135895;Operações Compromissadas;;;11874892;;2026-05-29
CLASSES - FIDC;22.282.621/0001-48;VINCI CRÉDITO ESTRUTURADO SELEÇÃO FIC DE FIDC - RESP LIMITADA;2026-02-28;1135895;Valores a pagar;;;192007;;2026-05-29
CLASSES - FIDC;22.282.621/0001-48;VINCI CRÉDITO ESTRUTURADO SELEÇÃO FIC DE FIDC - RESP LIMITADA;2026-02-28;1135895;Valores a receber;;;6761;;2026-05-29
CLASSES - FIDC;22.282.646/0001-41;VINCI CRÉDITO ESTRUTURADO SELECTION MASTER FIC DE FIDC - RESP LIMITADA;2026-02-28;1135896;Cotas de Fundos;;;438269315;;2026-05-29
CLASSES - FIDC;22.282.646/0001-41;VINCI CRÉDITO ESTRUTURADO SELECTION MASTER FIC DE FIDC - RESP LIMITADA;2026-02-28;1135896;Disponibilidades;;;1000;;2026-05-29
CLASSES - FIDC;22.282.646/0001-41;VINCI CRÉDITO ESTRUTURADO SELECTION MASTER FIC DE FIDC - RESP LIMITADA;2026-02-28;1135896;Operações Compromissadas;;;3494619;;2026-05-29
CLASSES - FIDC;22.282.646/0001-41;VINCI CRÉDITO ESTRUTURADO SELECTION MASTER FIC DE FIDC - RESP LIMITADA;2026-02-28;1135896;Valores a pagar;;;50854;;2026-05-29
CLASSES - FIDC;22.282.646/0001-41;VINCI CRÉDITO ESTRUTURADO SELECTION MASTER FIC DE FIDC - RESP LIMITADA;2026-02-28;1135896;Valores a receber;;;150653;;2026-05-29
CLASSES - FIDC;22.282.851/0001-07;VIRGÍNIA FIC DE FIDC MULTISSETORIAL - RESPONSABILIDADE LIMITADA;2026-02-28;1136927;Cotas de Fundos;0;0;30207753;;2026-05-29
CLASSES - FIDC;22.282.851/0001-07;VIRGÍNIA FIC DE FIDC MULTISSETORIAL - RESPONSABILIDADE LIMITADA;2026-02-28;1136927;Valores a pagar;;;18203;;2026-05-29
CLASSES - FIDC;22.282.851/0001-07;VIRGÍNIA FIC DE FIDC MULTISSETORIAL - RESPONSABILIDADE LIMITADA;2026-02-28;1136927;Valores a receber;;;12821;;2026-05-29
CLASSES - FIDC;23.980.344/0001-00;NOBEL FUNDO DE INVESTIMENTO EM COTAS DE FUNDOS DE INVESTIMENTO EM DIREITOS CREDITÓRIOS;2026-02-28;1131730;Cotas de Fundos;0;0;30316972;;2026-05-29
CLASSES - FIDC;23.980.344/0001-00;NOBEL FUNDO DE INVESTIMENTO EM COTAS DE FUNDOS DE INVESTIMENTO EM DIREITOS CREDITÓRIOS;2026-02-28;1131730;Valores a pagar;;;11665;;2026-05-29
CLASSES - FIDC;23.980.344/0001-00;NOBEL FUNDO DE INVESTIMENTO EM COTAS DE FUNDOS DE INVESTIMENTO EM DIREITOS CREDITÓRIOS;2026-02-28;1131730;Valores a receber;;;2560;;2026-05-29
CLASSES - FIDC;24.331.364/0001-12;CIPA FUNDO DE INVESTIMENTO EM COTAS DE FUNDOS DE INVESTIMENTO EM DIREITOS CREDITORIOS;2026-02-28;1132360;Cotas de Fundos;0;0;98304380;;2026-05-29
CLASSES - FIDC;24.331.364/0001-12;CIPA FUNDO DE INVESTIMENTO EM COTAS DE FUNDOS DE INVESTIMENTO EM DIREITOS CREDITORIOS;2026-02-28;1132360;Valores a pagar;;;7547;;2026-05-29
CLASSES - FIDC;24.331.364/0001-12;CIPA FUNDO DE INVESTIMENTO EM COTAS DE FUNDOS DE INVESTIMENTO EM DIREITOS CREDITORIOS;2026-02-28;1132360;Valores a receber;;;3971;;2026-05-29
CLASSES - FIDC;26.207.801/0001-16;AQUIRAZ FIC DE FUNDOS DE INVESTIMENTO EM DIREITOS CREDITORIOS MULTISSETORIAL;2026-02-28;1131702;Cotas de Fundos;0;0;58354247;;2026-05-29
CLASSES - FIDC;26.207.801/0001-16;AQUIRAZ FIC DE FUNDOS DE INVESTIMENTO EM DIREITOS CREDITORIOS MULTISSETORIAL;2026-02-28;1131702;Valores a pagar;;;77551;;2026-05-29
CLASSES - FIDC;26.207.801/0001-16;AQUIRAZ FIC DE FUNDOS DE INVESTIMENTO EM DIREITOS CREDITORIOS MULTISSETORIAL;2026-02-28;1131702;Valores a receber;;;13927;;2026-05-29
CLASSES - FIDC;27.500.576/0001-74;HOD MULTIPLICA 90 FUNDO DE INVESTIMENTO EM COTAS DE FUNDO DE  INVESTIMENTO EM DIREITOS CREDITÓRIOS;2026-02-28;1136819;Cotas de Fundos;8050000;17290544;177924797;;2026-05-29
CLASSES - FIDC;27.500.576/0001-74;HOD MULTIPLICA 90 FUNDO DE INVESTIMENTO EM COTAS DE FUNDO DE  INVESTIMENTO EM DIREITOS CREDITÓRIOS;2026-02-28;1136819;Disponibilidades;;;186564;;2026-05-29
CLASSES - FIDC;27.500.576/0001-74;HOD MULTIPLICA 90 FUNDO DE INVESTIMENTO EM COTAS DE FUNDO DE  INVESTIMENTO EM DIREITOS CREDITÓRIOS;2026-02-28;1136819;Títulos Públicos;0;8519;4170;;2026-05-29
CLASSES - FIDC;27.500.576/0001-74;HOD MULTIPLICA 90 FUNDO DE INVESTIMENTO EM COTAS DE FUNDO DE  INVESTIMENTO EM DIREITOS CREDITÓRIOS;2026-02-28;1136819;Valores a pagar;;;410213;;2026-05-29
CLASSES - FIDC;27.500.576/0001-74;HOD MULTIPLICA 90 FUNDO DE INVESTIMENTO EM COTAS DE FUNDO DE  INVESTIMENTO EM DIREITOS CREDITÓRIOS;2026-02-28;1136819;Valores a receber;;;8263;;2026-05-29
CLASSES - FIDC;27.944.627/0001-57;RESQ II FUNDO DE INVESTIMENTO EM COTAS DE FUNDOS DE INVESTIMENTO EM DIREITOS CREDITÓRIOS NP;2026-02-28;1131887;Cotas de Fundos;0;0;435553982;;2026-05-29
CLASSES - FIDC;27.944.627/0001-57;RESQ II FUNDO DE INVESTIMENTO EM COTAS DE FUNDOS DE INVESTIMENTO EM DIREITOS CREDITÓRIOS NP;2026-02-28;1131887;Títulos Públicos;0;0;55420;;2026-05-29
CLASSES - FIDC;27.944.627/0001-57;RESQ II FUNDO DE INVESTIMENTO EM COTAS DE FUNDOS DE INVESTIMENTO EM DIREITOS CREDITÓRIOS NP;2026-02-28;1131887;Valores a pagar;;;221221;;2026-05-29
CLASSES - FIDC;27.944.627/0001-57;RESQ II FUNDO DE INVESTIMENTO EM COTAS DE FUNDOS DE INVESTIMENTO EM DIREITOS CREDITÓRIOS NP;2026-02-28;1131887;Valores a receber;;;270253;;2026-05-29
CLASSES - FIDC;28.079.865/0001-04;XPLORER FUNDO DE INVESTIMENTO EM COTAS DE FUNDOS DE INVESTIMENTO EM DIREITOS CREDITÓRIOS;2026-02-28;1132229;Cotas de Fundos;0;0;31814774;;2026-05-29
CLASSES - FIDC;28.079.865/0001-04;XPLORER FUNDO DE INVESTIMENTO EM COTAS DE FUNDOS DE INVESTIMENTO EM DIREITOS CREDITÓRIOS;2026-02-28;1132229;Valores a pagar;;;13515;;2026-05-29
CLASSES - FIDC;28.079.865/0001-04;XPLORER FUNDO DE INVESTIMENTO EM COTAS DE FUNDOS DE INVESTIMENTO EM DIREITOS CREDITÓRIOS;2026-02-28;1132229;Valores a receber;;;34176;;2026-05-29
CLASSES - FIDC;28.819.664/0001-04;TREVYS FUNDO DE INVESTIMENTO EM COTAS DE FUNDOS DE INVESTIMENTO EM DIREITOS CREDITÓRIOS;2026-02-28;1131734;Cotas de Fundos;0;0;16506710;;2026-05-29
CLASSES - FIDC;28.819.664/0001-04;TREVYS FUNDO DE INVESTIMENTO EM COTAS DE FUNDOS DE INVESTIMENTO EM DIREITOS CREDITÓRIOS;2026-02-28;1131734;Valores a pagar;;;18057;;2026-05-29
CLASSES - FIDC;28.819.664/0001-04;TREVYS FUNDO DE INVESTIMENTO EM COTAS DE FUNDOS DE INVESTIMENTO EM DIREITOS CREDITÓRIOS;2026-02-28;1131734;Valores a receber;;;1212;;2026-05-29
CLASSES - FIDC;29.152.737/0001-01;POUSO ALEGRE FIC FIDC MULTISSETORIAL - RESPONSABILIDADE LIMITADA;2026-02-28;1124795;Cotas de Fundos;0;0;28956188;;2026-05-29
CLASSES - FIDC;29.152.737/0001-01;POUSO ALEGRE FIC FIDC MULTISSETORIAL - RESPONSABILIDADE LIMITADA;2026-02-28;1124795;Valores a pagar;;;6383;;2026-05-29
CLASSES - FIDC;29.152.737/0001-01;POUSO ALEGRE FIC FIDC MULTISSETORIAL - RESPONSABILIDADE LIMITADA;2026-02-28;1124795;Valores a receber;;;14641;;2026-05-29
CLASSES - FIDC;29.226.492/0001-10;TAURUS FUNDO DE INVESTIMENTO EM COTAS DE FUNDO DE INVESTIMENTO EM DIREITOS CREDITÓRIOS NÃO PADRONIZA;2026-02-28;1131678;Cotas de Fundos;0;0;360747290;;2026-05-29
CLASSES - FIDC;29.226.492/0001-10;TAURUS FUNDO DE INVESTIMENTO EM COTAS DE FUNDO DE INVESTIMENTO EM DIREITOS CREDITÓRIOS NÃO PADRONIZA;2026-02-28;1131678;Valores a pagar;;;9693;;2026-05-29
CLASSES - FIDC;29.226.492/0001-10;TAURUS FUNDO DE INVESTIMENTO EM COTAS DE FUNDO DE INVESTIMENTO EM DIREITOS CREDITÓRIOS NÃO PADRONIZA;2026-02-28;1131678;Valores a receber;;;6882;;2026-05-29
CLASSES - FIDC;29.242.992/0001-45;UNIQUE FUNDO DE INVESTIMENTO EM COTAS DE FUNDO DE INVESTIMENTO EM DIREITOS CREDITÓRIOS NÃO PADRONIZA;2026-02-28;1131691;Cotas de Fundos;0;0;68037315;;2026-05-29
CLASSES - FIDC;29.242.992/0001-45;UNIQUE FUNDO DE INVESTIMENTO EM COTAS DE FUNDO DE INVESTIMENTO EM DIREITOS CREDITÓRIOS NÃO PADRONIZA;2026-02-28;1131691;Valores a pagar;;;8099;;2026-05-29
CLASSES - FIDC;29.242.992/0001-45;UNIQUE FUNDO DE INVESTIMENTO EM COTAS DE FUNDO DE INVESTIMENTO EM DIREITOS CREDITÓRIOS NÃO PADRONIZA;2026-02-28;1131691;Valores a receber;;;2151;;2026-05-29
CLASSES - FIDC;29.284.735/0001-76;ACREDITAR FUNDO DE INVESTIMENTO EM COTAS DE FUNDOS DE INVESTIMENTO EM DIREITOS CREDITÓRIOS;2026-02-28;1132023;Cotas de Fundos;0;0;92514064;;2026-05-29
CLASSES - FIDC;29.284.735/0001-76;ACREDITAR FUNDO DE INVESTIMENTO EM COTAS DE FUNDOS DE INVESTIMENTO EM DIREITOS CREDITÓRIOS;2026-02-28;1132023;Valores a pagar;;;17929;;2026-05-29
CLASSES - FIDC;29.284.735/0001-76;ACREDITAR FUNDO DE INVESTIMENTO EM COTAS DE FUNDOS DE INVESTIMENTO EM DIREITOS CREDITÓRIOS;2026-02-28;1132023;Valores a receber;;;6647;;2026-05-29
CLASSES - FIDC;30.144.052/0001-00;DSX FUNDO DE INVESTIMENTO EM COTAS DE FUNDOS DE INVESTIMENTO DE DIREITOS CREDITÓRIOS;2026-02-28;1131731;Cotas de Fundos;0;0;13786609;;2026-05-29
CLASSES - FIDC;30.144.052/0001-00;DSX FUNDO DE INVESTIMENTO EM COTAS DE FUNDOS DE INVESTIMENTO DE DIREITOS CREDITÓRIOS;2026-02-28;1131731;Valores a pagar;;;8358;;2026-05-29
CLASSES - FIDC;30.144.052/0001-00;DSX FUNDO DE INVESTIMENTO EM COTAS DE FUNDOS DE INVESTIMENTO DE DIREITOS CREDITÓRIOS;2026-02-28;1131731;Valores a receber;;;1776;;2026-05-29
CLASSES - FIDC;31.770.515/0001-02;CASA 5 FUNDO DE INVESTIMENTO EM COTAS DE FUNDO DE INVESTIMENTO EM DIREITOS CREDITÓRIOS;2026-02-28;1131684;Cotas de Fundos;0;0;39148961;;2026-05-29
CLASSES - FIDC;31.770.515/0001-02;CASA 5 FUNDO DE INVESTIMENTO EM COTAS DE FUNDO DE INVESTIMENTO EM DIREITOS CREDITÓRIOS;2026-02-28;1131684;Valores a pagar;;;7157;;2026-05-29
CLASSES - FIDC;31.770.515/0001-02;CASA 5 FUNDO DE INVESTIMENTO EM COTAS DE FUNDO DE INVESTIMENTO EM DIREITOS CREDITÓRIOS;2026-02-28;1131684;Valores a receber;;;2244;;2026-05-29
CLASSES - FIDC;31.962.028/0001-33;TIME MACHINE FUNDO DE INVESTIMENTO EM COTAS DE FUNDO DE INVESTIMENTO EM DIREITOS CREDITÓRIOS;2026-02-28;1130882;Cotas de Fundos;;;81389043;;2026-05-29
CLASSES - FIDC;31.962.028/0001-33;TIME MACHINE FUNDO DE INVESTIMENTO EM COTAS DE FUNDO DE INVESTIMENTO EM DIREITOS CREDITÓRIOS;2026-02-28;1130882;Valores a pagar;;;41473;;2026-05-29
CLASSES - FIDC;32.525.937/0001-77;CONFIANÇA FUNDO DE INVESTIMENTO EM COTAS DE FUNDO DE INVESTIMENTO EM DIREITOS CREDITÓRIOS;2026-02-28;1131726;Cotas de Fundos;0;0;63319601;;2026-05-29
CLASSES - FIDC;32.525.937/0001-77;CONFIANÇA FUNDO DE INVESTIMENTO EM COTAS DE FUNDO DE INVESTIMENTO EM DIREITOS CREDITÓRIOS;2026-02-28;1131726;Valores a pagar;;;17515;;2026-05-29
CLASSES - FIDC;32.525.937/0001-77;CONFIANÇA FUNDO DE INVESTIMENTO EM COTAS DE FUNDO DE INVESTIMENTO EM DIREITOS CREDITÓRIOS;2026-02-28;1131726;Valores a receber;;;3195;;2026-05-29
CLASSES - FIDC;32.525.986/0001-00;PARAGON FUNDO DE INVESTIMENTO EM COTAS DE FUNDO DE INVESTIMENTO EM DIREITOS CREDITÓRIOS;2026-02-28;1132001;Cotas de Fundos;0;0;52373994;;2026-05-29
CLASSES - FIDC;32.525.986/0001-00;PARAGON FUNDO DE INVESTIMENTO EM COTAS DE FUNDO DE INVESTIMENTO EM DIREITOS CREDITÓRIOS;2026-02-28;1132001;Valores a pagar;;;73845;;2026-05-29
CLASSES - FIDC;32.525.986/0001-00;PARAGON FUNDO DE INVESTIMENTO EM COTAS DE FUNDO DE INVESTIMENTO EM DIREITOS CREDITÓRIOS;2026-02-28;1132001;Valores a receber;;;2142;;2026-05-29
CLASSES - FIDC;32.999.032/0001-39;DCASH FUNDO DE INVESTIMENTO EM COTAS DE FUNDOS DE INVESTIMENTO EM DIREITOS CREDITÓRIOS;2026-02-28;1131652;Cotas de Fundos;0;0;74345080;;2026-05-29
CLASSES - FIDC;32.999.032/0001-39;DCASH FUNDO DE INVESTIMENTO EM COTAS DE FUNDOS DE INVESTIMENTO EM DIREITOS CREDITÓRIOS;2026-02-28;1131652;Valores a pagar;;;44979;;2026-05-29
CLASSES - FIDC;32.999.032/0001-39;DCASH FUNDO DE INVESTIMENTO EM COTAS DE FUNDOS DE INVESTIMENTO EM DIREITOS CREDITÓRIOS;2026-02-28;1131652;Valores a receber;;;2802;;2026-05-29
CLASSES - FIDC;33.632.618/0001-23;NOVA CAPITAL FUNDO DE INVESTIMENTO EM QUOTAS FUNDOS DE INVESTIMENTO EM DIREITOS CREDITORIOS;2026-02-28;1131707;Cotas de Fundos;0;0;57758711;;2026-05-29
CLASSES - FIDC;33.632.618/0001-23;NOVA CAPITAL FUNDO DE INVESTIMENTO EM QUOTAS FUNDOS DE INVESTIMENTO EM DIREITOS CREDITORIOS;2026-02-28;1131707;Valores a pagar;;;73208;;2026-05-29
CLASSES - FIDC;33.632.618/0001-23;NOVA CAPITAL FUNDO DE INVESTIMENTO EM QUOTAS FUNDOS DE INVESTIMENTO EM DIREITOS CREDITORIOS;2026-02-28;1131707;Valores a receber;;;83345;;2026-05-29
CLASSES - FIDC;35.871.456/0001-01;SEJA FUNDO DE INVESTIMENTO EM COTAS DE FUNDO DE INVESTIMENTO EM DIREITOS CREDITÓRIOS;2026-02-28;1131704;Cotas de Fundos;0;0;46779683;;2026-05-29
CLASSES - FIDC;35.871.456/0001-01;SEJA FUNDO DE INVESTIMENTO EM COTAS DE FUNDO DE INVESTIMENTO EM DIREITOS CREDITÓRIOS;2026-02-28;1131704;Valores a pagar;;;39472;;2026-05-29
CLASSES - FIDC;35.871.456/0001-01;SEJA FUNDO DE INVESTIMENTO EM COTAS DE FUNDO DE INVESTIMENTO EM DIREITOS CREDITÓRIOS;2026-02-28;1131704;Valores a receber;;;1876;;2026-05-29
CLASSES - FIDC;36.113.052/0001-11;POSITANO FUNDO DE INVESTIMENTO EM COTAS DE FUNDO DE INVESTIMENTO EM DIREITOS CREDITÓRIOS;2026-02-28;1132226;Cotas de Fundos;0;0;31914031;;2026-05-29
CLASSES - FIDC;36.113.052/0001-11;POSITANO FUNDO DE INVESTIMENTO EM COTAS DE FUNDO DE INVESTIMENTO EM DIREITOS CREDITÓRIOS;2026-02-28;1132226;Títulos Públicos;0;0;1065155;;2026-05-29
CLASSES - FIDC;36.113.052/0001-11;POSITANO FUNDO DE INVESTIMENTO EM COTAS DE FUNDO DE INVESTIMENTO EM DIREITOS CREDITÓRIOS;2026-02-28;1132226;Valores a pagar;;;40460;;2026-05-29
CLASSES - FIDC;36.113.052/0001-11;POSITANO FUNDO DE INVESTIMENTO EM COTAS DE FUNDO DE INVESTIMENTO EM DIREITOS CREDITÓRIOS;2026-02-28;1132226;Valores a receber;;;204691;;2026-05-29
CLASSES - FIDC;36.293.650/0001-10;VIA CAPITAL MATRAMERUS FUNDO DE INVESTIMENTO EM COTAS DE FUNDOS DE INVESTIMENTO EM DIREITOS CREDITÓR;2026-02-28;1136931;Cotas de Fundos;0;0;20980227;;2026-05-29
CLASSES - FIDC;36.293.650/0001-10;VIA CAPITAL MATRAMERUS FUNDO DE INVESTIMENTO EM COTAS DE FUNDOS DE INVESTIMENTO EM DIREITOS CREDITÓR;2026-02-28;1136931;Valores a pagar;;;8271;;2026-05-29
CLASSES - FIDC;36.293.650/0001-10;VIA CAPITAL MATRAMERUS FUNDO DE INVESTIMENTO EM COTAS DE FUNDOS DE INVESTIMENTO EM DIREITOS CREDITÓR;2026-02-28;1136931;Valores a receber;;;1209;;2026-05-29
CLASSES - FIDC;37.013.332/0001-10;VERDE AM CE II FUNDO DE INVESTIMENTO EM COTAS DE FIDC RESPONSABILIDADE LIMITADA;2026-02-28;1133216;Cotas de Fundos;;;259385826;;2026-05-29
CLASSES - FIDC;37.121.165/0001-21;COOPERA FEEDER FUNDO DE INVESTIMENTO EM DIREITOS CREDITÓRIOS;2026-02-28;1131703;Cotas de Fundos;0;0;73714287;;2026-05-29
CLASSES - FIDC;37.121.165/0001-21;COOPERA FEEDER FUNDO DE INVESTIMENTO EM DIREITOS CREDITÓRIOS;2026-02-28;1131703;Valores a pagar;;;22949;;2026-05-29
CLASSES - FIDC;37.121.165/0001-21;COOPERA FEEDER FUNDO DE INVESTIMENTO EM DIREITOS CREDITÓRIOS;2026-02-28;1131703;Valores a receber;;;2247;;2026-05-29
CLASSES - FIDC;39.285.627/0001-71;GV LAGUNA FUNDO DE INVESTIMENTO EM COTAS DE FUNDO DE INVESTIMENTO EM DIREITOS CREDITÓRIOS;2026-02-28;1134324;Cotas de Fundos;;;180382449;;2026-05-29
CLASSES - FIDC;39.285.627/0001-71;GV LAGUNA FUNDO DE INVESTIMENTO EM COTAS DE FUNDO DE INVESTIMENTO EM DIREITOS CREDITÓRIOS;2026-02-28;1134324;Disponibilidades;;;0;;2026-05-29
CLASSES - FIDC;39.285.627/0001-71;GV LAGUNA FUNDO DE INVESTIMENTO EM COTAS DE FUNDO DE INVESTIMENTO EM DIREITOS CREDITÓRIOS;2026-02-28;1134324;Valores a pagar;;;123551;;2026-05-29
CLASSES - FIDC;39.285.627/0001-71;GV LAGUNA FUNDO DE INVESTIMENTO EM COTAS DE FUNDO DE INVESTIMENTO EM DIREITOS CREDITÓRIOS;2026-02-28;1134324;Valores a receber;;;5943;;2026-05-29
CLASSES - FIDC;39.469.191/0001-70;EVEREST K2 FUNDO DE INVESTIMENTO EM COTAS DE FUNDO DE INVESTIMENTO EM DIREITOS CREDITÓRIOS;2026-02-28;1132741;Cotas de Fundos;0;0;5873524;;2026-05-29
CLASSES - FIDC;39.469.191/0001-70;EVEREST K2 FUNDO DE INVESTIMENTO EM COTAS DE FUNDO DE INVESTIMENTO EM DIREITOS CREDITÓRIOS;2026-02-28;1132741;Valores a pagar;;;46341;;2026-05-29
CLASSES - FIDC;39.469.191/0001-70;EVEREST K2 FUNDO DE INVESTIMENTO EM COTAS DE FUNDO DE INVESTIMENTO EM DIREITOS CREDITÓRIOS;2026-02-28;1132741;Valores a receber;;;853;;2026-05-29
CLASSES - FIDC;39.806.180/0001-39;BM INFRA FUNDO DE INVESTIMENTO EM COTAS DE FUNDOS DE  INVESTIMENTO EM DIREITOS CREDITÓRIO;2026-02-28;1124590;Cotas de Fundos;0;0;217333178;;2026-05-29
CLASSES - FIDC;39.806.180/0001-39;BM INFRA FUNDO DE INVESTIMENTO EM COTAS DE FUNDOS DE  INVESTIMENTO EM DIREITOS CREDITÓRIO;2026-02-28;1124590;Valores a pagar;;;8614;;2026-05-29
CLASSES - FIDC;39.806.180/0001-39;BM INFRA FUNDO DE INVESTIMENTO EM COTAS DE FUNDOS DE  INVESTIMENTO EM DIREITOS CREDITÓRIO;2026-02-28;1124590;Valores a receber;;;6882;;2026-05-29
CLASSES - FIDC;40.902.151/0001-50;JP CAPITAL FUNDO DE INVESTIMENTO EM COTAS DE  FUNDOS DE INVESTIMENTO EM DIREITOS CREDITÓRIOS;2026-02-28;1131695;Cotas de Fundos;0;0;51000964;;2026-05-29
CLASSES - FIDC;40.902.151/0001-50;JP CAPITAL FUNDO DE INVESTIMENTO EM COTAS DE  FUNDOS DE INVESTIMENTO EM DIREITOS CREDITÓRIOS;2026-02-28;1131695;Valores a pagar;;;4929;;2026-05-29
CLASSES - FIDC;40.902.151/0001-50;JP CAPITAL FUNDO DE INVESTIMENTO EM COTAS DE  FUNDOS DE INVESTIMENTO EM DIREITOS CREDITÓRIOS;2026-02-28;1131695;Valores a receber;;;1729;;2026-05-29
CLASSES - FIDC;40.989.019/0001-27;FUNDO DE INVESTIMENTO EM COTAS DE FUNDOS DE INVESTIMENTO EM DIREITOS CREDITÓRIOS GRAMADO;2026-02-28;1132287;Cotas de Fundos;0;0;107303729;;2026-05-29
CLASSES - FIDC;40.989.019/0001-27;FUNDO DE INVESTIMENTO EM COTAS DE FUNDOS DE INVESTIMENTO EM DIREITOS CREDITÓRIOS GRAMADO;2026-02-28;1132287;Valores a pagar;;;27601;;2026-05-29
CLASSES - FIDC;40.989.019/0001-27;FUNDO DE INVESTIMENTO EM COTAS DE FUNDOS DE INVESTIMENTO EM DIREITOS CREDITÓRIOS GRAMADO;2026-02-28;1132287;Valores a receber;;;4867;;2026-05-29
CLASSES - FIDC;41.163.552/0001-06;BRAVE RAGNAR FUNDO DE INVESTIMENTO EM COTAS DE FUNDO DE INVESTIMENTO EM DIREITOS CREDITÓRIOS;2026-02-28;1131692;Cotas de Fundos;0;0;7139308;;2026-05-29
CLASSES - FIDC;41.163.552/0001-06;BRAVE RAGNAR FUNDO DE INVESTIMENTO EM COTAS DE FUNDO DE INVESTIMENTO EM DIREITOS CREDITÓRIOS;2026-02-28;1131692;Valores a pagar;;;31425;;2026-05-29
CLASSES - FIDC;41.163.552/0001-06;BRAVE RAGNAR FUNDO DE INVESTIMENTO EM COTAS DE FUNDO DE INVESTIMENTO EM DIREITOS CREDITÓRIOS;2026-02-28;1131692;Valores a receber;;;806;;2026-05-29
CLASSES - FIDC;41.251.476/0001-82;RDP FUNDO DE INVESTIMENTO EM COTAS DE  FUNDOS DE INVESTIMENTO EM DIREITOS CREDITÓRIOS NÃO PADRONIZAD;2026-02-28;1131714;Cotas de Fundos;0;0;51855982;;2026-05-29
CLASSES - FIDC;41.251.476/0001-82;RDP FUNDO DE INVESTIMENTO EM COTAS DE  FUNDOS DE INVESTIMENTO EM DIREITOS CREDITÓRIOS NÃO PADRONIZAD;2026-02-28;1131714;Valores a pagar;;;726;;2026-05-29
CLASSES - FIDC;41.251.476/0001-82;RDP FUNDO DE INVESTIMENTO EM COTAS DE  FUNDOS DE INVESTIMENTO EM DIREITOS CREDITÓRIOS NÃO PADRONIZAD;2026-02-28;1131714;Valores a receber;;;2151;;2026-05-29
CLASSES - FIDC;41.351.648/0001-90;ACCESS FUNDO DE INVESTIMENTO EM COTAS DE FUNDOS DE INVESTIMENTO EM DIREITOS CREDITÓRIOS;2026-02-28;1124567;Cotas de Fundos;0;0;26795774;;2026-05-29
CLASSES - FIDC;41.351.648/0001-90;ACCESS FUNDO DE INVESTIMENTO EM COTAS DE FUNDOS DE INVESTIMENTO EM DIREITOS CREDITÓRIOS;2026-02-28;1124567;Valores a pagar;;;4721;;2026-05-29
CLASSES - FIDC;41.351.648/0001-90;ACCESS FUNDO DE INVESTIMENTO EM COTAS DE FUNDOS DE INVESTIMENTO EM DIREITOS CREDITÓRIOS;2026-02-28;1124567;Valores a receber;;;2692;;2026-05-29
CLASSES - FIDC;41.395.100/0001-41;BARU FUNDO DE INVESTIMENTO EM COTAS DE FUNDO DE INVESTIMENTO EM DIREITOS CREDITÓRIOS;2026-02-28;1134518;Cotas de Fundos;0;0;24808929;;2026-05-29
CLASSES - FIDC;41.395.100/0001-41;BARU FUNDO DE INVESTIMENTO EM COTAS DE FUNDO DE INVESTIMENTO EM DIREITOS CREDITÓRIOS;2026-02-28;1134518;Valores a pagar;;;5042;;2026-05-29
CLASSES - FIDC;41.395.100/0001-41;BARU FUNDO DE INVESTIMENTO EM COTAS DE FUNDO DE INVESTIMENTO EM DIREITOS CREDITÓRIOS;2026-02-28;1134518;Valores a receber;;;1209;;2026-05-29
CLASSES - FIDC;41.673.339/0001-36;SSE FUNDO DE INVESTIMENTO EM COTAS DE FUNDOS DE INVESTIMENTO EM DIREITOS CREDITÓRIOS NÃO PADRONIZADO;2026-02-28;1131687;Cotas de Fundos;0;0;297987824;;2026-05-29
CLASSES - FIDC;41.673.339/0001-36;SSE FUNDO DE INVESTIMENTO EM COTAS DE FUNDOS DE INVESTIMENTO EM DIREITOS CREDITÓRIOS NÃO PADRONIZADO;2026-02-28;1131687;Valores a pagar;;;45780;;2026-05-29
CLASSES - FIDC;41.673.339/0001-36;SSE FUNDO DE INVESTIMENTO EM COTAS DE FUNDOS DE INVESTIMENTO EM DIREITOS CREDITÓRIOS NÃO PADRONIZADO;2026-02-28;1131687;Valores a receber;;;7501;;2026-05-29
CLASSES - FIDC;41.992.676/0001-96;STARS BANK FUNDO DE INVESTIMENTO EM COTAS DE FUNDO DE INVESTIMENTO EM DIREITOS CREDITÓRIOS;2026-02-28;1132365;Cotas de Fundos;0;0;420163999;;2026-05-29
CLASSES - FIDC;41.992.676/0001-96;STARS BANK FUNDO DE INVESTIMENTO EM COTAS DE FUNDO DE INVESTIMENTO EM DIREITOS CREDITÓRIOS;2026-02-28;1132365;Valores a pagar;;;20646;;2026-05-29
CLASSES - FIDC;41.992.676/0001-96;STARS BANK FUNDO DE INVESTIMENTO EM COTAS DE FUNDO DE INVESTIMENTO EM DIREITOS CREDITÓRIOS;2026-02-28;1132365;Valores a receber;;;6302;;2026-05-29
CLASSES - FIDC;42.067.232/0001-07;JPI FUNDO DE INVESTIMENTO EM COTAS DE FUNDO DE INVESTIMENTO EM DIREITOS CREDITÓRIOS;2026-02-28;1131671;Cotas de Fundos;0;0;46426944;;2026-05-29
CLASSES - FIDC;42.067.232/0001-07;JPI FUNDO DE INVESTIMENTO EM COTAS DE FUNDO DE INVESTIMENTO EM DIREITOS CREDITÓRIOS;2026-02-28;1131671;Valores a pagar;;;26603;;2026-05-29
CLASSES - FIDC;42.067.232/0001-07;JPI FUNDO DE INVESTIMENTO EM COTAS DE FUNDO DE INVESTIMENTO EM DIREITOS CREDITÓRIOS;2026-02-28;1131671;Valores a receber;;;2593;;2026-05-29
CLASSES - FIDC;42.196.288/0001-61;FUNDO DE INVESTIMENTO EM COTAS DE FUNDOS DE INVESTIMENTO EM DIREITOS CREDITÓRIOS EXODUS INSTITUCIONA;2026-02-28;1131676;Cotas de Fundos;0;0;402858051;;2026-05-29
CLASSES - FIDC;42.196.288/0001-61;FUNDO DE INVESTIMENTO EM COTAS DE FUNDOS DE INVESTIMENTO EM DIREITOS CREDITÓRIOS EXODUS INSTITUCIONA;2026-02-28;1131676;Valores a pagar;;;345696;;2026-05-29
CLASSES - FIDC;42.196.288/0001-61;FUNDO DE INVESTIMENTO EM COTAS DE FUNDOS DE INVESTIMENTO EM DIREITOS CREDITÓRIOS EXODUS INSTITUCIONA;2026-02-28;1131676;Valores a receber;;;47897;;2026-05-29
CLASSES - FIDC;42.533.772/0001-39;CAMPINAS FUNDO DE INVESTIMENTO EM COTAS DE FUNDOS DE INVESTIMENTO EM DIREITOS CREDITÓRIOS - RESPONSA;2026-02-28;1131747;Cotas de Fundos;0;0;260861616;;2026-05-29
CLASSES - FIDC;42.533.772/0001-39;CAMPINAS FUNDO DE INVESTIMENTO EM COTAS DE FUNDOS DE INVESTIMENTO EM DIREITOS CREDITÓRIOS - RESPONSA;2026-02-28;1131747;Valores a pagar;;;71592;;2026-05-29
CLASSES - FIDC;42.533.772/0001-39;CAMPINAS FUNDO DE INVESTIMENTO EM COTAS DE FUNDOS DE INVESTIMENTO EM DIREITOS CREDITÓRIOS - RESPONSA;2026-02-28;1131747;Valores a receber;;;5985;;2026-05-29
CLASSES - FIDC;42.827.518/0001-43;VERDE AM CRÉDITO ESTRUTURADO FIDC - CIC EM DIREITOS CREDITÓRIOS - RESPONSABILIDADE LIMITADA;2026-02-28;1133217;Cotas de Fundos;;;896533065;;2026-05-29
CLASSES - FIDC;43.551.156/0001-73;ORRAM CORE FUNDO DE INVESTIMENTO EM COTAS DE FUNDO DE INVESTIMENTO EM DIREITOS CREDITÓRIOS;2026-02-28;1132228;Cotas de Fundos;0;0;695010309;;2026-05-29
CLASSES - FIDC;43.551.156/0001-73;ORRAM CORE FUNDO DE INVESTIMENTO EM COTAS DE FUNDO DE INVESTIMENTO EM DIREITOS CREDITÓRIOS;2026-02-28;1132228;Títulos Públicos;0;0;120148;;2026-05-29
CLASSES - FIDC;43.551.156/0001-73;ORRAM CORE FUNDO DE INVESTIMENTO EM COTAS DE FUNDO DE INVESTIMENTO EM DIREITOS CREDITÓRIOS;2026-02-28;1132228;Valores a pagar;;;206838;;2026-05-29
CLASSES - FIDC;43.551.156/0001-73;ORRAM CORE FUNDO DE INVESTIMENTO EM COTAS DE FUNDO DE INVESTIMENTO EM DIREITOS CREDITÓRIOS;2026-02-28;1132228;Valores a receber;;;6974;;2026-05-29
CLASSES - FIDC;43.551.206/0001-12;ORRAM 60 FUNDO DE INVESTIMENTO EM COTAS DE FUNDO DE INVESTIMENTO EM DIREITOS CREDITÓRIOS;2026-02-28;1136959;Cotas de Fundos;0;0;276631217;;2026-05-29
CLASSES - FIDC;43.551.206/0001-12;ORRAM 60 FUNDO DE INVESTIMENTO EM COTAS DE FUNDO DE INVESTIMENTO EM DIREITOS CREDITÓRIOS;2026-02-28;1136959;Títulos Públicos;0;0;92367;;2026-05-29
CLASSES - FIDC;43.551.206/0001-12;ORRAM 60 FUNDO DE INVESTIMENTO EM COTAS DE FUNDO DE INVESTIMENTO EM DIREITOS CREDITÓRIOS;2026-02-28;1136959;Valores a pagar;;;162608;;2026-05-29
CLASSES - FIDC;43.551.206/0001-12;ORRAM 60 FUNDO DE INVESTIMENTO EM COTAS DE FUNDO DE INVESTIMENTO EM DIREITOS CREDITÓRIOS;2026-02-28;1136959;Valores a receber;;;27723;;2026-05-29
CLASSES - FIDC;44.002.502/0001-27;KP GUARDIAN FUNDO DE INVESTIMENTO EM COTAS DE FIDC RESPONSABILIDADE LIMITADA;2026-02-28;1131990;Cotas de Fundos;0;0;15163320;;2026-05-29
CLASSES - FIDC;44.002.502/0001-27;KP GUARDIAN FUNDO DE INVESTIMENTO EM COTAS DE FIDC RESPONSABILIDADE LIMITADA;2026-02-28;1131990;Valores a pagar;;;7755;;2026-05-29
CLASSES - FIDC;44.002.502/0001-27;KP GUARDIAN FUNDO DE INVESTIMENTO EM COTAS DE FIDC RESPONSABILIDADE LIMITADA;2026-02-28;1131990;Valores a receber;;;1209;;2026-05-29
CLASSES - FIDC;44.571.204/0001-58;SABIA CREDIT FEEDER FUNDO DE INVESTIMENTO EM COTAS DE FUNDOS DE INVESTIMENTO EM DIREITOS CREDITÓRIOS;2026-02-28;1131649;Cotas de Fundos;0;0;52093712;;2026-05-29
CLASSES - FIDC;44.571.204/0001-58;SABIA CREDIT FEEDER FUNDO DE INVESTIMENTO EM COTAS DE FUNDOS DE INVESTIMENTO EM DIREITOS CREDITÓRIOS;2026-02-28;1131649;Valores a pagar;;;73737;;2026-05-29
CLASSES - FIDC;44.571.204/0001-58;SABIA CREDIT FEEDER FUNDO DE INVESTIMENTO EM COTAS DE FUNDOS DE INVESTIMENTO EM DIREITOS CREDITÓRIOS;2026-02-28;1131649;Valores a receber;;;3009;;2026-05-29
CLASSES - FIDC;44.705.452/0001-44;SEVEN CAPITAL FUNDO DE INVESTIMENTO EM COTAS DE FUNDO DE INVESTIMENTO EM DIREITOS CREDITÓRIOS;2026-02-28;1131871;Cotas de Fundos;0;0;41939056;;2026-05-29
CLASSES - FIDC;44.705.452/0001-44;SEVEN CAPITAL FUNDO DE INVESTIMENTO EM COTAS DE FUNDO DE INVESTIMENTO EM DIREITOS CREDITÓRIOS;2026-02-28;1131871;Títulos Públicos;0;0;12512;;2026-05-29
CLASSES - FIDC;44.705.452/0001-44;SEVEN CAPITAL FUNDO DE INVESTIMENTO EM COTAS DE FUNDO DE INVESTIMENTO EM DIREITOS CREDITÓRIOS;2026-02-28;1131871;Valores a pagar;;;6508;;2026-05-29
CLASSES - FIDC;44.705.452/0001-44;SEVEN CAPITAL FUNDO DE INVESTIMENTO EM COTAS DE FUNDO DE INVESTIMENTO EM DIREITOS CREDITÓRIOS;2026-02-28;1131871;Valores a receber;;;2017;;2026-05-29
CLASSES - FIDC;44.705.662/0001-32;OPERA I FUNDO DE INVESTIMENTO EM COTAS DE FUNDO DE INVESTIMENTO EM DIREITOS CREDITÓRIOS;2026-02-28;1132752;Cotas de Fundos;0;0;20767242;;2026-05-29
CLASSES - FIDC;44.705.662/0001-32;OPERA I FUNDO DE INVESTIMENTO EM COTAS DE FUNDO DE INVESTIMENTO EM DIREITOS CREDITÓRIOS;2026-02-28;1132752;Títulos Públicos;0;0;12512;;2026-05-29
CLASSES - FIDC;44.705.662/0001-32;OPERA I FUNDO DE INVESTIMENTO EM COTAS DE FUNDO DE INVESTIMENTO EM DIREITOS CREDITÓRIOS;2026-02-28;1132752;Valores a pagar;;;6415;;2026-05-29
CLASSES - FIDC;44.705.662/0001-32;OPERA I FUNDO DE INVESTIMENTO EM COTAS DE FUNDO DE INVESTIMENTO EM DIREITOS CREDITÓRIOS;2026-02-28;1132752;Valores a receber;;;2785;;2026-05-29
CLASSES - FIDC;45.025.014/0001-06;OC FUNDO DE INVESTIMENTO EM COTAS DE FUNDO DE INVESTIMENTO EM DIREITOS CREDITÓRIOS;2026-02-28;1134641;Cotas de Fundos;0;0;25325118;;2026-05-29
CLASSES - FIDC;45.025.014/0001-06;OC FUNDO DE INVESTIMENTO EM COTAS DE FUNDO DE INVESTIMENTO EM DIREITOS CREDITÓRIOS;2026-02-28;1134641;Valores a pagar;;;3806;;2026-05-29
CLASSES - FIDC;45.025.014/0001-06;OC FUNDO DE INVESTIMENTO EM COTAS DE FUNDO DE INVESTIMENTO EM DIREITOS CREDITÓRIOS;2026-02-28;1134641;Valores a receber;;;1352;;2026-05-29
CLASSES - FIDC;45.026.487/0001-10;EVEREST 30 FUNDO DE INVESTIMENTO EM COTAS DE FUNDO DE INVESTIMENTO EM DIREITOS CREDITÓRIOS;2026-02-28;1134313;Cotas de Fundos;;;30561523;;2026-05-29
CLASSES - FIDC;45.026.487/0001-10;EVEREST 30 FUNDO DE INVESTIMENTO EM COTAS DE FUNDO DE INVESTIMENTO EM DIREITOS CREDITÓRIOS;2026-02-28;1134313;Disponibilidades;;;50;;2026-05-29
CLASSES - FIDC;45.026.487/0001-10;EVEREST 30 FUNDO DE INVESTIMENTO EM COTAS DE FUNDO DE INVESTIMENTO EM DIREITOS CREDITÓRIOS;2026-02-28;1134313;Valores a pagar;;;119585;;2026-05-29
CLASSES - FIDC;45.026.487/0001-10;EVEREST 30 FUNDO DE INVESTIMENTO EM COTAS DE FUNDO DE INVESTIMENTO EM DIREITOS CREDITÓRIOS;2026-02-28;1134313;Valores a receber;;;1826;;2026-05-29
CLASSES - FIDC;45.756.256/0001-61;OP QI FUNDO DE INVESTIMENTO EM COTAS DE FUNDOS DE INVESTIMENTO EM DIREITOS CREDITÓRIOS;2026-02-28;1124639;Cotas de Fundos;0;0;35610007;;2026-05-29
CLASSES - FIDC;45.756.256/0001-61;OP QI FUNDO DE INVESTIMENTO EM COTAS DE FUNDOS DE INVESTIMENTO EM DIREITOS CREDITÓRIOS;2026-02-28;1124639;Valores a pagar;;;6021973;;2026-05-29
CLASSES - FIDC;45.756.256/0001-61;OP QI FUNDO DE INVESTIMENTO EM COTAS DE FUNDOS DE INVESTIMENTO EM DIREITOS CREDITÓRIOS;2026-02-28;1124639;Valores a receber;;;4255;;2026-05-29
CLASSES - FIDC;45.777.614/0001-12;MR FUNDO DE INVESTIMENTO EM COTAS DE FUNDOS DE INVESTIMENTO EM DIREITOS CREDITÓRIOS;2026-02-28;1131722;Cotas de Fundos;0;0;39313877;;2026-05-29
CLASSES - FIDC;45.777.614/0001-12;MR FUNDO DE INVESTIMENTO EM COTAS DE FUNDOS DE INVESTIMENTO EM DIREITOS CREDITÓRIOS;2026-02-28;1131722;Valores a pagar;;;15270;;2026-05-29
CLASSES - FIDC;45.777.614/0001-12;MR FUNDO DE INVESTIMENTO EM COTAS DE FUNDOS DE INVESTIMENTO EM DIREITOS CREDITÓRIOS;2026-02-28;1131722;Valores a receber;;;401870;;2026-05-29
CLASSES - FIDC;46.339.885/0001-59;V8 GTO CIC DE CLASSES DE INVESTIMENTO EM DIREITOS CREDITÓRIOS - RESP LIMITADA;2026-02-28;1131954;Cotas de Fundos;6876000;14592443;106057484;;2026-05-29
CLASSES - FIDC;46.339.885/0001-59;V8 GTO CIC DE CLASSES DE INVESTIMENTO EM DIREITOS CREDITÓRIOS - RESP LIMITADA;2026-02-28;1131954;Disponibilidades;;;173;;2026-05-29
CLASSES - FIDC;46.339.885/0001-59;V8 GTO CIC DE CLASSES DE INVESTIMENTO EM DIREITOS CREDITÓRIOS - RESP LIMITADA;2026-02-28;1131954;Valores a pagar;;;136347;;2026-05-29
CLASSES - FIDC;46.339.885/0001-59;V8 GTO CIC DE CLASSES DE INVESTIMENTO EM DIREITOS CREDITÓRIOS - RESP LIMITADA;2026-02-28;1131954;Valores a receber;;;1548;;2026-05-29
CLASSES - FIDC;46.390.338/0001-06;VTR OP FUNDO DE INVESTIMENTO EM COTAS DE FUNDOS DE INVESTIMENTO EM DIREITOS CREDITÓRIOS - RESPONSABI;2026-02-28;1124549;Cotas de Fundos;0;0;39216732;;2026-05-29
CLASSES - FIDC;46.390.338/0001-06;VTR OP FUNDO DE INVESTIMENTO EM COTAS DE FUNDOS DE INVESTIMENTO EM DIREITOS CREDITÓRIOS - RESPONSABI;2026-02-28;1124549;Valores a pagar;;;4125;;2026-05-29
CLASSES - FIDC;46.390.338/0001-06;VTR OP FUNDO DE INVESTIMENTO EM COTAS DE FUNDOS DE INVESTIMENTO EM DIREITOS CREDITÓRIOS - RESPONSABI;2026-02-28;1124549;Valores a receber;;;2182;;2026-05-29
CLASSES - FIDC;46.801.085/0001-08;CARAJÁS FUNDO DE INVESTIMENTO EM COTAS DE FUNDOS DE INVESTIMENTO EM DIREITOS CREDITÒRIOS;2026-02-28;1132014;Cotas de Fundos;0;0;12772000;;2026-05-29
CLASSES - FIDC;46.801.085/0001-08;CARAJÁS FUNDO DE INVESTIMENTO EM COTAS DE FUNDOS DE INVESTIMENTO EM DIREITOS CREDITÒRIOS;2026-02-28;1132014;Valores a pagar;;;5773;;2026-05-29
CLASSES - FIDC;46.801.085/0001-08;CARAJÁS FUNDO DE INVESTIMENTO EM COTAS DE FUNDOS DE INVESTIMENTO EM DIREITOS CREDITÒRIOS;2026-02-28;1132014;Valores a receber;;;806;;2026-05-29
CLASSES - FIDC;47.167.977/0001-61;FMD INVESTIMENTOS FUNDO DE INVESTIMENTO EM DIREITOS CREDITÓRIOS;2026-02-28;1132034;Cotas de Fundos;0;0;44810227;;2026-05-29
CLASSES - FIDC;47.167.977/0001-61;FMD INVESTIMENTOS FUNDO DE INVESTIMENTO EM DIREITOS CREDITÓRIOS;2026-02-28;1132034;Valores a pagar;;;6974;;2026-05-29
CLASSES - FIDC;47.167.977/0001-61;FMD INVESTIMENTOS FUNDO DE INVESTIMENTO EM DIREITOS CREDITÓRIOS;2026-02-28;1132034;Valores a receber;;;2184076;;2026-05-29
CLASSES - FIDC;47.168.002/0001-58;MOBI FUNDO DE INVESTIMENTO EM COTAS DE FUNDO DE INVESTIMENTO EM DIREITOS CREDITÓRIOS;2026-02-28;1131984;Cotas de Fundos;0;0;15502499;;2026-05-29
CLASSES - FIDC;47.168.002/0001-58;MOBI FUNDO DE INVESTIMENTO EM COTAS DE FUNDO DE INVESTIMENTO EM DIREITOS CREDITÓRIOS;2026-02-28;1131984;Valores a pagar;;;12240;;2026-05-29
CLASSES - FIDC;47.168.002/0001-58;MOBI FUNDO DE INVESTIMENTO EM COTAS DE FUNDO DE INVESTIMENTO EM DIREITOS CREDITÓRIOS;2026-02-28;1131984;Valores a receber;;;48893;;2026-05-29
CLASSES - FIDC;47.715.992/0001-05;FUNDO DE INVESTIMENTO EM COTAS DE FUNDO DE INVESTIMENTO EM DIREITOS CREDITÓRIOS SRM 360;2026-02-28;1124632;Cotas de Fundos;0;0;17442897;;2026-05-29
CLASSES - FIDC;47.715.992/0001-05;FUNDO DE INVESTIMENTO EM COTAS DE FUNDO DE INVESTIMENTO EM DIREITOS CREDITÓRIOS SRM 360;2026-02-28;1124632;Valores a pagar;;;6234;;2026-05-29
CLASSES - FIDC;47.715.992/0001-05;FUNDO DE INVESTIMENTO EM COTAS DE FUNDO DE INVESTIMENTO EM DIREITOS CREDITÓRIOS SRM 360;2026-02-28;1124632;Valores a receber;;;1240;;2026-05-29
CLASSES - FIDC;47.859.989/0001-57;MATCHPOINT  FUNDO DE INVESTIMENTO EM COTAS DE FUNDO DE INVESTIMENTO EM DIREITOS CREDITÓRIOS;2026-02-28;1132243;Cotas de Fundos;0;0;47930671;;2026-05-29
CLASSES - FIDC;47.859.989/0001-57;MATCHPOINT  FUNDO DE INVESTIMENTO EM COTAS DE FUNDO DE INVESTIMENTO EM DIREITOS CREDITÓRIOS;2026-02-28;1132243;Valores a pagar;;;33127;;2026-05-29
CLASSES - FIDC;47.859.989/0001-57;MATCHPOINT  FUNDO DE INVESTIMENTO EM COTAS DE FUNDO DE INVESTIMENTO EM DIREITOS CREDITÓRIOS;2026-02-28;1132243;Valores a receber;;;2566;;2026-05-29
CLASSES - FIDC;48.360.157/0001-54;XPLORE FUNDO DE INVESTIMENTO EM COTAS DE FUNDOS DE INVESTIMENTO EM DIREITOS  CREDITÓRIOS;2026-02-28;1130890;Cotas de Fundos;;;26455422;;2026-05-29
CLASSES - FIDC;48.360.157/0001-54;XPLORE FUNDO DE INVESTIMENTO EM COTAS DE FUNDOS DE INVESTIMENTO EM DIREITOS  CREDITÓRIOS;2026-02-28;1130890;Valores a pagar;;;10611;;2026-05-29
CLASSES - FIDC;48.360.157/0001-54;XPLORE FUNDO DE INVESTIMENTO EM COTAS DE FUNDOS DE INVESTIMENTO EM DIREITOS  CREDITÓRIOS;2026-02-28;1130890;Valores a receber;;;218;;2026-05-29
CLASSES - FIDC;48.360.202/0001-70;GUIMMAR FI EM COTAS DE FUNDOS DE INVESTIMENTO EM DIREITOS CREDITÓRIOS RESPONSABILIDADE LIMITADA;2026-02-28;1130782;Cotas de Fundos;;;19930907;;2026-05-29
CLASSES - FIDC;48.360.202/0001-70;GUIMMAR FI EM COTAS DE FUNDOS DE INVESTIMENTO EM DIREITOS CREDITÓRIOS RESPONSABILIDADE LIMITADA;2026-02-28;1130782;Valores a pagar;;;9226;;2026-05-29
CLASSES - FIDC;48.360.202/0001-70;GUIMMAR FI EM COTAS DE FUNDOS DE INVESTIMENTO EM DIREITOS CREDITÓRIOS RESPONSABILIDADE LIMITADA;2026-02-28;1130782;Valores a receber;;;1515;;2026-05-29
CLASSES - FIDC;49.000.918/0001-20;SARDENHA FUNDO DE INVESTIMENTO EM COTAS DE FUNDO DE INVESTIMENTO EM DIREITOS CREDITÓRIOS;2026-02-28;1131700;Cotas de Fundos;0;0;8980982;;2026-05-29
CLASSES - FIDC;49.000.918/0001-20;SARDENHA FUNDO DE INVESTIMENTO EM COTAS DE FUNDO DE INVESTIMENTO EM DIREITOS CREDITÓRIOS;2026-02-28;1131700;Valores a pagar;;;22662;;2026-05-29
CLASSES - FIDC;49.000.918/0001-20;SARDENHA FUNDO DE INVESTIMENTO EM COTAS DE FUNDO DE INVESTIMENTO EM DIREITOS CREDITÓRIOS;2026-02-28;1131700;Valores a receber;;;3447;;2026-05-29
CLASSES - FIDC;49.726.804/0001-61;GALAPAGOS INSTITUCIONAL FUNDO DE INVESTIMENTO EM COTAS DE FUNDOS DE INVESTIMENTO EM DIREITOS CREDITÓ;2026-02-28;1132231;Cotas de Fundos;0;0;106436397;;2026-05-29
CLASSES - FIDC;49.726.804/0001-61;GALAPAGOS INSTITUCIONAL FUNDO DE INVESTIMENTO EM COTAS DE FUNDOS DE INVESTIMENTO EM DIREITOS CREDITÓ;2026-02-28;1132231;Valores a pagar;;;142109;;2026-05-29
CLASSES - FIDC;49.726.804/0001-61;GALAPAGOS INSTITUCIONAL FUNDO DE INVESTIMENTO EM COTAS DE FUNDOS DE INVESTIMENTO EM DIREITOS CREDITÓ;2026-02-28;1132231;Valores a receber;;;76846;;2026-05-29
CLASSES - FIDC;49.916.055/0001-35;ASA FIC DE FUNDO DE INVESTIMENTO EM  DIREITOS CREDITÓRIOS 90 RESPONSABILIDADE LIMITADA;2026-02-28;1131653;Cotas de Fundos;0;0;101973232;;2026-05-29
CLASSES - FIDC;49.916.055/0001-35;ASA FIC DE FUNDO DE INVESTIMENTO EM  DIREITOS CREDITÓRIOS 90 RESPONSABILIDADE LIMITADA;2026-02-28;1131653;Valores a pagar;;;32896;;2026-05-29
CLASSES - FIDC;49.916.055/0001-35;ASA FIC DE FUNDO DE INVESTIMENTO EM  DIREITOS CREDITÓRIOS 90 RESPONSABILIDADE LIMITADA;2026-02-28;1131653;Valores a receber;;;5080;;2026-05-29
CLASSES - FIDC;49.916.151/0001-83;ASA LONGO PRAZO FUNDO DE INVESTIMENTO EM COTAS DE FUNDO DE INVEST EM DIREITOS CREDITÓRIOS RESP. LTDA;2026-02-28;1131725;Cotas de Fundos;0;0;971375809;;2026-05-29
CLASSES - FIDC;49.916.151/0001-83;ASA LONGO PRAZO FUNDO DE INVESTIMENTO EM COTAS DE FUNDO DE INVEST EM DIREITOS CREDITÓRIOS RESP. LTDA;2026-02-28;1131725;DIFERENCIAL DE SWAP A PAGAR;;;2078968;;2026-05-29
CLASSES - FIDC;49.916.151/0001-83;ASA LONGO PRAZO FUNDO DE INVESTIMENTO EM COTAS DE FUNDO DE INVEST EM DIREITOS CREDITÓRIOS RESP. LTDA;2026-02-28;1131725;DIFERENCIAL DE SWAP A RECEBER;;;3380;;2026-05-29
CLASSES - FIDC;49.916.151/0001-83;ASA LONGO PRAZO FUNDO DE INVESTIMENTO EM COTAS DE FUNDO DE INVEST EM DIREITOS CREDITÓRIOS RESP. LTDA;2026-02-28;1131725;Valores a pagar;;;527240;;2026-05-29
CLASSES - FIDC;49.916.151/0001-83;ASA LONGO PRAZO FUNDO DE INVESTIMENTO EM COTAS DE FUNDO DE INVEST EM DIREITOS CREDITÓRIOS RESP. LTDA;2026-02-28;1131725;Valores a receber;;;17269;;2026-05-29
CLASSES - FIDC;50.059.717/0001-87;STARKE 180 FUNDO DE INVESTIMENTO EM COTAS DE FIDC - RESPONSABILIDADE LIMITADA;2026-02-28;1134325;Cotas de Fundos;;;25736570;;2026-05-29
CLASSES - FIDC;50.059.717/0001-87;STARKE 180 FUNDO DE INVESTIMENTO EM COTAS DE FIDC - RESPONSABILIDADE LIMITADA;2026-02-28;1134325;Disponibilidades;;;93;;2026-05-29
CLASSES - FIDC;50.059.717/0001-87;STARKE 180 FUNDO DE INVESTIMENTO EM COTAS DE FIDC - RESPONSABILIDADE LIMITADA;2026-02-28;1134325;Valores a pagar;;;17570;;2026-05-29
CLASSES - FIDC;50.059.717/0001-87;STARKE 180 FUNDO DE INVESTIMENTO EM COTAS DE FIDC - RESPONSABILIDADE LIMITADA;2026-02-28;1134325;Valores a receber;;;1370;;2026-05-29
CLASSES - FIDC;50.284.896/0001-56;VSG FUNDO DE INVESTIMENTO EM COTAS DE FUNDO DE INVESTIMENTO EM DIREITOS CREDITÓRIOS;2026-02-28;1131708;Cotas de Fundos;0;0;31480905;;2026-05-29
CLASSES - FIDC;50.284.896/0001-56;VSG FUNDO DE INVESTIMENTO EM COTAS DE FUNDO DE INVESTIMENTO EM DIREITOS CREDITÓRIOS;2026-02-28;1131708;Valores a pagar;;;14248;;2026-05-29
CLASSES - FIDC;50.284.896/0001-56;VSG FUNDO DE INVESTIMENTO EM COTAS DE FUNDO DE INVESTIMENTO EM DIREITOS CREDITÓRIOS;2026-02-28;1131708;Valores a receber;;;3503;;2026-05-29
CLASSES - FIDC;50.398.792/0001-72;ERFOLG MACRO FC FUNDO DE INVESTIMENTO EM DIREITOS CREDITÓRIOS RESPONSABILIDADE LIMITADA;2026-02-28;1129280;Cotas de Fundos;0;1148290;5180694;;2026-05-29
CLASSES - FIDC;50.398.792/0001-72;ERFOLG MACRO FC FUNDO DE INVESTIMENTO EM DIREITOS CREDITÓRIOS RESPONSABILIDADE LIMITADA;2026-02-28;1129280;Disponibilidades;;;218;;2026-05-29
CLASSES - FIDC;50.398.792/0001-72;ERFOLG MACRO FC FUNDO DE INVESTIMENTO EM DIREITOS CREDITÓRIOS RESPONSABILIDADE LIMITADA;2026-02-28;1129280;Operações Compromissadas;;;21867;;2026-05-29
CLASSES - FIDC;50.398.792/0001-72;ERFOLG MACRO FC FUNDO DE INVESTIMENTO EM DIREITOS CREDITÓRIOS RESPONSABILIDADE LIMITADA;2026-02-28;1129280;Títulos Públicos;0;0;166007;;2026-05-29
CLASSES - FIDC;50.398.792/0001-72;ERFOLG MACRO FC FUNDO DE INVESTIMENTO EM DIREITOS CREDITÓRIOS RESPONSABILIDADE LIMITADA;2026-02-28;1129280;Valores a pagar;;;5088948;;2026-05-29
CLASSES - FIDC;50.398.792/0001-72;ERFOLG MACRO FC FUNDO DE INVESTIMENTO EM DIREITOS CREDITÓRIOS RESPONSABILIDADE LIMITADA;2026-02-28;1129280;Valores a receber;;;2915;;2026-05-29
CLASSES - FIDC;50.655.268/0001-30;LONGSHIP FUNDO DE INVESTIMENTO EM COTAS DE FUNDO DE INVESTIMENTO EM DIREITOS CREDITÓRIOS;2026-02-28;1131670;Cotas de Fundos;0;0;88706619;;2026-05-29
CLASSES - FIDC;50.655.268/0001-30;LONGSHIP FUNDO DE INVESTIMENTO EM COTAS DE FUNDO DE INVESTIMENTO EM DIREITOS CREDITÓRIOS;2026-02-28;1131670;Valores a pagar;;;132955;;2026-05-29
CLASSES - FIDC;50.655.268/0001-30;LONGSHIP FUNDO DE INVESTIMENTO EM COTAS DE FUNDO DE INVESTIMENTO EM DIREITOS CREDITÓRIOS;2026-02-28;1131670;Valores a receber;;;1613;;2026-05-29
CLASSES - FIDC;50.808.063/0001-47;FUNDO DE INVESTIMENTO EM COTAS DE FUNDOS DE INVESTIMENTO EM DIREITOS CREDITÓRIOS ALION MZ;2026-02-28;1125100;Cotas de Fundos;0;0;65113533;;2026-05-29
CLASSES - FIDC;50.808.063/0001-47;FUNDO DE INVESTIMENTO EM COTAS DE FUNDOS DE INVESTIMENTO EM DIREITOS CREDITÓRIOS ALION MZ;2026-02-28;1125100;Títulos Públicos;0;0;18429;;2026-05-29
CLASSES - FIDC;50.808.063/0001-47;FUNDO DE INVESTIMENTO EM COTAS DE FUNDOS DE INVESTIMENTO EM DIREITOS CREDITÓRIOS ALION MZ;2026-02-28;1125100;Valores a pagar;;;23998;;2026-05-29
CLASSES - FIDC;50.808.063/0001-47;FUNDO DE INVESTIMENTO EM COTAS DE FUNDOS DE INVESTIMENTO EM DIREITOS CREDITÓRIOS ALION MZ;2026-02-28;1125100;Valores a receber;;;6882;;2026-05-29
CLASSES - FIDC;50.901.127/0001-50;IOX 90 FUNDO DE INVESTIMENTO EM COTAS DE FUNDO DE INVESTIMENTO EM DIREITOS CREDITÓRIOS;2026-02-28;1125101;Cotas de Fundos;0;0;13010261;;2026-05-29
CLASSES - FIDC;50.901.127/0001-50;IOX 90 FUNDO DE INVESTIMENTO EM COTAS DE FUNDO DE INVESTIMENTO EM DIREITOS CREDITÓRIOS;2026-02-28;1125101;Valores a pagar;;;12346;;2026-05-29
CLASSES - FIDC;50.901.127/0001-50;IOX 90 FUNDO DE INVESTIMENTO EM COTAS DE FUNDO DE INVESTIMENTO EM DIREITOS CREDITÓRIOS;2026-02-28;1125101;Valores a receber;;;87462;;2026-05-29
CLASSES - FIDC;51.364.521/0001-69;ORRAM 90 FUNDO DE INVESTIMENTO EM COTAS DE FUNDO DE INVESTIMENTO EM DIREITOS CREDITÓRIOS;2026-02-28;1124953;Cotas de Fundos;0;0;64579046;;2026-05-29
CLASSES - FIDC;51.364.521/0001-69;ORRAM 90 FUNDO DE INVESTIMENTO EM COTAS DE FUNDO DE INVESTIMENTO EM DIREITOS CREDITÓRIOS;2026-02-28;1124953;Títulos Públicos;0;0;73825;;2026-05-29
CLASSES - FIDC;51.364.521/0001-69;ORRAM 90 FUNDO DE INVESTIMENTO EM COTAS DE FUNDO DE INVESTIMENTO EM DIREITOS CREDITÓRIOS;2026-02-28;1124953;Valores a pagar;;;196971;;2026-05-29
CLASSES - FIDC;51.364.521/0001-69;ORRAM 90 FUNDO DE INVESTIMENTO EM COTAS DE FUNDO DE INVESTIMENTO EM DIREITOS CREDITÓRIOS;2026-02-28;1124953;Valores a receber;;;1205;;2026-05-29
CLASSES - FIDC;51.476.020/0001-74;ORRAM HIGH YIELD FUNDO DE INVESTIMENTO EM QUOTAS DE FUNDO DE INVESTIMENTO EM DIREITOS CREDITÓRIOS;2026-02-28;1131666;Cotas de Fundos;0;0;35201447;;2026-05-29
CLASSES - FIDC;51.476.020/0001-74;ORRAM HIGH YIELD FUNDO DE INVESTIMENTO EM QUOTAS DE FUNDO DE INVESTIMENTO EM DIREITOS CREDITÓRIOS;2026-02-28;1131666;Títulos Públicos;0;0;4066;;2026-05-29
CLASSES - FIDC;51.476.020/0001-74;ORRAM HIGH YIELD FUNDO DE INVESTIMENTO EM QUOTAS DE FUNDO DE INVESTIMENTO EM DIREITOS CREDITÓRIOS;2026-02-28;1131666;Valores a pagar;;;18943;;2026-05-29
CLASSES - FIDC;51.476.020/0001-74;ORRAM HIGH YIELD FUNDO DE INVESTIMENTO EM QUOTAS DE FUNDO DE INVESTIMENTO EM DIREITOS CREDITÓRIOS;2026-02-28;1131666;Valores a receber;;;1749;;2026-05-29
CLASSES - FIDC;51.497.417/0001-42;FLEX FUNDO DE INVESTIMENTO EM COTAS DE FUNDO DE INVESTIMENTO EM DIREITOS CREDITÓRIOS;2026-02-28;1125099;Cotas de Fundos;0;0;6202374;;2026-05-29
CLASSES - FIDC;51.497.417/0001-42;FLEX FUNDO DE INVESTIMENTO EM COTAS DE FUNDO DE INVESTIMENTO EM DIREITOS CREDITÓRIOS;2026-02-28;1125099;Valores a pagar;;;4058;;2026-05-29
CLASSES - FIDC;51.497.417/0001-42;FLEX FUNDO DE INVESTIMENTO EM COTAS DE FUNDO DE INVESTIMENTO EM DIREITOS CREDITÓRIOS;2026-02-28;1125099;Valores a receber;;;9456;;2026-05-29
CLASSES - FIDC;52.099.923/0001-46;EVERBLUE FUNDO DE INVESTIMENTO EM COTAS DE FUNDO DE INVESTIMENTO EM DIREITOS CREDITÓRIOS;2026-02-28;1131677;Cotas de Fundos;0;0;24874970;;2026-05-29
CLASSES - FIDC;52.099.923/0001-46;EVERBLUE FUNDO DE INVESTIMENTO EM COTAS DE FUNDO DE INVESTIMENTO EM DIREITOS CREDITÓRIOS;2026-02-28;1131677;Valores a pagar;;;5895;;2026-05-29
CLASSES - FIDC;52.099.923/0001-46;EVERBLUE FUNDO DE INVESTIMENTO EM COTAS DE FUNDO DE INVESTIMENTO EM DIREITOS CREDITÓRIOS;2026-02-28;1131677;Valores a receber;;;1209;;2026-05-29
CLASSES - FIDC;52.178.495/0001-47;IOX 60 FUNDO DE INVESTIMENTO EM COTAS DE FUNDO DE INVESTIMENTO EM DIREITOS CREDITÓRIOS;2026-02-28;1131701;Cotas de Fundos;0;0;5552995;;2026-05-29
CLASSES - FIDC;52.178.495/0001-47;IOX 60 FUNDO DE INVESTIMENTO EM COTAS DE FUNDO DE INVESTIMENTO EM DIREITOS CREDITÓRIOS;2026-02-28;1131701;Valores a pagar;;;11998;;2026-05-29
CLASSES - FIDC;52.178.495/0001-47;IOX 60 FUNDO DE INVESTIMENTO EM COTAS DE FUNDO DE INVESTIMENTO EM DIREITOS CREDITÓRIOS;2026-02-28;1131701;Valores a receber;;;14136;;2026-05-29
CLASSES - FIDC;52.203.566/0001-14;FUNDO DE INVESTIMENTO EM COTAS DE FUNDO DE INVESTIMENTO EM DIREITOS CREDITÓRIOS PARAGUAÇU I;2026-02-28;1131876;Cotas de Fundos;0;0;13736108;;2026-05-29
CLASSES - FIDC;52.203.566/0001-14;FUNDO DE INVESTIMENTO EM COTAS DE FUNDO DE INVESTIMENTO EM DIREITOS CREDITÓRIOS PARAGUAÇU I;2026-02-28;1131876;Valores a pagar;;;12554;;2026-05-29
CLASSES - FIDC;52.203.566/0001-14;FUNDO DE INVESTIMENTO EM COTAS DE FUNDO DE INVESTIMENTO EM DIREITOS CREDITÓRIOS PARAGUAÇU I;2026-02-28;1131876;Valores a receber;;;83834;;2026-05-29
CLASSES - FIDC;52.362.629/0001-85;3T - FUNDO DE INVESTIMENTO EM COTAS DE FUNDO DE INVESTIMENTO EM DIREITOS CREDITÓRIOS NÃO PADRONIZADO;2026-02-28;1131682;Cotas de Fundos;0;0;19031568;;2026-05-29
CLASSES - FIDC;52.362.629/0001-85;3T - FUNDO DE INVESTIMENTO EM COTAS DE FUNDO DE INVESTIMENTO EM DIREITOS CREDITÓRIOS NÃO PADRONIZADO;2026-02-28;1131682;Valores a pagar;;;9919;;2026-05-29
CLASSES - FIDC;52.362.629/0001-85;3T - FUNDO DE INVESTIMENTO EM COTAS DE FUNDO DE INVESTIMENTO EM DIREITOS CREDITÓRIOS NÃO PADRONIZADO;2026-02-28;1131682;Valores a receber;;;11404;;2026-05-29
CLASSES - FIDC;52.607.408/0001-20;ISIDORO FUNDO DE INVESTIMENTO EM COTAS DE FUNDO DE INVESTIMENTO EM DIREITOS CREDITÓRIOS;2026-02-28;1131727;Cotas de Fundos;0;0;8812996;;2026-05-29
CLASSES - FIDC;52.607.408/0001-20;ISIDORO FUNDO DE INVESTIMENTO EM COTAS DE FUNDO DE INVESTIMENTO EM DIREITOS CREDITÓRIOS;2026-02-28;1131727;Valores a pagar;;;17652;;2026-05-29
CLASSES - FIDC;52.607.408/0001-20;ISIDORO FUNDO DE INVESTIMENTO EM COTAS DE FUNDO DE INVESTIMENTO EM DIREITOS CREDITÓRIOS;2026-02-28;1131727;Valores a receber;;;806;;2026-05-29
CLASSES - FIDC;53.190.018/0001-60;FUNDO DE INVESTIMENTO EM COTAS DE FUNDO DE INVESTIMENTO EM DIREITOS CREDITÓRIOS ILHA DE MARÉ;2026-02-28;1131674;Cotas de Fundos;0;0;11818303;;2026-05-29
CLASSES - FIDC;53.190.018/0001-60;FUNDO DE INVESTIMENTO EM COTAS DE FUNDO DE INVESTIMENTO EM DIREITOS CREDITÓRIOS ILHA DE MARÉ;2026-02-28;1131674;Valores a pagar;;;12533;;2026-05-29
CLASSES - FIDC;53.190.018/0001-60;FUNDO DE INVESTIMENTO EM COTAS DE FUNDO DE INVESTIMENTO EM DIREITOS CREDITÓRIOS ILHA DE MARÉ;2026-02-28;1131674;Valores a receber;;;8731;;2026-05-29
CLASSES - FIDC;53.214.754/0001-00;ANFEH FUNDO DE INVESTIMENTO EM COTAS DE FUNDO DE INVESTIMENTO EM DIREITOS CREDITÓRIOS;2026-02-28;1131706;Cotas de Fundos;0;0;1214353;;2026-05-29
CLASSES - FIDC;53.214.754/0001-00;ANFEH FUNDO DE INVESTIMENTO EM COTAS DE FUNDO DE INVESTIMENTO EM DIREITOS CREDITÓRIOS;2026-02-28;1131706;Valores a pagar;;;-361204;;2026-05-29
CLASSES - FIDC;53.214.754/0001-00;ANFEH FUNDO DE INVESTIMENTO EM COTAS DE FUNDO DE INVESTIMENTO EM DIREITOS CREDITÓRIOS;2026-02-28;1131706;Valores a receber;;;537;;2026-05-29
CLASSES - FIDC;53.880.657/0001-57;G5 F GJS FUNDO DE INVESTIMENTO EM COTAS DE FUNDO DE INVESTIMENTO EM DIREITOS CREDITÓRIOS;2026-02-28;1131651;Cotas de Fundos;0;0;169917520;;2026-05-29
CLASSES - FIDC;53.880.657/0001-57;G5 F GJS FUNDO DE INVESTIMENTO EM COTAS DE FUNDO DE INVESTIMENTO EM DIREITOS CREDITÓRIOS;2026-02-28;1131651;Títulos Públicos;0;0;5479154;;2026-05-29
CLASSES - FIDC;53.880.657/0001-57;G5 F GJS FUNDO DE INVESTIMENTO EM COTAS DE FUNDO DE INVESTIMENTO EM DIREITOS CREDITÓRIOS;2026-02-28;1131651;Valores a pagar;;;17302;;2026-05-29
CLASSES - FIDC;53.880.657/0001-57;G5 F GJS FUNDO DE INVESTIMENTO EM COTAS DE FUNDO DE INVESTIMENTO EM DIREITOS CREDITÓRIOS;2026-02-28;1131651;Valores a receber;;;7002;;2026-05-29
CLASSES - FIDC;54.976.534/0001-87;BURITI FUNDO DE INVESTIMENTO EM COTAS DE FUNDO DE INVESTIMENTO EM DIREITOS CREDITÓRIOS;2026-02-28;1131998;Cotas de Fundos;0;0;50751628;;2026-05-29
CLASSES - FIDC;54.976.534/0001-87;BURITI FUNDO DE INVESTIMENTO EM COTAS DE FUNDO DE INVESTIMENTO EM DIREITOS CREDITÓRIOS;2026-02-28;1131998;Valores a pagar;;;1432196;;2026-05-29
CLASSES - FIDC;54.976.534/0001-87;BURITI FUNDO DE INVESTIMENTO EM COTAS DE FUNDO DE INVESTIMENTO EM DIREITOS CREDITÓRIOS;2026-02-28;1131998;Valores a receber;;;1613;;2026-05-29
CLASSES - FIDC;55.211.792/0001-35;BW2 FUNDO DE INVESTIMENTO EM COTAS DE FUNDO DE INVESTIMENTO EM DIREITOS CREDITÓRIOS;2026-02-28;1131675;Cotas de Fundos;0;0;39686612;;2026-05-29
CLASSES - FIDC;55.211.792/0001-35;BW2 FUNDO DE INVESTIMENTO EM COTAS DE FUNDO DE INVESTIMENTO EM DIREITOS CREDITÓRIOS;2026-02-28;1131675;Títulos Públicos;0;0;92226;;2026-05-29
CLASSES - FIDC;55.211.792/0001-35;BW2 FUNDO DE INVESTIMENTO EM COTAS DE FUNDO DE INVESTIMENTO EM DIREITOS CREDITÓRIOS;2026-02-28;1131675;Valores a pagar;;;37905;;2026-05-29
CLASSES - FIDC;55.211.792/0001-35;BW2 FUNDO DE INVESTIMENTO EM COTAS DE FUNDO DE INVESTIMENTO EM DIREITOS CREDITÓRIOS;2026-02-28;1131675;Valores a receber;;;2151;;2026-05-29
CLASSES - FIDC;55.296.116/0001-01;MATRI NOW FUNDO DE INVESTIMENTO EM COTAS DE FUNDO DE INVESTIMENTO EM DIREITOS CREDITÓRIOS;2026-02-28;1124582;Cotas de Fundos;0;0;31066466;;2026-05-29
CLASSES - FIDC;55.296.116/0001-01;MATRI NOW FUNDO DE INVESTIMENTO EM COTAS DE FUNDO DE INVESTIMENTO EM DIREITOS CREDITÓRIOS;2026-02-28;1124582;Valores a pagar;;;21156;;2026-05-29
CLASSES - FIDC;55.296.116/0001-01;MATRI NOW FUNDO DE INVESTIMENTO EM COTAS DE FUNDO DE INVESTIMENTO EM DIREITOS CREDITÓRIOS;2026-02-28;1124582;Valores a receber;;;1613;;2026-05-29
CLASSES - FIDC;55.619.752/0001-27;MAX 90 FUNDO DE INVESTIMENTO EM COTAS DE FUNDO DE INVESTIMENTO EM DIREITOS CREDITÓRIOS;2026-02-28;1131683;Cotas de Fundos;0;0;7291288;;2026-05-29
CLASSES - FIDC;55.619.752/0001-27;MAX 90 FUNDO DE INVESTIMENTO EM COTAS DE FUNDO DE INVESTIMENTO EM DIREITOS CREDITÓRIOS;2026-02-28;1131683;Valores a pagar;;;29210;;2026-05-29
CLASSES - FIDC;55.619.752/0001-27;MAX 90 FUNDO DE INVESTIMENTO EM COTAS DE FUNDO DE INVESTIMENTO EM DIREITOS CREDITÓRIOS;2026-02-28;1131683;Valores a receber;;;349904;;2026-05-29
CLASSES - FIDC;55.835.986/0001-01;ORRAM ESTRUTURADO FIC DE FUNDOS DE INVESTIMENTO EM DIREITOS CREDITÓRIOS - RESPONSABILIDADE LIMITADA;2026-02-28;1124838;Cotas de Fundos;0;0;59765478;;2026-05-29
CLASSES - FIDC;55.835.986/0001-01;ORRAM ESTRUTURADO FIC DE FUNDOS DE INVESTIMENTO EM DIREITOS CREDITÓRIOS - RESPONSABILIDADE LIMITADA;2026-02-28;1124838;Valores a pagar;;;35829;;2026-05-29
CLASSES - FIDC;55.835.986/0001-01;ORRAM ESTRUTURADO FIC DE FUNDOS DE INVESTIMENTO EM DIREITOS CREDITÓRIOS - RESPONSABILIDADE LIMITADA;2026-02-28;1124838;Valores a receber;;;2165;;2026-05-29
CLASSES - FIDC;55.914.922/0001-04;ORRAM VD FUNDO DE INVESTIMENTO EM COTAS DE FUNDO DE INVESTIMENTO EM DIREITOS CREDITÓRIOS - RESP LTDA;2026-02-28;1132743;Cotas de Fundos;0;0;19393830;;2026-05-29
CLASSES - FIDC;55.914.922/0001-04;ORRAM VD FUNDO DE INVESTIMENTO EM COTAS DE FUNDO DE INVESTIMENTO EM DIREITOS CREDITÓRIOS - RESP LTDA;2026-02-28;1132743;Valores a pagar;;;13542;;2026-05-29
CLASSES - FIDC;55.914.922/0001-04;ORRAM VD FUNDO DE INVESTIMENTO EM COTAS DE FUNDO DE INVESTIMENTO EM DIREITOS CREDITÓRIOS - RESP LTDA;2026-02-28;1132743;Valores a receber;;;1209;;2026-05-29
CLASSES - FIDC;55.935.259/0001-16;OCCAM FI EM COTAS DE FUNDOS DE INVESTIMENTO EM DIREITOS CREDITÓRIOS RESPONSABILIDADE LIMITADA;2026-02-28;1129191;Cotas de Fundos;;;543119028;;2026-05-29
CLASSES - FIDC;55.935.259/0001-16;OCCAM FI EM COTAS DE FUNDOS DE INVESTIMENTO EM DIREITOS CREDITÓRIOS RESPONSABILIDADE LIMITADA;2026-02-28;1129191;Disponibilidades;;;104;;2026-05-29
CLASSES - FIDC;55.935.259/0001-16;OCCAM FI EM COTAS DE FUNDOS DE INVESTIMENTO EM DIREITOS CREDITÓRIOS RESPONSABILIDADE LIMITADA;2026-02-28;1129191;Valores a pagar;;;79479;;2026-05-29
CLASSES - FIDC;55.935.259/0001-16;OCCAM FI EM COTAS DE FUNDOS DE INVESTIMENTO EM DIREITOS CREDITÓRIOS RESPONSABILIDADE LIMITADA;2026-02-28;1129191;Valores a receber;;;34809;;2026-05-29
CLASSES - FIDC;56.023.806/0001-50;CONQUISTA FUNDO DE INVESTIMENTO EM COTAS DE FUNDO DE INVESTIMENTO EM DIREITOS CREDITÓRIOS;2026-02-28;1124837;Cotas de Fundos;0;0;134747334;;2026-05-29
CLASSES - FIDC;56.023.806/0001-50;CONQUISTA FUNDO DE INVESTIMENTO EM COTAS DE FUNDO DE INVESTIMENTO EM DIREITOS CREDITÓRIOS;2026-02-28;1124837;Valores a pagar;;;43093;;2026-05-29
CLASSES - FIDC;56.023.806/0001-50;CONQUISTA FUNDO DE INVESTIMENTO EM COTAS DE FUNDO DE INVESTIMENTO EM DIREITOS CREDITÓRIOS;2026-02-28;1124837;Valores a receber;;;4497;;2026-05-29
CLASSES - FIDC;56.030.860/0001-22;FAMA FUNDO DE INVESTIMENTO EM COTAS DE FUNDO DE INVESTIMENTO EM DIREITOS CREDITÓRIOS;2026-02-28;1132283;Cotas de Fundos;0;0;2004935;;2026-05-29
CLASSES - FIDC;56.030.860/0001-22;FAMA FUNDO DE INVESTIMENTO EM COTAS DE FUNDO DE INVESTIMENTO EM DIREITOS CREDITÓRIOS;2026-02-28;1132283;Valores a pagar;;;6583;;2026-05-29
CLASSES - FIDC;56.030.860/0001-22;FAMA FUNDO DE INVESTIMENTO EM COTAS DE FUNDO DE INVESTIMENTO EM DIREITOS CREDITÓRIOS;2026-02-28;1132283;Valores a receber;;;4672;;2026-05-29
CLASSES - FIDC;56.073.212/0001-53;EVEREST TRACKER FUNDO DE INVESTIMENTO EM COTAS DE FUNDO DE INVESTIMENTO EM DIREITOS CREDITÓRIOS;2026-02-28;1132225;Cotas de Fundos;0;0;28123789;;2026-05-29
CLASSES - FIDC;56.073.212/0001-53;EVEREST TRACKER FUNDO DE INVESTIMENTO EM COTAS DE FUNDO DE INVESTIMENTO EM DIREITOS CREDITÓRIOS;2026-02-28;1132225;Valores a pagar;;;139086;;2026-05-29
CLASSES - FIDC;56.073.212/0001-53;EVEREST TRACKER FUNDO DE INVESTIMENTO EM COTAS DE FUNDO DE INVESTIMENTO EM DIREITOS CREDITÓRIOS;2026-02-28;1132225;Valores a receber;;;1255;;2026-05-29
CLASSES - FIDC;56.322.644/0001-50;REVO FUNDO DE INVESTIMENTO EM COTAS DE FUNDO DE INVESTIMENTO EM DIREITOS CREDITÓRIOS;2026-02-28;1131715;Cotas de Fundos;0;0;27690525;;2026-05-29
CLASSES - FIDC;56.322.644/0001-50;REVO FUNDO DE INVESTIMENTO EM COTAS DE FUNDO DE INVESTIMENTO EM DIREITOS CREDITÓRIOS;2026-02-28;1131715;Valores a pagar;;;6495;;2026-05-29
CLASSES - FIDC;56.322.644/0001-50;REVO FUNDO DE INVESTIMENTO EM COTAS DE FUNDO DE INVESTIMENTO EM DIREITOS CREDITÓRIOS;2026-02-28;1131715;Valores a receber;;;806;;2026-05-29
CLASSES - FIDC;56.431.951/0001-70;BRADESCO MID YIELD FIC DE FIDC - RESPONSABILIDADE LIMITADA;2026-02-28;1135893;Cotas de Fundos;;;33913635;;2026-05-29
CLASSES - FIDC;56.431.951/0001-70;BRADESCO MID YIELD FIC DE FIDC - RESPONSABILIDADE LIMITADA;2026-02-28;1135893;Disponibilidades;;;0;;2026-05-29
CLASSES - FIDC;56.431.951/0001-70;BRADESCO MID YIELD FIC DE FIDC - RESPONSABILIDADE LIMITADA;2026-02-28;1135893;Valores a pagar;;;39602;;2026-05-29
CLASSES - FIDC;56.431.951/0001-70;BRADESCO MID YIELD FIC DE FIDC - RESPONSABILIDADE LIMITADA;2026-02-28;1135893;Valores a receber;;;3323;;2026-05-29
CLASSES - FIDC;56.823.028/0001-83;CLASSE ÚNICA DE COTAS DO CLUBE DO VALOR SELEÇÃO CRÉDITO ESTRUTURADO FIC DE FIDC RESP LIMITADA;2026-02-28;1135748;Cotas de Fundos;;;15713807;;2026-05-29
CLASSES - FIDC;56.823.028/0001-83;CLASSE ÚNICA DE COTAS DO CLUBE DO VALOR SELEÇÃO CRÉDITO ESTRUTURADO FIC DE FIDC RESP LIMITADA;2026-02-28;1135748;Disponibilidades;;;1000;;2026-05-29
CLASSES - FIDC;56.823.028/0001-83;CLASSE ÚNICA DE COTAS DO CLUBE DO VALOR SELEÇÃO CRÉDITO ESTRUTURADO FIC DE FIDC RESP LIMITADA;2026-02-28;1135748;Valores a pagar;;;12596;;2026-05-29
CLASSES - FIDC;56.823.028/0001-83;CLASSE ÚNICA DE COTAS DO CLUBE DO VALOR SELEÇÃO CRÉDITO ESTRUTURADO FIC DE FIDC RESP LIMITADA;2026-02-28;1135748;Valores a receber;;;159;;2026-05-29
CLASSES - FIDC;56.924.025/0001-36;ASA FUNDO DE INVESTIMENTO EM COTAS DE FUNDO DE INVESTIMENTO EM DIREITOS CREDITÓRIOS 90 II RESP LIM;2026-02-28;1131646;Cotas de Fundos;0;0;255444347;;2026-05-29
CLASSES - FIDC;56.924.025/0001-36;ASA FUNDO DE INVESTIMENTO EM COTAS DE FUNDO DE INVESTIMENTO EM DIREITOS CREDITÓRIOS 90 II RESP LIM;2026-02-28;1131646;Valores a pagar;;;121304;;2026-05-29
CLASSES - FIDC;56.924.025/0001-36;ASA FUNDO DE INVESTIMENTO EM COTAS DE FUNDO DE INVESTIMENTO EM DIREITOS CREDITÓRIOS 90 II RESP LIM;2026-02-28;1131646;Valores a receber;;;3373;;2026-05-29
CLASSES - FIDC;56.924.942/0001-10;ASA LP II FUNDO DE INVESTIMENTO EM COTAS DE FUNDO DE INVESTIMENTO EM DIREITOS CREDITÓRIOS RESP LIM;2026-02-28;1131719;Cotas de Fundos;0;0;1246119466;;2026-05-29
CLASSES - FIDC;56.924.942/0001-10;ASA LP II FUNDO DE INVESTIMENTO EM COTAS DE FUNDO DE INVESTIMENTO EM DIREITOS CREDITÓRIOS RESP LIM;2026-02-28;1131719;DIFERENCIAL DE SWAP A PAGAR;;;1710579;;2026-05-29
CLASSES - FIDC;56.924.942/0001-10;ASA LP II FUNDO DE INVESTIMENTO EM COTAS DE FUNDO DE INVESTIMENTO EM DIREITOS CREDITÓRIOS RESP LIM;2026-02-28;1131719;Valores a pagar;;;637598;;2026-05-29
CLASSES - FIDC;56.924.942/0001-10;ASA LP II FUNDO DE INVESTIMENTO EM COTAS DE FUNDO DE INVESTIMENTO EM DIREITOS CREDITÓRIOS RESP LIM;2026-02-28;1131719;Valores a receber;;;10372;;2026-05-29
CLASSES - FIDC;56.964.123/0001-05;CAVORETTO FUNDO DE INVESTIMENTO EM COTAS DE FUNDO DE INVESTIMENTO EM DIREITOS CREDITÓRIOS;2026-02-28;1134312;Cotas de Fundos;;;32203548;;2026-05-29
CLASSES - FIDC;56.964.123/0001-05;CAVORETTO FUNDO DE INVESTIMENTO EM COTAS DE FUNDO DE INVESTIMENTO EM DIREITOS CREDITÓRIOS;2026-02-28;1134312;Disponibilidades;;;0;;2026-05-29
CLASSES - FIDC;56.964.123/0001-05;CAVORETTO FUNDO DE INVESTIMENTO EM COTAS DE FUNDO DE INVESTIMENTO EM DIREITOS CREDITÓRIOS;2026-02-28;1134312;Valores a pagar;;;44006;;2026-05-29
CLASSES - FIDC;56.964.123/0001-05;CAVORETTO FUNDO DE INVESTIMENTO EM COTAS DE FUNDO DE INVESTIMENTO EM DIREITOS CREDITÓRIOS;2026-02-28;1134312;Valores a receber;;;2952;;2026-05-29
CLASSES - FIDC;57.025.352/0001-19;M7 CAPITAL FUNDO DE INVESTIMENTO EM COTAS DE FUNDO DE INVESTIMENTO EM DIREITOS CREDITÓRIOS-RESP LIM;2026-02-28;1134319;Cotas de Fundos;;;8598387;;2026-05-29
CLASSES - FIDC;57.025.352/0001-19;M7 CAPITAL FUNDO DE INVESTIMENTO EM COTAS DE FUNDO DE INVESTIMENTO EM DIREITOS CREDITÓRIOS-RESP LIM;2026-02-28;1134319;Disponibilidades;;;74;;2026-05-29
CLASSES - FIDC;57.025.352/0001-19;M7 CAPITAL FUNDO DE INVESTIMENTO EM COTAS DE FUNDO DE INVESTIMENTO EM DIREITOS CREDITÓRIOS-RESP LIM;2026-02-28;1134319;Títulos Públicos;0;0;4066;;2026-05-29
CLASSES - FIDC;57.025.352/0001-19;M7 CAPITAL FUNDO DE INVESTIMENTO EM COTAS DE FUNDO DE INVESTIMENTO EM DIREITOS CREDITÓRIOS-RESP LIM;2026-02-28;1134319;Valores a pagar;;;19976;;2026-05-29
CLASSES - FIDC;57.025.352/0001-19;M7 CAPITAL FUNDO DE INVESTIMENTO EM COTAS DE FUNDO DE INVESTIMENTO EM DIREITOS CREDITÓRIOS-RESP LIM;2026-02-28;1134319;Valores a receber;;;861;;2026-05-29
CLASSES - FIDC;57.325.152/0001-81;MAX 30 FUNDO DE INVESTIMENTO EM COTAS DE FUNDO DE INVESTIMENTO EM DIREITOS CREDITÓRIOS;2026-02-28;1124553;Cotas de Fundos;0;0;15156443;;2026-05-29
CLASSES - FIDC;57.325.152/0001-81;MAX 30 FUNDO DE INVESTIMENTO EM COTAS DE FUNDO DE INVESTIMENTO EM DIREITOS CREDITÓRIOS;2026-02-28;1124553;Valores a pagar;;;48837;;2026-05-29
CLASSES - FIDC;57.325.152/0001-81;MAX 30 FUNDO DE INVESTIMENTO EM COTAS DE FUNDO DE INVESTIMENTO EM DIREITOS CREDITÓRIOS;2026-02-28;1124553;Valores a receber;;;9827;;2026-05-29
CLASSES - FIDC;57.339.373/0001-09;EMPHASIS FUNDO DE INVESTIMENTO EM DIREITOS CREDITÓRIOS;2026-02-28;1134314;Cotas de Fundos;;;93407545;;2026-05-29
CLASSES - FIDC;57.339.373/0001-09;EMPHASIS FUNDO DE INVESTIMENTO EM DIREITOS CREDITÓRIOS;2026-02-28;1134314;Disponibilidades;;;100;;2026-05-29
CLASSES - FIDC;57.339.373/0001-09;EMPHASIS FUNDO DE INVESTIMENTO EM DIREITOS CREDITÓRIOS;2026-02-28;1134314;Valores a pagar;;;78230;;2026-05-29
CLASSES - FIDC;57.339.373/0001-09;EMPHASIS FUNDO DE INVESTIMENTO EM DIREITOS CREDITÓRIOS;2026-02-28;1134314;Valores a receber;;;2673;;2026-05-29
CLASSES - FIDC;57.519.386/0001-60;MAX 365 FUNDO DE INVESTIMENTO EM COTAS DE FUNDO DE INVESTIMENTO EM DIREITOS CREDITÓRIOS;2026-02-28;1131690;Cotas de Fundos;0;0;6024307;;2026-05-29
CLASSES - FIDC;57.519.386/0001-60;MAX 365 FUNDO DE INVESTIMENTO EM COTAS DE FUNDO DE INVESTIMENTO EM DIREITOS CREDITÓRIOS;2026-02-28;1131690;Valores a pagar;;;18290;;2026-05-29
CLASSES - FIDC;57.519.386/0001-60;MAX 365 FUNDO DE INVESTIMENTO EM COTAS DE FUNDO DE INVESTIMENTO EM DIREITOS CREDITÓRIOS;2026-02-28;1131690;Valores a receber;;;103240;;2026-05-29
CLASSES - FIDC;58.364.147/0001-40;QUATÁ 60 FIC DE FUNDO DE INVESTIMENTO EM DIREITOS CREDITÓRIOS - RESPONSABILIDADE LIMITADA;2026-02-28;1132233;Cotas de Fundos;0;0;14239174;;2026-05-29
CLASSES - FIDC;58.364.147/0001-40;QUATÁ 60 FIC DE FUNDO DE INVESTIMENTO EM DIREITOS CREDITÓRIOS - RESPONSABILIDADE LIMITADA;2026-02-28;1132233;Valores a pagar;;;28223;;2026-05-29
CLASSES - FIDC;58.364.147/0001-40;QUATÁ 60 FIC DE FUNDO DE INVESTIMENTO EM DIREITOS CREDITÓRIOS - RESPONSABILIDADE LIMITADA;2026-02-28;1132233;Valores a receber;;;1205;;2026-05-29
CLASSES - FIDC;58.900.579/0001-29;MONEE FUNDO DE INVESTIMENTO EM COTAS DE FUNDOS DE INVESTIMENTO EM DIREITOS CREDITÓRIOS RESP LIMITADA;2026-02-28;1131705;Cotas de Fundos;0;0;1964338680;;2026-05-29
CLASSES - FIDC;58.900.579/0001-29;MONEE FUNDO DE INVESTIMENTO EM COTAS DE FUNDOS DE INVESTIMENTO EM DIREITOS CREDITÓRIOS RESP LIMITADA;2026-02-28;1131705;Valores a pagar;;;120250;;2026-05-29
CLASSES - FIDC;58.900.579/0001-29;MONEE FUNDO DE INVESTIMENTO EM COTAS DE FUNDOS DE INVESTIMENTO EM DIREITOS CREDITÓRIOS RESP LIMITADA;2026-02-28;1131705;Valores a receber;;;6882;;2026-05-29
CLASSES - FIDC;59.213.700/0001-07;ITAUNA PIPELINE FIC FIDC - RESPONSABILIDADE LIMITADA;2026-02-28;1131659;Cotas de Fundos;0;0;26748133;;2026-05-29
CLASSES - FIDC;59.213.700/0001-07;ITAUNA PIPELINE FIC FIDC - RESPONSABILIDADE LIMITADA;2026-02-28;1131659;Valores a pagar;;;52914;;2026-05-29
CLASSES - FIDC;59.213.700/0001-07;ITAUNA PIPELINE FIC FIDC - RESPONSABILIDADE LIMITADA;2026-02-28;1131659;Valores a receber;;;1205;;2026-05-29
CLASSES - FIDC;59.260.452/0001-55;GOPIN FUNDO DE INVESTIMENTO EM COTAS DE FUNDO DE INVESTIMENTO EM DIREITOS CREDITÓRIOS;2026-02-28;1134316;Cotas de Fundos;;;37224163;;2026-05-29
CLASSES - FIDC;59.260.452/0001-55;GOPIN FUNDO DE INVESTIMENTO EM COTAS DE FUNDO DE INVESTIMENTO EM DIREITOS CREDITÓRIOS;2026-02-28;1134316;Disponibilidades;;;51822;;2026-05-29
CLASSES - FIDC;59.260.452/0001-55;GOPIN FUNDO DE INVESTIMENTO EM COTAS DE FUNDO DE INVESTIMENTO EM DIREITOS CREDITÓRIOS;2026-02-28;1134316;Valores a pagar;;;13939;;2026-05-29
CLASSES - FIDC;59.260.452/0001-55;GOPIN FUNDO DE INVESTIMENTO EM COTAS DE FUNDO DE INVESTIMENTO EM DIREITOS CREDITÓRIOS;2026-02-28;1134316;Valores a receber;;;2931;;2026-05-29
CLASSES - FIDC;59.657.112/0001-62;AJAX PLUS FIC DE FUNDOS DE INVESTIMENTO EM DIREITOS CREDITÓRIOS RESPONSABILIDADE LIMITADA;2026-02-28;1129270;Cotas de Fundos;0;0;11616949;;2026-05-29
CLASSES - FIDC;59.657.112/0001-62;AJAX PLUS FIC DE FUNDOS DE INVESTIMENTO EM DIREITOS CREDITÓRIOS RESPONSABILIDADE LIMITADA;2026-02-28;1129270;Disponibilidades;;;527;;2026-05-29
CLASSES - FIDC;59.657.112/0001-62;AJAX PLUS FIC DE FUNDOS DE INVESTIMENTO EM DIREITOS CREDITÓRIOS RESPONSABILIDADE LIMITADA;2026-02-28;1129270;Operações Compromissadas;;;112157;;2026-05-29
CLASSES - FIDC;59.657.112/0001-62;AJAX PLUS FIC DE FUNDOS DE INVESTIMENTO EM DIREITOS CREDITÓRIOS RESPONSABILIDADE LIMITADA;2026-02-28;1129270;Valores a pagar;;;35110;;2026-05-29
CLASSES - FIDC;59.657.112/0001-62;AJAX PLUS FIC DE FUNDOS DE INVESTIMENTO EM DIREITOS CREDITÓRIOS RESPONSABILIDADE LIMITADA;2026-02-28;1129270;Valores a receber;;;2877;;2026-05-29
CLASSES - FIDC;59.791.370/0001-37;TATUHY FUNDO DE INVESTIMENTO EM COTAS DE FUNDO DE INVESTIMENTO EM DIREITOS CREDITÓRIOS;2026-02-28;1134307;Cotas de Fundos;;;4974163;;2026-05-29
CLASSES - FIDC;59.791.370/0001-37;TATUHY FUNDO DE INVESTIMENTO EM COTAS DE FUNDO DE INVESTIMENTO EM DIREITOS CREDITÓRIOS;2026-02-28;1134307;Disponibilidades;;;714;;2026-05-29
CLASSES - FIDC;59.791.370/0001-37;TATUHY FUNDO DE INVESTIMENTO EM COTAS DE FUNDO DE INVESTIMENTO EM DIREITOS CREDITÓRIOS;2026-02-28;1134307;Valores a pagar;;;16000;;2026-05-29
CLASSES - FIDC;59.791.370/0001-37;TATUHY FUNDO DE INVESTIMENTO EM COTAS DE FUNDO DE INVESTIMENTO EM DIREITOS CREDITÓRIOS;2026-02-28;1134307;Valores a receber;;;110;;2026-05-29
CLASSES - FIDC;60.095.738/0001-01;REACH CRÉDITO ESTRUTURADO FIC DE FIDC RESP LIMITADA;2026-02-28;1135719;Cotas de Fundos;;;101550344;;2026-05-29
CLASSES - FIDC;60.095.738/0001-01;REACH CRÉDITO ESTRUTURADO FIC DE FIDC RESP LIMITADA;2026-02-28;1135719;Disponibilidades;;;100;;2026-05-29
CLASSES - FIDC;60.095.738/0001-01;REACH CRÉDITO ESTRUTURADO FIC DE FIDC RESP LIMITADA;2026-02-28;1135719;Valores a pagar;;;286059;;2026-05-29
CLASSES - FIDC;60.095.738/0001-01;REACH CRÉDITO ESTRUTURADO FIC DE FIDC RESP LIMITADA;2026-02-28;1135719;Valores a receber;;;512;;2026-05-29
CLASSES - FIDC;60.369.537/0001-55;ASA FIC FIDC D1 RESPONSABILIDADE LIMITADA;2026-02-28;1131693;Cotas de Fundos;0;0;102282338;;2026-05-29
CLASSES - FIDC;60.369.537/0001-55;ASA FIC FIDC D1 RESPONSABILIDADE LIMITADA;2026-02-28;1131693;Valores a pagar;;;53837;;2026-05-29
CLASSES - FIDC;60.369.537/0001-55;ASA FIC FIDC D1 RESPONSABILIDADE LIMITADA;2026-02-28;1131693;Valores a receber;;;1075;;2026-05-29
CLASSES - FIDC;60.369.959/0001-20;ASA FUNDO DE INVESTIMENTO EM COTAS DE FIDC 30 RESPONSABILIDADE LIMITADA;2026-02-28;1131665;Cotas de Fundos;0;0;19536273;;2026-05-29
CLASSES - FIDC;60.369.959/0001-20;ASA FUNDO DE INVESTIMENTO EM COTAS DE FIDC 30 RESPONSABILIDADE LIMITADA;2026-02-28;1131665;Valores a pagar;;;11714;;2026-05-29
CLASSES - FIDC;60.369.959/0001-20;ASA FUNDO DE INVESTIMENTO EM COTAS DE FIDC 30 RESPONSABILIDADE LIMITADA;2026-02-28;1131665;Valores a receber;;;1075;;2026-05-29
CLASSES - FIDC;60.430.405/0001-91;STARKE FIC DE FIDC MC MS;2026-02-28;1124581;Cotas de Fundos;0;0;32442713;;2026-05-29
CLASSES - FIDC;60.430.405/0001-91;STARKE FIC DE FIDC MC MS;2026-02-28;1124581;Valores a pagar;;;20813;;2026-05-29
CLASSES - FIDC;60.430.405/0001-91;STARKE FIC DE FIDC MC MS;2026-02-28;1124581;Valores a receber;;;100;;2026-05-29
CLASSES - FIDC;60.759.253/0001-75;BRADESCO ATHOS FUNDO DE INVESTIMENTO EM DIREITOS CREDITÓRIOS - RESPONSABILIDADE LIMITADA;2026-02-28;1135921;Cotas de Fundos;;;131781028;;2026-05-29
CLASSES - FIDC;60.759.253/0001-75;BRADESCO ATHOS FUNDO DE INVESTIMENTO EM DIREITOS CREDITÓRIOS - RESPONSABILIDADE LIMITADA;2026-02-28;1135921;Debêntures;;;8627406;;2026-05-29
CLASSES - FIDC;60.759.253/0001-75;BRADESCO ATHOS FUNDO DE INVESTIMENTO EM DIREITOS CREDITÓRIOS - RESPONSABILIDADE LIMITADA;2026-02-28;1135921;Disponibilidades;;;0;;2026-05-29
CLASSES - FIDC;60.759.253/0001-75;BRADESCO ATHOS FUNDO DE INVESTIMENTO EM DIREITOS CREDITÓRIOS - RESPONSABILIDADE LIMITADA;2026-02-28;1135921;Valores a pagar;;;105872;;2026-05-29
CLASSES - FIDC;60.759.253/0001-75;BRADESCO ATHOS FUNDO DE INVESTIMENTO EM DIREITOS CREDITÓRIOS - RESPONSABILIDADE LIMITADA;2026-02-28;1135921;Valores a receber;;;216417;;2026-05-29
CLASSES - FIDC;61.237.208/0001-13;ANGRA FUNDO DE INVESTIMENTO EM COTAS DE FUNDOS DE INVESTIMENTO EM DIREITOS CREDITÓRIOS;2026-02-28;1130923;Cotas de Fundos;;;32975495;;2026-05-29
CLASSES - FIDC;61.237.208/0001-13;ANGRA FUNDO DE INVESTIMENTO EM COTAS DE FUNDOS DE INVESTIMENTO EM DIREITOS CREDITÓRIOS;2026-02-28;1130923;Outras aplicações;;;4780699;;2026-05-29
CLASSES - FIDC;61.237.208/0001-13;ANGRA FUNDO DE INVESTIMENTO EM COTAS DE FUNDOS DE INVESTIMENTO EM DIREITOS CREDITÓRIOS;2026-02-28;1130923;Títulos Públicos;0;0;1104878;;2026-05-29
CLASSES - FIDC;61.237.208/0001-13;ANGRA FUNDO DE INVESTIMENTO EM COTAS DE FUNDOS DE INVESTIMENTO EM DIREITOS CREDITÓRIOS;2026-02-28;1130923;Valores a pagar;;;35417;;2026-05-29
CLASSES - FIDC;61.237.208/0001-13;ANGRA FUNDO DE INVESTIMENTO EM COTAS DE FUNDOS DE INVESTIMENTO EM DIREITOS CREDITÓRIOS;2026-02-28;1130923;Valores a receber;;;8267;;2026-05-29
CLASSES - FIDC;61.289.877/0001-39;ORRAM ALOCAÇÃO FUNDO DE INVESTIMENTO EM COTAS DE FIDC - RESPONSABILIDADE LIMITIDA;2026-02-28;1132285;Cotas de Fundos;0;0;56274855;;2026-05-29
CLASSES - FIDC;61.289.877/0001-39;ORRAM ALOCAÇÃO FUNDO DE INVESTIMENTO EM COTAS DE FIDC - RESPONSABILIDADE LIMITIDA;2026-02-28;1132285;Valores a pagar;;;7688;;2026-05-29
CLASSES - FIDC;61.289.877/0001-39;ORRAM ALOCAÇÃO FUNDO DE INVESTIMENTO EM COTAS DE FIDC - RESPONSABILIDADE LIMITIDA;2026-02-28;1132285;Valores a receber;;;938;;2026-05-29
CLASSES - FIDC;61.331.497/0001-15;VERONA FUNDO DE INVESTIMENTOS EM COTAS DE FUNDOS DE INVESTIMENTO EM DIREITOS CREDITORIOS;2026-02-28;1132227;Cotas de Fundos;0;0;45122057;;2026-05-29
CLASSES - FIDC;61.331.497/0001-15;VERONA FUNDO DE INVESTIMENTOS EM COTAS DE FUNDOS DE INVESTIMENTO EM DIREITOS CREDITORIOS;2026-02-28;1132227;Valores a pagar;;;-482697;;2026-05-29
CLASSES - FIDC;61.385.893/0001-25;FUNDO DE INVESTIMENTO EM COTAS DE FIDC SÊNIOR EXODUS INSTITUCIONAL - RESPONSABILIDADE LIMITADA;2026-02-28;1136951;Cotas de Fundos;0;0;216433425;;2026-05-29
CLASSES - FIDC;61.385.893/0001-25;FUNDO DE INVESTIMENTO EM COTAS DE FIDC SÊNIOR EXODUS INSTITUCIONAL - RESPONSABILIDADE LIMITADA;2026-02-28;1136951;Valores a pagar;;;50201;;2026-05-29
CLASSES - FIDC;61.385.893/0001-25;FUNDO DE INVESTIMENTO EM COTAS DE FIDC SÊNIOR EXODUS INSTITUCIONAL - RESPONSABILIDADE LIMITADA;2026-02-28;1136951;Valores a receber;;;811230;;2026-05-29
CLASSES - FIDC;61.653.345/0001-39;ARTESANAL BB I FI EM COTAS DE FI EM DIREITOS CREDITÓRIOS - RESPONSABILIDADE LIMITADA;2026-02-28;1129194;Cotas de Fundos;;;178186589;;2026-05-29
CLASSES - FIDC;61.653.345/0001-39;ARTESANAL BB I FI EM COTAS DE FI EM DIREITOS CREDITÓRIOS - RESPONSABILIDADE LIMITADA;2026-02-28;1129194;Disponibilidades;;;1000;;2026-05-29
CLASSES - FIDC;61.653.345/0001-39;ARTESANAL BB I FI EM COTAS DE FI EM DIREITOS CREDITÓRIOS - RESPONSABILIDADE LIMITADA;2026-02-28;1129194;Valores a pagar;;;635729;;2026-05-29
CLASSES - FIDC;61.653.345/0001-39;ARTESANAL BB I FI EM COTAS DE FI EM DIREITOS CREDITÓRIOS - RESPONSABILIDADE LIMITADA;2026-02-28;1129194;Valores a receber;;;26063;;2026-05-29
CLASSES - FIDC;62.410.525/0001-52;ILLASI FUNDO DE INVESTIMENTO EM COTAS DE FUNDO DE INVESTIMENTO EM DIREITOS CREDITÓRIOS;2026-02-28;1134335;Cotas de Fundos;;;88559369;;2026-05-29
CLASSES - FIDC;62.410.525/0001-52;ILLASI FUNDO DE INVESTIMENTO EM COTAS DE FUNDO DE INVESTIMENTO EM DIREITOS CREDITÓRIOS;2026-02-28;1134335;Disponibilidades;;;4760;;2026-05-29
CLASSES - FIDC;62.410.525/0001-52;ILLASI FUNDO DE INVESTIMENTO EM COTAS DE FUNDO DE INVESTIMENTO EM DIREITOS CREDITÓRIOS;2026-02-28;1134335;Valores a pagar;;;19226;;2026-05-29
CLASSES - FIDC;62.410.525/0001-52;ILLASI FUNDO DE INVESTIMENTO EM COTAS DE FUNDO DE INVESTIMENTO EM DIREITOS CREDITÓRIOS;2026-02-28;1134335;Valores a receber;;;531;;2026-05-29
CLASSES - FIDC;62.895.557/0001-95;SOMMA SIENA FUNDO DE INVESTIMENTO EM COTAS DE FIDC - RESP LIMITADA;2026-02-28;1135903;Cotas de Fundos;;;16201913;;2026-05-29
CLASSES - FIDC;62.895.557/0001-95;SOMMA SIENA FUNDO DE INVESTIMENTO EM COTAS DE FIDC - RESP LIMITADA;2026-02-28;1135903;Disponibilidades;;;1000;;2026-05-29
CLASSES - FIDC;62.895.557/0001-95;SOMMA SIENA FUNDO DE INVESTIMENTO EM COTAS DE FIDC - RESP LIMITADA;2026-02-28;1135903;Operações Compromissadas;;;460167;;2026-05-29
CLASSES - FIDC;62.895.557/0001-95;SOMMA SIENA FUNDO DE INVESTIMENTO EM COTAS DE FIDC - RESP LIMITADA;2026-02-28;1135903;Valores a pagar;;;34197;;2026-05-29
CLASSES - FIDC;62.895.557/0001-95;SOMMA SIENA FUNDO DE INVESTIMENTO EM COTAS DE FIDC - RESP LIMITADA;2026-02-28;1135903;Valores a receber;;;143;;2026-05-29
CLASSES - FIDC;63.974.821/0001-49;ACROSS FUNDO DE INVESTIMENTO EM COTAS DE FUNDO DE INVESTIMENTO EM  DIREITOS CREDITÓRIOS;2026-02-28;1131689;Cotas de Fundos;0;0;10011362;;2026-05-29
CLASSES - FIDC;63.974.821/0001-49;ACROSS FUNDO DE INVESTIMENTO EM COTAS DE FUNDO DE INVESTIMENTO EM  DIREITOS CREDITÓRIOS;2026-02-28;1131689;Valores a pagar;;;28904;;2026-05-29
CLASSES - FIDC;64.642.939/0001-32;VQV FUNDO DE INVESTIMENTO EM COTAS DE FUNDO DE INVESTIMENTO EM DIREITOS  CREDITÓRIOS RESPONSABILIDAD;2026-02-28;1124642;Cotas de Fundos;0;0;6009263;;2026-05-29
CLASSES - FIDC;64.642.939/0001-32;VQV FUNDO DE INVESTIMENTO EM COTAS DE FUNDO DE INVESTIMENTO EM DIREITOS  CREDITÓRIOS RESPONSABILIDAD;2026-02-28;1124642;Valores a pagar;;;25356;;2026-05-29
CLASSES FIIM;38.350.645/0001-27;SAFRA ETF IBOVESPA FUNDO DE INDICE - RESPONSABILIDADE LIMITADA;2026-02-28;1133022;Ações;0;0;12132272;;2026-05-29
CLASSES FIIM;38.350.645/0001-27;SAFRA ETF IBOVESPA FUNDO DE INDICE - RESPONSABILIDADE LIMITADA;2026-02-28;1133022;Ações e outros TVM cedidos em empréstimo;;;10223697;;2026-05-29
CLASSES FIIM;38.350.645/0001-27;SAFRA ETF IBOVESPA FUNDO DE INDICE - RESPONSABILIDADE LIMITADA;2026-02-28;1133022;Certificado ou recibo de depósito de valores mobiliários;0;0;567764;;2026-05-29
CLASSES FIIM;38.350.645/0001-27;SAFRA ETF IBOVESPA FUNDO DE INDICE - RESPONSABILIDADE LIMITADA;2026-02-28;1133022;Mercado Futuro - Posições compradas;0;0;-79051;;2026-05-29
CLASSES FIIM;38.350.645/0001-27;SAFRA ETF IBOVESPA FUNDO DE INDICE - RESPONSABILIDADE LIMITADA;2026-02-28;1133022;Operações Compromissadas;;;5899063;;2026-05-29
CLASSES FIIM;43.210.658/0001-30;SAFRA ETF MULHERES NA LIDERANÇA FUNDO DE ÍNDICE DE AÇÕES INVESTIMENTO SUSTENTÁVEL - RESP LIMITADA;2026-02-28;1133005;Ações;0;0;37555341;;2026-05-29
CLASSES FIIM;43.210.658/0001-30;SAFRA ETF MULHERES NA LIDERANÇA FUNDO DE ÍNDICE DE AÇÕES INVESTIMENTO SUSTENTÁVEL - RESP LIMITADA;2026-02-28;1133005;Ações e outros TVM cedidos em empréstimo;;;58052015;;2026-05-29
CLASSES FIIM;43.210.658/0001-30;SAFRA ETF MULHERES NA LIDERANÇA FUNDO DE ÍNDICE DE AÇÕES INVESTIMENTO SUSTENTÁVEL - RESP LIMITADA;2026-02-28;1133005;Certificado ou recibo de depósito de valores mobiliários;0;0;1236768;;2026-05-29
CLASSES FIIM;43.210.658/0001-30;SAFRA ETF MULHERES NA LIDERANÇA FUNDO DE ÍNDICE DE AÇÕES INVESTIMENTO SUSTENTÁVEL - RESP LIMITADA;2026-02-28;1133005;Mercado Futuro - Posições compradas;0;0;-25041;;2026-05-29
CLASSES FIIM;43.210.658/0001-30;SAFRA ETF MULHERES NA LIDERANÇA FUNDO DE ÍNDICE DE AÇÕES INVESTIMENTO SUSTENTÁVEL - RESP LIMITADA;2026-02-28;1133005;Operações Compromissadas;;;521324;;2026-05-29
CLASSES FIIM;57.091.195/0001-40;SAFRA ETF IBOVESPA EMPRESAS PRIVADAS FUNDO DE INDICE - RESPONSABILIDADE LIMITADA;2026-02-28;1133019;Ações;0;0;21075538;;2026-05-29
CLASSES FIIM;57.091.195/0001-40;SAFRA ETF IBOVESPA EMPRESAS PRIVADAS FUNDO DE INDICE - RESPONSABILIDADE LIMITADA;2026-02-28;1133019;Ações e outros TVM cedidos em empréstimo;;;9953018;;2026-05-29
CLASSES FIIM;57.091.195/0001-40;SAFRA ETF IBOVESPA EMPRESAS PRIVADAS FUNDO DE INDICE - RESPONSABILIDADE LIMITADA;2026-02-28;1133019;Certificado ou recibo de depósito de valores mobiliários;0;0;1715473;;2026-05-29
CLASSES FIIM;57.091.195/0001-40;SAFRA ETF IBOVESPA EMPRESAS PRIVADAS FUNDO DE INDICE - RESPONSABILIDADE LIMITADA;2026-02-28;1133019;Mercado Futuro - Posições compradas;0;0;-7856;;2026-05-29
CLASSES FIIM;57.091.195/0001-40;SAFRA ETF IBOVESPA EMPRESAS PRIVADAS FUNDO DE INDICE - RESPONSABILIDADE LIMITADA;2026-02-28;1133019;Operações Compromissadas;;;135351;;2026-05-29
CLASSES FIIM;57.091.195/0001-40;SAFRA ETF IBOVESPA EMPRESAS PRIVADAS FUNDO DE INDICE - RESPONSABILIDADE LIMITADA;2026-02-28;1133019;Títulos Públicos;0;0;73908;;2026-05-29
CLASSES FIIM;57.091.257/0001-13;SAFRA ETF IBOVESPA EMPRESAS ESTATAIS FUNDO DE INDICE - RESPONSABILIDADE LIMITADA;2026-02-28;1133007;Ações;0;0;8416321;;2026-05-29
CLASSES FIIM;57.091.257/0001-13;SAFRA ETF IBOVESPA EMPRESAS ESTATAIS FUNDO DE INDICE - RESPONSABILIDADE LIMITADA;2026-02-28;1133007;Ações e outros TVM cedidos em empréstimo;;;3793845;;2026-05-29
CLASSES FIIM;57.091.257/0001-13;SAFRA ETF IBOVESPA EMPRESAS ESTATAIS FUNDO DE INDICE - RESPONSABILIDADE LIMITADA;2026-02-28;1133007;Mercado Futuro - Posições compradas;0;0;-7365;;2026-05-29
CLASSES FIIM;57.091.257/0001-13;SAFRA ETF IBOVESPA EMPRESAS ESTATAIS FUNDO DE INDICE - RESPONSABILIDADE LIMITADA;2026-02-28;1133007;Operações Compromissadas;;;28688;;2026-05-29
CLASSES FIIM;57.091.257/0001-13;SAFRA ETF IBOVESPA EMPRESAS ESTATAIS FUNDO DE INDICE - RESPONSABILIDADE LIMITADA;2026-02-28;1133007;Títulos Públicos;0;0;36954;;2026-05-29
CLASSES FIIM;60.553.995/0001-40;ISHARES BOVESPA BR+ CAP 5% B3 CLASSE DE ÍNDICE - RESPONSABILIDADE LIMITADA;2026-02-28;1135583;Ações;65423;0;18269970;;2026-05-29
CLASSES FIIM;60.553.995/0001-40;ISHARES BOVESPA BR+ CAP 5% B3 CLASSE DE ÍNDICE - RESPONSABILIDADE LIMITADA;2026-02-28;1135583;Brazilian Depository Receipt - BDR;;;3036578;;2026-05-29
CLASSES FIIM;60.553.995/0001-40;ISHARES BOVESPA BR+ CAP 5% B3 CLASSE DE ÍNDICE - RESPONSABILIDADE LIMITADA;2026-02-28;1135583;Certificado ou recibo de depósito de valores mobiliários;;;1268562;;2026-05-29
CLASSES FIIM;60.553.995/0001-40;ISHARES BOVESPA BR+ CAP 5% B3 CLASSE DE ÍNDICE - RESPONSABILIDADE LIMITADA;2026-02-28;1135583;Disponibilidades;;;13925;;2026-05-29
CLASSES FIIM;60.553.995/0001-40;ISHARES BOVESPA BR+ CAP 5% B3 CLASSE DE ÍNDICE - RESPONSABILIDADE LIMITADA;2026-02-28;1135583;Mercado Futuro - Posições compradas;;;-3928;;2026-05-29
CLASSES FIIM;60.553.995/0001-40;ISHARES BOVESPA BR+ CAP 5% B3 CLASSE DE ÍNDICE - RESPONSABILIDADE LIMITADA;2026-02-28;1135583;Operações Compromissadas;;;88301;;2026-05-29
CLASSES FIIM;60.553.995/0001-40;ISHARES BOVESPA BR+ CAP 5% B3 CLASSE DE ÍNDICE - RESPONSABILIDADE LIMITADA;2026-02-28;1135583;Outros valores mobiliários registrados na CVM objeto de oferta pública;;;588;;2026-05-29
CLASSES FIIM;60.553.995/0001-40;ISHARES BOVESPA BR+ CAP 5% B3 CLASSE DE ÍNDICE - RESPONSABILIDADE LIMITADA;2026-02-28;1135583;Valores a pagar;;;12838;;2026-05-29
CLASSES FIIM;60.553.995/0001-40;ISHARES BOVESPA BR+ CAP 5% B3 CLASSE DE ÍNDICE - RESPONSABILIDADE LIMITADA;2026-02-28;1135583;Valores a receber;;;241901;;2026-05-29
CLASSES FIIM;60.554.347/0001-08;ISHARES BOVESPA BR+ EQUAL WEIGHT B3 CLASSE DE ÍNDICE - RESPONSABILIDADE LIMITADA;2026-02-28;1135582;Ações;66235;0;18192050;;2026-05-29
CLASSES FIIM;60.554.347/0001-08;ISHARES BOVESPA BR+ EQUAL WEIGHT B3 CLASSE DE ÍNDICE - RESPONSABILIDADE LIMITADA;2026-02-28;1135582;Brazilian Depository Receipt - BDR;;;1576517;;2026-05-29
CLASSES FIIM;60.554.347/0001-08;ISHARES BOVESPA BR+ EQUAL WEIGHT B3 CLASSE DE ÍNDICE - RESPONSABILIDADE LIMITADA;2026-02-28;1135582;Certificado ou recibo de depósito de valores mobiliários;;;1493861;;2026-05-29
CLASSES FIIM;60.554.347/0001-08;ISHARES BOVESPA BR+ EQUAL WEIGHT B3 CLASSE DE ÍNDICE - RESPONSABILIDADE LIMITADA;2026-02-28;1135582;Disponibilidades;;;11702;;2026-05-29
CLASSES FIIM;60.554.347/0001-08;ISHARES BOVESPA BR+ EQUAL WEIGHT B3 CLASSE DE ÍNDICE - RESPONSABILIDADE LIMITADA;2026-02-28;1135582;Mercado Futuro - Posições compradas;;;-2946;;2026-05-29
CLASSES FIIM;60.554.347/0001-08;ISHARES BOVESPA BR+ EQUAL WEIGHT B3 CLASSE DE ÍNDICE - RESPONSABILIDADE LIMITADA;2026-02-28;1135582;Operações Compromissadas;;;57396;;2026-05-29
CLASSES FIIM;60.554.347/0001-08;ISHARES BOVESPA BR+ EQUAL WEIGHT B3 CLASSE DE ÍNDICE - RESPONSABILIDADE LIMITADA;2026-02-28;1135582;Outros valores mobiliários registrados na CVM objeto de oferta pública;;;2272;;2026-05-29
CLASSES FIIM;60.554.347/0001-08;ISHARES BOVESPA BR+ EQUAL WEIGHT B3 CLASSE DE ÍNDICE - RESPONSABILIDADE LIMITADA;2026-02-28;1135582;Valores a pagar;;;12642;;2026-05-29
CLASSES FIIM;60.554.347/0001-08;ISHARES BOVESPA BR+ EQUAL WEIGHT B3 CLASSE DE ÍNDICE - RESPONSABILIDADE LIMITADA;2026-02-28;1135582;Valores a receber;;;211301;;2026-05-29
CLASSES FIIM;61.736.225/0001-03;GENIAL TEVA DEBÊNTURES DI QUALITY HIGH BETA  FUNDO DE ÍNDICE;2026-02-28;1130259;Cotas de Fundos;;;233872;;2026-05-29
CLASSES FIIM;61.736.225/0001-03;GENIAL TEVA DEBÊNTURES DI QUALITY HIGH BETA  FUNDO DE ÍNDICE;2026-02-28;1130259;Debêntures;;;46604046;;2026-05-29
CLASSES FIIM;61.736.225/0001-03;GENIAL TEVA DEBÊNTURES DI QUALITY HIGH BETA  FUNDO DE ÍNDICE;2026-02-28;1130259;Disponibilidades;;;3000;;2026-05-29
CLASSES FIIM;61.736.225/0001-03;GENIAL TEVA DEBÊNTURES DI QUALITY HIGH BETA  FUNDO DE ÍNDICE;2026-02-28;1130259;Títulos Públicos;0;0;441081;;2026-05-29
CLASSES FIIM;61.736.225/0001-03;GENIAL TEVA DEBÊNTURES DI QUALITY HIGH BETA  FUNDO DE ÍNDICE;2026-02-28;1130259;Valores a pagar;;;19120;;2026-05-29
CLASSES FIIM;61.736.225/0001-03;GENIAL TEVA DEBÊNTURES DI QUALITY HIGH BETA  FUNDO DE ÍNDICE;2026-02-28;1130259;Valores a receber;;;26223;;2026-05-29
CLASSES FIIM;61.846.717/0001-43;NU NASDAQ BRAZIL BITCOIN CARRY FUTURES  CLASSE DE ÍNDICE - RESPONSABILIDADE LIMITADA;2026-02-28;1130275;Cotas de Fundos;;;621331;;2026-05-29
CLASSES FIIM;61.846.717/0001-43;NU NASDAQ BRAZIL BITCOIN CARRY FUTURES  CLASSE DE ÍNDICE - RESPONSABILIDADE LIMITADA;2026-02-28;1130275;Disponibilidades;;;3000;;2026-05-29
CLASSES FIIM;61.846.717/0001-43;NU NASDAQ BRAZIL BITCOIN CARRY FUTURES  CLASSE DE ÍNDICE - RESPONSABILIDADE LIMITADA;2026-02-28;1130275;Mercado Futuro - Posições compradas;;;-73162;;2026-05-29
CLASSES FIIM;61.846.717/0001-43;NU NASDAQ BRAZIL BITCOIN CARRY FUTURES  CLASSE DE ÍNDICE - RESPONSABILIDADE LIMITADA;2026-02-28;1130275;Títulos Públicos;1334972;0;2119376;;2026-05-29
CLASSES FIIM;61.846.717/0001-43;NU NASDAQ BRAZIL BITCOIN CARRY FUTURES  CLASSE DE ÍNDICE - RESPONSABILIDADE LIMITADA;2026-02-28;1130275;Valores a pagar;;;13719;;2026-05-29
CLASSES FIIM;61.846.717/0001-43;NU NASDAQ BRAZIL BITCOIN CARRY FUTURES  CLASSE DE ÍNDICE - RESPONSABILIDADE LIMITADA;2026-02-28;1130275;Valores a receber;;;8493;;2026-05-29
CLASSES FIIM;62.211.601/0001-09;BUENA VISTA NEOS GOLD HIGH INCOME INDEX FUNDO DE ÍNDICE DE RESPONSABILIDADE LIMITADA;2026-02-28;1133804;Investimento no Exterior;0;3343675;36235286;;2026-05-29
CLASSES FIIM;62.344.693/0001-97;NU IBOXX HIGH YIELD HEDGE CARRY BRL CLASSE  DE ÍNDICE - RESPONSABILIDADE LIMITADA;2026-02-28;1130289;Brazilian Depository Receipt - BDR;;;921919;;2026-05-29
CLASSES FIIM;62.344.693/0001-97;NU IBOXX HIGH YIELD HEDGE CARRY BRL CLASSE  DE ÍNDICE - RESPONSABILIDADE LIMITADA;2026-02-28;1130289;Cotas de Fundos;;;1203935;;2026-05-29
CLASSES FIIM;62.344.693/0001-97;NU IBOXX HIGH YIELD HEDGE CARRY BRL CLASSE  DE ÍNDICE - RESPONSABILIDADE LIMITADA;2026-02-28;1130289;Disponibilidades;;;42866;;2026-05-29
CLASSES FIIM;62.344.693/0001-97;NU IBOXX HIGH YIELD HEDGE CARRY BRL CLASSE  DE ÍNDICE - RESPONSABILIDADE LIMITADA;2026-02-28;1130289;Investimento no Exterior;;;17548670;;2026-05-29
CLASSES FIIM;62.344.693/0001-97;NU IBOXX HIGH YIELD HEDGE CARRY BRL CLASSE  DE ÍNDICE - RESPONSABILIDADE LIMITADA;2026-02-28;1130289;Mercado Futuro - Posições vendidas;;;15766;;2026-05-29
CLASSES FIIM;62.344.693/0001-97;NU IBOXX HIGH YIELD HEDGE CARRY BRL CLASSE  DE ÍNDICE - RESPONSABILIDADE LIMITADA;2026-02-28;1130289;Títulos Públicos;1372606;2933049;6677187;;2026-05-29
CLASSES FIIM;62.344.693/0001-97;NU IBOXX HIGH YIELD HEDGE CARRY BRL CLASSE  DE ÍNDICE - RESPONSABILIDADE LIMITADA;2026-02-28;1130289;Valores a pagar;;;7027;;2026-05-29
CLASSES FIIM;62.344.693/0001-97;NU IBOXX HIGH YIELD HEDGE CARRY BRL CLASSE  DE ÍNDICE - RESPONSABILIDADE LIMITADA;2026-02-28;1130289;Valores a receber;;;8687;;2026-05-29
CLASSES FIIM;62.344.793/0001-13;NU IBOXX INVESTMENT GRADE HEDGE CARRY BRL  CLASSE DE ÍNDICE - RESPONSABILIDADE LIMITADA;2026-02-28;1130276;Brazilian Depository Receipt - BDR;;;264402;;2026-05-29
CLASSES FIIM;62.344.793/0001-13;NU IBOXX INVESTMENT GRADE HEDGE CARRY BRL  CLASSE DE ÍNDICE - RESPONSABILIDADE LIMITADA;2026-02-28;1130276;Cotas de Fundos;;;417368;;2026-05-29
CLASSES FIIM;62.344.793/0001-13;NU IBOXX INVESTMENT GRADE HEDGE CARRY BRL  CLASSE DE ÍNDICE - RESPONSABILIDADE LIMITADA;2026-02-28;1130276;Disponibilidades;;;15161;;2026-05-29
CLASSES FIIM;62.344.793/0001-13;NU IBOXX INVESTMENT GRADE HEDGE CARRY BRL  CLASSE DE ÍNDICE - RESPONSABILIDADE LIMITADA;2026-02-28;1130276;Investimento no Exterior;;;2906574;;2026-05-29
CLASSES FIIM;62.344.793/0001-13;NU IBOXX INVESTMENT GRADE HEDGE CARRY BRL  CLASSE DE ÍNDICE - RESPONSABILIDADE LIMITADA;2026-02-28;1130276;Mercado Futuro - Posições vendidas;;;2686;;2026-05-29
CLASSES FIIM;62.344.793/0001-13;NU IBOXX INVESTMENT GRADE HEDGE CARRY BRL  CLASSE DE ÍNDICE - RESPONSABILIDADE LIMITADA;2026-02-28;1130276;Títulos Públicos;0;0;6972311;;2026-05-29
CLASSES FIIM;62.344.793/0001-13;NU IBOXX INVESTMENT GRADE HEDGE CARRY BRL  CLASSE DE ÍNDICE - RESPONSABILIDADE LIMITADA;2026-02-28;1130276;Valores a pagar;;;3129;;2026-05-29
CLASSES FIIM;62.344.793/0001-13;NU IBOXX INVESTMENT GRADE HEDGE CARRY BRL  CLASSE DE ÍNDICE - RESPONSABILIDADE LIMITADA;2026-02-28;1130276;Valores a receber;;;8502;;2026-05-29
CLASSES FIIM;63.001.985/0001-90;NU CDI TESOURO SELIC B3 CLASSE DE ÍNDICE - RESPONSABILIDADE LIMITADA;2026-02-28;1130236;Cotas de Fundos;;;1240288;;2026-05-29
CLASSES FIIM;63.001.985/0001-90;NU CDI TESOURO SELIC B3 CLASSE DE ÍNDICE - RESPONSABILIDADE LIMITADA;2026-02-28;1130236;Disponibilidades;;;3000;;2026-05-29
CLASSES FIIM;63.001.985/0001-90;NU CDI TESOURO SELIC B3 CLASSE DE ÍNDICE - RESPONSABILIDADE LIMITADA;2026-02-28;1130236;Títulos Públicos;0;30589818;67074428;;2026-05-29
CLASSES FIIM;63.001.985/0001-90;NU CDI TESOURO SELIC B3 CLASSE DE ÍNDICE - RESPONSABILIDADE LIMITADA;2026-02-28;1130236;Valores a pagar;;;9635;;2026-05-29
CLASSES FIIM;63.001.985/0001-90;NU CDI TESOURO SELIC B3 CLASSE DE ÍNDICE - RESPONSABILIDADE LIMITADA;2026-02-28;1130236;Valores a receber;;;7127;;2026-05-29
CLASSES FIIM;63.209.544/0001-88;BUENA VISTA DEX NEOS INTERNATIONAL HIGH INCOME FUNDO DE ÍNDICE DE RESPONSABILIDADE LIMITADA;2026-02-28;1133806;Investimento no Exterior;0;0;9019338;;2026-05-29
CLASSES FIIM;63.428.769/0001-25;GENIAL TEVA AÇÕES HIGH BETA CLASSE DE ÍNDICE RESP LIMITADA;2026-02-28;1130290;Ações;21191;85006;5233593;;2026-05-29
CLASSES FIIM;63.428.769/0001-25;GENIAL TEVA AÇÕES HIGH BETA CLASSE DE ÍNDICE RESP LIMITADA;2026-02-28;1130290;Brazilian Depository Receipt - BDR;;;990847;;2026-05-29
CLASSES FIIM;63.428.769/0001-25;GENIAL TEVA AÇÕES HIGH BETA CLASSE DE ÍNDICE RESP LIMITADA;2026-02-28;1130290;Certificado ou recibo de depósito de valores mobiliários;;;176673;;2026-05-29
CLASSES FIIM;63.428.769/0001-25;GENIAL TEVA AÇÕES HIGH BETA CLASSE DE ÍNDICE RESP LIMITADA;2026-02-28;1130290;Cotas de Fundos;;;44073;;2026-05-29
CLASSES FIIM;63.428.769/0001-25;GENIAL TEVA AÇÕES HIGH BETA CLASSE DE ÍNDICE RESP LIMITADA;2026-02-28;1130290;Disponibilidades;;;3000;;2026-05-29
CLASSES FIIM;63.428.769/0001-25;GENIAL TEVA AÇÕES HIGH BETA CLASSE DE ÍNDICE RESP LIMITADA;2026-02-28;1130290;Valores a pagar;;;4140;;2026-05-29
CLASSES FIIM;63.428.769/0001-25;GENIAL TEVA AÇÕES HIGH BETA CLASSE DE ÍNDICE RESP LIMITADA;2026-02-28;1130290;Valores a receber;;;65803;;2026-05-29
CLASSES FIIM;63.715.020/0001-69;TREND ETF B3 OURO CLASSE DE ÍNDICE - RESPONSABILIDADE LIMITADA;2026-02-28;1130277;Cotas de Fundos;;;27324057;;2026-05-29
CLASSES FIIM;63.715.020/0001-69;TREND ETF B3 OURO CLASSE DE ÍNDICE - RESPONSABILIDADE LIMITADA;2026-02-28;1130277;Disponibilidades;;;3000;;2026-05-29
CLASSES FIIM;63.715.020/0001-69;TREND ETF B3 OURO CLASSE DE ÍNDICE - RESPONSABILIDADE LIMITADA;2026-02-28;1130277;Mercado Futuro - Posições compradas;;;1622427;;2026-05-29
CLASSES FIIM;63.715.020/0001-69;TREND ETF B3 OURO CLASSE DE ÍNDICE - RESPONSABILIDADE LIMITADA;2026-02-28;1130277;Títulos Públicos;0;112082965;143250705;;2026-05-29
CLASSES FIIM;63.715.020/0001-69;TREND ETF B3 OURO CLASSE DE ÍNDICE - RESPONSABILIDADE LIMITADA;2026-02-28;1130277;Valores a pagar;;;18792;;2026-05-29
CLASSES FIIM;63.715.020/0001-69;TREND ETF B3 OURO CLASSE DE ÍNDICE - RESPONSABILIDADE LIMITADA;2026-02-28;1130277;Valores a receber;;;70330;;2026-05-29
CLASSES FIIM;63.734.820/0001-27;NU LETRAS FINANCEIRAS ANBIMA CLASSE DE  ÍNDICE - RESPONSABILIDADE LIMITADA;2026-02-28;1130237;Cotas de Fundos;;;417412;;2026-05-29
CLASSES FIIM;63.734.820/0001-27;NU LETRAS FINANCEIRAS ANBIMA CLASSE DE  ÍNDICE - RESPONSABILIDADE LIMITADA;2026-02-28;1130237;Disponibilidades;;;3000;;2026-05-29
CLASSES FIIM;63.734.820/0001-27;NU LETRAS FINANCEIRAS ANBIMA CLASSE DE  ÍNDICE - RESPONSABILIDADE LIMITADA;2026-02-28;1130237;Valores a pagar;;;14068;;2026-05-29
CLASSES FIIM;63.734.820/0001-27;NU LETRAS FINANCEIRAS ANBIMA CLASSE DE  ÍNDICE - RESPONSABILIDADE LIMITADA;2026-02-28;1130237;Valores a receber;;;7290;;2026-05-29
CLASSES FIIM;63.747.287/0001-38;TREND ETF S&P 500 QUANTO CLASSE DE ÍNDICE - RESPONSABILIDADE LIMITADA;2026-02-28;1130238;Cotas de Fundos;;;7053714;;2026-05-29
CLASSES FIIM;63.747.287/0001-38;TREND ETF S&P 500 QUANTO CLASSE DE ÍNDICE - RESPONSABILIDADE LIMITADA;2026-02-28;1130238;Disponibilidades;;;3000;;2026-05-29
CLASSES FIIM;63.747.287/0001-38;TREND ETF S&P 500 QUANTO CLASSE DE ÍNDICE - RESPONSABILIDADE LIMITADA;2026-02-28;1130238;Mercado Futuro - Posições compradas;;;-190706;;2026-05-29
CLASSES FIIM;63.747.287/0001-38;TREND ETF S&P 500 QUANTO CLASSE DE ÍNDICE - RESPONSABILIDADE LIMITADA;2026-02-28;1130238;Títulos Públicos;0;36084215;38498795;;2026-05-29
CLASSES FIIM;63.747.287/0001-38;TREND ETF S&P 500 QUANTO CLASSE DE ÍNDICE - RESPONSABILIDADE LIMITADA;2026-02-28;1130238;Valores a pagar;;;24392;;2026-05-29
CLASSES FIIM;63.747.287/0001-38;TREND ETF S&P 500 QUANTO CLASSE DE ÍNDICE - RESPONSABILIDADE LIMITADA;2026-02-28;1130238;Valores a receber;;;7091;;2026-05-29
CLASSES FIIM;63.747.438/0001-58;TREND ETF S&P / B3 DOLAR CLASSE DE ÍNDICE - RESPONSABILIDADE LIMITADA;2026-02-28;1130278;Cotas de Fundos;;;462286;;2026-05-29
CLASSES FIIM;63.747.438/0001-58;TREND ETF S&P / B3 DOLAR CLASSE DE ÍNDICE - RESPONSABILIDADE LIMITADA;2026-02-28;1130278;Disponibilidades;;;3000;;2026-05-29
CLASSES FIIM;63.747.438/0001-58;TREND ETF S&P / B3 DOLAR CLASSE DE ÍNDICE - RESPONSABILIDADE LIMITADA;2026-02-28;1130278;Mercado Futuro - Posições compradas;;;-5946;;2026-05-29
CLASSES FIIM;63.747.438/0001-58;TREND ETF S&P / B3 DOLAR CLASSE DE ÍNDICE - RESPONSABILIDADE LIMITADA;2026-02-28;1130278;Títulos Públicos;0;4233934;6553256;;2026-05-29
CLASSES FIIM;63.747.438/0001-58;TREND ETF S&P / B3 DOLAR CLASSE DE ÍNDICE - RESPONSABILIDADE LIMITADA;2026-02-28;1130278;Valores a pagar;;;638;;2026-05-29
CLASSES FIIM;63.747.438/0001-58;TREND ETF S&P / B3 DOLAR CLASSE DE ÍNDICE - RESPONSABILIDADE LIMITADA;2026-02-28;1130278;Valores a receber;;;7091;;2026-05-29
CLASSES FIIM;63.829.366/0001-98;BUENA VISTA DEX VETTAFI NEOS ETHEREUM HIGH INCOME FUNDO DE ÍNDICE DE RESPONSABILIDADE LIMITADA;2026-02-28;1133805;Investimento no Exterior;0;13506997;20967772;;2026-05-29
CLASSES FIIM;64.423.976/0001-50;BUENA VISTA DEX VETTAFI NEOS ENERGY INFRASTRUCTURE HIGH INCOME FUNDO DE ÍNDICE DE RESPONSABILIDADE L;2026-02-28;1133808;Investimento no Exterior;0;8973030;8984864;;2026-05-29
